# WARNING | PUMAS | Some species, Na, do not have optimized correlated-k tables for the defined moderate resolutions, and will be analyzed at sub-par resolutions. In particular, there will be issues at the line cores.
# ------------------------------------------------------------------------
# Radiance spectrum
# NASA-GSFC Planetary Spectrum Generator (PSG) (Villanueva et al. 2018, 2022)
# Synthesized on Thu Jul 30 21:33:58 2026
# Doppler velocities [km/s] (vobs,vrot+vorb,vwidth,vrfl,vstr): -49.51300,-0.00000,1.84000,-0.00000,-0.00000
# ------------------------------------------------------------------------
# Spectra synthesized with the Planetary and Universal Model of Atmospheric Scattering (PUMAS, Villanueva et al. 2018, 2022)
# Single scattering radiative transfer method
# Radiative transfer took 3.250 seconds
# ------------------------------------------------------------------------
# Spectral unit: Wavelength [um]
# Radiance unit: Contrast [radiance ratio w.r.t. parent star]
# Wave/freq Total Noise Stellar WASP-17b Transit
8.000000000e-01  1.9352023e-02  3.74870e-04  1.00000e+00  1.93514e-02  1.93592e-02
8.002666667e-01  1.9353100e-02  3.74829e-04  1.00000e+00  1.93523e-02  1.93602e-02
8.005334222e-01  1.9354309e-02  3.74750e-04  1.00000e+00  1.93534e-02  1.93613e-02
8.008002667e-01  1.9355660e-02  3.74692e-04  1.00000e+00  1.93546e-02  1.93625e-02
8.010672001e-01  1.9357166e-02  3.74654e-04  1.00000e+00  1.93560e-02  1.93639e-02
8.013342225e-01  1.9358837e-02  3.74632e-04  1.00000e+00  1.93575e-02  1.93654e-02
8.016013339e-01  1.9360676e-02  3.74623e-04  1.00000e+00  1.93592e-02  1.93671e-02
8.018685344e-01  1.9362682e-02  3.74623e-04  1.00000e+00  1.93611e-02  1.93690e-02
8.021358239e-01  1.9364855e-02  3.74631e-04  1.00000e+00  1.93632e-02  1.93710e-02
8.024032025e-01  1.9367203e-02  3.74644e-04  1.00000e+00  1.93653e-02  1.93732e-02
8.026706702e-01  1.9369750e-02  3.74660e-04  1.00000e+00  1.93677e-02  1.93756e-02
8.029382271e-01  1.9372535e-02  3.74680e-04  1.00000e+00  1.93702e-02  1.93781e-02
8.032058732e-01  1.9375605e-02  3.74702e-04  1.00000e+00  1.93730e-02  1.93809e-02
8.034736085e-01  1.9379004e-02  3.74728e-04  1.00000e+00  1.93761e-02  1.93840e-02
8.037414330e-01  1.9382762e-02  3.74756e-04  1.00000e+00  1.93794e-02  1.93874e-02
8.040093468e-01  1.9386871e-02  3.74788e-04  1.00000e+00  1.93832e-02  1.93911e-02
8.042773499e-01  1.9391282e-02  3.74823e-04  1.00000e+00  1.93873e-02  1.93952e-02
8.045454424e-01  1.9395897e-02  3.74859e-04  1.00000e+00  1.93917e-02  1.93996e-02
8.048136242e-01  1.9400577e-02  3.74897e-04  1.00000e+00  1.93963e-02  1.94042e-02
8.050818954e-01  1.9405166e-02  3.74935e-04  1.00000e+00  1.94010e-02  1.94089e-02
8.053502560e-01  1.9409513e-02  3.74970e-04  1.00000e+00  1.94057e-02  1.94136e-02
8.056187061e-01  1.9413502e-02  3.75002e-04  1.00000e+00  1.94102e-02  1.94181e-02
8.058872457e-01  1.9417064e-02  3.75030e-04  1.00000e+00  1.94145e-02  1.94223e-02
8.061558748e-01  1.9420178e-02  3.75052e-04  1.00000e+00  1.94183e-02  1.94261e-02
8.064245934e-01  1.9422861e-02  3.75069e-04  1.00000e+00  1.94217e-02  1.94295e-02
8.066934016e-01  1.9425155e-02  3.75081e-04  1.00000e+00  1.94247e-02  1.94325e-02
8.069622994e-01  1.9427108e-02  3.75087e-04  1.00000e+00  1.94273e-02  1.94351e-02
8.072312868e-01  1.9428769e-02  3.75089e-04  1.00000e+00  1.94295e-02  1.94373e-02
8.075003639e-01  1.9430180e-02  3.75086e-04  1.00000e+00  1.94315e-02  1.94393e-02
8.077695307e-01  1.9431375e-02  3.75078e-04  1.00000e+00  1.94333e-02  1.94411e-02
8.080387872e-01  1.9432372e-02  3.75066e-04  1.00000e+00  1.94349e-02  1.94426e-02
8.083081335e-01  1.9433167e-02  3.75050e-04  1.00000e+00  1.94362e-02  1.94439e-02
8.085775695e-01  1.9433723e-02  3.75029e-04  1.00000e+00  1.94373e-02  1.94449e-02
8.088470954e-01  1.9433964e-02  3.75005e-04  1.00000e+00  1.94380e-02  1.94456e-02
8.091167111e-01  1.9433767e-02  3.74978e-04  1.00000e+00  1.94383e-02  1.94459e-02
8.093864167e-01  1.9432967e-02  3.74946e-04  1.00000e+00  1.94380e-02  1.94456e-02
8.096562121e-01  1.9431360e-02  3.74911e-04  1.00000e+00  1.94370e-02  1.94445e-02
8.099260975e-01  1.9428719e-02  3.74871e-04  1.00000e+00  1.94350e-02  1.94426e-02
8.101960729e-01  1.9424791e-02  3.74824e-04  1.00000e+00  1.94320e-02  1.94395e-02
8.104661383e-01  1.9419309e-02  3.74770e-04  1.00000e+00  1.94277e-02  1.94352e-02
8.107362936e-01  1.9411982e-02  3.74706e-04  1.00000e+00  1.94219e-02  1.94293e-02
8.110065391e-01  1.9402485e-02  3.74629e-04  1.00000e+00  1.94142e-02  1.94217e-02
8.112768746e-01  1.9390470e-02  3.74536e-04  1.00000e+00  1.94046e-02  1.94120e-02
8.115473002e-01  1.9375581e-02  3.74423e-04  1.00000e+00  1.93926e-02  1.94000e-02
8.118178160e-01  1.9357493e-02  3.74286e-04  1.00000e+00  1.93780e-02  1.93853e-02
8.120884219e-01  1.9335983e-02  3.74120e-04  1.00000e+00  1.93604e-02  1.93677e-02
8.123591181e-01  1.9310978e-02  3.73922e-04  1.00000e+00  1.93396e-02  1.93469e-02
8.126299044e-01  1.9282600e-02  3.73692e-04  1.00000e+00  1.93155e-02  1.93228e-02
8.129007811e-01  1.9251151e-02  3.73429e-04  1.00000e+00  1.92882e-02  1.92954e-02
8.131717480e-01  1.9217060e-02  3.73135e-04  1.00000e+00  1.92578e-02  1.92650e-02
8.134428052e-01  1.9180803e-02  3.72815e-04  1.00000e+00  1.92247e-02  1.92318e-02
8.137139528e-01  1.9142829e-02  3.72473e-04  1.00000e+00  1.91893e-02  1.91964e-02
8.139851908e-01  1.9103540e-02  3.72111e-04  1.00000e+00  1.91521e-02  1.91591e-02
8.142565192e-01  1.9063320e-02  3.71735e-04  1.00000e+00  1.91135e-02  1.91205e-02
8.145279381e-01  1.9022644e-02  3.71348e-04  1.00000e+00  1.90740e-02  1.90809e-02
8.147994474e-01  1.8982230e-02  3.70953e-04  1.00000e+00  1.90342e-02  1.90410e-02
8.150710472e-01  1.8943179e-02  3.70557e-04  1.00000e+00  1.89949e-02  1.90016e-02
8.153427375e-01  1.8907039e-02  3.70167e-04  1.00000e+00  1.89571e-02  1.89637e-02
8.156145185e-01  1.8875745e-02  3.69796e-04  1.00000e+00  1.89224e-02  1.89289e-02
8.158863900e-01  1.8851400e-02  3.69457e-04  1.00000e+00  1.88927e-02  1.88991e-02
8.161583521e-01  1.8835928e-02  3.69168e-04  1.00000e+00  1.88698e-02  1.88760e-02
8.164304049e-01  1.8830685e-02  3.68943e-04  1.00000e+00  1.88555e-02  1.88615e-02
8.167025483e-01  1.8836140e-02  3.68792e-04  1.00000e+00  1.88508e-02  1.88567e-02
8.169747825e-01  1.8851745e-02  3.68721e-04  1.00000e+00  1.88562e-02  1.88618e-02
8.172471075e-01  1.8876025e-02  3.68728e-04  1.00000e+00  1.88708e-02  1.88762e-02
8.175195232e-01  1.8906878e-02  3.68806e-04  1.00000e+00  1.88933e-02  1.88985e-02
8.177920297e-01  1.8942001e-02  3.68943e-04  1.00000e+00  1.89215e-02  1.89266e-02
8.180646270e-01  1.8979303e-02  3.69130e-04  1.00000e+00  1.89532e-02  1.89582e-02
8.183373152e-01  1.9017191e-02  3.69356e-04  1.00000e+00  1.89865e-02  1.89913e-02
8.186100943e-01  1.9054664e-02  3.69617e-04  1.00000e+00  1.90197e-02  1.90244e-02
8.188829644e-01  1.9091166e-02  3.69911e-04  1.00000e+00  1.90520e-02  1.90568e-02
8.191559253e-01  1.9126225e-02  3.70238e-04  1.00000e+00  1.90831e-02  1.90879e-02
8.194289773e-01  1.9159009e-02  3.70594e-04  1.00000e+00  1.91127e-02  1.91176e-02
8.197021203e-01  1.9187919e-02  3.70968e-04  1.00000e+00  1.91403e-02  1.91454e-02
8.199753544e-01  1.9210411e-02  3.71341e-04  1.00000e+00  1.91649e-02  1.91702e-02
8.202486795e-01  1.9223154e-02  3.71681e-04  1.00000e+00  1.91843e-02  1.91898e-02
8.205220957e-01  1.9222599e-02  3.71950e-04  1.00000e+00  1.91957e-02  1.92014e-02
8.207956031e-01  1.9205876e-02  3.72107e-04  1.00000e+00  1.91961e-02  1.92020e-02
8.210692016e-01  1.9171842e-02  3.72118e-04  1.00000e+00  1.91826e-02  1.91888e-02
8.213428913e-01  1.9122006e-02  3.71965e-04  1.00000e+00  1.91541e-02  1.91605e-02
8.216166723e-01  1.9060996e-02  3.71656e-04  1.00000e+00  1.91115e-02  1.91181e-02
8.218905445e-01  1.8996291e-02  3.71226e-04  1.00000e+00  1.90586e-02  1.90653e-02
8.221645080e-01  1.8937118e-02  3.70738e-04  1.00000e+00  1.90017e-02  1.90085e-02
8.224385629e-01  1.8892679e-02  3.70274e-04  1.00000e+00  1.89486e-02  1.89556e-02
8.227127091e-01  1.8870120e-02  3.69914e-04  1.00000e+00  1.89074e-02  1.89145e-02
8.229869466e-01  1.8872861e-02  3.69728e-04  1.00000e+00  1.88846e-02  1.88918e-02
8.232612756e-01  1.8899832e-02  3.69751e-04  1.00000e+00  1.88836e-02  1.88910e-02
8.235356960e-01  1.8945853e-02  3.69984e-04  1.00000e+00  1.89042e-02  1.89117e-02
8.238102079e-01  1.9003067e-02  3.70391e-04  1.00000e+00  1.89426e-02  1.89502e-02
8.240848113e-01  1.9062875e-02  3.70910e-04  1.00000e+00  1.89925e-02  1.90002e-02
8.243595063e-01  1.9117802e-02  3.71471e-04  1.00000e+00  1.90466e-02  1.90544e-02
8.246342928e-01  1.9162717e-02  3.72008e-04  1.00000e+00  1.90982e-02  1.91062e-02
8.249091709e-01  1.9195212e-02  3.72471e-04  1.00000e+00  1.91425e-02  1.91506e-02
8.251841406e-01  1.9215204e-02  3.72833e-04  1.00000e+00  1.91766e-02  1.91847e-02
8.254592020e-01  1.9224100e-02  3.73085e-04  1.00000e+00  1.91996e-02  1.92079e-02
8.257343550e-01  1.9223894e-02  3.73233e-04  1.00000e+00  1.92122e-02  1.92205e-02
8.260095998e-01  1.9216521e-02  3.73290e-04  1.00000e+00  1.92157e-02  1.92241e-02
8.262849364e-01  1.9203607e-02  3.73271e-04  1.00000e+00  1.92117e-02  1.92201e-02
8.265603647e-01  1.9186551e-02  3.73191e-04  1.00000e+00  1.92016e-02  1.92101e-02
8.268358848e-01  1.9166795e-02  3.73065e-04  1.00000e+00  1.91869e-02  1.91955e-02
8.271114968e-01  1.9146061e-02  3.72907e-04  1.00000e+00  1.91692e-02  1.91778e-02
8.273872006e-01  1.9126391e-02  3.72735e-04  1.00000e+00  1.91502e-02  1.91588e-02
8.276629963e-01  1.9109964e-02  3.72567e-04  1.00000e+00  1.91318e-02  1.91405e-02
8.279388840e-01  1.9098745e-02  3.72424e-04  1.00000e+00  1.91161e-02  1.91249e-02
8.282148636e-01  1.9094107e-02  3.72323e-04  1.00000e+00  1.91050e-02  1.91138e-02
8.284909352e-01  1.9096557e-02  3.72277e-04  1.00000e+00  1.90997e-02  1.91085e-02
8.287670989e-01  1.9105660e-02  3.72292e-04  1.00000e+00  1.91007e-02  1.91096e-02
8.290433546e-01  1.9120152e-02  3.72368e-04  1.00000e+00  1.91078e-02  1.91167e-02
8.293197024e-01  1.9138208e-02  3.72494e-04  1.00000e+00  1.91201e-02  1.91290e-02
8.295961423e-01  1.9157784e-02  3.72658e-04  1.00000e+00  1.91359e-02  1.91449e-02
8.298726743e-01  1.9176955e-02  3.72843e-04  1.00000e+00  1.91535e-02  1.91625e-02
8.301492985e-01  1.9194204e-02  3.73031e-04  1.00000e+00  1.91712e-02  1.91803e-02
8.304260150e-01  1.9208619e-02  3.73210e-04  1.00000e+00  1.91877e-02  1.91968e-02
8.307028236e-01  1.9219993e-02  3.73370e-04  1.00000e+00  1.92019e-02  1.92112e-02
8.309797246e-01  1.9228803e-02  3.73506e-04  1.00000e+00  1.92137e-02  1.92230e-02
8.312567178e-01  1.9236069e-02  3.73622e-04  1.00000e+00  1.92233e-02  1.92327e-02
8.315338034e-01  1.9243111e-02  3.73724e-04  1.00000e+00  1.92316e-02  1.92410e-02
8.318109813e-01  1.9251239e-02  3.73822e-04  1.00000e+00  1.92396e-02  1.92490e-02
8.320882517e-01  1.9261463e-02  3.73926e-04  1.00000e+00  1.92483e-02  1.92578e-02
8.323656144e-01  1.9274285e-02  3.74044e-04  1.00000e+00  1.92588e-02  1.92684e-02
8.326430696e-01  1.9289646e-02  3.74182e-04  1.00000e+00  1.92715e-02  1.92811e-02
8.329206173e-01  1.9307008e-02  3.74340e-04  1.00000e+00  1.92864e-02  1.92960e-02
8.331982575e-01  1.9325531e-02  3.74515e-04  1.00000e+00  1.93031e-02  1.93128e-02
8.334759903e-01  1.9344274e-02  3.74700e-04  1.00000e+00  1.93210e-02  1.93308e-02
8.337538156e-01  1.9362356e-02  3.74887e-04  1.00000e+00  1.93393e-02  1.93491e-02
8.340317335e-01  1.9379060e-02  3.75069e-04  1.00000e+00  1.93571e-02  1.93670e-02
8.343097441e-01  1.9393878e-02  3.75239e-04  1.00000e+00  1.93739e-02  1.93838e-02
8.345878474e-01  1.9406536e-02  3.75392e-04  1.00000e+00  1.93889e-02  1.93989e-02
8.348660433e-01  1.9416991e-02  3.75526e-04  1.00000e+00  1.94021e-02  1.94121e-02
8.351443320e-01  1.9425409e-02  3.75640e-04  1.00000e+00  1.94131e-02  1.94231e-02
8.354227134e-01  1.9432120e-02  3.75735e-04  1.00000e+00  1.94221e-02  1.94322e-02
8.357011877e-01  1.9437543e-02  3.75815e-04  1.00000e+00  1.94294e-02  1.94395e-02
8.359797547e-01  1.9442099e-02  3.75882e-04  1.00000e+00  1.94352e-02  1.94453e-02
8.362584147e-01  1.9446141e-02  3.75942e-04  1.00000e+00  1.94400e-02  1.94502e-02
8.365371675e-01  1.9449918e-02  3.75998e-04  1.00000e+00  1.94441e-02  1.94544e-02
8.368160132e-01  1.9453572e-02  3.76052e-04  1.00000e+00  1.94479e-02  1.94582e-02
8.370949518e-01  1.9457162e-02  3.76105e-04  1.00000e+00  1.94515e-02  1.94618e-02
8.373739835e-01  1.9460696e-02  3.76159e-04  1.00000e+00  1.94550e-02  1.94654e-02
8.376531082e-01  1.9464157e-02  3.76213e-04  1.00000e+00  1.94585e-02  1.94689e-02
8.379323259e-01  1.9467517e-02  3.76267e-04  1.00000e+00  1.94620e-02  1.94725e-02
8.382116366e-01  1.9470733e-02  3.76319e-04  1.00000e+00  1.94655e-02  1.94759e-02
8.384910405e-01  1.9473755e-02  3.76368e-04  1.00000e+00  1.94688e-02  1.94793e-02
8.387705375e-01  1.9476528e-02  3.76416e-04  1.00000e+00  1.94720e-02  1.94826e-02
8.390501277e-01  1.9479004e-02  3.76459e-04  1.00000e+00  1.94750e-02  1.94856e-02
8.393298111e-01  1.9481161e-02  3.76499e-04  1.00000e+00  1.94777e-02  1.94884e-02
8.396095877e-01  1.9483016e-02  3.76534e-04  1.00000e+00  1.94801e-02  1.94908e-02
8.398894576e-01  1.9484627e-02  3.76565e-04  1.00000e+00  1.94822e-02  1.94930e-02
8.401694207e-01  1.9486090e-02  3.76593e-04  1.00000e+00  1.94841e-02  1.94948e-02
8.404494772e-01  1.9487514e-02  3.76618e-04  1.00000e+00  1.94857e-02  1.94965e-02
8.407296270e-01  1.9488995e-02  3.76643e-04  1.00000e+00  1.94873e-02  1.94981e-02
8.410098702e-01  1.9490589e-02  3.76667e-04  1.00000e+00  1.94888e-02  1.94996e-02
8.412902068e-01  1.9492293e-02  3.76693e-04  1.00000e+00  1.94904e-02  1.95012e-02
8.415706369e-01  1.9494050e-02  3.76719e-04  1.00000e+00  1.94920e-02  1.95029e-02
8.418511605e-01  1.9495769e-02  3.76747e-04  1.00000e+00  1.94936e-02  1.95045e-02
8.421317775e-01  1.9497353e-02  3.76775e-04  1.00000e+00  1.94952e-02  1.95061e-02
8.424124881e-01  1.9498740e-02  3.76803e-04  1.00000e+00  1.94967e-02  1.95077e-02
8.426932923e-01  1.9499928e-02  3.76830e-04  1.00000e+00  1.94980e-02  1.95090e-02
8.429741900e-01  1.9500975e-02  3.76856e-04  1.00000e+00  1.94992e-02  1.95103e-02
8.432551814e-01  1.9501983e-02  3.76881e-04  1.00000e+00  1.95003e-02  1.95114e-02
8.435362665e-01  1.9503064e-02  3.76906e-04  1.00000e+00  1.95013e-02  1.95125e-02
8.438174452e-01  1.9504301e-02  3.76931e-04  1.00000e+00  1.95025e-02  1.95137e-02
8.440987177e-01  1.9505720e-02  3.76957e-04  1.00000e+00  1.95038e-02  1.95150e-02
8.443800840e-01  1.9507286e-02  3.76984e-04  1.00000e+00  1.95052e-02  1.95165e-02
8.446615440e-01  1.9508912e-02  3.77012e-04  1.00000e+00  1.95068e-02  1.95181e-02
8.449430978e-01  1.9510491e-02  3.77040e-04  1.00000e+00  1.95084e-02  1.95197e-02
8.452247455e-01  1.9511928e-02  3.77067e-04  1.00000e+00  1.95100e-02  1.95213e-02
8.455064871e-01  1.9513157e-02  3.77093e-04  1.00000e+00  1.95114e-02  1.95228e-02
8.457883226e-01  1.9514148e-02  3.77117e-04  1.00000e+00  1.95127e-02  1.95241e-02
8.460702521e-01  1.9514895e-02  3.77139e-04  1.00000e+00  1.95138e-02  1.95252e-02
8.463522755e-01  1.9515404e-02  3.77159e-04  1.00000e+00  1.95146e-02  1.95261e-02
8.466343929e-01  1.9515680e-02  3.77177e-04  1.00000e+00  1.95152e-02  1.95267e-02
8.469166044e-01  1.9515719e-02  3.77192e-04  1.00000e+00  1.95155e-02  1.95270e-02
8.471989099e-01  1.9515522e-02  3.77205e-04  1.00000e+00  1.95155e-02  1.95271e-02
8.474813095e-01  1.9515095e-02  3.77217e-04  1.00000e+00  1.95153e-02  1.95269e-02
8.477638033e-01  1.9514461e-02  3.77227e-04  1.00000e+00  1.95149e-02  1.95265e-02
8.480463912e-01  1.9513649e-02  3.77236e-04  1.00000e+00  1.95142e-02  1.95258e-02
8.483290734e-01  1.9512694e-02  3.77245e-04  1.00000e+00  1.95133e-02  1.95250e-02
8.486118497e-01  1.9511616e-02  3.77253e-04  1.00000e+00  1.95122e-02  1.95240e-02
8.488947203e-01  1.9510419e-02  3.77261e-04  1.00000e+00  1.95111e-02  1.95229e-02
8.491776852e-01  1.9509095e-02  3.77269e-04  1.00000e+00  1.95098e-02  1.95216e-02
8.494607445e-01  1.9507634e-02  3.77276e-04  1.00000e+00  1.95084e-02  1.95203e-02
8.497438981e-01  1.9506044e-02  3.77283e-04  1.00000e+00  1.95069e-02  1.95188e-02
8.500271460e-01  1.9504364e-02  3.77289e-04  1.00000e+00  1.95053e-02  1.95173e-02
8.503104884e-01  1.9502672e-02  3.77295e-04  1.00000e+00  1.95037e-02  1.95157e-02
8.505939252e-01  1.9501076e-02  3.77301e-04  1.00000e+00  1.95021e-02  1.95141e-02
8.508774565e-01  1.9499698e-02  3.77307e-04  1.00000e+00  1.95006e-02  1.95127e-02
8.511610824e-01  1.9498642e-02  3.77314e-04  1.00000e+00  1.94994e-02  1.95115e-02
8.514448027e-01  1.9497973e-02  3.77323e-04  1.00000e+00  1.94984e-02  1.95106e-02
8.517286177e-01  1.9497694e-02  3.77334e-04  1.00000e+00  1.94978e-02  1.95100e-02
8.520125272e-01  1.9497755e-02  3.77347e-04  1.00000e+00  1.94976e-02  1.95098e-02
8.522965314e-01  1.9498060e-02  3.77363e-04  1.00000e+00  1.94977e-02  1.95099e-02
8.525806302e-01  1.9498501e-02  3.77380e-04  1.00000e+00  1.94979e-02  1.95102e-02
8.528648238e-01  1.9498982e-02  3.77398e-04  1.00000e+00  1.94983e-02  1.95106e-02
8.531491120e-01  1.9499442e-02  3.77417e-04  1.00000e+00  1.94987e-02  1.95110e-02
8.534334951e-01  1.9499860e-02  3.77437e-04  1.00000e+00  1.94990e-02  1.95114e-02
8.537179729e-01  1.9500248e-02  3.77457e-04  1.00000e+00  1.94993e-02  1.95118e-02
8.540025456e-01  1.9500631e-02  3.77478e-04  1.00000e+00  1.94996e-02  1.95121e-02
8.542872131e-01  1.9501025e-02  3.77500e-04  1.00000e+00  1.94999e-02  1.95124e-02
8.545719755e-01  1.9501423e-02  3.77523e-04  1.00000e+00  1.95002e-02  1.95127e-02
8.548568328e-01  1.9501793e-02  3.77546e-04  1.00000e+00  1.95004e-02  1.95130e-02
8.551417851e-01  1.9502086e-02  3.77571e-04  1.00000e+00  1.95007e-02  1.95133e-02
8.554268323e-01  1.9502251e-02  3.77596e-04  1.00000e+00  1.95008e-02  1.95135e-02
8.557119746e-01  1.9502254e-02  3.77621e-04  1.00000e+00  1.95008e-02  1.95135e-02
8.559972119e-01  1.9502092e-02  3.77646e-04  1.00000e+00  1.95006e-02  1.95134e-02
8.562825443e-01  1.9501794e-02  3.77671e-04  1.00000e+00  1.95004e-02  1.95132e-02
8.565679719e-01  1.9501418e-02  3.77696e-04  1.00000e+00  1.95000e-02  1.95129e-02
8.568534945e-01  1.9501037e-02  3.77720e-04  1.00000e+00  1.94997e-02  1.95126e-02
8.571391124e-01  1.9500723e-02  3.77745e-04  1.00000e+00  1.94994e-02  1.95124e-02
8.574248254e-01  1.9500535e-02  3.77769e-04  1.00000e+00  1.94992e-02  1.95122e-02
8.577106337e-01  1.9500514e-02  3.77793e-04  1.00000e+00  1.94992e-02  1.95122e-02
8.579965372e-01  1.9500679e-02  3.77818e-04  1.00000e+00  1.94993e-02  1.95124e-02
8.582825361e-01  1.9501034e-02  3.77843e-04  1.00000e+00  1.94997e-02  1.95128e-02
8.585686302e-01  1.9501569e-02  3.77867e-04  1.00000e+00  1.95002e-02  1.95134e-02
8.588548198e-01  1.9502266e-02  3.77892e-04  1.00000e+00  1.95009e-02  1.95141e-02
8.591411047e-01  1.9503099e-02  3.77917e-04  1.00000e+00  1.95018e-02  1.95150e-02
8.594274851e-01  1.9504033e-02  3.77941e-04  1.00000e+00  1.95027e-02  1.95160e-02
8.597139609e-01  1.9505026e-02  3.77965e-04  1.00000e+00  1.95038e-02  1.95171e-02
8.600005322e-01  1.9506032e-02  3.77989e-04  1.00000e+00  1.95048e-02  1.95181e-02
8.602871991e-01  1.9507009e-02  3.78013e-04  1.00000e+00  1.95058e-02  1.95192e-02
8.605739615e-01  1.9507918e-02  3.78036e-04  1.00000e+00  1.95068e-02  1.95202e-02
8.608608195e-01  1.9508733e-02  3.78060e-04  1.00000e+00  1.95076e-02  1.95211e-02
8.611477731e-01  1.9509434e-02  3.78083e-04  1.00000e+00  1.95084e-02  1.95218e-02
8.614348223e-01  1.9510007e-02  3.78105e-04  1.00000e+00  1.95090e-02  1.95225e-02
8.617219673e-01  1.9510446e-02  3.78128e-04  1.00000e+00  1.95094e-02  1.95230e-02
8.620092079e-01  1.9510745e-02  3.78151e-04  1.00000e+00  1.95097e-02  1.95233e-02
8.622965443e-01  1.9510908e-02  3.78174e-04  1.00000e+00  1.95098e-02  1.95235e-02
8.625839765e-01  1.9510952e-02  3.78198e-04  1.00000e+00  1.95098e-02  1.95235e-02
8.628715045e-01  1.9510904e-02  3.78221e-04  1.00000e+00  1.95098e-02  1.95235e-02
8.631591283e-01  1.9510803e-02  3.78245e-04  1.00000e+00  1.95096e-02  1.95234e-02
8.634468480e-01  1.9510693e-02  3.78269e-04  1.00000e+00  1.95095e-02  1.95233e-02
8.637346637e-01  1.9510609e-02  3.78294e-04  1.00000e+00  1.95094e-02  1.95233e-02
8.640225752e-01  1.9510574e-02  3.78318e-04  1.00000e+00  1.95094e-02  1.95233e-02
8.643105827e-01  1.9510596e-02  3.78342e-04  1.00000e+00  1.95095e-02  1.95234e-02
8.645986863e-01  1.9510669e-02  3.78365e-04  1.00000e+00  1.95096e-02  1.95236e-02
8.648868858e-01  1.9510782e-02  3.78388e-04  1.00000e+00  1.95098e-02  1.95238e-02
8.651751815e-01  1.9510929e-02  3.78411e-04  1.00000e+00  1.95100e-02  1.95240e-02
8.654635732e-01  1.9511111e-02  3.78434e-04  1.00000e+00  1.95102e-02  1.95243e-02
8.657520610e-01  1.9511341e-02  3.78456e-04  1.00000e+00  1.95104e-02  1.95246e-02
8.660406451e-01  1.9511637e-02  3.78479e-04  1.00000e+00  1.95108e-02  1.95249e-02
8.663293253e-01  1.9512009e-02  3.78501e-04  1.00000e+00  1.95111e-02  1.95253e-02
8.666181017e-01  1.9512457e-02  3.78523e-04  1.00000e+00  1.95116e-02  1.95258e-02
8.669069744e-01  1.9512964e-02  3.78545e-04  1.00000e+00  1.95121e-02  1.95264e-02
8.671959434e-01  1.9513496e-02  3.78567e-04  1.00000e+00  1.95127e-02  1.95270e-02
8.674850087e-01  1.9514011e-02  3.78589e-04  1.00000e+00  1.95132e-02  1.95275e-02
8.677741704e-01  1.9514469e-02  3.78611e-04  1.00000e+00  1.95137e-02  1.95281e-02
8.680634285e-01  1.9514845e-02  3.78633e-04  1.00000e+00  1.95141e-02  1.95285e-02
8.683527829e-01  1.9515130e-02  3.78655e-04  1.00000e+00  1.95144e-02  1.95288e-02
8.686422339e-01  1.9515337e-02  3.78676e-04  1.00000e+00  1.95146e-02  1.95291e-02
8.689317813e-01  1.9515489e-02  3.78698e-04  1.00000e+00  1.95148e-02  1.95293e-02
8.692214252e-01  1.9515615e-02  3.78719e-04  1.00000e+00  1.95149e-02  1.95295e-02
8.695111657e-01  1.9515739e-02  3.78740e-04  1.00000e+00  1.95151e-02  1.95297e-02
8.698010027e-01  1.9515874e-02  3.78762e-04  1.00000e+00  1.95152e-02  1.95299e-02
8.700909364e-01  1.9516019e-02  3.78783e-04  1.00000e+00  1.95154e-02  1.95301e-02
8.703809667e-01  1.9516162e-02  3.78804e-04  1.00000e+00  1.95155e-02  1.95303e-02
8.706710937e-01  1.9516284e-02  3.78825e-04  1.00000e+00  1.95156e-02  1.95304e-02
8.709613174e-01  1.9516365e-02  3.78846e-04  1.00000e+00  1.95157e-02  1.95305e-02
8.712516378e-01  1.9516389e-02  3.78868e-04  1.00000e+00  1.95157e-02  1.95306e-02
8.715420550e-01  1.9516350e-02  3.78889e-04  1.00000e+00  1.95157e-02  1.95306e-02
8.718325691e-01  1.9516253e-02  3.78911e-04  1.00000e+00  1.95156e-02  1.95305e-02
8.721231799e-01  1.9516111e-02  3.78933e-04  1.00000e+00  1.95154e-02  1.95304e-02
8.724138876e-01  1.9515942e-02  3.78955e-04  1.00000e+00  1.95153e-02  1.95303e-02
8.727046923e-01  1.9515767e-02  3.78977e-04  1.00000e+00  1.95151e-02  1.95302e-02
8.729955938e-01  1.9515598e-02  3.78998e-04  1.00000e+00  1.95150e-02  1.95301e-02
8.732865924e-01  1.9515440e-02  3.79020e-04  1.00000e+00  1.95149e-02  1.95300e-02
8.735776879e-01  1.9515289e-02  3.79041e-04  1.00000e+00  1.95147e-02  1.95299e-02
8.738688805e-01  1.9515132e-02  3.79061e-04  1.00000e+00  1.95146e-02  1.95299e-02
8.741601701e-01  1.9514953e-02  3.79082e-04  1.00000e+00  1.95145e-02  1.95298e-02
8.744515568e-01  1.9514732e-02  3.79103e-04  1.00000e+00  1.95143e-02  1.95296e-02
8.747430407e-01  1.9514452e-02  3.79123e-04  1.00000e+00  1.95141e-02  1.95294e-02
8.750346217e-01  1.9514101e-02  3.79143e-04  1.00000e+00  1.95137e-02  1.95291e-02
8.753262999e-01  1.9513680e-02  3.79163e-04  1.00000e+00  1.95133e-02  1.95288e-02
8.756180753e-01  1.9513200e-02  3.79182e-04  1.00000e+00  1.95129e-02  1.95284e-02
8.759099480e-01  1.9512689e-02  3.79202e-04  1.00000e+00  1.95124e-02  1.95279e-02
8.762019180e-01  1.9512186e-02  3.79221e-04  1.00000e+00  1.95119e-02  1.95275e-02
8.764939853e-01  1.9511735e-02  3.79241e-04  1.00000e+00  1.95115e-02  1.95271e-02
8.767861500e-01  1.9511375e-02  3.79260e-04  1.00000e+00  1.95112e-02  1.95268e-02
8.770784120e-01  1.9511133e-02  3.79279e-04  1.00000e+00  1.95110e-02  1.95266e-02
8.773707715e-01  1.9511011e-02  3.79297e-04  1.00000e+00  1.95109e-02  1.95266e-02
8.776632284e-01  1.9510985e-02  3.79316e-04  1.00000e+00  1.95109e-02  1.95266e-02
8.779557828e-01  1.9511005e-02  3.79334e-04  1.00000e+00  1.95109e-02  1.95267e-02
8.782484347e-01  1.9511007e-02  3.79352e-04  1.00000e+00  1.95110e-02  1.95268e-02
8.785411842e-01  1.9510924e-02  3.79369e-04  1.00000e+00  1.95110e-02  1.95268e-02
8.788340313e-01  1.9510699e-02  3.79386e-04  1.00000e+00  1.95108e-02  1.95267e-02
8.791269760e-01  1.9510293e-02  3.79403e-04  1.00000e+00  1.95105e-02  1.95264e-02
8.794200183e-01  1.9509693e-02  3.79419e-04  1.00000e+00  1.95100e-02  1.95260e-02
8.797131583e-01  1.9508908e-02  3.79434e-04  1.00000e+00  1.95094e-02  1.95254e-02
8.800063960e-01  1.9507961e-02  3.79448e-04  1.00000e+00  1.95086e-02  1.95246e-02
8.802997315e-01  1.9506888e-02  3.79461e-04  1.00000e+00  1.95076e-02  1.95237e-02
8.805931647e-01  1.9505731e-02  3.79473e-04  1.00000e+00  1.95066e-02  1.95227e-02
8.808866958e-01  1.9504534e-02  3.79485e-04  1.00000e+00  1.95055e-02  1.95217e-02
8.811803247e-01  1.9503347e-02  3.79495e-04  1.00000e+00  1.95043e-02  1.95206e-02
8.814740515e-01  1.9502217e-02  3.79506e-04  1.00000e+00  1.95032e-02  1.95195e-02
8.817678761e-01  1.9501187e-02  3.79517e-04  1.00000e+00  1.95022e-02  1.95185e-02
8.820617988e-01  1.9500290e-02  3.79528e-04  1.00000e+00  1.95012e-02  1.95175e-02
8.823558194e-01  1.9499545e-02  3.79541e-04  1.00000e+00  1.95003e-02  1.95167e-02
8.826499380e-01  1.9498949e-02  3.79554e-04  1.00000e+00  1.94995e-02  1.95160e-02
8.829441546e-01  1.9498481e-02  3.79569e-04  1.00000e+00  1.94989e-02  1.95154e-02
8.832384693e-01  1.9498101e-02  3.79584e-04  1.00000e+00  1.94984e-02  1.95149e-02
8.835328822e-01  1.9497761e-02  3.79601e-04  1.00000e+00  1.94980e-02  1.95145e-02
8.838273931e-01  1.9497414e-02  3.79617e-04  1.00000e+00  1.94977e-02  1.95142e-02
8.841220022e-01  1.9497026e-02  3.79633e-04  1.00000e+00  1.94974e-02  1.95140e-02
8.844167096e-01  1.9496587e-02  3.79649e-04  1.00000e+00  1.94971e-02  1.95138e-02
8.847115151e-01  1.9496120e-02  3.79663e-04  1.00000e+00  1.94969e-02  1.95135e-02
8.850064190e-01  1.9495672e-02  3.79675e-04  1.00000e+00  1.94966e-02  1.95133e-02
8.853014211e-01  1.9495315e-02  3.79686e-04  1.00000e+00  1.94964e-02  1.95131e-02
8.855965216e-01  1.9495120e-02  3.79696e-04  1.00000e+00  1.94963e-02  1.95130e-02
8.858917204e-01  1.9495148e-02  3.79706e-04  1.00000e+00  1.94963e-02  1.95130e-02
8.861870177e-01  1.9495439e-02  3.79717e-04  1.00000e+00  1.94964e-02  1.95132e-02
8.864824134e-01  1.9496005e-02  3.79729e-04  1.00000e+00  1.94968e-02  1.95136e-02
8.867779075e-01  1.9496847e-02  3.79743e-04  1.00000e+00  1.94974e-02  1.95142e-02
8.870735001e-01  1.9497954e-02  3.79758e-04  1.00000e+00  1.94983e-02  1.95151e-02
8.873691913e-01  1.9499320e-02  3.79775e-04  1.00000e+00  1.94994e-02  1.95162e-02
8.876649810e-01  1.9500941e-02  3.79795e-04  1.00000e+00  1.95007e-02  1.95176e-02
8.879608694e-01  1.9502825e-02  3.79816e-04  1.00000e+00  1.95024e-02  1.95193e-02
8.882568563e-01  1.9504981e-02  3.79838e-04  1.00000e+00  1.95044e-02  1.95213e-02
8.885529419e-01  1.9507436e-02  3.79861e-04  1.00000e+00  1.95069e-02  1.95237e-02
8.888491262e-01  1.9510230e-02  3.79884e-04  1.00000e+00  1.95097e-02  1.95266e-02
8.891454093e-01  1.9513416e-02  3.79906e-04  1.00000e+00  1.95131e-02  1.95300e-02
8.894417911e-01  1.9517036e-02  3.79926e-04  1.00000e+00  1.95170e-02  1.95339e-02
8.897382717e-01  1.9521084e-02  3.79942e-04  1.00000e+00  1.95216e-02  1.95384e-02
8.900348511e-01  1.9525456e-02  3.79954e-04  1.00000e+00  1.95266e-02  1.95433e-02
8.903315294e-01  1.9529900e-02  3.79961e-04  1.00000e+00  1.95320e-02  1.95486e-02
8.906283066e-01  1.9533987e-02  3.79959e-04  1.00000e+00  1.95372e-02  1.95537e-02
8.909251827e-01  1.9537132e-02  3.79949e-04  1.00000e+00  1.95418e-02  1.95582e-02
8.912221577e-01  1.9538641e-02  3.79926e-04  1.00000e+00  1.95450e-02  1.95613e-02
8.915192318e-01  1.9537785e-02  3.79891e-04  1.00000e+00  1.95462e-02  1.95623e-02
8.918164049e-01  1.9533899e-02  3.79840e-04  1.00000e+00  1.95445e-02  1.95606e-02
8.921136770e-01  1.9526431e-02  3.79772e-04  1.00000e+00  1.95394e-02  1.95555e-02
8.924110482e-01  1.9514959e-02  3.79686e-04  1.00000e+00  1.95307e-02  1.95467e-02
8.927085186e-01  1.9499180e-02  3.79580e-04  1.00000e+00  1.95179e-02  1.95340e-02
8.930060881e-01  1.9478846e-02  3.79450e-04  1.00000e+00  1.95011e-02  1.95172e-02
8.933037568e-01  1.9453749e-02  3.79292e-04  1.00000e+00  1.94801e-02  1.94963e-02
8.936015247e-01  1.9423722e-02  3.79101e-04  1.00000e+00  1.94549e-02  1.94712e-02
8.938993919e-01  1.9388688e-02  3.78872e-04  1.00000e+00  1.94255e-02  1.94418e-02
8.941973583e-01  1.9348743e-02  3.78599e-04  1.00000e+00  1.93917e-02  1.94081e-02
8.944954241e-01  1.9304247e-02  3.78280e-04  1.00000e+00  1.93535e-02  1.93700e-02
8.947935893e-01  1.9255844e-02  3.77914e-04  1.00000e+00  1.93112e-02  1.93277e-02
8.950918538e-01  1.9204416e-02  3.77504e-04  1.00000e+00  1.92653e-02  1.92819e-02
8.953902177e-01  1.9150940e-02  3.77056e-04  1.00000e+00  1.92164e-02  1.92329e-02
8.956886811e-01  1.9096279e-02  3.76577e-04  1.00000e+00  1.91652e-02  1.91818e-02
8.959872440e-01  1.9040953e-02  3.76075e-04  1.00000e+00  1.91124e-02  1.91290e-02
8.962859065e-01  1.8985015e-02  3.75556e-04  1.00000e+00  1.90585e-02  1.90750e-02
8.965846684e-01  1.8928062e-02  3.75022e-04  1.00000e+00  1.90034e-02  1.90198e-02
8.968835300e-01  1.8869538e-02  3.74473e-04  1.00000e+00  1.89469e-02  1.89633e-02
8.971824912e-01  1.8809232e-02  3.73908e-04  1.00000e+00  1.88886e-02  1.89050e-02
8.974815520e-01  1.8747856e-02  3.73328e-04  1.00000e+00  1.88287e-02  1.88451e-02
8.977807125e-01  1.8687461e-02  3.72742e-04  1.00000e+00  1.87679e-02  1.87842e-02
8.980799727e-01  1.8631431e-02  3.72170e-04  1.00000e+00  1.87081e-02  1.87244e-02
8.983793327e-01  1.8583923e-02  3.71642e-04  1.00000e+00  1.86523e-02  1.86686e-02
8.986787925e-01  1.8548883e-02  3.71193e-04  1.00000e+00  1.86042e-02  1.86205e-02
8.989783521e-01  1.8528930e-02  3.70857e-04  1.00000e+00  1.85672e-02  1.85835e-02
8.992780116e-01  1.8524561e-02  3.70659e-04  1.00000e+00  1.85437e-02  1.85601e-02
8.995777709e-01  1.8533994e-02  3.70604e-04  1.00000e+00  1.85345e-02  1.85510e-02
8.998776302e-01  1.8553747e-02  3.70681e-04  1.00000e+00  1.85384e-02  1.85550e-02
9.001775894e-01  1.8579746e-02  3.70863e-04  1.00000e+00  1.85528e-02  1.85694e-02
9.004776486e-01  1.8608560e-02  3.71116e-04  1.00000e+00  1.85743e-02  1.85910e-02
9.007778078e-01  1.8638349e-02  3.71411e-04  1.00000e+00  1.86000e-02  1.86168e-02
9.010780670e-01  1.8669202e-02  3.71730e-04  1.00000e+00  1.86282e-02  1.86451e-02
9.013784264e-01  1.8702819e-02  3.72070e-04  1.00000e+00  1.86585e-02  1.86756e-02
9.016788859e-01  1.8741652e-02  3.72441e-04  1.00000e+00  1.86921e-02  1.87092e-02
9.019794455e-01  1.8787814e-02  3.72860e-04  1.00000e+00  1.87306e-02  1.87478e-02
9.022801053e-01  1.8842083e-02  3.73343e-04  1.00000e+00  1.87756e-02  1.87930e-02
9.025808654e-01  1.8903320e-02  3.73895e-04  1.00000e+00  1.88277e-02  1.88453e-02
9.028817256e-01  1.8968407e-02  3.74506e-04  1.00000e+00  1.88861e-02  1.89037e-02
9.031826862e-01  1.9032752e-02  3.75153e-04  1.00000e+00  1.89481e-02  1.89659e-02
9.034837471e-01  1.9091104e-02  3.75795e-04  1.00000e+00  1.90099e-02  1.90278e-02
9.037849084e-01  1.9138488e-02  3.76387e-04  1.00000e+00  1.90670e-02  1.90850e-02
9.040861700e-01  1.9170962e-02  3.76887e-04  1.00000e+00  1.91147e-02  1.91329e-02
9.043875321e-01  1.9186076e-02  3.77257e-04  1.00000e+00  1.91494e-02  1.91677e-02
9.046889946e-01  1.9183003e-02  3.77471e-04  1.00000e+00  1.91685e-02  1.91868e-02
9.049905576e-01  1.9162442e-02  3.77518e-04  1.00000e+00  1.91707e-02  1.91890e-02
9.052922211e-01  1.9126419e-02  3.77400e-04  1.00000e+00  1.91562e-02  1.91745e-02
9.055939852e-01  1.9078052e-02  3.77132e-04  1.00000e+00  1.91265e-02  1.91449e-02
9.058958498e-01  1.9021303e-02  3.76740e-04  1.00000e+00  1.90842e-02  1.91026e-02
9.061978151e-01  1.8960681e-02  3.76258e-04  1.00000e+00  1.90330e-02  1.90513e-02
9.064998810e-01  1.8900857e-02  3.75727e-04  1.00000e+00  1.89768e-02  1.89951e-02
9.068020477e-01  1.8846193e-02  3.75188e-04  1.00000e+00  1.89200e-02  1.89383e-02
9.071043150e-01  1.8800258e-02  3.74684e-04  1.00000e+00  1.88668e-02  1.88851e-02
9.074066831e-01  1.8765465e-02  3.74248e-04  1.00000e+00  1.88207e-02  1.88390e-02
9.077091520e-01  1.8742866e-02  3.73907e-04  1.00000e+00  1.87842e-02  1.88025e-02
9.080117217e-01  1.8732224e-02  3.73674e-04  1.00000e+00  1.87587e-02  1.87770e-02
9.083143923e-01  1.8732248e-02  3.73550e-04  1.00000e+00  1.87444e-02  1.87627e-02
9.086171638e-01  1.8740987e-02  3.73528e-04  1.00000e+00  1.87405e-02  1.87588e-02
9.089200362e-01  1.8756208e-02  3.73593e-04  1.00000e+00  1.87454e-02  1.87637e-02
9.092230095e-01  1.8775695e-02  3.73725e-04  1.00000e+00  1.87572e-02  1.87756e-02
9.095260838e-01  1.8797389e-02  3.73904e-04  1.00000e+00  1.87740e-02  1.87924e-02
9.098292592e-01  1.8819374e-02  3.74110e-04  1.00000e+00  1.87937e-02  1.88121e-02
9.101325356e-01  1.8839793e-02  3.74324e-04  1.00000e+00  1.88144e-02  1.88329e-02
9.104359131e-01  1.8856775e-02  3.74526e-04  1.00000e+00  1.88343e-02  1.88528e-02
9.107393918e-01  1.8868534e-02  3.74697e-04  1.00000e+00  1.88515e-02  1.88700e-02
9.110429716e-01  1.8873651e-02  3.74819e-04  1.00000e+00  1.88642e-02  1.88827e-02
9.113466526e-01  1.8871490e-02  3.74879e-04  1.00000e+00  1.88710e-02  1.88895e-02
9.116504348e-01  1.8862579e-02  3.74871e-04  1.00000e+00  1.88712e-02  1.88897e-02
9.119543183e-01  1.8848785e-02  3.74799e-04  1.00000e+00  1.88652e-02  1.88836e-02
9.122583030e-01  1.8833066e-02  3.74679e-04  1.00000e+00  1.88543e-02  1.88726e-02
9.125623891e-01  1.8818840e-02  3.74537e-04  1.00000e+00  1.88409e-02  1.88593e-02
9.128665766e-01  1.8809111e-02  3.74404e-04  1.00000e+00  1.88281e-02  1.88463e-02
9.131708654e-01  1.8805617e-02  3.74306e-04  1.00000e+00  1.88183e-02  1.88366e-02
9.134752557e-01  1.8808389e-02  3.74260e-04  1.00000e+00  1.88134e-02  1.88317e-02
9.137797475e-01  1.8815886e-02  3.74272e-04  1.00000e+00  1.88139e-02  1.88321e-02
9.140843407e-01  1.8825706e-02  3.74329e-04  1.00000e+00  1.88187e-02  1.88369e-02
9.143890355e-01  1.8835552e-02  3.74413e-04  1.00000e+00  1.88263e-02  1.88445e-02
9.146938319e-01  1.8844059e-02  3.74506e-04  1.00000e+00  1.88348e-02  1.88530e-02
9.149987298e-01  1.8851114e-02  3.74594e-04  1.00000e+00  1.88429e-02  1.88612e-02
9.153037294e-01  1.8857591e-02  3.74673e-04  1.00000e+00  1.88504e-02  1.88687e-02
9.156088306e-01  1.8864737e-02  3.74748e-04  1.00000e+00  1.88576e-02  1.88759e-02
9.159140336e-01  1.8873587e-02  3.74828e-04  1.00000e+00  1.88652e-02  1.88835e-02
9.162193382e-01  1.8884746e-02  3.74920e-04  1.00000e+00  1.88740e-02  1.88924e-02
9.165247447e-01  1.8898564e-02  3.75034e-04  1.00000e+00  1.88847e-02  1.89031e-02
9.168302529e-01  1.8915522e-02  3.75173e-04  1.00000e+00  1.88978e-02  1.89162e-02
9.171358630e-01  1.8936451e-02  3.75345e-04  1.00000e+00  1.89138e-02  1.89322e-02
9.174415750e-01  1.8962397e-02  3.75557e-04  1.00000e+00  1.89336e-02  1.89521e-02
9.177473888e-01  1.8994139e-02  3.75820e-04  1.00000e+00  1.89581e-02  1.89766e-02
9.180533046e-01  1.9031636e-02  3.76137e-04  1.00000e+00  1.89880e-02  1.90066e-02
9.183593224e-01  1.9073704e-02  3.76510e-04  1.00000e+00  1.90231e-02  1.90418e-02
9.186654422e-01  1.9118094e-02  3.76927e-04  1.00000e+00  1.90626e-02  1.90814e-02
9.189716640e-01  1.9161961e-02  3.77370e-04  1.00000e+00  1.91045e-02  1.91234e-02
9.192779879e-01  1.9202482e-02  3.77814e-04  1.00000e+00  1.91464e-02  1.91654e-02
9.195844139e-01  1.9237434e-02  3.78237e-04  1.00000e+00  1.91859e-02  1.92050e-02
9.198909420e-01  1.9265529e-02  3.78617e-04  1.00000e+00  1.92209e-02  1.92402e-02
9.201975723e-01  1.9286491e-02  3.78939e-04  1.00000e+00  1.92501e-02  1.92695e-02
9.205043049e-01  1.9300928e-02  3.79200e-04  1.00000e+00  1.92730e-02  1.92925e-02
9.208111396e-01  1.9310046e-02  3.79401e-04  1.00000e+00  1.92899e-02  1.93094e-02
9.211180767e-01  1.9315322e-02  3.79549e-04  1.00000e+00  1.93017e-02  1.93213e-02
9.214251160e-01  1.9318162e-02  3.79654e-04  1.00000e+00  1.93095e-02  1.93291e-02
9.217322577e-01  1.9319642e-02  3.79728e-04  1.00000e+00  1.93146e-02  1.93343e-02
9.220395018e-01  1.9320365e-02  3.79780e-04  1.00000e+00  1.93179e-02  1.93377e-02
9.223468483e-01  1.9320518e-02  3.79814e-04  1.00000e+00  1.93202e-02  1.93399e-02
9.226542973e-01  1.9320047e-02  3.79833e-04  1.00000e+00  1.93216e-02  1.93413e-02
9.229618487e-01  1.9318932e-02  3.79839e-04  1.00000e+00  1.93223e-02  1.93420e-02
9.232695027e-01  1.9317404e-02  3.79832e-04  1.00000e+00  1.93222e-02  1.93419e-02
9.235772592e-01  1.9316011e-02  3.79817e-04  1.00000e+00  1.93217e-02  1.93413e-02
9.238851182e-01  1.9315505e-02  3.79798e-04  1.00000e+00  1.93212e-02  1.93408e-02
9.241930799e-01  1.9316550e-02  3.79782e-04  1.00000e+00  1.93215e-02  1.93410e-02
9.245011443e-01  1.9319380e-02  3.79774e-04  1.00000e+00  1.93231e-02  1.93425e-02
9.248093114e-01  1.9323495e-02  3.79773e-04  1.00000e+00  1.93264e-02  1.93457e-02
9.251175811e-01  1.9327511e-02  3.79774e-04  1.00000e+00  1.93309e-02  1.93501e-02
9.254259536e-01  1.9329226e-02  3.79763e-04  1.00000e+00  1.93355e-02  1.93545e-02
9.257344290e-01  1.9325849e-02  3.79720e-04  1.00000e+00  1.93383e-02  1.93570e-02
9.260430071e-01  1.9314451e-02  3.79619e-04  1.00000e+00  1.93365e-02  1.93550e-02
9.263516881e-01  1.9292368e-02  3.79435e-04  1.00000e+00  1.93274e-02  1.93456e-02
9.266604720e-01  1.9257583e-02  3.79146e-04  1.00000e+00  1.93082e-02  1.93262e-02
9.269693588e-01  1.9208877e-02  3.78735e-04  1.00000e+00  1.92768e-02  1.92944e-02
9.272783486e-01  1.9145675e-02  3.78194e-04  1.00000e+00  1.92315e-02  1.92488e-02
9.275874414e-01  1.9067669e-02  3.77520e-04  1.00000e+00  1.91714e-02  1.91884e-02
9.278966372e-01  1.8974302e-02  3.76713e-04  1.00000e+00  1.90959e-02  1.91127e-02
9.282059361e-01  1.8864357e-02  3.75771e-04  1.00000e+00  1.90045e-02  1.90210e-02
9.285153381e-01  1.8735830e-02  3.74684e-04  1.00000e+00  1.88960e-02  1.89124e-02
9.288248432e-01  1.8586287e-02  3.73436e-04  1.00000e+00  1.87691e-02  1.87853e-02
9.291344515e-01  1.8413461e-02  3.72003e-04  1.00000e+00  1.86220e-02  1.86381e-02
9.294441630e-01  1.8216134e-02  3.70362e-04  1.00000e+00  1.84529e-02  1.84689e-02
9.297539777e-01  1.7994939e-02  3.68496e-04  1.00000e+00  1.82610e-02  1.82770e-02
9.300638957e-01  1.7752797e-02  3.66400e-04  1.00000e+00  1.80470e-02  1.80628e-02
9.303739170e-01  1.7494860e-02  3.64090e-04  1.00000e+00  1.78132e-02  1.78289e-02
9.306840416e-01  1.7227961e-02  3.61602e-04  1.00000e+00  1.75640e-02  1.75795e-02
9.309942696e-01  1.6959643e-02  3.58989e-04  1.00000e+00  1.73052e-02  1.73205e-02
9.313046010e-01  1.6697026e-02  3.56315e-04  1.00000e+00  1.70433e-02  1.70584e-02
9.316150359e-01  1.6445862e-02  3.53647e-04  1.00000e+00  1.67847e-02  1.67996e-02
9.319255743e-01  1.6210086e-02  3.51043e-04  1.00000e+00  1.65349e-02  1.65495e-02
9.322362161e-01  1.5992091e-02  3.48553e-04  1.00000e+00  1.62979e-02  1.63123e-02
9.325469615e-01  1.5793560e-02  3.46212e-04  1.00000e+00  1.60767e-02  1.60909e-02
9.328578105e-01  1.5616487e-02  3.44051e-04  1.00000e+00  1.58736e-02  1.58876e-02
9.331687631e-01  1.5463887e-02  3.42103e-04  1.00000e+00  1.56911e-02  1.57050e-02
9.334798194e-01  1.5339751e-02  3.40406e-04  1.00000e+00  1.55324e-02  1.55461e-02
9.337909793e-01  1.5248202e-02  3.39005e-04  1.00000e+00  1.54011e-02  1.54148e-02
9.341022430e-01  1.5192178e-02  3.37945e-04  1.00000e+00  1.53011e-02  1.53146e-02
9.344136104e-01  1.5172208e-02  3.37255e-04  1.00000e+00  1.52349e-02  1.52484e-02
9.347250816e-01  1.5185849e-02  3.36944e-04  1.00000e+00  1.52032e-02  1.52168e-02
9.350366566e-01  1.5228024e-02  3.36992e-04  1.00000e+00  1.52043e-02  1.52180e-02
9.353483355e-01  1.5292220e-02  3.37353e-04  1.00000e+00  1.52342e-02  1.52479e-02
9.356601183e-01  1.5372084e-02  3.37967e-04  1.00000e+00  1.52873e-02  1.53011e-02
9.359720050e-01  1.5463090e-02  3.38771e-04  1.00000e+00  1.53582e-02  1.53722e-02
9.362839956e-01  1.5563711e-02  3.39720e-04  1.00000e+00  1.54428e-02  1.54569e-02
9.365960903e-01  1.5675840e-02  3.40793e-04  1.00000e+00  1.55393e-02  1.55535e-02
9.369082890e-01  1.5804214e-02  3.42001e-04  1.00000e+00  1.56487e-02  1.56631e-02
9.372205918e-01  1.5954801e-02  3.43380e-04  1.00000e+00  1.57746e-02  1.57890e-02
9.375329986e-01  1.6132382e-02  3.44978e-04  1.00000e+00  1.59213e-02  1.59359e-02
9.378455096e-01  1.6338005e-02  3.46833e-04  1.00000e+00  1.60927e-02  1.61075e-02
9.381581248e-01  1.6567089e-02  3.48948e-04  1.00000e+00  1.62894e-02  1.63044e-02
9.384708442e-01  1.6808904e-02  3.51279e-04  1.00000e+00  1.65075e-02  1.65228e-02
9.387836678e-01  1.7047752e-02  3.53726e-04  1.00000e+00  1.67380e-02  1.67535e-02
9.390965957e-01  1.7265648e-02  3.56148e-04  1.00000e+00  1.69675e-02  1.69833e-02
9.394096279e-01  1.7445675e-02  3.58384e-04  1.00000e+00  1.71804e-02  1.71964e-02
9.397227644e-01  1.7575001e-02  3.60280e-04  1.00000e+00  1.73614e-02  1.73776e-02
9.400360053e-01  1.7646659e-02  3.61714e-04  1.00000e+00  1.74982e-02  1.75147e-02
9.403493507e-01  1.7659893e-02  3.62614e-04  1.00000e+00  1.75833e-02  1.75999e-02
9.406628005e-01  1.7619140e-02  3.62958e-04  1.00000e+00  1.76141e-02  1.76308e-02
9.409763547e-01  1.7532486e-02  3.62773e-04  1.00000e+00  1.75931e-02  1.76097e-02
9.412900135e-01  1.7410146e-02  3.62119e-04  1.00000e+00  1.75262e-02  1.75428e-02
9.416037769e-01  1.7263389e-02  3.61083e-04  1.00000e+00  1.74221e-02  1.74387e-02
9.419176448e-01  1.7103921e-02  3.59768e-04  1.00000e+00  1.72910e-02  1.73075e-02
9.422316173e-01  1.6943495e-02  3.58284e-04  1.00000e+00  1.71439e-02  1.71603e-02
9.425456945e-01  1.6793419e-02  3.56747e-04  1.00000e+00  1.69922e-02  1.70085e-02
9.428598764e-01  1.6663748e-02  3.55269e-04  1.00000e+00  1.68469e-02  1.68632e-02
9.431741631e-01  1.6562311e-02  3.53956e-04  1.00000e+00  1.67178e-02  1.67341e-02
9.434885544e-01  1.6493793e-02  3.52891e-04  1.00000e+00  1.66130e-02  1.66292e-02
9.438030506e-01  1.6459185e-02  3.52131e-04  1.00000e+00  1.65375e-02  1.65537e-02
9.441176516e-01  1.6455850e-02  3.51696e-04  1.00000e+00  1.64931e-02  1.65093e-02
9.444323575e-01  1.6478378e-02  3.51573e-04  1.00000e+00  1.64784e-02  1.64946e-02
9.447471683e-01  1.6519897e-02  3.51721e-04  1.00000e+00  1.64894e-02  1.65057e-02
9.450620840e-01  1.6573601e-02  3.52079e-04  1.00000e+00  1.65205e-02  1.65369e-02
9.453771047e-01  1.6633851e-02  3.52586e-04  1.00000e+00  1.65658e-02  1.65823e-02
9.456922304e-01  1.6696544e-02  3.53185e-04  1.00000e+00  1.66199e-02  1.66365e-02
9.460074612e-01  1.6758783e-02  3.53829e-04  1.00000e+00  1.66786e-02  1.66954e-02
9.463227970e-01  1.6818134e-02  3.54485e-04  1.00000e+00  1.67386e-02  1.67554e-02
9.466382379e-01  1.6872024e-02  3.55120e-04  1.00000e+00  1.67968e-02  1.68137e-02
9.469537840e-01  1.6917631e-02  3.55707e-04  1.00000e+00  1.68505e-02  1.68675e-02
9.472694353e-01  1.6952318e-02  3.56215e-04  1.00000e+00  1.68969e-02  1.69140e-02
9.475851917e-01  1.6974378e-02  3.56620e-04  1.00000e+00  1.69334e-02  1.69506e-02
9.479010535e-01  1.6983809e-02  3.56905e-04  1.00000e+00  1.69586e-02  1.69758e-02
9.482170205e-01  1.6982780e-02  3.57071e-04  1.00000e+00  1.69722e-02  1.69895e-02
9.485330928e-01  1.6975668e-02  3.57134e-04  1.00000e+00  1.69760e-02  1.69934e-02
9.488492705e-01  1.6968445e-02  3.57134e-04  1.00000e+00  1.69737e-02  1.69911e-02
9.491655536e-01  1.6967438e-02  3.57123e-04  1.00000e+00  1.69703e-02  1.69877e-02
9.494819421e-01  1.6977644e-02  3.57159e-04  1.00000e+00  1.69712e-02  1.69886e-02
9.497984361e-01  1.7001105e-02  3.57286e-04  1.00000e+00  1.69808e-02  1.69982e-02
9.501150356e-01  1.7036102e-02  3.57527e-04  1.00000e+00  1.70011e-02  1.70186e-02
9.504317406e-01  1.7077733e-02  3.57871e-04  1.00000e+00  1.70313e-02  1.70489e-02
9.507485512e-01  1.7119890e-02  3.58284e-04  1.00000e+00  1.70678e-02  1.70855e-02
9.510654674e-01  1.7157742e-02  3.58716e-04  1.00000e+00  1.71061e-02  1.71239e-02
9.513824892e-01  1.7189655e-02  3.59128e-04  1.00000e+00  1.71423e-02  1.71602e-02
9.516996167e-01  1.7217482e-02  3.59503e-04  1.00000e+00  1.71748e-02  1.71928e-02
9.520168499e-01  1.7245156e-02  3.59850e-04  1.00000e+00  1.72045e-02  1.72227e-02
9.523341889e-01  1.7276367e-02  3.60195e-04  1.00000e+00  1.72341e-02  1.72523e-02
9.526516336e-01  1.7312509e-02  3.60563e-04  1.00000e+00  1.72660e-02  1.72843e-02
9.529691841e-01  1.7352009e-02  3.60965e-04  1.00000e+00  1.73014e-02  1.73199e-02
9.532868405e-01  1.7391200e-02  3.61389e-04  1.00000e+00  1.73393e-02  1.73579e-02
9.536046028e-01  1.7426129e-02  3.61807e-04  1.00000e+00  1.73771e-02  1.73958e-02
9.539224710e-01  1.7454393e-02  3.62188e-04  1.00000e+00  1.74119e-02  1.74306e-02
9.542404452e-01  1.7476145e-02  3.62512e-04  1.00000e+00  1.74415e-02  1.74603e-02
9.545585253e-01  1.7494017e-02  3.62778e-04  1.00000e+00  1.74660e-02  1.74848e-02
9.548767115e-01  1.7512169e-02  3.63005e-04  1.00000e+00  1.74871e-02  1.75059e-02
9.551950037e-01  1.7534948e-02  3.63228e-04  1.00000e+00  1.75080e-02  1.75268e-02
9.555134021e-01  1.7565578e-02  3.63483e-04  1.00000e+00  1.75320e-02  1.75509e-02
9.558319065e-01  1.7605204e-02  3.63801e-04  1.00000e+00  1.75621e-02  1.75810e-02
9.561505172e-01  1.7652459e-02  3.64194e-04  1.00000e+00  1.75995e-02  1.76184e-02
9.564692340e-01  1.7703680e-02  3.64656e-04  1.00000e+00  1.76433e-02  1.76622e-02
9.567880571e-01  1.7753819e-02  3.65157e-04  1.00000e+00  1.76907e-02  1.77097e-02
9.571069864e-01  1.7797905e-02  3.65657e-04  1.00000e+00  1.77379e-02  1.77569e-02
9.574260221e-01  1.7832680e-02  3.66114e-04  1.00000e+00  1.77807e-02  1.77997e-02
9.577451641e-01  1.7857842e-02  3.66498e-04  1.00000e+00  1.78162e-02  1.78354e-02
9.580644125e-01  1.7876371e-02  3.66805e-04  1.00000e+00  1.78442e-02  1.78633e-02
9.583837673e-01  1.7893691e-02  3.67055e-04  1.00000e+00  1.78665e-02  1.78857e-02
9.587032285e-01  1.7915964e-02  3.67290e-04  1.00000e+00  1.78874e-02  1.79066e-02
9.590227963e-01  1.7948044e-02  3.67560e-04  1.00000e+00  1.79117e-02  1.79310e-02
9.593424706e-01  1.7991924e-02  3.67905e-04  1.00000e+00  1.79435e-02  1.79629e-02
9.596622514e-01  1.8046174e-02  3.68348e-04  1.00000e+00  1.79848e-02  1.80042e-02
9.599821388e-01  1.8106546e-02  3.68879e-04  1.00000e+00  1.80348e-02  1.80544e-02
9.603021328e-01  1.8167444e-02  3.69471e-04  1.00000e+00  1.80905e-02  1.81102e-02
9.606222335e-01  1.8223657e-02  3.70079e-04  1.00000e+00  1.81476e-02  1.81674e-02
9.609424410e-01  1.8271766e-02  3.70659e-04  1.00000e+00  1.82017e-02  1.82216e-02
9.612627551e-01  1.8310771e-02  3.71182e-04  1.00000e+00  1.82498e-02  1.82698e-02
9.615831760e-01  1.8341857e-02  3.71632e-04  1.00000e+00  1.82905e-02  1.83106e-02
9.619037038e-01  1.8367528e-02  3.72015e-04  1.00000e+00  1.83243e-02  1.83446e-02
9.622243383e-01  1.8390583e-02  3.72345e-04  1.00000e+00  1.83530e-02  1.83734e-02
9.625450798e-01  1.8413310e-02  3.72642e-04  1.00000e+00  1.83787e-02  1.83992e-02
9.628659281e-01  1.8437186e-02  3.72926e-04  1.00000e+00  1.84033e-02  1.84239e-02
9.631868834e-01  1.8463012e-02  3.73209e-04  1.00000e+00  1.84283e-02  1.84490e-02
9.635079457e-01  1.8491247e-02  3.73503e-04  1.00000e+00  1.84547e-02  1.84754e-02
9.638291150e-01  1.8522270e-02  3.73813e-04  1.00000e+00  1.84830e-02  1.85038e-02
9.641503914e-01  1.8556442e-02  3.74146e-04  1.00000e+00  1.85138e-02  1.85346e-02
9.644717749e-01  1.8594022e-02  3.74506e-04  1.00000e+00  1.85474e-02  1.85683e-02
9.647932655e-01  1.8635121e-02  3.74897e-04  1.00000e+00  1.85842e-02  1.86051e-02
9.651148632e-01  1.8679778e-02  3.75320e-04  1.00000e+00  1.86243e-02  1.86452e-02
9.654365682e-01  1.8728135e-02  3.75778e-04  1.00000e+00  1.86679e-02  1.86889e-02
9.657583804e-01  1.8780541e-02  3.76271e-04  1.00000e+00  1.87151e-02  1.87362e-02
9.660802998e-01  1.8837426e-02  3.76804e-04  1.00000e+00  1.87664e-02  1.87876e-02
9.664023266e-01  1.8898968e-02  3.77379e-04  1.00000e+00  1.88220e-02  1.88432e-02
9.667244607e-01  1.8964673e-02  3.77997e-04  1.00000e+00  1.88818e-02  1.89032e-02
9.670467022e-01  1.9033114e-02  3.78654e-04  1.00000e+00  1.89456e-02  1.89670e-02
9.673690511e-01  1.9101968e-02  3.79337e-04  1.00000e+00  1.90120e-02  1.90335e-02
9.676915074e-01  1.9168395e-02  3.80027e-04  1.00000e+00  1.90790e-02  1.91006e-02
9.680140713e-01  1.9229537e-02  3.80699e-04  1.00000e+00  1.91442e-02  1.91659e-02
9.683367426e-01  1.9283042e-02  3.81328e-04  1.00000e+00  1.92051e-02  1.92269e-02
9.686595216e-01  1.9327366e-02  3.81893e-04  1.00000e+00  1.92595e-02  1.92814e-02
9.689824081e-01  1.9361863e-02  3.82377e-04  1.00000e+00  1.93057e-02  1.93278e-02
9.693054022e-01  1.9386635e-02  3.82772e-04  1.00000e+00  1.93431e-02  1.93652e-02
9.696285040e-01  1.9402281e-02  3.83074e-04  1.00000e+00  1.93712e-02  1.93934e-02
9.699517135e-01  1.9409602e-02  3.83288e-04  1.00000e+00  1.93905e-02  1.94127e-02
9.702750307e-01  1.9409375e-02  3.83417e-04  1.00000e+00  1.94014e-02  1.94237e-02
9.705984557e-01  1.9402230e-02  3.83468e-04  1.00000e+00  1.94047e-02  1.94270e-02
9.709219886e-01  1.9388653e-02  3.83446e-04  1.00000e+00  1.94007e-02  1.94230e-02
9.712456292e-01  1.9369071e-02  3.83357e-04  1.00000e+00  1.93900e-02  1.94123e-02
9.715693778e-01  1.9343993e-02  3.83206e-04  1.00000e+00  1.93731e-02  1.93953e-02
9.718932342e-01  1.9314167e-02  3.83000e-04  1.00000e+00  1.93503e-02  1.93724e-02
9.722171986e-01  1.9280693e-02  3.82747e-04  1.00000e+00  1.93225e-02  1.93446e-02
9.725412710e-01  1.9245079e-02  3.82459e-04  1.00000e+00  1.92907e-02  1.93128e-02
9.728654515e-01  1.9209215e-02  3.82150e-04  1.00000e+00  1.92564e-02  1.92786e-02
9.731897399e-01  1.9175238e-02  3.81839e-04  1.00000e+00  1.92215e-02  1.92436e-02
9.735141365e-01  1.9145325e-02  3.81543e-04  1.00000e+00  1.91880e-02  1.92101e-02
9.738386412e-01  1.9121447e-02  3.81283e-04  1.00000e+00  1.91579e-02  1.91801e-02
9.741632541e-01  1.9105190e-02  3.81077e-04  1.00000e+00  1.91332e-02  1.91554e-02
9.744879752e-01  1.9097642e-02  3.80939e-04  1.00000e+00  1.91154e-02  1.91376e-02
9.748128045e-01  1.9099343e-02  3.80880e-04  1.00000e+00  1.91057e-02  1.91280e-02
9.751377421e-01  1.9110247e-02  3.80906e-04  1.00000e+00  1.91048e-02  1.91271e-02
9.754627880e-01  1.9129642e-02  3.81019e-04  1.00000e+00  1.91126e-02  1.91350e-02
9.757879423e-01  1.9156048e-02  3.81212e-04  1.00000e+00  1.91286e-02  1.91511e-02
9.761132050e-01  1.9187199e-02  3.81474e-04  1.00000e+00  1.91516e-02  1.91742e-02
9.764385760e-01  1.9220237e-02  3.81785e-04  1.00000e+00  1.91796e-02  1.92022e-02
9.767640555e-01  1.9252132e-02  3.82121e-04  1.00000e+00  1.92100e-02  1.92327e-02
9.770896436e-01  1.9280293e-02  3.82454e-04  1.00000e+00  1.92402e-02  1.92631e-02
9.774153401e-01  1.9303142e-02  3.82761e-04  1.00000e+00  1.92679e-02  1.92908e-02
9.777411452e-01  1.9320472e-02  3.83028e-04  1.00000e+00  1.92914e-02  1.93144e-02
9.780670589e-01  1.9333450e-02  3.83249e-04  1.00000e+00  1.93104e-02  1.93335e-02
9.783930813e-01  1.9344269e-02  3.83431e-04  1.00000e+00  1.93255e-02  1.93487e-02
9.787192123e-01  1.9355550e-02  3.83592e-04  1.00000e+00  1.93385e-02  1.93617e-02
9.790454521e-01  1.9369697e-02  3.83750e-04  1.00000e+00  1.93514e-02  1.93747e-02
9.793718005e-01  1.9388332e-02  3.83927e-04  1.00000e+00  1.93662e-02  1.93896e-02
9.796982578e-01  1.9411955e-02  3.84137e-04  1.00000e+00  1.93846e-02  1.94080e-02
9.800248239e-01  1.9439877e-02  3.84386e-04  1.00000e+00  1.94070e-02  1.94305e-02
9.803514988e-01  1.9470443e-02  3.84672e-04  1.00000e+00  1.94332e-02  1.94568e-02
9.806782827e-01  1.9501480e-02  3.84983e-04  1.00000e+00  1.94619e-02  1.94855e-02
9.810051754e-01  1.9530850e-02  3.85302e-04  1.00000e+00  1.94914e-02  1.95151e-02
9.813321772e-01  1.9556949e-02  3.85612e-04  1.00000e+00  1.95198e-02  1.95436e-02
9.816592879e-01  1.9579012e-02  3.85900e-04  1.00000e+00  1.95458e-02  1.95697e-02
9.819865076e-01  1.9597132e-02  3.86156e-04  1.00000e+00  1.95684e-02  1.95924e-02
9.823138365e-01  1.9612037e-02  3.86380e-04  1.00000e+00  1.95876e-02  1.96116e-02
9.826412744e-01  1.9624732e-02  3.86576e-04  1.00000e+00  1.96037e-02  1.96279e-02
9.829688215e-01  1.9636161e-02  3.86751e-04  1.00000e+00  1.96176e-02  1.96418e-02
9.832964778e-01  1.9646993e-02  3.86912e-04  1.00000e+00  1.96298e-02  1.96541e-02
9.836242433e-01  1.9657580e-02  3.87066e-04  1.00000e+00  1.96411e-02  1.96655e-02
9.839521180e-01  1.9668032e-02  3.87216e-04  1.00000e+00  1.96518e-02  1.96763e-02
9.842801021e-01  1.9678320e-02  3.87365e-04  1.00000e+00  1.96622e-02  1.96869e-02
9.846081954e-01  1.9688355e-02  3.87514e-04  1.00000e+00  1.96724e-02  1.96972e-02
9.849363982e-01  1.9698011e-02  3.87661e-04  1.00000e+00  1.96823e-02  1.97072e-02
9.852647103e-01  1.9707114e-02  3.87805e-04  1.00000e+00  1.96919e-02  1.97169e-02
9.855931319e-01  1.9715454e-02  3.87946e-04  1.00000e+00  1.97010e-02  1.97261e-02
9.859216629e-01  1.9722818e-02  3.88079e-04  1.00000e+00  1.97094e-02  1.97347e-02
9.862503035e-01  1.9729057e-02  3.88204e-04  1.00000e+00  1.97170e-02  1.97424e-02
9.865790536e-01  1.9734131e-02  3.88319e-04  1.00000e+00  1.97235e-02  1.97491e-02
9.869079133e-01  1.9738114e-02  3.88424e-04  1.00000e+00  1.97290e-02  1.97547e-02
9.872368826e-01  1.9741156e-02  3.88518e-04  1.00000e+00  1.97334e-02  1.97592e-02
9.875659615e-01  1.9743424e-02  3.88602e-04  1.00000e+00  1.97369e-02  1.97628e-02
9.878951502e-01  1.9745055e-02  3.88679e-04  1.00000e+00  1.97396e-02  1.97656e-02
9.882244486e-01  1.9746141e-02  3.88748e-04  1.00000e+00  1.97415e-02  1.97677e-02
9.885538567e-01  1.9746755e-02  3.88812e-04  1.00000e+00  1.97430e-02  1.97692e-02
9.888833747e-01  1.9746983e-02  3.88870e-04  1.00000e+00  1.97439e-02  1.97703e-02
9.892130025e-01  1.9746946e-02  3.88924e-04  1.00000e+00  1.97445e-02  1.97710e-02
9.895427401e-01  1.9746786e-02  3.88974e-04  1.00000e+00  1.97448e-02  1.97714e-02
9.898725877e-01  1.9746645e-02  3.89021e-04  1.00000e+00  1.97449e-02  1.97716e-02
9.902025452e-01  1.9746628e-02  3.89066e-04  1.00000e+00  1.97451e-02  1.97719e-02
9.905326127e-01  1.9746791e-02  3.89111e-04  1.00000e+00  1.97453e-02  1.97722e-02
9.908627903e-01  1.9747154e-02  3.89155e-04  1.00000e+00  1.97456e-02  1.97726e-02
9.911930779e-01  1.9747731e-02  3.89200e-04  1.00000e+00  1.97462e-02  1.97732e-02
9.915234756e-01  1.9748556e-02  3.89245e-04  1.00000e+00  1.97469e-02  1.97741e-02
9.918539834e-01  1.9749682e-02  3.89291e-04  1.00000e+00  1.97480e-02  1.97752e-02
9.921846014e-01  1.9751164e-02  3.89337e-04  1.00000e+00  1.97493e-02  1.97765e-02
9.925153296e-01  1.9753016e-02  3.89385e-04  1.00000e+00  1.97509e-02  1.97782e-02
9.928461680e-01  1.9755186e-02  3.89435e-04  1.00000e+00  1.97528e-02  1.97802e-02
9.931771168e-01  1.9757540e-02  3.89487e-04  1.00000e+00  1.97549e-02  1.97823e-02
9.935081758e-01  1.9759891e-02  3.89540e-04  1.00000e+00  1.97571e-02  1.97845e-02
9.938393452e-01  1.9762042e-02  3.89595e-04  1.00000e+00  1.97592e-02  1.97866e-02
9.941706250e-01  1.9763827e-02  3.89649e-04  1.00000e+00  1.97610e-02  1.97886e-02
9.945020152e-01  1.9765145e-02  3.89703e-04  1.00000e+00  1.97625e-02  1.97902e-02
9.948335159e-01  1.9765965e-02  3.89755e-04  1.00000e+00  1.97637e-02  1.97914e-02
9.951651270e-01  1.9766306e-02  3.89804e-04  1.00000e+00  1.97644e-02  1.97922e-02
9.954968487e-01  1.9766219e-02  3.89851e-04  1.00000e+00  1.97647e-02  1.97925e-02
9.958286810e-01  1.9765761e-02  3.89895e-04  1.00000e+00  1.97646e-02  1.97925e-02
9.961606239e-01  1.9764991e-02  3.89937e-04  1.00000e+00  1.97641e-02  1.97922e-02
9.964926775e-01  1.9763970e-02  3.89977e-04  1.00000e+00  1.97634e-02  1.97915e-02
9.968248417e-01  1.9762768e-02  3.90015e-04  1.00000e+00  1.97624e-02  1.97907e-02
9.971571166e-01  1.9761463e-02  3.90052e-04  1.00000e+00  1.97613e-02  1.97897e-02
9.974895023e-01  1.9760136e-02  3.90087e-04  1.00000e+00  1.97601e-02  1.97886e-02
9.978219988e-01  1.9758851e-02  3.90121e-04  1.00000e+00  1.97590e-02  1.97876e-02
9.981546062e-01  1.9757641e-02  3.90155e-04  1.00000e+00  1.97579e-02  1.97866e-02
9.984873244e-01  1.9756494e-02  3.90187e-04  1.00000e+00  1.97569e-02  1.97857e-02
9.988201535e-01  1.9755352e-02  3.90218e-04  1.00000e+00  1.97559e-02  1.97848e-02
9.991530935e-01  1.9754133e-02  3.90248e-04  1.00000e+00  1.97549e-02  1.97838e-02
9.994861446e-01  1.9752754e-02  3.90277e-04  1.00000e+00  1.97537e-02  1.97828e-02
9.998193066e-01  1.9751177e-02  3.90304e-04  1.00000e+00  1.97524e-02  1.97815e-02
1.000152580e+00  1.9749437e-02  3.90329e-04  1.00000e+00  1.97509e-02  1.97801e-02
1.000485964e+00  1.9747657e-02  3.90353e-04  1.00000e+00  1.97492e-02  1.97785e-02
1.000819459e+00  1.9746031e-02  3.90377e-04  1.00000e+00  1.97476e-02  1.97769e-02
1.001153066e+00  1.9744777e-02  3.90401e-04  1.00000e+00  1.97461e-02  1.97755e-02
1.001486783e+00  1.9744074e-02  3.90428e-04  1.00000e+00  1.97450e-02  1.97744e-02
1.001820612e+00  1.9744004e-02  3.90458e-04  1.00000e+00  1.97443e-02  1.97738e-02
1.002154553e+00  1.9744518e-02  3.90494e-04  1.00000e+00  1.97441e-02  1.97737e-02
1.002488604e+00  1.9745444e-02  3.90534e-04  1.00000e+00  1.97444e-02  1.97741e-02
1.002822767e+00  1.9746537e-02  3.90578e-04  1.00000e+00  1.97450e-02  1.97747e-02
1.003157041e+00  1.9747552e-02  3.90626e-04  1.00000e+00  1.97456e-02  1.97755e-02
1.003491427e+00  1.9748309e-02  3.90676e-04  1.00000e+00  1.97463e-02  1.97762e-02
1.003825924e+00  1.9748731e-02  3.90726e-04  1.00000e+00  1.97467e-02  1.97767e-02
1.004160533e+00  1.9748841e-02  3.90775e-04  1.00000e+00  1.97470e-02  1.97771e-02
1.004495253e+00  1.9748726e-02  3.90823e-04  1.00000e+00  1.97471e-02  1.97773e-02
1.004830085e+00  1.9748475e-02  3.90869e-04  1.00000e+00  1.97471e-02  1.97774e-02
1.005165028e+00  1.9748134e-02  3.90914e-04  1.00000e+00  1.97470e-02  1.97774e-02
1.005500083e+00  1.9747678e-02  3.90956e-04  1.00000e+00  1.97469e-02  1.97774e-02
1.005835250e+00  1.9747015e-02  3.90996e-04  1.00000e+00  1.97466e-02  1.97772e-02
1.006170528e+00  1.9746016e-02  3.91034e-04  1.00000e+00  1.97460e-02  1.97767e-02
1.006505918e+00  1.9744566e-02  3.91068e-04  1.00000e+00  1.97450e-02  1.97758e-02
1.006841420e+00  1.9742607e-02  3.91099e-04  1.00000e+00  1.97435e-02  1.97744e-02
1.007177034e+00  1.9740168e-02  3.91127e-04  1.00000e+00  1.97416e-02  1.97725e-02
1.007512760e+00  1.9737383e-02  3.91151e-04  1.00000e+00  1.97391e-02  1.97702e-02
1.007848597e+00  1.9734466e-02  3.91174e-04  1.00000e+00  1.97363e-02  1.97675e-02
1.008184547e+00  1.9731689e-02  3.91197e-04  1.00000e+00  1.97335e-02  1.97647e-02
1.008520608e+00  1.9729321e-02  3.91222e-04  1.00000e+00  1.97307e-02  1.97621e-02
1.008856782e+00  1.9727582e-02  3.91250e-04  1.00000e+00  1.97284e-02  1.97599e-02
1.009193067e+00  1.9726597e-02  3.91283e-04  1.00000e+00  1.97266e-02  1.97582e-02
1.009529465e+00  1.9726364e-02  3.91322e-04  1.00000e+00  1.97256e-02  1.97573e-02
1.009865975e+00  1.9726764e-02  3.91367e-04  1.00000e+00  1.97252e-02  1.97571e-02
1.010202597e+00  1.9727592e-02  3.91416e-04  1.00000e+00  1.97255e-02  1.97574e-02
1.010539331e+00  1.9728603e-02  3.91468e-04  1.00000e+00  1.97262e-02  1.97582e-02
1.010876178e+00  1.9729573e-02  3.91522e-04  1.00000e+00  1.97270e-02  1.97592e-02
1.011213136e+00  1.9730347e-02  3.91577e-04  1.00000e+00  1.97279e-02  1.97601e-02
1.011550207e+00  1.9730852e-02  3.91630e-04  1.00000e+00  1.97286e-02  1.97609e-02
1.011887391e+00  1.9731096e-02  3.91682e-04  1.00000e+00  1.97291e-02  1.97616e-02
1.012224687e+00  1.9731139e-02  3.91731e-04  1.00000e+00  1.97294e-02  1.97620e-02
1.012562095e+00  1.9731052e-02  3.91779e-04  1.00000e+00  1.97296e-02  1.97622e-02
1.012899615e+00  1.9730891e-02  3.91826e-04  1.00000e+00  1.97296e-02  1.97624e-02
1.013237249e+00  1.9730678e-02  3.91871e-04  1.00000e+00  1.97296e-02  1.97625e-02
1.013574994e+00  1.9730405e-02  3.91915e-04  1.00000e+00  1.97295e-02  1.97625e-02
1.013912853e+00  1.9730053e-02  3.91957e-04  1.00000e+00  1.97293e-02  1.97624e-02
1.014250824e+00  1.9729615e-02  3.91998e-04  1.00000e+00  1.97290e-02  1.97622e-02
1.014588907e+00  1.9729114e-02  3.92039e-04  1.00000e+00  1.97286e-02  1.97618e-02
1.014927104e+00  1.9728606e-02  3.92080e-04  1.00000e+00  1.97281e-02  1.97615e-02
1.015265413e+00  1.9728168e-02  3.92120e-04  1.00000e+00  1.97277e-02  1.97611e-02
1.015603834e+00  1.9727867e-02  3.92160e-04  1.00000e+00  1.97274e-02  1.97609e-02
1.015942369e+00  1.9727734e-02  3.92200e-04  1.00000e+00  1.97273e-02  1.97609e-02
1.016281017e+00  1.9727744e-02  3.92240e-04  1.00000e+00  1.97273e-02  1.97610e-02
1.016619777e+00  1.9727818e-02  3.92279e-04  1.00000e+00  1.97275e-02  1.97612e-02
1.016958650e+00  1.9727845e-02  3.92318e-04  1.00000e+00  1.97277e-02  1.97615e-02
1.017297636e+00  1.9727719e-02  3.92356e-04  1.00000e+00  1.97277e-02  1.97615e-02
1.017636736e+00  1.9727373e-02  3.92393e-04  1.00000e+00  1.97275e-02  1.97614e-02
1.017975948e+00  1.9726801e-02  3.92429e-04  1.00000e+00  1.97270e-02  1.97610e-02
1.018315273e+00  1.9726054e-02  3.92465e-04  1.00000e+00  1.97262e-02  1.97603e-02
1.018654712e+00  1.9725217e-02  3.92501e-04  1.00000e+00  1.97253e-02  1.97595e-02
1.018994263e+00  1.9724379e-02  3.92538e-04  1.00000e+00  1.97243e-02  1.97586e-02
1.019333928e+00  1.9723598e-02  3.92576e-04  1.00000e+00  1.97234e-02  1.97578e-02
1.019673706e+00  1.9722890e-02  3.92616e-04  1.00000e+00  1.97225e-02  1.97570e-02
1.020013597e+00  1.9722234e-02  3.92656e-04  1.00000e+00  1.97217e-02  1.97563e-02
1.020353602e+00  1.9721585e-02  3.92697e-04  1.00000e+00  1.97211e-02  1.97558e-02
1.020693719e+00  1.9720899e-02  3.92738e-04  1.00000e+00  1.97205e-02  1.97553e-02
1.021033951e+00  1.9720147e-02  3.92778e-04  1.00000e+00  1.97200e-02  1.97549e-02
1.021374295e+00  1.9719325e-02  3.92816e-04  1.00000e+00  1.97194e-02  1.97544e-02
1.021714753e+00  1.9718453e-02  3.92852e-04  1.00000e+00  1.97188e-02  1.97539e-02
1.022055325e+00  1.9717574e-02  3.92887e-04  1.00000e+00  1.97181e-02  1.97533e-02
1.022396010e+00  1.9716747e-02  3.92920e-04  1.00000e+00  1.97173e-02  1.97526e-02
1.022736809e+00  1.9716039e-02  3.92954e-04  1.00000e+00  1.97165e-02  1.97519e-02
1.023077721e+00  1.9715506e-02  3.92989e-04  1.00000e+00  1.97157e-02  1.97512e-02
1.023418747e+00  1.9715182e-02  3.93026e-04  1.00000e+00  1.97150e-02  1.97505e-02
1.023759887e+00  1.9715060e-02  3.93067e-04  1.00000e+00  1.97145e-02  1.97501e-02
1.024101140e+00  1.9715087e-02  3.93110e-04  1.00000e+00  1.97141e-02  1.97498e-02
1.024442507e+00  1.9715176e-02  3.93156e-04  1.00000e+00  1.97139e-02  1.97497e-02
1.024783988e+00  1.9715219e-02  3.93204e-04  1.00000e+00  1.97138e-02  1.97497e-02
1.025125582e+00  1.9715124e-02  3.93253e-04  1.00000e+00  1.97137e-02  1.97498e-02
1.025467291e+00  1.9714827e-02  3.93301e-04  1.00000e+00  1.97135e-02  1.97497e-02
1.025809113e+00  1.9714311e-02  3.93347e-04  1.00000e+00  1.97132e-02  1.97495e-02
1.026151050e+00  1.9713599e-02  3.93393e-04  1.00000e+00  1.97127e-02  1.97492e-02
1.026493100e+00  1.9712750e-02  3.93436e-04  1.00000e+00  1.97121e-02  1.97486e-02
1.026835264e+00  1.9711830e-02  3.93479e-04  1.00000e+00  1.97112e-02  1.97479e-02
1.027177543e+00  1.9710904e-02  3.93522e-04  1.00000e+00  1.97103e-02  1.97471e-02
1.027519935e+00  1.9710017e-02  3.93565e-04  1.00000e+00  1.97094e-02  1.97463e-02
1.027862442e+00  1.9709194e-02  3.93608e-04  1.00000e+00  1.97084e-02  1.97455e-02
1.028205063e+00  1.9708439e-02  3.93652e-04  1.00000e+00  1.97076e-02  1.97447e-02
1.028547798e+00  1.9707751e-02  3.93697e-04  1.00000e+00  1.97068e-02  1.97441e-02
1.028890647e+00  1.9707124e-02  3.93743e-04  1.00000e+00  1.97061e-02  1.97435e-02
1.029233611e+00  1.9706558e-02  3.93789e-04  1.00000e+00  1.97055e-02  1.97431e-02
1.029576689e+00  1.9706055e-02  3.93835e-04  1.00000e+00  1.97051e-02  1.97428e-02
1.029919881e+00  1.9705615e-02  3.93880e-04  1.00000e+00  1.97047e-02  1.97425e-02
1.030263187e+00  1.9705229e-02  3.93925e-04  1.00000e+00  1.97044e-02  1.97423e-02
1.030606609e+00  1.9704875e-02  3.93969e-04  1.00000e+00  1.97042e-02  1.97422e-02
1.030950144e+00  1.9704515e-02  3.94013e-04  1.00000e+00  1.97039e-02  1.97420e-02
1.031293794e+00  1.9704103e-02  3.94056e-04  1.00000e+00  1.97035e-02  1.97417e-02
1.031637559e+00  1.9703594e-02  3.94099e-04  1.00000e+00  1.97030e-02  1.97414e-02
1.031981438e+00  1.9702957e-02  3.94141e-04  1.00000e+00  1.97024e-02  1.97409e-02
1.032325432e+00  1.9702179e-02  3.94184e-04  1.00000e+00  1.97017e-02  1.97402e-02
1.032669540e+00  1.9701273e-02  3.94227e-04  1.00000e+00  1.97008e-02  1.97395e-02
1.033013763e+00  1.9700275e-02  3.94269e-04  1.00000e+00  1.96998e-02  1.97386e-02
1.033358101e+00  1.9699226e-02  3.94311e-04  1.00000e+00  1.96988e-02  1.97378e-02
1.033702554e+00  1.9698163e-02  3.94353e-04  1.00000e+00  1.96978e-02  1.97369e-02
1.034047121e+00  1.9697105e-02  3.94394e-04  1.00000e+00  1.96969e-02  1.97360e-02
1.034391804e+00  1.9696042e-02  3.94435e-04  1.00000e+00  1.96959e-02  1.97352e-02
1.034736601e+00  1.9694947e-02  3.94475e-04  1.00000e+00  1.96949e-02  1.97343e-02
1.035081513e+00  1.9693785e-02  3.94514e-04  1.00000e+00  1.96939e-02  1.97334e-02
1.035426540e+00  1.9692539e-02  3.94552e-04  1.00000e+00  1.96927e-02  1.97323e-02
1.035771683e+00  1.9691223e-02  3.94590e-04  1.00000e+00  1.96914e-02  1.97312e-02
1.036116940e+00  1.9689890e-02  3.94628e-04  1.00000e+00  1.96901e-02  1.97299e-02
1.036462312e+00  1.9688620e-02  3.94666e-04  1.00000e+00  1.96888e-02  1.97287e-02
1.036807800e+00  1.9687493e-02  3.94705e-04  1.00000e+00  1.96876e-02  1.97277e-02
1.037153402e+00  1.9686564e-02  3.94744e-04  1.00000e+00  1.96866e-02  1.97267e-02
1.037499120e+00  1.9685837e-02  3.94784e-04  1.00000e+00  1.96857e-02  1.97260e-02
1.037844953e+00  1.9685258e-02  3.94825e-04  1.00000e+00  1.96851e-02  1.97255e-02
1.038190901e+00  1.9684724e-02  3.94866e-04  1.00000e+00  1.96845e-02  1.97250e-02
1.038536965e+00  1.9684104e-02  3.94907e-04  1.00000e+00  1.96839e-02  1.97246e-02
1.038883144e+00  1.9683268e-02  3.94947e-04  1.00000e+00  1.96832e-02  1.97239e-02
1.039229438e+00  1.9682108e-02  3.94986e-04  1.00000e+00  1.96823e-02  1.97231e-02
1.039575848e+00  1.9680550e-02  3.95024e-04  1.00000e+00  1.96811e-02  1.97220e-02
1.039922374e+00  1.9678553e-02  3.95058e-04  1.00000e+00  1.96796e-02  1.97207e-02
1.040269014e+00  1.9676114e-02  3.95088e-04  1.00000e+00  1.96778e-02  1.97189e-02
1.040615771e+00  1.9673255e-02  3.95114e-04  1.00000e+00  1.96757e-02  1.97169e-02
1.040962643e+00  1.9670030e-02  3.95134e-04  1.00000e+00  1.96732e-02  1.97146e-02
1.041309630e+00  1.9666520e-02  3.95149e-04  1.00000e+00  1.96704e-02  1.97119e-02
1.041656733e+00  1.9662831e-02  3.95158e-04  1.00000e+00  1.96674e-02  1.97089e-02
1.042003952e+00  1.9659082e-02  3.95164e-04  1.00000e+00  1.96641e-02  1.97057e-02
1.042351287e+00  1.9655388e-02  3.95167e-04  1.00000e+00  1.96607e-02  1.97023e-02
1.042698737e+00  1.9651841e-02  3.95169e-04  1.00000e+00  1.96571e-02  1.96988e-02
1.043046304e+00  1.9648496e-02  3.95172e-04  1.00000e+00  1.96535e-02  1.96953e-02
1.043393986e+00  1.9645366e-02  3.95178e-04  1.00000e+00  1.96499e-02  1.96918e-02
1.043741784e+00  1.9642428e-02  3.95188e-04  1.00000e+00  1.96465e-02  1.96884e-02
1.044089698e+00  1.9639643e-02  3.95201e-04  1.00000e+00  1.96432e-02  1.96852e-02
1.044437727e+00  1.9636967e-02  3.95218e-04  1.00000e+00  1.96400e-02  1.96821e-02
1.044785873e+00  1.9634370e-02  3.95238e-04  1.00000e+00  1.96370e-02  1.96792e-02
1.045134135e+00  1.9631838e-02  3.95261e-04  1.00000e+00  1.96342e-02  1.96765e-02
1.045482513e+00  1.9629367e-02  3.95286e-04  1.00000e+00  1.96316e-02  1.96740e-02
1.045831008e+00  1.9626954e-02  3.95311e-04  1.00000e+00  1.96291e-02  1.96717e-02
1.046179618e+00  1.9624582e-02  3.95336e-04  1.00000e+00  1.96268e-02  1.96695e-02
1.046528344e+00  1.9622211e-02  3.95360e-04  1.00000e+00  1.96246e-02  1.96673e-02
1.046877187e+00  1.9619784e-02  3.95383e-04  1.00000e+00  1.96224e-02  1.96652e-02
1.047226146e+00  1.9617234e-02  3.95404e-04  1.00000e+00  1.96201e-02  1.96630e-02
1.047575222e+00  1.9614508e-02  3.95424e-04  1.00000e+00  1.96176e-02  1.96606e-02
1.047924413e+00  1.9611582e-02  3.95442e-04  1.00000e+00  1.96149e-02  1.96580e-02
1.048273722e+00  1.9608478e-02  3.95458e-04  1.00000e+00  1.96119e-02  1.96551e-02
1.048623146e+00  1.9605260e-02  3.95475e-04  1.00000e+00  1.96087e-02  1.96520e-02
1.048972687e+00  1.9602022e-02  3.95491e-04  1.00000e+00  1.96054e-02  1.96488e-02
1.049322345e+00  1.9598859e-02  3.95508e-04  1.00000e+00  1.96021e-02  1.96456e-02
1.049672119e+00  1.9595847e-02  3.95527e-04  1.00000e+00  1.95989e-02  1.96425e-02
1.050022010e+00  1.9593024e-02  3.95547e-04  1.00000e+00  1.95958e-02  1.96396e-02
1.050372017e+00  1.9590388e-02  3.95569e-04  1.00000e+00  1.95930e-02  1.96368e-02
1.050722141e+00  1.9587910e-02  3.95592e-04  1.00000e+00  1.95904e-02  1.96343e-02
1.051072382e+00  1.9585540e-02  3.95615e-04  1.00000e+00  1.95880e-02  1.96320e-02
1.051422739e+00  1.9583227e-02  3.95639e-04  1.00000e+00  1.95857e-02  1.96298e-02
1.051773213e+00  1.9580920e-02  3.95663e-04  1.00000e+00  1.95834e-02  1.96276e-02
1.052123804e+00  1.9578570e-02  3.95686e-04  1.00000e+00  1.95811e-02  1.96255e-02
1.052474512e+00  1.9576129e-02  3.95708e-04  1.00000e+00  1.95788e-02  1.96232e-02
1.052825337e+00  1.9573549e-02  3.95731e-04  1.00000e+00  1.95763e-02  1.96208e-02
1.053176279e+00  1.9570782e-02  3.95752e-04  1.00000e+00  1.95736e-02  1.96182e-02
1.053527338e+00  1.9567797e-02  3.95773e-04  1.00000e+00  1.95707e-02  1.96154e-02
1.053878513e+00  1.9564580e-02  3.95794e-04  1.00000e+00  1.95676e-02  1.96124e-02
1.054229806e+00  1.9561143e-02  3.95813e-04  1.00000e+00  1.95643e-02  1.96092e-02
1.054581216e+00  1.9557529e-02  3.95831e-04  1.00000e+00  1.95609e-02  1.96059e-02
1.054932743e+00  1.9553802e-02  3.95849e-04  1.00000e+00  1.95573e-02  1.96025e-02
1.055284388e+00  1.9550042e-02  3.95864e-04  1.00000e+00  1.95538e-02  1.95990e-02
1.055636149e+00  1.9546329e-02  3.95879e-04  1.00000e+00  1.95503e-02  1.95956e-02
1.055988028e+00  1.9542730e-02  3.95892e-04  1.00000e+00  1.95469e-02  1.95923e-02
1.056340024e+00  1.9539287e-02  3.95903e-04  1.00000e+00  1.95436e-02  1.95891e-02
1.056692137e+00  1.9536002e-02  3.95913e-04  1.00000e+00  1.95405e-02  1.95861e-02
1.057044368e+00  1.9532835e-02  3.95923e-04  1.00000e+00  1.95375e-02  1.95831e-02
1.057396716e+00  1.9529710e-02  3.95931e-04  1.00000e+00  1.95345e-02  1.95802e-02
1.057749182e+00  1.9526527e-02  3.95938e-04  1.00000e+00  1.95314e-02  1.95771e-02
1.058101765e+00  1.9523187e-02  3.95945e-04  1.00000e+00  1.95281e-02  1.95739e-02
1.058454465e+00  1.9519606e-02  3.95952e-04  1.00000e+00  1.95246e-02  1.95705e-02
1.058807283e+00  1.9515743e-02  3.95958e-04  1.00000e+00  1.95207e-02  1.95667e-02
1.059160219e+00  1.9511596e-02  3.95965e-04  1.00000e+00  1.95166e-02  1.95627e-02
1.059513272e+00  1.9507209e-02  3.95971e-04  1.00000e+00  1.95122e-02  1.95584e-02
1.059866444e+00  1.9502655e-02  3.95978e-04  1.00000e+00  1.95077e-02  1.95540e-02
1.060219732e+00  1.9498024e-02  3.95984e-04  1.00000e+00  1.95031e-02  1.95495e-02
1.060573139e+00  1.9493405e-02  3.95990e-04  1.00000e+00  1.94985e-02  1.95450e-02
1.060926663e+00  1.9488877e-02  3.95996e-04  1.00000e+00  1.94940e-02  1.95406e-02
1.061280306e+00  1.9484505e-02  3.96002e-04  1.00000e+00  1.94896e-02  1.95364e-02
1.061634066e+00  1.9480334e-02  3.96008e-04  1.00000e+00  1.94854e-02  1.95323e-02
1.061987944e+00  1.9476405e-02  3.96015e-04  1.00000e+00  1.94814e-02  1.95283e-02
1.062341940e+00  1.9472756e-02  3.96022e-04  1.00000e+00  1.94776e-02  1.95246e-02
1.062696054e+00  1.9469432e-02  3.96031e-04  1.00000e+00  1.94740e-02  1.95211e-02
1.063050286e+00  1.9466493e-02  3.96042e-04  1.00000e+00  1.94707e-02  1.95179e-02
1.063404636e+00  1.9464003e-02  3.96056e-04  1.00000e+00  1.94678e-02  1.95151e-02
1.063759104e+00  1.9462020e-02  3.96073e-04  1.00000e+00  1.94652e-02  1.95126e-02
1.064113690e+00  1.9460586e-02  3.96095e-04  1.00000e+00  1.94631e-02  1.95106e-02
1.064468395e+00  1.9459709e-02  3.96121e-04  1.00000e+00  1.94615e-02  1.95091e-02
1.064823218e+00  1.9459366e-02  3.96153e-04  1.00000e+00  1.94604e-02  1.95080e-02
1.065178159e+00  1.9459504e-02  3.96191e-04  1.00000e+00  1.94598e-02  1.95075e-02
1.065533218e+00  1.9460067e-02  3.96234e-04  1.00000e+00  1.94596e-02  1.95074e-02
1.065888396e+00  1.9461013e-02  3.96282e-04  1.00000e+00  1.94599e-02  1.95077e-02
1.066243692e+00  1.9462333e-02  3.96335e-04  1.00000e+00  1.94605e-02  1.95085e-02
1.066599107e+00  1.9464052e-02  3.96394e-04  1.00000e+00  1.94616e-02  1.95097e-02
1.066954640e+00  1.9466226e-02  3.96456e-04  1.00000e+00  1.94631e-02  1.95113e-02
1.067310291e+00  1.9468916e-02  3.96524e-04  1.00000e+00  1.94651e-02  1.95133e-02
1.067666061e+00  1.9472167e-02  3.96597e-04  1.00000e+00  1.94676e-02  1.95160e-02
1.068021950e+00  1.9475993e-02  3.96676e-04  1.00000e+00  1.94706e-02  1.95191e-02
1.068377957e+00  1.9480365e-02  3.96760e-04  1.00000e+00  1.94743e-02  1.95229e-02
1.068734083e+00  1.9485215e-02  3.96848e-04  1.00000e+00  1.94785e-02  1.95272e-02
1.069090328e+00  1.9490442e-02  3.96941e-04  1.00000e+00  1.94832e-02  1.95320e-02
1.069446691e+00  1.9495917e-02  3.97037e-04  1.00000e+00  1.94884e-02  1.95373e-02
1.069803174e+00  1.9501497e-02  3.97134e-04  1.00000e+00  1.94939e-02  1.95429e-02
1.070159775e+00  1.9507029e-02  3.97232e-04  1.00000e+00  1.94995e-02  1.95485e-02
1.070516495e+00  1.9512365e-02  3.97328e-04  1.00000e+00  1.95050e-02  1.95542e-02
1.070873333e+00  1.9517374e-02  3.97422e-04  1.00000e+00  1.95104e-02  1.95596e-02
1.071230291e+00  1.9521959e-02  3.97514e-04  1.00000e+00  1.95154e-02  1.95647e-02
1.071587368e+00  1.9526070e-02  3.97602e-04  1.00000e+00  1.95200e-02  1.95694e-02
1.071944564e+00  1.9529711e-02  3.97688e-04  1.00000e+00  1.95241e-02  1.95736e-02
1.072301879e+00  1.9532941e-02  3.97770e-04  1.00000e+00  1.95277e-02  1.95773e-02
1.072659313e+00  1.9535869e-02  3.97849e-04  1.00000e+00  1.95311e-02  1.95807e-02
1.073016866e+00  1.9538633e-02  3.97926e-04  1.00000e+00  1.95342e-02  1.95839e-02
1.073374538e+00  1.9541374e-02  3.98000e-04  1.00000e+00  1.95372e-02  1.95870e-02
1.073732329e+00  1.9544200e-02  3.98072e-04  1.00000e+00  1.95402e-02  1.95901e-02
1.074090240e+00  1.9547158e-02  3.98143e-04  1.00000e+00  1.95434e-02  1.95933e-02
1.074448270e+00  1.9550213e-02  3.98214e-04  1.00000e+00  1.95465e-02  1.95965e-02
1.074806420e+00  1.9553260e-02  3.98283e-04  1.00000e+00  1.95497e-02  1.95998e-02
1.075164689e+00  1.9556154e-02  3.98351e-04  1.00000e+00  1.95528e-02  1.96029e-02
1.075523077e+00  1.9558759e-02  3.98418e-04  1.00000e+00  1.95557e-02  1.96059e-02
1.075881584e+00  1.9560990e-02  3.98482e-04  1.00000e+00  1.95583e-02  1.96086e-02
1.076240212e+00  1.9562824e-02  3.98544e-04  1.00000e+00  1.95604e-02  1.96108e-02
1.076598958e+00  1.9564276e-02  3.98604e-04  1.00000e+00  1.95621e-02  1.96127e-02
1.076957825e+00  1.9565355e-02  3.98663e-04  1.00000e+00  1.95634e-02  1.96141e-02
1.077316811e+00  1.9566024e-02  3.98720e-04  1.00000e+00  1.95643e-02  1.96151e-02
1.077675916e+00  1.9566199e-02  3.98775e-04  1.00000e+00  1.95648e-02  1.96157e-02
1.078035142e+00  1.9565797e-02  3.98828e-04  1.00000e+00  1.95648e-02  1.96158e-02
1.078394487e+00  1.9564813e-02  3.98878e-04  1.00000e+00  1.95644e-02  1.96155e-02
1.078753951e+00  1.9563393e-02  3.98924e-04  1.00000e+00  1.95636e-02  1.96149e-02
1.079113536e+00  1.9561849e-02  3.98965e-04  1.00000e+00  1.95625e-02  1.96139e-02
1.079473241e+00  1.9560600e-02  3.99004e-04  1.00000e+00  1.95614e-02  1.96129e-02
1.079833065e+00  1.9560047e-02  3.99043e-04  1.00000e+00  1.95607e-02  1.96123e-02
1.080193009e+00  1.9560434e-02  3.99085e-04  1.00000e+00  1.95605e-02  1.96121e-02
1.080553074e+00  1.9561747e-02  3.99132e-04  1.00000e+00  1.95610e-02  1.96128e-02
1.080913258e+00  1.9563701e-02  3.99183e-04  1.00000e+00  1.95624e-02  1.96141e-02
1.081273563e+00  1.9565815e-02  3.99238e-04  1.00000e+00  1.95642e-02  1.96160e-02
1.081633987e+00  1.9567562e-02  3.99294e-04  1.00000e+00  1.95662e-02  1.96180e-02
1.081994532e+00  1.9568505e-02  3.99346e-04  1.00000e+00  1.95679e-02  1.96197e-02
1.082355197e+00  1.9568399e-02  3.99391e-04  1.00000e+00  1.95690e-02  1.96209e-02
1.082715982e+00  1.9567202e-02  3.99426e-04  1.00000e+00  1.95693e-02  1.96212e-02
1.083076887e+00  1.9565033e-02  3.99449e-04  1.00000e+00  1.95688e-02  1.96207e-02
1.083437913e+00  1.9562113e-02  3.99461e-04  1.00000e+00  1.95675e-02  1.96194e-02
1.083799059e+00  1.9558741e-02  3.99462e-04  1.00000e+00  1.95655e-02  1.96174e-02
1.084160325e+00  1.9555307e-02  3.99454e-04  1.00000e+00  1.95632e-02  1.96150e-02
1.084521712e+00  1.9552345e-02  3.99440e-04  1.00000e+00  1.95608e-02  1.96125e-02
1.084883219e+00  1.9550532e-02  3.99425e-04  1.00000e+00  1.95587e-02  1.96104e-02
1.085244847e+00  1.9550609e-02  3.99414e-04  1.00000e+00  1.95575e-02  1.96091e-02
1.085606595e+00  1.9553206e-02  3.99416e-04  1.00000e+00  1.95579e-02  1.96094e-02
1.085968464e+00  1.9558619e-02  3.99436e-04  1.00000e+00  1.95603e-02  1.96117e-02
1.086330453e+00  1.9566640e-02  3.99479e-04  1.00000e+00  1.95651e-02  1.96163e-02
1.086692563e+00  1.9576526e-02  3.99544e-04  1.00000e+00  1.95722e-02  1.96233e-02
1.087054794e+00  1.9587147e-02  3.99626e-04  1.00000e+00  1.95811e-02  1.96320e-02
1.087417146e+00  1.9597267e-02  3.99715e-04  1.00000e+00  1.95909e-02  1.96417e-02
1.087779618e+00  1.9605862e-02  3.99801e-04  1.00000e+00  1.96007e-02  1.96513e-02
1.088142211e+00  1.9612365e-02  3.99874e-04  1.00000e+00  1.96096e-02  1.96599e-02
1.088504926e+00  1.9616736e-02  3.99928e-04  1.00000e+00  1.96168e-02  1.96669e-02
1.088867761e+00  1.9619362e-02  3.99961e-04  1.00000e+00  1.96223e-02  1.96721e-02
1.089230716e+00  1.9620832e-02  3.99976e-04  1.00000e+00  1.96260e-02  1.96756e-02
1.089593793e+00  1.9621691e-02  3.99977e-04  1.00000e+00  1.96284e-02  1.96777e-02
1.089956991e+00  1.9622273e-02  3.99970e-04  1.00000e+00  1.96299e-02  1.96790e-02
1.090320310e+00  1.9622687e-02  3.99958e-04  1.00000e+00  1.96309e-02  1.96796e-02
1.090683750e+00  1.9622923e-02  3.99942e-04  1.00000e+00  1.96315e-02  1.96800e-02
1.091047312e+00  1.9623013e-02  3.99924e-04  1.00000e+00  1.96319e-02  1.96801e-02
1.091410994e+00  1.9623142e-02  3.99904e-04  1.00000e+00  1.96322e-02  1.96801e-02
1.091774798e+00  1.9623623e-02  3.99885e-04  1.00000e+00  1.96324e-02  1.96801e-02
1.092138723e+00  1.9624763e-02  3.99868e-04  1.00000e+00  1.96330e-02  1.96803e-02
1.092502769e+00  1.9626669e-02  3.99857e-04  1.00000e+00  1.96339e-02  1.96810e-02
1.092866936e+00  1.9629147e-02  3.99854e-04  1.00000e+00  1.96353e-02  1.96821e-02
1.093231225e+00  1.9631725e-02  3.99858e-04  1.00000e+00  1.96370e-02  1.96836e-02
1.093595636e+00  1.9633839e-02  3.99866e-04  1.00000e+00  1.96387e-02  1.96850e-02
1.093960168e+00  1.9635046e-02  3.99877e-04  1.00000e+00  1.96399e-02  1.96860e-02
1.094324821e+00  1.9635170e-02  3.99887e-04  1.00000e+00  1.96403e-02  1.96863e-02
1.094689596e+00  1.9634262e-02  3.99895e-04  1.00000e+00  1.96397e-02  1.96856e-02
1.095054493e+00  1.9632438e-02  3.99900e-04  1.00000e+00  1.96381e-02  1.96840e-02
1.095419511e+00  1.9629627e-02  3.99904e-04  1.00000e+00  1.96357e-02  1.96815e-02
1.095784651e+00  1.9625422e-02  3.99905e-04  1.00000e+00  1.96322e-02  1.96780e-02
1.096149912e+00  1.9619104e-02  3.99898e-04  1.00000e+00  1.96275e-02  1.96733e-02
1.096515295e+00  1.9609842e-02  3.99875e-04  1.00000e+00  1.96209e-02  1.96668e-02
1.096880801e+00  1.9597008e-02  3.99830e-04  1.00000e+00  1.96119e-02  1.96579e-02
1.097246428e+00  1.9580473e-02  3.99753e-04  1.00000e+00  1.96000e-02  1.96461e-02
1.097612176e+00  1.9560768e-02  3.99643e-04  1.00000e+00  1.95850e-02  1.96311e-02
1.097978047e+00  1.9539043e-02  3.99502e-04  1.00000e+00  1.95672e-02  1.96133e-02
1.098344040e+00  1.9516849e-02  3.99337e-04  1.00000e+00  1.95475e-02  1.95935e-02
1.098710154e+00  1.9495805e-02  3.99161e-04  1.00000e+00  1.95269e-02  1.95729e-02
1.099076391e+00  1.9477239e-02  3.98988e-04  1.00000e+00  1.95068e-02  1.95528e-02
1.099442750e+00  1.9461918e-02  3.98832e-04  1.00000e+00  1.94884e-02  1.95344e-02
1.099809231e+00  1.9449930e-02  3.98701e-04  1.00000e+00  1.94724e-02  1.95184e-02
1.100175834e+00  1.9440741e-02  3.98601e-04  1.00000e+00  1.94591e-02  1.95050e-02
1.100542559e+00  1.9433422e-02  3.98528e-04  1.00000e+00  1.94482e-02  1.94942e-02
1.100909407e+00  1.9426933e-02  3.98478e-04  1.00000e+00  1.94392e-02  1.94852e-02
1.101276377e+00  1.9420380e-02  3.98441e-04  1.00000e+00  1.94313e-02  1.94774e-02
1.101643469e+00  1.9413166e-02  3.98411e-04  1.00000e+00  1.94237e-02  1.94698e-02
1.102010683e+00  1.9404976e-02  3.98381e-04  1.00000e+00  1.94158e-02  1.94620e-02
1.102378020e+00  1.9395684e-02  3.98347e-04  1.00000e+00  1.94073e-02  1.94536e-02
1.102745479e+00  1.9385233e-02  3.98307e-04  1.00000e+00  1.93979e-02  1.94444e-02
1.103113061e+00  1.9373554e-02  3.98258e-04  1.00000e+00  1.93876e-02  1.94341e-02
1.103480766e+00  1.9360594e-02  3.98199e-04  1.00000e+00  1.93762e-02  1.94229e-02
1.103848592e+00  1.9346381e-02  3.98127e-04  1.00000e+00  1.93638e-02  1.94106e-02
1.104216542e+00  1.9331095e-02  3.98042e-04  1.00000e+00  1.93504e-02  1.93973e-02
1.104584614e+00  1.9315092e-02  3.97943e-04  1.00000e+00  1.93361e-02  1.93831e-02
1.104952809e+00  1.9298800e-02  3.97834e-04  1.00000e+00  1.93212e-02  1.93682e-02
1.105321127e+00  1.9282583e-02  3.97715e-04  1.00000e+00  1.93059e-02  1.93529e-02
1.105689567e+00  1.9266555e-02  3.97591e-04  1.00000e+00  1.92905e-02  1.93375e-02
1.106058130e+00  1.9250514e-02  3.97463e-04  1.00000e+00  1.92750e-02  1.93219e-02
1.106426816e+00  1.9233928e-02  3.97331e-04  1.00000e+00  1.92592e-02  1.93060e-02
1.106795625e+00  1.9216065e-02  3.97191e-04  1.00000e+00  1.92427e-02  1.92896e-02
1.107164557e+00  1.9196090e-02  3.97038e-04  1.00000e+00  1.92251e-02  1.92718e-02
1.107533612e+00  1.9173128e-02  3.96863e-04  1.00000e+00  1.92055e-02  1.92522e-02
1.107902790e+00  1.9146236e-02  3.96660e-04  1.00000e+00  1.91833e-02  1.92299e-02
1.108272091e+00  1.9114354e-02  3.96419e-04  1.00000e+00  1.91574e-02  1.92039e-02
1.108641515e+00  1.9076252e-02  3.96129e-04  1.00000e+00  1.91268e-02  1.91732e-02
1.109011062e+00  1.9030608e-02  3.95778e-04  1.00000e+00  1.90904e-02  1.91367e-02
1.109380732e+00  1.8976188e-02  3.95354e-04  1.00000e+00  1.90468e-02  1.90929e-02
1.109750526e+00  1.8911949e-02  3.94846e-04  1.00000e+00  1.89948e-02  1.90408e-02
1.110120443e+00  1.8837067e-02  3.94243e-04  1.00000e+00  1.89334e-02  1.89792e-02
1.110490483e+00  1.8750910e-02  3.93539e-04  1.00000e+00  1.88616e-02  1.89073e-02
1.110860646e+00  1.8652943e-02  3.92724e-04  1.00000e+00  1.87789e-02  1.88244e-02
1.111230933e+00  1.8542780e-02  3.91793e-04  1.00000e+00  1.86848e-02  1.87301e-02
1.111601344e+00  1.8420162e-02  3.90740e-04  1.00000e+00  1.85788e-02  1.86240e-02
1.111971877e+00  1.8284942e-02  3.89558e-04  1.00000e+00  1.84608e-02  1.85058e-02
1.112342535e+00  1.8136806e-02  3.88244e-04  1.00000e+00  1.83305e-02  1.83752e-02
1.112713315e+00  1.7974840e-02  3.86789e-04  1.00000e+00  1.81874e-02  1.82318e-02
1.113084220e+00  1.7797380e-02  3.85181e-04  1.00000e+00  1.80307e-02  1.80747e-02
1.113455248e+00  1.7602414e-02  3.83402e-04  1.00000e+00  1.78587e-02  1.79024e-02
1.113826400e+00  1.7388763e-02  3.81435e-04  1.00000e+00  1.76699e-02  1.77132e-02
1.114197675e+00  1.7157919e-02  3.79267e-04  1.00000e+00  1.74636e-02  1.75064e-02
1.114569074e+00  1.6915564e-02  3.76912e-04  1.00000e+00  1.72413e-02  1.72836e-02
1.114940597e+00  1.6672118e-02  3.74422e-04  1.00000e+00  1.70080e-02  1.70497e-02
1.115312244e+00  1.6441423e-02  3.71888e-04  1.00000e+00  1.67724e-02  1.68136e-02
1.115684015e+00  1.6237824e-02  3.69441e-04  1.00000e+00  1.65463e-02  1.65870e-02
1.116055910e+00  1.6072365e-02  3.67217e-04  1.00000e+00  1.63419e-02  1.63821e-02
1.116427928e+00  1.5949680e-02  3.65332e-04  1.00000e+00  1.61692e-02  1.62090e-02
1.116800071e+00  1.5866653e-02  3.63849e-04  1.00000e+00  1.60332e-02  1.60727e-02
1.117172338e+00  1.5813396e-02  3.62762e-04  1.00000e+00  1.59330e-02  1.59722e-02
1.117544728e+00  1.5776144e-02  3.61998e-04  1.00000e+00  1.58617e-02  1.59008e-02
1.117917243e+00  1.5740718e-02  3.61440e-04  1.00000e+00  1.58088e-02  1.58478e-02
1.118289882e+00  1.5695310e-02  3.60955e-04  1.00000e+00  1.57625e-02  1.58014e-02
1.118662646e+00  1.5631641e-02  3.60421e-04  1.00000e+00  1.57118e-02  1.57506e-02
1.119035533e+00  1.5544777e-02  3.59739e-04  1.00000e+00  1.56482e-02  1.56868e-02
1.119408545e+00  1.5432434e-02  3.58843e-04  1.00000e+00  1.55656e-02  1.56041e-02
1.119781681e+00  1.5294801e-02  3.57691e-04  1.00000e+00  1.54606e-02  1.54989e-02
1.120154942e+00  1.5135281e-02  3.56273e-04  1.00000e+00  1.53325e-02  1.53706e-02
1.120528327e+00  1.4961622e-02  3.54615e-04  1.00000e+00  1.51840e-02  1.52218e-02
1.120901836e+00  1.4786365e-02  3.52788e-04  1.00000e+00  1.50215e-02  1.50589e-02
1.121275470e+00  1.4625487e-02  3.50914e-04  1.00000e+00  1.48557e-02  1.48928e-02
1.121649229e+00  1.4495012e-02  3.49150e-04  1.00000e+00  1.47001e-02  1.47370e-02
1.122023112e+00  1.4406615e-02  3.47661e-04  1.00000e+00  1.45686e-02  1.46052e-02
1.122397120e+00  1.4363833e-02  3.46573e-04  1.00000e+00  1.44716e-02  1.45081e-02
1.122771252e+00  1.4360861e-02  3.45944e-04  1.00000e+00  1.44137e-02  1.44501e-02
1.123145509e+00  1.4384613e-02  3.45741e-04  1.00000e+00  1.43917e-02  1.44282e-02
1.123519891e+00  1.4419482e-02  3.45857e-04  1.00000e+00  1.43967e-02  1.44333e-02
1.123894397e+00  1.4452882e-02  3.46154e-04  1.00000e+00  1.44169e-02  1.44536e-02
1.124269029e+00  1.4479236e-02  3.46507e-04  1.00000e+00  1.44419e-02  1.44788e-02
1.124643785e+00  1.4500755e-02  3.46849e-04  1.00000e+00  1.44661e-02  1.45032e-02
1.125018667e+00  1.4524914e-02  3.47179e-04  1.00000e+00  1.44894e-02  1.45266e-02
1.125393673e+00  1.4560080e-02  3.47546e-04  1.00000e+00  1.45159e-02  1.45533e-02
1.125768804e+00  1.4611418e-02  3.48015e-04  1.00000e+00  1.45513e-02  1.45889e-02
1.126144060e+00  1.4679106e-02  3.48632e-04  1.00000e+00  1.45996e-02  1.46374e-02
1.126519442e+00  1.4759454e-02  3.49407e-04  1.00000e+00  1.46616e-02  1.46996e-02
1.126894948e+00  1.4848046e-02  3.50317e-04  1.00000e+00  1.47357e-02  1.47739e-02
1.127270580e+00  1.4943266e-02  3.51332e-04  1.00000e+00  1.48192e-02  1.48576e-02
1.127646337e+00  1.5048353e-02  3.52440e-04  1.00000e+00  1.49114e-02  1.49501e-02
1.128022219e+00  1.5170797e-02  3.53672e-04  1.00000e+00  1.50148e-02  1.50538e-02
1.128398226e+00  1.5319266e-02  3.55090e-04  1.00000e+00  1.51350e-02  1.51742e-02
1.128774359e+00  1.5499061e-02  3.56767e-04  1.00000e+00  1.52783e-02  1.53179e-02
1.129150617e+00  1.5707397e-02  3.58743e-04  1.00000e+00  1.54485e-02  1.54884e-02
1.129527000e+00  1.5930262e-02  3.60985e-04  1.00000e+00  1.56430e-02  1.56834e-02
1.129903509e+00  1.6141902e-02  3.63356e-04  1.00000e+00  1.58502e-02  1.58910e-02
1.130280144e+00  1.6307599e-02  3.65615e-04  1.00000e+00  1.60485e-02  1.60898e-02
1.130656904e+00  1.6389412e-02  3.67433e-04  1.00000e+00  1.62087e-02  1.62503e-02
1.131033790e+00  1.6353916e-02  3.68451e-04  1.00000e+00  1.62978e-02  1.63396e-02
1.131410801e+00  1.6180411e-02  3.68340e-04  1.00000e+00  1.62860e-02  1.63277e-02
1.131787938e+00  1.5867646e-02  3.66874e-04  1.00000e+00  1.61532e-02  1.61945e-02
1.132165201e+00  1.5437551e-02  3.63987e-04  1.00000e+00  1.58952e-02  1.59357e-02
1.132542589e+00  1.4934768e-02  3.59820e-04  1.00000e+00  1.55274e-02  1.55669e-02
1.132920103e+00  1.4421599e-02  3.54741e-04  1.00000e+00  1.50854e-02  1.51235e-02
1.133297743e+00  1.3968731e-02  3.49320e-04  1.00000e+00  1.46208e-02  1.46577e-02
1.133675509e+00  1.3643352e-02  3.44273e-04  1.00000e+00  1.41948e-02  1.42304e-02
1.134053401e+00  1.3496715e-02  3.40348e-04  1.00000e+00  1.38675e-02  1.39020e-02
1.134431419e+00  1.3554265e-02  3.38181e-04  1.00000e+00  1.36878e-02  1.37216e-02
1.134809563e+00  1.3810715e-02  3.38156e-04  1.00000e+00  1.36843e-02  1.37179e-02
1.135187832e+00  1.4231698e-02  3.40312e-04  1.00000e+00  1.38602e-02  1.38940e-02
1.135566228e+00  1.4761650e-02  3.44343e-04  1.00000e+00  1.41934e-02  1.42278e-02
1.135944750e+00  1.5335783e-02  3.49686e-04  1.00000e+00  1.46416e-02  1.46767e-02
1.136323399e+00  1.5892828e-02  3.55666e-04  1.00000e+00  1.51515e-02  1.51875e-02
1.136702173e+00  1.6385175e-02  3.61636e-04  1.00000e+00  1.56692e-02  1.57061e-02
1.137081074e+00  1.6784194e-02  3.67086e-04  1.00000e+00  1.61491e-02  1.61868e-02
1.137460101e+00  1.7080214e-02  3.71689e-04  1.00000e+00  1.65595e-02  1.65979e-02
1.137839254e+00  1.7278621e-02  3.75298e-04  1.00000e+00  1.68843e-02  1.69231e-02
1.138218534e+00  1.7394129e-02  3.77917e-04  1.00000e+00  1.71211e-02  1.71602e-02
1.138597940e+00  1.7445431e-02  3.79649e-04  1.00000e+00  1.72775e-02  1.73169e-02
1.138977473e+00  1.7451424e-02  3.80653e-04  1.00000e+00  1.73670e-02  1.74065e-02
1.139357132e+00  1.7429191e-02  3.81106e-04  1.00000e+00  1.74052e-02  1.74448e-02
1.139736918e+00  1.7392853e-02  3.81179e-04  1.00000e+00  1.74079e-02  1.74476e-02
1.140116830e+00  1.7352630e-02  3.81025e-04  1.00000e+00  1.73889e-02  1.74288e-02
1.140496869e+00  1.7313716e-02  3.80758e-04  1.00000e+00  1.73589e-02  1.73991e-02
1.140877035e+00  1.7275310e-02  3.80448e-04  1.00000e+00  1.73242e-02  1.73647e-02
1.141257327e+00  1.7230672e-02  3.80104e-04  1.00000e+00  1.72859e-02  1.73268e-02
1.141637746e+00  1.7168874e-02  3.79680e-04  1.00000e+00  1.72399e-02  1.72812e-02
1.142018292e+00  1.7078073e-02  3.79086e-04  1.00000e+00  1.71782e-02  1.72199e-02
1.142398965e+00  1.6949720e-02  3.78220e-04  1.00000e+00  1.70916e-02  1.71336e-02
1.142779764e+00  1.6782077e-02  3.76999e-04  1.00000e+00  1.69728e-02  1.70151e-02
1.143160691e+00  1.6581895e-02  3.75395e-04  1.00000e+00  1.68199e-02  1.68623e-02
1.143541744e+00  1.6363623e-02  3.73454e-04  1.00000e+00  1.66374e-02  1.66797e-02
1.143922925e+00  1.6146497e-02  3.71293e-04  1.00000e+00  1.64363e-02  1.64785e-02
1.144304233e+00  1.5950613e-02  3.69084e-04  1.00000e+00  1.62322e-02  1.62743e-02
1.144685667e+00  1.5793339e-02  3.67020e-04  1.00000e+00  1.60424e-02  1.60843e-02
1.145067229e+00  1.5686800e-02  3.65285e-04  1.00000e+00  1.58828e-02  1.59246e-02
1.145448918e+00  1.5636881e-02  3.64023e-04  1.00000e+00  1.57657e-02  1.58075e-02
1.145830735e+00  1.5643082e-02  3.63324e-04  1.00000e+00  1.56984e-02  1.57403e-02
1.146212678e+00  1.5699111e-02  3.63211e-04  1.00000e+00  1.56826e-02  1.57247e-02
1.146594749e+00  1.5793912e-02  3.63641e-04  1.00000e+00  1.57146e-02  1.57569e-02
1.146976947e+00  1.5913239e-02  3.64518e-04  1.00000e+00  1.57859e-02  1.58287e-02
1.147359273e+00  1.6041933e-02  3.65705e-04  1.00000e+00  1.58849e-02  1.59281e-02
1.147741726e+00  1.6166639e-02  3.67052e-04  1.00000e+00  1.59985e-02  1.60422e-02
1.148124307e+00  1.6278171e-02  3.68419e-04  1.00000e+00  1.61146e-02  1.61587e-02
1.148507015e+00  1.6372734e-02  3.69702e-04  1.00000e+00  1.62239e-02  1.62685e-02
1.148889851e+00  1.6451345e-02  3.70847e-04  1.00000e+00  1.63215e-02  1.63664e-02
1.149272814e+00  1.6517919e-02  3.71840e-04  1.00000e+00  1.64063e-02  1.64515e-02
1.149655905e+00  1.6576766e-02  3.72701e-04  1.00000e+00  1.64798e-02  1.65253e-02
1.150039123e+00  1.6630862e-02  3.73461e-04  1.00000e+00  1.65448e-02  1.65905e-02
1.150422470e+00  1.6681487e-02  3.74146e-04  1.00000e+00  1.66036e-02  1.66494e-02
1.150805944e+00  1.6729176e-02  3.74774e-04  1.00000e+00  1.66576e-02  1.67036e-02
1.151189546e+00  1.6775190e-02  3.75359e-04  1.00000e+00  1.67080e-02  1.67541e-02
1.151573276e+00  1.6822502e-02  3.75921e-04  1.00000e+00  1.67564e-02  1.68026e-02
1.151957133e+00  1.6875641e-02  3.76491e-04  1.00000e+00  1.68056e-02  1.68519e-02
1.152341119e+00  1.6939548e-02  3.77115e-04  1.00000e+00  1.68593e-02  1.69058e-02
1.152725233e+00  1.7017978e-02  3.77839e-04  1.00000e+00  1.69217e-02  1.69684e-02
1.153109475e+00  1.7112287e-02  3.78701e-04  1.00000e+00  1.69962e-02  1.70432e-02
1.153493844e+00  1.7221058e-02  3.79719e-04  1.00000e+00  1.70844e-02  1.71317e-02
1.153878342e+00  1.7340590e-02  3.80885e-04  1.00000e+00  1.71858e-02  1.72335e-02
1.154262969e+00  1.7465915e-02  3.82169e-04  1.00000e+00  1.72979e-02  1.73461e-02
1.154647723e+00  1.7591834e-02  3.83526e-04  1.00000e+00  1.74169e-02  1.74657e-02
1.155032605e+00  1.7713733e-02  3.84908e-04  1.00000e+00  1.75385e-02  1.75877e-02
1.155417616e+00  1.7827981e-02  3.86265e-04  1.00000e+00  1.76583e-02  1.77080e-02
1.155802756e+00  1.7932122e-02  3.87559e-04  1.00000e+00  1.77727e-02  1.78229e-02
1.156188023e+00  1.8024930e-02  3.88759e-04  1.00000e+00  1.78788e-02  1.79295e-02
1.156573419e+00  1.8106412e-02  3.89851e-04  1.00000e+00  1.79751e-02  1.80261e-02
1.156958944e+00  1.8177736e-02  3.90829e-04  1.00000e+00  1.80610e-02  1.81124e-02
1.157344597e+00  1.8241031e-02  3.91702e-04  1.00000e+00  1.81371e-02  1.81889e-02
1.157730378e+00  1.8299034e-02  3.92488e-04  1.00000e+00  1.82052e-02  1.82573e-02
1.158116288e+00  1.8354690e-02  3.93210e-04  1.00000e+00  1.82674e-02  1.83199e-02
1.158502327e+00  1.8410753e-02  3.93896e-04  1.00000e+00  1.83265e-02  1.83792e-02
1.158888494e+00  1.8469498e-02  3.94570e-04  1.00000e+00  1.83849e-02  1.84379e-02
1.159274791e+00  1.8532556e-02  3.95256e-04  1.00000e+00  1.84449e-02  1.84982e-02
1.159661216e+00  1.8600803e-02  3.95972e-04  1.00000e+00  1.85081e-02  1.85616e-02
1.160047769e+00  1.8674280e-02  3.96728e-04  1.00000e+00  1.85754e-02  1.86293e-02
1.160434452e+00  1.8752147e-02  3.97528e-04  1.00000e+00  1.86472e-02  1.87013e-02
1.160821263e+00  1.8832653e-02  3.98368e-04  1.00000e+00  1.87229e-02  1.87773e-02
1.161208204e+00  1.8913244e-02  3.99235e-04  1.00000e+00  1.88010e-02  1.88557e-02
1.161595273e+00  1.8990753e-02  4.00106e-04  1.00000e+00  1.88795e-02  1.89345e-02
1.161982472e+00  1.9061770e-02  4.00954e-04  1.00000e+00  1.89557e-02  1.90110e-02
1.162369799e+00  1.9123106e-02  4.01748e-04  1.00000e+00  1.90266e-02  1.90823e-02
1.162757256e+00  1.9172329e-02  4.02456e-04  1.00000e+00  1.90894e-02  1.91454e-02
1.163144841e+00  1.9208271e-02  4.03054e-04  1.00000e+00  1.91417e-02  1.91980e-02
1.163532556e+00  1.9231404e-02  4.03528e-04  1.00000e+00  1.91823e-02  1.92388e-02
1.163920401e+00  1.9243922e-02  4.03878e-04  1.00000e+00  1.92111e-02  1.92678e-02
1.164308374e+00  1.9249482e-02  4.04120e-04  1.00000e+00  1.92296e-02  1.92865e-02
1.164696477e+00  1.9252555e-02  4.04285e-04  1.00000e+00  1.92408e-02  1.92977e-02
1.165084709e+00  1.9257579e-02  4.04411e-04  1.00000e+00  1.92482e-02  1.93052e-02
1.165473071e+00  1.9268047e-02  4.04540e-04  1.00000e+00  1.92557e-02  1.93129e-02
1.165861562e+00  1.9285862e-02  4.04705e-04  1.00000e+00  1.92666e-02  1.93239e-02
1.166250182e+00  1.9311075e-02  4.04928e-04  1.00000e+00  1.92830e-02  1.93404e-02
1.166638932e+00  1.9342109e-02  4.05214e-04  1.00000e+00  1.93055e-02  1.93631e-02
1.167027812e+00  1.9376321e-02  4.05556e-04  1.00000e+00  1.93334e-02  1.93911e-02
1.167416821e+00  1.9410742e-02  4.05932e-04  1.00000e+00  1.93646e-02  1.94226e-02
1.167805960e+00  1.9442729e-02  4.06319e-04  1.00000e+00  1.93969e-02  1.94551e-02
1.168195229e+00  1.9470385e-02  4.06693e-04  1.00000e+00  1.94279e-02  1.94862e-02
1.168584627e+00  1.9492651e-02  4.07034e-04  1.00000e+00  1.94557e-02  1.95142e-02
1.168974155e+00  1.9509141e-02  4.07330e-04  1.00000e+00  1.94790e-02  1.95377e-02
1.169363813e+00  1.9519830e-02  4.07575e-04  1.00000e+00  1.94971e-02  1.95559e-02
1.169753601e+00  1.9524733e-02  4.07766e-04  1.00000e+00  1.95097e-02  1.95687e-02
1.170143519e+00  1.9523740e-02  4.07900e-04  1.00000e+00  1.95166e-02  1.95759e-02
1.170533567e+00  1.9516620e-02  4.07977e-04  1.00000e+00  1.95179e-02  1.95772e-02
1.170923745e+00  1.9503295e-02  4.07992e-04  1.00000e+00  1.95132e-02  1.95727e-02
1.171314053e+00  1.9484225e-02  4.07944e-04  1.00000e+00  1.95028e-02  1.95624e-02
1.171704491e+00  1.9460812e-02  4.07838e-04  1.00000e+00  1.94870e-02  1.95466e-02
1.172095059e+00  1.9435589e-02  4.07683e-04  1.00000e+00  1.94670e-02  1.95267e-02
1.172485757e+00  1.9412024e-02  4.07503e-04  1.00000e+00  1.94451e-02  1.95048e-02
1.172876586e+00  1.9393902e-02  4.07326e-04  1.00000e+00  1.94240e-02  1.94837e-02
1.173267545e+00  1.9384383e-02  4.07186e-04  1.00000e+00  1.94069e-02  1.94665e-02
1.173658634e+00  1.9385034e-02  4.07114e-04  1.00000e+00  1.93966e-02  1.94561e-02
1.174049853e+00  1.9395185e-02  4.07128e-04  1.00000e+00  1.93944e-02  1.94539e-02
1.174441203e+00  1.9411937e-02  4.07227e-04  1.00000e+00  1.94003e-02  1.94598e-02
1.174832684e+00  1.9430852e-02  4.07392e-04  1.00000e+00  1.94122e-02  1.94717e-02
1.175224295e+00  1.9447211e-02  4.07590e-04  1.00000e+00  1.94268e-02  1.94864e-02
1.175616036e+00  1.9457376e-02  4.07782e-04  1.00000e+00  1.94403e-02  1.95000e-02
1.176007908e+00  1.9459802e-02  4.07938e-04  1.00000e+00  1.94495e-02  1.95094e-02
1.176399911e+00  1.9455311e-02  4.08039e-04  1.00000e+00  1.94530e-02  1.95131e-02
1.176792044e+00  1.9446539e-02  4.08086e-04  1.00000e+00  1.94508e-02  1.95111e-02
1.177184308e+00  1.9436760e-02  4.08095e-04  1.00000e+00  1.94447e-02  1.95052e-02
1.177576703e+00  1.9428561e-02  4.08088e-04  1.00000e+00  1.94371e-02  1.94978e-02
1.177969228e+00  1.9422833e-02  4.08086e-04  1.00000e+00  1.94299e-02  1.94908e-02
1.178361885e+00  1.9418471e-02  4.08096e-04  1.00000e+00  1.94241e-02  1.94851e-02
1.178754672e+00  1.9412865e-02  4.08110e-04  1.00000e+00  1.94190e-02  1.94802e-02
1.179147590e+00  1.9402986e-02  4.08109e-04  1.00000e+00  1.94128e-02  1.94741e-02
1.179540640e+00  1.9386687e-02  4.08071e-04  1.00000e+00  1.94032e-02  1.94646e-02
1.179933820e+00  1.9363729e-02  4.07979e-04  1.00000e+00  1.93884e-02  1.94499e-02
1.180327131e+00  1.9336189e-02  4.07829e-04  1.00000e+00  1.93681e-02  1.94296e-02
1.180720573e+00  1.9308066e-02  4.07637e-04  1.00000e+00  1.93437e-02  1.94052e-02
1.181114147e+00  1.9284203e-02  4.07437e-04  1.00000e+00  1.93182e-02  1.93798e-02
1.181507852e+00  1.9268913e-02  4.07269e-04  1.00000e+00  1.92955e-02  1.93573e-02
1.181901688e+00  1.9264808e-02  4.07171e-04  1.00000e+00  1.92795e-02  1.93414e-02
1.182295655e+00  1.9272237e-02  4.07170e-04  1.00000e+00  1.92726e-02  1.93347e-02
1.182689753e+00  1.9289473e-02  4.07273e-04  1.00000e+00  1.92757e-02  1.93381e-02
1.183083983e+00  1.9313445e-02  4.07470e-04  1.00000e+00  1.92881e-02  1.93507e-02
1.183478345e+00  1.9340627e-02  4.07738e-04  1.00000e+00  1.93076e-02  1.93704e-02
1.183872837e+00  1.9367671e-02  4.08046e-04  1.00000e+00  1.93313e-02  1.93943e-02
1.184267462e+00  1.9391657e-02  4.08363e-04  1.00000e+00  1.93562e-02  1.94194e-02
1.184662218e+00  1.9410104e-02  4.08659e-04  1.00000e+00  1.93795e-02  1.94428e-02
1.185057105e+00  1.9421031e-02  4.08909e-04  1.00000e+00  1.93984e-02  1.94619e-02
1.185452124e+00  1.9423274e-02  4.09092e-04  1.00000e+00  1.94111e-02  1.94746e-02
1.185847275e+00  1.9417035e-02  4.09196e-04  1.00000e+00  1.94161e-02  1.94798e-02
1.186242557e+00  1.9404326e-02  4.09221e-04  1.00000e+00  1.94136e-02  1.94773e-02
1.186637971e+00  1.9388976e-02  4.09183e-04  1.00000e+00  1.94050e-02  1.94687e-02
1.187033517e+00  1.9375984e-02  4.09115e-04  1.00000e+00  1.93934e-02  1.94571e-02
1.187429195e+00  1.9370324e-02  4.09058e-04  1.00000e+00  1.93829e-02  1.94466e-02
1.187825005e+00  1.9375615e-02  4.09057e-04  1.00000e+00  1.93776e-02  1.94414e-02
1.188220947e+00  1.9393153e-02  4.09146e-04  1.00000e+00  1.93810e-02  1.94449e-02
1.188617020e+00  1.9421644e-02  4.09343e-04  1.00000e+00  1.93945e-02  1.94585e-02
1.189013226e+00  1.9457705e-02  4.09642e-04  1.00000e+00  1.94176e-02  1.94818e-02
1.189409564e+00  1.9496890e-02  4.10020e-04  1.00000e+00  1.94481e-02  1.95125e-02
1.189806033e+00  1.9534819e-02  4.10443e-04  1.00000e+00  1.94825e-02  1.95472e-02
1.190202635e+00  1.9568060e-02  4.10874e-04  1.00000e+00  1.95173e-02  1.95823e-02
1.190599370e+00  1.9594555e-02  4.11278e-04  1.00000e+00  1.95492e-02  1.96145e-02
1.190996236e+00  1.9613627e-02  4.11635e-04  1.00000e+00  1.95761e-02  1.96418e-02
1.191393235e+00  1.9625704e-02  4.11931e-04  1.00000e+00  1.95968e-02  1.96629e-02
1.191790366e+00  1.9631937e-02  4.12166e-04  1.00000e+00  1.96114e-02  1.96778e-02
1.192187629e+00  1.9633842e-02  4.12345e-04  1.00000e+00  1.96204e-02  1.96871e-02
1.192585025e+00  1.9632993e-02  4.12478e-04  1.00000e+00  1.96250e-02  1.96921e-02
1.192982554e+00  1.9630779e-02  4.12578e-04  1.00000e+00  1.96266e-02  1.96940e-02
1.193380214e+00  1.9628224e-02  4.12656e-04  1.00000e+00  1.96263e-02  1.96940e-02
1.193778008e+00  1.9625854e-02  4.12722e-04  1.00000e+00  1.96252e-02  1.96931e-02
1.194175934e+00  1.9623659e-02  4.12780e-04  1.00000e+00  1.96239e-02  1.96920e-02
1.194573993e+00  1.9621135e-02  4.12833e-04  1.00000e+00  1.96223e-02  1.96906e-02
1.194972184e+00  1.9617418e-02  4.12876e-04  1.00000e+00  1.96203e-02  1.96887e-02
1.195370508e+00  1.9611505e-02  4.12904e-04  1.00000e+00  1.96170e-02  1.96856e-02
1.195768965e+00  1.9602524e-02  4.12909e-04  1.00000e+00  1.96118e-02  1.96804e-02
1.196167554e+00  1.9590043e-02  4.12884e-04  1.00000e+00  1.96037e-02  1.96725e-02
1.196566277e+00  1.9574287e-02  4.12826e-04  1.00000e+00  1.95926e-02  1.96614e-02
1.196965132e+00  1.9556238e-02  4.12737e-04  1.00000e+00  1.95784e-02  1.96473e-02
1.197364121e+00  1.9537512e-02  4.12626e-04  1.00000e+00  1.95620e-02  1.96309e-02
1.197763242e+00  1.9519994e-02  4.12505e-04  1.00000e+00  1.95446e-02  1.96136e-02
1.198162497e+00  1.9505328e-02  4.12392e-04  1.00000e+00  1.95278e-02  1.95969e-02
1.198561884e+00  1.9494394e-02  4.12300e-04  1.00000e+00  1.95130e-02  1.95821e-02
1.198961405e+00  1.9486966e-02  4.12239e-04  1.00000e+00  1.95010e-02  1.95703e-02
1.199361058e+00  1.9481638e-02  4.12209e-04  1.00000e+00  1.94919e-02  1.95613e-02
1.199760845e+00  1.9476092e-02  4.12200e-04  1.00000e+00  1.94847e-02  1.95543e-02
1.200160766e+00  1.9467604e-02  4.12192e-04  1.00000e+00  1.94775e-02  1.95473e-02
1.200560819e+00  1.9453700e-02  4.12164e-04  1.00000e+00  1.94683e-02  1.95382e-02
1.200961006e+00  1.9432818e-02  4.12091e-04  1.00000e+00  1.94548e-02  1.95249e-02
1.201361327e+00  1.9404864e-02  4.11959e-04  1.00000e+00  1.94357e-02  1.95059e-02
1.201761780e+00  1.9371526e-02  4.11764e-04  1.00000e+00  1.94106e-02  1.94808e-02
1.202162368e+00  1.9336244e-02  4.11519e-04  1.00000e+00  1.93806e-02  1.94509e-02
1.202563088e+00  1.9303716e-02  4.11251e-04  1.00000e+00  1.93484e-02  1.94189e-02
1.202963943e+00  1.9278965e-02  4.11002e-04  1.00000e+00  1.93179e-02  1.93885e-02
1.203364931e+00  1.9266141e-02  4.10815e-04  1.00000e+00  1.92933e-02  1.93640e-02
1.203766052e+00  1.9267414e-02  4.10732e-04  1.00000e+00  1.92783e-02  1.93491e-02
1.204167308e+00  1.9282315e-02  4.10774e-04  1.00000e+00  1.92752e-02  1.93463e-02
1.204568697e+00  1.9307836e-02  4.10943e-04  1.00000e+00  1.92842e-02  1.93555e-02
1.204970220e+00  1.9339259e-02  4.11218e-04  1.00000e+00  1.93034e-02  1.93750e-02
1.205371876e+00  1.9371457e-02  4.11561e-04  1.00000e+00  1.93293e-02  1.94013e-02
1.205773667e+00  1.9400199e-02  4.11927e-04  1.00000e+00  1.93578e-02  1.94301e-02
1.206175592e+00  1.9423050e-02  4.12277e-04  1.00000e+00  1.93851e-02  1.94576e-02
1.206577650e+00  1.9439615e-02  4.12585e-04  1.00000e+00  1.94086e-02  1.94813e-02
1.206979843e+00  1.9451157e-02  4.12841e-04  1.00000e+00  1.94273e-02  1.95002e-02
1.207382169e+00  1.9459832e-02  4.13051e-04  1.00000e+00  1.94414e-02  1.95145e-02
1.207784630e+00  1.9467850e-02  4.13229e-04  1.00000e+00  1.94525e-02  1.95258e-02
1.208187225e+00  1.9476824e-02  4.13395e-04  1.00000e+00  1.94620e-02  1.95355e-02
1.208589954e+00  1.9487476e-02  4.13563e-04  1.00000e+00  1.94716e-02  1.95453e-02
1.208992817e+00  1.9499700e-02  4.13741e-04  1.00000e+00  1.94821e-02  1.95561e-02
1.209395815e+00  1.9512867e-02  4.13932e-04  1.00000e+00  1.94937e-02  1.95680e-02
1.209798947e+00  1.9526218e-02  4.14131e-04  1.00000e+00  1.95063e-02  1.95807e-02
1.210202213e+00  1.9539186e-02  4.14333e-04  1.00000e+00  1.95193e-02  1.95939e-02
1.210605614e+00  1.9551520e-02  4.14533e-04  1.00000e+00  1.95321e-02  1.96070e-02
1.211009149e+00  1.9563218e-02  4.14728e-04  1.00000e+00  1.95446e-02  1.96197e-02
1.211412819e+00  1.9574339e-02  4.14918e-04  1.00000e+00  1.95564e-02  1.96317e-02
1.211816623e+00  1.9584834e-02  4.15103e-04  1.00000e+00  1.95675e-02  1.96431e-02
1.212220562e+00  1.9594497e-02  4.15284e-04  1.00000e+00  1.95779e-02  1.96537e-02
1.212624636e+00  1.9603063e-02  4.15459e-04  1.00000e+00  1.95874e-02  1.96635e-02
1.213028844e+00  1.9610378e-02  4.15627e-04  1.00000e+00  1.95959e-02  1.96723e-02
1.213433187e+00  1.9616532e-02  4.15785e-04  1.00000e+00  1.96034e-02  1.96802e-02
1.213837664e+00  1.9621833e-02  4.15934e-04  1.00000e+00  1.96100e-02  1.96871e-02
1.214242277e+00  1.9626636e-02  4.16073e-04  1.00000e+00  1.96160e-02  1.96933e-02
1.214647024e+00  1.9631093e-02  4.16205e-04  1.00000e+00  1.96215e-02  1.96991e-02
1.215051907e+00  1.9634973e-02  4.16330e-04  1.00000e+00  1.96265e-02  1.97044e-02
1.215456924e+00  1.9637645e-02  4.16444e-04  1.00000e+00  1.96308e-02  1.97089e-02
1.215862076e+00  1.9638274e-02  4.16544e-04  1.00000e+00  1.96339e-02  1.97121e-02
1.216267364e+00  1.9636147e-02  4.16624e-04  1.00000e+00  1.96350e-02  1.97134e-02
1.216672786e+00  1.9631008e-02  4.16679e-04  1.00000e+00  1.96336e-02  1.97122e-02
1.217078344e+00  1.9623264e-02  4.16707e-04  1.00000e+00  1.96295e-02  1.97083e-02
1.217484037e+00  1.9613958e-02  4.16711e-04  1.00000e+00  1.96230e-02  1.97021e-02
1.217889865e+00  1.9604529e-02  4.16699e-04  1.00000e+00  1.96151e-02  1.96943e-02
1.218295828e+00  1.9596409e-02  4.16682e-04  1.00000e+00  1.96068e-02  1.96862e-02
1.218701926e+00  1.9590628e-02  4.16671e-04  1.00000e+00  1.95994e-02  1.96790e-02
1.219108160e+00  1.9587563e-02  4.16676e-04  1.00000e+00  1.95937e-02  1.96735e-02
1.219514530e+00  1.9586911e-02  4.16701e-04  1.00000e+00  1.95903e-02  1.96702e-02
1.219921035e+00  1.9587905e-02  4.16744e-04  1.00000e+00  1.95889e-02  1.96689e-02
1.220327675e+00  1.9589669e-02  4.16802e-04  1.00000e+00  1.95891e-02  1.96691e-02
1.220734451e+00  1.9591570e-02  4.16869e-04  1.00000e+00  1.95901e-02  1.96702e-02
1.221141362e+00  1.9593428e-02  4.16941e-04  1.00000e+00  1.95914e-02  1.96717e-02
1.221548410e+00  1.9595530e-02  4.17017e-04  1.00000e+00  1.95928e-02  1.96732e-02
1.221955592e+00  1.9598442e-02  4.17100e-04  1.00000e+00  1.95944e-02  1.96750e-02
1.222362911e+00  1.9602740e-02  4.17195e-04  1.00000e+00  1.95967e-02  1.96776e-02
1.222770365e+00  1.9608746e-02  4.17307e-04  1.00000e+00  1.96002e-02  1.96813e-02
1.223177955e+00  1.9616394e-02  4.17438e-04  1.00000e+00  1.96052e-02  1.96866e-02
1.223585681e+00  1.9625234e-02  4.17587e-04  1.00000e+00  1.96117e-02  1.96934e-02
1.223993543e+00  1.9634584e-02  4.17750e-04  1.00000e+00  1.96196e-02  1.97016e-02
1.224401541e+00  1.9643737e-02  4.17920e-04  1.00000e+00  1.96282e-02  1.97105e-02
1.224809675e+00  1.9652163e-02  4.18091e-04  1.00000e+00  1.96370e-02  1.97197e-02
1.225217945e+00  1.9659626e-02  4.18256e-04  1.00000e+00  1.96456e-02  1.97285e-02
1.225626351e+00  1.9666187e-02  4.18413e-04  1.00000e+00  1.96535e-02  1.97367e-02
1.226034893e+00  1.9672112e-02  4.18559e-04  1.00000e+00  1.96607e-02  1.97441e-02
1.226443571e+00  1.9677719e-02  4.18698e-04  1.00000e+00  1.96672e-02  1.97509e-02
1.226852386e+00  1.9683244e-02  4.18832e-04  1.00000e+00  1.96733e-02  1.97572e-02
1.227261336e+00  1.9688760e-02  4.18963e-04  1.00000e+00  1.96791e-02  1.97632e-02
1.227670424e+00  1.9694180e-02  4.19092e-04  1.00000e+00  1.96847e-02  1.97691e-02
1.228079647e+00  1.9699317e-02  4.19219e-04  1.00000e+00  1.96902e-02  1.97748e-02
1.228489007e+00  1.9703973e-02  4.19343e-04  1.00000e+00  1.96954e-02  1.97803e-02
1.228898503e+00  1.9707997e-02  4.19463e-04  1.00000e+00  1.97002e-02  1.97853e-02
1.229308136e+00  1.9711314e-02  4.19576e-04  1.00000e+00  1.97045e-02  1.97898e-02
1.229717905e+00  1.9713904e-02  4.19681e-04  1.00000e+00  1.97082e-02  1.97937e-02
1.230127811e+00  1.9715778e-02  4.19778e-04  1.00000e+00  1.97113e-02  1.97969e-02
1.230537854e+00  1.9716964e-02  4.19867e-04  1.00000e+00  1.97136e-02  1.97994e-02
1.230948033e+00  1.9717507e-02  4.19949e-04  1.00000e+00  1.97151e-02  1.98011e-02
1.231358349e+00  1.9717495e-02  4.20023e-04  1.00000e+00  1.97160e-02  1.98021e-02
1.231768802e+00  1.9717059e-02  4.20092e-04  1.00000e+00  1.97162e-02  1.98026e-02
1.232179392e+00  1.9716366e-02  4.20157e-04  1.00000e+00  1.97160e-02  1.98025e-02
1.232590118e+00  1.9715584e-02  4.20220e-04  1.00000e+00  1.97154e-02  1.98021e-02
1.233000982e+00  1.9714834e-02  4.20283e-04  1.00000e+00  1.97146e-02  1.98015e-02
1.233411982e+00  1.9714161e-02  4.20346e-04  1.00000e+00  1.97138e-02  1.98009e-02
1.233823119e+00  1.9713525e-02  4.20411e-04  1.00000e+00  1.97130e-02  1.98003e-02
1.234234394e+00  1.9712822e-02  4.20476e-04  1.00000e+00  1.97122e-02  1.97998e-02
1.234645805e+00  1.9711931e-02  4.20542e-04  1.00000e+00  1.97114e-02  1.97992e-02
1.235057354e+00  1.9710745e-02  4.20606e-04  1.00000e+00  1.97104e-02  1.97985e-02
1.235469039e+00  1.9709205e-02  4.20669e-04  1.00000e+00  1.97092e-02  1.97976e-02
1.235880862e+00  1.9707305e-02  4.20728e-04  1.00000e+00  1.97078e-02  1.97963e-02
1.236292823e+00  1.9705076e-02  4.20785e-04  1.00000e+00  1.97059e-02  1.97948e-02
1.236704920e+00  1.9702573e-02  4.20839e-04  1.00000e+00  1.97038e-02  1.97929e-02
1.237117155e+00  1.9699856e-02  4.20891e-04  1.00000e+00  1.97013e-02  1.97907e-02
1.237529528e+00  1.9696982e-02  4.20941e-04  1.00000e+00  1.96987e-02  1.97884e-02
1.237942038e+00  1.9694004e-02  4.20989e-04  1.00000e+00  1.96960e-02  1.97859e-02
1.238354685e+00  1.9690973e-02  4.21035e-04  1.00000e+00  1.96933e-02  1.97834e-02
1.238767470e+00  1.9687937e-02  4.21080e-04  1.00000e+00  1.96905e-02  1.97809e-02
1.239180392e+00  1.9684933e-02  4.21122e-04  1.00000e+00  1.96878e-02  1.97784e-02
1.239593452e+00  1.9681981e-02  4.21162e-04  1.00000e+00  1.96851e-02  1.97758e-02
1.240006650e+00  1.9679066e-02  4.21201e-04  1.00000e+00  1.96824e-02  1.97733e-02
1.240419986e+00  1.9676137e-02  4.21238e-04  1.00000e+00  1.96796e-02  1.97707e-02
1.240833459e+00  1.9673108e-02  4.21274e-04  1.00000e+00  1.96767e-02  1.97680e-02
1.241247070e+00  1.9669866e-02  4.21309e-04  1.00000e+00  1.96736e-02  1.97651e-02
1.241660819e+00  1.9666297e-02  4.21344e-04  1.00000e+00  1.96702e-02  1.97618e-02
1.242074706e+00  1.9662308e-02  4.21377e-04  1.00000e+00  1.96664e-02  1.97583e-02
1.242488731e+00  1.9657845e-02  4.21409e-04  1.00000e+00  1.96622e-02  1.97543e-02
1.242902894e+00  1.9652905e-02  4.21439e-04  1.00000e+00  1.96575e-02  1.97499e-02
1.243317195e+00  1.9647534e-02  4.21467e-04  1.00000e+00  1.96525e-02  1.97452e-02
1.243731634e+00  1.9641811e-02  4.21492e-04  1.00000e+00  1.96473e-02  1.97402e-02
1.244146211e+00  1.9635825e-02  4.21513e-04  1.00000e+00  1.96417e-02  1.97349e-02
1.244560927e+00  1.9629648e-02  4.21531e-04  1.00000e+00  1.96361e-02  1.97295e-02
1.244975780e+00  1.9623309e-02  4.21545e-04  1.00000e+00  1.96303e-02  1.97240e-02
1.245390772e+00  1.9616779e-02  4.21555e-04  1.00000e+00  1.96244e-02  1.97182e-02
1.245805903e+00  1.9609967e-02  4.21560e-04  1.00000e+00  1.96182e-02  1.97123e-02
1.246221171e+00  1.9602735e-02  4.21560e-04  1.00000e+00  1.96117e-02  1.97060e-02
1.246636578e+00  1.9594916e-02  4.21555e-04  1.00000e+00  1.96048e-02  1.96991e-02
1.247052124e+00  1.9586342e-02  4.21543e-04  1.00000e+00  1.95971e-02  1.96916e-02
1.247467808e+00  1.9576872e-02  4.21525e-04  1.00000e+00  1.95885e-02  1.96833e-02
1.247883630e+00  1.9566416e-02  4.21500e-04  1.00000e+00  1.95791e-02  1.96740e-02
1.248299592e+00  1.9554940e-02  4.21467e-04  1.00000e+00  1.95686e-02  1.96638e-02
1.248715691e+00  1.9542481e-02  4.21428e-04  1.00000e+00  1.95572e-02  1.96527e-02
1.249131930e+00  1.9529135e-02  4.21380e-04  1.00000e+00  1.95450e-02  1.96407e-02
1.249548307e+00  1.9515058e-02  4.21324e-04  1.00000e+00  1.95320e-02  1.96280e-02
1.249964823e+00  1.9500434e-02  4.21261e-04  1.00000e+00  1.95184e-02  1.96146e-02
1.250381478e+00  1.9485452e-02  4.21190e-04  1.00000e+00  1.95044e-02  1.96009e-02
1.250798272e+00  1.9470269e-02  4.21113e-04  1.00000e+00  1.94902e-02  1.95868e-02
1.251215205e+00  1.9454981e-02  4.21028e-04  1.00000e+00  1.94757e-02  1.95724e-02
1.251632277e+00  1.9439587e-02  4.20939e-04  1.00000e+00  1.94610e-02  1.95579e-02
1.252049487e+00  1.9423994e-02  4.20844e-04  1.00000e+00  1.94461e-02  1.95430e-02
1.252466837e+00  1.9408027e-02  4.20743e-04  1.00000e+00  1.94309e-02  1.95279e-02
1.252884326e+00  1.9391471e-02  4.20637e-04  1.00000e+00  1.94152e-02  1.95122e-02
1.253301954e+00  1.9374104e-02  4.20525e-04  1.00000e+00  1.93988e-02  1.94959e-02
1.253719722e+00  1.9355732e-02  4.20404e-04  1.00000e+00  1.93816e-02  1.94787e-02
1.254137628e+00  1.9336184e-02  4.20275e-04  1.00000e+00  1.93635e-02  1.94607e-02
1.254555674e+00  1.9315293e-02  4.20134e-04  1.00000e+00  1.93443e-02  1.94415e-02
1.254973859e+00  1.9292837e-02  4.19979e-04  1.00000e+00  1.93239e-02  1.94212e-02
1.255392184e+00  1.9268468e-02  4.19808e-04  1.00000e+00  1.93021e-02  1.93995e-02
1.255810648e+00  1.9241658e-02  4.19615e-04  1.00000e+00  1.92786e-02  1.93759e-02
1.256229252e+00  1.9211678e-02  4.19395e-04  1.00000e+00  1.92528e-02  1.93501e-02
1.256647995e+00  1.9177603e-02  4.19140e-04  1.00000e+00  1.92241e-02  1.93213e-02
1.257066877e+00  1.9138402e-02  4.18841e-04  1.00000e+00  1.91915e-02  1.92886e-02
1.257485900e+00  1.9093051e-02  4.18490e-04  1.00000e+00  1.91540e-02  1.92510e-02
1.257905062e+00  1.9040703e-02  4.18076e-04  1.00000e+00  1.91107e-02  1.92075e-02
1.258324363e+00  1.8980824e-02  4.17593e-04  1.00000e+00  1.90607e-02  1.91574e-02
1.258743805e+00  1.8913341e-02  4.17035e-04  1.00000e+00  1.90036e-02  1.91001e-02
1.259163386e+00  1.8838678e-02  4.16399e-04  1.00000e+00  1.89393e-02  1.90356e-02
1.259583107e+00  1.8757757e-02  4.15689e-04  1.00000e+00  1.88679e-02  1.89641e-02
1.260002968e+00  1.8671875e-02  4.14910e-04  1.00000e+00  1.87904e-02  1.88863e-02
1.260422969e+00  1.8582606e-02  4.14074e-04  1.00000e+00  1.87078e-02  1.88035e-02
1.260843110e+00  1.8491691e-02  4.13193e-04  1.00000e+00  1.86215e-02  1.87168e-02
1.261263391e+00  1.8400958e-02  4.12285e-04  1.00000e+00  1.85329e-02  1.86280e-02
1.261683812e+00  1.8312329e-02  4.11367e-04  1.00000e+00  1.84439e-02  1.85386e-02
1.262104374e+00  1.8227797e-02  4.10460e-04  1.00000e+00  1.83561e-02  1.84506e-02
1.262525075e+00  1.8149310e-02  4.09585e-04  1.00000e+00  1.82715e-02  1.83656e-02
1.262945917e+00  1.8078440e-02  4.08763e-04  1.00000e+00  1.81919e-02  1.82858e-02
1.263366899e+00  1.8015840e-02  4.08012e-04  1.00000e+00  1.81188e-02  1.82124e-02
1.263788021e+00  1.7960588e-02  4.07340e-04  1.00000e+00  1.80529e-02  1.81462e-02
1.264209284e+00  1.7909652e-02  4.06740e-04  1.00000e+00  1.79935e-02  1.80867e-02
1.264630687e+00  1.7857855e-02  4.06186e-04  1.00000e+00  1.79383e-02  1.80313e-02
1.265052230e+00  1.7798623e-02  4.05631e-04  1.00000e+00  1.78831e-02  1.79759e-02
1.265473914e+00  1.7725657e-02  4.05014e-04  1.00000e+00  1.78224e-02  1.79151e-02
1.265895739e+00  1.7635337e-02  4.04276e-04  1.00000e+00  1.77511e-02  1.78435e-02
1.266317704e+00  1.7529169e-02  4.03382e-04  1.00000e+00  1.76659e-02  1.77580e-02
1.266739810e+00  1.7415394e-02  4.02339e-04  1.00000e+00  1.75678e-02  1.76595e-02
1.267162057e+00  1.7308812e-02  4.01220e-04  1.00000e+00  1.74630e-02  1.75544e-02
1.267584444e+00  1.7228361e-02  4.00156e-04  1.00000e+00  1.73635e-02  1.74545e-02
1.268006972e+00  1.7192821e-02  3.99326e-04  1.00000e+00  1.72847e-02  1.73754e-02
1.268429641e+00  1.7215812e-02  3.98911e-04  1.00000e+00  1.72425e-02  1.73332e-02
1.268852451e+00  1.7301769e-02  3.99056e-04  1.00000e+00  1.72493e-02  1.73403e-02
1.269275402e+00  1.7444367e-02  3.99824e-04  1.00000e+00  1.73109e-02  1.74024e-02
1.269698494e+00  1.7627996e-02  4.01178e-04  1.00000e+00  1.74244e-02  1.75166e-02
1.270121727e+00  1.7831755e-02  4.02991e-04  1.00000e+00  1.75788e-02  1.76721e-02
1.270545100e+00  1.8034527e-02  4.05076e-04  1.00000e+00  1.77582e-02  1.78526e-02
1.270968616e+00  1.8219439e-02  4.07234e-04  1.00000e+00  1.79450e-02  1.80406e-02
1.271392272e+00  1.8376455e-02  4.09291e-04  1.00000e+00  1.81237e-02  1.82204e-02
1.271816069e+00  1.8502691e-02  4.11129e-04  1.00000e+00  1.82835e-02  1.83812e-02
1.272240008e+00  1.8600916e-02  4.12691e-04  1.00000e+00  1.84190e-02  1.85176e-02
1.272664088e+00  1.8677131e-02  4.13978e-04  1.00000e+00  1.85299e-02  1.86292e-02
1.273088309e+00  1.8738205e-02  4.15026e-04  1.00000e+00  1.86192e-02  1.87192e-02
1.273512672e+00  1.8790177e-02  4.15891e-04  1.00000e+00  1.86918e-02  1.87923e-02
1.273937176e+00  1.8837438e-02  4.16629e-04  1.00000e+00  1.87526e-02  1.88536e-02
1.274361822e+00  1.8882680e-02  4.17286e-04  1.00000e+00  1.88059e-02  1.89075e-02
1.274786609e+00  1.8927275e-02  4.17898e-04  1.00000e+00  1.88549e-02  1.89569e-02
1.275211538e+00  1.8971798e-02  4.18486e-04  1.00000e+00  1.89016e-02  1.90042e-02
1.275636609e+00  1.9016430e-02  4.19062e-04  1.00000e+00  1.89472e-02  1.90503e-02
1.276061821e+00  1.9061192e-02  4.19632e-04  1.00000e+00  1.89925e-02  1.90961e-02
1.276487175e+00  1.9105981e-02  4.20199e-04  1.00000e+00  1.90377e-02  1.91418e-02
1.276912670e+00  1.9150535e-02  4.20761e-04  1.00000e+00  1.90828e-02  1.91874e-02
1.277338308e+00  1.9194397e-02  4.21318e-04  1.00000e+00  1.91278e-02  1.92328e-02
1.277764087e+00  1.9236966e-02  4.21863e-04  1.00000e+00  1.91720e-02  1.92774e-02
1.278190009e+00  1.9277596e-02  4.22394e-04  1.00000e+00  1.92151e-02  1.93208e-02
1.278616072e+00  1.9315730e-02  4.22904e-04  1.00000e+00  1.92563e-02  1.93624e-02
1.279042278e+00  1.9351002e-02  4.23390e-04  1.00000e+00  1.92951e-02  1.94016e-02
1.279468625e+00  1.9383267e-02  4.23848e-04  1.00000e+00  1.93312e-02  1.94381e-02
1.279895114e+00  1.9412574e-02  4.24278e-04  1.00000e+00  1.93644e-02  1.94717e-02
1.280321746e+00  1.9439093e-02  4.24679e-04  1.00000e+00  1.93948e-02  1.95025e-02
1.280748520e+00  1.9463038e-02  4.25052e-04  1.00000e+00  1.94225e-02  1.95306e-02
1.281175436e+00  1.9484622e-02  4.25399e-04  1.00000e+00  1.94477e-02  1.95561e-02
1.281602495e+00  1.9504028e-02  4.25719e-04  1.00000e+00  1.94707e-02  1.95794e-02
1.282029696e+00  1.9521422e-02  4.26014e-04  1.00000e+00  1.94914e-02  1.96005e-02
1.282457039e+00  1.9536956e-02  4.26286e-04  1.00000e+00  1.95102e-02  1.96195e-02
1.282884524e+00  1.9550788e-02  4.26534e-04  1.00000e+00  1.95271e-02  1.96366e-02
1.283312153e+00  1.9563080e-02  4.26761e-04  1.00000e+00  1.95421e-02  1.96519e-02
1.283739923e+00  1.9573985e-02  4.26969e-04  1.00000e+00  1.95556e-02  1.96656e-02
1.284167837e+00  1.9583631e-02  4.27160e-04  1.00000e+00  1.95676e-02  1.96778e-02
1.284595893e+00  1.9592104e-02  4.27333e-04  1.00000e+00  1.95783e-02  1.96886e-02
1.285024091e+00  1.9599437e-02  4.27492e-04  1.00000e+00  1.95877e-02  1.96982e-02
1.285452433e+00  1.9605632e-02  4.27635e-04  1.00000e+00  1.95960e-02  1.97065e-02
1.285880917e+00  1.9610698e-02  4.27763e-04  1.00000e+00  1.96030e-02  1.97136e-02
1.286309544e+00  1.9614692e-02  4.27878e-04  1.00000e+00  1.96087e-02  1.97195e-02
1.286738314e+00  1.9617752e-02  4.27982e-04  1.00000e+00  1.96133e-02  1.97241e-02
1.287167226e+00  1.9620103e-02  4.28076e-04  1.00000e+00  1.96167e-02  1.97276e-02
1.287596282e+00  1.9622023e-02  4.28165e-04  1.00000e+00  1.96191e-02  1.97302e-02
1.288025481e+00  1.9623786e-02  4.28251e-04  1.00000e+00  1.96211e-02  1.97323e-02
1.288454823e+00  1.9625604e-02  4.28338e-04  1.00000e+00  1.96227e-02  1.97342e-02
1.288884308e+00  1.9627586e-02  4.28426e-04  1.00000e+00  1.96244e-02  1.97360e-02
1.289313936e+00  1.9629734e-02  4.28516e-04  1.00000e+00  1.96263e-02  1.97381e-02
1.289743707e+00  1.9631964e-02  4.28608e-04  1.00000e+00  1.96284e-02  1.97405e-02
1.290173622e+00  1.9634139e-02  4.28700e-04  1.00000e+00  1.96306e-02  1.97429e-02
1.290603679e+00  1.9636097e-02  4.28791e-04  1.00000e+00  1.96328e-02  1.97453e-02
1.291033881e+00  1.9637659e-02  4.28880e-04  1.00000e+00  1.96348e-02  1.97474e-02
1.291464225e+00  1.9638627e-02  4.28966e-04  1.00000e+00  1.96362e-02  1.97490e-02
1.291894713e+00  1.9638775e-02  4.29048e-04  1.00000e+00  1.96369e-02  1.97499e-02
1.292325345e+00  1.9637874e-02  4.29126e-04  1.00000e+00  1.96368e-02  1.97501e-02
1.292756120e+00  1.9635741e-02  4.29197e-04  1.00000e+00  1.96358e-02  1.97494e-02
1.293187039e+00  1.9632296e-02  4.29258e-04  1.00000e+00  1.96339e-02  1.97478e-02
1.293618101e+00  1.9627624e-02  4.29307e-04  1.00000e+00  1.96311e-02  1.97453e-02
1.294049307e+00  1.9621991e-02  4.29341e-04  1.00000e+00  1.96275e-02  1.97418e-02
1.294480657e+00  1.9615816e-02  4.29362e-04  1.00000e+00  1.96231e-02  1.97376e-02
1.294912151e+00  1.9609586e-02  4.29371e-04  1.00000e+00  1.96183e-02  1.97328e-02
1.295343788e+00  1.9603743e-02  4.29371e-04  1.00000e+00  1.96132e-02  1.97278e-02
1.295775569e+00  1.9598565e-02  4.29368e-04  1.00000e+00  1.96082e-02  1.97228e-02
1.296207494e+00  1.9594080e-02  4.29366e-04  1.00000e+00  1.96034e-02  1.97180e-02
1.296639564e+00  1.9590040e-02  4.29366e-04  1.00000e+00  1.95989e-02  1.97134e-02
1.297071777e+00  1.9585982e-02  4.29370e-04  1.00000e+00  1.95945e-02  1.97090e-02
1.297504134e+00  1.9581378e-02  4.29375e-04  1.00000e+00  1.95900e-02  1.97045e-02
1.297936635e+00  1.9575799e-02  4.29378e-04  1.00000e+00  1.95850e-02  1.96996e-02
1.298369281e+00  1.9569070e-02  4.29375e-04  1.00000e+00  1.95793e-02  1.96940e-02
1.298802071e+00  1.9561297e-02  4.29363e-04  1.00000e+00  1.95728e-02  1.96875e-02
1.299235005e+00  1.9552757e-02  4.29343e-04  1.00000e+00  1.95653e-02  1.96802e-02
1.299668083e+00  1.9543689e-02  4.29315e-04  1.00000e+00  1.95572e-02  1.96721e-02
1.300101306e+00  1.9534064e-02  4.29281e-04  1.00000e+00  1.95485e-02  1.96634e-02
1.300534673e+00  1.9523496e-02  4.29240e-04  1.00000e+00  1.95391e-02  1.96541e-02
1.300968184e+00  1.9511338e-02  4.29188e-04  1.00000e+00  1.95286e-02  1.96437e-02
1.301401840e+00  1.9496979e-02  4.29122e-04  1.00000e+00  1.95167e-02  1.96318e-02
1.301835641e+00  1.9480167e-02  4.29036e-04  1.00000e+00  1.95028e-02  1.96180e-02
1.302269586e+00  1.9461249e-02  4.28928e-04  1.00000e+00  1.94868e-02  1.96020e-02
1.302703676e+00  1.9441128e-02  4.28800e-04  1.00000e+00  1.94690e-02  1.95842e-02
1.303137911e+00  1.9420996e-02  4.28660e-04  1.00000e+00  1.94500e-02  1.95652e-02
1.303572290e+00  1.9401932e-02  4.28516e-04  1.00000e+00  1.94308e-02  1.95460e-02
1.304006814e+00  1.9384577e-02  4.28377e-04  1.00000e+00  1.94122e-02  1.95275e-02
1.304441483e+00  1.9369017e-02  4.28248e-04  1.00000e+00  1.93950e-02  1.95102e-02
1.304876297e+00  1.9354930e-02  4.28131e-04  1.00000e+00  1.93793e-02  1.94944e-02
1.305311256e+00  1.9341867e-02  4.28025e-04  1.00000e+00  1.93650e-02  1.94800e-02
1.305746359e+00  1.9329482e-02  4.27927e-04  1.00000e+00  1.93517e-02  1.94666e-02
1.306181608e+00  1.9317620e-02  4.27833e-04  1.00000e+00  1.93393e-02  1.94540e-02
1.306617002e+00  1.9306239e-02  4.27744e-04  1.00000e+00  1.93274e-02  1.94419e-02
1.307052541e+00  1.9295274e-02  4.27659e-04  1.00000e+00  1.93158e-02  1.94302e-02
1.307488225e+00  1.9284575e-02  4.27577e-04  1.00000e+00  1.93046e-02  1.94188e-02
1.307924055e+00  1.9273945e-02  4.27500e-04  1.00000e+00  1.92934e-02  1.94075e-02
1.308360029e+00  1.9263207e-02  4.27426e-04  1.00000e+00  1.92822e-02  1.93961e-02
1.308796149e+00  1.9252208e-02  4.27357e-04  1.00000e+00  1.92707e-02  1.93847e-02
1.309232415e+00  1.9240638e-02  4.27289e-04  1.00000e+00  1.92590e-02  1.93729e-02
1.309668825e+00  1.9227820e-02  4.27222e-04  1.00000e+00  1.92466e-02  1.93606e-02
1.310105382e+00  1.9212656e-02  4.27146e-04  1.00000e+00  1.92332e-02  1.93473e-02
1.310542084e+00  1.9193881e-02  4.27053e-04  1.00000e+00  1.92178e-02  1.93321e-02
1.310978931e+00  1.9170670e-02  4.26928e-04  1.00000e+00  1.91996e-02  1.93141e-02
1.311415924e+00  1.9143327e-02  4.26762e-04  1.00000e+00  1.91781e-02  1.92926e-02
1.311853063e+00  1.9113766e-02  4.26556e-04  1.00000e+00  1.91533e-02  1.92679e-02
1.312290347e+00  1.9085323e-02  4.26324e-04  1.00000e+00  1.91268e-02  1.92413e-02
1.312727777e+00  1.9061962e-02  4.26092e-04  1.00000e+00  1.91010e-02  1.92153e-02
1.313165353e+00  1.9047054e-02  4.25894e-04  1.00000e+00  1.90789e-02  1.91931e-02
1.313603075e+00  1.9042168e-02  4.25763e-04  1.00000e+00  1.90633e-02  1.91773e-02
1.314040942e+00  1.9046386e-02  4.25717e-04  1.00000e+00  1.90556e-02  1.91695e-02
1.314478956e+00  1.9056361e-02  4.25754e-04  1.00000e+00  1.90555e-02  1.91692e-02
1.314917116e+00  1.9067101e-02  4.25851e-04  1.00000e+00  1.90606e-02  1.91743e-02
1.315355421e+00  1.9073162e-02  4.25968e-04  1.00000e+00  1.90673e-02  1.91810e-02
1.315793873e+00  1.9069938e-02  4.26057e-04  1.00000e+00  1.90712e-02  1.91849e-02
1.316232471e+00  1.9054645e-02  4.26073e-04  1.00000e+00  1.90683e-02  1.91819e-02
1.316671215e+00  1.9026864e-02  4.25986e-04  1.00000e+00  1.90558e-02  1.91694e-02
1.317110106e+00  1.8988586e-02  4.25785e-04  1.00000e+00  1.90328e-02  1.91462e-02
1.317549142e+00  1.8943770e-02  4.25479e-04  1.00000e+00  1.90003e-02  1.91135e-02
1.317988325e+00  1.8897531e-02  4.25100e-04  1.00000e+00  1.89611e-02  1.90741e-02
1.318427655e+00  1.8855116e-02  4.24691e-04  1.00000e+00  1.89191e-02  1.90320e-02
1.318867131e+00  1.8820854e-02  4.24302e-04  1.00000e+00  1.88790e-02  1.89916e-02
1.319306753e+00  1.8797342e-02  4.23975e-04  1.00000e+00  1.88445e-02  1.89570e-02
1.319746522e+00  1.8785088e-02  4.23741e-04  1.00000e+00  1.88185e-02  1.89308e-02
1.320186438e+00  1.8782750e-02  4.23612e-04  1.00000e+00  1.88020e-02  1.89144e-02
1.320626500e+00  1.8787886e-02  4.23582e-04  1.00000e+00  1.87948e-02  1.89071e-02
1.321066709e+00  1.8797918e-02  4.23635e-04  1.00000e+00  1.87952e-02  1.89074e-02
1.321507064e+00  1.8810956e-02  4.23749e-04  1.00000e+00  1.88013e-02  1.89136e-02
1.321947567e+00  1.8826117e-02  4.23907e-04  1.00000e+00  1.88115e-02  1.89238e-02
1.322388216e+00  1.8843196e-02  4.24097e-04  1.00000e+00  1.88247e-02  1.89371e-02
1.322829012e+00  1.8861864e-02  4.24314e-04  1.00000e+00  1.88403e-02  1.89527e-02
1.323269955e+00  1.8880733e-02  4.24549e-04  1.00000e+00  1.88575e-02  1.89700e-02
1.323711045e+00  1.8896750e-02  4.24786e-04  1.00000e+00  1.88750e-02  1.89875e-02
1.324152282e+00  1.8905287e-02  4.24996e-04  1.00000e+00  1.88900e-02  1.90026e-02
1.324593666e+00  1.8900876e-02  4.25135e-04  1.00000e+00  1.88986e-02  1.90113e-02
1.325035197e+00  1.8878469e-02  4.25151e-04  1.00000e+00  1.88964e-02  1.90090e-02
1.325476875e+00  1.8834768e-02  4.24994e-04  1.00000e+00  1.88789e-02  1.89913e-02
1.325918701e+00  1.8769116e-02  4.24628e-04  1.00000e+00  1.88429e-02  1.89550e-02
1.326360674e+00  1.8683763e-02  4.24038e-04  1.00000e+00  1.87873e-02  1.88989e-02
1.326802794e+00  1.8583306e-02  4.23235e-04  1.00000e+00  1.87133e-02  1.88241e-02
1.327245062e+00  1.8473553e-02  4.22251e-04  1.00000e+00  1.86241e-02  1.87341e-02
1.327687477e+00  1.8360270e-02  4.21137e-04  1.00000e+00  1.85242e-02  1.86332e-02
1.328130039e+00  1.8248096e-02  4.19944e-04  1.00000e+00  1.84184e-02  1.85263e-02
1.328572749e+00  1.8140218e-02  4.18720e-04  1.00000e+00  1.83111e-02  1.84179e-02
1.329015607e+00  1.8038736e-02  4.17505e-04  1.00000e+00  1.82057e-02  1.83113e-02
1.329458612e+00  1.7945552e-02  4.16329e-04  1.00000e+00  1.81049e-02  1.82092e-02
1.329901765e+00  1.7863240e-02  4.15222e-04  1.00000e+00  1.80110e-02  1.81141e-02
1.330345066e+00  1.7795423e-02  4.14216e-04  1.00000e+00  1.79269e-02  1.80288e-02
1.330788514e+00  1.7746349e-02  4.13352e-04  1.00000e+00  1.78560e-02  1.79568e-02
1.331232110e+00  1.7719705e-02  4.12674e-04  1.00000e+00  1.78019e-02  1.79017e-02
1.331675854e+00  1.7717244e-02  4.12222e-04  1.00000e+00  1.77681e-02  1.78668e-02
1.332119746e+00  1.7737669e-02  4.12016e-04  1.00000e+00  1.77560e-02  1.78540e-02
1.332563786e+00  1.7776298e-02  4.12052e-04  1.00000e+00  1.77652e-02  1.78625e-02
1.333007974e+00  1.7825725e-02  4.12291e-04  1.00000e+00  1.77920e-02  1.78888e-02
1.333452310e+00  1.7877195e-02  4.12670e-04  1.00000e+00  1.78305e-02  1.79269e-02
1.333896794e+00  1.7922406e-02  4.13108e-04  1.00000e+00  1.78735e-02  1.79696e-02
1.334341426e+00  1.7955192e-02  4.13526e-04  1.00000e+00  1.79136e-02  1.80095e-02
1.334786207e+00  1.7972607e-02  4.13862e-04  1.00000e+00  1.79449e-02  1.80407e-02
1.335231136e+00  1.7975140e-02  4.14079e-04  1.00000e+00  1.79639e-02  1.80597e-02
1.335676213e+00  1.7965994e-02  4.14173e-04  1.00000e+00  1.79702e-02  1.80660e-02
1.336121438e+00  1.7949708e-02  4.14162e-04  1.00000e+00  1.79654e-02  1.80613e-02
1.336566812e+00  1.7930550e-02  4.14081e-04  1.00000e+00  1.79529e-02  1.80490e-02
1.337012334e+00  1.7911430e-02  4.13965e-04  1.00000e+00  1.79363e-02  1.80324e-02
1.337458005e+00  1.7893507e-02  4.13842e-04  1.00000e+00  1.79182e-02  1.80146e-02
1.337903824e+00  1.7876655e-02  4.13723e-04  1.00000e+00  1.79005e-02  1.79969e-02
1.338349792e+00  1.7860182e-02  4.13610e-04  1.00000e+00  1.78835e-02  1.79801e-02
1.338795909e+00  1.7843308e-02  4.13497e-04  1.00000e+00  1.78671e-02  1.79638e-02
1.339242174e+00  1.7824949e-02  4.13375e-04  1.00000e+00  1.78508e-02  1.79474e-02
1.339688588e+00  1.7802639e-02  4.13228e-04  1.00000e+00  1.78332e-02  1.79297e-02
1.340135151e+00  1.7771414e-02  4.13028e-04  1.00000e+00  1.78117e-02  1.79080e-02
1.340581863e+00  1.7723326e-02  4.12724e-04  1.00000e+00  1.77816e-02  1.78777e-02
1.341028723e+00  1.7648314e-02  4.12239e-04  1.00000e+00  1.77360e-02  1.78318e-02
1.341475733e+00  1.7536500e-02  4.11479e-04  1.00000e+00  1.76663e-02  1.77617e-02
1.341922891e+00  1.7381117e-02  4.10346e-04  1.00000e+00  1.75641e-02  1.76589e-02
1.342370199e+00  1.7180673e-02  4.08769e-04  1.00000e+00  1.74231e-02  1.75172e-02
1.342817656e+00  1.6939366e-02  4.06715e-04  1.00000e+00  1.72411e-02  1.73344e-02
1.343265262e+00  1.6665299e-02  4.04202e-04  1.00000e+00  1.70203e-02  1.71126e-02
1.343713017e+00  1.6367146e-02  4.01284e-04  1.00000e+00  1.67661e-02  1.68572e-02
1.344160921e+00  1.6050960e-02  3.98026e-04  1.00000e+00  1.64851e-02  1.65748e-02
1.344608975e+00  1.5718694e-02  3.94481e-04  1.00000e+00  1.61823e-02  1.62706e-02
1.345057178e+00  1.5369152e-02  3.90670e-04  1.00000e+00  1.58606e-02  1.59473e-02
1.345505530e+00  1.5000984e-02  3.86589e-04  1.00000e+00  1.55203e-02  1.56053e-02
1.345954032e+00  1.4616075e-02  3.82234e-04  1.00000e+00  1.51618e-02  1.52450e-02
1.346402683e+00  1.4221293e-02  3.77623e-04  1.00000e+00  1.47874e-02  1.48688e-02
1.346851484e+00  1.3827433e-02  3.72821e-04  1.00000e+00  1.44030e-02  1.44823e-02
1.347300435e+00  1.3445796e-02  3.67929e-04  1.00000e+00  1.40169e-02  1.40942e-02
1.347749535e+00  1.3083724e-02  3.63062e-04  1.00000e+00  1.36382e-02  1.37135e-02
1.348198785e+00  1.2741455e-02  3.58306e-04  1.00000e+00  1.32733e-02  1.33466e-02
1.348648184e+00  1.2411716e-02  3.53684e-04  1.00000e+00  1.29234e-02  1.29949e-02
1.349097734e+00  1.2082019e-02  3.49140e-04  1.00000e+00  1.25842e-02  1.26538e-02
1.349547433e+00  1.1738443e-02  3.44554e-04  1.00000e+00  1.22466e-02  1.23143e-02
1.349997282e+00  1.1369289e-02  3.39773e-04  1.00000e+00  1.18997e-02  1.19654e-02
1.350447281e+00  1.0967152e-02  3.34643e-04  1.00000e+00  1.15331e-02  1.15969e-02
1.350897430e+00  1.0529565e-02  3.29041e-04  1.00000e+00  1.11395e-02  1.12010e-02
1.351347729e+00  1.0058727e-02  3.22887e-04  1.00000e+00  1.07149e-02  1.07742e-02
1.351798179e+00  9.5613520e-03  3.16155e-04  1.00000e+00  1.02599e-02  1.03166e-02
1.352248778e+00  9.0488517e-03  3.08881e-04  1.00000e+00  9.77922e-03  9.83330e-03
1.352699528e+00  8.5372156e-03  3.01172e-04  1.00000e+00  9.28212e-03  9.33349e-03
1.353150427e+00  8.0457473e-03  2.93215e-04  1.00000e+00  8.78222e-03  8.83089e-03
1.353601478e+00  7.5940619e-03  2.85266e-04  1.00000e+00  8.29620e-03  8.34223e-03
1.354052678e+00  7.1978127e-03  2.77622e-04  1.00000e+00  7.84130e-03  7.88489e-03
1.354504029e+00  6.8643966e-03  2.70561e-04  1.00000e+00  7.43195e-03  7.47334e-03
1.354955530e+00  6.5904710e-03  2.64277e-04  1.00000e+00  7.07629e-03  7.11577e-03
1.355407182e+00  6.3623281e-03  2.58820e-04  1.00000e+00  6.77394e-03  6.81179e-03
1.355858985e+00  6.1591762e-03  2.54072e-04  1.00000e+00  6.51585e-03  6.55232e-03
1.356310938e+00  5.9582193e-03  2.49778e-04  1.00000e+00  6.28643e-03  6.32165e-03
1.356763041e+00  5.7398204e-03  2.45602e-04  1.00000e+00  6.06713e-03  6.10115e-03
1.357215296e+00  5.4911967e-03  2.41206e-04  1.00000e+00  5.84061e-03  5.87336e-03
1.357667701e+00  5.2081114e-03  2.36321e-04  1.00000e+00  5.59398e-03  5.62536e-03
1.358120257e+00  4.8947156e-03  2.30785e-04  1.00000e+00  5.32092e-03  5.35077e-03
1.358572963e+00  4.5623601e-03  2.24567e-04  1.00000e+00  5.02226e-03  5.05045e-03
1.359025821e+00  4.2280438e-03  2.17775e-04  1.00000e+00  4.70563e-03  4.73205e-03
1.359478830e+00  3.9125039e-03  2.10655e-04  1.00000e+00  4.38436e-03  4.40901e-03
1.359931989e+00  3.6377830e-03  2.03583e-04  1.00000e+00  4.07594e-03  4.09888e-03
1.360385300e+00  3.4238862e-03  1.97032e-04  1.00000e+00  3.79968e-03  3.82109e-03
1.360838762e+00  3.2849264e-03  1.91512e-04  1.00000e+00  3.57382e-03  3.59398e-03
1.361292375e+00  3.2259127e-03  1.87470e-04  1.00000e+00  3.41223e-03  3.43151e-03
1.361746139e+00  3.2412356e-03  1.85176e-04  1.00000e+00  3.32158e-03  3.34036e-03
1.362200054e+00  3.3159503e-03  1.84645e-04  1.00000e+00  3.29986e-03  3.31853e-03
1.362654121e+00  3.4293732e-03  1.85635e-04  1.00000e+00  3.33699e-03  3.35589e-03
1.363108339e+00  3.5596734e-03  1.87720e-04  1.00000e+00  3.41714e-03  3.43651e-03
1.363562708e+00  3.6877670e-03  1.90409e-04  1.00000e+00  3.52217e-03  3.54215e-03
1.364017229e+00  3.7991938e-03  1.93246e-04  1.00000e+00  3.63465e-03  3.65529e-03
1.364471902e+00  3.8842657e-03  1.95866e-04  1.00000e+00  3.73992e-03  3.76117e-03
1.364926726e+00  3.9373358e-03  1.98009e-04  1.00000e+00  3.82687e-03  3.84863e-03
1.365381701e+00  3.9565147e-03  1.99513e-04  1.00000e+00  3.88808e-03  3.91020e-03
1.365836828e+00  3.9442237e-03  2.00305e-04  1.00000e+00  3.91997e-03  3.94229e-03
1.366292107e+00  3.9078847e-03  2.00411e-04  1.00000e+00  3.92325e-03  3.94560e-03
1.366747538e+00  3.8594888e-03  1.99958e-04  1.00000e+00  3.90319e-03  3.92544e-03
1.367203120e+00  3.8136999e-03  1.99169e-04  1.00000e+00  3.86921e-03  3.89130e-03
1.367658855e+00  3.7845979e-03  1.98330e-04  1.00000e+00  3.83332e-03  3.85522e-03
1.368114741e+00  3.7828312e-03  1.97738e-04  1.00000e+00  3.80772e-03  3.82949e-03
1.368570779e+00  3.8145392e-03  1.97643e-04  1.00000e+00  3.80264e-03  3.82440e-03
1.369026970e+00  3.8824132e-03  1.98221e-04  1.00000e+00  3.82528e-03  3.84719e-03
1.369483312e+00  3.9882441e-03  1.99577e-04  1.00000e+00  3.88027e-03  3.90251e-03
1.369939806e+00  4.1350601e-03  2.01781e-04  1.00000e+00  3.97111e-03  3.99390e-03
1.370396453e+00  4.3273212e-03  2.04891e-04  1.00000e+00  4.10149e-03  4.12504e-03
1.370853252e+00  4.5688940e-03  2.08963e-04  1.00000e+00  4.27541e-03  4.29997e-03
1.371310203e+00  4.8598364e-03  2.14010e-04  1.00000e+00  4.49592e-03  4.52178e-03
1.371767306e+00  5.1936280e-03  2.19966e-04  1.00000e+00  4.76294e-03  4.79036e-03
1.372224562e+00  5.5564275e-03  2.26650e-04  1.00000e+00  5.07122e-03  5.10046e-03
1.372681970e+00  5.9287857e-03  2.33772e-04  1.00000e+00  5.40967e-03  5.44090e-03
1.373139531e+00  6.2892987e-03  2.40977e-04  1.00000e+00  5.76241e-03  5.79573e-03
1.373597244e+00  6.6185658e-03  2.47904e-04  1.00000e+00  6.11122e-03  6.14662e-03
1.374055110e+00  6.9020517e-03  2.54243e-04  1.00000e+00  6.43856e-03  6.47591e-03
1.374513128e+00  7.1308459e-03  2.59767e-04  1.00000e+00  6.72986e-03  6.76898e-03
1.374971299e+00  7.3004723e-03  2.64332e-04  1.00000e+00  6.97465e-03  7.01526e-03
1.375429623e+00  7.4083973e-03  2.67862e-04  1.00000e+00  7.16603e-03  7.20782e-03
1.375888100e+00  7.4515871e-03  2.70311e-04  1.00000e+00  7.29920e-03  7.34184e-03
1.376346729e+00  7.4252568e-03  2.71628e-04  1.00000e+00  7.36979e-03  7.41291e-03
1.376805511e+00  7.3233043e-03  2.71739e-04  1.00000e+00  7.37279e-03  7.41598e-03
1.377264446e+00  7.1404763e-03  2.70546e-04  1.00000e+00  7.30276e-03  7.34560e-03
1.377723534e+00  6.8754569e-03  2.67952e-04  1.00000e+00  7.15526e-03  7.19729e-03
1.378182776e+00  6.5336801e-03  2.63892e-04  1.00000e+00  6.92909e-03  6.96986e-03
1.378642170e+00  6.1289416e-03  2.58375e-04  1.00000e+00  6.62851e-03  6.66757e-03
1.379101717e+00  5.6832483e-03  2.51518e-04  1.00000e+00  6.26473e-03  6.30171e-03
1.379561418e+00  5.2248261e-03  2.43572e-04  1.00000e+00  5.85605e-03  5.89068e-03
1.380021272e+00  4.7848656e-03  2.34923e-04  1.00000e+00  5.42657e-03  5.45874e-03
1.380481279e+00  4.3938427e-03  2.26079e-04  1.00000e+00  5.00384e-03  5.03359e-03
1.380941439e+00  4.0782312e-03  2.17643e-04  1.00000e+00  4.61592e-03  4.64344e-03
1.381401753e+00  3.8579339e-03  2.10256e-04  1.00000e+00  4.28839e-03  4.31403e-03
1.381862220e+00  3.7448866e-03  2.04526e-04  1.00000e+00  4.04192e-03  4.06617e-03
1.382322841e+00  3.7426720e-03  2.00939e-04  1.00000e+00  3.89066e-03  3.91406e-03
1.382783615e+00  3.8469738e-03  1.99780e-04  1.00000e+00  3.84139e-03  3.86456e-03
1.383244543e+00  4.0467861e-03  2.01082e-04  1.00000e+00  3.89360e-03  3.91714e-03
1.383705625e+00  4.3260984e-03  2.04634e-04  1.00000e+00  4.04021e-03  4.06470e-03
1.384166860e+00  4.6659187e-03  2.10041e-04  1.00000e+00  4.26888e-03  4.29482e-03
1.384628249e+00  5.0466155e-03  2.16809e-04  1.00000e+00  4.56375e-03  4.59154e-03
1.385089792e+00  5.4503163e-03  2.24442e-04  1.00000e+00  4.90750e-03  4.93744e-03
1.385551488e+00  5.8628238e-03  2.32506e-04  1.00000e+00  5.28349e-03  5.31579e-03
1.386013339e+00  6.2746530e-03  2.40671e-04  1.00000e+00  5.67756e-03  5.71233e-03
1.386475343e+00  6.6802970e-03  2.48714e-04  1.00000e+00  6.07897e-03  6.11625e-03
1.386937502e+00  7.0757995e-03  2.56500e-04  1.00000e+00  6.48011e-03  6.51990e-03
1.387399814e+00  7.4551372e-03  2.63935e-04  1.00000e+00  6.87473e-03  6.91697e-03
1.387862281e+00  7.8069270e-03  2.70913e-04  1.00000e+00  7.25538e-03  7.29997e-03
1.388324901e+00  8.1132000e-03  2.77271e-04  1.00000e+00  7.61083e-03  7.65761e-03
1.388787676e+00  8.3512961e-03  2.82778e-04  1.00000e+00  7.92512e-03  7.97383e-03
1.389250606e+00  8.4988013e-03  2.87152e-04  1.00000e+00  8.17879e-03  8.22905e-03
1.389713689e+00  8.5396354e-03  2.90119e-04  1.00000e+00  8.35235e-03  8.40369e-03
1.390176927e+00  8.4688694e-03  2.91471e-04  1.00000e+00  8.43085e-03  8.48268e-03
1.390640319e+00  8.2942831e-03  2.91120e-04  1.00000e+00  8.40766e-03  8.45937e-03
1.391103866e+00  8.0340694e-03  2.89116e-04  1.00000e+00  8.28621e-03  8.33722e-03
1.391567567e+00  7.7122722e-03  2.85637e-04  1.00000e+00  8.07898e-03  8.12877e-03
1.392031423e+00  7.3544329e-03  2.80952e-04  1.00000e+00  7.80470e-03  7.85286e-03
1.392495434e+00  6.9856729e-03  2.75387e-04  1.00000e+00  7.48536e-03  7.53162e-03
1.392959599e+00  6.6317142e-03  2.69314e-04  1.00000e+00  7.14455e-03  7.18877e-03
1.393423919e+00  6.3211407e-03  2.63167e-04  1.00000e+00  6.80757e-03  6.84979e-03
1.393888393e+00  6.0860194e-03  2.57472e-04  1.00000e+00  6.50231e-03  6.54271e-03
1.394353023e+00  5.9582122e-03  2.52842e-04  1.00000e+00  6.25890e-03  6.29786e-03
1.394817807e+00  5.9610183e-03  2.49911e-04  1.00000e+00  6.10642e-03  6.14452e-03
1.395282746e+00  6.0989243e-03  2.49164e-04  1.00000e+00  6.06652e-03  6.10445e-03
1.395747841e+00  6.3498899e-03  2.50750e-04  1.00000e+00  6.14557e-03  6.18407e-03
1.396213090e+00  6.6650291e-03  2.54339e-04  1.00000e+00  6.32866e-03  6.36837e-03
1.396678494e+00  6.9776386e-03  2.59154e-04  1.00000e+00  6.57887e-03  6.62021e-03
1.397144054e+00  7.2201189e-03  2.64155e-04  1.00000e+00  6.84363e-03  6.88668e-03
1.397609769e+00  7.3434252e-03  2.68314e-04  1.00000e+00  7.06716e-03  7.11165e-03
1.398075638e+00  7.3323030e-03  2.70874e-04  1.00000e+00  7.20551e-03  7.25091e-03
1.398541664e+00  7.2103050e-03  2.71527e-04  1.00000e+00  7.23921e-03  7.28485e-03
1.399007844e+00  7.0322758e-03  2.70476e-04  1.00000e+00  7.17877e-03  7.22408e-03
1.399474180e+00  6.8667594e-03  2.68374e-04  1.00000e+00  7.06103e-03  7.10565e-03
1.399940672e+00  6.7740853e-03  2.66141e-04  1.00000e+00  6.93707e-03  6.98098e-03
1.400407318e+00  6.7879807e-03  2.64687e-04  1.00000e+00  6.85607e-03  6.89954e-03
1.400874121e+00  6.9069357e-03  2.64628e-04  1.00000e+00  6.85033e-03  6.89386e-03
1.401341079e+00  7.0978861e-03  2.66094e-04  1.00000e+00  6.92679e-03  6.97089e-03
1.401808193e+00  7.3101872e-03  2.68729e-04  1.00000e+00  7.06735e-03  7.11242e-03
1.402275462e+00  7.4940517e-03  2.71875e-04  1.00000e+00  7.23739e-03  7.28363e-03
1.402742887e+00  7.6162964e-03  2.74830e-04  1.00000e+00  7.39875e-03  7.44608e-03
1.403210468e+00  7.6682071e-03  2.77081e-04  1.00000e+00  7.52210e-03  7.57026e-03
1.403678205e+00  7.6636478e-03  2.78413e-04  1.00000e+00  7.59448e-03  7.64315e-03
1.404146098e+00  7.6297793e-03  2.78914e-04  1.00000e+00  7.62010e-03  7.66898e-03
1.404614146e+00  7.5953670e-03  2.78876e-04  1.00000e+00  7.61535e-03  7.66423e-03
1.405082351e+00  7.5814689e-03  2.78666e-04  1.00000e+00  7.60090e-03  7.64972e-03
1.405550712e+00  7.5976976e-03  2.78598e-04  1.00000e+00  7.59462e-03  7.64342e-03
1.406019229e+00  7.6441029e-03  2.78869e-04  1.00000e+00  7.60759e-03  7.65651e-03
1.406487902e+00  7.7165271e-03  2.79555e-04  1.00000e+00  7.64412e-03  7.69331e-03
1.406956731e+00  7.8122462e-03  2.80659e-04  1.00000e+00  7.70454e-03  7.75416e-03
1.407425717e+00  7.9333338e-03  2.82177e-04  1.00000e+00  7.78885e-03  7.83907e-03
1.407894859e+00  8.0865333e-03  2.84144e-04  1.00000e+00  7.89943e-03  7.95043e-03
1.408364157e+00  8.2798830e-03  2.86639e-04  1.00000e+00  8.04129e-03  8.09329e-03
1.408833612e+00  8.5176477e-03  2.89746e-04  1.00000e+00  8.22018e-03  8.27341e-03
1.409303223e+00  8.7955286e-03  2.93497e-04  1.00000e+00  8.43899e-03  8.49372e-03
1.409772991e+00  9.0983515e-03  2.97808e-04  1.00000e+00  8.69420e-03  8.75067e-03
1.410242915e+00  9.4014411e-03  3.02465e-04  1.00000e+00  8.97395e-03  9.03231e-03
1.410712996e+00  9.6758514e-03  3.07135e-04  1.00000e+00  9.25865e-03  9.31894e-03
1.411183234e+00  9.8962367e-03  3.11443e-04  1.00000e+00  9.52475e-03  9.58683e-03
1.411653628e+00  1.0048972e-02  3.15066e-04  1.00000e+00  9.75063e-03  9.81426e-03
1.412124179e+00  1.0137451e-02  3.17817e-04  1.00000e+00  9.92300e-03  9.98782e-03
1.412594887e+00  1.0182424e-02  3.19712e-04  1.00000e+00  1.00415e-02  1.01072e-02
1.413065752e+00  1.0216290e-02  3.20973e-04  1.00000e+00  1.01195e-02  1.01858e-02
1.413536774e+00  1.0272711e-02  3.21968e-04  1.00000e+00  1.01807e-02  1.02474e-02
1.414007953e+00  1.0374699e-02  3.23101e-04  1.00000e+00  1.02511e-02  1.03183e-02
1.414479289e+00  1.0525537e-02  3.24671e-04  1.00000e+00  1.03503e-02  1.04183e-02
1.414950782e+00  1.0706322e-02  3.26759e-04  1.00000e+00  1.04841e-02  1.05531e-02
1.415422432e+00  1.0881519e-02  3.29185e-04  1.00000e+00  1.06411e-02  1.07112e-02
1.415894240e+00  1.1011308e-02  3.31570e-04  1.00000e+00  1.07965e-02  1.08678e-02
1.416366205e+00  1.1066247e-02  3.33470e-04  1.00000e+00  1.09203e-02  1.09925e-02
1.416838327e+00  1.1038952e-02  3.34531e-04  1.00000e+00  1.09883e-02  1.10610e-02
1.417310606e+00  1.0948252e-02  3.34629e-04  1.00000e+00  1.09912e-02  1.10641e-02
1.417783043e+00  1.0834308e-02  3.33923e-04  1.00000e+00  1.09400e-02  1.10126e-02
1.418255637e+00  1.0746375e-02  3.32830e-04  1.00000e+00  1.08628e-02  1.09349e-02
1.418728389e+00  1.0727595e-02  3.31907e-04  1.00000e+00  1.07970e-02  1.08688e-02
1.419201299e+00  1.0802183e-02  3.31691e-04  1.00000e+00  1.07786e-02  1.08503e-02
1.419674366e+00  1.0969297e-02  3.32537e-04  1.00000e+00  1.08308e-02  1.09030e-02
1.420147591e+00  1.1205319e-02  3.34513e-04  1.00000e+00  1.09591e-02  1.10322e-02
1.420620973e+00  1.1473182e-02  3.37409e-04  1.00000e+00  1.11504e-02  1.12249e-02
1.421094513e+00  1.1735013e-02  3.40828e-04  1.00000e+00  1.13793e-02  1.14554e-02
1.421568212e+00  1.1963242e-02  3.44332e-04  1.00000e+00  1.16163e-02  1.16941e-02
1.422042068e+00  1.2146670e-02  3.47571e-04  1.00000e+00  1.18374e-02  1.19167e-02
1.422516082e+00  1.2289737e-02  3.50360e-04  1.00000e+00  1.20289e-02  1.21096e-02
1.422990254e+00  1.2406358e-02  3.52684e-04  1.00000e+00  1.21891e-02  1.22709e-02
1.423464584e+00  1.2511626e-02  3.54644e-04  1.00000e+00  1.23243e-02  1.24072e-02
1.423939072e+00  1.2614836e-02  3.56378e-04  1.00000e+00  1.24442e-02  1.25280e-02
1.424413718e+00  1.2716577e-02  3.57988e-04  1.00000e+00  1.25556e-02  1.26403e-02
1.424888523e+00  1.2810318e-02  3.59500e-04  1.00000e+00  1.26605e-02  1.27460e-02
1.425363486e+00  1.2886900e-02  3.60875e-04  1.00000e+00  1.27557e-02  1.28419e-02
1.425838607e+00  1.2939178e-02  3.62033e-04  1.00000e+00  1.28353e-02  1.29223e-02
1.426313887e+00  1.2964609e-02  3.62906e-04  1.00000e+00  1.28943e-02  1.29818e-02
1.426789324e+00  1.2964509e-02  3.63459e-04  1.00000e+00  1.29296e-02  1.30175e-02
1.427264921e+00  1.2940952e-02  3.63688e-04  1.00000e+00  1.29410e-02  1.30291e-02
1.427740676e+00  1.2893238e-02  3.63598e-04  1.00000e+00  1.29285e-02  1.30167e-02
1.428216589e+00  1.2816567e-02  3.63169e-04  1.00000e+00  1.28910e-02  1.29792e-02
1.428692662e+00  1.2704201e-02  3.62348e-04  1.00000e+00  1.28248e-02  1.29128e-02
1.429168893e+00  1.2552474e-02  3.61067e-04  1.00000e+00  1.27255e-02  1.28130e-02
1.429645282e+00  1.2366577e-02  3.59289e-04  1.00000e+00  1.25912e-02  1.26779e-02
1.430121831e+00  1.2163772e-02  3.57068e-04  1.00000e+00  1.24265e-02  1.25122e-02
1.430598538e+00  1.1971892e-02  3.54588e-04  1.00000e+00  1.22452e-02  1.23298e-02
1.431075404e+00  1.1822796e-02  3.52156e-04  1.00000e+00  1.20692e-02  1.21527e-02
1.431552429e+00  1.1743131e-02  3.50142e-04  1.00000e+00  1.19244e-02  1.20069e-02
1.432029613e+00  1.1745868e-02  3.48887e-04  1.00000e+00  1.18334e-02  1.19154e-02
1.432506957e+00  1.1826075e-02  3.48592e-04  1.00000e+00  1.18095e-02  1.18914e-02
1.432984459e+00  1.1962351e-02  3.49263e-04  1.00000e+00  1.18525e-02  1.19347e-02
1.433462120e+00  1.2123392e-02  3.50704e-04  1.00000e+00  1.19490e-02  1.20319e-02
1.433939941e+00  1.2277178e-02  3.52583e-04  1.00000e+00  1.20760e-02  1.21599e-02
1.434417921e+00  1.2399502e-02  3.54533e-04  1.00000e+00  1.22083e-02  1.22932e-02
1.434896060e+00  1.2479573e-02  3.56250e-04  1.00000e+00  1.23244e-02  1.24103e-02
1.435374359e+00  1.2521334e-02  3.57564e-04  1.00000e+00  1.24121e-02  1.24987e-02
1.435852817e+00  1.2540518e-02  3.58463e-04  1.00000e+00  1.24704e-02  1.25576e-02
1.436331435e+00  1.2558898e-02  3.59076e-04  1.00000e+00  1.25083e-02  1.25960e-02
1.436810212e+00  1.2597371e-02  3.59618e-04  1.00000e+00  1.25413e-02  1.26294e-02
1.437289149e+00  1.2670057e-02  3.60317e-04  1.00000e+00  1.25858e-02  1.26744e-02
1.437768245e+00  1.2781116e-02  3.61351e-04  1.00000e+00  1.26544e-02  1.27437e-02
1.438247501e+00  1.2924830e-02  3.62797e-04  1.00000e+00  1.27529e-02  1.28432e-02
1.438726917e+00  1.3088616e-02  3.64626e-04  1.00000e+00  1.28796e-02  1.29710e-02
1.439206493e+00  1.3257530e-02  3.66723e-04  1.00000e+00  1.30265e-02  1.31191e-02
1.439686228e+00  1.3418364e-02  3.68934e-04  1.00000e+00  1.31825e-02  1.32764e-02
1.440166123e+00  1.3561901e-02  3.71108e-04  1.00000e+00  1.33366e-02  1.34317e-02
1.440646179e+00  1.3682953e-02  3.73122e-04  1.00000e+00  1.34796e-02  1.35759e-02
1.441126394e+00  1.3778812e-02  3.74893e-04  1.00000e+00  1.36053e-02  1.37025e-02
1.441606770e+00  1.3847660e-02  3.76366e-04  1.00000e+00  1.37093e-02  1.38074e-02
1.442087305e+00  1.3888179e-02  3.77503e-04  1.00000e+00  1.37887e-02  1.38875e-02
1.442568001e+00  1.3901099e-02  3.78284e-04  1.00000e+00  1.38417e-02  1.39410e-02
1.443048857e+00  1.3892045e-02  3.78719e-04  1.00000e+00  1.38690e-02  1.39686e-02
1.443529873e+00  1.3873702e-02  3.78873e-04  1.00000e+00  1.38754e-02  1.39752e-02
1.444011050e+00  1.3865568e-02  3.78890e-04  1.00000e+00  1.38714e-02  1.39714e-02
1.444492387e+00  1.3889899e-02  3.78983e-04  1.00000e+00  1.38730e-02  1.39731e-02
1.444973884e+00  1.3964571e-02  3.79397e-04  1.00000e+00  1.38982e-02  1.39987e-02
1.445455542e+00  1.4095160e-02  3.80335e-04  1.00000e+00  1.39621e-02  1.40633e-02
1.445937361e+00  1.4269845e-02  3.81873e-04  1.00000e+00  1.40708e-02  1.41730e-02
1.446419340e+00  1.4459800e-02  3.83907e-04  1.00000e+00  1.42170e-02  1.43205e-02
1.446901480e+00  1.4626256e-02  3.86155e-04  1.00000e+00  1.43797e-02  1.44847e-02
1.447383780e+00  1.4732363e-02  3.88224e-04  1.00000e+00  1.45296e-02  1.46359e-02
1.447866242e+00  1.4756031e-02  3.89727e-04  1.00000e+00  1.46368e-02  1.47442e-02
1.448348864e+00  1.4699075e-02  3.90407e-04  1.00000e+00  1.46814e-02  1.47893e-02
1.448831647e+00  1.4588976e-02  3.90234e-04  1.00000e+00  1.46610e-02  1.47690e-02
1.449314591e+00  1.4472424e-02  3.89438e-04  1.00000e+00  1.45931e-02  1.47008e-02
1.449797695e+00  1.4402391e-02  3.88460e-04  1.00000e+00  1.45117e-02  1.46191e-02
1.450280961e+00  1.4423126e-02  3.87847e-04  1.00000e+00  1.44585e-02  1.45657e-02
1.450764388e+00  1.4558012e-02  3.88098e-04  1.00000e+00  1.44712e-02  1.45787e-02
1.451247976e+00  1.4804266e-02  3.89525e-04  1.00000e+00  1.45736e-02  1.46821e-02
1.451731726e+00  1.5135579e-02  3.92176e-04  1.00000e+00  1.47702e-02  1.48803e-02
1.452215636e+00  1.5511452e-02  3.95834e-04  1.00000e+00  1.50462e-02  1.51585e-02
1.452699708e+00  1.5889253e-02  4.00113e-04  1.00000e+00  1.53731e-02  1.54881e-02
1.453183941e+00  1.6235009e-02  4.04570e-04  1.00000e+00  1.57175e-02  1.58353e-02
1.453668336e+00  1.6529650e-02  4.08826e-04  1.00000e+00  1.60495e-02  1.61701e-02
1.454152892e+00  1.6769534e-02  4.12635e-04  1.00000e+00  1.63487e-02  1.64718e-02
1.454637610e+00  1.6962215e-02  4.15898e-04  1.00000e+00  1.66059e-02  1.67312e-02
1.455122489e+00  1.7119832e-02  4.18633e-04  1.00000e+00  1.68218e-02  1.69490e-02
1.455607530e+00  1.7252728e-02  4.20924e-04  1.00000e+00  1.70023e-02  1.71311e-02
1.456092732e+00  1.7365470e-02  4.22859e-04  1.00000e+00  1.71541e-02  1.72843e-02
1.456578097e+00  1.7455837e-02  4.24487e-04  1.00000e+00  1.72811e-02  1.74124e-02
1.457063623e+00  1.7516794e-02  4.25806e-04  1.00000e+00  1.73829e-02  1.75151e-02
1.457549310e+00  1.7540175e-02  4.26767e-04  1.00000e+00  1.74553e-02  1.75882e-02
1.458035160e+00  1.7520552e-02  4.27304e-04  1.00000e+00  1.74928e-02  1.76262e-02
1.458521172e+00  1.7458068e-02  4.27367e-04  1.00000e+00  1.74915e-02  1.76249e-02
1.459007346e+00  1.7359203e-02  4.26949e-04  1.00000e+00  1.74507e-02  1.75840e-02
1.459493681e+00  1.7235376e-02  4.26102e-04  1.00000e+00  1.73750e-02  1.75078e-02
1.459980179e+00  1.7099870e-02  4.24924e-04  1.00000e+00  1.72725e-02  1.74046e-02
1.460466839e+00  1.6964278e-02  4.23541e-04  1.00000e+00  1.71536e-02  1.72850e-02
1.460953662e+00  1.6835506e-02  4.22072e-04  1.00000e+00  1.70282e-02  1.71587e-02
1.461440646e+00  1.6714661e-02  4.20605e-04  1.00000e+00  1.69030e-02  1.70328e-02
1.461927793e+00  1.6597792e-02  4.19176e-04  1.00000e+00  1.67809e-02  1.69099e-02
1.462415102e+00  1.6478392e-02  4.17769e-04  1.00000e+00  1.66605e-02  1.67888e-02
1.462902574e+00  1.6350810e-02  4.16340e-04  1.00000e+00  1.65382e-02  1.66657e-02
1.463390208e+00  1.6213255e-02  4.14841e-04  1.00000e+00  1.64104e-02  1.65371e-02
1.463878005e+00  1.6069477e-02  4.13254e-04  1.00000e+00  1.62759e-02  1.64017e-02
1.464365964e+00  1.5928268e-02  4.11606e-04  1.00000e+00  1.61372e-02  1.62621e-02
1.464854086e+00  1.5800623e-02  4.09972e-04  1.00000e+00  1.60007e-02  1.61247e-02
1.465342371e+00  1.5695391e-02  4.08454e-04  1.00000e+00  1.58747e-02  1.59978e-02
1.465830819e+00  1.5614901e-02  4.07140e-04  1.00000e+00  1.57658e-02  1.58882e-02
1.466319429e+00  1.5552560e-02  4.06060e-04  1.00000e+00  1.56765e-02  1.57983e-02
1.466808202e+00  1.5493805e-02  4.05164e-04  1.00000e+00  1.56023e-02  1.57236e-02
1.467297138e+00  1.5420700e-02  4.04322e-04  1.00000e+00  1.55327e-02  1.56535e-02
1.467786237e+00  1.5318919e-02  4.03365e-04  1.00000e+00  1.54541e-02  1.55744e-02
1.468275499e+00  1.5184502e-02  4.02149e-04  1.00000e+00  1.53552e-02  1.54748e-02
1.468764924e+00  1.5027846e-02  4.00623e-04  1.00000e+00  1.52319e-02  1.53507e-02
1.469254513e+00  1.4872995e-02  3.98873e-04  1.00000e+00  1.50911e-02  1.52089e-02
1.469744264e+00  1.4752321e-02  3.97126e-04  1.00000e+00  1.49505e-02  1.50673e-02
1.470234179e+00  1.4698122e-02  3.95712e-04  1.00000e+00  1.48355e-02  1.49516e-02
1.470724257e+00  1.4733781e-02  3.94985e-04  1.00000e+00  1.47728e-02  1.48887e-02
1.471214498e+00  1.4867286e-02  3.95223e-04  1.00000e+00  1.47837e-02  1.48999e-02
1.471704903e+00  1.5088598e-02  3.96555e-04  1.00000e+00  1.48782e-02  1.49954e-02
1.472195471e+00  1.5371673e-02  3.98914e-04  1.00000e+00  1.50523e-02  1.51711e-02
1.472686203e+00  1.5680051e-02  4.02053e-04  1.00000e+00  1.52879e-02  1.54088e-02
1.473177099e+00  1.5974552e-02  4.05595e-04  1.00000e+00  1.55570e-02  1.56803e-02
1.473668158e+00  1.6221173e-02  4.09121e-04  1.00000e+00  1.58272e-02  1.59529e-02
1.474159380e+00  1.6397266e-02  4.12248e-04  1.00000e+00  1.60680e-02  1.61959e-02
1.474650767e+00  1.6494698e-02  4.14702e-04  1.00000e+00  1.62566e-02  1.63861e-02
1.475142317e+00  1.6519493e-02  4.16346e-04  1.00000e+00  1.63809e-02  1.65117e-02
1.475634031e+00  1.6488229e-02  4.17189e-04  1.00000e+00  1.64410e-02  1.65725e-02
1.476125909e+00  1.6422697e-02  4.17355e-04  1.00000e+00  1.64465e-02  1.65783e-02
1.476617951e+00  1.6344474e-02  4.17038e-04  1.00000e+00  1.64131e-02  1.65449e-02
1.477110157e+00  1.6271234e-02  4.16458e-04  1.00000e+00  1.63585e-02  1.64902e-02
1.477602527e+00  1.6215444e-02  4.15815e-04  1.00000e+00  1.62991e-02  1.64306e-02
1.478095061e+00  1.6185270e-02  4.15272e-04  1.00000e+00  1.62481e-02  1.63794e-02
1.478587760e+00  1.6186446e-02  4.14955e-04  1.00000e+00  1.62156e-02  1.63469e-02
1.479080622e+00  1.6223579e-02  4.14959e-04  1.00000e+00  1.62090e-02  1.63405e-02
1.479573649e+00  1.6299968e-02  4.15357e-04  1.00000e+00  1.62342e-02  1.63661e-02
1.480066840e+00  1.6415971e-02  4.16198e-04  1.00000e+00  1.62949e-02  1.64275e-02
1.480560196e+00  1.6566853e-02  4.17493e-04  1.00000e+00  1.63920e-02  1.65256e-02
1.481053716e+00  1.6741587e-02  4.19196e-04  1.00000e+00  1.65221e-02  1.66570e-02
1.481547401e+00  1.6923694e-02  4.21196e-04  1.00000e+00  1.66765e-02  1.68128e-02
1.482041250e+00  1.7094252e-02  4.23327e-04  1.00000e+00  1.68420e-02  1.69799e-02
1.482535264e+00  1.7236218e-02  4.25395e-04  1.00000e+00  1.70029e-02  1.71424e-02
1.483029442e+00  1.7338665e-02  4.27218e-04  1.00000e+00  1.71445e-02  1.72853e-02
1.483523785e+00  1.7399425e-02  4.28668e-04  1.00000e+00  1.72560e-02  1.73979e-02
1.484018293e+00  1.7425365e-02  4.29697e-04  1.00000e+00  1.73332e-02  1.74760e-02
1.484512966e+00  1.7430344e-02  4.30346e-04  1.00000e+00  1.73793e-02  1.75227e-02
1.485007804e+00  1.7431596e-02  4.30730e-04  1.00000e+00  1.74037e-02  1.75476e-02
1.485502806e+00  1.7445724e-02  4.31012e-04  1.00000e+00  1.74197e-02  1.75639e-02
1.485997974e+00  1.7485275e-02  4.31359e-04  1.00000e+00  1.74410e-02  1.75856e-02
1.486493306e+00  1.7556659e-02  4.31913e-04  1.00000e+00  1.74794e-02  1.76246e-02
1.486988804e+00  1.7659608e-02  4.32764e-04  1.00000e+00  1.75422e-02  1.76883e-02
1.487484467e+00  1.7788063e-02  4.33934e-04  1.00000e+00  1.76316e-02  1.77787e-02
1.487980295e+00  1.7932145e-02  4.35385e-04  1.00000e+00  1.77446e-02  1.78928e-02
1.488476289e+00  1.8080614e-02  4.37034e-04  1.00000e+00  1.78742e-02  1.80238e-02
1.488972447e+00  1.8223262e-02  4.38773e-04  1.00000e+00  1.80119e-02  1.81628e-02
1.489468772e+00  1.8352668e-02  4.40497e-04  1.00000e+00  1.81487e-02  1.83010e-02
1.489965261e+00  1.8464967e-02  4.42121e-04  1.00000e+00  1.82775e-02  1.84311e-02
1.490461916e+00  1.8559545e-02  4.43588e-04  1.00000e+00  1.83937e-02  1.85484e-02
1.490958737e+00  1.8637904e-02  4.44877e-04  1.00000e+00  1.84950e-02  1.86508e-02
1.491455723e+00  1.8702306e-02  4.45986e-04  1.00000e+00  1.85815e-02  1.87382e-02
1.491952875e+00  1.8754681e-02  4.46930e-04  1.00000e+00  1.86540e-02  1.88115e-02
1.492450193e+00  1.8796349e-02  4.47724e-04  1.00000e+00  1.87138e-02  1.88720e-02
1.492947676e+00  1.8828426e-02  4.48384e-04  1.00000e+00  1.87620e-02  1.89210e-02
1.493445325e+00  1.8852678e-02  4.48927e-04  1.00000e+00  1.88001e-02  1.89597e-02
1.493943140e+00  1.8872201e-02  4.49375e-04  1.00000e+00  1.88298e-02  1.89900e-02
1.494441121e+00  1.8891500e-02  4.49763e-04  1.00000e+00  1.88541e-02  1.90149e-02
1.494939269e+00  1.8915800e-02  4.50137e-04  1.00000e+00  1.88768e-02  1.90382e-02
1.495437582e+00  1.8949858e-02  4.50548e-04  1.00000e+00  1.89026e-02  1.90646e-02
1.495936061e+00  1.8996666e-02  4.51044e-04  1.00000e+00  1.89357e-02  1.90983e-02
1.496434706e+00  1.9056591e-02  4.51658e-04  1.00000e+00  1.89790e-02  1.91423e-02
1.496933518e+00  1.9127135e-02  4.52400e-04  1.00000e+00  1.90336e-02  1.91977e-02
1.497432496e+00  1.9203355e-02  4.53250e-04  1.00000e+00  1.90979e-02  1.92629e-02
1.497931640e+00  1.9278747e-02  4.54166e-04  1.00000e+00  1.91685e-02  1.93342e-02
1.498430950e+00  1.9346321e-02  4.55085e-04  1.00000e+00  1.92400e-02  1.94066e-02
1.498930427e+00  1.9399693e-02  4.55939e-04  1.00000e+00  1.93064e-02  1.94737e-02
1.499430071e+00  1.9434057e-02  4.56663e-04  1.00000e+00  1.93618e-02  1.95298e-02
1.499929881e+00  1.9446983e-02  4.57203e-04  1.00000e+00  1.94014e-02  1.95699e-02
1.500429857e+00  1.9438997e-02  4.57530e-04  1.00000e+00  1.94224e-02  1.95913e-02
1.500930001e+00  1.9413778e-02  4.57641e-04  1.00000e+00  1.94243e-02  1.95935e-02
1.501430311e+00  1.9377859e-02  4.57565e-04  1.00000e+00  1.94096e-02  1.95789e-02
1.501930787e+00  1.9339698e-02  4.57359e-04  1.00000e+00  1.93834e-02  1.95528e-02
1.502431431e+00  1.9308183e-02  4.57103e-04  1.00000e+00  1.93526e-02  1.95219e-02
1.502932242e+00  1.9290811e-02  4.56884e-04  1.00000e+00  1.93247e-02  1.94941e-02
1.503433219e+00  1.9292023e-02  4.56780e-04  1.00000e+00  1.93067e-02  1.94763e-02
1.503934363e+00  1.9312176e-02  4.56842e-04  1.00000e+00  1.93031e-02  1.94730e-02
1.504435675e+00  1.9347578e-02  4.57086e-04  1.00000e+00  1.93154e-02  1.94856e-02
1.504937153e+00  1.9391649e-02  4.57490e-04  1.00000e+00  1.93416e-02  1.95123e-02
1.505438799e+00  1.9436912e-02  4.58001e-04  1.00000e+00  1.93771e-02  1.95485e-02
1.505940612e+00  1.9477178e-02  4.58553e-04  1.00000e+00  1.94163e-02  1.95883e-02
1.506442592e+00  1.9509172e-02  4.59087e-04  1.00000e+00  1.94539e-02  1.96265e-02
1.506944740e+00  1.9533085e-02  4.59565e-04  1.00000e+00  1.94865e-02  1.96597e-02
1.507447055e+00  1.9551886e-02  4.59977e-04  1.00000e+00  1.95132e-02  1.96870e-02
1.507949537e+00  1.9569741e-02  4.60340e-04  1.00000e+00  1.95356e-02  1.97099e-02
1.508452187e+00  1.9590216e-02  4.60685e-04  1.00000e+00  1.95562e-02  1.97312e-02
1.508955004e+00  1.9614944e-02  4.61042e-04  1.00000e+00  1.95779e-02  1.97534e-02
1.509457989e+00  1.9643204e-02  4.61427e-04  1.00000e+00  1.96021e-02  1.97781e-02
1.509961142e+00  1.9672464e-02  4.61839e-04  1.00000e+00  1.96287e-02  1.98053e-02
1.510464462e+00  1.9699520e-02  4.62260e-04  1.00000e+00  1.96562e-02  1.98334e-02
1.510967950e+00  1.9721705e-02  4.62665e-04  1.00000e+00  1.96823e-02  1.98600e-02
1.511471606e+00  1.9737691e-02  4.63030e-04  1.00000e+00  1.97048e-02  1.98831e-02
1.511975430e+00  1.9747666e-02  4.63340e-04  1.00000e+00  1.97224e-02  1.99012e-02
1.512479422e+00  1.9752943e-02  4.63594e-04  1.00000e+00  1.97349e-02  1.99141e-02
1.512983582e+00  1.9755287e-02  4.63798e-04  1.00000e+00  1.97429e-02  1.99225e-02
1.513487910e+00  1.9756291e-02  4.63966e-04  1.00000e+00  1.97477e-02  1.99277e-02
1.513992406e+00  1.9757030e-02  4.64112e-04  1.00000e+00  1.97506e-02  1.99311e-02
1.514497070e+00  1.9758057e-02  4.64246e-04  1.00000e+00  1.97527e-02  1.99336e-02
1.515001902e+00  1.9759644e-02  4.64374e-04  1.00000e+00  1.97548e-02  1.99361e-02
1.515506903e+00  1.9762067e-02  4.64499e-04  1.00000e+00  1.97572e-02  1.99388e-02
1.516012072e+00  1.9765797e-02  4.64627e-04  1.00000e+00  1.97603e-02  1.99422e-02
1.516517409e+00  1.9771478e-02  4.64764e-04  1.00000e+00  1.97643e-02  1.99465e-02
1.517022915e+00  1.9779772e-02  4.64917e-04  1.00000e+00  1.97698e-02  1.99524e-02
1.517528589e+00  1.9791108e-02  4.65095e-04  1.00000e+00  1.97774e-02  1.99602e-02
1.518034432e+00  1.9805490e-02  4.65305e-04  1.00000e+00  1.97872e-02  1.99704e-02
1.518540444e+00  1.9822418e-02  4.65549e-04  1.00000e+00  1.97997e-02  1.99832e-02
1.519046624e+00  1.9840936e-02  4.65826e-04  1.00000e+00  1.98144e-02  1.99984e-02
1.519552973e+00  1.9859789e-02  4.66126e-04  1.00000e+00  1.98309e-02  2.00154e-02
1.520059490e+00  1.9877638e-02  4.66438e-04  1.00000e+00  1.98482e-02  2.00332e-02
1.520566177e+00  1.9893264e-02  4.66746e-04  1.00000e+00  1.98653e-02  2.00508e-02
1.521073032e+00  1.9905745e-02  4.67036e-04  1.00000e+00  1.98812e-02  2.00671e-02
1.521580057e+00  1.9914565e-02  4.67296e-04  1.00000e+00  1.98948e-02  2.00810e-02
1.522087250e+00  1.9919655e-02  4.67515e-04  1.00000e+00  1.99055e-02  2.00921e-02
1.522594612e+00  1.9921361e-02  4.67691e-04  1.00000e+00  1.99129e-02  2.00998e-02
1.523102144e+00  1.9920365e-02  4.67825e-04  1.00000e+00  1.99172e-02  2.01043e-02
1.523609845e+00  1.9917561e-02  4.67923e-04  1.00000e+00  1.99186e-02  2.01059e-02
1.524117715e+00  1.9913895e-02  4.67994e-04  1.00000e+00  1.99177e-02  2.01051e-02
1.524625754e+00  1.9910225e-02  4.68050e-04  1.00000e+00  1.99153e-02  2.01029e-02
1.525133962e+00  1.9907185e-02  4.68102e-04  1.00000e+00  1.99121e-02  2.00999e-02
1.525642340e+00  1.9905109e-02  4.68159e-04  1.00000e+00  1.99087e-02  2.00968e-02
1.526150888e+00  1.9904011e-02  4.68229e-04  1.00000e+00  1.99058e-02  2.00942e-02
1.526659605e+00  1.9903635e-02  4.68313e-04  1.00000e+00  1.99036e-02  2.00924e-02
1.527168491e+00  1.9903545e-02  4.68410e-04  1.00000e+00  1.99021e-02  2.00914e-02
1.527677547e+00  1.9903249e-02  4.68515e-04  1.00000e+00  1.99012e-02  2.00909e-02
1.528186773e+00  1.9902285e-02  4.68621e-04  1.00000e+00  1.99007e-02  2.00907e-02
1.528696169e+00  1.9900286e-02  4.68720e-04  1.00000e+00  1.98999e-02  2.00904e-02
1.529205734e+00  1.9896983e-02  4.68806e-04  1.00000e+00  1.98987e-02  2.00894e-02
1.529715470e+00  1.9892190e-02  4.68875e-04  1.00000e+00  1.98964e-02  2.00873e-02
1.530225375e+00  1.9885788e-02  4.68925e-04  1.00000e+00  1.98927e-02  2.00838e-02
1.530735450e+00  1.9877750e-02  4.68953e-04  1.00000e+00  1.98873e-02  2.00786e-02
1.531245695e+00  1.9868200e-02  4.68963e-04  1.00000e+00  1.98801e-02  2.00715e-02
1.531756110e+00  1.9857501e-02  4.68957e-04  1.00000e+00  1.98712e-02  2.00627e-02
1.532266696e+00  1.9846308e-02  4.68941e-04  1.00000e+00  1.98609e-02  2.00526e-02
1.532777451e+00  1.9835549e-02  4.68922e-04  1.00000e+00  1.98499e-02  2.00419e-02
1.533288377e+00  1.9826296e-02  4.68909e-04  1.00000e+00  1.98392e-02  2.00314e-02
1.533799473e+00  1.9819549e-02  4.68913e-04  1.00000e+00  1.98296e-02  2.00221e-02
1.534310740e+00  1.9815982e-02  4.68941e-04  1.00000e+00  1.98223e-02  2.00151e-02
1.534822176e+00  1.9815738e-02  4.69001e-04  1.00000e+00  1.98177e-02  2.00109e-02
1.535333784e+00  1.9818359e-02  4.69093e-04  1.00000e+00  1.98161e-02  2.00096e-02
1.535845562e+00  1.9822868e-02  4.69215e-04  1.00000e+00  1.98172e-02  2.00111e-02
1.536357510e+00  1.9828016e-02  4.69358e-04  1.00000e+00  1.98202e-02  2.00145e-02
1.536869629e+00  1.9832610e-02  4.69512e-04  1.00000e+00  1.98242e-02  2.00189e-02
1.537381919e+00  1.9835818e-02  4.69666e-04  1.00000e+00  1.98281e-02  2.00232e-02
1.537894380e+00  1.9837373e-02  4.69810e-04  1.00000e+00  1.98313e-02  2.00268e-02
1.538407011e+00  1.9837602e-02  4.69941e-04  1.00000e+00  1.98334e-02  2.00293e-02
1.538919814e+00  1.9837291e-02  4.70058e-04  1.00000e+00  1.98346e-02  2.00308e-02
1.539432787e+00  1.9837433e-02  4.70168e-04  1.00000e+00  1.98352e-02  2.00317e-02
1.539945931e+00  1.9838947e-02  4.70279e-04  1.00000e+00  1.98360e-02  2.00329e-02
1.540459247e+00  1.9842458e-02  4.70399e-04  1.00000e+00  1.98377e-02  2.00350e-02
1.540972733e+00  1.9848179e-02  4.70536e-04  1.00000e+00  1.98409e-02  2.00384e-02
1.541486391e+00  1.9855914e-02  4.70694e-04  1.00000e+00  1.98456e-02  2.00436e-02
1.542000219e+00  1.9865163e-02  4.70875e-04  1.00000e+00  1.98520e-02  2.00505e-02
1.542514219e+00  1.9875262e-02  4.71076e-04  1.00000e+00  1.98598e-02  2.00587e-02
1.543028391e+00  1.9885537e-02  4.71292e-04  1.00000e+00  1.98684e-02  2.00678e-02
1.543542734e+00  1.9895415e-02  4.71518e-04  1.00000e+00  1.98775e-02  2.00774e-02
1.544057248e+00  1.9904486e-02  4.71748e-04  1.00000e+00  1.98865e-02  2.00871e-02
1.544571934e+00  1.9912514e-02  4.71975e-04  1.00000e+00  1.98952e-02  2.00963e-02
1.545086791e+00  1.9919413e-02  4.72195e-04  1.00000e+00  1.99033e-02  2.01050e-02
1.545601820e+00  1.9925198e-02  4.72405e-04  1.00000e+00  1.99107e-02  2.01129e-02
1.546117021e+00  1.9929939e-02  4.72602e-04  1.00000e+00  1.99172e-02  2.01200e-02
1.546632393e+00  1.9933721e-02  4.72784e-04  1.00000e+00  1.99229e-02  2.01262e-02
1.547147937e+00  1.9936623e-02  4.72952e-04  1.00000e+00  1.99277e-02  2.01315e-02
1.547663653e+00  1.9938711e-02  4.73106e-04  1.00000e+00  1.99316e-02  2.01359e-02
1.548179541e+00  1.9940046e-02  4.73247e-04  1.00000e+00  1.99346e-02  2.01393e-02
1.548695601e+00  1.9940691e-02  4.73376e-04  1.00000e+00  1.99367e-02  2.01418e-02
1.549211833e+00  1.9940720e-02  4.73495e-04  1.00000e+00  1.99379e-02  2.01434e-02
1.549728237e+00  1.9940224e-02  4.73606e-04  1.00000e+00  1.99383e-02  2.01442e-02
1.550244813e+00  1.9939309e-02  4.73712e-04  1.00000e+00  1.99380e-02  2.01443e-02
1.550761561e+00  1.9938108e-02  4.73814e-04  1.00000e+00  1.99371e-02  2.01438e-02
1.551278481e+00  1.9936770e-02  4.73914e-04  1.00000e+00  1.99359e-02  2.01430e-02
1.551795574e+00  1.9935462e-02  4.74014e-04  1.00000e+00  1.99346e-02  2.01421e-02
1.552312839e+00  1.9934353e-02  4.74115e-04  1.00000e+00  1.99333e-02  2.01413e-02
1.552830277e+00  1.9933590e-02  4.74217e-04  1.00000e+00  1.99324e-02  2.01408e-02
1.553347887e+00  1.9933270e-02  4.74320e-04  1.00000e+00  1.99320e-02  2.01407e-02
1.553865670e+00  1.9933410e-02  4.74423e-04  1.00000e+00  1.99321e-02  2.01411e-02
1.554383625e+00  1.9933934e-02  4.74527e-04  1.00000e+00  1.99326e-02  2.01420e-02
1.554901753e+00  1.9934672e-02  4.74630e-04  1.00000e+00  1.99335e-02  2.01431e-02
1.555420053e+00  1.9935379e-02  4.74731e-04  1.00000e+00  1.99344e-02  2.01442e-02
1.555938527e+00  1.9935782e-02  4.74832e-04  1.00000e+00  1.99350e-02  2.01451e-02
1.556457173e+00  1.9935629e-02  4.74930e-04  1.00000e+00  1.99352e-02  2.01455e-02
1.556975992e+00  1.9934735e-02  4.75026e-04  1.00000e+00  1.99346e-02  2.01452e-02
1.557494984e+00  1.9933023e-02  4.75121e-04  1.00000e+00  1.99331e-02  2.01442e-02
1.558014149e+00  1.9930530e-02  4.75213e-04  1.00000e+00  1.99309e-02  2.01424e-02
1.558533487e+00  1.9927401e-02  4.75304e-04  1.00000e+00  1.99280e-02  2.01400e-02
1.559052998e+00  1.9923847e-02  4.75393e-04  1.00000e+00  1.99246e-02  2.01372e-02
1.559572683e+00  1.9920110e-02  4.75481e-04  1.00000e+00  1.99211e-02  2.01342e-02
1.560092540e+00  1.9916410e-02  4.75568e-04  1.00000e+00  1.99175e-02  2.01312e-02
1.560612571e+00  1.9912901e-02  4.75653e-04  1.00000e+00  1.99142e-02  2.01284e-02
1.561132775e+00  1.9909624e-02  4.75737e-04  1.00000e+00  1.99112e-02  2.01258e-02
1.561653153e+00  1.9906451e-02  4.75819e-04  1.00000e+00  1.99084e-02  2.01235e-02
1.562173704e+00  1.9903017e-02  4.75895e-04  1.00000e+00  1.99058e-02  2.01213e-02
1.562694428e+00  1.9898645e-02  4.75964e-04  1.00000e+00  1.99029e-02  2.01187e-02
1.563215327e+00  1.9892279e-02  4.76018e-04  1.00000e+00  1.98990e-02  2.01150e-02
1.563736398e+00  1.9882421e-02  4.76048e-04  1.00000e+00  1.98931e-02  2.01094e-02
1.564257644e+00  1.9867147e-02  4.76041e-04  1.00000e+00  1.98838e-02  2.01004e-02
1.564779063e+00  1.9844164e-02  4.75979e-04  1.00000e+00  1.98696e-02  2.00863e-02
1.565300656e+00  1.9810978e-02  4.75838e-04  1.00000e+00  1.98483e-02  2.00652e-02
1.565822423e+00  1.9765163e-02  4.75595e-04  1.00000e+00  1.98178e-02  2.00348e-02
1.566344364e+00  1.9704732e-02  4.75221e-04  1.00000e+00  1.97761e-02  1.99931e-02
1.566866478e+00  1.9628581e-02  4.74693e-04  1.00000e+00  1.97214e-02  1.99382e-02
1.567388767e+00  1.9536961e-02  4.73995e-04  1.00000e+00  1.96524e-02  1.98690e-02
1.567911230e+00  1.9431877e-02  4.73123e-04  1.00000e+00  1.95692e-02  1.97854e-02
1.568433867e+00  1.9317330e-02  4.72091e-04  1.00000e+00  1.94732e-02  1.96886e-02
1.568956679e+00  1.9199254e-02  4.70935e-04  1.00000e+00  1.93673e-02  1.95820e-02
1.569479664e+00  1.9085082e-02  4.69713e-04  1.00000e+00  1.92564e-02  1.94703e-02
1.570002824e+00  1.8982904e-02  4.68501e-04  1.00000e+00  1.91467e-02  1.93597e-02
1.570526158e+00  1.8900300e-02  4.67386e-04  1.00000e+00  1.90453e-02  1.92576e-02
1.571049667e+00  1.8843037e-02  4.66454e-04  1.00000e+00  1.89591e-02  1.91709e-02
1.571573350e+00  1.8813903e-02  4.65775e-04  1.00000e+00  1.88938e-02  1.91053e-02
1.572097208e+00  1.8812000e-02  4.65392e-04  1.00000e+00  1.88526e-02  1.90642e-02
1.572621240e+00  1.8832731e-02  4.65312e-04  1.00000e+00  1.88362e-02  1.90481e-02
1.573145448e+00  1.8868578e-02  4.65499e-04  1.00000e+00  1.88416e-02  1.90542e-02
1.573669829e+00  1.8910577e-02  4.65887e-04  1.00000e+00  1.88635e-02  1.90768e-02
1.574194386e+00  1.8950153e-02  4.66388e-04  1.00000e+00  1.88947e-02  1.91090e-02
1.574719117e+00  1.8980884e-02  4.66911e-04  1.00000e+00  1.89278e-02  1.91431e-02
1.575244024e+00  1.8999732e-02  4.67384e-04  1.00000e+00  1.89569e-02  1.91730e-02
1.575769105e+00  1.9007430e-02  4.67761e-04  1.00000e+00  1.89782e-02  1.91951e-02
1.576294361e+00  1.9007957e-02  4.68034e-04  1.00000e+00  1.89911e-02  1.92086e-02
1.576819793e+00  1.9007283e-02  4.68229e-04  1.00000e+00  1.89976e-02  1.92157e-02
1.577345400e+00  1.9011763e-02  4.68394e-04  1.00000e+00  1.90018e-02  1.92205e-02
1.577871181e+00  1.9026644e-02  4.68591e-04  1.00000e+00  1.90088e-02  1.92280e-02
1.578397138e+00  1.9055033e-02  4.68875e-04  1.00000e+00  1.90230e-02  1.92429e-02
1.578923271e+00  1.9097529e-02  4.69284e-04  1.00000e+00  1.90477e-02  1.92683e-02
1.579449579e+00  1.9152486e-02  4.69835e-04  1.00000e+00  1.90843e-02  1.93058e-02
1.579976062e+00  1.9216709e-02  4.70523e-04  1.00000e+00  1.91323e-02  1.93547e-02
1.580502720e+00  1.9286311e-02  4.71322e-04  1.00000e+00  1.91896e-02  1.94130e-02
1.581029555e+00  1.9357478e-02  4.72197e-04  1.00000e+00  1.92533e-02  1.94779e-02
1.581556564e+00  1.9426991e-02  4.73111e-04  1.00000e+00  1.93203e-02  1.95460e-02
1.582083750e+00  1.9492449e-02  4.74026e-04  1.00000e+00  1.93875e-02  1.96144e-02
1.582611111e+00  1.9552275e-02  4.74914e-04  1.00000e+00  1.94524e-02  1.96804e-02
1.583138648e+00  1.9605576e-02  4.75752e-04  1.00000e+00  1.95132e-02  1.97423e-02
1.583666361e+00  1.9651981e-02  4.76526e-04  1.00000e+00  1.95685e-02  1.97987e-02
1.584194250e+00  1.9691500e-02  4.77227e-04  1.00000e+00  1.96177e-02  1.98490e-02
1.584722315e+00  1.9724424e-02  4.77853e-04  1.00000e+00  1.96605e-02  1.98927e-02
1.585250555e+00  1.9751252e-02  4.78404e-04  1.00000e+00  1.96969e-02  1.99301e-02
1.585778972e+00  1.9772636e-02  4.78883e-04  1.00000e+00  1.97273e-02  1.99613e-02
1.586307565e+00  1.9789310e-02  4.79296e-04  1.00000e+00  1.97522e-02  1.99870e-02
1.586836335e+00  1.9802029e-02  4.79649e-04  1.00000e+00  1.97722e-02  2.00078e-02
1.587365280e+00  1.9811504e-02  4.79950e-04  1.00000e+00  1.97880e-02  2.00242e-02
1.587894402e+00  1.9818358e-02  4.80207e-04  1.00000e+00  1.98001e-02  2.00370e-02
1.588423700e+00  1.9823102e-02  4.80426e-04  1.00000e+00  1.98093e-02  2.00467e-02
1.588953174e+00  1.9826129e-02  4.80615e-04  1.00000e+00  1.98159e-02  2.00539e-02
1.589482825e+00  1.9827731e-02  4.80778e-04  1.00000e+00  1.98205e-02  2.00589e-02
1.590012653e+00  1.9828110e-02  4.80922e-04  1.00000e+00  1.98232e-02  2.00621e-02
1.590542657e+00  1.9827384e-02  4.81050e-04  1.00000e+00  1.98243e-02  2.00638e-02
1.591072838e+00  1.9825588e-02  4.81165e-04  1.00000e+00  1.98241e-02  2.00641e-02
1.591603196e+00  1.9822643e-02  4.81268e-04  1.00000e+00  1.98227e-02  2.00632e-02
1.592133730e+00  1.9818312e-02  4.81359e-04  1.00000e+00  1.98200e-02  2.00611e-02
1.592664441e+00  1.9812135e-02  4.81436e-04  1.00000e+00  1.98160e-02  2.00576e-02
1.593195330e+00  1.9803365e-02  4.81494e-04  1.00000e+00  1.98102e-02  2.00524e-02
1.593726395e+00  1.9790888e-02  4.81524e-04  1.00000e+00  1.98021e-02  2.00449e-02
1.594257637e+00  1.9773196e-02  4.81513e-04  1.00000e+00  1.97907e-02  2.00340e-02
1.594789056e+00  1.9748403e-02  4.81447e-04  1.00000e+00  1.97746e-02  2.00183e-02
1.595320652e+00  1.9714361e-02  4.81302e-04  1.00000e+00  1.97522e-02  1.99963e-02
1.595852426e+00  1.9668882e-02  4.81057e-04  1.00000e+00  1.97215e-02  1.99658e-02
1.596384377e+00  1.9610092e-02  4.80686e-04  1.00000e+00  1.96805e-02  1.99248e-02
1.596916505e+00  1.9536870e-02  4.80169e-04  1.00000e+00  1.96274e-02  1.98716e-02
1.597448810e+00  1.9449309e-02  4.79492e-04  1.00000e+00  1.95610e-02  1.98050e-02
1.597981293e+00  1.9349133e-02  4.78651e-04  1.00000e+00  1.94812e-02  1.97248e-02
1.598513954e+00  1.9239938e-02  4.77661e-04  1.00000e+00  1.93892e-02  1.96322e-02
1.599046792e+00  1.9127163e-02  4.76554e-04  1.00000e+00  1.92879e-02  1.95303e-02
1.599579807e+00  1.9017727e-02  4.75383e-04  1.00000e+00  1.91818e-02  1.94234e-02
1.600113001e+00  1.8919292e-02  4.74219e-04  1.00000e+00  1.90768e-02  1.93176e-02
1.600646372e+00  1.8839208e-02  4.73143e-04  1.00000e+00  1.89796e-02  1.92197e-02
1.601179920e+00  1.8783294e-02  4.72236e-04  1.00000e+00  1.88968e-02  1.91362e-02
1.601713647e+00  1.8754685e-02  4.71568e-04  1.00000e+00  1.88339e-02  1.90729e-02
1.602247552e+00  1.8753018e-02  4.71185e-04  1.00000e+00  1.87944e-02  1.90333e-02
1.602781634e+00  1.8774256e-02  4.71097e-04  1.00000e+00  1.87791e-02  1.90181e-02
1.603315895e+00  1.8811255e-02  4.71276e-04  1.00000e+00  1.87856e-02  1.90249e-02
1.603850333e+00  1.8855070e-02  4.71660e-04  1.00000e+00  1.88086e-02  1.90486e-02
1.604384950e+00  1.8896718e-02  4.72164e-04  1.00000e+00  1.88411e-02  1.90819e-02
1.604919745e+00  1.8928971e-02  4.72696e-04  1.00000e+00  1.88756e-02  1.91172e-02
1.605454718e+00  1.8947730e-02  4.73174e-04  1.00000e+00  1.89054e-02  1.91479e-02
1.605989870e+00  1.8952625e-02  4.73544e-04  1.00000e+00  1.89262e-02  1.91694e-02
1.606525200e+00  1.8946748e-02  4.73785e-04  1.00000e+00  1.89364e-02  1.91802e-02
1.607060708e+00  1.8935649e-02  4.73914e-04  1.00000e+00  1.89373e-02  1.91817e-02
1.607596395e+00  1.8925950e-02  4.73974e-04  1.00000e+00  1.89326e-02  1.91775e-02
1.608132261e+00  1.8923932e-02  4.74025e-04  1.00000e+00  1.89274e-02  1.91727e-02
1.608668305e+00  1.8934420e-02  4.74133e-04  1.00000e+00  1.89268e-02  1.91727e-02
1.609204527e+00  1.8960114e-02  4.74351e-04  1.00000e+00  1.89355e-02  1.91819e-02
1.609740929e+00  1.9001390e-02  4.74717e-04  1.00000e+00  1.89564e-02  1.92035e-02
1.610277509e+00  1.9056508e-02  4.75247e-04  1.00000e+00  1.89907e-02  1.92387e-02
1.610814268e+00  1.9122126e-02  4.75932e-04  1.00000e+00  1.90377e-02  1.92867e-02
1.611351207e+00  1.9193966e-02  4.76747e-04  1.00000e+00  1.90953e-02  1.93455e-02
1.611888324e+00  1.9267545e-02  4.77652e-04  1.00000e+00  1.91601e-02  1.94117e-02
1.612425620e+00  1.9338811e-02  4.78602e-04  1.00000e+00  1.92285e-02  1.94815e-02
1.612963095e+00  1.9404603e-02  4.79552e-04  1.00000e+00  1.92968e-02  1.95512e-02
1.613500749e+00  1.9462887e-02  4.80465e-04  1.00000e+00  1.93619e-02  1.96177e-02
1.614038583e+00  1.9512748e-02  4.81312e-04  1.00000e+00  1.94215e-02  1.96787e-02
1.614576596e+00  1.9554223e-02  4.82076e-04  1.00000e+00  1.94742e-02  1.97327e-02
1.615114788e+00  1.9588027e-02  4.82751e-04  1.00000e+00  1.95196e-02  1.97793e-02
1.615653160e+00  1.9615262e-02  4.83338e-04  1.00000e+00  1.95577e-02  1.98186e-02
1.616191711e+00  1.9637156e-02  4.83844e-04  1.00000e+00  1.95895e-02  1.98513e-02
1.616730441e+00  1.9654864e-02  4.84279e-04  1.00000e+00  1.96156e-02  1.98784e-02
1.617269351e+00  1.9669342e-02  4.84655e-04  1.00000e+00  1.96371e-02  1.99007e-02
1.617808441e+00  1.9681288e-02  4.84981e-04  1.00000e+00  1.96547e-02  1.99190e-02
1.618347711e+00  1.9691141e-02  4.85268e-04  1.00000e+00  1.96692e-02  1.99341e-02
1.618887160e+00  1.9699126e-02  4.85522e-04  1.00000e+00  1.96810e-02  1.99465e-02
1.619426789e+00  1.9705326e-02  4.85750e-04  1.00000e+00  1.96903e-02  1.99565e-02
1.619966598e+00  1.9709765e-02  4.85956e-04  1.00000e+00  1.96974e-02  1.99642e-02
1.620506587e+00  1.9712486e-02  4.86142e-04  1.00000e+00  1.97024e-02  1.99700e-02
1.621046755e+00  1.9713596e-02  4.86312e-04  1.00000e+00  1.97057e-02  1.99740e-02
1.621587104e+00  1.9713281e-02  4.86466e-04  1.00000e+00  1.97073e-02  1.99765e-02
1.622127633e+00  1.9711789e-02  4.86606e-04  1.00000e+00  1.97077e-02  1.99776e-02
1.622668343e+00  1.9709385e-02  4.86732e-04  1.00000e+00  1.97070e-02  1.99777e-02
1.623209232e+00  1.9706319e-02  4.86845e-04  1.00000e+00  1.97055e-02  1.99769e-02
1.623750302e+00  1.9702784e-02  4.86946e-04  1.00000e+00  1.97035e-02  1.99755e-02
1.624291552e+00  1.9698910e-02  4.87036e-04  1.00000e+00  1.97009e-02  1.99736e-02
1.624832982e+00  1.9694779e-02  4.87116e-04  1.00000e+00  1.96980e-02  1.99711e-02
1.625374593e+00  1.9690435e-02  4.87188e-04  1.00000e+00  1.96947e-02  1.99682e-02
1.625916385e+00  1.9685917e-02  4.87252e-04  1.00000e+00  1.96911e-02  1.99649e-02
1.626458357e+00  1.9681262e-02  4.87310e-04  1.00000e+00  1.96871e-02  1.99613e-02
1.627000510e+00  1.9676508e-02  4.87363e-04  1.00000e+00  1.96829e-02  1.99574e-02
1.627542843e+00  1.9671690e-02  4.87412e-04  1.00000e+00  1.96785e-02  1.99532e-02
1.628085358e+00  1.9666814e-02  4.87460e-04  1.00000e+00  1.96738e-02  1.99489e-02
1.628628053e+00  1.9661856e-02  4.87505e-04  1.00000e+00  1.96691e-02  1.99444e-02
1.629170929e+00  1.9656749e-02  4.87549e-04  1.00000e+00  1.96641e-02  1.99397e-02
1.629713986e+00  1.9651394e-02  4.87593e-04  1.00000e+00  1.96589e-02  1.99349e-02
1.630257224e+00  1.9645666e-02  4.87635e-04  1.00000e+00  1.96534e-02  1.99297e-02
1.630800643e+00  1.9639429e-02  4.87675e-04  1.00000e+00  1.96475e-02  1.99241e-02
1.631344243e+00  1.9632543e-02  4.87712e-04  1.00000e+00  1.96410e-02  1.99181e-02
1.631888025e+00  1.9624873e-02  4.87745e-04  1.00000e+00  1.96340e-02  1.99116e-02
1.632431987e+00  1.9616291e-02  4.87773e-04  1.00000e+00  1.96262e-02  1.99043e-02
1.632976131e+00  1.9606660e-02  4.87793e-04  1.00000e+00  1.96177e-02  1.98963e-02
1.633520457e+00  1.9595838e-02  4.87804e-04  1.00000e+00  1.96083e-02  1.98874e-02
1.634064963e+00  1.9583675e-02  4.87803e-04  1.00000e+00  1.95978e-02  1.98775e-02
1.634609652e+00  1.9570042e-02  4.87788e-04  1.00000e+00  1.95862e-02  1.98663e-02
1.635154522e+00  1.9554873e-02  4.87756e-04  1.00000e+00  1.95732e-02  1.98539e-02
1.635699573e+00  1.9538199e-02  4.87707e-04  1.00000e+00  1.95589e-02  1.98400e-02
1.636244806e+00  1.9520184e-02  4.87639e-04  1.00000e+00  1.95432e-02  1.98247e-02
1.636790221e+00  1.9501126e-02  4.87554e-04  1.00000e+00  1.95263e-02  1.98082e-02
1.637335818e+00  1.9481444e-02  4.87453e-04  1.00000e+00  1.95084e-02  1.97906e-02
1.637881597e+00  1.9461640e-02  4.87340e-04  1.00000e+00  1.94898e-02  1.97722e-02
1.638427557e+00  1.9442254e-02  4.87220e-04  1.00000e+00  1.94710e-02  1.97536e-02
1.638973700e+00  1.9423829e-02  4.87099e-04  1.00000e+00  1.94523e-02  1.97351e-02
1.639520024e+00  1.9406885e-02  4.86982e-04  1.00000e+00  1.94342e-02  1.97171e-02
1.640066531e+00  1.9391874e-02  4.86877e-04  1.00000e+00  1.94172e-02  1.97002e-02
1.640613220e+00  1.9379152e-02  4.86792e-04  1.00000e+00  1.94016e-02  1.96848e-02
1.641160091e+00  1.9368919e-02  4.86731e-04  1.00000e+00  1.93879e-02  1.96713e-02
1.641707144e+00  1.9361175e-02  4.86699e-04  1.00000e+00  1.93762e-02  1.96599e-02
1.642254380e+00  1.9355703e-02  4.86699e-04  1.00000e+00  1.93667e-02  1.96508e-02
1.642801798e+00  1.9352079e-02  4.86729e-04  1.00000e+00  1.93593e-02  1.96439e-02
1.643349399e+00  1.9349733e-02  4.86786e-04  1.00000e+00  1.93539e-02  1.96390e-02
1.643897182e+00  1.9348036e-02  4.86865e-04  1.00000e+00  1.93499e-02  1.96357e-02
1.644445147e+00  1.9346395e-02  4.86957e-04  1.00000e+00  1.93471e-02  1.96335e-02
1.644993296e+00  1.9344357e-02  4.87055e-04  1.00000e+00  1.93447e-02  1.96318e-02
1.645541627e+00  1.9341686e-02  4.87153e-04  1.00000e+00  1.93425e-02  1.96302e-02
1.646090141e+00  1.9338433e-02  4.87245e-04  1.00000e+00  1.93402e-02  1.96284e-02
1.646638838e+00  1.9334956e-02  4.87329e-04  1.00000e+00  1.93376e-02  1.96263e-02
1.647187717e+00  1.9331896e-02  4.87408e-04  1.00000e+00  1.93349e-02  1.96241e-02
1.647736780e+00  1.9330083e-02  4.87487e-04  1.00000e+00  1.93327e-02  1.96222e-02
1.648286025e+00  1.9330381e-02  4.87574e-04  1.00000e+00  1.93314e-02  1.96212e-02
1.648835454e+00  1.9333510e-02  4.87678e-04  1.00000e+00  1.93317e-02  1.96218e-02
1.649385066e+00  1.9339891e-02  4.87808e-04  1.00000e+00  1.93342e-02  1.96246e-02
1.649934861e+00  1.9349557e-02  4.87971e-04  1.00000e+00  1.93393e-02  1.96301e-02
1.650484839e+00  1.9362153e-02  4.88171e-04  1.00000e+00  1.93472e-02  1.96384e-02
1.651035001e+00  1.9377033e-02  4.88407e-04  1.00000e+00  1.93577e-02  1.96494e-02
1.651585346e+00  1.9393421e-02  4.88674e-04  1.00000e+00  1.93705e-02  1.96628e-02
1.652135874e+00  1.9410573e-02  4.88966e-04  1.00000e+00  1.93850e-02  1.96780e-02
1.652686586e+00  1.9427917e-02  4.89276e-04  1.00000e+00  1.94006e-02  1.96944e-02
1.653237482e+00  1.9445110e-02  4.89596e-04  1.00000e+00  1.94169e-02  1.97114e-02
1.653788561e+00  1.9462021e-02  4.89920e-04  1.00000e+00  1.94335e-02  1.97289e-02
1.654339824e+00  1.9478643e-02  4.90246e-04  1.00000e+00  1.94501e-02  1.97464e-02
1.654891270e+00  1.9495002e-02  4.90570e-04  1.00000e+00  1.94668e-02  1.97638e-02
1.655442901e+00  1.9511050e-02  4.90891e-04  1.00000e+00  1.94834e-02  1.97812e-02
1.655994715e+00  1.9526591e-02  4.91206e-04  1.00000e+00  1.94998e-02  1.97983e-02
1.656546713e+00  1.9541246e-02  4.91513e-04  1.00000e+00  1.95158e-02  1.98150e-02
1.657098895e+00  1.9554436e-02  4.91807e-04  1.00000e+00  1.95311e-02  1.98309e-02
1.657651262e+00  1.9565370e-02  4.92081e-04  1.00000e+00  1.95450e-02  1.98453e-02
1.658203812e+00  1.9573028e-02  4.92328e-04  1.00000e+00  1.95568e-02  1.98576e-02
1.658756547e+00  1.9576124e-02  4.92537e-04  1.00000e+00  1.95656e-02  1.98668e-02
1.659309466e+00  1.9573061e-02  4.92695e-04  1.00000e+00  1.95701e-02  1.98717e-02
1.659862569e+00  1.9561948e-02  4.92786e-04  1.00000e+00  1.95688e-02  1.98707e-02
1.660415856e+00  1.9540747e-02  4.92792e-04  1.00000e+00  1.95599e-02  1.98622e-02
1.660969328e+00  1.9507640e-02  4.92691e-04  1.00000e+00  1.95418e-02  1.98445e-02
1.661522985e+00  1.9461657e-02  4.92465e-04  1.00000e+00  1.95129e-02  1.98159e-02
1.662076826e+00  1.9403471e-02  4.92103e-04  1.00000e+00  1.94724e-02  1.97756e-02
1.662630851e+00  1.9336111e-02  4.91607e-04  1.00000e+00  1.94207e-02  1.97241e-02
1.663185062e+00  1.9265268e-02  4.91004e-04  1.00000e+00  1.93604e-02  1.96637e-02
1.663739457e+00  1.9198873e-02  4.90349e-04  1.00000e+00  1.92960e-02  1.95993e-02
1.664294036e+00  1.9145830e-02  4.89716e-04  1.00000e+00  1.92339e-02  1.95371e-02
1.664848801e+00  1.9114137e-02  4.89198e-04  1.00000e+00  1.91816e-02  1.94847e-02
1.665403751e+00  1.9108916e-02  4.88881e-04  1.00000e+00  1.91461e-02  1.94492e-02
1.665958885e+00  1.9131023e-02  4.88827e-04  1.00000e+00  1.91322e-02  1.94357e-02
1.666514205e+00  1.9176753e-02  4.89060e-04  1.00000e+00  1.91418e-02  1.94459e-02
1.667069710e+00  1.9238776e-02  4.89561e-04  1.00000e+00  1.91731e-02  1.94781e-02
1.667625400e+00  1.9307970e-02  4.90269e-04  1.00000e+00  1.92211e-02  1.95273e-02
1.668181275e+00  1.9375511e-02  4.91099e-04  1.00000e+00  1.92790e-02  1.95865e-02
1.668737335e+00  1.9434576e-02  4.91962e-04  1.00000e+00  1.93395e-02  1.96484e-02
1.669293581e+00  1.9481217e-02  4.92778e-04  1.00000e+00  1.93961e-02  1.97063e-02
1.669850012e+00  1.9514337e-02  4.93493e-04  1.00000e+00  1.94444e-02  1.97559e-02
1.670406629e+00  1.9535034e-02  4.94080e-04  1.00000e+00  1.94822e-02  1.97949e-02
1.670963431e+00  1.9545661e-02  4.94534e-04  1.00000e+00  1.95092e-02  1.98229e-02
1.671520419e+00  1.9548968e-02  4.94869e-04  1.00000e+00  1.95264e-02  1.98409e-02
1.672077592e+00  1.9547501e-02  4.95108e-04  1.00000e+00  1.95357e-02  1.98509e-02
1.672634951e+00  1.9543305e-02  4.95275e-04  1.00000e+00  1.95390e-02  1.98550e-02
1.673192496e+00  1.9537849e-02  4.95393e-04  1.00000e+00  1.95384e-02  1.98550e-02
1.673750227e+00  1.9532095e-02  4.95482e-04  1.00000e+00  1.95354e-02  1.98526e-02
1.674308144e+00  1.9526616e-02  4.95555e-04  1.00000e+00  1.95313e-02  1.98489e-02
1.674866247e+00  1.9521734e-02  4.95623e-04  1.00000e+00  1.95267e-02  1.98449e-02
1.675424535e+00  1.9517616e-02  4.95690e-04  1.00000e+00  1.95222e-02  1.98409e-02
1.675983010e+00  1.9514336e-02  4.95762e-04  1.00000e+00  1.95182e-02  1.98373e-02
1.676541671e+00  1.9511870e-02  4.95841e-04  1.00000e+00  1.95147e-02  1.98344e-02
1.677100519e+00  1.9510058e-02  4.95928e-04  1.00000e+00  1.95119e-02  1.98320e-02
1.677659552e+00  1.9508585e-02  4.96023e-04  1.00000e+00  1.95095e-02  1.98302e-02
1.678218772e+00  1.9507005e-02  4.96123e-04  1.00000e+00  1.95075e-02  1.98288e-02
1.678778178e+00  1.9504846e-02  4.96225e-04  1.00000e+00  1.95055e-02  1.98274e-02
1.679337771e+00  1.9501755e-02  4.96323e-04  1.00000e+00  1.95032e-02  1.98257e-02
1.679897550e+00  1.9497638e-02  4.96413e-04  1.00000e+00  1.95003e-02  1.98234e-02
1.680457516e+00  1.9492726e-02  4.96492e-04  1.00000e+00  1.94968e-02  1.98204e-02
1.681017668e+00  1.9487549e-02  4.96561e-04  1.00000e+00  1.94929e-02  1.98169e-02
1.681578008e+00  1.9482812e-02  4.96622e-04  1.00000e+00  1.94887e-02  1.98130e-02
1.682138534e+00  1.9479218e-02  4.96682e-04  1.00000e+00  1.94848e-02  1.98095e-02
1.682699247e+00  1.9477280e-02  4.96747e-04  1.00000e+00  1.94817e-02  1.98066e-02
1.683260146e+00  1.9477192e-02  4.96825e-04  1.00000e+00  1.94799e-02  1.98050e-02
1.683821233e+00  1.9478767e-02  4.96917e-04  1.00000e+00  1.94794e-02  1.98048e-02
1.684382507e+00  1.9481488e-02  4.97025e-04  1.00000e+00  1.94802e-02  1.98058e-02
1.684943968e+00  1.9484637e-02  4.97145e-04  1.00000e+00  1.94821e-02  1.98079e-02
1.685505616e+00  1.9487455e-02  4.97273e-04  1.00000e+00  1.94844e-02  1.98106e-02
1.686067451e+00  1.9489296e-02  4.97402e-04  1.00000e+00  1.94866e-02  1.98131e-02
1.686629473e+00  1.9489739e-02  4.97525e-04  1.00000e+00  1.94882e-02  1.98150e-02
1.687191683e+00  1.9488640e-02  4.97637e-04  1.00000e+00  1.94886e-02  1.98158e-02
1.687754080e+00  1.9486149e-02  4.97737e-04  1.00000e+00  1.94879e-02  1.98154e-02
1.688316665e+00  1.9482694e-02  4.97824e-04  1.00000e+00  1.94859e-02  1.98138e-02
1.688879437e+00  1.9478915e-02  4.97900e-04  1.00000e+00  1.94831e-02  1.98115e-02
1.689442397e+00  1.9475548e-02  4.97972e-04  1.00000e+00  1.94800e-02  1.98087e-02
1.690005545e+00  1.9473266e-02  4.98044e-04  1.00000e+00  1.94772e-02  1.98062e-02
1.690568880e+00  1.9472501e-02  4.98124e-04  1.00000e+00  1.94752e-02  1.98045e-02
1.691132403e+00  1.9473320e-02  4.98215e-04  1.00000e+00  1.94745e-02  1.98040e-02
1.691696113e+00  1.9475409e-02  4.98317e-04  1.00000e+00  1.94751e-02  1.98048e-02
1.692260012e+00  1.9478166e-02  4.98430e-04  1.00000e+00  1.94769e-02  1.98068e-02
1.692824099e+00  1.9480877e-02  4.98548e-04  1.00000e+00  1.94794e-02  1.98093e-02
1.693388374e+00  1.9482915e-02  4.98664e-04  1.00000e+00  1.94820e-02  1.98120e-02
1.693952836e+00  1.9483896e-02  4.98772e-04  1.00000e+00  1.94843e-02  1.98143e-02
1.694517487e+00  1.9483749e-02  4.98868e-04  1.00000e+00  1.94858e-02  1.98158e-02
1.695082326e+00  1.9482682e-02  4.98952e-04  1.00000e+00  1.94864e-02  1.98162e-02
1.695647354e+00  1.9481075e-02  4.99024e-04  1.00000e+00  1.94859e-02  1.98157e-02
1.696212570e+00  1.9479322e-02  4.99090e-04  1.00000e+00  1.94847e-02  1.98144e-02
1.696777974e+00  1.9477685e-02  4.99154e-04  1.00000e+00  1.94829e-02  1.98127e-02
1.697343567e+00  1.9476214e-02  4.99222e-04  1.00000e+00  1.94809e-02  1.98108e-02
1.697909348e+00  1.9474759e-02  4.99294e-04  1.00000e+00  1.94788e-02  1.98089e-02
1.698475317e+00  1.9473054e-02  4.99372e-04  1.00000e+00  1.94765e-02  1.98069e-02
1.699041476e+00  1.9470832e-02  4.99452e-04  1.00000e+00  1.94742e-02  1.98050e-02
1.699607823e+00  1.9467923e-02  4.99532e-04  1.00000e+00  1.94716e-02  1.98028e-02
1.700174359e+00  1.9464264e-02  4.99607e-04  1.00000e+00  1.94688e-02  1.98002e-02
1.700741084e+00  1.9459853e-02  4.99674e-04  1.00000e+00  1.94655e-02  1.97972e-02
1.701307998e+00  1.9454661e-02  4.99732e-04  1.00000e+00  1.94617e-02  1.97937e-02
1.701875100e+00  1.9448562e-02  4.99777e-04  1.00000e+00  1.94574e-02  1.97895e-02
1.702442392e+00  1.9441332e-02  4.99806e-04  1.00000e+00  1.94524e-02  1.97845e-02
1.703009873e+00  1.9432732e-02  4.99816e-04  1.00000e+00  1.94463e-02  1.97783e-02
1.703577543e+00  1.9422656e-02  4.99806e-04  1.00000e+00  1.94389e-02  1.97708e-02
1.704145402e+00  1.9411308e-02  4.99774e-04  1.00000e+00  1.94301e-02  1.97618e-02
1.704713450e+00  1.9399341e-02  4.99724e-04  1.00000e+00  1.94201e-02  1.97515e-02
1.705281688e+00  1.9387904e-02  4.99664e-04  1.00000e+00  1.94092e-02  1.97403e-02
1.705850115e+00  1.9378545e-02  4.99606e-04  1.00000e+00  1.93986e-02  1.97294e-02
1.706418732e+00  1.9372958e-02  4.99566e-04  1.00000e+00  1.93894e-02  1.97200e-02
1.706987538e+00  1.9372615e-02  4.99564e-04  1.00000e+00  1.93833e-02  1.97136e-02
1.707556534e+00  1.9378359e-02  4.99615e-04  1.00000e+00  1.93814e-02  1.97117e-02
1.708125720e+00  1.9390092e-02  4.99729e-04  1.00000e+00  1.93848e-02  1.97150e-02
1.708695095e+00  1.9406664e-02  4.99909e-04  1.00000e+00  1.93935e-02  1.97237e-02
1.709264660e+00  1.9426043e-02  5.00145e-04  1.00000e+00  1.94069e-02  1.97371e-02
1.709834415e+00  1.9445737e-02  5.00417e-04  1.00000e+00  1.94235e-02  1.97537e-02
1.710404360e+00  1.9463392e-02  5.00702e-04  1.00000e+00  1.94413e-02  1.97716e-02
1.710974494e+00  1.9477364e-02  5.00974e-04  1.00000e+00  1.94583e-02  1.97885e-02
1.711544819e+00  1.9487110e-02  5.01213e-04  1.00000e+00  1.94729e-02  1.98031e-02
1.712115334e+00  1.9493269e-02  5.01412e-04  1.00000e+00  1.94844e-02  1.98143e-02
1.712686039e+00  1.9497395e-02  5.01572e-04  1.00000e+00  1.94928e-02  1.98225e-02
1.713256935e+00  1.9501422e-02  5.01706e-04  1.00000e+00  1.94990e-02  1.98284e-02
1.713828020e+00  1.9507020e-02  5.01832e-04  1.00000e+00  1.95044e-02  1.98336e-02
1.714399296e+00  1.9515015e-02  5.01967e-04  1.00000e+00  1.95103e-02  1.98393e-02
1.714970763e+00  1.9525053e-02  5.02123e-04  1.00000e+00  1.95175e-02  1.98465e-02
1.715542420e+00  1.9535583e-02  5.02299e-04  1.00000e+00  1.95261e-02  1.98550e-02
1.716114267e+00  1.9544168e-02  5.02483e-04  1.00000e+00  1.95349e-02  1.98639e-02
1.716686305e+00  1.9548050e-02  5.02653e-04  1.00000e+00  1.95422e-02  1.98714e-02
1.717258534e+00  1.9544816e-02  5.02783e-04  1.00000e+00  1.95459e-02  1.98751e-02
1.717830953e+00  1.9533031e-02  5.02847e-04  1.00000e+00  1.95438e-02  1.98732e-02
1.718403564e+00  1.9512642e-02  5.02828e-04  1.00000e+00  1.95346e-02  1.98640e-02
1.718976365e+00  1.9485092e-02  5.02721e-04  1.00000e+00  1.95179e-02  1.98473e-02
1.719549357e+00  1.9453082e-02  5.02535e-04  1.00000e+00  1.94945e-02  1.98239e-02
1.720122540e+00  1.9420071e-02  5.02293e-04  1.00000e+00  1.94666e-02  1.97959e-02
1.720695914e+00  1.9389636e-02  5.02027e-04  1.00000e+00  1.94368e-02  1.97660e-02
1.721269480e+00  1.9364887e-02  5.01774e-04  1.00000e+00  1.94082e-02  1.97373e-02
1.721843236e+00  1.9348012e-02  5.01566e-04  1.00000e+00  1.93836e-02  1.97125e-02
1.722417184e+00  1.9340064e-02  5.01431e-04  1.00000e+00  1.93651e-02  1.96940e-02
1.722991323e+00  1.9340943e-02  5.01385e-04  1.00000e+00  1.93542e-02  1.96830e-02
1.723565653e+00  1.9349519e-02  5.01434e-04  1.00000e+00  1.93510e-02  1.96799e-02
1.724140175e+00  1.9363847e-02  5.01572e-04  1.00000e+00  1.93550e-02  1.96840e-02
1.724714889e+00  1.9381443e-02  5.01782e-04  1.00000e+00  1.93649e-02  1.96941e-02
1.725289794e+00  1.9399596e-02  5.02042e-04  1.00000e+00  1.93785e-02  1.97081e-02
1.725864890e+00  1.9415692e-02  5.02325e-04  1.00000e+00  1.93937e-02  1.97237e-02
1.726440179e+00  1.9427504e-02  5.02601e-04  1.00000e+00  1.94081e-02  1.97385e-02
1.727015659e+00  1.9433438e-02  5.02845e-04  1.00000e+00  1.94196e-02  1.97505e-02
1.727591331e+00  1.9432710e-02  5.03035e-04  1.00000e+00  1.94267e-02  1.97580e-02
1.728167194e+00  1.9425466e-02  5.03158e-04  1.00000e+00  1.94284e-02  1.97600e-02
1.728743250e+00  1.9412835e-02  5.03209e-04  1.00000e+00  1.94246e-02  1.97563e-02
1.729319498e+00  1.9396848e-02  5.03196e-04  1.00000e+00  1.94158e-02  1.97476e-02
1.729895938e+00  1.9380164e-02  5.03135e-04  1.00000e+00  1.94035e-02  1.97353e-02
1.730472570e+00  1.9365587e-02  5.03052e-04  1.00000e+00  1.93898e-02  1.97214e-02
1.731049394e+00  1.9355402e-02  5.02977e-04  1.00000e+00  1.93768e-02  1.97083e-02
1.731626410e+00  1.9350799e-02  5.02936e-04  1.00000e+00  1.93665e-02  1.96979e-02
1.732203619e+00  1.9351579e-02  5.02947e-04  1.00000e+00  1.93601e-02  1.96916e-02
1.732781020e+00  1.9356326e-02  5.03016e-04  1.00000e+00  1.93580e-02  1.96895e-02
1.733358614e+00  1.9363002e-02  5.03134e-04  1.00000e+00  1.93593e-02  1.96912e-02
1.733936400e+00  1.9369670e-02  5.03287e-04  1.00000e+00  1.93629e-02  1.96952e-02
1.734514379e+00  1.9375038e-02  5.03457e-04  1.00000e+00  1.93673e-02  1.97001e-02
1.735092550e+00  1.9378590e-02  5.03627e-04  1.00000e+00  1.93715e-02  1.97049e-02
1.735670915e+00  1.9380309e-02  5.03788e-04  1.00000e+00  1.93747e-02  1.97088e-02
1.736249472e+00  1.9380224e-02  5.03935e-04  1.00000e+00  1.93768e-02  1.97115e-02
1.736828221e+00  1.9378090e-02  5.04062e-04  1.00000e+00  1.93775e-02  1.97127e-02
1.737407164e+00  1.9373424e-02  5.04164e-04  1.00000e+00  1.93764e-02  1.97121e-02
1.737986300e+00  1.9365844e-02  5.04234e-04  1.00000e+00  1.93731e-02  1.97091e-02
1.738565629e+00  1.9355451e-02  5.04270e-04  1.00000e+00  1.93671e-02  1.97035e-02
1.739145150e+00  1.9342973e-02  5.04271e-04  1.00000e+00  1.93586e-02  1.96953e-02
1.739724866e+00  1.9329495e-02  5.04244e-04  1.00000e+00  1.93479e-02  1.96848e-02
1.740304774e+00  1.9315888e-02  5.04201e-04  1.00000e+00  1.93357e-02  1.96728e-02
1.740884875e+00  1.9302181e-02  5.04150e-04  1.00000e+00  1.93227e-02  1.96601e-02
1.741465170e+00  1.9287301e-02  5.04092e-04  1.00000e+00  1.93091e-02  1.96467e-02
1.742045659e+00  1.9269382e-02  5.04019e-04  1.00000e+00  1.92941e-02  1.96320e-02
1.742626341e+00  1.9246633e-02  5.03912e-04  1.00000e+00  1.92767e-02  1.96148e-02
1.743207216e+00  1.9218458e-02  5.03754e-04  1.00000e+00  1.92557e-02  1.95937e-02
1.743788285e+00  1.9186363e-02  5.03538e-04  1.00000e+00  1.92305e-02  1.95685e-02
1.744369548e+00  1.9154176e-02  5.03276e-04  1.00000e+00  1.92022e-02  1.95400e-02
1.744951004e+00  1.9127367e-02  5.03002e-04  1.00000e+00  1.91736e-02  1.95110e-02
1.745532655e+00  1.9111601e-02  5.02772e-04  1.00000e+00  1.91486e-02  1.94858e-02
1.746114499e+00  1.9110977e-02  5.02643e-04  1.00000e+00  1.91318e-02  1.94688e-02
1.746696537e+00  1.9126598e-02  5.02664e-04  1.00000e+00  1.91267e-02  1.94637e-02
1.747278769e+00  1.9156076e-02  5.02856e-04  1.00000e+00  1.91350e-02  1.94722e-02
1.747861196e+00  1.9194154e-02  5.03209e-04  1.00000e+00  1.91554e-02  1.94931e-02
1.748443816e+00  1.9234205e-02  5.03678e-04  1.00000e+00  1.91847e-02  1.95231e-02
1.749026631e+00  1.9269988e-02  5.04201e-04  1.00000e+00  1.92180e-02  1.95571e-02
1.749609639e+00  1.9296969e-02  5.04714e-04  1.00000e+00  1.92502e-02  1.95901e-02
1.750192843e+00  1.9312812e-02  5.05161e-04  1.00000e+00  1.92770e-02  1.96177e-02
1.750776240e+00  1.9317053e-02  5.05505e-04  1.00000e+00  1.92957e-02  1.96370e-02
1.751359832e+00  1.9310427e-02  5.05726e-04  1.00000e+00  1.93050e-02  1.96467e-02
1.751943619e+00  1.9294323e-02  5.05820e-04  1.00000e+00  1.93045e-02  1.96464e-02
1.752527600e+00  1.9270683e-02  5.05792e-04  1.00000e+00  1.92951e-02  1.96370e-02
1.753111776e+00  1.9242280e-02  5.05661e-04  1.00000e+00  1.92780e-02  1.96197e-02
1.753696147e+00  1.9212971e-02  5.05454e-04  1.00000e+00  1.92556e-02  1.95969e-02
1.754280712e+00  1.9187527e-02  5.05214e-04  1.00000e+00  1.92309e-02  1.95717e-02
1.754865472e+00  1.9170855e-02  5.04995e-04  1.00000e+00  1.92079e-02  1.95483e-02
1.755450427e+00  1.9166675e-02  5.04854e-04  1.00000e+00  1.91907e-02  1.95309e-02
1.756035578e+00  1.9176255e-02  5.04837e-04  1.00000e+00  1.91828e-02  1.95229e-02
1.756620923e+00  1.9197643e-02  5.04969e-04  1.00000e+00  1.91857e-02  1.95261e-02
1.757206463e+00  1.9225813e-02  5.05239e-04  1.00000e+00  1.91988e-02  1.95398e-02
1.757792199e+00  1.9253700e-02  5.05604e-04  1.00000e+00  1.92189e-02  1.95606e-02
1.758378129e+00  1.9273815e-02  5.05995e-04  1.00000e+00  1.92409e-02  1.95834e-02
1.758964255e+00  1.9279832e-02  5.06332e-04  1.00000e+00  1.92588e-02  1.96020e-02
1.759550577e+00  1.9267692e-02  5.06539e-04  1.00000e+00  1.92669e-02  1.96106e-02
1.760137094e+00  1.9235919e-02  5.06559e-04  1.00000e+00  1.92609e-02  1.96047e-02
1.760723806e+00  1.9185367e-02  5.06361e-04  1.00000e+00  1.92383e-02  1.95820e-02
1.761310714e+00  1.9118751e-02  5.05938e-04  1.00000e+00  1.91986e-02  1.95417e-02
1.761897817e+00  1.9040369e-02  5.05312e-04  1.00000e+00  1.91431e-02  1.94853e-02
1.762485117e+00  1.8956139e-02  5.04523e-04  1.00000e+00  1.90750e-02  1.94162e-02
1.763072612e+00  1.8873706e-02  5.03637e-04  1.00000e+00  1.89993e-02  1.93392e-02
1.763660303e+00  1.8802085e-02  5.02739e-04  1.00000e+00  1.89226e-02  1.92613e-02
1.764248189e+00  1.8750488e-02  5.01931e-04  1.00000e+00  1.88529e-02  1.91906e-02
1.764836272e+00  1.8726397e-02  5.01318e-04  1.00000e+00  1.87985e-02  1.91354e-02
1.765424551e+00  1.8733394e-02  5.00991e-04  1.00000e+00  1.87663e-02  1.91027e-02
1.766013026e+00  1.8769756e-02  5.01000e-04  1.00000e+00  1.87603e-02  1.90967e-02
1.766601697e+00  1.8828460e-02  5.01346e-04  1.00000e+00  1.87803e-02  1.91172e-02
1.767190564e+00  1.8898778e-02  5.01972e-04  1.00000e+00  1.88220e-02  1.91597e-02
1.767779628e+00  1.8968879e-02  5.02778e-04  1.00000e+00  1.88775e-02  1.92163e-02
1.768368887e+00  1.9028355e-02  5.03642e-04  1.00000e+00  1.89375e-02  1.92775e-02
1.768958344e+00  1.9069901e-02  5.04446e-04  1.00000e+00  1.89928e-02  1.93339e-02
1.769547996e+00  1.9089681e-02  5.05097e-04  1.00000e+00  1.90363e-02  1.93783e-02
1.770137846e+00  1.9086785e-02  5.05529e-04  1.00000e+00  1.90629e-02  1.94054e-02
1.770727892e+00  1.9062252e-02  5.05711e-04  1.00000e+00  1.90702e-02  1.94129e-02
1.771318134e+00  1.9018422e-02  5.05635e-04  1.00000e+00  1.90576e-02  1.94002e-02
1.771908574e+00  1.8958678e-02  5.05314e-04  1.00000e+00  1.90262e-02  1.93683e-02
1.772499210e+00  1.8887393e-02  5.04781e-04  1.00000e+00  1.89783e-02  1.93196e-02
1.773090043e+00  1.8809688e-02  5.04080e-04  1.00000e+00  1.89175e-02  1.92578e-02
1.773681073e+00  1.8730856e-02  5.03269e-04  1.00000e+00  1.88481e-02  1.91872e-02
1.774272300e+00  1.8655395e-02  5.02409e-04  1.00000e+00  1.87746e-02  1.91127e-02
1.774863724e+00  1.8586271e-02  5.01555e-04  1.00000e+00  1.87015e-02  1.90385e-02
1.775455345e+00  1.8524587e-02  5.00749e-04  1.00000e+00  1.86319e-02  1.89679e-02
1.776047164e+00  1.8469970e-02  5.00015e-04  1.00000e+00  1.85676e-02  1.89027e-02
1.776639180e+00  1.8421285e-02  4.99361e-04  1.00000e+00  1.85092e-02  1.88437e-02
1.777231393e+00  1.8377387e-02  4.98782e-04  1.00000e+00  1.84566e-02  1.87906e-02
1.777823803e+00  1.8337375e-02  4.98269e-04  1.00000e+00  1.84091e-02  1.87427e-02
1.778416411e+00  1.8300251e-02  4.97812e-04  1.00000e+00  1.83660e-02  1.86992e-02
1.779009217e+00  1.8264213e-02  4.97396e-04  1.00000e+00  1.83261e-02  1.86591e-02
1.779602220e+00  1.8226072e-02  4.96997e-04  1.00000e+00  1.82877e-02  1.86205e-02
1.780195420e+00  1.8181359e-02  4.96580e-04  1.00000e+00  1.82480e-02  1.85805e-02
1.780788819e+00  1.8125432e-02  4.96096e-04  1.00000e+00  1.82032e-02  1.85354e-02
1.781382415e+00  1.8055405e-02  4.95495e-04  1.00000e+00  1.81498e-02  1.84814e-02
1.781976209e+00  1.7972274e-02  4.94742e-04  1.00000e+00  1.80852e-02  1.84160e-02
1.782570201e+00  1.7882256e-02  4.93843e-04  1.00000e+00  1.80101e-02  1.83398e-02
1.783164391e+00  1.7796397e-02  4.92853e-04  1.00000e+00  1.79288e-02  1.82574e-02
1.783758779e+00  1.7728213e-02  4.91883e-04  1.00000e+00  1.78497e-02  1.81769e-02
1.784353366e+00  1.7689638e-02  4.91072e-04  1.00000e+00  1.77830e-02  1.81092e-02
1.784948150e+00  1.7686758e-02  4.90557e-04  1.00000e+00  1.77385e-02  1.80640e-02
1.785543133e+00  1.7716786e-02  4.90419e-04  1.00000e+00  1.77221e-02  1.80473e-02
1.786138314e+00  1.7767513e-02  4.90657e-04  1.00000e+00  1.77329e-02  1.80585e-02
1.786733693e+00  1.7819772e-02  4.91165e-04  1.00000e+00  1.77633e-02  1.80896e-02
1.787329271e+00  1.7852015e-02  4.91757e-04  1.00000e+00  1.77992e-02  1.81264e-02
1.787925048e+00  1.7845703e-02  4.92204e-04  1.00000e+00  1.78240e-02  1.81519e-02
1.788521023e+00  1.7789889e-02  4.92293e-04  1.00000e+00  1.78218e-02  1.81500e-02
1.789117196e+00  1.7683602e-02  4.91869e-04  1.00000e+00  1.77816e-02  1.81094e-02
1.789713569e+00  1.7535697e-02  4.90877e-04  1.00000e+00  1.76996e-02  1.80263e-02
1.790310140e+00  1.7362269e-02  4.89364e-04  1.00000e+00  1.75799e-02  1.79046e-02
1.790906910e+00  1.7182682e-02  4.87470e-04  1.00000e+00  1.74330e-02  1.77552e-02
1.791503879e+00  1.7015115e-02  4.85390e-04  1.00000e+00  1.72733e-02  1.75928e-02
1.792101047e+00  1.6872767e-02  4.83329e-04  1.00000e+00  1.71158e-02  1.74327e-02
1.792698414e+00  1.6761313e-02  4.81464e-04  1.00000e+00  1.69730e-02  1.72875e-02
1.793295980e+00  1.6677942e-02  4.79897e-04  1.00000e+00  1.68519e-02  1.71645e-02
1.793893745e+00  1.6611786e-02  4.78639e-04  1.00000e+00  1.67529e-02  1.70642e-02
1.794491710e+00  1.6545629e-02  4.77604e-04  1.00000e+00  1.66698e-02  1.69800e-02
1.795089874e+00  1.6458457e-02  4.76617e-04  1.00000e+00  1.65900e-02  1.68991e-02
1.795688237e+00  1.6328781e-02  4.75441e-04  1.00000e+00  1.64967e-02  1.68047e-02
1.796286800e+00  1.6138832e-02  4.73816e-04  1.00000e+00  1.63719e-02  1.66780e-02
1.796885562e+00  1.5879006e-02  4.71504e-04  1.00000e+00  1.61995e-02  1.65028e-02
1.797484524e+00  1.5551982e-02  4.68349e-04  1.00000e+00  1.59693e-02  1.62685e-02
1.798083686e+00  1.5174827e-02  4.64321e-04  1.00000e+00  1.56806e-02  1.59746e-02
1.798683047e+00  1.4777756e-02  4.59558e-04  1.00000e+00  1.53444e-02  1.56323e-02
1.799282608e+00  1.4398853e-02  4.54365e-04  1.00000e+00  1.49830e-02  1.52642e-02
1.799882369e+00  1.4075311e-02  4.49172e-04  1.00000e+00  1.46261e-02  1.49007e-02
1.800482329e+00  1.3833849e-02  4.44448e-04  1.00000e+00  1.43047e-02  1.45733e-02
1.801082490e+00  1.3683509e-02  4.40589e-04  1.00000e+00  1.40436e-02  1.43074e-02
1.801682851e+00  1.3613748e-02  4.37809e-04  1.00000e+00  1.38552e-02  1.41156e-02
1.802283412e+00  1.3598731e-02  4.36094e-04  1.00000e+00  1.37371e-02  1.39956e-02
1.802884173e+00  1.3606361e-02  4.35223e-04  1.00000e+00  1.36742e-02  1.39317e-02
1.803485135e+00  1.3608560e-02  4.34851e-04  1.00000e+00  1.36438e-02  1.39010e-02
1.804086296e+00  1.3588679e-02  4.34634e-04  1.00000e+00  1.36237e-02  1.38807e-02
1.804687658e+00  1.3543182e-02  4.34317e-04  1.00000e+00  1.35973e-02  1.38541e-02
1.805289221e+00  1.3477573e-02  4.33778e-04  1.00000e+00  1.35568e-02  1.38130e-02
1.805890984e+00  1.3398942e-02  4.33000e-04  1.00000e+00  1.35011e-02  1.37564e-02
1.806492948e+00  1.3309073e-02  4.32011e-04  1.00000e+00  1.34320e-02  1.36861e-02
1.807095112e+00  1.3201909e-02  4.30806e-04  1.00000e+00  1.33490e-02  1.36017e-02
1.807697477e+00  1.3066194e-02  4.29316e-04  1.00000e+00  1.32477e-02  1.34987e-02
1.808300043e+00  1.2892278e-02  4.27422e-04  1.00000e+00  1.31206e-02  1.33693e-02
1.808902810e+00  1.2679164e-02  4.25016e-04  1.00000e+00  1.29609e-02  1.32069e-02
1.809505777e+00  1.2437991e-02  4.22075e-04  1.00000e+00  1.27680e-02  1.30106e-02
1.810108946e+00  1.2190167e-02  4.18710e-04  1.00000e+00  1.25492e-02  1.27882e-02
1.810712315e+00  1.1960766e-02  4.15156e-04  1.00000e+00  1.23201e-02  1.25552e-02
1.811315886e+00  1.1770266e-02  4.11718e-04  1.00000e+00  1.20997e-02  1.23312e-02
1.811919658e+00  1.1628109e-02  4.08679e-04  1.00000e+00  1.19052e-02  1.21336e-02
1.812523631e+00  1.1530598e-02  4.06214e-04  1.00000e+00  1.17470e-02  1.19730e-02
1.813127806e+00  1.1463082e-02  4.04341e-04  1.00000e+00  1.16260e-02  1.18501e-02
1.813732182e+00  1.1404562e-02  4.02927e-04  1.00000e+00  1.15338e-02  1.17567e-02
1.814336759e+00  1.1332402e-02  4.01723e-04  1.00000e+00  1.14557e-02  1.16774e-02
1.814941538e+00  1.1225693e-02  4.00423e-04  1.00000e+00  1.13734e-02  1.15936e-02
1.815546519e+00  1.1067302e-02  3.98709e-04  1.00000e+00  1.12680e-02  1.14862e-02
1.816151701e+00  1.0846113e-02  3.96296e-04  1.00000e+00  1.11228e-02  1.13381e-02
1.816757085e+00  1.0560433e-02  3.92973e-04  1.00000e+00  1.09259e-02  1.11373e-02
1.817362670e+00  1.0222110e-02  3.88653e-04  1.00000e+00  1.06733e-02  1.08796e-02
1.817968458e+00  9.8591759e-03  3.83442e-04  1.00000e+00  1.03725e-02  1.05729e-02
1.818574447e+00  9.5145165e-03  3.77687e-04  1.00000e+00  1.00447e-02  1.02386e-02
1.819180639e+00  9.2383903e-03  3.71977e-04  1.00000e+00  9.72346e-03  9.91128e-03
1.819787032e+00  9.0758886e-03  3.67066e-04  1.00000e+00  9.44973e-03  9.63244e-03
1.820393628e+00  9.0524292e-03  3.63705e-04  1.00000e+00  9.26201e-03  9.44139e-03
1.821000426e+00  9.1629343e-03  3.62401e-04  1.00000e+00  9.18540e-03  9.36368e-03
1.821607426e+00  9.3688751e-03  3.63220e-04  1.00000e+00  9.22240e-03  9.40183e-03
1.822214629e+00  9.6055527e-03  3.65705e-04  1.00000e+00  9.34922e-03  9.53156e-03
1.822822034e+00  9.7977793e-03  3.68968e-04  1.00000e+00  9.51952e-03  9.70558e-03
1.823429641e+00  9.8789741e-03  3.71922e-04  1.00000e+00  9.67480e-03  9.86424e-03
1.824037451e+00  9.8072853e-03  3.73546e-04  1.00000e+00  9.75837e-03  9.94974e-03
1.824645463e+00  9.5738664e-03  3.73099e-04  1.00000e+00  9.72860e-03  9.91963e-03
1.825253678e+00  9.2013756e-03  3.70242e-04  1.00000e+00  9.56729e-03  9.75537e-03
1.825862096e+00  8.7346731e-03  3.65047e-04  1.00000e+00  9.28144e-03  9.46410e-03
1.826470717e+00  8.2277668e-03  3.57938e-04  1.00000e+00  8.89863e-03  9.07395e-03
1.827079541e+00  7.7314734e-03  3.49567e-04  1.00000e+00  8.45848e-03  8.62533e-03
1.827688567e+00  7.2847618e-03  3.40684e-04  1.00000e+00  8.00321e-03  8.16128e-03
1.828297797e+00  6.9105537e-03  3.31999e-04  1.00000e+00  7.56963e-03  7.71932e-03
1.828907229e+00  6.6149753e-03  3.24075e-04  1.00000e+00  7.18379e-03  7.32600e-03
1.829516865e+00  6.3888592e-03  3.17242e-04  1.00000e+00  6.85847e-03  6.99434e-03
1.830126704e+00  6.2107854e-03  3.11556e-04  1.00000e+00  6.59289e-03  6.72357e-03
1.830736746e+00  6.0513921e-03  3.06803e-04  1.00000e+00  6.37437e-03  6.50074e-03
1.831346992e+00  5.8790779e-03  3.02549e-04  1.00000e+00  6.18156e-03  6.30409e-03
1.831957441e+00  5.6668823e-03  2.98242e-04  1.00000e+00  5.98916e-03  6.10785e-03
1.832568093e+00  5.3990106e-03  2.93337e-04  1.00000e+00  5.77370e-03  5.88810e-03
1.833178949e+00  5.0753294e-03  2.87423e-04  1.00000e+00  5.51916e-03  5.62851e-03
1.833790009e+00  4.7120275e-03  2.80331e-04  1.00000e+00  5.22116e-03  5.32462e-03
1.834401272e+00  4.3378265e-03  2.72183e-04  1.00000e+00  4.88837e-03  4.98528e-03
1.835012739e+00  3.9867801e-03  2.63391e-04  1.00000e+00  4.54056e-03  4.63065e-03
1.835624410e+00  3.6899746e-03  2.54586e-04  1.00000e+00  4.20373e-03  4.28724e-03
1.836236285e+00  3.4690978e-03  2.46490e-04  1.00000e+00  3.90408e-03  3.98177e-03
1.836848364e+00  3.3339972e-03  2.39781e-04  1.00000e+00  3.66274e-03  3.73577e-03
1.837460647e+00  3.2846572e-03  2.34962e-04  1.00000e+00  3.49287e-03  3.56267e-03
1.838073133e+00  3.3160114e-03  2.32316e-04  1.00000e+00  3.40000e-03  3.46810e-03
1.838685824e+00  3.4229421e-03  2.31931e-04  1.00000e+00  3.38451e-03  3.45246e-03
1.839298720e+00  3.6025168e-03  2.33772e-04  1.00000e+00  3.44479e-03  3.51408e-03
1.839911819e+00  3.8519938e-03  2.37730e-04  1.00000e+00  3.57877e-03  3.65087e-03
1.840525123e+00  4.1633362e-03  2.43606e-04  1.00000e+00  3.78302e-03  3.85933e-03
1.841138632e+00  4.5169202e-03  2.51042e-04  1.00000e+00  4.04924e-03  4.13099e-03
1.841752345e+00  4.8779434e-03  2.59446e-04  1.00000e+00  4.36004e-03  4.44810e-03
1.842366262e+00  5.1987273e-03  2.67988e-04  1.00000e+00  4.68635e-03  4.78104e-03
1.842980384e+00  5.4276658e-03  2.75683e-04  1.00000e+00  4.98896e-03  5.08977e-03
1.843594711e+00  5.5229157e-03  2.81551e-04  1.00000e+00  5.22467e-03  5.33026e-03
1.844209242e+00  5.4662147e-03  2.84810e-04  1.00000e+00  5.35641e-03  5.46469e-03
1.844823979e+00  5.2716587e-03  2.85059e-04  1.00000e+00  5.36387e-03  5.47233e-03
1.845438920e+00  4.9852231e-03  2.82403e-04  1.00000e+00  5.25113e-03  5.35737e-03
1.846054066e+00  4.6743826e-03  2.77490e-04  1.00000e+00  5.04788e-03  5.15008e-03
1.846669418e+00  4.4105089e-03  2.71442e-04  1.00000e+00  4.80324e-03  4.90061e-03
1.847284974e+00  4.2497997e-03  2.65647e-04  1.00000e+00  4.57367e-03  4.66653e-03
1.847900736e+00  4.2189437e-03  2.61425e-04  1.00000e+00  4.40848e-03  4.49818e-03
1.848516703e+00  4.3099606e-03  2.59649e-04  1.00000e+00  4.33767e-03  4.42615e-03
1.849132875e+00  4.4855409e-03  2.60491e-04  1.00000e+00  4.36572e-03  4.45500e-03
1.849749253e+00  4.6924238e-03  2.63412e-04  1.00000e+00  4.47292e-03  4.56461e-03
1.850365836e+00  4.8779559e-03  2.67418e-04  1.00000e+00  4.62337e-03  4.71834e-03
1.850982624e+00  5.0044117e-03  2.71434e-04  1.00000e+00  4.77666e-03  4.87494e-03
1.851599619e+00  5.0567085e-03  2.74613e-04  1.00000e+00  4.89914e-03  5.00008e-03
1.852216819e+00  5.0421486e-03  2.76500e-04  1.00000e+00  4.97164e-03  5.07417e-03
1.852834224e+00  4.9835178e-03  2.77058e-04  1.00000e+00  4.99160e-03  5.09460e-03
1.853451836e+00  4.9090003e-03  2.76567e-04  1.00000e+00  4.97001e-03  5.07260e-03
1.854069653e+00  4.8429313e-03  2.75484e-04  1.00000e+00  4.92523e-03  5.02691e-03
1.854687676e+00  4.8005335e-03  2.74283e-04  1.00000e+00  4.87619e-03  4.97686e-03
1.855305905e+00  4.7875698e-03  2.73339e-04  1.00000e+00  4.83763e-03  4.93750e-03
1.855924341e+00  4.8038310e-03  2.72883e-04  1.00000e+00  4.81839e-03  4.91787e-03
1.856542982e+00  4.8480736e-03  2.73028e-04  1.00000e+00  4.82264e-03  4.92224e-03
1.857161830e+00  4.9218488e-03  2.73834e-04  1.00000e+00  4.85264e-03  4.95290e-03
1.857780884e+00  5.0304403e-03  2.75371e-04  1.00000e+00  4.91129e-03  5.01285e-03
1.858400144e+00  5.1804365e-03  2.77743e-04  1.00000e+00  5.00314e-03  5.10673e-03
1.859019611e+00  5.3751232e-03  2.81051e-04  1.00000e+00  5.13311e-03  5.23956e-03
1.859639284e+00  5.6097408e-03  2.85317e-04  1.00000e+00  5.30353e-03  5.41369e-03
1.860259164e+00  5.8687870e-03  2.90412e-04  1.00000e+00  5.51076e-03  5.62543e-03
1.860879250e+00  6.1267898e-03  2.96014e-04  1.00000e+00  5.74303e-03  5.86273e-03
1.861499543e+00  6.3522573e-03  3.01637e-04  1.00000e+00  5.98044e-03  6.10529e-03
1.862120043e+00  6.5132131e-03  3.06695e-04  1.00000e+00  6.19729e-03  6.32684e-03
1.862740750e+00  6.5821926e-03  3.10594e-04  1.00000e+00  6.36589e-03  6.49912e-03
1.863361663e+00  6.5394393e-03  3.12805e-04  1.00000e+00  6.46049e-03  6.59584e-03
1.863982784e+00  6.3741832e-03  3.12900e-04  1.00000e+00  6.46035e-03  6.59583e-03
1.864604111e+00  6.0850506e-03  3.10571e-04  1.00000e+00  6.35175e-03  6.48507e-03
1.865225646e+00  5.6806235e-03  3.05635e-04  1.00000e+00  6.12924e-03  6.25799e-03
1.865847388e+00  5.1801100e-03  2.98047e-04  1.00000e+00  5.79659e-03  5.91845e-03
1.866469337e+00  4.6133139e-03  2.87925e-04  1.00000e+00  5.36748e-03  5.48041e-03
1.867091493e+00  4.0184685e-03  2.75580e-04  1.00000e+00  4.86540e-03  4.96785e-03
1.867713857e+00  3.4377852e-03  2.61538e-04  1.00000e+00  4.32194e-03  4.41302e-03
1.868336429e+00  2.9113097e-03  2.46534e-04  1.00000e+00  3.77333e-03  3.85293e-03
1.868959207e+00  2.4712091e-03  2.31479e-04  1.00000e+00  3.25582e-03  3.32457e-03
1.869582194e+00  2.1381136e-03  2.17377e-04  1.00000e+00  2.80090e-03  2.86012e-03
1.870205388e+00  1.9206038e-03  2.05227e-04  1.00000e+00  2.43191e-03  2.48341e-03
1.870828790e+00  1.8176475e-03  1.95896e-04  1.00000e+00  2.16272e-03  2.20860e-03
1.871452399e+00  1.8226489e-03  1.90002e-04  1.00000e+00  1.99868e-03  2.04117e-03
1.872076217e+00  1.9277329e-03  1.87849e-04  1.00000e+00  1.93909e-03  1.98039e-03
1.872700242e+00  2.1267004e-03  1.89433e-04  1.00000e+00  1.98024e-03  2.02250e-03
1.873324476e+00  2.4160261e-03  1.94516e-04  1.00000e+00  2.11791e-03  2.16320e-03
1.873948917e+00  2.7937427e-03  2.02722e-04  1.00000e+00  2.34870e-03  2.39901e-03
1.874573567e+00  3.2565317e-03  2.13600e-04  1.00000e+00  2.66966e-03  2.72694e-03
1.875198425e+00  3.7961075e-03  2.26640e-04  1.00000e+00  3.07656e-03  3.14267e-03
1.875823491e+00  4.3960405e-03  2.41261e-04  1.00000e+00  3.56131e-03  3.63796e-03
1.876448765e+00  5.0305903e-03  2.56807e-04  1.00000e+00  4.10956e-03  4.19816e-03
1.877074248e+00  5.6663232e-03  2.72566e-04  1.00000e+00  4.69959e-03  4.80108e-03
1.877699939e+00  6.2666328e-03  2.87816e-04  1.00000e+00  5.30321e-03  5.41792e-03
1.878325839e+00  6.7980159e-03  3.01901e-04  1.00000e+00  5.88885e-03  6.01644e-03
1.878951948e+00  7.2361638e-03  3.14298e-04  1.00000e+00  6.42617e-03  6.56562e-03
1.879578265e+00  7.5702304e-03  3.24672e-04  1.00000e+00  6.89096e-03  7.04073e-03
1.880204791e+00  7.8042008e-03  3.32905e-04  1.00000e+00  7.26905e-03  7.42728e-03
1.880831526e+00  7.9552011e-03  3.39101e-04  1.00000e+00  7.55817e-03  7.72292e-03
1.881458470e+00  8.0496651e-03  3.43554e-04  1.00000e+00  7.76762e-03  7.93716e-03
1.882085623e+00  8.1181643e-03  3.46703e-04  1.00000e+00  7.91593e-03  8.08891e-03
1.882712985e+00  8.1894609e-03  3.49065e-04  1.00000e+00  8.02701e-03  8.20260e-03
1.883340556e+00  8.2843814e-03  3.51143e-04  1.00000e+00  8.12520e-03  8.30309e-03
1.883968336e+00  8.4103928e-03  3.53334e-04  1.00000e+00  8.22997e-03  8.41031e-03
1.884596326e+00  8.5582459e-03  3.55832e-04  1.00000e+00  8.35105e-03  8.53418e-03
1.885224524e+00  8.7023874e-03  3.58566e-04  1.00000e+00  8.48511e-03  8.67129e-03
1.885852933e+00  8.8063487e-03  3.61207e-04  1.00000e+00  8.61541e-03  8.80457e-03
1.886481550e+00  8.8323684e-03  3.63238e-04  1.00000e+00  8.71528e-03  8.90675e-03
1.887110377e+00  8.7532648e-03  3.64092e-04  1.00000e+00  8.75508e-03  8.94753e-03
1.887739414e+00  8.5627106e-03  3.63316e-04  1.00000e+00  8.71124e-03  8.90283e-03
1.888368661e+00  8.2804337e-03  3.60719e-04  1.00000e+00  8.57469e-03  8.76339e-03
1.888998117e+00  7.9501242e-03  3.56471e-04  1.00000e+00  8.35604e-03  8.54004e-03
1.889627783e+00  7.6300971e-03  3.51118e-04  1.00000e+00  8.08545e-03  8.26362e-03
1.890257659e+00  7.3791671e-03  3.45516e-04  1.00000e+00  7.80692e-03  7.97909e-03
1.890887745e+00  7.2415893e-03  3.40652e-04  1.00000e+00  7.56829e-03  7.73534e-03
1.891518041e+00  7.2349084e-03  3.37400e-04  1.00000e+00  7.40938e-03  7.57310e-03
1.892148547e+00  7.3440297e-03  3.36263e-04  1.00000e+00  7.35154e-03  7.51418e-03
1.892779263e+00  7.5231218e-03  3.37190e-04  1.00000e+00  7.39124e-03  7.55496e-03
1.893410189e+00  7.7050695e-03  3.39559e-04  1.00000e+00  7.49937e-03  7.66571e-03
1.894041326e+00  7.8165938e-03  3.42323e-04  1.00000e+00  7.62694e-03  7.79632e-03
1.894672673e+00  7.7957677e-03  3.44271e-04  1.00000e+00  7.71580e-03  7.88736e-03
1.895304231e+00  7.6074279e-03  3.44303e-04  1.00000e+00  7.71222e-03  7.88391e-03
1.895935999e+00  7.2523449e-03  3.41661e-04  1.00000e+00  7.57994e-03  7.74890e-03
1.896567977e+00  6.7673387e-03  3.36069e-04  1.00000e+00  7.30919e-03  7.47232e-03
1.897200167e+00  6.2157909e-03  3.27788e-04  1.00000e+00  6.91907e-03  7.07372e-03
1.897832567e+00  5.6712573e-03  3.17572e-04  1.00000e+00  6.45257e-03  6.59704e-03
1.898465178e+00  5.1990824e-03  3.06530e-04  1.00000e+00  5.96559e-03  6.09942e-03
1.899097999e+00  4.8415354e-03  2.95899e-04  1.00000e+00  5.51310e-03  5.63705e-03
1.899731032e+00  4.6110600e-03  2.86767e-04  1.00000e+00  5.13677e-03  5.25253e-03
1.900364276e+00  4.4929939e-03  2.79820e-04  1.00000e+00  4.85757e-03  4.96731e-03
1.900997730e+00  4.4563635e-03  2.75219e-04  1.00000e+00  4.67528e-03  4.78113e-03
1.901631396e+00  4.4682951e-03  2.72677e-04  1.00000e+00  4.57427e-03  4.67804e-03
1.902265273e+00  4.5068019e-03  2.71690e-04  1.00000e+00  4.53318e-03  4.63619e-03
1.902899362e+00  4.5675155e-03  2.71820e-04  1.00000e+00  4.53464e-03  4.63783e-03
1.903533662e+00  4.6621708e-03  2.72883e-04  1.00000e+00  4.57153e-03  4.67570e-03
1.904168173e+00  4.8099270e-03  2.74973e-04  1.00000e+00  4.64785e-03  4.75390e-03
1.904802896e+00  5.0247481e-03  2.78337e-04  1.00000e+00  4.77389e-03  4.88297e-03
1.905437830e+00  5.3039979e-03  2.83138e-04  1.00000e+00  4.95788e-03  5.07132e-03
1.906072976e+00  5.6228660e-03  2.89251e-04  1.00000e+00  5.19757e-03  5.31664e-03
1.906708334e+00  5.9371075e-03  2.96159e-04  1.00000e+00  5.47507e-03  5.60062e-03
1.907343903e+00  6.1937664e-03  3.03027e-04  1.00000e+00  5.75753e-03  5.88966e-03
1.907979684e+00  6.3462633e-03  3.08897e-04  1.00000e+00  6.00369e-03  6.14154e-03
1.908615678e+00  6.3687650e-03  3.12926e-04  1.00000e+00  6.17447e-03  6.31629e-03
1.909251883e+00  6.2649586e-03  3.14592e-04  1.00000e+00  6.24409e-03  6.38754e-03
1.909888300e+00  6.0684549e-03  3.13830e-04  1.00000e+00  6.20806e-03  6.35071e-03
1.910524929e+00  5.8350809e-03  3.11069e-04  1.00000e+00  6.08557e-03  6.22546e-03
1.911161771e+00  5.6297075e-03  3.07177e-04  1.00000e+00  5.91571e-03  6.05180e-03
1.911798825e+00  5.5118100e-03  3.03310e-04  1.00000e+00  5.74881e-03  5.88120e-03
1.912436091e+00  5.5231024e-03  3.00690e-04  1.00000e+00  5.63547e-03  5.76543e-03
1.913073570e+00  5.6798425e-03  3.00323e-04  1.00000e+00  5.61603e-03  5.74576e-03
1.913711261e+00  5.9707619e-03  3.02752e-04  1.00000e+00  5.71276e-03  5.84497e-03
1.914349165e+00  6.3602263e-03  3.07921e-04  1.00000e+00  5.92603e-03  6.06343e-03
1.914987281e+00  6.7961366e-03  3.15218e-04  1.00000e+00  6.23499e-03  6.37980e-03
1.915625610e+00  7.2209608e-03  3.23667e-04  1.00000e+00  6.60240e-03  6.75598e-03
1.916264152e+00  7.5845799e-03  3.32195e-04  1.00000e+00  6.98293e-03  7.14559e-03
1.916902907e+00  7.8558565e-03  3.39873e-04  1.00000e+00  7.33335e-03  7.50440e-03
1.917541875e+00  8.0298995e-03  3.46102e-04  1.00000e+00  7.62244e-03  7.80046e-03
1.918181055e+00  8.1283291e-03  3.50705e-04  1.00000e+00  7.83799e-03  8.02130e-03
1.918820449e+00  8.1914739e-03  3.53918e-04  1.00000e+00  7.98865e-03  8.17576e-03
1.919460056e+00  8.2645862e-03  3.56291e-04  1.00000e+00  8.09961e-03  8.28960e-03
1.920099876e+00  8.3826609e-03  3.58500e-04  1.00000e+00  8.20334e-03  8.39606e-03
1.920739909e+00  8.5594516e-03  3.61123e-04  1.00000e+00  8.32852e-03  8.52446e-03
1.921380156e+00  8.7842717e-03  3.64464e-04  1.00000e+00  8.49068e-03  8.69071e-03
1.922020616e+00  9.0274759e-03  3.68471e-04  1.00000e+00  8.68812e-03  8.89304e-03
1.922661289e+00  9.2514217e-03  3.72788e-04  1.00000e+00  8.90365e-03  9.11383e-03
1.923302176e+00  9.4226488e-03  3.76901e-04  1.00000e+00  9.11114e-03  9.32637e-03
1.923943277e+00  9.5209964e-03  3.80311e-04  1.00000e+00  9.28414e-03  9.50357e-03
1.924584592e+00  9.5436321e-03  3.82669e-04  1.00000e+00  9.40336e-03  9.62571e-03
1.925226120e+00  9.5039801e-03  3.83854e-04  1.00000e+00  9.46134e-03  9.68515e-03
1.925867862e+00  9.4274497e-03  3.83979e-04  1.00000e+00  9.46353e-03  9.68749e-03
1.926509818e+00  9.3454577e-03  3.83358e-04  1.00000e+00  9.42642e-03  9.64961e-03
1.927151988e+00  9.2897383e-03  3.82440e-04  1.00000e+00  9.37373e-03  9.59582e-03
1.927794372e+00  9.2874353e-03  3.81730e-04  1.00000e+00  9.33194e-03  9.55322e-03
1.928436970e+00  9.3575860e-03  3.81705e-04  1.00000e+00  9.32593e-03  9.54727e-03
1.929079782e+00  9.5089874e-03  3.82742e-04  1.00000e+00  9.37538e-03  9.59813e-03
1.929722809e+00  9.7391050e-03  3.85060e-04  1.00000e+00  9.49206e-03  9.71787e-03
1.930366050e+00  1.0034129e-02  3.88680e-04  1.00000e+00  9.67827e-03  9.90883e-03
1.931009505e+00  1.0370072e-02  3.93423e-04  1.00000e+00  9.92620e-03  1.01630e-02
1.931653175e+00  1.0715296e-02  3.98935e-04  1.00000e+00  1.02185e-02  1.04627e-02
1.932297059e+00  1.1034585e-02  4.04730e-04  1.00000e+00  1.05302e-02  1.07822e-02
1.932941158e+00  1.1294506e-02  4.10271e-04  1.00000e+00  1.08316e-02  1.10913e-02
1.933585472e+00  1.1469392e-02  4.15041e-04  1.00000e+00  1.10934e-02  1.13598e-02
1.934230000e+00  1.1546676e-02  4.18632e-04  1.00000e+00  1.12907e-02  1.15622e-02
1.934874744e+00  1.1530308e-02  4.20808e-04  1.00000e+00  1.14086e-02  1.16833e-02
1.935519702e+00  1.1441080e-02  4.21553e-04  1.00000e+00  1.14451e-02  1.17211e-02
1.936164875e+00  1.1313515e-02  4.21084e-04  1.00000e+00  1.14124e-02  1.16879e-02
1.936810264e+00  1.1189497e-02  4.19826e-04  1.00000e+00  1.13351e-02  1.16091e-02
1.937455867e+00  1.1109829e-02  4.18349e-04  1.00000e+00  1.12460e-02  1.15180e-02
1.938101686e+00  1.1105530e-02  4.17258e-04  1.00000e+00  1.11791e-02  1.14497e-02
1.938747720e+00  1.1191020e-02  4.17068e-04  1.00000e+00  1.11634e-02  1.14339e-02
1.939393969e+00  1.1361089e-02  4.18091e-04  1.00000e+00  1.12161e-02  1.14881e-02
1.940040433e+00  1.1592872e-02  4.20360e-04  1.00000e+00  1.13395e-02  1.16148e-02
1.940687114e+00  1.1852249e-02  4.23644e-04  1.00000e+00  1.15213e-02  1.18013e-02
1.941334009e+00  1.2102961e-02  4.27514e-04  1.00000e+00  1.17380e-02  1.20235e-02
1.941981121e+00  1.2315585e-02  4.31479e-04  1.00000e+00  1.19617e-02  1.22531e-02
1.942628448e+00  1.2473508e-02  4.35099e-04  1.00000e+00  1.21669e-02  1.24636e-02
1.943275990e+00  1.2574327e-02  4.38081e-04  1.00000e+00  1.23358e-02  1.26369e-02
1.943923749e+00  1.2626741e-02  4.40305e-04  1.00000e+00  1.24605e-02  1.27651e-02
1.944571724e+00  1.2644770e-02  4.41806e-04  1.00000e+00  1.25426e-02  1.28496e-02
1.945219914e+00  1.2641642e-02  4.42710e-04  1.00000e+00  1.25893e-02  1.28978e-02
1.945868321e+00  1.2625452e-02  4.43170e-04  1.00000e+00  1.26095e-02  1.29189e-02
1.946516944e+00  1.2597380e-02  4.43299e-04  1.00000e+00  1.26100e-02  1.29198e-02
1.947165783e+00  1.2552158e-02  4.43141e-04  1.00000e+00  1.25933e-02  1.29031e-02
1.947814838e+00  1.2479858e-02  4.42655e-04  1.00000e+00  1.25571e-02  1.28664e-02
1.948464110e+00  1.2368429e-02  4.41733e-04  1.00000e+00  1.24948e-02  1.28030e-02
1.949113598e+00  1.2206367e-02  4.40218e-04  1.00000e+00  1.23976e-02  1.27037e-02
1.949763302e+00  1.1985732e-02  4.37945e-04  1.00000e+00  1.22559e-02  1.25589e-02
1.950413223e+00  1.1705026e-02  4.34775e-04  1.00000e+00  1.20627e-02  1.23613e-02
1.951063361e+00  1.1371476e-02  4.30644e-04  1.00000e+00  1.18154e-02  1.21082e-02
1.951713715e+00  1.1001898e-02  4.25600e-04  1.00000e+00  1.15184e-02  1.18043e-02
1.952364287e+00  1.0621725e-02  4.19826e-04  1.00000e+00  1.11842e-02  1.14620e-02
1.953015075e+00  1.0262123e-02  4.13653e-04  1.00000e+00  1.08326e-02  1.11020e-02
1.953666080e+00  9.9558759e-03  4.07531e-04  1.00000e+00  1.04893e-02  1.07505e-02
1.954317302e+00  9.7327865e-03  4.01993e-04  1.00000e+00  1.01828e-02  1.04368e-02
1.954968741e+00  9.6154763e-03  3.97580e-04  1.00000e+00  9.94056e-03  1.01888e-02
1.955620397e+00  9.6161081e-03  3.94760e-04  1.00000e+00  9.78523e-03  1.00299e-02
1.956272271e+00  9.7342887e-03  3.93851e-04  1.00000e+00  9.73163e-03  9.97535e-03
1.956924361e+00  9.9565642e-03  3.94952e-04  1.00000e+00  9.78427e-03  1.00297e-02
1.957576669e+00  1.0257735e-02  3.97922e-04  1.00000e+00  9.93633e-03  1.01859e-02
1.958229195e+00  1.0604261e-02  4.02394e-04  1.00000e+00  1.01702e-02  1.04260e-02
1.958881938e+00  1.0959613e-02  4.07844e-04  1.00000e+00  1.04599e-02  1.07234e-02
1.959534899e+00  1.1290688e-02  4.13689e-04  1.00000e+00  1.07752e-02  1.10470e-02
1.960188077e+00  1.1573924e-02  4.19389e-04  1.00000e+00  1.10865e-02  1.13665e-02
1.960841473e+00  1.1799412e-02  4.24538e-04  1.00000e+00  1.13705e-02  1.16580e-02
1.961495087e+00  1.1971760e-02  4.28919e-04  1.00000e+00  1.16136e-02  1.19076e-02
1.962148919e+00  1.2107333e-02  4.32521e-04  1.00000e+00  1.18138e-02  1.21133e-02
1.962802968e+00  1.2228895e-02  4.35505e-04  1.00000e+00  1.19796e-02  1.22836e-02
1.963457236e+00  1.2359309e-02  4.38145e-04  1.00000e+00  1.21261e-02  1.24343e-02
1.964111722e+00  1.2516250e-02  4.40748e-04  1.00000e+00  1.22712e-02  1.25834e-02
1.964766426e+00  1.2709300e-02  4.43579e-04  1.00000e+00  1.24304e-02  1.27471e-02
1.965421348e+00  1.2939769e-02  4.46816e-04  1.00000e+00  1.26146e-02  1.29365e-02
1.966076488e+00  1.3202629e-02  4.50530e-04  1.00000e+00  1.28285e-02  1.31562e-02
1.966731847e+00  1.3489478e-02  4.54696e-04  1.00000e+00  1.30713e-02  1.34057e-02
1.967387424e+00  1.3791440e-02  4.59229e-04  1.00000e+00  1.33386e-02  1.36803e-02
1.968043220e+00  1.4101202e-02  4.64018e-04  1.00000e+00  1.36241e-02  1.39736e-02
1.968699234e+00  1.4414014e-02  4.68955e-04  1.00000e+00  1.39219e-02  1.42795e-02
1.969355468e+00  1.4727724e-02  4.73959e-04  1.00000e+00  1.42271e-02  1.45931e-02
1.970011919e+00  1.5042132e-02  4.78978e-04  1.00000e+00  1.45367e-02  1.49111e-02
1.970668590e+00  1.5357924e-02  4.83987e-04  1.00000e+00  1.48491e-02  1.52320e-02
1.971325480e+00  1.5675408e-02  4.88978e-04  1.00000e+00  1.51637e-02  1.55552e-02
1.971982588e+00  1.5993298e-02  4.93945e-04  1.00000e+00  1.54800e-02  1.58800e-02
1.972639916e+00  1.6307779e-02  4.98869e-04  1.00000e+00  1.57964e-02  1.62050e-02
1.973297462e+00  1.6612110e-02  5.03702e-04  1.00000e+00  1.61096e-02  1.65267e-02
1.973955228e+00  1.6897067e-02  5.08369e-04  1.00000e+00  1.64139e-02  1.68394e-02
1.974613213e+00  1.7152451e-02  5.12765e-04  1.00000e+00  1.67020e-02  1.71355e-02
1.975271417e+00  1.7369400e-02  5.16771e-04  1.00000e+00  1.69654e-02  1.74062e-02
1.975929841e+00  1.7543119e-02  5.20284e-04  1.00000e+00  1.71964e-02  1.76437e-02
1.976588485e+00  1.7675059e-02  5.23241e-04  1.00000e+00  1.73903e-02  1.78431e-02
1.977247347e+00  1.7773585e-02  5.25645e-04  1.00000e+00  1.75469e-02  1.80042e-02
1.977906430e+00  1.7852526e-02  5.27574e-04  1.00000e+00  1.76714e-02  1.81324e-02
1.978565732e+00  1.7927667e-02  5.29172e-04  1.00000e+00  1.77737e-02  1.82377e-02
1.979225254e+00  1.8012259e-02  5.30612e-04  1.00000e+00  1.78657e-02  1.83325e-02
1.979884996e+00  1.8113035e-02  5.32056e-04  1.00000e+00  1.79584e-02  1.84279e-02
1.980544957e+00  1.8228240e-02  5.33604e-04  1.00000e+00  1.80586e-02  1.85312e-02
1.981205139e+00  1.8348441e-02  5.35271e-04  1.00000e+00  1.81674e-02  1.86432e-02
1.981865541e+00  1.8459844e-02  5.36989e-04  1.00000e+00  1.82795e-02  1.87588e-02
1.982526163e+00  1.8548833e-02  5.38627e-04  1.00000e+00  1.83859e-02  1.88685e-02
1.983187005e+00  1.8606168e-02  5.40044e-04  1.00000e+00  1.84763e-02  1.89618e-02
1.983848067e+00  1.8629468e-02  5.41125e-04  1.00000e+00  1.85426e-02  1.90305e-02
1.984509350e+00  1.8623370e-02  5.41819e-04  1.00000e+00  1.85814e-02  1.90709e-02
1.985170853e+00  1.8597674e-02  5.42146e-04  1.00000e+00  1.85942e-02  1.90846e-02
1.985832576e+00  1.8564302e-02  5.42189e-04  1.00000e+00  1.85871e-02  1.90778e-02
1.986494521e+00  1.8534113e-02  5.42066e-04  1.00000e+00  1.85685e-02  1.90593e-02
1.987156685e+00  1.8514360e-02  5.41899e-04  1.00000e+00  1.85473e-02  1.90380e-02
1.987819071e+00  1.8507207e-02  5.41784e-04  1.00000e+00  1.85300e-02  1.90209e-02
1.988481677e+00  1.8509104e-02  5.41771e-04  1.00000e+00  1.85200e-02  1.90111e-02
1.989144505e+00  1.8510917e-02  5.41841e-04  1.00000e+00  1.85158e-02  1.90073e-02
1.989807553e+00  1.8498445e-02  5.41912e-04  1.00000e+00  1.85112e-02  1.90032e-02
1.990470822e+00  1.8453397e-02  5.41830e-04  1.00000e+00  1.84953e-02  1.89875e-02
1.991134312e+00  1.8354818e-02  5.41384e-04  1.00000e+00  1.84531e-02  1.89449e-02
1.991798024e+00  1.8181035e-02  5.40318e-04  1.00000e+00  1.83668e-02  1.88570e-02
1.992461956e+00  1.7912022e-02  5.38351e-04  1.00000e+00  1.82170e-02  1.87039e-02
1.993126110e+00  1.7531864e-02  5.35201e-04  1.00000e+00  1.79851e-02  1.84664e-02
1.993790486e+00  1.7030938e-02  5.30612e-04  1.00000e+00  1.76551e-02  1.81283e-02
1.994455082e+00  1.6407514e-02  5.24380e-04  1.00000e+00  1.72160e-02  1.76780e-02
1.995119901e+00  1.5668528e-02  5.16372e-04  1.00000e+00  1.66630e-02  1.71107e-02
1.995784941e+00  1.4829498e-02  5.06542e-04  1.00000e+00  1.59989e-02  1.64292e-02
1.996450202e+00  1.3913556e-02  4.94945e-04  1.00000e+00  1.52341e-02  1.56443e-02
1.997115686e+00  1.2949790e-02  4.81736e-04  1.00000e+00  1.43867e-02  1.47744e-02
1.997781391e+00  1.1971031e-02  4.67176e-04  1.00000e+00  1.34805e-02  1.38442e-02
1.998447318e+00  1.1011474e-02  4.51622e-04  1.00000e+00  1.25443e-02  1.28830e-02
1.999113467e+00  1.0104468e-02  4.35515e-04  1.00000e+00  1.16090e-02  1.19227e-02
1.999779838e+00  9.2807249e-03  4.19372e-04  1.00000e+00  1.07062e-02  1.09957e-02
2.000446432e+00  8.5670109e-03  4.03768e-04  1.00000e+00  9.86612e-03  1.01331e-02
2.001113247e+00  7.9851799e-03  3.89314e-04  1.00000e+00  9.11626e-03  9.36313e-03
2.001780285e+00  7.5512879e-03  3.76622e-04  1.00000e+00  8.48012e-03  8.70998e-03
2.002447545e+00  7.2745204e-03  3.66269e-04  1.00000e+00  7.97613e-03  8.19255e-03
2.003115028e+00  7.1558583e-03  3.58718e-04  1.00000e+00  7.61645e-03  7.82335e-03
2.003782733e+00  7.1866180e-03  3.54256e-04  1.00000e+00  7.40574e-03  7.60717e-03
2.004450660e+00  7.3473638e-03  3.52911e-04  1.00000e+00  7.33983e-03  7.53973e-03
2.005118810e+00  7.6079120e-03  3.54421e-04  1.00000e+00  7.40478e-03  7.60672e-03
2.005787183e+00  7.9291614e-03  3.58241e-04  1.00000e+00  7.57681e-03  7.78371e-03
2.006455779e+00  8.2672131e-03  3.63619e-04  1.00000e+00  7.82367e-03  8.03758e-03
2.007124598e+00  8.5794302e-03  3.69703e-04  1.00000e+00  8.10778e-03  8.32970e-03
2.007793639e+00  8.8312630e-03  3.75677e-04  1.00000e+00  8.39095e-03  8.62086e-03
2.008462904e+00  9.0020745e-03  3.80873e-04  1.00000e+00  8.63996e-03  8.87692e-03
2.009132391e+00  9.0881530e-03  3.84854e-04  1.00000e+00  8.83154e-03  9.07397e-03
2.009802102e+00  9.1019373e-03  3.87454e-04  1.00000e+00  8.95557e-03  9.20163e-03
2.010472036e+00  9.0678041e-03  3.88769e-04  1.00000e+00  9.01557e-03  9.26351e-03
2.011142194e+00  9.0158015e-03  3.89105e-04  1.00000e+00  9.02633e-03  9.27482e-03
2.011812574e+00  8.9754468e-03  3.88899e-04  1.00000e+00  9.00983e-03  9.25815e-03
2.012483178e+00  8.9712047e-03  3.88635e-04  1.00000e+00  8.99040e-03  9.23848e-03
2.013154006e+00  9.0204662e-03  3.88764e-04  1.00000e+00  8.99070e-03  9.23912e-03
2.013825058e+00  9.1336207e-03  3.89654e-04  1.00000e+00  9.02921e-03  9.27903e-03
2.014496333e+00  9.3153199e-03  3.91562e-04  1.00000e+00  9.11914e-03  9.37180e-03
2.015167831e+00  9.5659240e-03  3.94635e-04  1.00000e+00  9.26862e-03  9.52577e-03
2.015839554e+00  9.8825670e-03  3.98921e-04  1.00000e+00  9.48132e-03  9.74473e-03
2.016511500e+00  1.0259816e-02  4.04383e-04  1.00000e+00  9.75723e-03  1.00287e-02
2.017183671e+00  1.0690154e-02  4.10921e-04  1.00000e+00  1.00933e-02  1.03744e-02
2.017856065e+00  1.1164557e-02  4.18385e-04  1.00000e+00  1.04839e-02  1.07763e-02
2.018528684e+00  1.1673147e-02  4.26595e-04  1.00000e+00  1.09218e-02  1.12268e-02
2.019201527e+00  1.2205779e-02  4.35357e-04  1.00000e+00  1.13984e-02  1.17171e-02
2.019874594e+00  1.2752427e-02  4.44476e-04  1.00000e+00  1.19045e-02  1.22378e-02
2.020547886e+00  1.3303360e-02  4.53767e-04  1.00000e+00  1.24307e-02  1.27791e-02
2.021221402e+00  1.3849232e-02  4.63058e-04  1.00000e+00  1.29673e-02  1.33313e-02
2.021895142e+00  1.4381296e-02  4.72192e-04  1.00000e+00  1.35053e-02  1.38849e-02
2.022569107e+00  1.4891761e-02  4.81032e-04  1.00000e+00  1.40358e-02  1.44306e-02
2.023243297e+00  1.5374235e-02  4.89464e-04  1.00000e+00  1.45506e-02  1.49604e-02
2.023917711e+00  1.5824054e-02  4.97399e-04  1.00000e+00  1.50429e-02  1.54669e-02
2.024592351e+00  1.6238371e-02  5.04776e-04  1.00000e+00  1.55071e-02  1.59446e-02
2.025267215e+00  1.6615965e-02  5.11562e-04  1.00000e+00  1.59394e-02  1.63895e-02
2.025942304e+00  1.6956834e-02  5.17744e-04  1.00000e+00  1.63374e-02  1.67991e-02
2.026617618e+00  1.7261713e-02  5.23332e-04  1.00000e+00  1.66999e-02  1.71723e-02
2.027293157e+00  1.7531676e-02  5.28344e-04  1.00000e+00  1.70269e-02  1.75090e-02
2.027968922e+00  1.7767857e-02  5.32803e-04  1.00000e+00  1.73189e-02  1.78097e-02
2.028644911e+00  1.7971415e-02  5.36737e-04  1.00000e+00  1.75767e-02  1.80753e-02
2.029321126e+00  1.8143655e-02  5.40170e-04  1.00000e+00  1.78014e-02  1.83069e-02
2.029997566e+00  1.8286246e-02  5.43128e-04  1.00000e+00  1.79942e-02  1.85058e-02
2.030674232e+00  1.8401387e-02  5.45641e-04  1.00000e+00  1.81569e-02  1.86736e-02
2.031351124e+00  1.8491791e-02  5.47742e-04  1.00000e+00  1.82914e-02  1.88125e-02
2.032028241e+00  1.8560450e-02  5.49466e-04  1.00000e+00  1.84001e-02  1.89249e-02
2.032705584e+00  1.8610252e-02  5.50855e-04  1.00000e+00  1.84856e-02  1.90134e-02
2.033383152e+00  1.8643585e-02  5.51946e-04  1.00000e+00  1.85506e-02  1.90809e-02
2.034060946e+00  1.8662126e-02  5.52775e-04  1.00000e+00  1.85973e-02  1.91296e-02
2.034738967e+00  1.8666905e-02  5.53369e-04  1.00000e+00  1.86278e-02  1.91615e-02
2.035417213e+00  1.8658627e-02  5.53747e-04  1.00000e+00  1.86433e-02  1.91780e-02
2.036095686e+00  1.8638168e-02  5.53925e-04  1.00000e+00  1.86449e-02  1.91803e-02
2.036774384e+00  1.8606998e-02  5.53918e-04  1.00000e+00  1.86338e-02  1.91695e-02
2.037453309e+00  1.8567378e-02  5.53747e-04  1.00000e+00  1.86115e-02  1.91471e-02
2.038132460e+00  1.8522186e-02  5.53440e-04  1.00000e+00  1.85798e-02  1.91151e-02
2.038811837e+00  1.8474403e-02  5.53032e-04  1.00000e+00  1.85413e-02  1.90759e-02
2.039491441e+00  1.8426283e-02  5.52561e-04  1.00000e+00  1.84983e-02  1.90323e-02
2.040171272e+00  1.8378464e-02  5.52056e-04  1.00000e+00  1.84530e-02  1.89863e-02
2.040851329e+00  1.8329192e-02  5.51531e-04  1.00000e+00  1.84062e-02  1.89388e-02
2.041531613e+00  1.8273860e-02  5.50971e-04  1.00000e+00  1.83568e-02  1.88887e-02
2.042212123e+00  1.8205039e-02  5.50328e-04  1.00000e+00  1.83016e-02  1.88325e-02
2.042892861e+00  1.8113102e-02  5.49517e-04  1.00000e+00  1.82347e-02  1.87643e-02
2.043573825e+00  1.7987446e-02  5.48424e-04  1.00000e+00  1.81483e-02  1.86760e-02
2.044255016e+00  1.7818185e-02  5.46915e-04  1.00000e+00  1.80334e-02  1.85584e-02
2.044936435e+00  1.7598045e-02  5.44856e-04  1.00000e+00  1.78811e-02  1.84023e-02
2.045618080e+00  1.7324047e-02  5.42135e-04  1.00000e+00  1.76843e-02  1.82004e-02
2.046299953e+00  1.6998573e-02  5.38682e-04  1.00000e+00  1.74393e-02  1.79487e-02
2.046982053e+00  1.6629517e-02  5.34486e-04  1.00000e+00  1.71462e-02  1.76476e-02
2.047664380e+00  1.6229493e-02  5.29603e-04  1.00000e+00  1.68102e-02  1.73022e-02
2.048346935e+00  1.5814313e-02  5.24155e-04  1.00000e+00  1.64406e-02  1.69222e-02
2.049029717e+00  1.5401145e-02  5.18318e-04  1.00000e+00  1.60501e-02  1.65207e-02
2.049712727e+00  1.5006855e-02  5.12309e-04  1.00000e+00  1.56533e-02  1.61127e-02
2.050395965e+00  1.4646854e-02  5.06366e-04  1.00000e+00  1.52656e-02  1.57141e-02
2.051079430e+00  1.4334622e-02  5.00729e-04  1.00000e+00  1.49020e-02  1.53402e-02
2.051763123e+00  1.4081742e-02  4.95634e-04  1.00000e+00  1.45761e-02  1.50052e-02
2.052447044e+00  1.3898057e-02  4.91302e-04  1.00000e+00  1.43002e-02  1.47217e-02
2.053131193e+00  1.3791505e-02  4.87932e-04  1.00000e+00  1.40852e-02  1.45009e-02
2.053815570e+00  1.3767213e-02  4.85692e-04  1.00000e+00  1.39398e-02  1.43518e-02
2.054500175e+00  1.3825849e-02  4.84703e-04  1.00000e+00  1.38702e-02  1.42807e-02
2.055185009e+00  1.3961639e-02  4.85008e-04  1.00000e+00  1.38786e-02  1.42900e-02
2.055870070e+00  1.4160877e-02  4.86550e-04  1.00000e+00  1.39616e-02  1.43761e-02
2.056555361e+00  1.4401869e-02  4.89150e-04  1.00000e+00  1.41093e-02  1.45288e-02
2.057240879e+00  1.4656932e-02  4.92513e-04  1.00000e+00  1.43046e-02  1.47306e-02
2.057926626e+00  1.4896393e-02  4.96255e-04  1.00000e+00  1.45250e-02  1.49582e-02
2.058612601e+00  1.5093764e-02  4.99959e-04  1.00000e+00  1.47451e-02  1.51854e-02
2.059298806e+00  1.5230689e-02  5.03239e-04  1.00000e+00  1.49409e-02  1.53875e-02
2.059985239e+00  1.5300191e-02  5.05806e-04  1.00000e+00  1.50935e-02  1.55451e-02
2.060671900e+00  1.5307231e-02  5.07507e-04  1.00000e+00  1.51924e-02  1.56474e-02
2.061358791e+00  1.5266486e-02  5.08338e-04  1.00000e+00  1.52367e-02  1.56935e-02
2.062045911e+00  1.5198101e-02  5.08430e-04  1.00000e+00  1.52342e-02  1.56913e-02
2.062733259e+00  1.5122861e-02  5.08004e-04  1.00000e+00  1.51987e-02  1.56553e-02
2.063420837e+00  1.5058177e-02  5.07322e-04  1.00000e+00  1.51467e-02  1.56022e-02
2.064108644e+00  1.5015919e-02  5.06629e-04  1.00000e+00  1.50936e-02  1.55481e-02
2.064796680e+00  1.5002280e-02  5.06126e-04  1.00000e+00  1.50521e-02  1.55060e-02
2.065484946e+00  1.5019175e-02  5.05947e-04  1.00000e+00  1.50307e-02  1.54846e-02
2.066173441e+00  1.5066255e-02  5.06168e-04  1.00000e+00  1.50343e-02  1.54889e-02
2.066862165e+00  1.5142602e-02  5.06823e-04  1.00000e+00  1.50651e-02  1.55213e-02
2.067551119e+00  1.5247531e-02  5.07923e-04  1.00000e+00  1.51239e-02  1.55825e-02
2.068240303e+00  1.5380450e-02  5.09466e-04  1.00000e+00  1.52110e-02  1.56729e-02
2.068929716e+00  1.5540120e-02  5.11443e-04  1.00000e+00  1.53259e-02  1.57919e-02
2.069619360e+00  1.5723879e-02  5.13833e-04  1.00000e+00  1.54676e-02  1.59385e-02
2.070309233e+00  1.5927321e-02  5.16595e-04  1.00000e+00  1.56338e-02  1.61103e-02
2.070999336e+00  1.6144672e-02  5.19669e-04  1.00000e+00  1.58207e-02  1.63035e-02
2.071689669e+00  1.6369731e-02  5.22976e-04  1.00000e+00  1.60237e-02  1.65133e-02
2.072380232e+00  1.6596995e-02  5.26434e-04  1.00000e+00  1.62375e-02  1.67341e-02
2.073071026e+00  1.6822501e-02  5.29963e-04  1.00000e+00  1.64569e-02  1.69608e-02
2.073762049e+00  1.7044005e-02  5.33501e-04  1.00000e+00  1.66780e-02  1.71893e-02
2.074453303e+00  1.7260422e-02  5.37005e-04  1.00000e+00  1.68979e-02  1.74165e-02
2.075144788e+00  1.7470779e-02  5.40444e-04  1.00000e+00  1.71145e-02  1.76405e-02
2.075836503e+00  1.7673135e-02  5.43795e-04  1.00000e+00  1.73263e-02  1.78594e-02
2.076528448e+00  1.7863943e-02  5.47024e-04  1.00000e+00  1.75311e-02  1.80711e-02
2.077220624e+00  1.8038176e-02  5.50085e-04  1.00000e+00  1.77256e-02  1.82724e-02
2.077913031e+00  1.8190188e-02  5.52917e-04  1.00000e+00  1.79057e-02  1.84587e-02
2.078605669e+00  1.8315045e-02  5.55452e-04  1.00000e+00  1.80665e-02  1.86252e-02
2.079298537e+00  1.8409858e-02  5.57629e-04  1.00000e+00  1.82036e-02  1.87673e-02
2.079991637e+00  1.8474719e-02  5.59408e-04  1.00000e+00  1.83139e-02  1.88818e-02
2.080684967e+00  1.8512954e-02  5.60782e-04  1.00000e+00  1.83967e-02  1.89678e-02
2.081378529e+00  1.8530649e-02  5.61780e-04  1.00000e+00  1.84537e-02  1.90274e-02
2.082072322e+00  1.8535601e-02  5.62465e-04  1.00000e+00  1.84892e-02  1.90648e-02
2.082766346e+00  1.8535974e-02  5.62926e-04  1.00000e+00  1.85092e-02  1.90862e-02
2.083460601e+00  1.8538980e-02  5.63262e-04  1.00000e+00  1.85206e-02  1.90988e-02
2.084155088e+00  1.8549870e-02  5.63567e-04  1.00000e+00  1.85300e-02  1.91092e-02
2.084849807e+00  1.8571406e-02  5.63920e-04  1.00000e+00  1.85426e-02  1.91229e-02
2.085544757e+00  1.8603883e-02  5.64372e-04  1.00000e+00  1.85620e-02  1.91437e-02
2.086239938e+00  1.8645604e-02  5.64946e-04  1.00000e+00  1.85897e-02  1.91729e-02
2.086935352e+00  1.8693654e-02  5.65638e-04  1.00000e+00  1.86253e-02  1.92105e-02
2.087630997e+00  1.8744745e-02  5.66426e-04  1.00000e+00  1.86673e-02  1.92546e-02
2.088326874e+00  1.8795966e-02  5.67275e-04  1.00000e+00  1.87135e-02  1.93030e-02
2.089022983e+00  1.8845251e-02  5.68153e-04  1.00000e+00  1.87614e-02  1.93534e-02
2.089719324e+00  1.8891548e-02  5.69028e-04  1.00000e+00  1.88093e-02  1.94036e-02
2.090415897e+00  1.8934681e-02  5.69882e-04  1.00000e+00  1.88557e-02  1.94523e-02
2.091112702e+00  1.8974997e-02  5.70703e-04  1.00000e+00  1.89000e-02  1.94990e-02
2.091809740e+00  1.9012931e-02  5.71486e-04  1.00000e+00  1.89422e-02  1.95433e-02
2.092507009e+00  1.9048623e-02  5.72233e-04  1.00000e+00  1.89821e-02  1.95853e-02
2.093204512e+00  1.9081726e-02  5.72941e-04  1.00000e+00  1.90196e-02  1.96248e-02
2.093902247e+00  1.9111447e-02  5.73608e-04  1.00000e+00  1.90544e-02  1.96615e-02
2.094600214e+00  1.9136827e-02  5.74227e-04  1.00000e+00  1.90858e-02  1.96946e-02
2.095298414e+00  1.9157139e-02  5.74789e-04  1.00000e+00  1.91131e-02  1.97236e-02
2.095996847e+00  1.9172265e-02  5.75287e-04  1.00000e+00  1.91358e-02  1.97478e-02
2.096695513e+00  1.9182899e-02  5.75721e-04  1.00000e+00  1.91536e-02  1.97670e-02
2.097394411e+00  1.9190492e-02  5.76097e-04  1.00000e+00  1.91671e-02  1.97819e-02
2.098093543e+00  1.9196943e-02  5.76430e-04  1.00000e+00  1.91775e-02  1.97935e-02
2.098792907e+00  1.9204145e-02  5.76739e-04  1.00000e+00  1.91861e-02  1.98034e-02
2.099492505e+00  1.9213513e-02  5.77046e-04  1.00000e+00  1.91947e-02  1.98132e-02
2.100192336e+00  1.9225646e-02  5.77366e-04  1.00000e+00  1.92044e-02  1.98242e-02
2.100892400e+00  1.9240212e-02  5.77711e-04  1.00000e+00  1.92161e-02  1.98371e-02
2.101592697e+00  1.9256074e-02  5.78079e-04  1.00000e+00  1.92296e-02  1.98520e-02
2.102293228e+00  1.9271599e-02  5.78461e-04  1.00000e+00  1.92444e-02  1.98681e-02
2.102993992e+00  1.9285074e-02  5.78842e-04  1.00000e+00  1.92592e-02  1.98841e-02
2.103694990e+00  1.9295095e-02  5.79201e-04  1.00000e+00  1.92727e-02  1.98988e-02
2.104396222e+00  1.9300856e-02  5.79523e-04  1.00000e+00  1.92836e-02  1.99108e-02
2.105097687e+00  1.9302274e-02  5.79797e-04  1.00000e+00  1.92910e-02  1.99193e-02
2.105799387e+00  1.9299943e-02  5.80018e-04  1.00000e+00  1.92946e-02  1.99238e-02
2.106501320e+00  1.9294966e-02  5.80190e-04  1.00000e+00  1.92947e-02  1.99247e-02
2.107203487e+00  1.9288708e-02  5.80326e-04  1.00000e+00  1.92919e-02  1.99227e-02
2.107905888e+00  1.9282552e-02  5.80439e-04  1.00000e+00  1.92872e-02  1.99188e-02
2.108608523e+00  1.9277663e-02  5.80548e-04  1.00000e+00  1.92819e-02  1.99143e-02
2.109311393e+00  1.9274822e-02  5.80668e-04  1.00000e+00  1.92770e-02  1.99102e-02
2.110014497e+00  1.9274318e-02  5.80812e-04  1.00000e+00  1.92733e-02  1.99076e-02
2.110717835e+00  1.9275918e-02  5.80984e-04  1.00000e+00  1.92715e-02  1.99068e-02
2.111421407e+00  1.9278936e-02  5.81185e-04  1.00000e+00  1.92716e-02  1.99080e-02
2.112125215e+00  1.9282387e-02  5.81407e-04  1.00000e+00  1.92732e-02  1.99108e-02
2.112829256e+00  1.9285227e-02  5.81639e-04  1.00000e+00  1.92758e-02  1.99146e-02
2.113533533e+00  1.9286626e-02  5.81867e-04  1.00000e+00  1.92784e-02  1.99184e-02
2.114238044e+00  1.9286208e-02  5.82078e-04  1.00000e+00  1.92805e-02  1.99215e-02
2.114942790e+00  1.9284171e-02  5.82265e-04  1.00000e+00  1.92813e-02  1.99233e-02
2.115647771e+00  1.9281266e-02  5.82429e-04  1.00000e+00  1.92809e-02  1.99237e-02
2.116352987e+00  1.9278592e-02  5.82575e-04  1.00000e+00  1.92795e-02  1.99231e-02
2.117058438e+00  1.9277288e-02  5.82717e-04  1.00000e+00  1.92779e-02  1.99222e-02
2.117764124e+00  1.9278195e-02  5.82869e-04  1.00000e+00  1.92768e-02  1.99218e-02
2.118470045e+00  1.9281613e-02  5.83044e-04  1.00000e+00  1.92770e-02  1.99228e-02
2.119176202e+00  1.9287219e-02  5.83250e-04  1.00000e+00  1.92789e-02  1.99257e-02
2.119882594e+00  1.9294184e-02  5.83487e-04  1.00000e+00  1.92826e-02  1.99305e-02
2.120589222e+00  1.9301431e-02  5.83748e-04  1.00000e+00  1.92877e-02  1.99367e-02
2.121296085e+00  1.9307964e-02  5.84022e-04  1.00000e+00  1.92935e-02  1.99437e-02
2.122003183e+00  1.9313136e-02  5.84296e-04  1.00000e+00  1.92994e-02  1.99508e-02
2.122710518e+00  1.9316809e-02  5.84560e-04  1.00000e+00  1.93047e-02  1.99573e-02
2.123418088e+00  1.9319348e-02  5.84808e-04  1.00000e+00  1.93092e-02  1.99629e-02
2.124125894e+00  1.9321493e-02  5.85040e-04  1.00000e+00  1.93129e-02  1.99677e-02
2.124833936e+00  1.9324141e-02  5.85262e-04  1.00000e+00  1.93162e-02  1.99720e-02
2.125542214e+00  1.9328104e-02  5.85483e-04  1.00000e+00  1.93196e-02  1.99764e-02
2.126250728e+00  1.9333897e-02  5.85714e-04  1.00000e+00  1.93237e-02  1.99816e-02
2.126959478e+00  1.9341594e-02  5.85963e-04  1.00000e+00  1.93290e-02  1.99880e-02
2.127668465e+00  1.9350790e-02  5.86236e-04  1.00000e+00  1.93355e-02  1.99957e-02
2.128377688e+00  1.9360678e-02  5.86530e-04  1.00000e+00  1.93431e-02  2.00047e-02
2.129087147e+00  1.9370229e-02  5.86841e-04  1.00000e+00  1.93514e-02  2.00145e-02
2.129796842e+00  1.9378433e-02  5.87158e-04  1.00000e+00  1.93596e-02  2.00242e-02
2.130506775e+00  1.9384521e-02  5.87468e-04  1.00000e+00  1.93671e-02  2.00333e-02
2.131216944e+00  1.9388129e-02  5.87762e-04  1.00000e+00  1.93733e-02  2.00409e-02
2.131927349e+00  1.9389340e-02  5.88030e-04  1.00000e+00  1.93777e-02  2.00467e-02
2.132637992e+00  1.9388627e-02  5.88269e-04  1.00000e+00  1.93804e-02  2.00507e-02
2.133348871e+00  1.9386702e-02  5.88480e-04  1.00000e+00  1.93815e-02  2.00529e-02
2.134059987e+00  1.9384341e-02  5.88667e-04  1.00000e+00  1.93815e-02  2.00539e-02
2.134771341e+00  1.9382204e-02  5.88838e-04  1.00000e+00  1.93808e-02  2.00542e-02
2.135482931e+00  1.9380711e-02  5.88998e-04  1.00000e+00  1.93800e-02  2.00543e-02
2.136194759e+00  1.9379973e-02  5.89156e-04  1.00000e+00  1.93794e-02  2.00545e-02
2.136906824e+00  1.9379797e-02  5.89313e-04  1.00000e+00  1.93791e-02  2.00550e-02
2.137619126e+00  1.9379755e-02  5.89471e-04  1.00000e+00  1.93790e-02  2.00556e-02
2.138331666e+00  1.9379289e-02  5.89630e-04  1.00000e+00  1.93787e-02  2.00561e-02
2.139044443e+00  1.9377835e-02  5.89786e-04  1.00000e+00  1.93778e-02  2.00560e-02
2.139757458e+00  1.9374925e-02  5.89935e-04  1.00000e+00  1.93758e-02  2.00550e-02
2.140470710e+00  1.9370233e-02  5.90075e-04  1.00000e+00  1.93725e-02  2.00527e-02
2.141184200e+00  1.9363592e-02  5.90202e-04  1.00000e+00  1.93675e-02  2.00488e-02
2.141897929e+00  1.9354947e-02  5.90313e-04  1.00000e+00  1.93609e-02  2.00433e-02
2.142611895e+00  1.9344308e-02  5.90406e-04  1.00000e+00  1.93526e-02  2.00361e-02
2.143326099e+00  1.9331709e-02  5.90475e-04  1.00000e+00  1.93428e-02  2.00274e-02
2.144040541e+00  1.9317190e-02  5.90519e-04  1.00000e+00  1.93316e-02  2.00171e-02
2.144755221e+00  1.9300827e-02  5.90531e-04  1.00000e+00  1.93190e-02  2.00051e-02
2.145470139e+00  1.9282786e-02  5.90509e-04  1.00000e+00  1.93049e-02  1.99915e-02
2.146185296e+00  1.9263404e-02  5.90452e-04  1.00000e+00  1.92894e-02  1.99763e-02
2.146900691e+00  1.9243244e-02  5.90363e-04  1.00000e+00  1.92726e-02  1.99594e-02
2.147616324e+00  1.9223140e-02  5.90249e-04  1.00000e+00  1.92546e-02  1.99413e-02
2.148332197e+00  1.9204153e-02  5.90124e-04  1.00000e+00  1.92360e-02  1.99226e-02
2.149048307e+00  1.9187467e-02  5.90003e-04  1.00000e+00  1.92178e-02  1.99042e-02
2.149764657e+00  1.9174216e-02  5.89905e-04  1.00000e+00  1.92007e-02  1.98871e-02
2.150481245e+00  1.9165244e-02  5.89848e-04  1.00000e+00  1.91861e-02  1.98726e-02
2.151198072e+00  1.9160893e-02  5.89848e-04  1.00000e+00  1.91747e-02  1.98616e-02
2.151915138e+00  1.9160852e-02  5.89912e-04  1.00000e+00  1.91672e-02  1.98547e-02
2.152632443e+00  1.9164129e-02  5.90040e-04  1.00000e+00  1.91635e-02  1.98519e-02
2.153349987e+00  1.9169175e-02  5.90224e-04  1.00000e+00  1.91632e-02  1.98526e-02
2.154067771e+00  1.9174115e-02  5.90445e-04  1.00000e+00  1.91651e-02  1.98558e-02
2.154785793e+00  1.9177074e-02  5.90682e-04  1.00000e+00  1.91678e-02  1.98598e-02
2.155504055e+00  1.9176496e-02  5.90909e-04  1.00000e+00  1.91697e-02  1.98630e-02
2.156222556e+00  1.9171417e-02  5.91104e-04  1.00000e+00  1.91694e-02  1.98639e-02
2.156941297e+00  1.9161638e-02  5.91251e-04  1.00000e+00  1.91658e-02  1.98615e-02
2.157660278e+00  1.9147763e-02  5.91341e-04  1.00000e+00  1.91584e-02  1.98551e-02
2.158379498e+00  1.9131098e-02  5.91377e-04  1.00000e+00  1.91475e-02  1.98451e-02
2.159098958e+00  1.9113428e-02  5.91369e-04  1.00000e+00  1.91338e-02  1.98321e-02
2.159818657e+00  1.9096692e-02  5.91335e-04  1.00000e+00  1.91186e-02  1.98176e-02
2.160538597e+00  1.9082633e-02  5.91300e-04  1.00000e+00  1.91035e-02  1.98030e-02
2.161258776e+00  1.9072484e-02  5.91284e-04  1.00000e+00  1.90898e-02  1.97900e-02
2.161979196e+00  1.9066777e-02  5.91307e-04  1.00000e+00  1.90789e-02  1.97797e-02
2.162699856e+00  1.9065323e-02  5.91380e-04  1.00000e+00  1.90714e-02  1.97731e-02
2.163420756e+00  1.9067372e-02  5.91507e-04  1.00000e+00  1.90676e-02  1.97701e-02
2.164141896e+00  1.9071880e-02  5.91682e-04  1.00000e+00  1.90670e-02  1.97706e-02
2.164863277e+00  1.9077799e-02  5.91898e-04  1.00000e+00  1.90691e-02  1.97738e-02
2.165584898e+00  1.9084271e-02  5.92141e-04  1.00000e+00  1.90730e-02  1.97789e-02
2.166306759e+00  1.9090674e-02  5.92401e-04  1.00000e+00  1.90782e-02  1.97853e-02
2.167028862e+00  1.9096562e-02  5.92668e-04  1.00000e+00  1.90839e-02  1.97921e-02
2.167751205e+00  1.9101563e-02  5.92933e-04  1.00000e+00  1.90896e-02  1.97990e-02
2.168473788e+00  1.9105342e-02  5.93188e-04  1.00000e+00  1.90948e-02  1.98054e-02
2.169196613e+00  1.9107666e-02  5.93428e-04  1.00000e+00  1.90992e-02  1.98108e-02
2.169919678e+00  1.9108522e-02  5.93648e-04  1.00000e+00  1.91024e-02  1.98150e-02
2.170642985e+00  1.9108192e-02  5.93847e-04  1.00000e+00  1.91043e-02  1.98179e-02
2.171366533e+00  1.9107219e-02  5.94029e-04  1.00000e+00  1.91051e-02  1.98196e-02
2.172090321e+00  1.9106228e-02  5.94199e-04  1.00000e+00  1.91050e-02  1.98204e-02
2.172814352e+00  1.9105703e-02  5.94364e-04  1.00000e+00  1.91046e-02  1.98209e-02
2.173538623e+00  1.9105823e-02  5.94531e-04  1.00000e+00  1.91043e-02  1.98215e-02
2.174263136e+00  1.9106436e-02  5.94703e-04  1.00000e+00  1.91044e-02  1.98225e-02
2.174987890e+00  1.9107155e-02  5.94878e-04  1.00000e+00  1.91048e-02  1.98237e-02
2.175712886e+00  1.9107520e-02  5.95055e-04  1.00000e+00  1.91052e-02  1.98251e-02
2.176438124e+00  1.9107085e-02  5.95230e-04  1.00000e+00  1.91054e-02  1.98261e-02
2.177163603e+00  1.9105426e-02  5.95396e-04  1.00000e+00  1.91049e-02  1.98265e-02
2.177889324e+00  1.9102085e-02  5.95550e-04  1.00000e+00  1.91034e-02  1.98258e-02
2.178615288e+00  1.9096592e-02  5.95685e-04  1.00000e+00  1.91004e-02  1.98236e-02
2.179341493e+00  1.9088623e-02  5.95795e-04  1.00000e+00  1.90955e-02  1.98195e-02
2.180067940e+00  1.9078277e-02  5.95877e-04  1.00000e+00  1.90886e-02  1.98133e-02
2.180794629e+00  1.9066369e-02  5.95929e-04  1.00000e+00  1.90797e-02  1.98051e-02
2.181521561e+00  1.9054499e-02  5.95959e-04  1.00000e+00  1.90695e-02  1.97955e-02
2.182248735e+00  1.9044825e-02  5.95984e-04  1.00000e+00  1.90591e-02  1.97856e-02
2.182976151e+00  1.9039546e-02  5.96029e-04  1.00000e+00  1.90500e-02  1.97772e-02
2.183703809e+00  1.9040263e-02  5.96120e-04  1.00000e+00  1.90441e-02  1.97720e-02
2.184431711e+00  1.9047516e-02  5.96278e-04  1.00000e+00  1.90428e-02  1.97716e-02
2.185159855e+00  1.9060631e-02  5.96517e-04  1.00000e+00  1.90467e-02  1.97766e-02
2.185888241e+00  1.9077948e-02  5.96834e-04  1.00000e+00  1.90557e-02  1.97871e-02
2.186616871e+00  1.9097278e-02  5.97215e-04  1.00000e+00  1.90690e-02  1.98019e-02
2.187345743e+00  1.9116372e-02  5.97638e-04  1.00000e+00  1.90851e-02  1.98196e-02
2.188074858e+00  1.9133216e-02  5.98073e-04  1.00000e+00  1.91021e-02  1.98383e-02
2.188804217e+00  1.9146099e-02  5.98493e-04  1.00000e+00  1.91184e-02  1.98560e-02
2.189533818e+00  1.9153478e-02  5.98871e-04  1.00000e+00  1.91320e-02  1.98710e-02
2.190263663e+00  1.9153790e-02  5.99180e-04  1.00000e+00  1.91413e-02  1.98815e-02
2.190993750e+00  1.9145299e-02  5.99397e-04  1.00000e+00  1.91445e-02  1.98857e-02
2.191724082e+00  1.9126050e-02  5.99495e-04  1.00000e+00  1.91398e-02  1.98816e-02
2.192454656e+00  1.9093933e-02  5.99444e-04  1.00000e+00  1.91250e-02  1.98671e-02
2.193185475e+00  1.9046860e-02  5.99214e-04  1.00000e+00  1.90981e-02  1.98401e-02
2.193916536e+00  1.8983061e-02  5.98770e-04  1.00000e+00  1.90567e-02  1.97982e-02
2.194647842e+00  1.8901504e-02  5.98077e-04  1.00000e+00  1.89990e-02  1.97393e-02
2.195379391e+00  1.8802381e-02  5.97106e-04  1.00000e+00  1.89232e-02  1.96619e-02
2.196111184e+00  1.8687516e-02  5.95842e-04  1.00000e+00  1.88290e-02  1.95652e-02
2.196843221e+00  1.8560520e-02  5.94285e-04  1.00000e+00  1.87171e-02  1.94503e-02
2.197575502e+00  1.8426523e-02  5.92467e-04  1.00000e+00  1.85904e-02  1.93199e-02
2.198308028e+00  1.8291517e-02  5.90445e-04  1.00000e+00  1.84532e-02  1.91787e-02
2.199040797e+00  1.8161461e-02  5.88303e-04  1.00000e+00  1.83119e-02  1.90330e-02
2.199773811e+00  1.8041447e-02  5.86140e-04  1.00000e+00  1.81731e-02  1.88899e-02
