# WARNING | PUMAS | Some species, Na, do not have optimized correlated-k tables for the defined moderate resolutions, and will be analyzed at sub-par resolutions. In particular, there will be issues at the line cores.
# ------------------------------------------------------------------------
# Radiance spectrum
# NASA-GSFC Planetary Spectrum Generator (PSG) (Villanueva et al. 2018, 2022)
# Synthesized on Tue Aug 11 11:18:14 2026
# Doppler velocities [km/s] (vobs,vrot+vorb,vwidth,vrfl,vstr): -49.51300,-0.00000,1.84000,-0.00000,-0.00000
# ------------------------------------------------------------------------
# Spectra synthesized with the Planetary and Universal Model of Atmospheric Scattering (PUMAS, Villanueva et al. 2018, 2022)
# Single scattering radiative transfer method
# Radiative transfer took 3.194 seconds
# ------------------------------------------------------------------------
# Spectral unit: Wavelength [um]
# Radiance unit: Contrast [radiance ratio w.r.t. parent star]
# Wave/freq Total Noise Stellar WASP-17b Transit
8.000000000e-01  1.8758116e-02  3.74985e-04  1.00000e+00  1.87575e-02  1.87672e-02
8.002666667e-01  1.8759187e-02  3.74944e-04  1.00000e+00  1.87584e-02  1.87681e-02
8.005334222e-01  1.8760418e-02  3.74865e-04  1.00000e+00  1.87595e-02  1.87692e-02
8.008002667e-01  1.8761826e-02  3.74807e-04  1.00000e+00  1.87608e-02  1.87705e-02
8.010672001e-01  1.8763430e-02  3.74769e-04  1.00000e+00  1.87623e-02  1.87720e-02
8.013342225e-01  1.8765242e-02  3.74747e-04  1.00000e+00  1.87639e-02  1.87737e-02
8.016013339e-01  1.8767263e-02  3.74738e-04  1.00000e+00  1.87658e-02  1.87756e-02
8.018685344e-01  1.8769486e-02  3.74738e-04  1.00000e+00  1.87679e-02  1.87777e-02
8.021358239e-01  1.8771905e-02  3.74745e-04  1.00000e+00  1.87702e-02  1.87799e-02
8.024032025e-01  1.8774518e-02  3.74758e-04  1.00000e+00  1.87727e-02  1.87824e-02
8.026706702e-01  1.8777342e-02  3.74775e-04  1.00000e+00  1.87753e-02  1.87850e-02
8.029382271e-01  1.8780410e-02  3.74794e-04  1.00000e+00  1.87781e-02  1.87879e-02
8.032058732e-01  1.8783766e-02  3.74817e-04  1.00000e+00  1.87812e-02  1.87909e-02
8.034736085e-01  1.8787454e-02  3.74842e-04  1.00000e+00  1.87845e-02  1.87943e-02
8.037414330e-01  1.8791503e-02  3.74871e-04  1.00000e+00  1.87882e-02  1.87979e-02
8.040093468e-01  1.8795914e-02  3.74902e-04  1.00000e+00  1.87922e-02  1.88020e-02
8.042773499e-01  1.8800647e-02  3.74937e-04  1.00000e+00  1.87966e-02  1.88064e-02
8.045454424e-01  1.8805616e-02  3.74973e-04  1.00000e+00  1.88014e-02  1.88111e-02
8.048136242e-01  1.8810698e-02  3.75011e-04  1.00000e+00  1.88064e-02  1.88161e-02
8.050818954e-01  1.8815751e-02  3.75048e-04  1.00000e+00  1.88116e-02  1.88213e-02
8.053502560e-01  1.8820639e-02  3.75084e-04  1.00000e+00  1.88169e-02  1.88266e-02
8.056187061e-01  1.8825254e-02  3.75116e-04  1.00000e+00  1.88220e-02  1.88317e-02
8.058872457e-01  1.8829530e-02  3.75143e-04  1.00000e+00  1.88269e-02  1.88366e-02
8.061558748e-01  1.8833442e-02  3.75166e-04  1.00000e+00  1.88315e-02  1.88412e-02
8.064245934e-01  1.8837007e-02  3.75182e-04  1.00000e+00  1.88358e-02  1.88454e-02
8.066934016e-01  1.8840264e-02  3.75194e-04  1.00000e+00  1.88398e-02  1.88494e-02
8.069622994e-01  1.8843265e-02  3.75200e-04  1.00000e+00  1.88434e-02  1.88530e-02
8.072312868e-01  1.8846069e-02  3.75201e-04  1.00000e+00  1.88468e-02  1.88564e-02
8.075003639e-01  1.8848729e-02  3.75198e-04  1.00000e+00  1.88501e-02  1.88596e-02
8.077695307e-01  1.8851289e-02  3.75190e-04  1.00000e+00  1.88532e-02  1.88627e-02
8.080387872e-01  1.8853769e-02  3.75178e-04  1.00000e+00  1.88563e-02  1.88657e-02
8.083081335e-01  1.8856151e-02  3.75161e-04  1.00000e+00  1.88592e-02  1.88686e-02
8.085775695e-01  1.8858375e-02  3.75141e-04  1.00000e+00  1.88619e-02  1.88712e-02
8.088470954e-01  1.8860321e-02  3.75116e-04  1.00000e+00  1.88643e-02  1.88736e-02
8.091167111e-01  1.8861818e-02  3.75088e-04  1.00000e+00  1.88663e-02  1.88755e-02
8.093864167e-01  1.8862648e-02  3.75057e-04  1.00000e+00  1.88677e-02  1.88768e-02
8.096562121e-01  1.8862561e-02  3.75021e-04  1.00000e+00  1.88682e-02  1.88773e-02
8.099260975e-01  1.8861290e-02  3.74980e-04  1.00000e+00  1.88676e-02  1.88767e-02
8.101960729e-01  1.8858558e-02  3.74934e-04  1.00000e+00  1.88658e-02  1.88748e-02
8.104661383e-01  1.8854092e-02  3.74879e-04  1.00000e+00  1.88625e-02  1.88715e-02
8.107362936e-01  1.8847610e-02  3.74815e-04  1.00000e+00  1.88575e-02  1.88664e-02
8.110065391e-01  1.8838818e-02  3.74738e-04  1.00000e+00  1.88506e-02  1.88595e-02
8.112768746e-01  1.8827414e-02  3.74645e-04  1.00000e+00  1.88415e-02  1.88504e-02
8.115473002e-01  1.8813101e-02  3.74532e-04  1.00000e+00  1.88301e-02  1.88390e-02
8.118178160e-01  1.8795620e-02  3.74394e-04  1.00000e+00  1.88161e-02  1.88249e-02
8.120884219e-01  1.8774805e-02  3.74228e-04  1.00000e+00  1.87992e-02  1.88080e-02
8.123591181e-01  1.8750631e-02  3.74031e-04  1.00000e+00  1.87793e-02  1.87880e-02
8.126299044e-01  1.8723238e-02  3.73800e-04  1.00000e+00  1.87562e-02  1.87648e-02
8.129007811e-01  1.8692930e-02  3.73537e-04  1.00000e+00  1.87299e-02  1.87386e-02
8.131717480e-01  1.8660116e-02  3.73244e-04  1.00000e+00  1.87008e-02  1.87094e-02
8.134428052e-01  1.8625243e-02  3.72923e-04  1.00000e+00  1.86691e-02  1.86776e-02
8.137139528e-01  1.8588740e-02  3.72580e-04  1.00000e+00  1.86352e-02  1.86436e-02
8.139851908e-01  1.8550998e-02  3.72219e-04  1.00000e+00  1.85996e-02  1.86079e-02
8.142565192e-01  1.8512416e-02  3.71843e-04  1.00000e+00  1.85626e-02  1.85709e-02
8.145279381e-01  1.8473504e-02  3.71455e-04  1.00000e+00  1.85249e-02  1.85330e-02
8.147994474e-01  1.8435042e-02  3.71060e-04  1.00000e+00  1.84870e-02  1.84950e-02
8.150710472e-01  1.8398203e-02  3.70664e-04  1.00000e+00  1.84499e-02  1.84578e-02
8.153427375e-01  1.8364623e-02  3.70273e-04  1.00000e+00  1.84147e-02  1.84224e-02
8.156145185e-01  1.8336325e-02  3.69901e-04  1.00000e+00  1.83830e-02  1.83906e-02
8.158863900e-01  1.8315497e-02  3.69562e-04  1.00000e+00  1.83568e-02  1.83642e-02
8.161583521e-01  1.8304131e-02  3.69272e-04  1.00000e+00  1.83380e-02  1.83452e-02
8.164304049e-01  1.8303617e-02  3.69046e-04  1.00000e+00  1.83284e-02  1.83353e-02
8.167025483e-01  1.8314407e-02  3.68895e-04  1.00000e+00  1.83291e-02  1.83357e-02
8.169747825e-01  1.8335855e-02  3.68823e-04  1.00000e+00  1.83403e-02  1.83466e-02
8.172471075e-01  1.8366299e-02  3.68829e-04  1.00000e+00  1.83611e-02  1.83671e-02
8.175195232e-01  1.8403347e-02  3.68905e-04  1.00000e+00  1.83897e-02  1.83955e-02
8.177920297e-01  1.8444321e-02  3.69041e-04  1.00000e+00  1.84238e-02  1.84293e-02
8.180646270e-01  1.8486694e-02  3.69226e-04  1.00000e+00  1.84606e-02  1.84659e-02
8.183373152e-01  1.8528425e-02  3.69452e-04  1.00000e+00  1.84977e-02  1.85028e-02
8.186100943e-01  1.8568117e-02  3.69712e-04  1.00000e+00  1.85331e-02  1.85382e-02
8.188829644e-01  1.8604917e-02  3.70006e-04  1.00000e+00  1.85658e-02  1.85708e-02
8.191559253e-01  1.8638227e-02  3.70333e-04  1.00000e+00  1.85951e-02  1.86002e-02
8.194289773e-01  1.8667282e-02  3.70690e-04  1.00000e+00  1.86210e-02  1.86262e-02
8.197021203e-01  1.8690759e-02  3.71065e-04  1.00000e+00  1.86432e-02  1.86486e-02
8.199753544e-01  1.8706569e-02  3.71439e-04  1.00000e+00  1.86611e-02  1.86668e-02
8.202486795e-01  1.8711967e-02  3.71781e-04  1.00000e+00  1.86731e-02  1.86791e-02
8.205220957e-01  1.8704034e-02  3.72052e-04  1.00000e+00  1.86772e-02  1.86835e-02
8.207956031e-01  1.8680489e-02  3.72210e-04  1.00000e+00  1.86707e-02  1.86773e-02
8.210692016e-01  1.8640659e-02  3.72222e-04  1.00000e+00  1.86514e-02  1.86584e-02
8.213428913e-01  1.8586339e-02  3.72070e-04  1.00000e+00  1.86184e-02  1.86257e-02
8.216166723e-01  1.8522231e-02  3.71761e-04  1.00000e+00  1.85727e-02  1.85803e-02
8.218905445e-01  1.8455680e-02  3.71331e-04  1.00000e+00  1.85180e-02  1.85258e-02
8.221645080e-01  1.8395610e-02  3.70844e-04  1.00000e+00  1.84601e-02  1.84681e-02
8.224385629e-01  1.8350812e-02  3.70380e-04  1.00000e+00  1.84067e-02  1.84149e-02
8.227127091e-01  1.8327990e-02  3.70021e-04  1.00000e+00  1.83652e-02  1.83736e-02
8.229869466e-01  1.8330182e-02  3.69834e-04  1.00000e+00  1.83419e-02  1.83504e-02
8.232612756e-01  1.8356055e-02  3.69858e-04  1.00000e+00  1.83398e-02  1.83485e-02
8.235356960e-01  1.8400324e-02  3.70091e-04  1.00000e+00  1.83587e-02  1.83675e-02
8.238102079e-01  1.8455188e-02  3.70498e-04  1.00000e+00  1.83947e-02  1.84037e-02
8.240848113e-01  1.8512225e-02  3.71018e-04  1.00000e+00  1.84418e-02  1.84510e-02
8.243595063e-01  1.8564204e-02  3.71579e-04  1.00000e+00  1.84930e-02  1.85023e-02
8.246342928e-01  1.8606245e-02  3.72116e-04  1.00000e+00  1.85418e-02  1.85512e-02
8.249091709e-01  1.8636149e-02  3.72580e-04  1.00000e+00  1.85834e-02  1.85930e-02
8.251841406e-01  1.8653971e-02  3.72942e-04  1.00000e+00  1.86153e-02  1.86251e-02
8.254592020e-01  1.8661177e-02  3.73195e-04  1.00000e+00  1.86367e-02  1.86465e-02
8.257343550e-01  1.8659760e-02  3.73343e-04  1.00000e+00  1.86481e-02  1.86580e-02
8.260095998e-01  1.8651613e-02  3.73400e-04  1.00000e+00  1.86508e-02  1.86609e-02
8.262849364e-01  1.8638297e-02  3.73381e-04  1.00000e+00  1.86464e-02  1.86565e-02
8.265603647e-01  1.8621147e-02  3.73301e-04  1.00000e+00  1.86362e-02  1.86464e-02
8.268358848e-01  1.8601542e-02  3.73175e-04  1.00000e+00  1.86216e-02  1.86319e-02
8.271114968e-01  1.8581145e-02  3.73017e-04  1.00000e+00  1.86043e-02  1.86146e-02
8.273872006e-01  1.8561941e-02  3.72845e-04  1.00000e+00  1.85857e-02  1.85961e-02
8.276629963e-01  1.8546046e-02  3.72677e-04  1.00000e+00  1.85679e-02  1.85783e-02
8.279388840e-01  1.8535360e-02  3.72534e-04  1.00000e+00  1.85528e-02  1.85633e-02
8.282148636e-01  1.8531187e-02  3.72433e-04  1.00000e+00  1.85421e-02  1.85526e-02
8.284909352e-01  1.8533971e-02  3.72387e-04  1.00000e+00  1.85371e-02  1.85477e-02
8.287670989e-01  1.8543219e-02  3.72402e-04  1.00000e+00  1.85383e-02  1.85489e-02
8.290433546e-01  1.8557629e-02  3.72477e-04  1.00000e+00  1.85453e-02  1.85560e-02
8.293197024e-01  1.8575360e-02  3.72604e-04  1.00000e+00  1.85572e-02  1.85680e-02
8.295961423e-01  1.8594377e-02  3.72768e-04  1.00000e+00  1.85725e-02  1.85833e-02
8.298726743e-01  1.8612788e-02  3.72953e-04  1.00000e+00  1.85893e-02  1.86003e-02
8.301492985e-01  1.8629129e-02  3.73141e-04  1.00000e+00  1.86061e-02  1.86171e-02
8.304260150e-01  1.8642551e-02  3.73320e-04  1.00000e+00  1.86216e-02  1.86327e-02
8.307028236e-01  1.8652913e-02  3.73480e-04  1.00000e+00  1.86348e-02  1.86460e-02
8.309797246e-01  1.8660743e-02  3.73617e-04  1.00000e+00  1.86457e-02  1.86569e-02
8.312567178e-01  1.8667096e-02  3.73733e-04  1.00000e+00  1.86544e-02  1.86657e-02
8.315338034e-01  1.8673303e-02  3.73835e-04  1.00000e+00  1.86618e-02  1.86732e-02
8.318109813e-01  1.8680669e-02  3.73933e-04  1.00000e+00  1.86690e-02  1.86804e-02
8.320882517e-01  1.8690181e-02  3.74037e-04  1.00000e+00  1.86770e-02  1.86886e-02
8.323656144e-01  1.8702322e-02  3.74155e-04  1.00000e+00  1.86868e-02  1.86984e-02
8.326430696e-01  1.8717013e-02  3.74294e-04  1.00000e+00  1.86988e-02  1.87105e-02
8.329206173e-01  1.8733706e-02  3.74452e-04  1.00000e+00  1.87131e-02  1.87248e-02
8.331982575e-01  1.8751563e-02  3.74626e-04  1.00000e+00  1.87291e-02  1.87409e-02
8.334759903e-01  1.8769658e-02  3.74811e-04  1.00000e+00  1.87464e-02  1.87582e-02
8.337538156e-01  1.8787129e-02  3.74998e-04  1.00000e+00  1.87641e-02  1.87760e-02
8.340317335e-01  1.8803282e-02  3.75180e-04  1.00000e+00  1.87813e-02  1.87933e-02
8.343097441e-01  1.8817629e-02  3.75350e-04  1.00000e+00  1.87976e-02  1.88096e-02
8.345878474e-01  1.8829908e-02  3.75504e-04  1.00000e+00  1.88123e-02  1.88244e-02
8.348660433e-01  1.8840072e-02  3.75638e-04  1.00000e+00  1.88251e-02  1.88373e-02
8.351443320e-01  1.8848271e-02  3.75752e-04  1.00000e+00  1.88360e-02  1.88481e-02
8.354227134e-01  1.8854802e-02  3.75847e-04  1.00000e+00  1.88448e-02  1.88570e-02
8.357011877e-01  1.8860043e-02  3.75926e-04  1.00000e+00  1.88519e-02  1.88641e-02
8.359797547e-01  1.8864378e-02  3.75994e-04  1.00000e+00  1.88575e-02  1.88698e-02
8.362584147e-01  1.8868130e-02  3.76054e-04  1.00000e+00  1.88620e-02  1.88744e-02
8.365371675e-01  1.8871535e-02  3.76110e-04  1.00000e+00  1.88658e-02  1.88782e-02
8.368160132e-01  1.8874738e-02  3.76164e-04  1.00000e+00  1.88691e-02  1.88816e-02
8.370949518e-01  1.8877818e-02  3.76218e-04  1.00000e+00  1.88722e-02  1.88847e-02
8.373739835e-01  1.8880809e-02  3.76272e-04  1.00000e+00  1.88751e-02  1.88877e-02
8.376531082e-01  1.8883723e-02  3.76326e-04  1.00000e+00  1.88781e-02  1.88907e-02
8.379323259e-01  1.8886559e-02  3.76379e-04  1.00000e+00  1.88811e-02  1.88938e-02
8.382116366e-01  1.8889295e-02  3.76431e-04  1.00000e+00  1.88840e-02  1.88968e-02
8.384910405e-01  1.8891898e-02  3.76481e-04  1.00000e+00  1.88869e-02  1.88998e-02
8.387705375e-01  1.8894323e-02  3.76528e-04  1.00000e+00  1.88898e-02  1.89027e-02
8.390501277e-01  1.8896530e-02  3.76572e-04  1.00000e+00  1.88925e-02  1.89054e-02
8.393298111e-01  1.8898498e-02  3.76611e-04  1.00000e+00  1.88950e-02  1.89080e-02
8.396095877e-01  1.8900241e-02  3.76647e-04  1.00000e+00  1.88974e-02  1.89104e-02
8.398894576e-01  1.8901806e-02  3.76678e-04  1.00000e+00  1.88994e-02  1.89125e-02
8.401694207e-01  1.8903273e-02  3.76706e-04  1.00000e+00  1.89013e-02  1.89144e-02
8.404494772e-01  1.8904729e-02  3.76731e-04  1.00000e+00  1.89030e-02  1.89161e-02
8.407296270e-01  1.8906250e-02  3.76755e-04  1.00000e+00  1.89045e-02  1.89177e-02
8.410098702e-01  1.8907870e-02  3.76780e-04  1.00000e+00  1.89061e-02  1.89193e-02
8.412902068e-01  1.8909574e-02  3.76805e-04  1.00000e+00  1.89076e-02  1.89209e-02
8.415706369e-01  1.8911297e-02  3.76832e-04  1.00000e+00  1.89092e-02  1.89225e-02
8.418511605e-01  1.8912942e-02  3.76860e-04  1.00000e+00  1.89108e-02  1.89241e-02
8.421317775e-01  1.8914418e-02  3.76888e-04  1.00000e+00  1.89122e-02  1.89256e-02
8.424124881e-01  1.8915670e-02  3.76916e-04  1.00000e+00  1.89136e-02  1.89270e-02
8.426932923e-01  1.8916703e-02  3.76943e-04  1.00000e+00  1.89148e-02  1.89282e-02
8.429741900e-01  1.8917586e-02  3.76969e-04  1.00000e+00  1.89158e-02  1.89293e-02
8.432551814e-01  1.8918431e-02  3.76994e-04  1.00000e+00  1.89167e-02  1.89303e-02
8.435362665e-01  1.8919358e-02  3.77019e-04  1.00000e+00  1.89176e-02  1.89312e-02
8.438174452e-01  1.8920459e-02  3.77044e-04  1.00000e+00  1.89187e-02  1.89323e-02
8.440987177e-01  1.8921762e-02  3.77070e-04  1.00000e+00  1.89198e-02  1.89335e-02
8.443800840e-01  1.8923232e-02  3.77097e-04  1.00000e+00  1.89212e-02  1.89349e-02
8.446615440e-01  1.8924779e-02  3.77125e-04  1.00000e+00  1.89227e-02  1.89364e-02
8.449430978e-01  1.8926295e-02  3.77153e-04  1.00000e+00  1.89242e-02  1.89380e-02
8.452247455e-01  1.8927680e-02  3.77180e-04  1.00000e+00  1.89257e-02  1.89396e-02
8.455064871e-01  1.8928869e-02  3.77206e-04  1.00000e+00  1.89272e-02  1.89410e-02
8.457883226e-01  1.8929833e-02  3.77230e-04  1.00000e+00  1.89284e-02  1.89423e-02
8.460702521e-01  1.8930568e-02  3.77252e-04  1.00000e+00  1.89294e-02  1.89434e-02
8.463522755e-01  1.8931079e-02  3.77272e-04  1.00000e+00  1.89303e-02  1.89443e-02
8.466343929e-01  1.8931364e-02  3.77289e-04  1.00000e+00  1.89309e-02  1.89449e-02
8.469166044e-01  1.8931409e-02  3.77305e-04  1.00000e+00  1.89312e-02  1.89453e-02
8.471989099e-01  1.8931201e-02  3.77318e-04  1.00000e+00  1.89312e-02  1.89453e-02
8.474813095e-01  1.8930733e-02  3.77330e-04  1.00000e+00  1.89310e-02  1.89451e-02
8.477638033e-01  1.8930017e-02  3.77340e-04  1.00000e+00  1.89304e-02  1.89446e-02
8.480463912e-01  1.8929077e-02  3.77349e-04  1.00000e+00  1.89296e-02  1.89438e-02
8.483290734e-01  1.8927945e-02  3.77358e-04  1.00000e+00  1.89285e-02  1.89428e-02
8.486118497e-01  1.8926644e-02  3.77366e-04  1.00000e+00  1.89273e-02  1.89416e-02
8.488947203e-01  1.8925184e-02  3.77374e-04  1.00000e+00  1.89259e-02  1.89402e-02
8.491776852e-01  1.8923562e-02  3.77382e-04  1.00000e+00  1.89243e-02  1.89387e-02
8.494607445e-01  1.8921777e-02  3.77390e-04  1.00000e+00  1.89226e-02  1.89371e-02
8.497438981e-01  1.8919845e-02  3.77397e-04  1.00000e+00  1.89207e-02  1.89353e-02
8.500271460e-01  1.8917817e-02  3.77403e-04  1.00000e+00  1.89188e-02  1.89334e-02
8.503104884e-01  1.8915783e-02  3.77409e-04  1.00000e+00  1.89168e-02  1.89315e-02
8.505939252e-01  1.8913866e-02  3.77414e-04  1.00000e+00  1.89149e-02  1.89296e-02
8.508774565e-01  1.8912201e-02  3.77420e-04  1.00000e+00  1.89131e-02  1.89279e-02
8.511610824e-01  1.8910904e-02  3.77427e-04  1.00000e+00  1.89116e-02  1.89264e-02
8.514448027e-01  1.8910044e-02  3.77436e-04  1.00000e+00  1.89105e-02  1.89253e-02
8.517286177e-01  1.8909624e-02  3.77448e-04  1.00000e+00  1.89098e-02  1.89246e-02
8.520125272e-01  1.8909585e-02  3.77461e-04  1.00000e+00  1.89094e-02  1.89244e-02
8.522965314e-01  1.8909816e-02  3.77477e-04  1.00000e+00  1.89094e-02  1.89244e-02
8.525806302e-01  1.8910190e-02  3.77494e-04  1.00000e+00  1.89096e-02  1.89246e-02
8.528648238e-01  1.8910593e-02  3.77512e-04  1.00000e+00  1.89099e-02  1.89249e-02
8.531491120e-01  1.8910950e-02  3.77531e-04  1.00000e+00  1.89102e-02  1.89253e-02
8.534334951e-01  1.8911230e-02  3.77551e-04  1.00000e+00  1.89104e-02  1.89255e-02
8.537179729e-01  1.8911440e-02  3.77571e-04  1.00000e+00  1.89105e-02  1.89257e-02
8.540025456e-01  1.8911606e-02  3.77592e-04  1.00000e+00  1.89106e-02  1.89258e-02
8.542872131e-01  1.8911742e-02  3.77614e-04  1.00000e+00  1.89106e-02  1.89259e-02
8.545719755e-01  1.8911840e-02  3.77637e-04  1.00000e+00  1.89106e-02  1.89259e-02
8.548568328e-01  1.8911863e-02  3.77661e-04  1.00000e+00  1.89105e-02  1.89259e-02
8.551417851e-01  1.8911753e-02  3.77685e-04  1.00000e+00  1.89103e-02  1.89258e-02
8.554268323e-01  1.8911453e-02  3.77710e-04  1.00000e+00  1.89100e-02  1.89255e-02
8.557119746e-01  1.8910930e-02  3.77735e-04  1.00000e+00  1.89095e-02  1.89250e-02
8.559972119e-01  1.8910185e-02  3.77761e-04  1.00000e+00  1.89087e-02  1.89243e-02
8.562825443e-01  1.8909266e-02  3.77786e-04  1.00000e+00  1.89079e-02  1.89235e-02
8.565679719e-01  1.8908250e-02  3.77811e-04  1.00000e+00  1.89069e-02  1.89226e-02
8.568534945e-01  1.8907234e-02  3.77835e-04  1.00000e+00  1.89059e-02  1.89217e-02
8.571391124e-01  1.8906316e-02  3.77860e-04  1.00000e+00  1.89050e-02  1.89209e-02
8.574248254e-01  1.8905573e-02  3.77884e-04  1.00000e+00  1.89042e-02  1.89202e-02
8.577106337e-01  1.8905062e-02  3.77909e-04  1.00000e+00  1.89037e-02  1.89197e-02
8.579965372e-01  1.8904811e-02  3.77933e-04  1.00000e+00  1.89035e-02  1.89195e-02
8.582825361e-01  1.8904829e-02  3.77958e-04  1.00000e+00  1.89035e-02  1.89196e-02
8.585686302e-01  1.8905106e-02  3.77983e-04  1.00000e+00  1.89037e-02  1.89199e-02
8.588548198e-01  1.8905622e-02  3.78008e-04  1.00000e+00  1.89043e-02  1.89204e-02
8.591411047e-01  1.8906341e-02  3.78032e-04  1.00000e+00  1.89050e-02  1.89212e-02
8.594274851e-01  1.8907216e-02  3.78057e-04  1.00000e+00  1.89059e-02  1.89222e-02
8.597139609e-01  1.8908190e-02  3.78081e-04  1.00000e+00  1.89069e-02  1.89232e-02
8.600005322e-01  1.8909199e-02  3.78105e-04  1.00000e+00  1.89080e-02  1.89243e-02
8.602871991e-01  1.8910183e-02  3.78129e-04  1.00000e+00  1.89090e-02  1.89254e-02
8.605739615e-01  1.8911086e-02  3.78152e-04  1.00000e+00  1.89099e-02  1.89264e-02
8.608608195e-01  1.8911868e-02  3.78175e-04  1.00000e+00  1.89108e-02  1.89272e-02
8.611477731e-01  1.8912497e-02  3.78198e-04  1.00000e+00  1.89114e-02  1.89279e-02
8.614348223e-01  1.8912949e-02  3.78221e-04  1.00000e+00  1.89119e-02  1.89284e-02
8.617219673e-01  1.8913206e-02  3.78244e-04  1.00000e+00  1.89122e-02  1.89288e-02
8.620092079e-01  1.8913256e-02  3.78267e-04  1.00000e+00  1.89122e-02  1.89288e-02
8.622965443e-01  1.8913102e-02  3.78290e-04  1.00000e+00  1.89120e-02  1.89287e-02
8.625839765e-01  1.8912762e-02  3.78313e-04  1.00000e+00  1.89117e-02  1.89284e-02
8.628715045e-01  1.8912281e-02  3.78337e-04  1.00000e+00  1.89111e-02  1.89279e-02
8.631591283e-01  1.8911717e-02  3.78361e-04  1.00000e+00  1.89106e-02  1.89274e-02
8.634468480e-01  1.8911138e-02  3.78385e-04  1.00000e+00  1.89100e-02  1.89269e-02
8.637346637e-01  1.8910603e-02  3.78410e-04  1.00000e+00  1.89094e-02  1.89264e-02
8.640225752e-01  1.8910153e-02  3.78434e-04  1.00000e+00  1.89090e-02  1.89260e-02
8.643105827e-01  1.8909802e-02  3.78458e-04  1.00000e+00  1.89087e-02  1.89258e-02
8.645986863e-01  1.8909544e-02  3.78482e-04  1.00000e+00  1.89085e-02  1.89256e-02
8.648868858e-01  1.8909364e-02  3.78505e-04  1.00000e+00  1.89084e-02  1.89255e-02
8.651751815e-01  1.8909247e-02  3.78528e-04  1.00000e+00  1.89083e-02  1.89255e-02
8.654635732e-01  1.8909192e-02  3.78550e-04  1.00000e+00  1.89083e-02  1.89255e-02
8.657520610e-01  1.8909213e-02  3.78573e-04  1.00000e+00  1.89083e-02  1.89256e-02
8.660406451e-01  1.8909329e-02  3.78595e-04  1.00000e+00  1.89085e-02  1.89258e-02
8.663293253e-01  1.8909557e-02  3.78617e-04  1.00000e+00  1.89087e-02  1.89261e-02
8.666181017e-01  1.8909895e-02  3.78640e-04  1.00000e+00  1.89090e-02  1.89265e-02
8.669069744e-01  1.8910319e-02  3.78662e-04  1.00000e+00  1.89095e-02  1.89270e-02
8.671959434e-01  1.8910785e-02  3.78684e-04  1.00000e+00  1.89099e-02  1.89275e-02
8.674850087e-01  1.8911235e-02  3.78706e-04  1.00000e+00  1.89104e-02  1.89280e-02
8.677741704e-01  1.8911615e-02  3.78728e-04  1.00000e+00  1.89108e-02  1.89284e-02
8.680634285e-01  1.8911887e-02  3.78750e-04  1.00000e+00  1.89111e-02  1.89288e-02
8.683527829e-01  1.8912039e-02  3.78772e-04  1.00000e+00  1.89113e-02  1.89290e-02
8.686422339e-01  1.8912087e-02  3.78793e-04  1.00000e+00  1.89114e-02  1.89291e-02
8.689317813e-01  1.8912063e-02  3.78815e-04  1.00000e+00  1.89114e-02  1.89292e-02
8.692214252e-01  1.8912006e-02  3.78836e-04  1.00000e+00  1.89113e-02  1.89292e-02
8.695111657e-01  1.8911951e-02  3.78857e-04  1.00000e+00  1.89113e-02  1.89292e-02
8.698010027e-01  1.8911915e-02  3.78879e-04  1.00000e+00  1.89113e-02  1.89292e-02
8.700909364e-01  1.8911896e-02  3.78900e-04  1.00000e+00  1.89112e-02  1.89293e-02
8.703809667e-01  1.8911876e-02  3.78921e-04  1.00000e+00  1.89112e-02  1.89293e-02
8.706710937e-01  1.8911825e-02  3.78942e-04  1.00000e+00  1.89112e-02  1.89293e-02
8.709613174e-01  1.8911711e-02  3.78964e-04  1.00000e+00  1.89111e-02  1.89292e-02
8.712516378e-01  1.8911511e-02  3.78985e-04  1.00000e+00  1.89109e-02  1.89291e-02
8.715420550e-01  1.8911216e-02  3.79007e-04  1.00000e+00  1.89105e-02  1.89288e-02
8.718325691e-01  1.8910834e-02  3.79028e-04  1.00000e+00  1.89102e-02  1.89285e-02
8.721231799e-01  1.8910390e-02  3.79050e-04  1.00000e+00  1.89097e-02  1.89281e-02
8.724138876e-01  1.8909915e-02  3.79072e-04  1.00000e+00  1.89092e-02  1.89277e-02
8.727046923e-01  1.8909441e-02  3.79094e-04  1.00000e+00  1.89088e-02  1.89273e-02
8.729955938e-01  1.8908989e-02  3.79116e-04  1.00000e+00  1.89084e-02  1.89269e-02
8.732865924e-01  1.8908569e-02  3.79137e-04  1.00000e+00  1.89080e-02  1.89266e-02
8.735776879e-01  1.8908174e-02  3.79158e-04  1.00000e+00  1.89076e-02  1.89263e-02
8.738688805e-01  1.8907785e-02  3.79179e-04  1.00000e+00  1.89073e-02  1.89260e-02
8.741601701e-01  1.8907376e-02  3.79200e-04  1.00000e+00  1.89069e-02  1.89256e-02
8.744515568e-01  1.8906919e-02  3.79220e-04  1.00000e+00  1.89065e-02  1.89253e-02
8.747430407e-01  1.8906386e-02  3.79241e-04  1.00000e+00  1.89060e-02  1.89248e-02
8.750346217e-01  1.8905764e-02  3.79261e-04  1.00000e+00  1.89054e-02  1.89243e-02
8.753262999e-01  1.8905049e-02  3.79281e-04  1.00000e+00  1.89047e-02  1.89236e-02
8.756180753e-01  1.8904261e-02  3.79300e-04  1.00000e+00  1.89039e-02  1.89229e-02
8.759099480e-01  1.8903437e-02  3.79320e-04  1.00000e+00  1.89031e-02  1.89222e-02
8.762019180e-01  1.8902635e-02  3.79340e-04  1.00000e+00  1.89024e-02  1.89215e-02
8.764939853e-01  1.8901917e-02  3.79359e-04  1.00000e+00  1.89017e-02  1.89208e-02
8.767861500e-01  1.8901341e-02  3.79378e-04  1.00000e+00  1.89011e-02  1.89203e-02
8.770784120e-01  1.8900946e-02  3.79397e-04  1.00000e+00  1.89008e-02  1.89200e-02
8.773707715e-01  1.8900733e-02  3.79416e-04  1.00000e+00  1.89006e-02  1.89199e-02
8.776632284e-01  1.8900671e-02  3.79434e-04  1.00000e+00  1.89006e-02  1.89199e-02
8.779557828e-01  1.8900689e-02  3.79452e-04  1.00000e+00  1.89006e-02  1.89200e-02
8.782484347e-01  1.8900700e-02  3.79470e-04  1.00000e+00  1.89007e-02  1.89201e-02
8.785411842e-01  1.8900612e-02  3.79488e-04  1.00000e+00  1.89007e-02  1.89201e-02
8.788340313e-01  1.8900351e-02  3.79505e-04  1.00000e+00  1.89005e-02  1.89200e-02
8.791269760e-01  1.8899871e-02  3.79521e-04  1.00000e+00  1.89001e-02  1.89196e-02
8.794200183e-01  1.8899160e-02  3.79537e-04  1.00000e+00  1.88995e-02  1.89191e-02
8.797131583e-01  1.8898233e-02  3.79552e-04  1.00000e+00  1.88987e-02  1.89183e-02
8.800063960e-01  1.8897127e-02  3.79566e-04  1.00000e+00  1.88977e-02  1.89174e-02
8.802997315e-01  1.8895888e-02  3.79579e-04  1.00000e+00  1.88966e-02  1.89163e-02
8.805931647e-01  1.8894568e-02  3.79592e-04  1.00000e+00  1.88954e-02  1.89152e-02
8.808866958e-01  1.8893219e-02  3.79603e-04  1.00000e+00  1.88942e-02  1.89140e-02
8.811803247e-01  1.8891894e-02  3.79614e-04  1.00000e+00  1.88929e-02  1.89128e-02
8.814740515e-01  1.8890641e-02  3.79625e-04  1.00000e+00  1.88916e-02  1.89116e-02
8.817678761e-01  1.8889504e-02  3.79636e-04  1.00000e+00  1.88905e-02  1.89105e-02
8.820617988e-01  1.8888513e-02  3.79647e-04  1.00000e+00  1.88894e-02  1.89094e-02
8.823558194e-01  1.8887682e-02  3.79659e-04  1.00000e+00  1.88884e-02  1.89085e-02
8.826499380e-01  1.8887003e-02  3.79673e-04  1.00000e+00  1.88876e-02  1.89077e-02
8.829441546e-01  1.8886451e-02  3.79687e-04  1.00000e+00  1.88869e-02  1.89071e-02
8.832384693e-01  1.8885989e-02  3.79703e-04  1.00000e+00  1.88863e-02  1.89065e-02
8.835328822e-01  1.8885576e-02  3.79719e-04  1.00000e+00  1.88858e-02  1.89061e-02
8.838273931e-01  1.8885178e-02  3.79736e-04  1.00000e+00  1.88854e-02  1.89057e-02
8.841220022e-01  1.8884777e-02  3.79752e-04  1.00000e+00  1.88851e-02  1.89055e-02
8.844167096e-01  1.8884383e-02  3.79768e-04  1.00000e+00  1.88849e-02  1.89053e-02
8.847115151e-01  1.8884030e-02  3.79781e-04  1.00000e+00  1.88848e-02  1.89052e-02
8.850064190e-01  1.8883777e-02  3.79794e-04  1.00000e+00  1.88847e-02  1.89052e-02
8.853014211e-01  1.8883693e-02  3.79805e-04  1.00000e+00  1.88848e-02  1.89053e-02
8.855965216e-01  1.8883844e-02  3.79815e-04  1.00000e+00  1.88850e-02  1.89055e-02
8.858917204e-01  1.8884277e-02  3.79825e-04  1.00000e+00  1.88854e-02  1.89059e-02
8.861870177e-01  1.8885018e-02  3.79836e-04  1.00000e+00  1.88860e-02  1.89066e-02
8.864824134e-01  1.8886066e-02  3.79847e-04  1.00000e+00  1.88869e-02  1.89074e-02
8.867779075e-01  1.8887410e-02  3.79861e-04  1.00000e+00  1.88880e-02  1.89086e-02
8.870735001e-01  1.8889038e-02  3.79876e-04  1.00000e+00  1.88893e-02  1.89100e-02
8.873691913e-01  1.8890945e-02  3.79894e-04  1.00000e+00  1.88910e-02  1.89116e-02
8.876649810e-01  1.8893138e-02  3.79913e-04  1.00000e+00  1.88929e-02  1.89136e-02
8.879608694e-01  1.8895643e-02  3.79934e-04  1.00000e+00  1.88952e-02  1.89159e-02
8.882568563e-01  1.8898505e-02  3.79956e-04  1.00000e+00  1.88980e-02  1.89186e-02
8.885529419e-01  1.8901798e-02  3.79979e-04  1.00000e+00  1.89012e-02  1.89218e-02
8.888491262e-01  1.8905624e-02  3.80001e-04  1.00000e+00  1.89051e-02  1.89257e-02
8.891454093e-01  1.8910110e-02  3.80023e-04  1.00000e+00  1.89098e-02  1.89304e-02
8.894417911e-01  1.8915370e-02  3.80042e-04  1.00000e+00  1.89154e-02  1.89359e-02
8.897382717e-01  1.8921456e-02  3.80059e-04  1.00000e+00  1.89220e-02  1.89424e-02
8.900348511e-01  1.8928293e-02  3.80070e-04  1.00000e+00  1.89295e-02  1.89498e-02
8.903315294e-01  1.8935602e-02  3.80076e-04  1.00000e+00  1.89377e-02  1.89579e-02
8.906283066e-01  1.8942870e-02  3.80074e-04  1.00000e+00  1.89461e-02  1.89661e-02
8.909251827e-01  1.8949362e-02  3.80063e-04  1.00000e+00  1.89540e-02  1.89739e-02
8.912221577e-01  1.8954186e-02  3.80040e-04  1.00000e+00  1.89606e-02  1.89803e-02
8.915192318e-01  1.8956391e-02  3.80004e-04  1.00000e+00  1.89648e-02  1.89843e-02
8.918164049e-01  1.8955100e-02  3.79952e-04  1.00000e+00  1.89657e-02  1.89851e-02
8.921136770e-01  1.8949596e-02  3.79885e-04  1.00000e+00  1.89626e-02  1.89819e-02
8.924110482e-01  1.8939374e-02  3.79798e-04  1.00000e+00  1.89551e-02  1.89744e-02
8.927085186e-01  1.8924137e-02  3.79692e-04  1.00000e+00  1.89429e-02  1.89622e-02
8.930060881e-01  1.8903735e-02  3.79562e-04  1.00000e+00  1.89260e-02  1.89453e-02
8.933037568e-01  1.8878128e-02  3.79404e-04  1.00000e+00  1.89045e-02  1.89240e-02
8.936015247e-01  1.8847359e-02  3.79213e-04  1.00000e+00  1.88786e-02  1.88982e-02
8.938993919e-01  1.8811567e-02  3.78984e-04  1.00000e+00  1.88484e-02  1.88680e-02
8.941973583e-01  1.8771043e-02  3.78712e-04  1.00000e+00  1.88140e-02  1.88337e-02
8.944954241e-01  1.8726301e-02  3.78393e-04  1.00000e+00  1.87756e-02  1.87954e-02
8.947935893e-01  1.8678088e-02  3.78027e-04  1.00000e+00  1.87335e-02  1.87534e-02
8.950918538e-01  1.8627333e-02  3.77617e-04  1.00000e+00  1.86882e-02  1.87082e-02
8.953902177e-01  1.8575010e-02  3.77169e-04  1.00000e+00  1.86405e-02  1.86605e-02
8.956886811e-01  1.8521942e-02  3.76690e-04  1.00000e+00  1.85909e-02  1.86109e-02
8.959872440e-01  1.8468571e-02  3.76188e-04  1.00000e+00  1.85400e-02  1.85600e-02
8.962859065e-01  1.8414856e-02  3.75669e-04  1.00000e+00  1.84883e-02  1.85082e-02
8.965846684e-01  1.8360295e-02  3.75134e-04  1.00000e+00  1.84356e-02  1.84555e-02
8.968835300e-01  1.8304235e-02  3.74585e-04  1.00000e+00  1.83816e-02  1.84014e-02
8.971824912e-01  1.8246380e-02  3.74019e-04  1.00000e+00  1.83258e-02  1.83456e-02
8.974815520e-01  1.8187364e-02  3.73439e-04  1.00000e+00  1.82682e-02  1.82880e-02
8.977807125e-01  1.8129168e-02  3.72853e-04  1.00000e+00  1.82096e-02  1.82293e-02
8.980799727e-01  1.8075092e-02  3.72281e-04  1.00000e+00  1.81517e-02  1.81714e-02
8.983793327e-01  1.8029201e-02  3.71752e-04  1.00000e+00  1.80976e-02  1.81173e-02
8.986787925e-01  1.7995344e-02  3.71303e-04  1.00000e+00  1.80506e-02  1.80703e-02
8.989783521e-01  1.7976057e-02  3.70968e-04  1.00000e+00  1.80143e-02  1.80340e-02
8.992780116e-01  1.7971791e-02  3.70769e-04  1.00000e+00  1.79910e-02  1.80108e-02
8.995777709e-01  1.7980774e-02  3.70715e-04  1.00000e+00  1.79813e-02  1.80012e-02
8.998776302e-01  1.7999593e-02  3.70792e-04  1.00000e+00  1.79843e-02  1.80043e-02
9.001775894e-01  1.8024283e-02  3.70974e-04  1.00000e+00  1.79973e-02  1.80174e-02
9.004776486e-01  1.8051541e-02  3.71227e-04  1.00000e+00  1.80172e-02  1.80375e-02
9.007778078e-01  1.8079638e-02  3.71522e-04  1.00000e+00  1.80413e-02  1.80616e-02
9.010780670e-01  1.8108731e-02  3.71842e-04  1.00000e+00  1.80677e-02  1.80882e-02
9.013784264e-01  1.8140536e-02  3.72182e-04  1.00000e+00  1.80963e-02  1.81169e-02
9.016788859e-01  1.8177478e-02  3.72553e-04  1.00000e+00  1.81279e-02  1.81487e-02
9.019794455e-01  1.8221616e-02  3.72973e-04  1.00000e+00  1.81644e-02  1.81853e-02
9.022801053e-01  1.8273677e-02  3.73456e-04  1.00000e+00  1.82072e-02  1.82283e-02
9.025808654e-01  1.8332508e-02  3.74008e-04  1.00000e+00  1.82569e-02  1.82782e-02
9.028817256e-01  1.8395023e-02  3.74620e-04  1.00000e+00  1.83127e-02  1.83341e-02
9.031826862e-01  1.8456718e-02  3.75266e-04  1.00000e+00  1.83721e-02  1.83937e-02
9.034837471e-01  1.8512476e-02  3.75909e-04  1.00000e+00  1.84313e-02  1.84530e-02
9.037849084e-01  1.8557483e-02  3.76502e-04  1.00000e+00  1.84860e-02  1.85078e-02
9.040861700e-01  1.8587955e-02  3.77002e-04  1.00000e+00  1.85317e-02  1.85537e-02
9.043875321e-01  1.8601574e-02  3.77372e-04  1.00000e+00  1.85649e-02  1.85871e-02
9.046889946e-01  1.8597601e-02  3.77586e-04  1.00000e+00  1.85831e-02  1.86053e-02
9.049905576e-01  1.8576773e-02  3.77633e-04  1.00000e+00  1.85850e-02  1.86073e-02
9.052922211e-01  1.8541098e-02  3.77515e-04  1.00000e+00  1.85708e-02  1.85931e-02
9.055939852e-01  1.8493630e-02  3.77247e-04  1.00000e+00  1.85421e-02  1.85644e-02
9.058958498e-01  1.8438230e-02  3.76855e-04  1.00000e+00  1.85012e-02  1.85235e-02
9.061978151e-01  1.8379279e-02  3.76373e-04  1.00000e+00  1.84516e-02  1.84738e-02
9.064998810e-01  1.8321304e-02  3.75841e-04  1.00000e+00  1.83972e-02  1.84195e-02
9.068020477e-01  1.8268524e-02  3.75302e-04  1.00000e+00  1.83423e-02  1.83645e-02
9.071043150e-01  1.8224372e-02  3.74798e-04  1.00000e+00  1.82909e-02  1.83131e-02
9.074066831e-01  1.8191154e-02  3.74362e-04  1.00000e+00  1.82464e-02  1.82686e-02
9.077091520e-01  1.8169844e-02  3.74021e-04  1.00000e+00  1.82112e-02  1.82334e-02
9.080117217e-01  1.8160166e-02  3.73788e-04  1.00000e+00  1.81867e-02  1.82089e-02
9.083143923e-01  1.8160830e-02  3.73664e-04  1.00000e+00  1.81730e-02  1.81952e-02
9.086171638e-01  1.8169915e-02  3.73642e-04  1.00000e+00  1.81694e-02  1.81916e-02
9.089200362e-01  1.8185244e-02  3.73706e-04  1.00000e+00  1.81744e-02  1.81967e-02
9.092230095e-01  1.8204674e-02  3.73838e-04  1.00000e+00  1.81862e-02  1.82085e-02
9.095260838e-01  1.8226226e-02  3.74017e-04  1.00000e+00  1.82028e-02  1.82251e-02
9.098292592e-01  1.8248070e-02  3.74224e-04  1.00000e+00  1.82224e-02  1.82447e-02
9.101325356e-01  1.8268437e-02  3.74437e-04  1.00000e+00  1.82431e-02  1.82654e-02
9.104359131e-01  1.8285548e-02  3.74639e-04  1.00000e+00  1.82631e-02  1.82855e-02
9.107393918e-01  1.8297706e-02  3.74810e-04  1.00000e+00  1.82806e-02  1.83030e-02
9.110429716e-01  1.8303564e-02  3.74932e-04  1.00000e+00  1.82941e-02  1.83164e-02
9.113466526e-01  1.8302525e-02  3.74992e-04  1.00000e+00  1.83020e-02  1.83243e-02
9.116504348e-01  1.8295106e-02  3.74984e-04  1.00000e+00  1.83037e-02  1.83260e-02
9.119543183e-01  1.8283095e-02  3.74912e-04  1.00000e+00  1.82995e-02  1.83217e-02
9.122583030e-01  1.8269316e-02  3.74791e-04  1.00000e+00  1.82905e-02  1.83127e-02
9.125623891e-01  1.8257014e-02  3.74649e-04  1.00000e+00  1.82791e-02  1.83012e-02
9.128665766e-01  1.8249017e-02  3.74515e-04  1.00000e+00  1.82680e-02  1.82900e-02
9.131708654e-01  1.8246936e-02  3.74417e-04  1.00000e+00  1.82596e-02  1.82816e-02
9.134752557e-01  1.8250749e-02  3.74371e-04  1.00000e+00  1.82558e-02  1.82777e-02
9.137797475e-01  1.8258947e-02  3.74382e-04  1.00000e+00  1.82569e-02  1.82788e-02
9.140843407e-01  1.8269230e-02  3.74439e-04  1.00000e+00  1.82622e-02  1.82841e-02
9.143890355e-01  1.8279435e-02  3.74524e-04  1.00000e+00  1.82701e-02  1.82921e-02
9.146938319e-01  1.8288316e-02  3.74616e-04  1.00000e+00  1.82790e-02  1.83010e-02
9.149987298e-01  1.8295833e-02  3.74704e-04  1.00000e+00  1.82877e-02  1.83096e-02
9.153037294e-01  1.8302872e-02  3.74783e-04  1.00000e+00  1.82957e-02  1.83177e-02
9.156088306e-01  1.8310638e-02  3.74858e-04  1.00000e+00  1.83035e-02  1.83254e-02
9.159140336e-01  1.8320098e-02  3.74938e-04  1.00000e+00  1.83117e-02  1.83337e-02
9.162193382e-01  1.8331779e-02  3.75030e-04  1.00000e+00  1.83211e-02  1.83430e-02
9.165247447e-01  1.8345968e-02  3.75143e-04  1.00000e+00  1.83321e-02  1.83541e-02
9.168302529e-01  1.8363095e-02  3.75283e-04  1.00000e+00  1.83453e-02  1.83673e-02
9.171358630e-01  1.8383954e-02  3.75454e-04  1.00000e+00  1.83613e-02  1.83833e-02
9.174415750e-01  1.8409556e-02  3.75667e-04  1.00000e+00  1.83807e-02  1.84029e-02
9.177473888e-01  1.8440658e-02  3.75929e-04  1.00000e+00  1.84046e-02  1.84268e-02
9.180533046e-01  1.8477210e-02  3.76247e-04  1.00000e+00  1.84335e-02  1.84558e-02
9.183593224e-01  1.8518043e-02  3.76620e-04  1.00000e+00  1.84675e-02  1.84898e-02
9.186654422e-01  1.8560951e-02  3.77037e-04  1.00000e+00  1.85054e-02  1.85279e-02
9.189716640e-01  1.8603156e-02  3.77480e-04  1.00000e+00  1.85457e-02  1.85683e-02
9.192779879e-01  1.8641920e-02  3.77925e-04  1.00000e+00  1.85858e-02  1.86086e-02
9.195844139e-01  1.8675111e-02  3.78348e-04  1.00000e+00  1.86236e-02  1.86465e-02
9.198909420e-01  1.8701526e-02  3.78728e-04  1.00000e+00  1.86569e-02  1.86800e-02
9.201975723e-01  1.8720962e-02  3.79051e-04  1.00000e+00  1.86846e-02  1.87078e-02
9.205043049e-01  1.8734082e-02  3.79312e-04  1.00000e+00  1.87062e-02  1.87295e-02
9.208111396e-01  1.8742134e-02  3.79513e-04  1.00000e+00  1.87220e-02  1.87454e-02
9.211180767e-01  1.8746622e-02  3.79661e-04  1.00000e+00  1.87330e-02  1.87565e-02
9.214251160e-01  1.8748974e-02  3.79766e-04  1.00000e+00  1.87403e-02  1.87639e-02
9.217322577e-01  1.8750282e-02  3.79840e-04  1.00000e+00  1.87452e-02  1.87688e-02
9.220395018e-01  1.8751165e-02  3.79892e-04  1.00000e+00  1.87487e-02  1.87724e-02
9.223468483e-01  1.8751815e-02  3.79926e-04  1.00000e+00  1.87515e-02  1.87751e-02
9.226542973e-01  1.8752167e-02  3.79945e-04  1.00000e+00  1.87537e-02  1.87773e-02
9.229618487e-01  1.8752180e-02  3.79950e-04  1.00000e+00  1.87555e-02  1.87791e-02
9.232695027e-01  1.8752043e-02  3.79944e-04  1.00000e+00  1.87568e-02  1.87803e-02
9.235772592e-01  1.8752262e-02  3.79928e-04  1.00000e+00  1.87579e-02  1.87813e-02
9.238851182e-01  1.8753558e-02  3.79909e-04  1.00000e+00  1.87593e-02  1.87826e-02
9.241930799e-01  1.8756593e-02  3.79893e-04  1.00000e+00  1.87615e-02  1.87847e-02
9.245011443e-01  1.8761650e-02  3.79884e-04  1.00000e+00  1.87654e-02  1.87885e-02
9.248093114e-01  1.8768316e-02  3.79882e-04  1.00000e+00  1.87712e-02  1.87941e-02
9.251175811e-01  1.8775335e-02  3.79883e-04  1.00000e+00  1.87788e-02  1.88015e-02
9.254259536e-01  1.8780642e-02  3.79871e-04  1.00000e+00  1.87870e-02  1.88094e-02
9.257344290e-01  1.8781564e-02  3.79827e-04  1.00000e+00  1.87940e-02  1.88161e-02
9.260430071e-01  1.8775234e-02  3.79726e-04  1.00000e+00  1.87973e-02  1.88191e-02
9.263516881e-01  1.8758969e-02  3.79541e-04  1.00000e+00  1.87940e-02  1.88154e-02
9.266604720e-01  1.8730634e-02  3.79250e-04  1.00000e+00  1.87813e-02  1.88022e-02
9.269693588e-01  1.8688799e-02  3.78838e-04  1.00000e+00  1.87567e-02  1.87772e-02
9.272783486e-01  1.8632605e-02  3.78296e-04  1.00000e+00  1.87184e-02  1.87385e-02
9.275874414e-01  1.8561439e-02  3.77621e-04  1.00000e+00  1.86652e-02  1.86848e-02
9.278966372e-01  1.8474468e-02  3.76813e-04  1.00000e+00  1.85961e-02  1.86153e-02
9.282059361e-01  1.8370285e-02  3.75869e-04  1.00000e+00  1.85104e-02  1.85293e-02
9.285153381e-01  1.8246827e-02  3.74782e-04  1.00000e+00  1.84070e-02  1.84257e-02
9.288248432e-01  1.8101737e-02  3.73533e-04  1.00000e+00  1.82846e-02  1.83031e-02
9.291344515e-01  1.7932952e-02  3.72100e-04  1.00000e+00  1.81415e-02  1.81599e-02
9.294441630e-01  1.7739536e-02  3.70459e-04  1.00000e+00  1.79763e-02  1.79946e-02
9.297539777e-01  1.7522424e-02  3.68592e-04  1.00000e+00  1.77885e-02  1.78067e-02
9.300638957e-01  1.7284798e-02  3.66496e-04  1.00000e+00  1.75790e-02  1.75971e-02
9.303739170e-01  1.7031983e-02  3.64185e-04  1.00000e+00  1.73503e-02  1.73683e-02
9.306840416e-01  1.6770874e-02  3.61696e-04  1.00000e+00  1.71069e-02  1.71247e-02
9.309942696e-01  1.6508962e-02  3.59083e-04  1.00000e+00  1.68545e-02  1.68721e-02
9.313046010e-01  1.6253218e-02  3.56408e-04  1.00000e+00  1.65995e-02  1.66169e-02
9.316150359e-01  1.6009185e-02  3.53739e-04  1.00000e+00  1.63480e-02  1.63651e-02
9.319255743e-01  1.5780563e-02  3.51135e-04  1.00000e+00  1.61053e-02  1.61222e-02
9.322362161e-01  1.5569517e-02  3.48644e-04  1.00000e+00  1.58753e-02  1.58918e-02
9.325469615e-01  1.5377528e-02  3.46302e-04  1.00000e+00  1.56607e-02  1.56769e-02
9.328578105e-01  1.5206411e-02  3.44141e-04  1.00000e+00  1.54635e-02  1.54795e-02
9.331687631e-01  1.5059031e-02  3.42192e-04  1.00000e+00  1.52863e-02  1.53021e-02
9.334798194e-01  1.4939251e-02  3.40494e-04  1.00000e+00  1.51319e-02  1.51475e-02
9.337909793e-01  1.4851089e-02  3.39093e-04  1.00000e+00  1.50040e-02  1.50195e-02
9.341022430e-01  1.4797418e-02  3.38032e-04  1.00000e+00  1.49063e-02  1.49218e-02
9.344136104e-01  1.4778758e-02  3.37342e-04  1.00000e+00  1.48414e-02  1.48569e-02
9.347250816e-01  1.4792716e-02  3.37031e-04  1.00000e+00  1.48101e-02  1.48256e-02
9.350366566e-01  1.4834331e-02  3.37080e-04  1.00000e+00  1.48107e-02  1.48263e-02
9.353483355e-01  1.4897252e-02  3.37441e-04  1.00000e+00  1.48392e-02  1.48549e-02
9.356601183e-01  1.4975308e-02  3.38055e-04  1.00000e+00  1.48905e-02  1.49063e-02
9.359720050e-01  1.5064136e-02  3.38860e-04  1.00000e+00  1.49593e-02  1.49752e-02
9.362839956e-01  1.5162324e-02  3.39809e-04  1.00000e+00  1.50414e-02  1.50575e-02
9.365960903e-01  1.5271804e-02  3.40882e-04  1.00000e+00  1.51353e-02  1.51515e-02
9.369082890e-01  1.5397267e-02  3.42090e-04  1.00000e+00  1.52418e-02  1.52581e-02
9.372205918e-01  1.5544559e-02  3.43470e-04  1.00000e+00  1.53643e-02  1.53808e-02
9.375329986e-01  1.5718303e-02  3.45069e-04  1.00000e+00  1.55072e-02  1.55239e-02
9.378455096e-01  1.5919410e-02  3.46924e-04  1.00000e+00  1.56741e-02  1.56910e-02
9.381581248e-01  1.6143241e-02  3.49039e-04  1.00000e+00  1.58656e-02  1.58827e-02
9.384708442e-01  1.6379148e-02  3.51371e-04  1.00000e+00  1.60778e-02  1.60952e-02
9.387836678e-01  1.6611670e-02  3.53819e-04  1.00000e+00  1.63019e-02  1.63197e-02
9.390965957e-01  1.6823194e-02  3.56242e-04  1.00000e+00  1.65251e-02  1.65431e-02
9.394096279e-01  1.6997253e-02  3.58479e-04  1.00000e+00  1.67320e-02  1.67503e-02
9.397227644e-01  1.7121461e-02  3.60375e-04  1.00000e+00  1.69078e-02  1.69264e-02
9.400360053e-01  1.7189208e-02  3.61810e-04  1.00000e+00  1.70408e-02  1.70596e-02
9.403493507e-01  1.7199956e-02  3.62710e-04  1.00000e+00  1.71234e-02  1.71423e-02
9.406628005e-01  1.7158203e-02  3.63054e-04  1.00000e+00  1.71532e-02  1.71722e-02
9.409763547e-01  1.7071948e-02  3.62868e-04  1.00000e+00  1.71325e-02  1.71516e-02
9.412900135e-01  1.6951211e-02  3.62214e-04  1.00000e+00  1.70673e-02  1.70863e-02
9.416037769e-01  1.6807004e-02  3.61179e-04  1.00000e+00  1.69657e-02  1.69847e-02
9.419176448e-01  1.6650743e-02  3.59863e-04  1.00000e+00  1.68378e-02  1.68567e-02
9.422316173e-01  1.6493886e-02  3.58379e-04  1.00000e+00  1.66943e-02  1.67131e-02
9.425456945e-01  1.6347453e-02  3.56841e-04  1.00000e+00  1.65462e-02  1.65649e-02
9.428598764e-01  1.6221229e-02  3.55363e-04  1.00000e+00  1.64044e-02  1.64230e-02
9.431741631e-01  1.6122805e-02  3.54050e-04  1.00000e+00  1.62783e-02  1.62969e-02
9.434885544e-01  1.6056679e-02  3.52985e-04  1.00000e+00  1.61759e-02  1.61944e-02
9.438030506e-01  1.6023716e-02  3.52224e-04  1.00000e+00  1.61020e-02  1.61206e-02
9.441176516e-01  1.6021239e-02  3.51789e-04  1.00000e+00  1.60585e-02  1.60770e-02
9.444323575e-01  1.6043869e-02  3.51667e-04  1.00000e+00  1.60439e-02  1.60625e-02
9.447471683e-01  1.6084839e-02  3.51814e-04  1.00000e+00  1.60543e-02  1.60731e-02
9.450620840e-01  1.6137488e-02  3.52173e-04  1.00000e+00  1.60844e-02  1.61032e-02
9.453771047e-01  1.6196336e-02  3.52680e-04  1.00000e+00  1.61282e-02  1.61472e-02
9.456922304e-01  1.6257425e-02  3.53278e-04  1.00000e+00  1.61808e-02  1.61999e-02
9.460074612e-01  1.6317980e-02  3.53924e-04  1.00000e+00  1.62378e-02  1.62570e-02
9.463227970e-01  1.6375664e-02  3.54579e-04  1.00000e+00  1.62961e-02  1.63154e-02
9.466382379e-01  1.6427983e-02  3.55215e-04  1.00000e+00  1.63527e-02  1.63722e-02
9.469537840e-01  1.6472188e-02  3.55801e-04  1.00000e+00  1.64050e-02  1.64246e-02
9.472694353e-01  1.6505709e-02  3.56310e-04  1.00000e+00  1.64503e-02  1.64699e-02
9.475851917e-01  1.6526895e-02  3.56715e-04  1.00000e+00  1.64860e-02  1.65057e-02
9.479010535e-01  1.6535773e-02  3.57000e-04  1.00000e+00  1.65106e-02  1.65304e-02
9.482170205e-01  1.6534505e-02  3.57165e-04  1.00000e+00  1.65239e-02  1.65438e-02
9.485330928e-01  1.6527410e-02  3.57229e-04  1.00000e+00  1.65278e-02  1.65477e-02
9.488492705e-01  1.6520350e-02  3.57229e-04  1.00000e+00  1.65256e-02  1.65456e-02
9.491655536e-01  1.6519503e-02  3.57218e-04  1.00000e+00  1.65223e-02  1.65423e-02
9.494819421e-01  1.6529703e-02  3.57253e-04  1.00000e+00  1.65232e-02  1.65432e-02
9.497984361e-01  1.6552860e-02  3.57381e-04  1.00000e+00  1.65325e-02  1.65526e-02
9.501150356e-01  1.6587186e-02  3.57622e-04  1.00000e+00  1.65522e-02  1.65723e-02
9.504317406e-01  1.6627796e-02  3.57967e-04  1.00000e+00  1.65813e-02  1.66016e-02
9.507485512e-01  1.6668673e-02  3.58379e-04  1.00000e+00  1.66166e-02  1.66369e-02
9.510654674e-01  1.6705113e-02  3.58812e-04  1.00000e+00  1.66535e-02  1.66739e-02
9.513824892e-01  1.6735595e-02  3.59224e-04  1.00000e+00  1.66883e-02  1.67088e-02
9.516996167e-01  1.6762030e-02  3.59599e-04  1.00000e+00  1.67194e-02  1.67401e-02
9.520168499e-01  1.6788350e-02  3.59946e-04  1.00000e+00  1.67477e-02  1.67686e-02
9.523341889e-01  1.6818211e-02  3.60291e-04  1.00000e+00  1.67759e-02  1.67969e-02
9.526516336e-01  1.6852985e-02  3.60660e-04  1.00000e+00  1.68065e-02  1.68276e-02
9.529691841e-01  1.6891123e-02  3.61062e-04  1.00000e+00  1.68405e-02  1.68617e-02
9.532868405e-01  1.6929038e-02  3.61486e-04  1.00000e+00  1.68772e-02  1.68985e-02
9.536046028e-01  1.6962891e-02  3.61904e-04  1.00000e+00  1.69139e-02  1.69353e-02
9.539224710e-01  1.6990383e-02  3.62285e-04  1.00000e+00  1.69479e-02  1.69694e-02
9.542404452e-01  1.7011720e-02  3.62609e-04  1.00000e+00  1.69771e-02  1.69987e-02
9.545585253e-01  1.7029511e-02  3.62875e-04  1.00000e+00  1.70015e-02  1.70231e-02
9.548767115e-01  1.7047823e-02  3.63102e-04  1.00000e+00  1.70228e-02  1.70444e-02
9.551950037e-01  1.7070858e-02  3.63325e-04  1.00000e+00  1.70439e-02  1.70655e-02
9.555134021e-01  1.7101683e-02  3.63580e-04  1.00000e+00  1.70681e-02  1.70898e-02
9.558319065e-01  1.7141310e-02  3.63897e-04  1.00000e+00  1.70983e-02  1.71199e-02
9.561505172e-01  1.7188294e-02  3.64291e-04  1.00000e+00  1.71353e-02  1.71570e-02
9.564692340e-01  1.7238964e-02  3.64752e-04  1.00000e+00  1.71786e-02  1.72002e-02
9.567880571e-01  1.7288337e-02  3.65254e-04  1.00000e+00  1.72253e-02  1.72470e-02
9.571069864e-01  1.7331555e-02  3.65754e-04  1.00000e+00  1.72715e-02  1.72933e-02
9.574260221e-01  1.7365491e-02  3.66211e-04  1.00000e+00  1.73135e-02  1.73353e-02
9.577451641e-01  1.7389949e-02  3.66595e-04  1.00000e+00  1.73484e-02  1.73702e-02
9.580644125e-01  1.7407955e-02  3.66902e-04  1.00000e+00  1.73757e-02  1.73977e-02
9.583837673e-01  1.7424903e-02  3.67152e-04  1.00000e+00  1.73977e-02  1.74197e-02
9.587032285e-01  1.7446859e-02  3.67387e-04  1.00000e+00  1.74182e-02  1.74403e-02
9.590227963e-01  1.7478547e-02  3.67657e-04  1.00000e+00  1.74422e-02  1.74642e-02
9.593424706e-01  1.7521835e-02  3.68002e-04  1.00000e+00  1.74734e-02  1.74955e-02
9.596622514e-01  1.7575208e-02  3.68445e-04  1.00000e+00  1.75138e-02  1.75360e-02
9.599821388e-01  1.7634398e-02  3.68977e-04  1.00000e+00  1.75627e-02  1.75850e-02
9.603021328e-01  1.7693848e-02  3.69568e-04  1.00000e+00  1.76169e-02  1.76394e-02
9.606222335e-01  1.7748430e-02  3.70176e-04  1.00000e+00  1.76724e-02  1.76949e-02
9.609424410e-01  1.7794823e-02  3.70757e-04  1.00000e+00  1.77248e-02  1.77475e-02
9.612627551e-01  1.7832122e-02  3.71280e-04  1.00000e+00  1.77711e-02  1.77940e-02
9.615831760e-01  1.7861584e-02  3.71731e-04  1.00000e+00  1.78102e-02  1.78332e-02
9.619037038e-01  1.7885761e-02  3.72113e-04  1.00000e+00  1.78425e-02  1.78657e-02
9.622243383e-01  1.7907481e-02  3.72443e-04  1.00000e+00  1.78699e-02  1.78932e-02
9.625450798e-01  1.7929045e-02  3.72741e-04  1.00000e+00  1.78944e-02  1.79178e-02
9.628659281e-01  1.7951930e-02  3.73025e-04  1.00000e+00  1.79181e-02  1.79416e-02
9.631868834e-01  1.7976918e-02  3.73308e-04  1.00000e+00  1.79422e-02  1.79658e-02
9.635079457e-01  1.8004435e-02  3.73602e-04  1.00000e+00  1.79679e-02  1.79916e-02
9.638291150e-01  1.8034810e-02  3.73913e-04  1.00000e+00  1.79956e-02  1.80193e-02
9.641503914e-01  1.8068352e-02  3.74245e-04  1.00000e+00  1.80257e-02  1.80495e-02
9.644717749e-01  1.8105273e-02  3.74606e-04  1.00000e+00  1.80587e-02  1.80825e-02
9.647932655e-01  1.8145654e-02  3.74996e-04  1.00000e+00  1.80947e-02  1.81186e-02
9.651148632e-01  1.8189521e-02  3.75420e-04  1.00000e+00  1.81340e-02  1.81579e-02
9.654365682e-01  1.8237013e-02  3.75877e-04  1.00000e+00  1.81767e-02  1.82007e-02
9.657583804e-01  1.8288468e-02  3.76371e-04  1.00000e+00  1.82231e-02  1.82471e-02
9.660802998e-01  1.8344301e-02  3.76904e-04  1.00000e+00  1.82733e-02  1.82974e-02
9.664023266e-01  1.8404663e-02  3.77479e-04  1.00000e+00  1.83276e-02  1.83518e-02
9.667244607e-01  1.8469036e-02  3.78097e-04  1.00000e+00  1.83862e-02  1.84105e-02
9.670467022e-01  1.8535987e-02  3.78754e-04  1.00000e+00  1.84485e-02  1.84729e-02
9.673690511e-01  1.8603222e-02  3.79437e-04  1.00000e+00  1.85132e-02  1.85377e-02
9.676915074e-01  1.8667952e-02  3.80127e-04  1.00000e+00  1.85785e-02  1.86031e-02
9.680140713e-01  1.8727401e-02  3.80800e-04  1.00000e+00  1.86420e-02  1.86668e-02
9.683367426e-01  1.8779302e-02  3.81429e-04  1.00000e+00  1.87013e-02  1.87262e-02
9.686595216e-01  1.8822192e-02  3.81994e-04  1.00000e+00  1.87543e-02  1.87793e-02
9.689824081e-01  1.8855490e-02  3.82478e-04  1.00000e+00  1.87994e-02  1.88245e-02
9.693054022e-01  1.8879352e-02  3.82873e-04  1.00000e+00  1.88358e-02  1.88610e-02
9.696285040e-01  1.8894409e-02  3.83176e-04  1.00000e+00  1.88633e-02  1.88886e-02
9.699517135e-01  1.8901484e-02  3.83389e-04  1.00000e+00  1.88824e-02  1.89077e-02
9.702750307e-01  1.8901361e-02  3.83518e-04  1.00000e+00  1.88934e-02  1.89188e-02
9.705984557e-01  1.8894657e-02  3.83569e-04  1.00000e+00  1.88971e-02  1.89224e-02
9.709219886e-01  1.8881821e-02  3.83547e-04  1.00000e+00  1.88939e-02  1.89192e-02
9.712456292e-01  1.8863222e-02  3.83458e-04  1.00000e+00  1.88842e-02  1.89094e-02
9.715693778e-01  1.8839296e-02  3.83307e-04  1.00000e+00  1.88684e-02  1.88935e-02
9.718932342e-01  1.8810706e-02  3.83100e-04  1.00000e+00  1.88468e-02  1.88719e-02
9.722171986e-01  1.8778468e-02  3.82847e-04  1.00000e+00  1.88202e-02  1.88453e-02
9.725412710e-01  1.8744022e-02  3.82559e-04  1.00000e+00  1.87896e-02  1.88147e-02
9.728654515e-01  1.8709203e-02  3.82250e-04  1.00000e+00  1.87564e-02  1.87814e-02
9.731897399e-01  1.8676116e-02  3.81939e-04  1.00000e+00  1.87224e-02  1.87474e-02
9.735141365e-01  1.8646921e-02  3.81643e-04  1.00000e+00  1.86896e-02  1.87146e-02
9.738386412e-01  1.8623587e-02  3.81383e-04  1.00000e+00  1.86600e-02  1.86851e-02
9.741632541e-01  1.8607698e-02  3.81177e-04  1.00000e+00  1.86357e-02  1.86608e-02
9.744879752e-01  1.8600340e-02  3.81038e-04  1.00000e+00  1.86181e-02  1.86433e-02
9.748128045e-01  1.8602044e-02  3.80980e-04  1.00000e+00  1.86084e-02  1.86336e-02
9.751377421e-01  1.8612754e-02  3.81006e-04  1.00000e+00  1.86073e-02  1.86326e-02
9.754627880e-01  1.8631747e-02  3.81119e-04  1.00000e+00  1.86147e-02  1.86401e-02
9.757879423e-01  1.8657546e-02  3.81312e-04  1.00000e+00  1.86301e-02  1.86556e-02
9.761132050e-01  1.8687910e-02  3.81575e-04  1.00000e+00  1.86523e-02  1.86779e-02
9.764385760e-01  1.8720025e-02  3.81886e-04  1.00000e+00  1.86794e-02  1.87050e-02
9.767640555e-01  1.8750931e-02  3.82221e-04  1.00000e+00  1.87088e-02  1.87346e-02
9.770896436e-01  1.8778111e-02  3.82555e-04  1.00000e+00  1.87380e-02  1.87639e-02
9.774153401e-01  1.8800058e-02  3.82862e-04  1.00000e+00  1.87648e-02  1.87908e-02
9.777411452e-01  1.8816614e-02  3.83129e-04  1.00000e+00  1.87876e-02  1.88136e-02
9.780670589e-01  1.8828966e-02  3.83350e-04  1.00000e+00  1.88059e-02  1.88321e-02
9.783930813e-01  1.8839295e-02  3.83532e-04  1.00000e+00  1.88206e-02  1.88468e-02
9.787192123e-01  1.8850188e-02  3.83693e-04  1.00000e+00  1.88331e-02  1.88594e-02
9.790454521e-01  1.8863997e-02  3.83851e-04  1.00000e+00  1.88457e-02  1.88720e-02
9.793718005e-01  1.8882291e-02  3.84028e-04  1.00000e+00  1.88602e-02  1.88866e-02
9.796982578e-01  1.8905523e-02  3.84238e-04  1.00000e+00  1.88782e-02  1.89047e-02
9.800248239e-01  1.8932974e-02  3.84487e-04  1.00000e+00  1.89001e-02  1.89267e-02
9.803514988e-01  1.8962977e-02  3.84774e-04  1.00000e+00  1.89258e-02  1.89524e-02
9.806782827e-01  1.8993369e-02  3.85084e-04  1.00000e+00  1.89538e-02  1.89805e-02
9.810051754e-01  1.9022036e-02  3.85404e-04  1.00000e+00  1.89826e-02  1.90094e-02
9.813321772e-01  1.9047404e-02  3.85714e-04  1.00000e+00  1.90103e-02  1.90372e-02
9.816592879e-01  1.9068736e-02  3.86001e-04  1.00000e+00  1.90355e-02  1.90625e-02
9.819865076e-01  1.9086141e-02  3.86258e-04  1.00000e+00  1.90574e-02  1.90845e-02
9.823138365e-01  1.9100350e-02  3.86482e-04  1.00000e+00  1.90759e-02  1.91031e-02
9.826412744e-01  1.9112356e-02  3.86678e-04  1.00000e+00  1.90914e-02  1.91187e-02
9.829688215e-01  1.9123079e-02  3.86853e-04  1.00000e+00  1.91045e-02  1.91319e-02
9.832964778e-01  1.9133167e-02  3.87014e-04  1.00000e+00  1.91160e-02  1.91435e-02
9.836242433e-01  1.9142952e-02  3.87168e-04  1.00000e+00  1.91264e-02  1.91541e-02
9.839521180e-01  1.9152528e-02  3.87319e-04  1.00000e+00  1.91363e-02  1.91641e-02
9.842801021e-01  1.9161867e-02  3.87468e-04  1.00000e+00  1.91458e-02  1.91737e-02
9.846081954e-01  1.9170887e-02  3.87616e-04  1.00000e+00  1.91549e-02  1.91830e-02
9.849363982e-01  1.9179478e-02  3.87764e-04  1.00000e+00  1.91638e-02  1.91920e-02
9.852647103e-01  1.9187489e-02  3.87908e-04  1.00000e+00  1.91722e-02  1.92007e-02
9.855931319e-01  1.9194736e-02  3.88049e-04  1.00000e+00  1.91802e-02  1.92088e-02
9.859216629e-01  1.9201026e-02  3.88183e-04  1.00000e+00  1.91876e-02  1.92164e-02
9.862503035e-01  1.9206228e-02  3.88308e-04  1.00000e+00  1.91941e-02  1.92231e-02
9.865790536e-01  1.9210308e-02  3.88423e-04  1.00000e+00  1.91997e-02  1.92288e-02
9.869079133e-01  1.9213339e-02  3.88528e-04  1.00000e+00  1.92042e-02  1.92335e-02
9.872368826e-01  1.9215465e-02  3.88622e-04  1.00000e+00  1.92077e-02  1.92372e-02
9.875659615e-01  1.9216847e-02  3.88706e-04  1.00000e+00  1.92103e-02  1.92399e-02
9.878951502e-01  1.9217617e-02  3.88783e-04  1.00000e+00  1.92121e-02  1.92419e-02
9.882244486e-01  1.9217870e-02  3.88853e-04  1.00000e+00  1.92133e-02  1.92432e-02
9.885538567e-01  1.9217688e-02  3.88917e-04  1.00000e+00  1.92139e-02  1.92439e-02
9.888833747e-01  1.9217170e-02  3.88975e-04  1.00000e+00  1.92141e-02  1.92443e-02
9.892130025e-01  1.9216445e-02  3.89029e-04  1.00000e+00  1.92140e-02  1.92443e-02
9.895427401e-01  1.9215667e-02  3.89079e-04  1.00000e+00  1.92136e-02  1.92441e-02
9.898725877e-01  1.9214978e-02  3.89126e-04  1.00000e+00  1.92132e-02  1.92438e-02
9.902025452e-01  1.9214481e-02  3.89172e-04  1.00000e+00  1.92129e-02  1.92436e-02
9.905326127e-01  1.9214231e-02  3.89216e-04  1.00000e+00  1.92127e-02  1.92435e-02
9.908627903e-01  1.9214249e-02  3.89261e-04  1.00000e+00  1.92127e-02  1.92436e-02
9.911930779e-01  1.9214554e-02  3.89306e-04  1.00000e+00  1.92130e-02  1.92440e-02
9.915234756e-01  1.9215186e-02  3.89351e-04  1.00000e+00  1.92136e-02  1.92447e-02
9.918539834e-01  1.9216207e-02  3.89397e-04  1.00000e+00  1.92145e-02  1.92456e-02
9.921846014e-01  1.9217665e-02  3.89443e-04  1.00000e+00  1.92158e-02  1.92470e-02
9.925153296e-01  1.9219561e-02  3.89491e-04  1.00000e+00  1.92174e-02  1.92487e-02
9.928461680e-01  1.9221808e-02  3.89541e-04  1.00000e+00  1.92194e-02  1.92507e-02
9.931771168e-01  1.9224234e-02  3.89593e-04  1.00000e+00  1.92216e-02  1.92530e-02
9.935081758e-01  1.9226610e-02  3.89646e-04  1.00000e+00  1.92238e-02  1.92552e-02
9.938393452e-01  1.9228706e-02  3.89701e-04  1.00000e+00  1.92258e-02  1.92573e-02
9.941706250e-01  1.9230343e-02  3.89755e-04  1.00000e+00  1.92275e-02  1.92591e-02
9.945020152e-01  1.9231420e-02  3.89809e-04  1.00000e+00  1.92288e-02  1.92604e-02
9.948335159e-01  1.9231915e-02  3.89861e-04  1.00000e+00  1.92296e-02  1.92613e-02
9.951651270e-01  1.9231865e-02  3.89910e-04  1.00000e+00  1.92299e-02  1.92617e-02
9.954968487e-01  1.9231331e-02  3.89957e-04  1.00000e+00  1.92298e-02  1.92617e-02
9.958286810e-01  1.9230380e-02  3.90001e-04  1.00000e+00  1.92292e-02  1.92612e-02
9.961606239e-01  1.9229078e-02  3.90043e-04  1.00000e+00  1.92282e-02  1.92604e-02
9.964926775e-01  1.9227498e-02  3.90083e-04  1.00000e+00  1.92269e-02  1.92592e-02
9.968248417e-01  1.9225724e-02  3.90122e-04  1.00000e+00  1.92253e-02  1.92578e-02
9.971571166e-01  1.9223859e-02  3.90158e-04  1.00000e+00  1.92237e-02  1.92563e-02
9.974895023e-01  1.9222010e-02  3.90194e-04  1.00000e+00  1.92220e-02  1.92547e-02
9.978219988e-01  1.9220265e-02  3.90228e-04  1.00000e+00  1.92204e-02  1.92532e-02
9.981546062e-01  1.9218669e-02  3.90262e-04  1.00000e+00  1.92189e-02  1.92519e-02
9.984873244e-01  1.9217210e-02  3.90294e-04  1.00000e+00  1.92176e-02  1.92507e-02
9.988201535e-01  1.9215816e-02  3.90325e-04  1.00000e+00  1.92164e-02  1.92495e-02
9.991530935e-01  1.9214383e-02  3.90356e-04  1.00000e+00  1.92151e-02  1.92484e-02
9.994861446e-01  1.9212807e-02  3.90384e-04  1.00000e+00  1.92138e-02  1.92471e-02
9.998193066e-01  1.9211037e-02  3.90411e-04  1.00000e+00  1.92123e-02  1.92457e-02
1.000152580e+00  1.9209105e-02  3.90437e-04  1.00000e+00  1.92106e-02  1.92441e-02
1.000485964e+00  1.9207142e-02  3.90461e-04  1.00000e+00  1.92087e-02  1.92423e-02
1.000819459e+00  1.9205354e-02  3.90484e-04  1.00000e+00  1.92069e-02  1.92406e-02
1.001153066e+00  1.9203971e-02  3.90509e-04  1.00000e+00  1.92053e-02  1.92391e-02
1.001486783e+00  1.9203176e-02  3.90535e-04  1.00000e+00  1.92041e-02  1.92379e-02
1.001820612e+00  1.9203037e-02  3.90566e-04  1.00000e+00  1.92033e-02  1.92373e-02
1.002154553e+00  1.9203478e-02  3.90601e-04  1.00000e+00  1.92031e-02  1.92371e-02
1.002488604e+00  1.9204295e-02  3.90641e-04  1.00000e+00  1.92033e-02  1.92373e-02
1.002822767e+00  1.9205206e-02  3.90686e-04  1.00000e+00  1.92036e-02  1.92378e-02
1.003157041e+00  1.9205942e-02  3.90734e-04  1.00000e+00  1.92040e-02  1.92383e-02
1.003491427e+00  1.9206317e-02  3.90783e-04  1.00000e+00  1.92043e-02  1.92387e-02
1.003825924e+00  1.9206273e-02  3.90834e-04  1.00000e+00  1.92043e-02  1.92388e-02
1.004160533e+00  1.9205867e-02  3.90883e-04  1.00000e+00  1.92040e-02  1.92387e-02
1.004495253e+00  1.9205230e-02  3.90931e-04  1.00000e+00  1.92036e-02  1.92384e-02
1.004830085e+00  1.9204491e-02  3.90977e-04  1.00000e+00  1.92031e-02  1.92380e-02
1.005165028e+00  1.9203718e-02  3.91022e-04  1.00000e+00  1.92026e-02  1.92376e-02
1.005500083e+00  1.9202888e-02  3.91064e-04  1.00000e+00  1.92021e-02  1.92372e-02
1.005835250e+00  1.9201891e-02  3.91105e-04  1.00000e+00  1.92014e-02  1.92367e-02
1.006170528e+00  1.9200571e-02  3.91142e-04  1.00000e+00  1.92005e-02  1.92359e-02
1.006505918e+00  1.9198779e-02  3.91177e-04  1.00000e+00  1.91992e-02  1.92347e-02
1.006841420e+00  1.9196431e-02  3.91208e-04  1.00000e+00  1.91974e-02  1.92329e-02
1.007177034e+00  1.9193542e-02  3.91235e-04  1.00000e+00  1.91949e-02  1.92306e-02
1.007512760e+00  1.9190241e-02  3.91260e-04  1.00000e+00  1.91920e-02  1.92278e-02
1.007848597e+00  1.9186755e-02  3.91283e-04  1.00000e+00  1.91886e-02  1.92246e-02
1.008184547e+00  1.9183369e-02  3.91306e-04  1.00000e+00  1.91851e-02  1.92212e-02
1.008520608e+00  1.9180374e-02  3.91331e-04  1.00000e+00  1.91818e-02  1.92180e-02
1.008856782e+00  1.9178013e-02  3.91359e-04  1.00000e+00  1.91788e-02  1.92152e-02
1.009193067e+00  1.9176428e-02  3.91393e-04  1.00000e+00  1.91764e-02  1.92130e-02
1.009529465e+00  1.9175633e-02  3.91432e-04  1.00000e+00  1.91748e-02  1.92115e-02
1.009865975e+00  1.9175515e-02  3.91476e-04  1.00000e+00  1.91740e-02  1.92108e-02
1.010202597e+00  1.9175863e-02  3.91526e-04  1.00000e+00  1.91738e-02  1.92107e-02
1.010539331e+00  1.9176420e-02  3.91578e-04  1.00000e+00  1.91740e-02  1.92110e-02
1.010876178e+00  1.9176946e-02  3.91633e-04  1.00000e+00  1.91744e-02  1.92116e-02
1.011213136e+00  1.9177268e-02  3.91687e-04  1.00000e+00  1.91748e-02  1.92121e-02
1.011550207e+00  1.9177306e-02  3.91740e-04  1.00000e+00  1.91751e-02  1.92125e-02
1.011887391e+00  1.9177073e-02  3.91792e-04  1.00000e+00  1.91751e-02  1.92126e-02
1.012224687e+00  1.9176639e-02  3.91842e-04  1.00000e+00  1.91749e-02  1.92126e-02
1.012562095e+00  1.9176095e-02  3.91890e-04  1.00000e+00  1.91746e-02  1.92124e-02
1.012899615e+00  1.9175511e-02  3.91937e-04  1.00000e+00  1.91742e-02  1.92122e-02
1.013237249e+00  1.9174914e-02  3.91982e-04  1.00000e+00  1.91738e-02  1.92119e-02
1.013574994e+00  1.9174287e-02  3.92025e-04  1.00000e+00  1.91734e-02  1.92115e-02
1.013912853e+00  1.9173594e-02  3.92068e-04  1.00000e+00  1.91729e-02  1.92111e-02
1.014250824e+00  1.9172812e-02  3.92109e-04  1.00000e+00  1.91722e-02  1.92106e-02
1.014588907e+00  1.9171959e-02  3.92150e-04  1.00000e+00  1.91714e-02  1.92099e-02
1.014927104e+00  1.9171100e-02  3.92191e-04  1.00000e+00  1.91706e-02  1.92092e-02
1.015265413e+00  1.9170337e-02  3.92231e-04  1.00000e+00  1.91699e-02  1.92086e-02
1.015603834e+00  1.9169769e-02  3.92271e-04  1.00000e+00  1.91693e-02  1.92081e-02
1.015942369e+00  1.9169449e-02  3.92311e-04  1.00000e+00  1.91690e-02  1.92079e-02
1.016281017e+00  1.9169356e-02  3.92351e-04  1.00000e+00  1.91690e-02  1.92080e-02
1.016619777e+00  1.9169396e-02  3.92391e-04  1.00000e+00  1.91691e-02  1.92082e-02
1.016958650e+00  1.9169419e-02  3.92429e-04  1.00000e+00  1.91692e-02  1.92084e-02
1.017297636e+00  1.9169275e-02  3.92467e-04  1.00000e+00  1.91692e-02  1.92085e-02
1.017636736e+00  1.9168858e-02  3.92504e-04  1.00000e+00  1.91689e-02  1.92082e-02
1.017975948e+00  1.9168134e-02  3.92540e-04  1.00000e+00  1.91683e-02  1.92077e-02
1.018315273e+00  1.9167145e-02  3.92576e-04  1.00000e+00  1.91673e-02  1.92068e-02
1.018654712e+00  1.9165982e-02  3.92612e-04  1.00000e+00  1.91661e-02  1.92057e-02
1.018994263e+00  1.9164750e-02  3.92650e-04  1.00000e+00  1.91647e-02  1.92044e-02
1.019333928e+00  1.9163529e-02  3.92688e-04  1.00000e+00  1.91633e-02  1.92031e-02
1.019673706e+00  1.9162358e-02  3.92728e-04  1.00000e+00  1.91620e-02  1.92019e-02
1.020013597e+00  1.9161240e-02  3.92768e-04  1.00000e+00  1.91607e-02  1.92009e-02
1.020353602e+00  1.9160156e-02  3.92810e-04  1.00000e+00  1.91597e-02  1.91999e-02
1.020693719e+00  1.9159084e-02  3.92850e-04  1.00000e+00  1.91587e-02  1.91991e-02
1.021033951e+00  1.9158013e-02  3.92890e-04  1.00000e+00  1.91578e-02  1.91983e-02
1.021374295e+00  1.9156944e-02  3.92928e-04  1.00000e+00  1.91570e-02  1.91976e-02
1.021714753e+00  1.9155890e-02  3.92964e-04  1.00000e+00  1.91562e-02  1.91969e-02
1.022055325e+00  1.9154873e-02  3.92999e-04  1.00000e+00  1.91554e-02  1.91962e-02
1.022396010e+00  1.9153920e-02  3.93033e-04  1.00000e+00  1.91545e-02  1.91954e-02
1.022736809e+00  1.9153062e-02  3.93066e-04  1.00000e+00  1.91535e-02  1.91945e-02
1.023077721e+00  1.9152330e-02  3.93102e-04  1.00000e+00  1.91526e-02  1.91937e-02
1.023418747e+00  1.9151739e-02  3.93139e-04  1.00000e+00  1.91516e-02  1.91928e-02
1.023759887e+00  1.9151277e-02  3.93179e-04  1.00000e+00  1.91507e-02  1.91920e-02
1.024101140e+00  1.9150900e-02  3.93223e-04  1.00000e+00  1.91499e-02  1.91914e-02
1.024442507e+00  1.9150534e-02  3.93269e-04  1.00000e+00  1.91492e-02  1.91909e-02
1.024783988e+00  1.9150094e-02  3.93317e-04  1.00000e+00  1.91487e-02  1.91904e-02
1.025125582e+00  1.9149498e-02  3.93366e-04  1.00000e+00  1.91481e-02  1.91900e-02
1.025467291e+00  1.9148695e-02  3.93414e-04  1.00000e+00  1.91474e-02  1.91895e-02
1.025809113e+00  1.9147668e-02  3.93461e-04  1.00000e+00  1.91466e-02  1.91888e-02
1.026151050e+00  1.9146441e-02  3.93506e-04  1.00000e+00  1.91456e-02  1.91879e-02
1.026493100e+00  1.9145064e-02  3.93550e-04  1.00000e+00  1.91444e-02  1.91869e-02
1.026835264e+00  1.9143599e-02  3.93593e-04  1.00000e+00  1.91430e-02  1.91857e-02
1.027177543e+00  1.9142104e-02  3.93635e-04  1.00000e+00  1.91415e-02  1.91843e-02
1.027519935e+00  1.9140625e-02  3.93678e-04  1.00000e+00  1.91400e-02  1.91829e-02
1.027862442e+00  1.9139188e-02  3.93722e-04  1.00000e+00  1.91384e-02  1.91816e-02
1.028205063e+00  1.9137809e-02  3.93766e-04  1.00000e+00  1.91369e-02  1.91802e-02
1.028547798e+00  1.9136498e-02  3.93812e-04  1.00000e+00  1.91355e-02  1.91790e-02
1.028890647e+00  1.9135269e-02  3.93858e-04  1.00000e+00  1.91343e-02  1.91779e-02
1.029233611e+00  1.9134139e-02  3.93904e-04  1.00000e+00  1.91331e-02  1.91769e-02
1.029576689e+00  1.9133127e-02  3.93949e-04  1.00000e+00  1.91322e-02  1.91761e-02
1.029919881e+00  1.9132240e-02  3.93995e-04  1.00000e+00  1.91313e-02  1.91754e-02
1.030263187e+00  1.9131464e-02  3.94040e-04  1.00000e+00  1.91307e-02  1.91749e-02
1.030606609e+00  1.9130763e-02  3.94084e-04  1.00000e+00  1.91301e-02  1.91744e-02
1.030950144e+00  1.9130075e-02  3.94128e-04  1.00000e+00  1.91294e-02  1.91739e-02
1.031293794e+00  1.9129325e-02  3.94171e-04  1.00000e+00  1.91287e-02  1.91733e-02
1.031637559e+00  1.9128443e-02  3.94214e-04  1.00000e+00  1.91279e-02  1.91726e-02
1.031981438e+00  1.9127381e-02  3.94257e-04  1.00000e+00  1.91269e-02  1.91717e-02
1.032325432e+00  1.9126123e-02  3.94299e-04  1.00000e+00  1.91256e-02  1.91706e-02
1.032669540e+00  1.9124692e-02  3.94342e-04  1.00000e+00  1.91242e-02  1.91694e-02
1.033013763e+00  1.9123143e-02  3.94385e-04  1.00000e+00  1.91227e-02  1.91680e-02
1.033358101e+00  1.9121544e-02  3.94427e-04  1.00000e+00  1.91212e-02  1.91666e-02
1.033702554e+00  1.9119955e-02  3.94469e-04  1.00000e+00  1.91196e-02  1.91653e-02
1.034047121e+00  1.9118406e-02  3.94510e-04  1.00000e+00  1.91182e-02  1.91639e-02
1.034391804e+00  1.9116889e-02  3.94551e-04  1.00000e+00  1.91168e-02  1.91627e-02
1.034736601e+00  1.9115361e-02  3.94591e-04  1.00000e+00  1.91153e-02  1.91614e-02
1.035081513e+00  1.9113771e-02  3.94630e-04  1.00000e+00  1.91139e-02  1.91600e-02
1.035426540e+00  1.9112081e-02  3.94669e-04  1.00000e+00  1.91122e-02  1.91586e-02
1.035771683e+00  1.9110299e-02  3.94707e-04  1.00000e+00  1.91105e-02  1.91570e-02
1.036116940e+00  1.9108483e-02  3.94745e-04  1.00000e+00  1.91087e-02  1.91553e-02
1.036462312e+00  1.9106731e-02  3.94783e-04  1.00000e+00  1.91069e-02  1.91536e-02
1.036807800e+00  1.9105150e-02  3.94822e-04  1.00000e+00  1.91052e-02  1.91521e-02
1.037153402e+00  1.9103814e-02  3.94861e-04  1.00000e+00  1.91038e-02  1.91508e-02
1.037499120e+00  1.9102734e-02  3.94901e-04  1.00000e+00  1.91026e-02  1.91498e-02
1.037844953e+00  1.9101848e-02  3.94942e-04  1.00000e+00  1.91017e-02  1.91490e-02
1.038190901e+00  1.9101029e-02  3.94983e-04  1.00000e+00  1.91008e-02  1.91482e-02
1.038536965e+00  1.9100118e-02  3.95024e-04  1.00000e+00  1.91000e-02  1.91475e-02
1.038883144e+00  1.9098963e-02  3.95064e-04  1.00000e+00  1.90989e-02  1.91466e-02
1.039229438e+00  1.9097450e-02  3.95104e-04  1.00000e+00  1.90977e-02  1.91455e-02
1.039575848e+00  1.9095515e-02  3.95141e-04  1.00000e+00  1.90961e-02  1.91440e-02
1.039922374e+00  1.9093150e-02  3.95175e-04  1.00000e+00  1.90942e-02  1.91423e-02
1.040269014e+00  1.9090389e-02  3.95206e-04  1.00000e+00  1.90921e-02  1.91403e-02
1.040615771e+00  1.9087294e-02  3.95231e-04  1.00000e+00  1.90897e-02  1.91380e-02
1.040962643e+00  1.9083946e-02  3.95252e-04  1.00000e+00  1.90871e-02  1.91356e-02
1.041309630e+00  1.9080437e-02  3.95266e-04  1.00000e+00  1.90844e-02  1.91329e-02
1.041656733e+00  1.9076862e-02  3.95276e-04  1.00000e+00  1.90814e-02  1.91301e-02
1.042003952e+00  1.9073310e-02  3.95281e-04  1.00000e+00  1.90784e-02  1.91270e-02
1.042351287e+00  1.9069850e-02  3.95284e-04  1.00000e+00  1.90751e-02  1.91239e-02
1.042698737e+00  1.9066527e-02  3.95287e-04  1.00000e+00  1.90718e-02  1.91206e-02
1.043046304e+00  1.9063346e-02  3.95290e-04  1.00000e+00  1.90683e-02  1.91172e-02
1.043393986e+00  1.9060286e-02  3.95296e-04  1.00000e+00  1.90649e-02  1.91138e-02
1.043741784e+00  1.9057302e-02  3.95305e-04  1.00000e+00  1.90614e-02  1.91104e-02
1.044089698e+00  1.9054353e-02  3.95319e-04  1.00000e+00  1.90579e-02  1.91071e-02
1.044437727e+00  1.9051412e-02  3.95336e-04  1.00000e+00  1.90544e-02  1.91038e-02
1.044785873e+00  1.9048478e-02  3.95356e-04  1.00000e+00  1.90511e-02  1.91006e-02
1.045134135e+00  1.9045576e-02  3.95379e-04  1.00000e+00  1.90479e-02  1.90975e-02
1.045482513e+00  1.9042743e-02  3.95404e-04  1.00000e+00  1.90449e-02  1.90947e-02
1.045831008e+00  1.9040008e-02  3.95429e-04  1.00000e+00  1.90422e-02  1.90920e-02
1.046179618e+00  1.9037378e-02  3.95454e-04  1.00000e+00  1.90396e-02  1.90896e-02
1.046528344e+00  1.9034822e-02  3.95478e-04  1.00000e+00  1.90372e-02  1.90873e-02
1.046877187e+00  1.9032273e-02  3.95501e-04  1.00000e+00  1.90349e-02  1.90851e-02
1.047226146e+00  1.9029641e-02  3.95523e-04  1.00000e+00  1.90325e-02  1.90828e-02
1.047575222e+00  1.9026841e-02  3.95542e-04  1.00000e+00  1.90299e-02  1.90803e-02
1.047924413e+00  1.9023818e-02  3.95560e-04  1.00000e+00  1.90271e-02  1.90776e-02
1.048273722e+00  1.9020567e-02  3.95577e-04  1.00000e+00  1.90240e-02  1.90746e-02
1.048623146e+00  1.9017139e-02  3.95593e-04  1.00000e+00  1.90206e-02  1.90713e-02
1.048972687e+00  1.9013629e-02  3.95609e-04  1.00000e+00  1.90170e-02  1.90679e-02
1.049322345e+00  1.9010149e-02  3.95627e-04  1.00000e+00  1.90134e-02  1.90644e-02
1.049672119e+00  1.9006798e-02  3.95645e-04  1.00000e+00  1.90098e-02  1.90610e-02
1.050022010e+00  1.9003641e-02  3.95666e-04  1.00000e+00  1.90064e-02  1.90577e-02
1.050372017e+00  1.9000700e-02  3.95688e-04  1.00000e+00  1.90033e-02  1.90547e-02
1.050722141e+00  1.8997958e-02  3.95711e-04  1.00000e+00  1.90004e-02  1.90520e-02
1.051072382e+00  1.8995374e-02  3.95734e-04  1.00000e+00  1.89978e-02  1.90495e-02
1.051422739e+00  1.8992889e-02  3.95758e-04  1.00000e+00  1.89953e-02  1.90471e-02
1.051773213e+00  1.8990440e-02  3.95782e-04  1.00000e+00  1.89929e-02  1.90448e-02
1.052123804e+00  1.8987961e-02  3.95805e-04  1.00000e+00  1.89905e-02  1.90425e-02
1.052474512e+00  1.8985378e-02  3.95828e-04  1.00000e+00  1.89880e-02  1.90401e-02
1.052825337e+00  1.8982622e-02  3.95850e-04  1.00000e+00  1.89853e-02  1.90375e-02
1.053176279e+00  1.8979631e-02  3.95872e-04  1.00000e+00  1.89824e-02  1.90348e-02
1.053527338e+00  1.8976362e-02  3.95893e-04  1.00000e+00  1.89793e-02  1.90317e-02
1.053878513e+00  1.8972805e-02  3.95913e-04  1.00000e+00  1.89758e-02  1.90284e-02
1.054229806e+00  1.8968988e-02  3.95933e-04  1.00000e+00  1.89722e-02  1.90249e-02
1.054581216e+00  1.8964978e-02  3.95951e-04  1.00000e+00  1.89683e-02  1.90212e-02
1.054932743e+00  1.8960873e-02  3.95968e-04  1.00000e+00  1.89644e-02  1.90174e-02
1.055284388e+00  1.8956788e-02  3.95984e-04  1.00000e+00  1.89605e-02  1.90136e-02
1.055636149e+00  1.8952839e-02  3.95999e-04  1.00000e+00  1.89568e-02  1.90100e-02
1.055988028e+00  1.8949118e-02  3.96012e-04  1.00000e+00  1.89532e-02  1.90066e-02
1.056340024e+00  1.8945677e-02  3.96023e-04  1.00000e+00  1.89500e-02  1.90034e-02
1.056692137e+00  1.8942512e-02  3.96033e-04  1.00000e+00  1.89470e-02  1.90005e-02
1.057044368e+00  1.8939558e-02  3.96043e-04  1.00000e+00  1.89442e-02  1.89978e-02
1.057396716e+00  1.8936696e-02  3.96051e-04  1.00000e+00  1.89414e-02  1.89951e-02
1.057749182e+00  1.8933774e-02  3.96058e-04  1.00000e+00  1.89386e-02  1.89923e-02
1.058101765e+00  1.8930639e-02  3.96065e-04  1.00000e+00  1.89355e-02  1.89893e-02
1.058454465e+00  1.8927170e-02  3.96072e-04  1.00000e+00  1.89321e-02  1.89860e-02
1.058807283e+00  1.8923298e-02  3.96078e-04  1.00000e+00  1.89283e-02  1.89822e-02
1.059160219e+00  1.8919024e-02  3.96085e-04  1.00000e+00  1.89240e-02  1.89781e-02
1.059513272e+00  1.8914411e-02  3.96091e-04  1.00000e+00  1.89194e-02  1.89736e-02
1.059866444e+00  1.8909567e-02  3.96098e-04  1.00000e+00  1.89146e-02  1.89689e-02
1.060219732e+00  1.8904621e-02  3.96104e-04  1.00000e+00  1.89097e-02  1.89641e-02
1.060573139e+00  1.8899701e-02  3.96110e-04  1.00000e+00  1.89048e-02  1.89594e-02
1.060926663e+00  1.8894917e-02  3.96116e-04  1.00000e+00  1.89000e-02  1.89548e-02
1.061280306e+00  1.8890348e-02  3.96122e-04  1.00000e+00  1.88954e-02  1.89503e-02
1.061634066e+00  1.8886049e-02  3.96129e-04  1.00000e+00  1.88911e-02  1.89461e-02
1.061987944e+00  1.8882051e-02  3.96135e-04  1.00000e+00  1.88870e-02  1.89421e-02
1.062341940e+00  1.8878383e-02  3.96143e-04  1.00000e+00  1.88832e-02  1.89384e-02
1.062696054e+00  1.8875079e-02  3.96151e-04  1.00000e+00  1.88796e-02  1.89349e-02
1.063050286e+00  1.8872187e-02  3.96162e-04  1.00000e+00  1.88764e-02  1.89318e-02
1.063404636e+00  1.8869761e-02  3.96176e-04  1.00000e+00  1.88735e-02  1.89290e-02
1.063759104e+00  1.8867853e-02  3.96194e-04  1.00000e+00  1.88711e-02  1.89266e-02
1.064113690e+00  1.8866493e-02  3.96215e-04  1.00000e+00  1.88690e-02  1.89247e-02
1.064468395e+00  1.8865674e-02  3.96242e-04  1.00000e+00  1.88675e-02  1.89233e-02
1.064823218e+00  1.8865357e-02  3.96274e-04  1.00000e+00  1.88664e-02  1.89223e-02
1.065178159e+00  1.8865475e-02  3.96311e-04  1.00000e+00  1.88658e-02  1.89217e-02
1.065533218e+00  1.8865962e-02  3.96355e-04  1.00000e+00  1.88655e-02  1.89216e-02
1.065888396e+00  1.8866775e-02  3.96403e-04  1.00000e+00  1.88656e-02  1.89218e-02
1.066243692e+00  1.8867912e-02  3.96456e-04  1.00000e+00  1.88661e-02  1.89224e-02
1.066599107e+00  1.8869410e-02  3.96514e-04  1.00000e+00  1.88669e-02  1.89233e-02
1.066954640e+00  1.8871336e-02  3.96577e-04  1.00000e+00  1.88682e-02  1.89247e-02
1.067310291e+00  1.8873761e-02  3.96645e-04  1.00000e+00  1.88699e-02  1.89265e-02
1.067666061e+00  1.8876739e-02  3.96718e-04  1.00000e+00  1.88721e-02  1.89289e-02
1.068021950e+00  1.8880288e-02  3.96797e-04  1.00000e+00  1.88749e-02  1.89318e-02
1.068377957e+00  1.8884389e-02  3.96881e-04  1.00000e+00  1.88783e-02  1.89353e-02
1.068734083e+00  1.8888986e-02  3.96969e-04  1.00000e+00  1.88823e-02  1.89394e-02
1.069090328e+00  1.8893996e-02  3.97062e-04  1.00000e+00  1.88868e-02  1.89440e-02
1.069446691e+00  1.8899305e-02  3.97158e-04  1.00000e+00  1.88918e-02  1.89491e-02
1.069803174e+00  1.8904779e-02  3.97255e-04  1.00000e+00  1.88971e-02  1.89546e-02
1.070159775e+00  1.8910259e-02  3.97353e-04  1.00000e+00  1.89027e-02  1.89602e-02
1.070516495e+00  1.8915579e-02  3.97449e-04  1.00000e+00  1.89082e-02  1.89659e-02
1.070873333e+00  1.8920579e-02  3.97543e-04  1.00000e+00  1.89136e-02  1.89713e-02
1.071230291e+00  1.8925131e-02  3.97635e-04  1.00000e+00  1.89186e-02  1.89764e-02
1.071587368e+00  1.8929162e-02  3.97724e-04  1.00000e+00  1.89231e-02  1.89810e-02
1.071944564e+00  1.8932671e-02  3.97809e-04  1.00000e+00  1.89270e-02  1.89850e-02
1.072301879e+00  1.8935732e-02  3.97891e-04  1.00000e+00  1.89305e-02  1.89886e-02
1.072659313e+00  1.8938486e-02  3.97970e-04  1.00000e+00  1.89337e-02  1.89918e-02
1.073016866e+00  1.8941109e-02  3.98047e-04  1.00000e+00  1.89367e-02  1.89949e-02
1.073374538e+00  1.8943774e-02  3.98121e-04  1.00000e+00  1.89396e-02  1.89979e-02
1.073732329e+00  1.8946610e-02  3.98194e-04  1.00000e+00  1.89427e-02  1.90010e-02
1.074090240e+00  1.8949665e-02  3.98265e-04  1.00000e+00  1.89459e-02  1.90043e-02
1.074448270e+00  1.8952888e-02  3.98335e-04  1.00000e+00  1.89492e-02  1.90077e-02
1.074806420e+00  1.8956150e-02  3.98404e-04  1.00000e+00  1.89526e-02  1.90111e-02
1.075164689e+00  1.8959277e-02  3.98473e-04  1.00000e+00  1.89559e-02  1.90145e-02
1.075523077e+00  1.8962104e-02  3.98539e-04  1.00000e+00  1.89590e-02  1.90178e-02
1.075881584e+00  1.8964519e-02  3.98603e-04  1.00000e+00  1.89618e-02  1.90206e-02
1.076240212e+00  1.8966472e-02  3.98665e-04  1.00000e+00  1.89641e-02  1.90230e-02
1.076598958e+00  1.8967954e-02  3.98725e-04  1.00000e+00  1.89658e-02  1.90249e-02
1.076957825e+00  1.8968955e-02  3.98784e-04  1.00000e+00  1.89670e-02  1.90263e-02
1.077316811e+00  1.8969431e-02  3.98841e-04  1.00000e+00  1.89677e-02  1.90271e-02
1.077675916e+00  1.8969309e-02  3.98897e-04  1.00000e+00  1.89679e-02  1.90274e-02
1.078035142e+00  1.8968536e-02  3.98950e-04  1.00000e+00  1.89675e-02  1.90272e-02
1.078394487e+00  1.8967154e-02  3.99000e-04  1.00000e+00  1.89667e-02  1.90266e-02
1.078753951e+00  1.8965361e-02  3.99045e-04  1.00000e+00  1.89655e-02  1.90255e-02
1.079113536e+00  1.8963518e-02  3.99087e-04  1.00000e+00  1.89642e-02  1.90243e-02
1.079473241e+00  1.8962081e-02  3.99126e-04  1.00000e+00  1.89629e-02  1.90232e-02
1.079833065e+00  1.8961466e-02  3.99165e-04  1.00000e+00  1.89621e-02  1.90224e-02
1.080193009e+00  1.8961916e-02  3.99207e-04  1.00000e+00  1.89620e-02  1.90224e-02
1.080553074e+00  1.8963398e-02  3.99253e-04  1.00000e+00  1.89627e-02  1.90232e-02
1.080913258e+00  1.8965603e-02  3.99305e-04  1.00000e+00  1.89643e-02  1.90248e-02
1.081273563e+00  1.8968030e-02  3.99360e-04  1.00000e+00  1.89664e-02  1.90269e-02
1.081633987e+00  1.8970139e-02  3.99415e-04  1.00000e+00  1.89687e-02  1.90293e-02
1.081994532e+00  1.8971499e-02  3.99467e-04  1.00000e+00  1.89709e-02  1.90314e-02
1.082355197e+00  1.8971882e-02  3.99512e-04  1.00000e+00  1.89725e-02  1.90331e-02
1.082715982e+00  1.8971280e-02  3.99547e-04  1.00000e+00  1.89734e-02  1.90340e-02
1.083076887e+00  1.8969852e-02  3.99570e-04  1.00000e+00  1.89736e-02  1.90342e-02
1.083437913e+00  1.8967863e-02  3.99582e-04  1.00000e+00  1.89732e-02  1.90337e-02
1.083799059e+00  1.8965644e-02  3.99583e-04  1.00000e+00  1.89724e-02  1.90329e-02
1.084160325e+00  1.8963608e-02  3.99575e-04  1.00000e+00  1.89715e-02  1.90319e-02
1.084521712e+00  1.8962285e-02  3.99560e-04  1.00000e+00  1.89707e-02  1.90310e-02
1.084883219e+00  1.8962324e-02  3.99545e-04  1.00000e+00  1.89705e-02  1.90306e-02
1.085244847e+00  1.8964411e-02  3.99534e-04  1.00000e+00  1.89713e-02  1.90313e-02
1.085606595e+00  1.8969112e-02  3.99535e-04  1.00000e+00  1.89738e-02  1.90336e-02
1.085968464e+00  1.8976660e-02  3.99555e-04  1.00000e+00  1.89784e-02  1.90379e-02
1.086330453e+00  1.8986808e-02  3.99598e-04  1.00000e+00  1.89853e-02  1.90446e-02
1.086692563e+00  1.8998808e-02  3.99662e-04  1.00000e+00  1.89945e-02  1.90536e-02
1.087054794e+00  1.9011562e-02  3.99743e-04  1.00000e+00  1.90055e-02  1.90643e-02
1.087417146e+00  1.9023888e-02  3.99832e-04  1.00000e+00  1.90176e-02  1.90761e-02
1.087779618e+00  1.9034822e-02  3.99917e-04  1.00000e+00  1.90297e-02  1.90880e-02
1.088142211e+00  1.9043836e-02  3.99990e-04  1.00000e+00  1.90411e-02  1.90990e-02
1.088504926e+00  1.9050898e-02  4.00043e-04  1.00000e+00  1.90510e-02  1.91086e-02
1.088867761e+00  1.9056367e-02  4.00076e-04  1.00000e+00  1.90593e-02  1.91165e-02
1.089230716e+00  1.9060786e-02  4.00090e-04  1.00000e+00  1.90660e-02  1.91227e-02
1.089593793e+00  1.9064643e-02  4.00091e-04  1.00000e+00  1.90714e-02  1.91277e-02
1.089956991e+00  1.9068237e-02  4.00083e-04  1.00000e+00  1.90759e-02  1.91318e-02
1.090320310e+00  1.9071658e-02  4.00070e-04  1.00000e+00  1.90799e-02  1.91354e-02
1.090683750e+00  1.9074900e-02  4.00054e-04  1.00000e+00  1.90835e-02  1.91386e-02
1.091047312e+00  1.9078009e-02  4.00035e-04  1.00000e+00  1.90869e-02  1.91415e-02
1.091410994e+00  1.9081176e-02  4.00015e-04  1.00000e+00  1.90902e-02  1.91444e-02
1.091774798e+00  1.9084705e-02  3.99995e-04  1.00000e+00  1.90935e-02  1.91473e-02
1.092138723e+00  1.9088867e-02  3.99978e-04  1.00000e+00  1.90971e-02  1.91504e-02
1.092502769e+00  1.9093718e-02  3.99966e-04  1.00000e+00  1.91010e-02  1.91539e-02
1.092866936e+00  1.9099005e-02  3.99962e-04  1.00000e+00  1.91052e-02  1.91577e-02
1.093231225e+00  1.9104199e-02  3.99966e-04  1.00000e+00  1.91095e-02  1.91616e-02
1.093595636e+00  1.9108687e-02  3.99974e-04  1.00000e+00  1.91135e-02  1.91653e-02
1.093960168e+00  1.9111995e-02  3.99984e-04  1.00000e+00  1.91168e-02  1.91683e-02
1.094324821e+00  1.9113915e-02  3.99994e-04  1.00000e+00  1.91190e-02  1.91703e-02
1.094689596e+00  1.9114489e-02  4.00001e-04  1.00000e+00  1.91199e-02  1.91710e-02
1.095054493e+00  1.9113825e-02  4.00007e-04  1.00000e+00  1.91195e-02  1.91705e-02
1.095419511e+00  1.9111871e-02  4.00010e-04  1.00000e+00  1.91179e-02  1.91688e-02
1.095784651e+00  1.9108262e-02  4.00011e-04  1.00000e+00  1.91150e-02  1.91660e-02
1.096149912e+00  1.9102350e-02  4.00004e-04  1.00000e+00  1.91107e-02  1.91617e-02
1.096515295e+00  1.9093401e-02  3.99981e-04  1.00000e+00  1.91045e-02  1.91555e-02
1.096880801e+00  1.9080895e-02  3.99935e-04  1.00000e+00  1.90958e-02  1.91469e-02
1.097246428e+00  1.9064807e-02  3.99859e-04  1.00000e+00  1.90844e-02  1.91355e-02
1.097612176e+00  1.9045741e-02  3.99749e-04  1.00000e+00  1.90700e-02  1.91211e-02
1.097978047e+00  1.9024880e-02  3.99607e-04  1.00000e+00  1.90531e-02  1.91042e-02
1.098344040e+00  1.9003758e-02  3.99442e-04  1.00000e+00  1.90344e-02  1.90855e-02
1.098710154e+00  1.8983929e-02  3.99266e-04  1.00000e+00  1.90150e-02  1.90661e-02
1.099076391e+00  1.8966633e-02  3.99093e-04  1.00000e+00  1.89962e-02  1.90472e-02
1.099442750e+00  1.8952539e-02  3.98937e-04  1.00000e+00  1.89790e-02  1.90300e-02
1.099809231e+00  1.8941649e-02  3.98806e-04  1.00000e+00  1.89641e-02  1.90150e-02
1.100175834e+00  1.8933378e-02  3.98705e-04  1.00000e+00  1.89517e-02  1.90026e-02
1.100542559e+00  1.8926774e-02  3.98633e-04  1.00000e+00  1.89416e-02  1.89925e-02
1.100909407e+00  1.8920806e-02  3.98582e-04  1.00000e+00  1.89331e-02  1.89840e-02
1.101276377e+00  1.8914605e-02  3.98546e-04  1.00000e+00  1.89255e-02  1.89765e-02
1.101643469e+00  1.8907597e-02  3.98515e-04  1.00000e+00  1.89181e-02  1.89692e-02
1.102010683e+00  1.8899491e-02  3.98486e-04  1.00000e+00  1.89103e-02  1.89615e-02
1.102378020e+00  1.8890184e-02  3.98452e-04  1.00000e+00  1.89018e-02  1.89531e-02
1.102745479e+00  1.8879648e-02  3.98412e-04  1.00000e+00  1.88923e-02  1.89438e-02
1.103113061e+00  1.8867856e-02  3.98363e-04  1.00000e+00  1.88819e-02  1.89335e-02
1.103480766e+00  1.8854816e-02  3.98303e-04  1.00000e+00  1.88704e-02  1.89222e-02
1.103848592e+00  1.8840626e-02  3.98232e-04  1.00000e+00  1.88581e-02  1.89099e-02
1.104216542e+00  1.8825533e-02  3.98146e-04  1.00000e+00  1.88449e-02  1.88968e-02
1.104584614e+00  1.8809937e-02  3.98048e-04  1.00000e+00  1.88310e-02  1.88830e-02
1.104952809e+00  1.8794283e-02  3.97938e-04  1.00000e+00  1.88167e-02  1.88688e-02
1.105321127e+00  1.8778914e-02  3.97820e-04  1.00000e+00  1.88023e-02  1.88543e-02
1.105689567e+00  1.8763907e-02  3.97695e-04  1.00000e+00  1.87879e-02  1.88399e-02
1.106058130e+00  1.8749010e-02  3.97567e-04  1.00000e+00  1.87735e-02  1.88254e-02
1.106426816e+00  1.8733655e-02  3.97435e-04  1.00000e+00  1.87589e-02  1.88108e-02
1.106795625e+00  1.8717092e-02  3.97295e-04  1.00000e+00  1.87438e-02  1.87955e-02
1.107164557e+00  1.8698487e-02  3.97141e-04  1.00000e+00  1.87275e-02  1.87791e-02
1.107533612e+00  1.8676989e-02  3.96967e-04  1.00000e+00  1.87094e-02  1.87609e-02
1.107902790e+00  1.8651685e-02  3.96763e-04  1.00000e+00  1.86887e-02  1.87401e-02
1.108272091e+00  1.8621541e-02  3.96522e-04  1.00000e+00  1.86646e-02  1.87158e-02
1.108641515e+00  1.8585343e-02  3.96231e-04  1.00000e+00  1.86359e-02  1.86870e-02
1.109011062e+00  1.8541763e-02  3.95880e-04  1.00000e+00  1.86016e-02  1.86525e-02
1.109380732e+00  1.8489542e-02  3.95455e-04  1.00000e+00  1.85601e-02  1.86109e-02
1.109750526e+00  1.8427600e-02  3.94947e-04  1.00000e+00  1.85105e-02  1.85610e-02
1.110120443e+00  1.8355077e-02  3.94344e-04  1.00000e+00  1.84514e-02  1.85017e-02
1.110490483e+00  1.8271323e-02  3.93639e-04  1.00000e+00  1.83820e-02  1.84322e-02
1.110860646e+00  1.8175814e-02  3.92825e-04  1.00000e+00  1.83018e-02  1.83517e-02
1.111230933e+00  1.8068211e-02  3.91893e-04  1.00000e+00  1.82102e-02  1.82600e-02
1.111601344e+00  1.7948326e-02  3.90840e-04  1.00000e+00  1.81070e-02  1.81565e-02
1.111971877e+00  1.7816091e-02  3.89658e-04  1.00000e+00  1.79920e-02  1.80413e-02
1.112342535e+00  1.7671264e-02  3.88343e-04  1.00000e+00  1.78650e-02  1.79140e-02
1.112713315e+00  1.7512991e-02  3.86887e-04  1.00000e+00  1.77256e-02  1.77743e-02
1.113084220e+00  1.7339649e-02  3.85279e-04  1.00000e+00  1.75729e-02  1.76212e-02
1.113455248e+00  1.7149262e-02  3.83500e-04  1.00000e+00  1.74055e-02  1.74534e-02
1.113826400e+00  1.6940679e-02  3.81532e-04  1.00000e+00  1.72218e-02  1.72692e-02
1.114197675e+00  1.6715390e-02  3.79364e-04  1.00000e+00  1.70211e-02  1.70680e-02
1.114569074e+00  1.6479024e-02  3.77008e-04  1.00000e+00  1.68048e-02  1.68511e-02
1.114940597e+00  1.6241864e-02  3.74517e-04  1.00000e+00  1.65777e-02  1.66234e-02
1.115312244e+00  1.6017519e-02  3.71983e-04  1.00000e+00  1.63485e-02  1.63936e-02
1.115684015e+00  1.5820030e-02  3.69535e-04  1.00000e+00  1.61285e-02  1.61730e-02
1.116055910e+00  1.5660119e-02  3.67310e-04  1.00000e+00  1.59297e-02  1.59736e-02
1.116427928e+00  1.5542155e-02  3.65424e-04  1.00000e+00  1.57617e-02  1.58051e-02
1.116800071e+00  1.5462888e-02  3.63941e-04  1.00000e+00  1.56294e-02  1.56725e-02
1.117172338e+00  1.5412454e-02  3.62854e-04  1.00000e+00  1.55320e-02  1.55749e-02
1.117544728e+00  1.5377268e-02  3.62089e-04  1.00000e+00  1.54628e-02  1.55055e-02
1.117917243e+00  1.5343426e-02  3.61531e-04  1.00000e+00  1.54116e-02  1.54540e-02
1.118289882e+00  1.5299423e-02  3.61046e-04  1.00000e+00  1.53666e-02  1.54090e-02
1.118662646e+00  1.5237242e-02  3.60512e-04  1.00000e+00  1.53174e-02  1.53597e-02
1.119035533e+00  1.5152148e-02  3.59830e-04  1.00000e+00  1.52555e-02  1.52977e-02
1.119408545e+00  1.5041983e-02  3.58934e-04  1.00000e+00  1.51751e-02  1.52170e-02
1.119781681e+00  1.4907003e-02  3.57781e-04  1.00000e+00  1.50728e-02  1.51145e-02
1.120154942e+00  1.4750624e-02  3.56363e-04  1.00000e+00  1.49479e-02  1.49893e-02
1.120528327e+00  1.4580537e-02  3.54704e-04  1.00000e+00  1.48029e-02  1.48440e-02
1.120901836e+00  1.4409134e-02  3.52877e-04  1.00000e+00  1.46443e-02  1.46850e-02
1.121275470e+00  1.4252140e-02  3.51003e-04  1.00000e+00  1.44823e-02  1.45228e-02
1.121649229e+00  1.4125245e-02  3.49239e-04  1.00000e+00  1.43304e-02  1.43705e-02
1.122023112e+00  1.4039776e-02  3.47748e-04  1.00000e+00  1.42018e-02  1.42416e-02
1.122397120e+00  1.3998998e-02  3.46661e-04  1.00000e+00  1.41068e-02  1.41466e-02
1.122771252e+00  1.3996995e-02  3.46032e-04  1.00000e+00  1.40498e-02  1.40895e-02
1.123145509e+00  1.4020764e-02  3.45829e-04  1.00000e+00  1.40278e-02  1.40676e-02
1.123519891e+00  1.4054941e-02  3.45945e-04  1.00000e+00  1.40321e-02  1.40721e-02
1.123894397e+00  1.4087260e-02  3.46242e-04  1.00000e+00  1.40512e-02  1.40913e-02
1.124269029e+00  1.4112428e-02  3.46595e-04  1.00000e+00  1.40751e-02  1.41154e-02
1.124643785e+00  1.4132816e-02  3.46938e-04  1.00000e+00  1.40982e-02  1.41387e-02
1.125018667e+00  1.4155916e-02  3.47268e-04  1.00000e+00  1.41204e-02  1.41610e-02
1.125393673e+00  1.4189999e-02  3.47635e-04  1.00000e+00  1.41458e-02  1.41867e-02
1.125768804e+00  1.4240105e-02  3.48104e-04  1.00000e+00  1.41800e-02  1.42210e-02
1.126144060e+00  1.4306335e-02  3.48722e-04  1.00000e+00  1.42268e-02  1.42681e-02
1.126519442e+00  1.4385001e-02  3.49497e-04  1.00000e+00  1.42872e-02  1.43287e-02
1.126894948e+00  1.4471765e-02  3.50407e-04  1.00000e+00  1.43594e-02  1.44011e-02
1.127270580e+00  1.4565092e-02  3.51422e-04  1.00000e+00  1.44410e-02  1.44830e-02
1.127646337e+00  1.4668246e-02  3.52530e-04  1.00000e+00  1.45313e-02  1.45735e-02
1.128022219e+00  1.4788640e-02  3.53762e-04  1.00000e+00  1.46327e-02  1.46751e-02
1.128398226e+00  1.4934774e-02  3.55181e-04  1.00000e+00  1.47505e-02  1.47932e-02
1.128774359e+00  1.5111755e-02  3.56858e-04  1.00000e+00  1.48910e-02  1.49340e-02
1.129150617e+00  1.5316666e-02  3.58834e-04  1.00000e+00  1.50578e-02  1.51011e-02
1.129527000e+00  1.5535533e-02  3.61076e-04  1.00000e+00  1.52483e-02  1.52921e-02
1.129903509e+00  1.5742876e-02  3.63448e-04  1.00000e+00  1.54511e-02  1.54954e-02
1.130280144e+00  1.5904512e-02  3.65707e-04  1.00000e+00  1.56454e-02  1.56901e-02
1.130656904e+00  1.5983242e-02  3.67525e-04  1.00000e+00  1.58025e-02  1.58475e-02
1.131033790e+00  1.5946479e-02  3.68543e-04  1.00000e+00  1.58904e-02  1.59355e-02
1.131410801e+00  1.5774294e-02  3.68433e-04  1.00000e+00  1.58799e-02  1.59249e-02
1.131787938e+00  1.5465961e-02  3.66966e-04  1.00000e+00  1.57515e-02  1.57960e-02
1.132165201e+00  1.5043524e-02  3.64077e-04  1.00000e+00  1.55012e-02  1.55448e-02
1.132542589e+00  1.4551229e-02  3.59910e-04  1.00000e+00  1.51439e-02  1.51863e-02
1.132920103e+00  1.4050460e-02  3.54828e-04  1.00000e+00  1.47142e-02  1.47552e-02
1.133297743e+00  1.3610552e-02  3.49406e-04  1.00000e+00  1.42627e-02  1.43021e-02
1.133675509e+00  1.3297112e-02  3.44358e-04  1.00000e+00  1.38485e-02  1.38865e-02
1.134053401e+00  1.3159835e-02  3.40431e-04  1.00000e+00  1.35306e-02  1.35674e-02
1.134431419e+00  1.3222926e-02  3.38264e-04  1.00000e+00  1.33564e-02  1.33924e-02
1.134809563e+00  1.3480398e-02  3.38239e-04  1.00000e+00  1.33540e-02  1.33896e-02
1.135187832e+00  1.3897851e-02  3.40395e-04  1.00000e+00  1.35264e-02  1.35620e-02
1.135566228e+00  1.4420339e-02  3.44427e-04  1.00000e+00  1.38521e-02  1.38882e-02
1.135944750e+00  1.4984184e-02  3.49771e-04  1.00000e+00  1.42900e-02  1.43268e-02
1.136323399e+00  1.5529479e-02  3.55752e-04  1.00000e+00  1.47882e-02  1.48257e-02
1.136702173e+00  1.6009961e-02  3.61723e-04  1.00000e+00  1.52940e-02  1.53323e-02
1.137081074e+00  1.6398111e-02  3.67175e-04  1.00000e+00  1.57630e-02  1.58020e-02
1.137460101e+00  1.6685003e-02  3.71778e-04  1.00000e+00  1.61643e-02  1.62038e-02
1.137839254e+00  1.6876372e-02  3.75388e-04  1.00000e+00  1.64820e-02  1.65219e-02
1.138218534e+00  1.6986945e-02  3.78007e-04  1.00000e+00  1.67139e-02  1.67540e-02
1.138597940e+00  1.7035181e-02  3.79740e-04  1.00000e+00  1.68672e-02  1.69075e-02
1.138977473e+00  1.7039599e-02  3.80744e-04  1.00000e+00  1.69551e-02  1.69954e-02
1.139357132e+00  1.7016848e-02  3.81197e-04  1.00000e+00  1.69929e-02  1.70333e-02
1.139736918e+00  1.6980615e-02  3.81270e-04  1.00000e+00  1.69957e-02  1.70362e-02
1.140116830e+00  1.6940743e-02  3.81116e-04  1.00000e+00  1.69770e-02  1.70178e-02
1.140496869e+00  1.6902146e-02  3.80849e-04  1.00000e+00  1.69473e-02  1.69885e-02
1.140877035e+00  1.6863880e-02  3.80539e-04  1.00000e+00  1.69128e-02  1.69544e-02
1.141257327e+00  1.6819221e-02  3.80195e-04  1.00000e+00  1.68745e-02  1.69167e-02
1.141637746e+00  1.6757411e-02  3.79771e-04  1.00000e+00  1.68285e-02  1.68713e-02
1.142018292e+00  1.6666876e-02  3.79178e-04  1.00000e+00  1.67670e-02  1.68104e-02
1.142398965e+00  1.6539365e-02  3.78311e-04  1.00000e+00  1.66812e-02  1.67251e-02
1.142779764e+00  1.6373369e-02  3.77090e-04  1.00000e+00  1.65641e-02  1.66084e-02
1.143160691e+00  1.6175727e-02  3.75487e-04  1.00000e+00  1.64137e-02  1.64583e-02
1.143541744e+00  1.5960786e-02  3.73545e-04  1.00000e+00  1.62345e-02  1.62792e-02
1.143922925e+00  1.5747514e-02  3.71384e-04  1.00000e+00  1.60373e-02  1.60819e-02
1.144304233e+00  1.5555617e-02  3.69174e-04  1.00000e+00  1.58372e-02  1.58818e-02
1.144685667e+00  1.5402034e-02  3.67110e-04  1.00000e+00  1.56511e-02  1.56956e-02
1.145067229e+00  1.5298493e-02  3.65374e-04  1.00000e+00  1.54945e-02  1.55389e-02
1.145448918e+00  1.5250576e-02  3.64113e-04  1.00000e+00  1.53794e-02  1.54239e-02
1.145830735e+00  1.5257602e-02  3.63414e-04  1.00000e+00  1.53129e-02  1.53576e-02
1.146212678e+00  1.5313243e-02  3.63301e-04  1.00000e+00  1.52967e-02  1.53417e-02
1.146594749e+00  1.5406536e-02  3.63731e-04  1.00000e+00  1.53272e-02  1.53725e-02
1.146976947e+00  1.5523453e-02  3.64608e-04  1.00000e+00  1.53961e-02  1.54419e-02
1.147359273e+00  1.5649135e-02  3.65796e-04  1.00000e+00  1.54921e-02  1.55384e-02
1.147741726e+00  1.5770567e-02  3.67143e-04  1.00000e+00  1.56025e-02  1.56493e-02
1.148124307e+00  1.5878884e-02  3.68510e-04  1.00000e+00  1.57153e-02  1.57626e-02
1.148507015e+00  1.5970538e-02  3.69795e-04  1.00000e+00  1.58218e-02  1.58695e-02
1.148889851e+00  1.6046693e-02  3.70939e-04  1.00000e+00  1.59169e-02  1.59650e-02
1.149272814e+00  1.6111308e-02  3.71932e-04  1.00000e+00  1.59997e-02  1.60481e-02
1.149655905e+00  1.6168664e-02  3.72794e-04  1.00000e+00  1.60717e-02  1.61204e-02
1.150039123e+00  1.6221673e-02  3.73554e-04  1.00000e+00  1.61356e-02  1.61845e-02
1.150422470e+00  1.6271547e-02  3.74239e-04  1.00000e+00  1.61936e-02  1.62427e-02
1.150805944e+00  1.6318752e-02  3.74867e-04  1.00000e+00  1.62472e-02  1.62964e-02
1.151189546e+00  1.6364471e-02  3.75452e-04  1.00000e+00  1.62973e-02  1.63466e-02
1.151573276e+00  1.6411567e-02  3.76014e-04  1.00000e+00  1.63455e-02  1.63949e-02
1.151957133e+00  1.6464417e-02  3.76584e-04  1.00000e+00  1.63943e-02  1.64439e-02
1.152341119e+00  1.6527783e-02  3.77208e-04  1.00000e+00  1.64475e-02  1.64972e-02
1.152725233e+00  1.6605243e-02  3.77932e-04  1.00000e+00  1.65089e-02  1.65588e-02
1.153109475e+00  1.6698025e-02  3.78794e-04  1.00000e+00  1.65819e-02  1.66321e-02
1.153493844e+00  1.6804665e-02  3.79812e-04  1.00000e+00  1.66680e-02  1.67185e-02
1.153878342e+00  1.6921505e-02  3.80978e-04  1.00000e+00  1.67667e-02  1.68177e-02
1.154262969e+00  1.7043702e-02  3.82263e-04  1.00000e+00  1.68757e-02  1.69272e-02
1.154647723e+00  1.7166232e-02  3.83621e-04  1.00000e+00  1.69913e-02  1.70434e-02
1.155032605e+00  1.7284665e-02  3.85003e-04  1.00000e+00  1.71094e-02  1.71620e-02
1.155417616e+00  1.7395529e-02  3.86361e-04  1.00000e+00  1.72259e-02  1.72790e-02
1.155802756e+00  1.7496476e-02  3.87655e-04  1.00000e+00  1.73370e-02  1.73907e-02
1.156188023e+00  1.7586338e-02  3.88856e-04  1.00000e+00  1.74403e-02  1.74944e-02
1.156573419e+00  1.7665131e-02  3.89947e-04  1.00000e+00  1.75338e-02  1.75884e-02
1.156958944e+00  1.7734007e-02  3.90926e-04  1.00000e+00  1.76173e-02  1.76723e-02
1.157344597e+00  1.7795064e-02  3.91799e-04  1.00000e+00  1.76912e-02  1.77466e-02
1.157730378e+00  1.7851019e-02  3.92585e-04  1.00000e+00  1.77572e-02  1.78130e-02
1.158116288e+00  1.7904801e-02  3.93308e-04  1.00000e+00  1.78175e-02  1.78737e-02
1.158502327e+00  1.7959158e-02  3.93994e-04  1.00000e+00  1.78749e-02  1.79314e-02
1.158888494e+00  1.8016353e-02  3.94668e-04  1.00000e+00  1.79317e-02  1.79886e-02
1.159274791e+00  1.8077991e-02  3.95355e-04  1.00000e+00  1.79903e-02  1.80475e-02
1.159661216e+00  1.8144899e-02  3.96070e-04  1.00000e+00  1.80521e-02  1.81096e-02
1.160047769e+00  1.8217051e-02  3.96827e-04  1.00000e+00  1.81182e-02  1.81759e-02
1.160434452e+00  1.8293537e-02  3.97627e-04  1.00000e+00  1.81886e-02  1.82466e-02
1.160821263e+00  1.8372550e-02  3.98467e-04  1.00000e+00  1.82628e-02  1.83210e-02
1.161208204e+00  1.8451514e-02  3.99334e-04  1.00000e+00  1.83393e-02  1.83978e-02
1.161595273e+00  1.8527284e-02  4.00205e-04  1.00000e+00  1.84160e-02  1.84749e-02
1.161982472e+00  1.8596518e-02  4.01054e-04  1.00000e+00  1.84905e-02  1.85497e-02
1.162369799e+00  1.8656131e-02  4.01847e-04  1.00000e+00  1.85597e-02  1.86192e-02
1.162757256e+00  1.8703804e-02  4.02556e-04  1.00000e+00  1.86209e-02  1.86808e-02
1.163144841e+00  1.8738476e-02  4.03154e-04  1.00000e+00  1.86719e-02  1.87322e-02
1.163532556e+00  1.8760682e-02  4.03628e-04  1.00000e+00  1.87116e-02  1.87720e-02
1.163920401e+00  1.8772626e-02  4.03978e-04  1.00000e+00  1.87398e-02  1.88005e-02
1.164308374e+00  1.8777914e-02  4.04220e-04  1.00000e+00  1.87581e-02  1.88189e-02
1.164696477e+00  1.8780919e-02  4.04385e-04  1.00000e+00  1.87691e-02  1.88301e-02
1.165084709e+00  1.8785952e-02  4.04511e-04  1.00000e+00  1.87766e-02  1.88376e-02
1.165473071e+00  1.8796387e-02  4.04640e-04  1.00000e+00  1.87840e-02  1.88452e-02
1.165861562e+00  1.8814037e-02  4.04805e-04  1.00000e+00  1.87948e-02  1.88561e-02
1.166250182e+00  1.8838912e-02  4.05028e-04  1.00000e+00  1.88108e-02  1.88723e-02
1.166638932e+00  1.8869444e-02  4.05314e-04  1.00000e+00  1.88329e-02  1.88945e-02
1.167027812e+00  1.8903032e-02  4.05656e-04  1.00000e+00  1.88601e-02  1.89219e-02
1.167416821e+00  1.8936767e-02  4.06033e-04  1.00000e+00  1.88907e-02  1.89526e-02
1.167805960e+00  1.8968060e-02  4.06420e-04  1.00000e+00  1.89223e-02  1.89844e-02
1.168195229e+00  1.8995046e-02  4.06793e-04  1.00000e+00  1.89526e-02  1.90150e-02
1.168584627e+00  1.9016676e-02  4.07134e-04  1.00000e+00  1.89797e-02  1.90423e-02
1.168974155e+00  1.9032557e-02  4.07430e-04  1.00000e+00  1.90024e-02  1.90652e-02
1.169363813e+00  1.9042654e-02  4.07676e-04  1.00000e+00  1.90199e-02  1.90829e-02
1.169753601e+00  1.9046987e-02  4.07866e-04  1.00000e+00  1.90319e-02  1.90951e-02
1.170143519e+00  1.9045469e-02  4.08001e-04  1.00000e+00  1.90384e-02  1.91017e-02
1.170533567e+00  1.9037924e-02  4.08078e-04  1.00000e+00  1.90392e-02  1.91027e-02
1.170923745e+00  1.9024344e-02  4.08093e-04  1.00000e+00  1.90343e-02  1.90980e-02
1.171314053e+00  1.9005269e-02  4.08046e-04  1.00000e+00  1.90238e-02  1.90876e-02
1.171704491e+00  1.8982152e-02  4.07939e-04  1.00000e+00  1.90083e-02  1.90722e-02
1.172095059e+00  1.8957546e-02  4.07784e-04  1.00000e+00  1.89890e-02  1.90529e-02
1.172485757e+00  1.8934883e-02  4.07603e-04  1.00000e+00  1.89680e-02  1.90318e-02
1.172876586e+00  1.8917855e-02  4.07426e-04  1.00000e+00  1.89480e-02  1.90117e-02
1.173267545e+00  1.8909494e-02  4.07287e-04  1.00000e+00  1.89320e-02  1.89957e-02
1.173658634e+00  1.8911227e-02  4.07214e-04  1.00000e+00  1.89228e-02  1.89863e-02
1.174049853e+00  1.8922260e-02  4.07228e-04  1.00000e+00  1.89215e-02  1.89850e-02
1.174441203e+00  1.8939610e-02  4.07327e-04  1.00000e+00  1.89280e-02  1.89914e-02
1.174832684e+00  1.8958812e-02  4.07492e-04  1.00000e+00  1.89402e-02  1.90036e-02
1.175224295e+00  1.8975169e-02  4.07690e-04  1.00000e+00  1.89547e-02  1.90183e-02
1.175616036e+00  1.8985099e-02  4.07882e-04  1.00000e+00  1.89680e-02  1.90316e-02
1.176007908e+00  1.8987126e-02  4.08038e-04  1.00000e+00  1.89768e-02  1.90407e-02
1.176399911e+00  1.8982135e-02  4.08139e-04  1.00000e+00  1.89798e-02  1.90438e-02
1.176792044e+00  1.8972810e-02  4.08186e-04  1.00000e+00  1.89771e-02  1.90413e-02
1.177184308e+00  1.8962456e-02  4.08195e-04  1.00000e+00  1.89704e-02  1.90349e-02
1.177576703e+00  1.8953682e-02  4.08189e-04  1.00000e+00  1.89622e-02  1.90269e-02
1.177969228e+00  1.8947406e-02  4.08187e-04  1.00000e+00  1.89545e-02  1.90194e-02
1.178361885e+00  1.8942559e-02  4.08197e-04  1.00000e+00  1.89482e-02  1.90133e-02
1.178754672e+00  1.8936577e-02  4.08211e-04  1.00000e+00  1.89427e-02  1.90080e-02
1.179147590e+00  1.8926476e-02  4.08210e-04  1.00000e+00  1.89363e-02  1.90017e-02
1.179540640e+00  1.8910134e-02  4.08172e-04  1.00000e+00  1.89267e-02  1.89922e-02
1.179933820e+00  1.8887301e-02  4.08080e-04  1.00000e+00  1.89120e-02  1.89776e-02
1.180327131e+00  1.8860009e-02  4.07930e-04  1.00000e+00  1.88919e-02  1.89576e-02
1.180720573e+00  1.8832165e-02  4.07738e-04  1.00000e+00  1.88678e-02  1.89336e-02
1.181114147e+00  1.8808507e-02  4.07538e-04  1.00000e+00  1.88425e-02  1.89084e-02
1.181507852e+00  1.8793245e-02  4.07370e-04  1.00000e+00  1.88199e-02  1.88859e-02
1.181901688e+00  1.8788929e-02  4.07273e-04  1.00000e+00  1.88036e-02  1.88699e-02
1.182295655e+00  1.8795890e-02  4.07271e-04  1.00000e+00  1.87962e-02  1.88627e-02
1.182689753e+00  1.8812443e-02  4.07375e-04  1.00000e+00  1.87987e-02  1.88655e-02
1.183083983e+00  1.8835598e-02  4.07572e-04  1.00000e+00  1.88103e-02  1.88773e-02
1.183478345e+00  1.8861930e-02  4.07840e-04  1.00000e+00  1.88289e-02  1.88962e-02
1.183872837e+00  1.8888178e-02  4.08148e-04  1.00000e+00  1.88518e-02  1.89193e-02
1.184267462e+00  1.8911496e-02  4.08465e-04  1.00000e+00  1.88761e-02  1.89438e-02
1.184662218e+00  1.8929443e-02  4.08761e-04  1.00000e+00  1.88988e-02  1.89667e-02
1.185057105e+00  1.8940060e-02  4.09011e-04  1.00000e+00  1.89175e-02  1.89854e-02
1.185452124e+00  1.8942192e-02  4.09194e-04  1.00000e+00  1.89300e-02  1.89980e-02
1.185847275e+00  1.8936037e-02  4.09298e-04  1.00000e+00  1.89351e-02  1.90032e-02
1.186242557e+00  1.8923588e-02  4.09323e-04  1.00000e+00  1.89328e-02  1.90010e-02
1.186637971e+00  1.8908632e-02  4.09285e-04  1.00000e+00  1.89246e-02  1.89928e-02
1.187033517e+00  1.8896091e-02  4.09217e-04  1.00000e+00  1.89135e-02  1.89816e-02
1.187429195e+00  1.8890840e-02  4.09160e-04  1.00000e+00  1.89034e-02  1.89715e-02
1.187825005e+00  1.8896390e-02  4.09159e-04  1.00000e+00  1.88984e-02  1.89666e-02
1.188220947e+00  1.8913938e-02  4.09248e-04  1.00000e+00  1.89018e-02  1.89700e-02
1.188617020e+00  1.8942127e-02  4.09445e-04  1.00000e+00  1.89149e-02  1.89833e-02
1.189013226e+00  1.8977557e-02  4.09744e-04  1.00000e+00  1.89374e-02  1.90060e-02
1.189409564e+00  1.9015806e-02  4.10122e-04  1.00000e+00  1.89670e-02  1.90358e-02
1.189806033e+00  1.9052551e-02  4.10546e-04  1.00000e+00  1.90002e-02  1.90694e-02
1.190202635e+00  1.9084430e-02  4.10976e-04  1.00000e+00  1.90336e-02  1.91031e-02
1.190599370e+00  1.9109454e-02  4.11381e-04  1.00000e+00  1.90641e-02  1.91339e-02
1.190996236e+00  1.9127002e-02  4.11738e-04  1.00000e+00  1.90894e-02  1.91597e-02
1.191393235e+00  1.9137549e-02  4.12035e-04  1.00000e+00  1.91087e-02  1.91794e-02
1.191790366e+00  1.9142288e-02  4.12270e-04  1.00000e+00  1.91217e-02  1.91929e-02
1.192187629e+00  1.9142770e-02  4.12449e-04  1.00000e+00  1.91293e-02  1.92009e-02
1.192585025e+00  1.9140603e-02  4.12582e-04  1.00000e+00  1.91326e-02  1.92046e-02
1.192982554e+00  1.9137214e-02  4.12683e-04  1.00000e+00  1.91330e-02  1.92054e-02
1.193380214e+00  1.9133653e-02  4.12761e-04  1.00000e+00  1.91318e-02  1.92045e-02
1.193778008e+00  1.9130465e-02  4.12827e-04  1.00000e+00  1.91298e-02  1.92029e-02
1.194175934e+00  1.9127650e-02  4.12886e-04  1.00000e+00  1.91278e-02  1.92011e-02
1.194573993e+00  1.9124697e-02  4.12938e-04  1.00000e+00  1.91259e-02  1.91994e-02
1.194972184e+00  1.9120731e-02  4.12981e-04  1.00000e+00  1.91236e-02  1.91972e-02
1.195370508e+00  1.9114728e-02  4.13009e-04  1.00000e+00  1.91202e-02  1.91940e-02
1.195768965e+00  1.9105793e-02  4.13014e-04  1.00000e+00  1.91150e-02  1.91889e-02
1.196167554e+00  1.9093468e-02  4.12989e-04  1.00000e+00  1.91072e-02  1.91811e-02
1.196566277e+00  1.9077954e-02  4.12931e-04  1.00000e+00  1.90962e-02  1.91703e-02
1.196965132e+00  1.9060207e-02  4.12843e-04  1.00000e+00  1.90824e-02  1.91565e-02
1.197364121e+00  1.9041809e-02  4.12731e-04  1.00000e+00  1.90663e-02  1.91404e-02
1.197763242e+00  1.9024605e-02  4.12611e-04  1.00000e+00  1.90492e-02  1.91234e-02
1.198162497e+00  1.9010197e-02  4.12497e-04  1.00000e+00  1.90326e-02  1.91070e-02
1.198561884e+00  1.8999427e-02  4.12405e-04  1.00000e+00  1.90180e-02  1.90925e-02
1.198961405e+00  1.8992042e-02  4.12344e-04  1.00000e+00  1.90061e-02  1.90807e-02
1.199361058e+00  1.8986635e-02  4.12315e-04  1.00000e+00  1.89969e-02  1.90717e-02
1.199760845e+00  1.8980914e-02  4.12305e-04  1.00000e+00  1.89895e-02  1.90644e-02
1.200160766e+00  1.8972207e-02  4.12298e-04  1.00000e+00  1.89821e-02  1.90572e-02
1.200560819e+00  1.8958110e-02  4.12269e-04  1.00000e+00  1.89727e-02  1.90480e-02
1.200961006e+00  1.8937130e-02  4.12197e-04  1.00000e+00  1.89591e-02  1.90346e-02
1.201361327e+00  1.8909220e-02  4.12065e-04  1.00000e+00  1.89400e-02  1.90157e-02
1.201761780e+00  1.8876075e-02  4.11870e-04  1.00000e+00  1.89151e-02  1.89909e-02
1.202162368e+00  1.8841096e-02  4.11625e-04  1.00000e+00  1.88854e-02  1.89613e-02
1.202563088e+00  1.8808890e-02  4.11357e-04  1.00000e+00  1.88536e-02  1.89296e-02
1.202963943e+00  1.8784362e-02  4.11108e-04  1.00000e+00  1.88233e-02  1.88995e-02
1.203364931e+00  1.8771546e-02  4.10921e-04  1.00000e+00  1.87987e-02  1.88750e-02
1.203766052e+00  1.8772522e-02  4.10838e-04  1.00000e+00  1.87834e-02  1.88599e-02
1.204167308e+00  1.8786795e-02  4.10880e-04  1.00000e+00  1.87796e-02  1.88565e-02
1.204568697e+00  1.8811397e-02  4.11049e-04  1.00000e+00  1.87877e-02  1.88649e-02
1.204970220e+00  1.8841713e-02  4.11324e-04  1.00000e+00  1.88058e-02  1.88833e-02
1.205371876e+00  1.8872751e-02  4.11667e-04  1.00000e+00  1.88306e-02  1.89084e-02
1.205773667e+00  1.8900411e-02  4.12034e-04  1.00000e+00  1.88580e-02  1.89362e-02
1.206175592e+00  1.8922348e-02  4.12384e-04  1.00000e+00  1.88844e-02  1.89628e-02
1.206577650e+00  1.8938196e-02  4.12692e-04  1.00000e+00  1.89072e-02  1.89859e-02
1.206979843e+00  1.8949185e-02  4.12948e-04  1.00000e+00  1.89253e-02  1.90042e-02
1.207382169e+00  1.8957400e-02  4.13158e-04  1.00000e+00  1.89390e-02  1.90181e-02
1.207784630e+00  1.8964965e-02  4.13337e-04  1.00000e+00  1.89496e-02  1.90289e-02
1.208187225e+00  1.8973427e-02  4.13502e-04  1.00000e+00  1.89586e-02  1.90382e-02
1.208589954e+00  1.8983480e-02  4.13670e-04  1.00000e+00  1.89676e-02  1.90474e-02
1.208992817e+00  1.8995032e-02  4.13849e-04  1.00000e+00  1.89774e-02  1.90575e-02
1.209395815e+00  1.9007493e-02  4.14039e-04  1.00000e+00  1.89884e-02  1.90687e-02
1.209798947e+00  1.9020157e-02  4.14239e-04  1.00000e+00  1.90002e-02  1.90809e-02
1.210202213e+00  1.9032488e-02  4.14441e-04  1.00000e+00  1.90126e-02  1.90935e-02
1.210605614e+00  1.9044240e-02  4.14641e-04  1.00000e+00  1.90249e-02  1.91060e-02
1.211009149e+00  1.9055378e-02  4.14837e-04  1.00000e+00  1.90367e-02  1.91181e-02
1.211412819e+00  1.9065909e-02  4.15027e-04  1.00000e+00  1.90480e-02  1.91296e-02
1.211816623e+00  1.9075728e-02  4.15212e-04  1.00000e+00  1.90584e-02  1.91403e-02
1.212220562e+00  1.9084588e-02  4.15393e-04  1.00000e+00  1.90680e-02  1.91502e-02
1.212624636e+00  1.9092222e-02  4.15568e-04  1.00000e+00  1.90766e-02  1.91591e-02
1.213028844e+00  1.9098514e-02  4.15736e-04  1.00000e+00  1.90840e-02  1.91670e-02
1.213433187e+00  1.9103612e-02  4.15894e-04  1.00000e+00  1.90905e-02  1.91738e-02
1.213837664e+00  1.9107901e-02  4.16043e-04  1.00000e+00  1.90961e-02  1.91798e-02
1.214242277e+00  1.9111794e-02  4.16183e-04  1.00000e+00  1.91011e-02  1.91852e-02
1.214647024e+00  1.9115480e-02  4.16315e-04  1.00000e+00  1.91059e-02  1.91903e-02
1.215051907e+00  1.9118731e-02  4.16440e-04  1.00000e+00  1.91103e-02  1.91950e-02
1.215456924e+00  1.9120892e-02  4.16554e-04  1.00000e+00  1.91141e-02  1.91990e-02
1.215862076e+00  1.9121093e-02  4.16654e-04  1.00000e+00  1.91167e-02  1.92019e-02
1.216267364e+00  1.9118582e-02  4.16734e-04  1.00000e+00  1.91174e-02  1.92028e-02
1.216672786e+00  1.9113079e-02  4.16789e-04  1.00000e+00  1.91156e-02  1.92013e-02
1.217078344e+00  1.9104985e-02  4.16817e-04  1.00000e+00  1.91112e-02  1.91971e-02
1.217484037e+00  1.9095355e-02  4.16821e-04  1.00000e+00  1.91044e-02  1.91905e-02
1.217889865e+00  1.9085649e-02  4.16809e-04  1.00000e+00  1.90962e-02  1.91825e-02
1.218295828e+00  1.9077324e-02  4.16792e-04  1.00000e+00  1.90877e-02  1.91743e-02
1.218701926e+00  1.9071429e-02  4.16782e-04  1.00000e+00  1.90802e-02  1.91669e-02
1.219108160e+00  1.9068348e-02  4.16787e-04  1.00000e+00  1.90745e-02  1.91615e-02
1.219514530e+00  1.9067771e-02  4.16812e-04  1.00000e+00  1.90712e-02  1.91582e-02
1.219921035e+00  1.9068907e-02  4.16855e-04  1.00000e+00  1.90699e-02  1.91571e-02
1.220327675e+00  1.9070841e-02  4.16913e-04  1.00000e+00  1.90703e-02  1.91575e-02
1.220734451e+00  1.9072886e-02  4.16980e-04  1.00000e+00  1.90714e-02  1.91587e-02
1.221141362e+00  1.9074805e-02  4.17052e-04  1.00000e+00  1.90728e-02  1.91602e-02
1.221548410e+00  1.9076822e-02  4.17128e-04  1.00000e+00  1.90741e-02  1.91617e-02
1.221955592e+00  1.9079458e-02  4.17211e-04  1.00000e+00  1.90754e-02  1.91632e-02
1.222362911e+00  1.9083263e-02  4.17306e-04  1.00000e+00  1.90773e-02  1.91653e-02
1.222770365e+00  1.9088564e-02  4.17418e-04  1.00000e+00  1.90800e-02  1.91684e-02
1.223177955e+00  1.9095329e-02  4.17549e-04  1.00000e+00  1.90841e-02  1.91729e-02
1.223585681e+00  1.9103168e-02  4.17698e-04  1.00000e+00  1.90897e-02  1.91788e-02
1.223993543e+00  1.9111469e-02  4.17861e-04  1.00000e+00  1.90964e-02  1.91860e-02
1.224401541e+00  1.9119595e-02  4.18032e-04  1.00000e+00  1.91041e-02  1.91940e-02
1.224809675e+00  1.9127071e-02  4.18203e-04  1.00000e+00  1.91120e-02  1.92023e-02
1.225217945e+00  1.9133690e-02  4.18369e-04  1.00000e+00  1.91197e-02  1.92103e-02
1.225626351e+00  1.9139520e-02  4.18525e-04  1.00000e+00  1.91268e-02  1.92178e-02
1.226034893e+00  1.9144809e-02  4.18672e-04  1.00000e+00  1.91334e-02  1.92246e-02
1.226443571e+00  1.9149848e-02  4.18811e-04  1.00000e+00  1.91393e-02  1.92309e-02
1.226852386e+00  1.9154843e-02  4.18945e-04  1.00000e+00  1.91449e-02  1.92367e-02
1.227261336e+00  1.9159844e-02  4.19076e-04  1.00000e+00  1.91502e-02  1.92423e-02
1.227670424e+00  1.9164753e-02  4.19205e-04  1.00000e+00  1.91553e-02  1.92477e-02
1.228079647e+00  1.9169389e-02  4.19332e-04  1.00000e+00  1.91603e-02  1.92529e-02
1.228489007e+00  1.9173569e-02  4.19457e-04  1.00000e+00  1.91650e-02  1.92579e-02
1.228898503e+00  1.9177162e-02  4.19576e-04  1.00000e+00  1.91694e-02  1.92626e-02
1.229308136e+00  1.9180106e-02  4.19689e-04  1.00000e+00  1.91733e-02  1.92667e-02
1.229717905e+00  1.9182388e-02  4.19794e-04  1.00000e+00  1.91767e-02  1.92703e-02
1.230127811e+00  1.9184016e-02  4.19892e-04  1.00000e+00  1.91795e-02  1.92733e-02
1.230537854e+00  1.9185001e-02  4.19981e-04  1.00000e+00  1.91816e-02  1.92756e-02
1.230948033e+00  1.9185369e-02  4.20062e-04  1.00000e+00  1.91830e-02  1.92772e-02
1.231358349e+00  1.9185179e-02  4.20137e-04  1.00000e+00  1.91837e-02  1.92780e-02
1.231768802e+00  1.9184541e-02  4.20206e-04  1.00000e+00  1.91837e-02  1.92783e-02
1.232179392e+00  1.9183602e-02  4.20271e-04  1.00000e+00  1.91832e-02  1.92780e-02
1.232590118e+00  1.9182519e-02  4.20334e-04  1.00000e+00  1.91823e-02  1.92773e-02
1.233000982e+00  1.9181412e-02  4.20397e-04  1.00000e+00  1.91812e-02  1.92764e-02
1.233411982e+00  1.9180331e-02  4.20460e-04  1.00000e+00  1.91799e-02  1.92754e-02
1.233823119e+00  1.9179247e-02  4.20525e-04  1.00000e+00  1.91787e-02  1.92745e-02
1.234234394e+00  1.9178072e-02  4.20591e-04  1.00000e+00  1.91774e-02  1.92735e-02
1.234645805e+00  1.9176693e-02  4.20656e-04  1.00000e+00  1.91761e-02  1.92725e-02
1.235057354e+00  1.9175011e-02  4.20721e-04  1.00000e+00  1.91747e-02  1.92714e-02
1.235469039e+00  1.9172967e-02  4.20783e-04  1.00000e+00  1.91730e-02  1.92700e-02
1.235880862e+00  1.9170548e-02  4.20843e-04  1.00000e+00  1.91710e-02  1.92683e-02
1.236292823e+00  1.9167780e-02  4.20900e-04  1.00000e+00  1.91686e-02  1.92662e-02
1.236704920e+00  1.9164717e-02  4.20954e-04  1.00000e+00  1.91659e-02  1.92638e-02
1.237117155e+00  1.9161426e-02  4.21006e-04  1.00000e+00  1.91629e-02  1.92611e-02
1.237529528e+00  1.9157984e-02  4.21056e-04  1.00000e+00  1.91597e-02  1.92583e-02
1.237942038e+00  1.9154471e-02  4.21105e-04  1.00000e+00  1.91565e-02  1.92554e-02
1.238354685e+00  1.9150968e-02  4.21151e-04  1.00000e+00  1.91532e-02  1.92524e-02
1.238767470e+00  1.9147549e-02  4.21195e-04  1.00000e+00  1.91501e-02  1.92496e-02
1.239180392e+00  1.9144263e-02  4.21238e-04  1.00000e+00  1.91471e-02  1.92468e-02
1.239593452e+00  1.9141125e-02  4.21278e-04  1.00000e+00  1.91442e-02  1.92441e-02
1.240006650e+00  1.9138095e-02  4.21317e-04  1.00000e+00  1.91414e-02  1.92415e-02
1.240419986e+00  1.9135085e-02  4.21354e-04  1.00000e+00  1.91386e-02  1.92389e-02
1.240833459e+00  1.9131961e-02  4.21390e-04  1.00000e+00  1.91356e-02  1.92361e-02
1.241247070e+00  1.9128567e-02  4.21425e-04  1.00000e+00  1.91323e-02  1.92330e-02
1.241660819e+00  1.9124755e-02  4.21460e-04  1.00000e+00  1.91286e-02  1.92296e-02
1.242074706e+00  1.9120413e-02  4.21494e-04  1.00000e+00  1.91245e-02  1.92257e-02
1.242488731e+00  1.9115490e-02  4.21526e-04  1.00000e+00  1.91198e-02  1.92213e-02
1.242902894e+00  1.9110001e-02  4.21556e-04  1.00000e+00  1.91146e-02  1.92165e-02
1.243317195e+00  1.9104031e-02  4.21583e-04  1.00000e+00  1.91090e-02  1.92112e-02
1.243731634e+00  1.9097703e-02  4.21608e-04  1.00000e+00  1.91031e-02  1.92057e-02
1.244146211e+00  1.9091157e-02  4.21630e-04  1.00000e+00  1.90971e-02  1.91999e-02
1.244560927e+00  1.9084507e-02  4.21648e-04  1.00000e+00  1.90909e-02  1.91941e-02
1.244975780e+00  1.9077809e-02  4.21662e-04  1.00000e+00  1.90848e-02  1.91882e-02
1.245390772e+00  1.9071040e-02  4.21672e-04  1.00000e+00  1.90786e-02  1.91823e-02
1.245805903e+00  1.9064096e-02  4.21677e-04  1.00000e+00  1.90724e-02  1.91762e-02
1.246221171e+00  1.9056802e-02  4.21678e-04  1.00000e+00  1.90658e-02  1.91699e-02
1.246636578e+00  1.9048944e-02  4.21672e-04  1.00000e+00  1.90588e-02  1.91630e-02
1.247052124e+00  1.9040301e-02  4.21660e-04  1.00000e+00  1.90510e-02  1.91555e-02
1.247467808e+00  1.9030686e-02  4.21642e-04  1.00000e+00  1.90424e-02  1.91470e-02
1.247883630e+00  1.9019981e-02  4.21617e-04  1.00000e+00  1.90326e-02  1.91376e-02
1.248299592e+00  1.9008150e-02  4.21585e-04  1.00000e+00  1.90218e-02  1.91271e-02
1.248715691e+00  1.8995250e-02  4.21545e-04  1.00000e+00  1.90100e-02  1.91156e-02
1.249131930e+00  1.8981427e-02  4.21498e-04  1.00000e+00  1.89973e-02  1.91032e-02
1.249548307e+00  1.8966895e-02  4.21443e-04  1.00000e+00  1.89838e-02  1.90900e-02
1.249964823e+00  1.8951903e-02  4.21380e-04  1.00000e+00  1.89699e-02  1.90764e-02
1.250381478e+00  1.8936692e-02  4.21309e-04  1.00000e+00  1.89557e-02  1.90625e-02
1.250798272e+00  1.8921451e-02  4.21231e-04  1.00000e+00  1.89414e-02  1.90484e-02
1.251215205e+00  1.8906280e-02  4.21147e-04  1.00000e+00  1.89270e-02  1.90342e-02
1.251632277e+00  1.8891162e-02  4.21057e-04  1.00000e+00  1.89126e-02  1.90199e-02
1.252049487e+00  1.8875967e-02  4.20962e-04  1.00000e+00  1.88981e-02  1.90055e-02
1.252466837e+00  1.8860473e-02  4.20862e-04  1.00000e+00  1.88834e-02  1.89908e-02
1.252884326e+00  1.8844420e-02  4.20756e-04  1.00000e+00  1.88681e-02  1.89756e-02
1.253301954e+00  1.8827552e-02  4.20643e-04  1.00000e+00  1.88523e-02  1.89598e-02
1.253719722e+00  1.8809658e-02  4.20523e-04  1.00000e+00  1.88355e-02  1.89431e-02
1.254137628e+00  1.8790577e-02  4.20393e-04  1.00000e+00  1.88179e-02  1.89255e-02
1.254555674e+00  1.8770174e-02  4.20252e-04  1.00000e+00  1.87991e-02  1.89069e-02
1.254973859e+00  1.8748271e-02  4.20097e-04  1.00000e+00  1.87793e-02  1.88871e-02
1.255392184e+00  1.8724573e-02  4.19926e-04  1.00000e+00  1.87582e-02  1.88660e-02
1.255810648e+00  1.8698592e-02  4.19733e-04  1.00000e+00  1.87355e-02  1.88433e-02
1.256229252e+00  1.8669625e-02  4.19512e-04  1.00000e+00  1.87108e-02  1.88185e-02
1.256647995e+00  1.8636746e-02  4.19257e-04  1.00000e+00  1.86832e-02  1.87908e-02
1.257066877e+00  1.8598909e-02  4.18959e-04  1.00000e+00  1.86520e-02  1.87594e-02
1.257485900e+00  1.8555057e-02  4.18607e-04  1.00000e+00  1.86160e-02  1.87232e-02
1.257905062e+00  1.8504312e-02  4.18194e-04  1.00000e+00  1.85743e-02  1.86813e-02
1.258324363e+00  1.8446121e-02  4.17710e-04  1.00000e+00  1.85260e-02  1.86329e-02
1.258743805e+00  1.8380402e-02  4.17151e-04  1.00000e+00  1.84707e-02  1.85773e-02
1.259163386e+00  1.8307589e-02  4.16516e-04  1.00000e+00  1.84082e-02  1.85146e-02
1.259583107e+00  1.8228624e-02  4.15805e-04  1.00000e+00  1.83388e-02  1.84450e-02
1.260002968e+00  1.8144828e-02  4.15026e-04  1.00000e+00  1.82634e-02  1.83693e-02
1.260422969e+00  1.8057790e-02  4.14190e-04  1.00000e+00  1.81830e-02  1.82887e-02
1.260843110e+00  1.7969250e-02  4.13309e-04  1.00000e+00  1.80990e-02  1.82044e-02
1.261263391e+00  1.7881012e-02  4.12401e-04  1.00000e+00  1.80130e-02  1.81180e-02
1.261683812e+00  1.7794951e-02  4.11483e-04  1.00000e+00  1.79265e-02  1.80312e-02
1.262104374e+00  1.7712991e-02  4.10575e-04  1.00000e+00  1.78413e-02  1.79456e-02
1.262525075e+00  1.7637002e-02  4.09700e-04  1.00000e+00  1.77592e-02  1.78632e-02
1.262945917e+00  1.7568480e-02  4.08878e-04  1.00000e+00  1.76820e-02  1.77856e-02
1.263366899e+00  1.7508016e-02  4.08126e-04  1.00000e+00  1.76110e-02  1.77143e-02
1.263788021e+00  1.7454666e-02  4.07454e-04  1.00000e+00  1.75470e-02  1.76500e-02
1.264209284e+00  1.7405420e-02  4.06854e-04  1.00000e+00  1.74893e-02  1.75921e-02
1.264630687e+00  1.7355179e-02  4.06300e-04  1.00000e+00  1.74357e-02  1.75383e-02
1.265052230e+00  1.7297494e-02  4.05745e-04  1.00000e+00  1.73820e-02  1.74844e-02
1.265473914e+00  1.7226218e-02  4.05128e-04  1.00000e+00  1.73230e-02  1.74252e-02
1.265895739e+00  1.7137871e-02  4.04390e-04  1.00000e+00  1.72536e-02  1.73555e-02
1.266317704e+00  1.7034036e-02  4.03494e-04  1.00000e+00  1.71708e-02  1.72723e-02
1.266739810e+00  1.6922917e-02  4.02452e-04  1.00000e+00  1.70753e-02  1.71764e-02
1.267162057e+00  1.6819133e-02  4.01332e-04  1.00000e+00  1.69734e-02  1.70741e-02
1.267584444e+00  1.6741298e-02  4.00268e-04  1.00000e+00  1.68765e-02  1.69768e-02
1.268006972e+00  1.6707772e-02  3.99438e-04  1.00000e+00  1.67996e-02  1.68997e-02
1.268429641e+00  1.6731748e-02  3.99023e-04  1.00000e+00  1.67584e-02  1.68585e-02
1.268852451e+00  1.6817335e-02  3.99168e-04  1.00000e+00  1.67649e-02  1.68653e-02
1.269275402e+00  1.6958067e-02  3.99936e-04  1.00000e+00  1.68246e-02  1.69256e-02
1.269698494e+00  1.7138425e-02  4.01290e-04  1.00000e+00  1.69348e-02  1.70366e-02
1.270121727e+00  1.7337817e-02  4.03104e-04  1.00000e+00  1.70849e-02  1.71878e-02
1.270545100e+00  1.7535576e-02  4.05190e-04  1.00000e+00  1.72592e-02  1.73635e-02
1.270968616e+00  1.7715317e-02  4.07348e-04  1.00000e+00  1.74409e-02  1.75464e-02
1.271392272e+00  1.7867424e-02  4.09406e-04  1.00000e+00  1.76147e-02  1.77214e-02
1.271816069e+00  1.7989300e-02  4.11244e-04  1.00000e+00  1.77701e-02  1.78779e-02
1.272240008e+00  1.8083836e-02  4.12807e-04  1.00000e+00  1.79020e-02  1.80107e-02
1.272664088e+00  1.8157011e-02  4.14094e-04  1.00000e+00  1.80098e-02  1.81193e-02
1.273088309e+00  1.8215575e-02  4.15143e-04  1.00000e+00  1.80966e-02  1.82069e-02
1.273512672e+00  1.8265402e-02  4.16008e-04  1.00000e+00  1.81670e-02  1.82779e-02
1.273937176e+00  1.8310726e-02  4.16746e-04  1.00000e+00  1.82259e-02  1.83374e-02
1.274361822e+00  1.8354122e-02  4.17403e-04  1.00000e+00  1.82774e-02  1.83894e-02
1.274786609e+00  1.8396895e-02  4.18016e-04  1.00000e+00  1.83245e-02  1.84371e-02
1.275211538e+00  1.8439603e-02  4.18604e-04  1.00000e+00  1.83694e-02  1.84826e-02
1.275636609e+00  1.8482448e-02  4.19180e-04  1.00000e+00  1.84132e-02  1.85271e-02
1.276061821e+00  1.8525489e-02  4.19751e-04  1.00000e+00  1.84568e-02  1.85712e-02
1.276487175e+00  1.8568663e-02  4.20317e-04  1.00000e+00  1.85004e-02  1.86154e-02
1.276912670e+00  1.8611738e-02  4.20880e-04  1.00000e+00  1.85440e-02  1.86596e-02
1.277338308e+00  1.8654268e-02  4.21436e-04  1.00000e+00  1.85876e-02  1.87036e-02
1.277764087e+00  1.8695637e-02  4.21982e-04  1.00000e+00  1.86307e-02  1.87471e-02
1.278190009e+00  1.8735169e-02  4.22513e-04  1.00000e+00  1.86726e-02  1.87895e-02
1.278616072e+00  1.8772260e-02  4.23023e-04  1.00000e+00  1.87128e-02  1.88300e-02
1.279042278e+00  1.8806498e-02  4.23509e-04  1.00000e+00  1.87506e-02  1.88682e-02
1.279468625e+00  1.8837706e-02  4.23967e-04  1.00000e+00  1.87856e-02  1.89037e-02
1.279895114e+00  1.8865924e-02  4.24397e-04  1.00000e+00  1.88178e-02  1.89363e-02
1.280321746e+00  1.8891335e-02  4.24799e-04  1.00000e+00  1.88471e-02  1.89660e-02
1.280748520e+00  1.8914192e-02  4.25172e-04  1.00000e+00  1.88737e-02  1.89930e-02
1.281175436e+00  1.8934757e-02  4.25519e-04  1.00000e+00  1.88979e-02  1.90176e-02
1.281602495e+00  1.8953258e-02  4.25839e-04  1.00000e+00  1.89199e-02  1.90400e-02
1.282029696e+00  1.8969890e-02  4.26135e-04  1.00000e+00  1.89399e-02  1.90604e-02
1.282457039e+00  1.8984817e-02  4.26406e-04  1.00000e+00  1.89581e-02  1.90788e-02
1.282884524e+00  1.8998188e-02  4.26655e-04  1.00000e+00  1.89745e-02  1.90955e-02
1.283312153e+00  1.9010151e-02  4.26882e-04  1.00000e+00  1.89892e-02  1.91104e-02
1.283739923e+00  1.9020852e-02  4.27090e-04  1.00000e+00  1.90025e-02  1.91239e-02
1.284167837e+00  1.9030421e-02  4.27280e-04  1.00000e+00  1.90144e-02  1.91360e-02
1.284595893e+00  1.9038948e-02  4.27454e-04  1.00000e+00  1.90251e-02  1.91469e-02
1.285024091e+00  1.9046471e-02  4.27612e-04  1.00000e+00  1.90348e-02  1.91566e-02
1.285452433e+00  1.9052980e-02  4.27755e-04  1.00000e+00  1.90433e-02  1.91652e-02
1.285880917e+00  1.9058447e-02  4.27884e-04  1.00000e+00  1.90507e-02  1.91727e-02
1.286309544e+00  1.9062875e-02  4.27999e-04  1.00000e+00  1.90569e-02  1.91789e-02
1.286738314e+00  1.9066335e-02  4.28102e-04  1.00000e+00  1.90618e-02  1.91839e-02
1.287167226e+00  1.9068991e-02  4.28196e-04  1.00000e+00  1.90655e-02  1.91877e-02
1.287596282e+00  1.9071082e-02  4.28285e-04  1.00000e+00  1.90682e-02  1.91905e-02
1.288025481e+00  1.9072876e-02  4.28371e-04  1.00000e+00  1.90701e-02  1.91926e-02
1.288454823e+00  1.9074610e-02  4.28458e-04  1.00000e+00  1.90717e-02  1.91944e-02
1.288884308e+00  1.9076446e-02  4.28546e-04  1.00000e+00  1.90733e-02  1.91962e-02
1.289313936e+00  1.9078444e-02  4.28636e-04  1.00000e+00  1.90750e-02  1.91982e-02
1.289743707e+00  1.9080564e-02  4.28728e-04  1.00000e+00  1.90770e-02  1.92004e-02
1.290173622e+00  1.9082681e-02  4.28820e-04  1.00000e+00  1.90792e-02  1.92028e-02
1.290603679e+00  1.9084606e-02  4.28911e-04  1.00000e+00  1.90814e-02  1.92051e-02
1.291033881e+00  1.9086104e-02  4.29000e-04  1.00000e+00  1.90832e-02  1.92072e-02
1.291464225e+00  1.9086913e-02  4.29086e-04  1.00000e+00  1.90845e-02  1.92087e-02
1.291894713e+00  1.9086764e-02  4.29169e-04  1.00000e+00  1.90849e-02  1.92094e-02
1.292325345e+00  1.9085430e-02  4.29247e-04  1.00000e+00  1.90844e-02  1.92092e-02
1.292756120e+00  1.9082781e-02  4.29318e-04  1.00000e+00  1.90829e-02  1.92080e-02
1.293187039e+00  1.9078835e-02  4.29379e-04  1.00000e+00  1.90805e-02  1.92059e-02
1.293618101e+00  1.9073790e-02  4.29428e-04  1.00000e+00  1.90773e-02  1.92031e-02
1.294049307e+00  1.9068015e-02  4.29462e-04  1.00000e+00  1.90735e-02  1.91995e-02
1.294480657e+00  1.9061989e-02  4.29483e-04  1.00000e+00  1.90693e-02  1.91954e-02
1.294912151e+00  1.9056203e-02  4.29491e-04  1.00000e+00  1.90649e-02  1.91911e-02
1.295343788e+00  1.9051051e-02  4.29492e-04  1.00000e+00  1.90605e-02  1.91867e-02
1.295775569e+00  1.9046727e-02  4.29489e-04  1.00000e+00  1.90564e-02  1.91825e-02
1.296207494e+00  1.9043163e-02  4.29486e-04  1.00000e+00  1.90525e-02  1.91785e-02
1.296639564e+00  1.9040023e-02  4.29487e-04  1.00000e+00  1.90489e-02  1.91748e-02
1.297071777e+00  1.9036791e-02  4.29490e-04  1.00000e+00  1.90453e-02  1.91712e-02
1.297504134e+00  1.9032916e-02  4.29495e-04  1.00000e+00  1.90415e-02  1.91674e-02
1.297936635e+00  1.9027977e-02  4.29498e-04  1.00000e+00  1.90372e-02  1.91631e-02
1.298369281e+00  1.9021833e-02  4.29495e-04  1.00000e+00  1.90321e-02  1.91580e-02
1.298802071e+00  1.9014621e-02  4.29483e-04  1.00000e+00  1.90261e-02  1.91521e-02
1.299235005e+00  1.9006645e-02  4.29463e-04  1.00000e+00  1.90192e-02  1.91453e-02
1.299668083e+00  1.8998154e-02  4.29435e-04  1.00000e+00  1.90117e-02  1.91378e-02
1.300101306e+00  1.8989118e-02  4.29401e-04  1.00000e+00  1.90035e-02  1.91297e-02
1.300534673e+00  1.8979139e-02  4.29359e-04  1.00000e+00  1.89947e-02  1.91208e-02
1.300968184e+00  1.8967563e-02  4.29308e-04  1.00000e+00  1.89848e-02  1.91110e-02
1.301401840e+00  1.8953773e-02  4.29241e-04  1.00000e+00  1.89735e-02  1.90997e-02
1.301835641e+00  1.8937527e-02  4.29155e-04  1.00000e+00  1.89602e-02  1.90864e-02
1.302269586e+00  1.8919178e-02  4.29047e-04  1.00000e+00  1.89448e-02  1.90710e-02
1.302703676e+00  1.8899648e-02  4.28919e-04  1.00000e+00  1.89275e-02  1.90538e-02
1.303137911e+00  1.8880146e-02  4.28779e-04  1.00000e+00  1.89091e-02  1.90354e-02
1.303572290e+00  1.8861772e-02  4.28635e-04  1.00000e+00  1.88906e-02  1.90169e-02
1.304006814e+00  1.8845191e-02  4.28496e-04  1.00000e+00  1.88729e-02  1.89991e-02
1.304441483e+00  1.8830518e-02  4.28367e-04  1.00000e+00  1.88565e-02  1.89827e-02
1.304876297e+00  1.8817452e-02  4.28250e-04  1.00000e+00  1.88418e-02  1.89678e-02
1.305311256e+00  1.8805558e-02  4.28144e-04  1.00000e+00  1.88287e-02  1.89545e-02
1.305746359e+00  1.8794482e-02  4.28045e-04  1.00000e+00  1.88167e-02  1.89423e-02
1.306181608e+00  1.8784042e-02  4.27951e-04  1.00000e+00  1.88057e-02  1.89310e-02
1.306617002e+00  1.8774149e-02  4.27862e-04  1.00000e+00  1.87953e-02  1.89203e-02
1.307052541e+00  1.8764676e-02  4.27776e-04  1.00000e+00  1.87852e-02  1.89100e-02
1.307488225e+00  1.8755407e-02  4.27694e-04  1.00000e+00  1.87754e-02  1.88999e-02
1.307924055e+00  1.8746075e-02  4.27617e-04  1.00000e+00  1.87655e-02  1.88897e-02
1.308360029e+00  1.8736448e-02  4.27543e-04  1.00000e+00  1.87554e-02  1.88794e-02
1.308796149e+00  1.8726326e-02  4.27473e-04  1.00000e+00  1.87448e-02  1.88688e-02
1.309232415e+00  1.8715385e-02  4.27406e-04  1.00000e+00  1.87337e-02  1.88576e-02
1.309668825e+00  1.8702970e-02  4.27338e-04  1.00000e+00  1.87218e-02  1.88458e-02
1.310105382e+00  1.8688052e-02  4.27263e-04  1.00000e+00  1.87086e-02  1.88327e-02
1.310542084e+00  1.8669477e-02  4.27169e-04  1.00000e+00  1.86934e-02  1.88177e-02
1.310978931e+00  1.8646553e-02  4.27044e-04  1.00000e+00  1.86755e-02  1.88000e-02
1.311415924e+00  1.8619719e-02  4.26879e-04  1.00000e+00  1.86545e-02  1.87790e-02
1.311853063e+00  1.8590972e-02  4.26673e-04  1.00000e+00  1.86305e-02  1.87551e-02
1.312290347e+00  1.8563672e-02  4.26440e-04  1.00000e+00  1.86052e-02  1.87296e-02
1.312727777e+00  1.8541726e-02  4.26208e-04  1.00000e+00  1.85808e-02  1.87051e-02
1.313165353e+00  1.8528386e-02  4.26010e-04  1.00000e+00  1.85603e-02  1.86843e-02
1.313603075e+00  1.8525075e-02  4.25879e-04  1.00000e+00  1.85462e-02  1.86700e-02
1.314040942e+00  1.8530744e-02  4.25832e-04  1.00000e+00  1.85400e-02  1.86635e-02
1.314478956e+00  1.8541968e-02  4.25869e-04  1.00000e+00  1.85411e-02  1.86644e-02
1.314917116e+00  1.8553747e-02  4.25966e-04  1.00000e+00  1.85473e-02  1.86704e-02
1.315355421e+00  1.8560696e-02  4.26082e-04  1.00000e+00  1.85548e-02  1.86779e-02
1.315793873e+00  1.8558321e-02  4.26171e-04  1.00000e+00  1.85596e-02  1.86825e-02
1.316232471e+00  1.8543953e-02  4.26188e-04  1.00000e+00  1.85576e-02  1.86804e-02
1.316671215e+00  1.8517269e-02  4.26100e-04  1.00000e+00  1.85462e-02  1.86689e-02
1.317110106e+00  1.8480307e-02  4.25899e-04  1.00000e+00  1.85245e-02  1.86470e-02
1.317549142e+00  1.8437007e-02  4.25593e-04  1.00000e+00  1.84935e-02  1.86158e-02
1.317988325e+00  1.8392418e-02  4.25213e-04  1.00000e+00  1.84560e-02  1.85779e-02
1.318427655e+00  1.8351685e-02  4.24804e-04  1.00000e+00  1.84157e-02  1.85374e-02
1.318867131e+00  1.8319035e-02  4.24415e-04  1.00000e+00  1.83772e-02  1.84986e-02
1.319306753e+00  1.8296985e-02  4.24088e-04  1.00000e+00  1.83441e-02  1.84654e-02
1.319746522e+00  1.8286005e-02  4.23853e-04  1.00000e+00  1.83194e-02  1.84404e-02
1.320186438e+00  1.8284755e-02  4.23724e-04  1.00000e+00  1.83040e-02  1.84250e-02
1.320626500e+00  1.8290832e-02  4.23694e-04  1.00000e+00  1.82977e-02  1.84186e-02
1.321066709e+00  1.8301708e-02  4.23747e-04  1.00000e+00  1.82990e-02  1.84197e-02
1.321507064e+00  1.8315536e-02  4.23861e-04  1.00000e+00  1.83059e-02  1.84266e-02
1.321947567e+00  1.8331454e-02  4.24018e-04  1.00000e+00  1.83168e-02  1.84375e-02
1.322388216e+00  1.8349256e-02  4.24209e-04  1.00000e+00  1.83308e-02  1.84514e-02
1.322829012e+00  1.8368604e-02  4.24425e-04  1.00000e+00  1.83470e-02  1.84677e-02
1.323269955e+00  1.8388111e-02  4.24660e-04  1.00000e+00  1.83649e-02  1.84855e-02
1.323711045e+00  1.8404763e-02  4.24897e-04  1.00000e+00  1.83830e-02  1.85036e-02
1.324152282e+00  1.8414013e-02  4.25107e-04  1.00000e+00  1.83987e-02  1.85193e-02
1.324593666e+00  1.8410517e-02  4.25245e-04  1.00000e+00  1.84083e-02  1.85289e-02
1.325035197e+00  1.8389379e-02  4.25261e-04  1.00000e+00  1.84073e-02  1.85277e-02
1.325476875e+00  1.8347453e-02  4.25104e-04  1.00000e+00  1.83916e-02  1.85117e-02
1.325918701e+00  1.8284206e-02  4.24738e-04  1.00000e+00  1.83580e-02  1.84776e-02
1.326360674e+00  1.8201966e-02  4.24147e-04  1.00000e+00  1.83055e-02  1.84245e-02
1.326802794e+00  1.8105348e-02  4.23343e-04  1.00000e+00  1.82354e-02  1.83534e-02
1.327245062e+00  1.8000126e-02  4.22359e-04  1.00000e+00  1.81507e-02  1.82677e-02
1.327687477e+00  1.7891988e-02  4.21244e-04  1.00000e+00  1.80559e-02  1.81716e-02
1.328130039e+00  1.7785472e-02  4.20050e-04  1.00000e+00  1.79558e-02  1.80702e-02
1.328572749e+00  1.7683664e-02  4.18825e-04  1.00000e+00  1.78546e-02  1.79675e-02
1.329015607e+00  1.7588566e-02  4.17609e-04  1.00000e+00  1.77556e-02  1.78669e-02
1.329458612e+00  1.7501987e-02  4.16432e-04  1.00000e+00  1.76613e-02  1.77711e-02
1.329901765e+00  1.7426409e-02  4.15323e-04  1.00000e+00  1.75742e-02  1.76824e-02
1.330345066e+00  1.7365354e-02  4.14316e-04  1.00000e+00  1.74969e-02  1.76035e-02
1.330788514e+00  1.7322954e-02  4.13450e-04  1.00000e+00  1.74326e-02  1.75377e-02
1.331232110e+00  1.7302782e-02  4.12771e-04  1.00000e+00  1.73850e-02  1.74887e-02
1.331675854e+00  1.7306484e-02  4.12318e-04  1.00000e+00  1.73573e-02  1.74597e-02
1.332119746e+00  1.7332687e-02  4.12111e-04  1.00000e+00  1.73511e-02  1.74523e-02
1.332563786e+00  1.7376663e-02  4.12146e-04  1.00000e+00  1.73656e-02  1.74657e-02
1.333007974e+00  1.7430992e-02  4.12384e-04  1.00000e+00  1.73973e-02  1.74966e-02
1.333452310e+00  1.7486917e-02  4.12761e-04  1.00000e+00  1.74403e-02  1.75389e-02
1.333896794e+00  1.7536132e-02  4.13198e-04  1.00000e+00  1.74872e-02  1.75853e-02
1.334341426e+00  1.7572448e-02  4.13615e-04  1.00000e+00  1.75308e-02  1.76285e-02
1.334786207e+00  1.7592883e-02  4.13950e-04  1.00000e+00  1.75651e-02  1.76626e-02
1.335231136e+00  1.7597878e-02  4.14167e-04  1.00000e+00  1.75867e-02  1.76840e-02
1.335676213e+00  1.7590601e-02  4.14260e-04  1.00000e+00  1.75948e-02  1.76921e-02
1.336121438e+00  1.7575583e-02  4.14249e-04  1.00000e+00  1.75913e-02  1.76887e-02
1.336566812e+00  1.7557135e-02  4.14168e-04  1.00000e+00  1.75795e-02  1.76770e-02
1.337012334e+00  1.7538269e-02  4.14052e-04  1.00000e+00  1.75631e-02  1.76608e-02
1.337458005e+00  1.7520300e-02  4.13929e-04  1.00000e+00  1.75450e-02  1.76429e-02
1.337903824e+00  1.7503291e-02  4.13810e-04  1.00000e+00  1.75271e-02  1.76252e-02
1.338349792e+00  1.7486748e-02  4.13697e-04  1.00000e+00  1.75101e-02  1.76082e-02
1.338795909e+00  1.7470051e-02  4.13584e-04  1.00000e+00  1.74939e-02  1.75921e-02
1.339242174e+00  1.7452227e-02  4.13462e-04  1.00000e+00  1.74781e-02  1.75762e-02
1.339688588e+00  1.7430858e-02  4.13315e-04  1.00000e+00  1.74614e-02  1.75594e-02
1.340135151e+00  1.7400984e-02  4.13115e-04  1.00000e+00  1.74412e-02  1.75390e-02
1.340581863e+00  1.7354653e-02  4.12810e-04  1.00000e+00  1.74129e-02  1.75104e-02
1.341028723e+00  1.7281812e-02  4.12326e-04  1.00000e+00  1.73695e-02  1.74665e-02
1.341475733e+00  1.7172622e-02  4.11565e-04  1.00000e+00  1.73024e-02  1.73990e-02
1.341922891e+00  1.7020373e-02  4.10432e-04  1.00000e+00  1.72033e-02  1.72993e-02
1.342370199e+00  1.6823621e-02  4.08853e-04  1.00000e+00  1.70660e-02  1.71612e-02
1.342817656e+00  1.6586578e-02  4.06799e-04  1.00000e+00  1.68883e-02  1.69826e-02
1.343265262e+00  1.6317314e-02  4.04285e-04  1.00000e+00  1.66723e-02  1.67656e-02
1.343713017e+00  1.6024443e-02  4.01366e-04  1.00000e+00  1.64234e-02  1.65155e-02
1.344160921e+00  1.5713958e-02  3.98108e-04  1.00000e+00  1.61481e-02  1.62388e-02
1.344608975e+00  1.5387789e-02  3.94562e-04  1.00000e+00  1.58514e-02  1.59408e-02
1.345057178e+00  1.5044760e-02  3.90750e-04  1.00000e+00  1.55362e-02  1.56239e-02
1.345505530e+00  1.4683567e-02  3.86669e-04  1.00000e+00  1.52028e-02  1.52889e-02
1.345954032e+00  1.4306120e-02  3.82313e-04  1.00000e+00  1.48518e-02  1.49361e-02
1.346402683e+00  1.3919245e-02  3.77701e-04  1.00000e+00  1.44854e-02  1.45677e-02
1.346851484e+00  1.3533613e-02  3.72897e-04  1.00000e+00  1.41091e-02  1.41895e-02
1.347300435e+00  1.3160330e-02  3.68004e-04  1.00000e+00  1.37314e-02  1.38097e-02
1.347749535e+00  1.2806537e-02  3.63136e-04  1.00000e+00  1.33610e-02  1.34372e-02
1.348198785e+00  1.2472331e-02  3.58379e-04  1.00000e+00  1.30042e-02  1.30783e-02
1.348648184e+00  1.2150403e-02  3.53756e-04  1.00000e+00  1.26621e-02  1.27344e-02
1.349097734e+00  1.1828343e-02  3.49210e-04  1.00000e+00  1.23305e-02  1.24008e-02
1.349547433e+00  1.1492397e-02  3.44624e-04  1.00000e+00  1.20006e-02  1.20689e-02
1.349997282e+00  1.1131058e-02  3.39841e-04  1.00000e+00  1.16614e-02  1.17278e-02
1.350447281e+00  1.0737094e-02  3.34710e-04  1.00000e+00  1.13031e-02  1.13674e-02
1.350897430e+00  1.0308152e-02  3.29107e-04  1.00000e+00  1.09181e-02  1.09801e-02
1.351347729e+00  9.8464747e-03  3.22951e-04  1.00000e+00  1.05027e-02  1.05623e-02
1.351798179e+00  9.3587456e-03  3.16217e-04  1.00000e+00  1.00573e-02  1.01144e-02
1.352248778e+00  8.8562689e-03  3.08942e-04  1.00000e+00  9.58663e-03  9.64108e-03
1.352699528e+00  8.3548468e-03  3.01231e-04  1.00000e+00  9.09975e-03  9.15145e-03
1.353150427e+00  7.8735185e-03  2.93273e-04  1.00000e+00  8.60999e-03  8.65896e-03
1.353601478e+00  7.4315811e-03  2.85322e-04  1.00000e+00  8.13372e-03  8.18004e-03
1.354052678e+00  7.0443639e-03  2.77676e-04  1.00000e+00  7.68785e-03  7.73171e-03
1.354504029e+00  6.7190020e-03  2.70614e-04  1.00000e+00  7.28656e-03  7.32820e-03
1.354955530e+00  6.4520187e-03  2.64329e-04  1.00000e+00  6.93784e-03  6.97756e-03
1.355407182e+00  6.2297413e-03  2.58870e-04  1.00000e+00  6.64135e-03  6.67944e-03
1.355858985e+00  6.0315796e-03  2.54122e-04  1.00000e+00  6.38826e-03  6.42494e-03
1.356310938e+00  5.8350598e-03  2.49826e-04  1.00000e+00  6.16327e-03  6.19869e-03
1.356763041e+00  5.6209124e-03  2.45649e-04  1.00000e+00  5.94823e-03  5.98242e-03
1.357215296e+00  5.3766886e-03  2.41253e-04  1.00000e+00  5.72610e-03  5.75901e-03
1.357667701e+00  5.0983907e-03  2.36367e-04  1.00000e+00  5.48425e-03  5.51577e-03
1.358120257e+00  4.7902805e-03  2.30829e-04  1.00000e+00  5.21648e-03  5.24645e-03
1.358572963e+00  4.4636853e-03  2.24610e-04  1.00000e+00  4.92358e-03  4.95186e-03
1.359025821e+00  4.1354569e-03  2.17816e-04  1.00000e+00  4.61304e-03  4.63954e-03
1.359478830e+00  3.8260820e-03  2.10695e-04  1.00000e+00  4.29794e-03  4.32265e-03
1.359931989e+00  3.5572770e-03  2.03622e-04  1.00000e+00  3.99544e-03  4.01842e-03
1.360385300e+00  3.3486843e-03  1.97070e-04  1.00000e+00  3.72448e-03  3.74593e-03
1.360838762e+00  3.2140707e-03  1.91549e-04  1.00000e+00  3.50296e-03  3.52315e-03
1.361292375e+00  3.1581787e-03  1.87506e-04  1.00000e+00  3.34450e-03  3.36379e-03
1.361746139e+00  3.1752681e-03  1.85211e-04  1.00000e+00  3.25561e-03  3.27440e-03
1.362200054e+00  3.2504302e-03  1.84680e-04  1.00000e+00  3.23434e-03  3.25301e-03
1.362654121e+00  3.3631761e-03  1.85670e-04  1.00000e+00  3.27079e-03  3.28968e-03
1.363108339e+00  3.4919823e-03  1.87756e-04  1.00000e+00  3.34945e-03  3.36880e-03
1.363562708e+00  3.6181200e-03  1.90445e-04  1.00000e+00  3.45252e-03  3.47248e-03
1.364017229e+00  3.7274687e-03  1.93282e-04  1.00000e+00  3.56293e-03  3.58353e-03
1.364471902e+00  3.8106252e-03  1.95903e-04  1.00000e+00  3.66628e-03  3.68749e-03
1.364926726e+00  3.8621548e-03  1.98047e-04  1.00000e+00  3.75169e-03  3.77340e-03
1.365381701e+00  3.8803060e-03  1.99551e-04  1.00000e+00  3.81187e-03  3.83394e-03
1.365836828e+00  3.8675615e-03  2.00343e-04  1.00000e+00  3.84331e-03  3.86557e-03
1.366292107e+00  3.8313215e-03  2.00449e-04  1.00000e+00  3.84668e-03  3.86897e-03
1.366747538e+00  3.7834684e-03  1.99995e-04  1.00000e+00  3.82717e-03  3.84935e-03
1.367203120e+00  3.7384806e-03  1.99206e-04  1.00000e+00  3.79399e-03  3.81600e-03
1.367658855e+00  3.7102067e-03  1.98368e-04  1.00000e+00  3.75893e-03  3.78074e-03
1.368114741e+00  3.7090643e-03  1.97775e-04  1.00000e+00  3.73395e-03  3.75563e-03
1.368570779e+00  3.7410028e-03  1.97680e-04  1.00000e+00  3.72910e-03  3.75076e-03
1.369026970e+00  3.8085827e-03  1.98258e-04  1.00000e+00  3.75145e-03  3.77325e-03
1.369483312e+00  3.9135124e-03  1.99614e-04  1.00000e+00  3.80554e-03  3.82766e-03
1.369939806e+00  4.0587549e-03  2.01818e-04  1.00000e+00  3.89481e-03  3.91746e-03
1.370396453e+00  4.2486960e-03  2.04929e-04  1.00000e+00  4.02287e-03  4.04626e-03
1.370853252e+00  4.4871162e-03  2.09001e-04  1.00000e+00  4.19363e-03  4.21803e-03
1.371310203e+00  4.7740005e-03  2.14050e-04  1.00000e+00  4.41009e-03  4.43576e-03
1.371767306e+00  5.1028126e-03  2.20007e-04  1.00000e+00  4.67212e-03  4.69934e-03
1.372224562e+00  5.4597930e-03  2.26692e-04  1.00000e+00  4.97459e-03  5.00360e-03
1.372681970e+00  5.8256893e-03  2.33815e-04  1.00000e+00  5.30658e-03  5.33756e-03
1.373139531e+00  6.1793907e-03  2.41022e-04  1.00000e+00  5.65250e-03  5.68556e-03
1.373597244e+00  6.5018426e-03  2.47951e-04  1.00000e+00  5.99450e-03  6.02962e-03
1.374055110e+00  6.7788518e-03  2.54291e-04  1.00000e+00  6.31536e-03  6.35243e-03
1.374513128e+00  7.0018015e-03  2.59816e-04  1.00000e+00  6.60082e-03  6.63964e-03
1.374971299e+00  7.1664370e-03  2.64382e-04  1.00000e+00  6.84062e-03  6.88092e-03
1.375429623e+00  7.2703791e-03  2.67914e-04  1.00000e+00  7.02801e-03  7.06950e-03
1.375888100e+00  7.3107064e-03  2.70363e-04  1.00000e+00  7.15832e-03  7.20065e-03
1.376346729e+00  7.2827325e-03  2.71680e-04  1.00000e+00  7.22727e-03  7.27007e-03
1.376805511e+00  7.1804595e-03  2.71791e-04  1.00000e+00  7.22994e-03  7.27282e-03
1.377264446e+00  6.9987408e-03  2.70598e-04  1.00000e+00  7.16102e-03  7.20355e-03
1.377723534e+00  6.7363442e-03  2.68004e-04  1.00000e+00  7.01615e-03  7.05787e-03
1.378182776e+00  6.3987249e-03  2.63943e-04  1.00000e+00  6.79414e-03  6.83460e-03
1.378642170e+00  5.9995968e-03  2.58424e-04  1.00000e+00  6.49917e-03  6.53795e-03
1.379101717e+00  5.5607546e-03  2.51567e-04  1.00000e+00  6.14224e-03  6.17896e-03
1.379561418e+00  5.1100791e-03  2.43619e-04  1.00000e+00  5.74130e-03  5.77570e-03
1.380021272e+00  4.6783057e-03  2.34968e-04  1.00000e+00  5.32001e-03  5.35197e-03
1.380481279e+00  4.2953871e-03  2.26123e-04  1.00000e+00  4.90539e-03  4.93495e-03
1.380941439e+00  3.9872594e-03  2.17685e-04  1.00000e+00  4.52495e-03  4.55232e-03
1.381401753e+00  3.7733274e-03  2.10297e-04  1.00000e+00  4.20378e-03  4.22929e-03
1.381862220e+00  3.6651137e-03  2.04565e-04  1.00000e+00  3.96215e-03  3.98628e-03
1.382322841e+00  3.6659053e-03  2.00977e-04  1.00000e+00  3.81389e-03  3.83720e-03
1.382783615e+00  3.7712263e-03  1.99818e-04  1.00000e+00  3.76564e-03  3.78872e-03
1.383244543e+00  3.9700510e-03  2.01120e-04  1.00000e+00  3.81686e-03  3.84031e-03
1.383705625e+00  4.2464799e-03  2.04673e-04  1.00000e+00  3.96059e-03  3.98498e-03
1.384166860e+00  4.5817437e-03  2.10081e-04  1.00000e+00  4.18471e-03  4.21054e-03
1.384628249e+00  4.9565163e-03  2.16850e-04  1.00000e+00  4.47365e-03  4.50133e-03
1.385089792e+00  5.3532756e-03  2.24485e-04  1.00000e+00  4.81045e-03  4.84029e-03
1.385551488e+00  5.7581801e-03  2.32551e-04  1.00000e+00  5.17885e-03  5.21103e-03
1.386013339e+00  6.1620671e-03  2.40718e-04  1.00000e+00  5.56497e-03  5.59962e-03
1.386475343e+00  6.5596932e-03  2.48762e-04  1.00000e+00  5.95836e-03  5.99552e-03
1.386937502e+00  6.9473023e-03  2.56550e-04  1.00000e+00  6.35161e-03  6.39125e-03
1.387399814e+00  7.3190311e-03  2.63986e-04  1.00000e+00  6.73863e-03  6.78069e-03
1.387862281e+00  7.6636565e-03  2.70966e-04  1.00000e+00  7.11211e-03  7.15650e-03
1.388324901e+00  7.9634142e-03  2.77326e-04  1.00000e+00  7.46105e-03  7.50759e-03
1.388787676e+00  8.1959142e-03  2.82833e-04  1.00000e+00  7.76974e-03  7.81817e-03
1.389250606e+00  8.3390608e-03  2.87208e-04  1.00000e+00  8.01904e-03  8.06900e-03
1.389713689e+00  8.3770848e-03  2.90175e-04  1.00000e+00  8.18980e-03  8.24080e-03
1.390176927e+00  8.3052875e-03  2.91527e-04  1.00000e+00  8.26726e-03  8.31873e-03
1.390640319e+00  8.1315338e-03  2.91176e-04  1.00000e+00  8.24491e-03  8.29625e-03
1.391103866e+00  7.8739315e-03  2.89172e-04  1.00000e+00  8.12607e-03  8.17670e-03
1.391567567e+00  7.5562874e-03  2.85692e-04  1.00000e+00  7.92299e-03  7.97241e-03
1.392031423e+00  7.2038050e-03  2.81006e-04  1.00000e+00  7.65407e-03  7.70187e-03
1.392495434e+00  6.8412150e-03  2.75439e-04  1.00000e+00  7.34090e-03  7.38681e-03
1.392959599e+00  6.4938209e-03  2.69365e-04  1.00000e+00  7.00665e-03  7.05055e-03
1.393423919e+00  6.1897509e-03  2.63217e-04  1.00000e+00  6.67618e-03  6.71808e-03
1.393888393e+00  5.9605589e-03  2.57521e-04  1.00000e+00  6.37685e-03  6.41695e-03
1.394353023e+00  5.8375414e-03  2.52890e-04  1.00000e+00  6.13823e-03  6.17691e-03
1.394817807e+00  5.8434436e-03  2.49958e-04  1.00000e+00  5.98884e-03  6.02666e-03
1.395282746e+00  5.9823341e-03  2.49211e-04  1.00000e+00  5.94993e-03  5.98759e-03
1.395747841e+00  6.2320422e-03  2.50797e-04  1.00000e+00  6.02773e-03  6.06594e-03
1.396213090e+00  6.5439544e-03  2.54387e-04  1.00000e+00  6.20759e-03  6.24700e-03
1.396678494e+00  6.8520573e-03  2.59203e-04  1.00000e+00  6.45329e-03  6.49432e-03
1.397144054e+00  7.0897395e-03  2.64205e-04  1.00000e+00  6.71325e-03  6.75597e-03
1.397609769e+00  7.2090060e-03  2.68365e-04  1.00000e+00  6.93274e-03  6.97688e-03
1.398075638e+00  7.1954288e-03  2.70925e-04  1.00000e+00  7.06864e-03  7.11367e-03
1.398541664e+00  7.0729258e-03  2.71578e-04  1.00000e+00  7.10183e-03  7.14710e-03
1.399007844e+00  6.8961411e-03  2.70527e-04  1.00000e+00  7.04264e-03  7.08757e-03
1.399474180e+00  6.7329228e-03  2.68425e-04  1.00000e+00  6.92720e-03  6.97144e-03
1.399940672e+00  6.6426368e-03  2.66191e-04  1.00000e+00  6.80562e-03  6.84916e-03
1.400407318e+00  6.6580851e-03  2.64737e-04  1.00000e+00  6.72617e-03  6.76927e-03
1.400874121e+00  6.7771528e-03  2.64678e-04  1.00000e+00  6.72055e-03  6.76370e-03
1.401341079e+00  6.9666515e-03  2.66144e-04  1.00000e+00  6.79556e-03  6.83928e-03
1.401808193e+00  7.1762859e-03  2.68779e-04  1.00000e+00  6.93345e-03  6.97814e-03
1.402275462e+00  7.3569300e-03  2.71926e-04  1.00000e+00  7.10027e-03  7.14611e-03
1.402742887e+00  7.4761282e-03  2.74882e-04  1.00000e+00  7.25858e-03  7.30551e-03
1.403210468e+00  7.5257254e-03  2.77133e-04  1.00000e+00  7.37961e-03  7.42737e-03
1.403678205e+00  7.5198349e-03  2.78466e-04  1.00000e+00  7.45066e-03  7.49891e-03
1.404146098e+00  7.4855426e-03  2.78967e-04  1.00000e+00  7.47586e-03  7.52429e-03
1.404614146e+00  7.4513105e-03  2.78929e-04  1.00000e+00  7.47129e-03  7.51970e-03
1.405082351e+00  7.4378129e-03  2.78718e-04  1.00000e+00  7.45725e-03  7.50557e-03
1.405550712e+00  7.4543321e-03  2.78650e-04  1.00000e+00  7.45125e-03  7.49954e-03
1.406019229e+00  7.5007143e-03  2.78921e-04  1.00000e+00  7.46420e-03  7.51259e-03
1.406487902e+00  7.5727228e-03  2.79607e-04  1.00000e+00  7.50032e-03  7.54896e-03
1.406956731e+00  7.6676264e-03  2.80711e-04  1.00000e+00  7.55992e-03  7.60897e-03
1.407425717e+00  7.7874928e-03  2.82229e-04  1.00000e+00  7.64301e-03  7.69264e-03
1.407894859e+00  7.9390129e-03  2.84197e-04  1.00000e+00  7.75190e-03  7.80230e-03
1.408364157e+00  8.1301204e-03  2.86692e-04  1.00000e+00  7.89153e-03  7.94291e-03
1.408833612e+00  8.3649609e-03  2.89800e-04  1.00000e+00  8.06750e-03  8.12009e-03
1.409303223e+00  8.6391681e-03  2.93551e-04  1.00000e+00  8.28263e-03  8.33670e-03
1.409772991e+00  8.9376190e-03  2.97863e-04  1.00000e+00  8.53347e-03  8.58926e-03
1.410242915e+00  9.2358466e-03  3.02520e-04  1.00000e+00  8.80836e-03  8.86601e-03
1.410712996e+00  9.5052602e-03  3.07191e-04  1.00000e+00  9.08806e-03  9.14761e-03
1.411183234e+00  9.7209489e-03  3.11501e-04  1.00000e+00  9.34946e-03  9.41077e-03
1.411653628e+00  9.8696939e-03  3.15124e-04  1.00000e+00  9.57135e-03  9.63418e-03
1.412124179e+00  9.9551495e-03  3.17876e-04  1.00000e+00  9.74070e-03  9.80469e-03
1.412594887e+00  9.9980881e-03  3.19771e-04  1.00000e+00  9.85716e-03  9.92198e-03
1.413065752e+00  1.0030681e-02  3.21032e-04  1.00000e+00  9.93393e-03  9.99931e-03
1.413536774e+00  1.0086168e-02  3.22027e-04  1.00000e+00  9.99413e-03  1.00600e-02
1.414007953e+00  1.0187093e-02  3.23160e-04  1.00000e+00  1.00634e-02  1.01298e-02
1.414479289e+00  1.0336381e-02  3.24731e-04  1.00000e+00  1.01611e-02  1.02283e-02
1.414950782e+00  1.0515025e-02  3.26819e-04  1.00000e+00  1.02928e-02  1.03608e-02
1.415422432e+00  1.0687687e-02  3.29245e-04  1.00000e+00  1.04473e-02  1.05165e-02
1.415894240e+00  1.0814986e-02  3.31631e-04  1.00000e+00  1.06002e-02  1.06705e-02
1.416366205e+00  1.0868006e-02  3.33531e-04  1.00000e+00  1.07221e-02  1.07933e-02
1.416838327e+00  1.0839773e-02  3.34592e-04  1.00000e+00  1.07891e-02  1.08608e-02
1.417310606e+00  1.0749248e-02  3.34690e-04  1.00000e+00  1.07922e-02  1.08640e-02
1.417783043e+00  1.0636373e-02  3.33984e-04  1.00000e+00  1.07421e-02  1.08136e-02
1.418255637e+00  1.0549886e-02  3.32890e-04  1.00000e+00  1.06663e-02  1.07374e-02
1.418728389e+00  1.0532257e-02  3.31967e-04  1.00000e+00  1.06017e-02  1.06725e-02
1.419201299e+00  1.0607094e-02  3.31752e-04  1.00000e+00  1.05835e-02  1.06542e-02
1.419674366e+00  1.0773172e-02  3.32598e-04  1.00000e+00  1.06347e-02  1.07058e-02
1.420147591e+00  1.1006831e-02  3.34574e-04  1.00000e+00  1.07606e-02  1.08327e-02
1.420620973e+00  1.1271274e-02  3.37471e-04  1.00000e+00  1.09485e-02  1.10219e-02
1.421094513e+00  1.1529112e-02  3.40890e-04  1.00000e+00  1.11734e-02  1.12483e-02
1.421568212e+00  1.1753306e-02  3.44395e-04  1.00000e+00  1.14064e-02  1.14829e-02
1.422042068e+00  1.1933076e-02  3.47634e-04  1.00000e+00  1.16238e-02  1.17019e-02
1.422516082e+00  1.2073084e-02  3.50424e-04  1.00000e+00  1.18123e-02  1.18917e-02
1.422990254e+00  1.2187252e-02  3.52748e-04  1.00000e+00  1.19700e-02  1.20505e-02
1.423464584e+00  1.2290537e-02  3.54709e-04  1.00000e+00  1.21033e-02  1.21848e-02
1.423939072e+00  1.2392051e-02  3.56443e-04  1.00000e+00  1.22214e-02  1.23038e-02
1.424413718e+00  1.2492246e-02  3.58052e-04  1.00000e+00  1.23313e-02  1.24145e-02
1.424888523e+00  1.2584545e-02  3.59565e-04  1.00000e+00  1.24347e-02  1.25188e-02
1.425363486e+00  1.2659827e-02  3.60940e-04  1.00000e+00  1.25286e-02  1.26134e-02
1.425838607e+00  1.2711012e-02  3.62098e-04  1.00000e+00  1.26072e-02  1.26927e-02
1.426313887e+00  1.2735600e-02  3.62972e-04  1.00000e+00  1.26653e-02  1.27513e-02
1.426789324e+00  1.2734895e-02  3.63525e-04  1.00000e+00  1.27000e-02  1.27865e-02
1.427264921e+00  1.2710924e-02  3.63754e-04  1.00000e+00  1.27109e-02  1.27976e-02
1.427740676e+00  1.2662954e-02  3.63663e-04  1.00000e+00  1.26982e-02  1.27850e-02
1.428216589e+00  1.2586221e-02  3.63234e-04  1.00000e+00  1.26606e-02  1.27474e-02
1.428692662e+00  1.2474121e-02  3.62414e-04  1.00000e+00  1.25948e-02  1.26813e-02
1.429168893e+00  1.2323185e-02  3.61133e-04  1.00000e+00  1.24963e-02  1.25824e-02
1.429645282e+00  1.2138778e-02  3.59355e-04  1.00000e+00  1.23634e-02  1.24488e-02
1.430121831e+00  1.1938213e-02  3.57134e-04  1.00000e+00  1.22009e-02  1.22854e-02
1.430598538e+00  1.1749167e-02  3.54653e-04  1.00000e+00  1.20225e-02  1.21058e-02
1.431075404e+00  1.1603134e-02  3.52220e-04  1.00000e+00  1.18496e-02  1.19318e-02
1.431552429e+00  1.1526262e-02  3.50207e-04  1.00000e+00  1.17075e-02  1.17888e-02
1.432029613e+00  1.1531018e-02  3.48950e-04  1.00000e+00  1.16186e-02  1.16992e-02
1.432506957e+00  1.1612114e-02  3.48656e-04  1.00000e+00  1.15956e-02  1.16760e-02
1.432984459e+00  1.1748034e-02  3.49327e-04  1.00000e+00  1.16382e-02  1.17190e-02
1.433462120e+00  1.1907626e-02  3.50767e-04  1.00000e+00  1.17332e-02  1.18147e-02
1.433939941e+00  1.2059227e-02  3.52647e-04  1.00000e+00  1.18581e-02  1.19405e-02
1.434417921e+00  1.2179075e-02  3.54597e-04  1.00000e+00  1.19879e-02  1.20713e-02
1.434896060e+00  1.2256790e-02  3.56315e-04  1.00000e+00  1.21016e-02  1.21860e-02
1.435374359e+00  1.2296581e-02  3.57629e-04  1.00000e+00  1.21873e-02  1.22724e-02
1.435852817e+00  1.2314257e-02  3.58528e-04  1.00000e+00  1.22441e-02  1.23298e-02
1.436331435e+00  1.2331488e-02  3.59142e-04  1.00000e+00  1.22809e-02  1.23671e-02
1.436810212e+00  1.2368947e-02  3.59684e-04  1.00000e+00  1.23129e-02  1.23996e-02
1.437289149e+00  1.2440498e-02  3.60384e-04  1.00000e+00  1.23562e-02  1.24434e-02
1.437768245e+00  1.2550091e-02  3.61418e-04  1.00000e+00  1.24233e-02  1.25113e-02
1.438247501e+00  1.2691901e-02  3.62864e-04  1.00000e+00  1.25200e-02  1.26089e-02
1.438726917e+00  1.2853355e-02  3.64693e-04  1.00000e+00  1.26444e-02  1.27343e-02
1.439206493e+00  1.3019616e-02  3.66790e-04  1.00000e+00  1.27886e-02  1.28798e-02
1.439686228e+00  1.3177633e-02  3.69002e-04  1.00000e+00  1.29418e-02  1.30342e-02
1.440166123e+00  1.3318356e-02  3.71176e-04  1.00000e+00  1.30930e-02  1.31867e-02
1.440646179e+00  1.3436746e-02  3.73191e-04  1.00000e+00  1.32334e-02  1.33282e-02
1.441126394e+00  1.3530221e-02  3.74962e-04  1.00000e+00  1.33567e-02  1.34524e-02
1.441606770e+00  1.3597066e-02  3.76435e-04  1.00000e+00  1.34587e-02  1.35553e-02
1.442087305e+00  1.3636052e-02  3.77573e-04  1.00000e+00  1.35365e-02  1.36338e-02
1.442568001e+00  1.3647967e-02  3.78354e-04  1.00000e+00  1.35885e-02  1.36863e-02
1.443048857e+00  1.3638429e-02  3.78789e-04  1.00000e+00  1.36154e-02  1.37134e-02
1.443529873e+00  1.3620011e-02  3.78943e-04  1.00000e+00  1.36217e-02  1.37199e-02
1.444011050e+00  1.3611967e-02  3.78960e-04  1.00000e+00  1.36178e-02  1.37162e-02
1.444492387e+00  1.3636196e-02  3.79053e-04  1.00000e+00  1.36193e-02  1.37178e-02
1.444973884e+00  1.3710174e-02  3.79467e-04  1.00000e+00  1.36438e-02  1.37427e-02
1.445455542e+00  1.3839155e-02  3.80405e-04  1.00000e+00  1.37061e-02  1.38057e-02
1.445937361e+00  1.4011193e-02  3.81943e-04  1.00000e+00  1.38121e-02  1.39128e-02
1.446419340e+00  1.4197620e-02  3.83978e-04  1.00000e+00  1.39548e-02  1.40568e-02
1.446901480e+00  1.4360105e-02  3.86227e-04  1.00000e+00  1.41136e-02  1.42170e-02
1.447383780e+00  1.4462415e-02  3.88297e-04  1.00000e+00  1.42597e-02  1.43645e-02
1.447866242e+00  1.4483091e-02  3.89800e-04  1.00000e+00  1.43639e-02  1.44697e-02
1.448348864e+00  1.4424376e-02  3.90480e-04  1.00000e+00  1.44067e-02  1.45131e-02
1.448831647e+00  1.4313837e-02  3.90308e-04  1.00000e+00  1.43858e-02  1.44923e-02
1.449314591e+00  1.4197846e-02  3.89512e-04  1.00000e+00  1.43185e-02  1.44247e-02
1.449797695e+00  1.4128734e-02  3.88534e-04  1.00000e+00  1.42381e-02  1.43440e-02
1.450280961e+00  1.4149952e-02  3.87921e-04  1.00000e+00  1.41854e-02  1.42911e-02
1.450764388e+00  1.4284159e-02  3.88172e-04  1.00000e+00  1.41974e-02  1.43034e-02
1.451247976e+00  1.4528115e-02  3.89600e-04  1.00000e+00  1.42975e-02  1.44045e-02
1.451731726e+00  1.4855422e-02  3.92251e-04  1.00000e+00  1.44901e-02  1.45987e-02
1.452215636e+00  1.5225858e-02  3.95910e-04  1.00000e+00  1.47606e-02  1.48715e-02
1.452699708e+00  1.5597321e-02  4.00189e-04  1.00000e+00  1.50811e-02  1.51947e-02
1.453183941e+00  1.5936453e-02  4.04647e-04  1.00000e+00  1.54189e-02  1.55353e-02
1.453668336e+00  1.6224719e-02  4.08904e-04  1.00000e+00  1.57446e-02  1.58637e-02
1.454152892e+00  1.6458835e-02  4.12714e-04  1.00000e+00  1.60380e-02  1.61596e-02
1.454637610e+00  1.6646488e-02  4.15977e-04  1.00000e+00  1.62902e-02  1.64140e-02
1.455122489e+00  1.6799777e-02  4.18713e-04  1.00000e+00  1.65018e-02  1.66274e-02
1.455607530e+00  1.6928916e-02  4.21005e-04  1.00000e+00  1.66785e-02  1.68058e-02
1.456092732e+00  1.7038343e-02  4.22940e-04  1.00000e+00  1.68270e-02  1.69556e-02
1.456578097e+00  1.7125793e-02  4.24569e-04  1.00000e+00  1.69511e-02  1.70809e-02
1.457063623e+00  1.7184296e-02  4.25889e-04  1.00000e+00  1.70504e-02  1.71811e-02
1.457549310e+00  1.7205844e-02  4.26850e-04  1.00000e+00  1.71210e-02  1.72523e-02
1.458035160e+00  1.7185202e-02  4.27387e-04  1.00000e+00  1.71575e-02  1.72892e-02
1.458521172e+00  1.7122669e-02  4.27449e-04  1.00000e+00  1.71561e-02  1.72879e-02
1.459007346e+00  1.7024782e-02  4.27032e-04  1.00000e+00  1.71163e-02  1.72479e-02
1.459493681e+00  1.6902875e-02  4.26184e-04  1.00000e+00  1.70425e-02  1.71736e-02
1.459980179e+00  1.6770020e-02  4.25006e-04  1.00000e+00  1.69426e-02  1.70730e-02
1.460466839e+00  1.6637505e-02  4.23622e-04  1.00000e+00  1.68268e-02  1.69565e-02
1.460953662e+00  1.6511922e-02  4.22153e-04  1.00000e+00  1.67046e-02  1.68334e-02
1.461440646e+00  1.6394115e-02  4.20686e-04  1.00000e+00  1.65825e-02  1.67105e-02
1.461927793e+00  1.6279979e-02  4.19256e-04  1.00000e+00  1.64631e-02  1.65903e-02
1.462415102e+00  1.6162980e-02  4.17849e-04  1.00000e+00  1.63451e-02  1.64716e-02
1.462902574e+00  1.6037551e-02  4.16420e-04  1.00000e+00  1.62249e-02  1.63507e-02
1.463390208e+00  1.5902046e-02  4.14921e-04  1.00000e+00  1.60992e-02  1.62242e-02
1.463878005e+00  1.5760362e-02  4.13333e-04  1.00000e+00  1.59667e-02  1.60908e-02
1.464365964e+00  1.5621389e-02  4.11685e-04  1.00000e+00  1.58303e-02  1.59535e-02
1.464854086e+00  1.5496137e-02  4.10051e-04  1.00000e+00  1.56962e-02  1.58185e-02
1.465342371e+00  1.5393399e-02  4.08533e-04  1.00000e+00  1.55727e-02  1.56940e-02
1.465830819e+00  1.5315415e-02  4.07218e-04  1.00000e+00  1.54664e-02  1.55870e-02
1.466319429e+00  1.5255522e-02  4.06138e-04  1.00000e+00  1.53795e-02  1.54994e-02
1.466808202e+00  1.5199147e-02  4.05241e-04  1.00000e+00  1.53076e-02  1.54271e-02
1.467297138e+00  1.5128418e-02  4.04399e-04  1.00000e+00  1.52404e-02  1.53593e-02
1.467786237e+00  1.5029106e-02  4.03441e-04  1.00000e+00  1.51643e-02  1.52826e-02
1.468275499e+00  1.4897322e-02  4.02225e-04  1.00000e+00  1.50680e-02  1.51856e-02
1.468764924e+00  1.4743431e-02  4.00699e-04  1.00000e+00  1.49475e-02  1.50643e-02
1.469254513e+00  1.4591304e-02  3.98948e-04  1.00000e+00  1.48094e-02  1.49252e-02
1.469744264e+00  1.4472993e-02  3.97201e-04  1.00000e+00  1.46711e-02  1.47860e-02
1.470234179e+00  1.4420400e-02  3.95787e-04  1.00000e+00  1.45577e-02  1.46719e-02
1.470724257e+00  1.4456515e-02  3.95059e-04  1.00000e+00  1.44955e-02  1.46094e-02
1.471214498e+00  1.4589053e-02  3.95298e-04  1.00000e+00  1.45054e-02  1.46197e-02
1.471704903e+00  1.4807893e-02  3.96630e-04  1.00000e+00  1.45975e-02  1.47128e-02
1.472195471e+00  1.5087143e-02  3.98990e-04  1.00000e+00  1.47677e-02  1.48846e-02
1.472686203e+00  1.5390702e-02  4.02130e-04  1.00000e+00  1.49985e-02  1.51175e-02
1.473177099e+00  1.5679897e-02  4.05673e-04  1.00000e+00  1.52624e-02  1.53837e-02
1.473668158e+00  1.5921275e-02  4.09199e-04  1.00000e+00  1.55273e-02  1.56510e-02
1.474159380e+00  1.6092682e-02  4.12327e-04  1.00000e+00  1.57634e-02  1.58892e-02
1.474650767e+00  1.6186336e-02  4.14782e-04  1.00000e+00  1.59482e-02  1.60757e-02
1.475142317e+00  1.6208421e-02  4.16426e-04  1.00000e+00  1.60699e-02  1.61986e-02
1.475634031e+00  1.6175489e-02  4.17269e-04  1.00000e+00  1.61283e-02  1.62578e-02
1.476125909e+00  1.6109156e-02  4.17435e-04  1.00000e+00  1.61330e-02  1.62628e-02
1.476617951e+00  1.6030754e-02  4.17119e-04  1.00000e+00  1.60994e-02  1.62292e-02
1.477110157e+00  1.5957697e-02  4.16538e-04  1.00000e+00  1.60450e-02  1.61747e-02
1.477602527e+00  1.5902239e-02  4.15895e-04  1.00000e+00  1.59859e-02  1.61154e-02
1.478095061e+00  1.5872372e-02  4.15353e-04  1.00000e+00  1.59352e-02  1.60647e-02
1.478587760e+00  1.5873694e-02  4.15036e-04  1.00000e+00  1.59028e-02  1.60323e-02
1.479080622e+00  1.5910683e-02  4.15040e-04  1.00000e+00  1.58961e-02  1.60257e-02
1.479573649e+00  1.5986495e-02  4.15438e-04  1.00000e+00  1.59207e-02  1.60507e-02
1.480066840e+00  1.6101357e-02  4.16279e-04  1.00000e+00  1.59803e-02  1.61110e-02
1.480560196e+00  1.6250446e-02  4.17574e-04  1.00000e+00  1.60756e-02  1.62073e-02
1.481053716e+00  1.6422740e-02  4.19277e-04  1.00000e+00  1.62033e-02  1.63362e-02
1.481547401e+00  1.6601884e-02  4.21278e-04  1.00000e+00  1.63547e-02  1.64891e-02
1.482041250e+00  1.6769194e-02  4.23410e-04  1.00000e+00  1.65169e-02  1.66528e-02
1.482535264e+00  1.6907936e-02  4.25478e-04  1.00000e+00  1.66747e-02  1.68121e-02
1.483029442e+00  1.7007485e-02  4.27301e-04  1.00000e+00  1.68133e-02  1.69521e-02
1.483523785e+00  1.7065899e-02  4.28752e-04  1.00000e+00  1.69225e-02  1.70623e-02
1.484018293e+00  1.7090140e-02  4.29781e-04  1.00000e+00  1.69980e-02  1.71387e-02
1.484512966e+00  1.7094014e-02  4.30430e-04  1.00000e+00  1.70430e-02  1.71843e-02
1.485007804e+00  1.7094577e-02  4.30815e-04  1.00000e+00  1.70667e-02  1.72085e-02
1.485502806e+00  1.7108182e-02  4.31096e-04  1.00000e+00  1.70821e-02  1.72243e-02
1.485997974e+00  1.7147112e-02  4.31443e-04  1.00000e+00  1.71028e-02  1.72455e-02
1.486493306e+00  1.7217559e-02  4.31998e-04  1.00000e+00  1.71403e-02  1.72835e-02
1.486988804e+00  1.7319120e-02  4.32848e-04  1.00000e+00  1.72017e-02  1.73458e-02
1.487484467e+00  1.7445695e-02  4.34019e-04  1.00000e+00  1.72893e-02  1.74343e-02
1.487980295e+00  1.7587454e-02  4.35471e-04  1.00000e+00  1.73999e-02  1.75461e-02
1.488476289e+00  1.7733282e-02  4.37120e-04  1.00000e+00  1.75269e-02  1.76745e-02
1.488972447e+00  1.7873130e-02  4.38860e-04  1.00000e+00  1.76618e-02  1.78106e-02
1.489468772e+00  1.7999743e-02  4.40584e-04  1.00000e+00  1.77958e-02  1.79460e-02
1.489965261e+00  1.8109401e-02  4.42207e-04  1.00000e+00  1.79220e-02  1.80734e-02
1.490461916e+00  1.8201590e-02  4.43675e-04  1.00000e+00  1.80357e-02  1.81883e-02
1.490958737e+00  1.8277861e-02  4.44964e-04  1.00000e+00  1.81350e-02  1.82885e-02
1.491455723e+00  1.8340475e-02  4.46074e-04  1.00000e+00  1.82196e-02  1.83741e-02
1.491952875e+00  1.8391327e-02  4.47018e-04  1.00000e+00  1.82906e-02  1.84459e-02
1.492450193e+00  1.8431679e-02  4.47812e-04  1.00000e+00  1.83491e-02  1.85051e-02
1.492947676e+00  1.8462584e-02  4.48472e-04  1.00000e+00  1.83962e-02  1.85529e-02
1.493445325e+00  1.8485744e-02  4.49015e-04  1.00000e+00  1.84332e-02  1.85905e-02
1.493943140e+00  1.8504192e-02  4.49464e-04  1.00000e+00  1.84618e-02  1.86198e-02
1.494441121e+00  1.8522373e-02  4.49852e-04  1.00000e+00  1.84850e-02  1.86436e-02
1.494939269e+00  1.8545459e-02  4.50226e-04  1.00000e+00  1.85065e-02  1.86657e-02
1.495437582e+00  1.8578165e-02  4.50637e-04  1.00000e+00  1.85309e-02  1.86908e-02
1.495936061e+00  1.8623469e-02  4.51134e-04  1.00000e+00  1.85625e-02  1.87231e-02
1.496434706e+00  1.8681757e-02  4.51749e-04  1.00000e+00  1.86042e-02  1.87655e-02
1.496933518e+00  1.8750584e-02  4.52490e-04  1.00000e+00  1.86570e-02  1.88191e-02
1.497432496e+00  1.8825097e-02  4.53341e-04  1.00000e+00  1.87197e-02  1.88826e-02
1.497931640e+00  1.8898893e-02  4.54257e-04  1.00000e+00  1.87886e-02  1.89524e-02
1.498430950e+00  1.8965080e-02  4.55176e-04  1.00000e+00  1.88587e-02  1.90233e-02
1.498930427e+00  1.9017349e-02  4.56031e-04  1.00000e+00  1.89240e-02  1.90893e-02
1.499430071e+00  1.9050931e-02  4.56754e-04  1.00000e+00  1.89786e-02  1.91445e-02
1.499929881e+00  1.9063391e-02  4.57294e-04  1.00000e+00  1.90178e-02  1.91842e-02
1.500429857e+00  1.9055213e-02  4.57622e-04  1.00000e+00  1.90386e-02  1.92053e-02
1.500930001e+00  1.9030007e-02  4.57733e-04  1.00000e+00  1.90405e-02  1.92075e-02
1.501430311e+00  1.8994218e-02  4.57656e-04  1.00000e+00  1.90260e-02  1.91931e-02
1.501930787e+00  1.8956210e-02  4.57451e-04  1.00000e+00  1.89999e-02  1.91671e-02
1.502431431e+00  1.8924782e-02  4.57195e-04  1.00000e+00  1.89691e-02  1.91364e-02
1.502932242e+00  1.8907353e-02  4.56976e-04  1.00000e+00  1.89412e-02  1.91085e-02
1.503433219e+00  1.8908307e-02  4.56871e-04  1.00000e+00  1.89230e-02  1.90904e-02
1.503934363e+00  1.8927979e-02  4.56933e-04  1.00000e+00  1.89189e-02  1.90866e-02
1.504435675e+00  1.8962685e-02  4.57178e-04  1.00000e+00  1.89305e-02  1.90986e-02
1.504937153e+00  1.9005888e-02  4.57582e-04  1.00000e+00  1.89558e-02  1.91245e-02
1.505438799e+00  1.9050176e-02  4.58093e-04  1.00000e+00  1.89904e-02  1.91596e-02
1.505940612e+00  1.9089425e-02  4.58646e-04  1.00000e+00  1.90286e-02  1.91984e-02
1.506442592e+00  1.9120415e-02  4.59180e-04  1.00000e+00  1.90651e-02  1.92356e-02
1.506944740e+00  1.9143359e-02  4.59658e-04  1.00000e+00  1.90967e-02  1.92679e-02
1.507447055e+00  1.9161222e-02  4.60070e-04  1.00000e+00  1.91225e-02  1.92943e-02
1.507949537e+00  1.9178148e-02  4.60433e-04  1.00000e+00  1.91440e-02  1.93163e-02
1.508452187e+00  1.9197675e-02  4.60778e-04  1.00000e+00  1.91637e-02  1.93366e-02
1.508955004e+00  1.9221421e-02  4.61135e-04  1.00000e+00  1.91844e-02  1.93579e-02
1.509457989e+00  1.9248670e-02  4.61520e-04  1.00000e+00  1.92075e-02  1.93816e-02
1.509961142e+00  1.9276909e-02  4.61933e-04  1.00000e+00  1.92331e-02  1.94078e-02
1.510464462e+00  1.9302957e-02  4.62354e-04  1.00000e+00  1.92596e-02  1.94349e-02
1.510967950e+00  1.9324162e-02  4.62760e-04  1.00000e+00  1.92847e-02  1.94605e-02
1.511471606e+00  1.9339195e-02  4.63125e-04  1.00000e+00  1.93063e-02  1.94827e-02
1.511975430e+00  1.9348227e-02  4.63435e-04  1.00000e+00  1.93230e-02  1.94998e-02
1.512479422e+00  1.9352556e-02  4.63689e-04  1.00000e+00  1.93345e-02  1.95118e-02
1.512983582e+00  1.9353949e-02  4.63893e-04  1.00000e+00  1.93415e-02  1.95193e-02
1.513487910e+00  1.9354024e-02  4.64062e-04  1.00000e+00  1.93454e-02  1.95237e-02
1.513992406e+00  1.9353914e-02  4.64208e-04  1.00000e+00  1.93475e-02  1.95262e-02
1.514497070e+00  1.9354240e-02  4.64342e-04  1.00000e+00  1.93489e-02  1.95281e-02
1.515001902e+00  1.9355332e-02  4.64469e-04  1.00000e+00  1.93505e-02  1.95301e-02
1.515506903e+00  1.9357487e-02  4.64595e-04  1.00000e+00  1.93526e-02  1.95326e-02
1.516012072e+00  1.9361141e-02  4.64723e-04  1.00000e+00  1.93556e-02  1.95359e-02
1.516517409e+00  1.9366856e-02  4.64860e-04  1.00000e+00  1.93597e-02  1.95402e-02
1.517022915e+00  1.9375174e-02  4.65013e-04  1.00000e+00  1.93652e-02  1.95461e-02
1.517528589e+00  1.9386406e-02  4.65191e-04  1.00000e+00  1.93726e-02  1.95538e-02
1.518034432e+00  1.9400462e-02  4.65401e-04  1.00000e+00  1.93822e-02  1.95637e-02
1.518540444e+00  1.9416801e-02  4.65645e-04  1.00000e+00  1.93940e-02  1.95759e-02
1.519046624e+00  1.9434482e-02  4.65922e-04  1.00000e+00  1.94079e-02  1.95902e-02
1.519552973e+00  1.9452319e-02  4.66223e-04  1.00000e+00  1.94234e-02  1.96062e-02
1.520059490e+00  1.9469076e-02  4.66535e-04  1.00000e+00  1.94397e-02  1.96229e-02
1.520566177e+00  1.9483655e-02  4.66843e-04  1.00000e+00  1.94557e-02  1.96395e-02
1.521073032e+00  1.9495245e-02  4.67134e-04  1.00000e+00  1.94707e-02  1.96549e-02
1.521580057e+00  1.9503424e-02  4.67393e-04  1.00000e+00  1.94836e-02  1.96682e-02
1.522087250e+00  1.9508173e-02  4.67612e-04  1.00000e+00  1.94940e-02  1.96789e-02
1.522594612e+00  1.9509849e-02  4.67789e-04  1.00000e+00  1.95014e-02  1.96865e-02
1.523102144e+00  1.9509093e-02  4.67923e-04  1.00000e+00  1.95059e-02  1.96912e-02
1.523609845e+00  1.9506711e-02  4.68020e-04  1.00000e+00  1.95078e-02  1.96931e-02
1.524117715e+00  1.9503533e-02  4.68091e-04  1.00000e+00  1.95074e-02  1.96929e-02
1.524625754e+00  1.9500286e-02  4.68147e-04  1.00000e+00  1.95054e-02  1.96910e-02
1.525133962e+00  1.9497484e-02  4.68199e-04  1.00000e+00  1.95024e-02  1.96882e-02
1.525642340e+00  1.9495379e-02  4.68257e-04  1.00000e+00  1.94990e-02  1.96851e-02
1.526150888e+00  1.9493957e-02  4.68326e-04  1.00000e+00  1.94958e-02  1.96823e-02
1.526659605e+00  1.9492998e-02  4.68411e-04  1.00000e+00  1.94930e-02  1.96799e-02
1.527168491e+00  1.9492159e-02  4.68508e-04  1.00000e+00  1.94907e-02  1.96781e-02
1.527677547e+00  1.9491071e-02  4.68613e-04  1.00000e+00  1.94891e-02  1.96770e-02
1.528186773e+00  1.9489405e-02  4.68718e-04  1.00000e+00  1.94878e-02  1.96761e-02
1.528696169e+00  1.9486896e-02  4.68818e-04  1.00000e+00  1.94866e-02  1.96753e-02
1.529205734e+00  1.9483330e-02  4.68904e-04  1.00000e+00  1.94850e-02  1.96740e-02
1.529715470e+00  1.9478511e-02  4.68974e-04  1.00000e+00  1.94827e-02  1.96719e-02
1.530225375e+00  1.9472255e-02  4.69023e-04  1.00000e+00  1.94792e-02  1.96685e-02
1.530735450e+00  1.9464430e-02  4.69051e-04  1.00000e+00  1.94740e-02  1.96634e-02
1.531245695e+00  1.9455047e-02  4.69061e-04  1.00000e+00  1.94670e-02  1.96565e-02
1.531756110e+00  1.9444377e-02  4.69055e-04  1.00000e+00  1.94581e-02  1.96477e-02
1.532266696e+00  1.9433027e-02  4.69039e-04  1.00000e+00  1.94476e-02  1.96375e-02
1.532777451e+00  1.9421922e-02  4.69020e-04  1.00000e+00  1.94363e-02  1.96264e-02
1.533288377e+00  1.9412175e-02  4.69008e-04  1.00000e+00  1.94250e-02  1.96154e-02
1.533799473e+00  1.9404843e-02  4.69011e-04  1.00000e+00  1.94149e-02  1.96056e-02
1.534310740e+00  1.9400656e-02  4.69040e-04  1.00000e+00  1.94070e-02  1.95980e-02
1.534822176e+00  1.9399795e-02  4.69100e-04  1.00000e+00  1.94018e-02  1.95932e-02
1.535333784e+00  1.9401814e-02  4.69192e-04  1.00000e+00  1.93996e-02  1.95914e-02
1.535845562e+00  1.9405731e-02  4.69314e-04  1.00000e+00  1.94001e-02  1.95923e-02
1.536357510e+00  1.9410289e-02  4.69457e-04  1.00000e+00  1.94025e-02  1.95951e-02
1.536869629e+00  1.9414291e-02  4.69612e-04  1.00000e+00  1.94059e-02  1.95989e-02
1.537381919e+00  1.9416918e-02  4.69765e-04  1.00000e+00  1.94092e-02  1.96027e-02
1.537894380e+00  1.9417931e-02  4.69910e-04  1.00000e+00  1.94119e-02  1.96058e-02
1.538407011e+00  1.9417684e-02  4.70041e-04  1.00000e+00  1.94135e-02  1.96078e-02
1.538919814e+00  1.9416984e-02  4.70158e-04  1.00000e+00  1.94143e-02  1.96089e-02
1.539432787e+00  1.9416824e-02  4.70268e-04  1.00000e+00  1.94146e-02  1.96096e-02
1.539945931e+00  1.9418100e-02  4.70379e-04  1.00000e+00  1.94152e-02  1.96105e-02
1.540459247e+00  1.9421390e-02  4.70499e-04  1.00000e+00  1.94167e-02  1.96124e-02
1.540972733e+00  1.9426844e-02  4.70636e-04  1.00000e+00  1.94195e-02  1.96156e-02
1.541486391e+00  1.9434203e-02  4.70794e-04  1.00000e+00  1.94239e-02  1.96204e-02
1.542000219e+00  1.9442907e-02  4.70975e-04  1.00000e+00  1.94298e-02  1.96267e-02
1.542514219e+00  1.9452258e-02  4.71177e-04  1.00000e+00  1.94368e-02  1.96342e-02
1.543028391e+00  1.9461574e-02  4.71393e-04  1.00000e+00  1.94445e-02  1.96425e-02
1.543542734e+00  1.9470303e-02  4.71620e-04  1.00000e+00  1.94524e-02  1.96510e-02
1.544057248e+00  1.9478088e-02  4.71849e-04  1.00000e+00  1.94601e-02  1.96594e-02
1.544571934e+00  1.9484768e-02  4.72077e-04  1.00000e+00  1.94675e-02  1.96674e-02
1.545086791e+00  1.9490337e-02  4.72297e-04  1.00000e+00  1.94742e-02  1.96748e-02
1.545601820e+00  1.9494888e-02  4.72507e-04  1.00000e+00  1.94803e-02  1.96816e-02
1.546117021e+00  1.9498548e-02  4.72704e-04  1.00000e+00  1.94858e-02  1.96877e-02
1.546632393e+00  1.9501430e-02  4.72887e-04  1.00000e+00  1.94906e-02  1.96930e-02
1.547147937e+00  1.9503617e-02  4.73055e-04  1.00000e+00  1.94947e-02  1.96976e-02
1.547663653e+00  1.9505151e-02  4.73209e-04  1.00000e+00  1.94980e-02  1.97015e-02
1.548179541e+00  1.9506054e-02  4.73350e-04  1.00000e+00  1.95006e-02  1.97045e-02
1.548695601e+00  1.9506337e-02  4.73480e-04  1.00000e+00  1.95023e-02  1.97066e-02
1.549211833e+00  1.9506017e-02  4.73599e-04  1.00000e+00  1.95032e-02  1.97079e-02
1.549728237e+00  1.9505130e-02  4.73710e-04  1.00000e+00  1.95032e-02  1.97084e-02
1.550244813e+00  1.9503744e-02  4.73816e-04  1.00000e+00  1.95024e-02  1.97080e-02
1.550761561e+00  1.9501970e-02  4.73918e-04  1.00000e+00  1.95010e-02  1.97071e-02
1.551278481e+00  1.9499970e-02  4.74018e-04  1.00000e+00  1.94991e-02  1.97057e-02
1.551795574e+00  1.9497955e-02  4.74119e-04  1.00000e+00  1.94971e-02  1.97041e-02
1.552312839e+00  1.9496161e-02  4.74220e-04  1.00000e+00  1.94951e-02  1.97026e-02
1.552830277e+00  1.9494812e-02  4.74322e-04  1.00000e+00  1.94936e-02  1.97016e-02
1.553347887e+00  1.9494074e-02  4.74425e-04  1.00000e+00  1.94928e-02  1.97011e-02
1.553865670e+00  1.9494002e-02  4.74528e-04  1.00000e+00  1.94927e-02  1.97013e-02
1.554383625e+00  1.9494516e-02  4.74632e-04  1.00000e+00  1.94932e-02  1.97021e-02
1.554901753e+00  1.9495394e-02  4.74735e-04  1.00000e+00  1.94942e-02  1.97034e-02
1.555420053e+00  1.9496306e-02  4.74836e-04  1.00000e+00  1.94953e-02  1.97047e-02
1.555938527e+00  1.9496869e-02  4.74936e-04  1.00000e+00  1.94961e-02  1.97057e-02
1.556457173e+00  1.9496724e-02  4.75035e-04  1.00000e+00  1.94963e-02  1.97061e-02
1.556975992e+00  1.9495603e-02  4.75131e-04  1.00000e+00  1.94954e-02  1.97056e-02
1.557494984e+00  1.9493388e-02  4.75226e-04  1.00000e+00  1.94935e-02  1.97041e-02
1.558014149e+00  1.9490124e-02  4.75319e-04  1.00000e+00  1.94905e-02  1.97016e-02
1.558533487e+00  1.9486004e-02  4.75410e-04  1.00000e+00  1.94866e-02  1.96983e-02
1.559052998e+00  1.9481325e-02  4.75499e-04  1.00000e+00  1.94821e-02  1.96944e-02
1.559572683e+00  1.9476426e-02  4.75587e-04  1.00000e+00  1.94774e-02  1.96904e-02
1.560092540e+00  1.9471625e-02  4.75674e-04  1.00000e+00  1.94727e-02  1.96864e-02
1.560612571e+00  1.9467155e-02  4.75760e-04  1.00000e+00  1.94685e-02  1.96827e-02
1.561132775e+00  1.9463113e-02  4.75844e-04  1.00000e+00  1.94647e-02  1.96795e-02
1.561653153e+00  1.9459399e-02  4.75926e-04  1.00000e+00  1.94614e-02  1.96767e-02
1.562173704e+00  1.9455646e-02  4.76002e-04  1.00000e+00  1.94584e-02  1.96741e-02
1.562694428e+00  1.9451144e-02  4.76071e-04  1.00000e+00  1.94554e-02  1.96714e-02
1.563215327e+00  1.9444781e-02  4.76125e-04  1.00000e+00  1.94515e-02  1.96678e-02
1.563736398e+00  1.9434991e-02  4.76155e-04  1.00000e+00  1.94456e-02  1.96622e-02
1.564257644e+00  1.9419785e-02  4.76148e-04  1.00000e+00  1.94365e-02  1.96533e-02
1.564779063e+00  1.9396829e-02  4.76086e-04  1.00000e+00  1.94222e-02  1.96392e-02
1.565300656e+00  1.9363635e-02  4.75946e-04  1.00000e+00  1.94009e-02  1.96181e-02
1.565822423e+00  1.9317833e-02  4.75702e-04  1.00000e+00  1.93705e-02  1.95878e-02
1.566344364e+00  1.9257541e-02  4.75328e-04  1.00000e+00  1.93289e-02  1.95463e-02
1.566866478e+00  1.9181784e-02  4.74801e-04  1.00000e+00  1.92746e-02  1.94919e-02
1.567388767e+00  1.9090929e-02  4.74103e-04  1.00000e+00  1.92064e-02  1.94235e-02
1.567911230e+00  1.8987053e-02  4.73230e-04  1.00000e+00  1.91244e-02  1.93411e-02
1.568433867e+00  1.8874157e-02  4.72198e-04  1.00000e+00  1.90300e-02  1.92461e-02
1.568956679e+00  1.8758092e-02  4.71042e-04  1.00000e+00  1.89261e-02  1.91415e-02
1.569479664e+00  1.8646132e-02  4.69820e-04  1.00000e+00  1.88175e-02  1.90320e-02
1.570002824e+00  1.8546156e-02  4.68608e-04  1.00000e+00  1.87100e-02  1.89237e-02
1.570526158e+00  1.8465516e-02  4.67493e-04  1.00000e+00  1.86106e-02  1.88236e-02
1.571049667e+00  1.8409771e-02  4.66560e-04  1.00000e+00  1.85259e-02  1.87384e-02
1.571573350e+00  1.8381551e-02  4.65881e-04  1.00000e+00  1.84614e-02  1.86737e-02
1.572097208e+00  1.8379878e-02  4.65499e-04  1.00000e+00  1.84205e-02  1.86330e-02
1.572621240e+00  1.8400162e-02  4.65418e-04  1.00000e+00  1.84036e-02  1.86165e-02
1.573145448e+00  1.8434981e-02  4.65606e-04  1.00000e+00  1.84080e-02  1.86216e-02
1.573669829e+00  1.8475533e-02  4.65994e-04  1.00000e+00  1.84285e-02  1.86430e-02
1.574194386e+00  1.8513444e-02  4.66495e-04  1.00000e+00  1.84580e-02  1.86735e-02
1.574719117e+00  1.8542491e-02  4.67019e-04  1.00000e+00  1.84894e-02  1.87061e-02
1.575244024e+00  1.8559795e-02  4.67492e-04  1.00000e+00  1.85170e-02  1.87346e-02
1.575769105e+00  1.8566190e-02  4.67870e-04  1.00000e+00  1.85370e-02  1.87554e-02
1.576294361e+00  1.8565675e-02  4.68143e-04  1.00000e+00  1.85488e-02  1.87680e-02
1.576819793e+00  1.8564171e-02  4.68338e-04  1.00000e+00  1.85544e-02  1.87744e-02
1.577345400e+00  1.8567938e-02  4.68504e-04  1.00000e+00  1.85580e-02  1.87785e-02
1.577871181e+00  1.8582103e-02  4.68701e-04  1.00000e+00  1.85642e-02  1.87854e-02
1.578397138e+00  1.8609664e-02  4.68984e-04  1.00000e+00  1.85776e-02  1.87995e-02
1.578923271e+00  1.8651141e-02  4.69394e-04  1.00000e+00  1.86014e-02  1.88239e-02
1.579449579e+00  1.8704847e-02  4.69945e-04  1.00000e+00  1.86367e-02  1.88602e-02
1.579976062e+00  1.8767588e-02  4.70633e-04  1.00000e+00  1.86832e-02  1.89076e-02
1.580502720e+00  1.8835514e-02  4.71432e-04  1.00000e+00  1.87388e-02  1.89643e-02
1.581029555e+00  1.8904870e-02  4.72308e-04  1.00000e+00  1.88007e-02  1.90274e-02
1.581556564e+00  1.8972498e-02  4.73222e-04  1.00000e+00  1.88658e-02  1.90937e-02
1.582083750e+00  1.9036056e-02  4.74137e-04  1.00000e+00  1.89311e-02  1.91602e-02
1.582611111e+00  1.9094009e-02  4.75025e-04  1.00000e+00  1.89942e-02  1.92244e-02
1.583138648e+00  1.9145491e-02  4.75864e-04  1.00000e+00  1.90531e-02  1.92845e-02
1.583666361e+00  1.9190148e-02  4.76638e-04  1.00000e+00  1.91067e-02  1.93392e-02
1.584194250e+00  1.9228001e-02  4.77340e-04  1.00000e+00  1.91542e-02  1.93878e-02
1.584722315e+00  1.9259352e-02  4.77966e-04  1.00000e+00  1.91954e-02  1.94301e-02
1.585250555e+00  1.9284718e-02  4.78517e-04  1.00000e+00  1.92304e-02  1.94661e-02
1.585778972e+00  1.9304768e-02  4.78996e-04  1.00000e+00  1.92594e-02  1.94961e-02
1.586307565e+00  1.9320258e-02  4.79409e-04  1.00000e+00  1.92831e-02  1.95207e-02
1.586836335e+00  1.9331958e-02  4.79763e-04  1.00000e+00  1.93021e-02  1.95404e-02
1.587365280e+00  1.9340580e-02  4.80064e-04  1.00000e+00  1.93170e-02  1.95561e-02
1.587894402e+00  1.9346736e-02  4.80321e-04  1.00000e+00  1.93285e-02  1.95682e-02
1.588423700e+00  1.9350906e-02  4.80540e-04  1.00000e+00  1.93371e-02  1.95774e-02
1.588953174e+00  1.9353444e-02  4.80729e-04  1.00000e+00  1.93433e-02  1.95841e-02
1.589482825e+00  1.9354591e-02  4.80893e-04  1.00000e+00  1.93473e-02  1.95887e-02
1.590012653e+00  1.9354501e-02  4.81037e-04  1.00000e+00  1.93496e-02  1.95915e-02
1.590542657e+00  1.9353255e-02  4.81165e-04  1.00000e+00  1.93502e-02  1.95927e-02
1.591072838e+00  1.9350859e-02  4.81279e-04  1.00000e+00  1.93494e-02  1.95925e-02
1.591603196e+00  1.9347229e-02  4.81383e-04  1.00000e+00  1.93473e-02  1.95910e-02
1.592133730e+00  1.9342138e-02  4.81474e-04  1.00000e+00  1.93439e-02  1.95883e-02
1.592664441e+00  1.9335154e-02  4.81551e-04  1.00000e+00  1.93390e-02  1.95841e-02
1.593195330e+00  1.9325569e-02  4.81609e-04  1.00000e+00  1.93324e-02  1.95782e-02
1.593726395e+00  1.9312322e-02  4.81639e-04  1.00000e+00  1.93236e-02  1.95700e-02
1.594257637e+00  1.9293960e-02  4.81630e-04  1.00000e+00  1.93115e-02  1.95586e-02
1.594789056e+00  1.9268654e-02  4.81563e-04  1.00000e+00  1.92949e-02  1.95425e-02
1.595320652e+00  1.9234307e-02  4.81419e-04  1.00000e+00  1.92722e-02  1.95203e-02
1.595852426e+00  1.9188778e-02  4.81173e-04  1.00000e+00  1.92414e-02  1.94898e-02
1.596384377e+00  1.9130225e-02  4.80803e-04  1.00000e+00  1.92006e-02  1.94492e-02
1.596916505e+00  1.9057550e-02  4.80286e-04  1.00000e+00  1.91481e-02  1.93966e-02
1.597448810e+00  1.8970861e-02  4.79608e-04  1.00000e+00  1.90825e-02  1.93310e-02
1.597981293e+00  1.8871878e-02  4.78768e-04  1.00000e+00  1.90039e-02  1.92520e-02
1.598513954e+00  1.8764178e-02  4.77777e-04  1.00000e+00  1.89134e-02  1.91611e-02
1.599046792e+00  1.8653156e-02  4.76670e-04  1.00000e+00  1.88139e-02  1.90609e-02
1.599579807e+00  1.8545656e-02  4.75499e-04  1.00000e+00  1.87098e-02  1.89561e-02
1.600113001e+00  1.8449233e-02  4.74335e-04  1.00000e+00  1.86068e-02  1.88523e-02
1.600646372e+00  1.8371101e-02  4.73259e-04  1.00000e+00  1.85115e-02  1.87563e-02
1.601179920e+00  1.8316927e-02  4.72352e-04  1.00000e+00  1.84304e-02  1.86746e-02
1.601713647e+00  1.8289699e-02  4.71684e-04  1.00000e+00  1.83689e-02  1.86127e-02
1.602247552e+00  1.8288940e-02  4.71300e-04  1.00000e+00  1.83304e-02  1.85740e-02
1.602781634e+00  1.8310548e-02  4.71212e-04  1.00000e+00  1.83154e-02  1.85592e-02
1.603315895e+00  1.8347385e-02  4.71391e-04  1.00000e+00  1.83217e-02  1.85659e-02
1.603850333e+00  1.8390581e-02  4.71776e-04  1.00000e+00  1.83441e-02  1.85889e-02
1.604384950e+00  1.8431281e-02  4.72280e-04  1.00000e+00  1.83757e-02  1.86212e-02
1.604919745e+00  1.8462416e-02  4.72812e-04  1.00000e+00  1.84090e-02  1.86555e-02
1.605454718e+00  1.8480040e-02  4.73290e-04  1.00000e+00  1.84377e-02  1.86851e-02
1.605989870e+00  1.8483912e-02  4.73660e-04  1.00000e+00  1.84575e-02  1.87057e-02
1.606525200e+00  1.8477193e-02  4.73902e-04  1.00000e+00  1.84668e-02  1.87157e-02
1.607060708e+00  1.8465447e-02  4.74031e-04  1.00000e+00  1.84671e-02  1.87166e-02
1.607596395e+00  1.8455254e-02  4.74091e-04  1.00000e+00  1.84619e-02  1.87120e-02
1.608132261e+00  1.8452811e-02  4.74143e-04  1.00000e+00  1.84563e-02  1.87069e-02
1.608668305e+00  1.8462837e-02  4.74250e-04  1.00000e+00  1.84553e-02  1.87064e-02
1.609204527e+00  1.8487927e-02  4.74468e-04  1.00000e+00  1.84633e-02  1.87151e-02
1.609740929e+00  1.8528368e-02  4.74834e-04  1.00000e+00  1.84834e-02  1.87359e-02
1.610277509e+00  1.8582365e-02  4.75364e-04  1.00000e+00  1.85165e-02  1.87700e-02
1.610814268e+00  1.8646553e-02  4.76050e-04  1.00000e+00  1.85621e-02  1.88167e-02
1.611351207e+00  1.8716675e-02  4.76865e-04  1.00000e+00  1.86180e-02  1.88738e-02
1.611888324e+00  1.8788296e-02  4.77771e-04  1.00000e+00  1.86809e-02  1.89381e-02
1.612425620e+00  1.8857430e-02  4.78721e-04  1.00000e+00  1.87471e-02  1.90058e-02
1.612963095e+00  1.8920995e-02  4.79671e-04  1.00000e+00  1.88132e-02  1.90734e-02
1.613500749e+00  1.8977029e-02  4.80584e-04  1.00000e+00  1.88761e-02  1.91378e-02
1.614038583e+00  1.9024690e-02  4.81432e-04  1.00000e+00  1.89334e-02  1.91967e-02
1.614576596e+00  1.9064074e-02  4.82196e-04  1.00000e+00  1.89841e-02  1.92487e-02
1.615114788e+00  1.9095952e-02  4.82872e-04  1.00000e+00  1.90275e-02  1.92935e-02
1.615653160e+00  1.9121470e-02  4.83459e-04  1.00000e+00  1.90640e-02  1.93313e-02
1.616191711e+00  1.9141889e-02  4.83966e-04  1.00000e+00  1.90942e-02  1.93626e-02
1.616730441e+00  1.9158377e-02  4.84401e-04  1.00000e+00  1.91191e-02  1.93885e-02
1.617269351e+00  1.9171879e-02  4.84777e-04  1.00000e+00  1.91396e-02  1.94099e-02
1.617808441e+00  1.9183050e-02  4.85103e-04  1.00000e+00  1.91565e-02  1.94276e-02
1.618347711e+00  1.9192257e-02  4.85390e-04  1.00000e+00  1.91703e-02  1.94421e-02
1.618887160e+00  1.9199636e-02  4.85644e-04  1.00000e+00  1.91815e-02  1.94539e-02
1.619426789e+00  1.9205182e-02  4.85872e-04  1.00000e+00  1.91901e-02  1.94632e-02
1.619966598e+00  1.9208851e-02  4.86078e-04  1.00000e+00  1.91965e-02  1.94703e-02
1.620506587e+00  1.9210651e-02  4.86265e-04  1.00000e+00  1.92006e-02  1.94753e-02
1.621046755e+00  1.9210701e-02  4.86435e-04  1.00000e+00  1.92028e-02  1.94784e-02
1.621587104e+00  1.9209235e-02  4.86589e-04  1.00000e+00  1.92033e-02  1.94799e-02
1.622127633e+00  1.9206579e-02  4.86729e-04  1.00000e+00  1.92025e-02  1.94800e-02
1.622668343e+00  1.9203085e-02  4.86855e-04  1.00000e+00  1.92007e-02  1.94792e-02
1.623209232e+00  1.9199073e-02  4.86969e-04  1.00000e+00  1.91983e-02  1.94776e-02
1.623750302e+00  1.9194785e-02  4.87070e-04  1.00000e+00  1.91955e-02  1.94756e-02
1.624291552e+00  1.9190369e-02  4.87160e-04  1.00000e+00  1.91924e-02  1.94732e-02
1.624832982e+00  1.9185892e-02  4.87241e-04  1.00000e+00  1.91891e-02  1.94704e-02
1.625374593e+00  1.9181371e-02  4.87312e-04  1.00000e+00  1.91856e-02  1.94674e-02
1.625916385e+00  1.9176807e-02  4.87376e-04  1.00000e+00  1.91820e-02  1.94641e-02
1.626458357e+00  1.9172202e-02  4.87434e-04  1.00000e+00  1.91781e-02  1.94605e-02
1.627000510e+00  1.9167563e-02  4.87488e-04  1.00000e+00  1.91740e-02  1.94567e-02
1.627542843e+00  1.9162900e-02  4.87537e-04  1.00000e+00  1.91697e-02  1.94527e-02
1.628085358e+00  1.9158196e-02  4.87584e-04  1.00000e+00  1.91652e-02  1.94485e-02
1.628628053e+00  1.9153402e-02  4.87630e-04  1.00000e+00  1.91606e-02  1.94442e-02
1.629170929e+00  1.9148426e-02  4.87674e-04  1.00000e+00  1.91558e-02  1.94396e-02
1.629713986e+00  1.9143142e-02  4.87717e-04  1.00000e+00  1.91507e-02  1.94348e-02
1.630257224e+00  1.9137399e-02  4.87759e-04  1.00000e+00  1.91451e-02  1.94297e-02
1.630800643e+00  1.9131041e-02  4.87799e-04  1.00000e+00  1.91391e-02  1.94241e-02
1.631344243e+00  1.9123924e-02  4.87837e-04  1.00000e+00  1.91324e-02  1.94179e-02
1.631888025e+00  1.9115918e-02  4.87870e-04  1.00000e+00  1.91250e-02  1.94111e-02
1.632431987e+00  1.9106913e-02  4.87898e-04  1.00000e+00  1.91169e-02  1.94035e-02
1.632976131e+00  1.9096800e-02  4.87919e-04  1.00000e+00  1.91079e-02  1.93951e-02
1.633520457e+00  1.9085463e-02  4.87930e-04  1.00000e+00  1.90979e-02  1.93858e-02
1.634064963e+00  1.9072783e-02  4.87929e-04  1.00000e+00  1.90869e-02  1.93755e-02
1.634609652e+00  1.9058653e-02  4.87913e-04  1.00000e+00  1.90748e-02  1.93640e-02
1.635154522e+00  1.9043032e-02  4.87882e-04  1.00000e+00  1.90614e-02  1.93512e-02
1.635699573e+00  1.9025973e-02  4.87833e-04  1.00000e+00  1.90466e-02  1.93370e-02
1.636244806e+00  1.9007668e-02  4.87765e-04  1.00000e+00  1.90307e-02  1.93215e-02
1.636790221e+00  1.8988445e-02  4.87680e-04  1.00000e+00  1.90136e-02  1.93049e-02
1.637335818e+00  1.8968743e-02  4.87580e-04  1.00000e+00  1.89956e-02  1.92874e-02
1.637881597e+00  1.8949077e-02  4.87467e-04  1.00000e+00  1.89772e-02  1.92692e-02
1.638427557e+00  1.8929978e-02  4.87347e-04  1.00000e+00  1.89587e-02  1.92509e-02
1.638973700e+00  1.8911960e-02  4.87225e-04  1.00000e+00  1.89404e-02  1.92328e-02
1.639520024e+00  1.8895489e-02  4.87109e-04  1.00000e+00  1.89228e-02  1.92153e-02
1.640066531e+00  1.8880951e-02  4.87004e-04  1.00000e+00  1.89063e-02  1.91988e-02
1.640613220e+00  1.8868628e-02  4.86918e-04  1.00000e+00  1.88911e-02  1.91838e-02
1.641160091e+00  1.8858651e-02  4.86857e-04  1.00000e+00  1.88776e-02  1.91706e-02
1.641707144e+00  1.8850971e-02  4.86826e-04  1.00000e+00  1.88660e-02  1.91593e-02
1.642254380e+00  1.8845345e-02  4.86825e-04  1.00000e+00  1.88563e-02  1.91501e-02
1.642801798e+00  1.8841353e-02  4.86856e-04  1.00000e+00  1.88486e-02  1.91429e-02
1.643349399e+00  1.8838461e-02  4.86913e-04  1.00000e+00  1.88426e-02  1.91376e-02
1.643897182e+00  1.8836094e-02  4.86992e-04  1.00000e+00  1.88380e-02  1.91338e-02
1.644445147e+00  1.8833729e-02  4.87084e-04  1.00000e+00  1.88344e-02  1.91309e-02
1.644993296e+00  1.8830984e-02  4.87183e-04  1.00000e+00  1.88314e-02  1.91287e-02
1.645541627e+00  1.8827690e-02  4.87280e-04  1.00000e+00  1.88285e-02  1.91266e-02
1.646090141e+00  1.8823949e-02  4.87373e-04  1.00000e+00  1.88257e-02  1.91243e-02
1.646638838e+00  1.8820152e-02  4.87457e-04  1.00000e+00  1.88228e-02  1.91220e-02
1.647187717e+00  1.8816953e-02  4.87536e-04  1.00000e+00  1.88200e-02  1.91197e-02
1.647736780e+00  1.8815166e-02  4.87615e-04  1.00000e+00  1.88178e-02  1.91178e-02
1.648286025e+00  1.8815613e-02  4.87702e-04  1.00000e+00  1.88166e-02  1.91169e-02
1.648835454e+00  1.8818953e-02  4.87806e-04  1.00000e+00  1.88171e-02  1.91177e-02
1.649385066e+00  1.8825528e-02  4.87936e-04  1.00000e+00  1.88198e-02  1.91207e-02
1.649934861e+00  1.8835296e-02  4.88099e-04  1.00000e+00  1.88251e-02  1.91262e-02
1.650484839e+00  1.8847837e-02  4.88299e-04  1.00000e+00  1.88329e-02  1.91345e-02
1.651035001e+00  1.8862471e-02  4.88535e-04  1.00000e+00  1.88432e-02  1.91453e-02
1.651585346e+00  1.8878413e-02  4.88802e-04  1.00000e+00  1.88555e-02  1.91582e-02
1.652135874e+00  1.8894940e-02  4.89094e-04  1.00000e+00  1.88693e-02  1.91728e-02
1.652686586e+00  1.8911519e-02  4.89404e-04  1.00000e+00  1.88842e-02  1.91885e-02
1.653237482e+00  1.8927855e-02  4.89724e-04  1.00000e+00  1.88996e-02  1.92048e-02
1.653788561e+00  1.8943869e-02  4.90049e-04  1.00000e+00  1.89153e-02  1.92214e-02
1.654339824e+00  1.8959600e-02  4.90375e-04  1.00000e+00  1.89311e-02  1.92381e-02
1.654891270e+00  1.8975117e-02  4.90699e-04  1.00000e+00  1.89469e-02  1.92548e-02
1.655442901e+00  1.8990409e-02  4.91020e-04  1.00000e+00  1.89628e-02  1.92715e-02
1.655994715e+00  1.9005314e-02  4.91336e-04  1.00000e+00  1.89785e-02  1.92880e-02
1.656546713e+00  1.9019478e-02  4.91643e-04  1.00000e+00  1.89941e-02  1.93042e-02
1.657098895e+00  1.9032333e-02  4.91937e-04  1.00000e+00  1.90090e-02  1.93197e-02
1.657651262e+00  1.9043085e-02  4.92211e-04  1.00000e+00  1.90227e-02  1.93340e-02
1.658203812e+00  1.9050688e-02  4.92458e-04  1.00000e+00  1.90345e-02  1.93462e-02
1.658756547e+00  1.9053812e-02  4.92666e-04  1.00000e+00  1.90433e-02  1.93554e-02
1.659309466e+00  1.9050809e-02  4.92824e-04  1.00000e+00  1.90478e-02  1.93603e-02
1.659862569e+00  1.9039738e-02  4.92916e-04  1.00000e+00  1.90465e-02  1.93594e-02
1.660415856e+00  1.9018529e-02  4.92922e-04  1.00000e+00  1.90377e-02  1.93510e-02
1.660969328e+00  1.8985361e-02  4.92821e-04  1.00000e+00  1.90195e-02  1.93333e-02
1.661522985e+00  1.8939299e-02  4.92595e-04  1.00000e+00  1.89906e-02  1.93047e-02
1.662076826e+00  1.8881074e-02  4.92233e-04  1.00000e+00  1.89500e-02  1.92645e-02
1.662630851e+00  1.8813783e-02  4.91737e-04  1.00000e+00  1.88984e-02  1.92132e-02
1.663185062e+00  1.8743162e-02  4.91135e-04  1.00000e+00  1.88383e-02  1.91533e-02
1.663739457e+00  1.8677141e-02  4.90479e-04  1.00000e+00  1.87743e-02  1.90894e-02
1.664294036e+00  1.8624564e-02  4.89847e-04  1.00000e+00  1.87127e-02  1.90278e-02
1.664848801e+00  1.8593311e-02  4.89329e-04  1.00000e+00  1.86608e-02  1.89760e-02
1.665403751e+00  1.8588353e-02  4.89011e-04  1.00000e+00  1.86255e-02  1.89409e-02
1.665958885e+00  1.8610407e-02  4.88957e-04  1.00000e+00  1.86116e-02  1.89273e-02
1.666514205e+00  1.8655671e-02  4.89191e-04  1.00000e+00  1.86207e-02  1.89371e-02
1.667069710e+00  1.8716796e-02  4.89692e-04  1.00000e+00  1.86511e-02  1.89685e-02
1.667625400e+00  1.8784713e-02  4.90400e-04  1.00000e+00  1.86979e-02  1.90164e-02
1.668181275e+00  1.8850718e-02  4.91231e-04  1.00000e+00  1.87542e-02  1.90742e-02
1.668737335e+00  1.8908132e-02  4.92093e-04  1.00000e+00  1.88130e-02  1.91344e-02
1.669293581e+00  1.8953147e-02  4.92910e-04  1.00000e+00  1.88680e-02  1.91908e-02
1.669850012e+00  1.8984774e-02  4.93625e-04  1.00000e+00  1.89149e-02  1.92390e-02
1.670406629e+00  1.9004169e-02  4.94212e-04  1.00000e+00  1.89514e-02  1.92767e-02
1.670963431e+00  1.9013699e-02  4.94667e-04  1.00000e+00  1.89772e-02  1.93037e-02
1.671520419e+00  1.9016091e-02  4.95002e-04  1.00000e+00  1.89935e-02  1.93209e-02
1.672077592e+00  1.9013856e-02  4.95241e-04  1.00000e+00  1.90020e-02  1.93302e-02
1.672634951e+00  1.9008997e-02  4.95408e-04  1.00000e+00  1.90047e-02  1.93337e-02
1.673192496e+00  1.9002958e-02  4.95526e-04  1.00000e+00  1.90035e-02  1.93332e-02
1.673750227e+00  1.8996683e-02  4.95616e-04  1.00000e+00  1.90000e-02  1.93304e-02
1.674308144e+00  1.8990742e-02  4.95689e-04  1.00000e+00  1.89954e-02  1.93264e-02
1.674866247e+00  1.8985450e-02  4.95756e-04  1.00000e+00  1.89904e-02  1.93220e-02
1.675424535e+00  1.8980967e-02  4.95824e-04  1.00000e+00  1.89856e-02  1.93177e-02
1.675983010e+00  1.8977343e-02  4.95896e-04  1.00000e+00  1.89812e-02  1.93139e-02
1.676541671e+00  1.8974525e-02  4.95975e-04  1.00000e+00  1.89774e-02  1.93106e-02
1.677100519e+00  1.8972323e-02  4.96062e-04  1.00000e+00  1.89741e-02  1.93079e-02
1.677659552e+00  1.8970400e-02  4.96157e-04  1.00000e+00  1.89713e-02  1.93058e-02
1.678218772e+00  1.8968312e-02  4.96258e-04  1.00000e+00  1.89688e-02  1.93039e-02
1.678778178e+00  1.8965607e-02  4.96360e-04  1.00000e+00  1.89662e-02  1.93020e-02
1.679337771e+00  1.8961976e-02  4.96458e-04  1.00000e+00  1.89634e-02  1.92998e-02
1.679897550e+00  1.8957385e-02  4.96548e-04  1.00000e+00  1.89601e-02  1.92972e-02
1.680457516e+00  1.8952121e-02  4.96627e-04  1.00000e+00  1.89562e-02  1.92939e-02
1.681017668e+00  1.8946757e-02  4.96696e-04  1.00000e+00  1.89521e-02  1.92902e-02
1.681578008e+00  1.8942018e-02  4.96757e-04  1.00000e+00  1.89479e-02  1.92864e-02
1.682138534e+00  1.8938596e-02  4.96817e-04  1.00000e+00  1.89442e-02  1.92830e-02
1.682699247e+00  1.8936975e-02  4.96883e-04  1.00000e+00  1.89414e-02  1.92804e-02
1.683260146e+00  1.8937299e-02  4.96960e-04  1.00000e+00  1.89400e-02  1.92791e-02
1.683821233e+00  1.8939332e-02  4.97052e-04  1.00000e+00  1.89400e-02  1.92793e-02
1.684382507e+00  1.8942511e-02  4.97160e-04  1.00000e+00  1.89413e-02  1.92808e-02
1.684943968e+00  1.8946081e-02  4.97280e-04  1.00000e+00  1.89435e-02  1.92832e-02
1.685505616e+00  1.8949261e-02  4.97408e-04  1.00000e+00  1.89462e-02  1.92861e-02
1.686067451e+00  1.8951391e-02  4.97537e-04  1.00000e+00  1.89487e-02  1.92889e-02
1.686629473e+00  1.8952046e-02  4.97659e-04  1.00000e+00  1.89505e-02  1.92909e-02
1.687191683e+00  1.8951087e-02  4.97772e-04  1.00000e+00  1.89511e-02  1.92919e-02
1.687754080e+00  1.8948679e-02  4.97871e-04  1.00000e+00  1.89504e-02  1.92916e-02
1.688316665e+00  1.8945278e-02  4.97958e-04  1.00000e+00  1.89485e-02  1.92901e-02
1.688879437e+00  1.8941559e-02  4.98035e-04  1.00000e+00  1.89458e-02  1.92878e-02
1.689442397e+00  1.8938299e-02  4.98107e-04  1.00000e+00  1.89428e-02  1.92851e-02
1.690005545e+00  1.8936209e-02  4.98179e-04  1.00000e+00  1.89401e-02  1.92828e-02
1.690568880e+00  1.8935745e-02  4.98259e-04  1.00000e+00  1.89385e-02  1.92814e-02
1.691132403e+00  1.8936993e-02  4.98349e-04  1.00000e+00  1.89382e-02  1.92813e-02
1.691696113e+00  1.8939644e-02  4.98452e-04  1.00000e+00  1.89393e-02  1.92826e-02
1.692260012e+00  1.8943096e-02  4.98564e-04  1.00000e+00  1.89418e-02  1.92851e-02
1.692824099e+00  1.8946636e-02  4.98682e-04  1.00000e+00  1.89451e-02  1.92883e-02
1.693388374e+00  1.8949635e-02  4.98798e-04  1.00000e+00  1.89488e-02  1.92918e-02
1.693952836e+00  1.8951700e-02  4.98906e-04  1.00000e+00  1.89521e-02  1.92950e-02
1.694517487e+00  1.8952733e-02  4.99002e-04  1.00000e+00  1.89548e-02  1.92975e-02
1.695082326e+00  1.8952899e-02  4.99085e-04  1.00000e+00  1.89566e-02  1.92989e-02
1.695647354e+00  1.8952509e-02  4.99157e-04  1.00000e+00  1.89574e-02  1.92995e-02
1.696212570e+00  1.8951880e-02  4.99223e-04  1.00000e+00  1.89572e-02  1.92991e-02
1.696777974e+00  1.8951199e-02  4.99287e-04  1.00000e+00  1.89564e-02  1.92982e-02
1.697343567e+00  1.8950466e-02  4.99354e-04  1.00000e+00  1.89551e-02  1.92969e-02
1.697909348e+00  1.8949517e-02  4.99426e-04  1.00000e+00  1.89535e-02  1.92955e-02
1.698475317e+00  1.8948109e-02  4.99504e-04  1.00000e+00  1.89516e-02  1.92938e-02
1.699041476e+00  1.8946035e-02  4.99584e-04  1.00000e+00  1.89494e-02  1.92919e-02
1.699607823e+00  1.8943205e-02  4.99664e-04  1.00000e+00  1.89469e-02  1.92898e-02
1.700174359e+00  1.8939646e-02  4.99739e-04  1.00000e+00  1.89441e-02  1.92874e-02
1.700741084e+00  1.8935439e-02  4.99807e-04  1.00000e+00  1.89411e-02  1.92846e-02
1.701307998e+00  1.8930624e-02  4.99864e-04  1.00000e+00  1.89377e-02  1.92814e-02
1.701875100e+00  1.8925121e-02  4.99909e-04  1.00000e+00  1.89340e-02  1.92777e-02
1.702442392e+00  1.8918727e-02  4.99937e-04  1.00000e+00  1.89298e-02  1.92733e-02
1.703009873e+00  1.8911196e-02  4.99948e-04  1.00000e+00  1.89248e-02  1.92681e-02
1.703577543e+00  1.8902392e-02  4.99937e-04  1.00000e+00  1.89187e-02  1.92617e-02
1.704145402e+00  1.8892475e-02  4.99905e-04  1.00000e+00  1.89113e-02  1.92539e-02
1.704713450e+00  1.8882041e-02  4.99855e-04  1.00000e+00  1.89028e-02  1.92449e-02
1.705281688e+00  1.8872188e-02  4.99794e-04  1.00000e+00  1.88935e-02  1.92351e-02
1.705850115e+00  1.8864415e-02  4.99736e-04  1.00000e+00  1.88845e-02  1.92256e-02
1.706418732e+00  1.8860378e-02  4.99696e-04  1.00000e+00  1.88769e-02  1.92175e-02
1.706987538e+00  1.8861525e-02  4.99693e-04  1.00000e+00  1.88722e-02  1.92125e-02
1.707556534e+00  1.8868686e-02  4.99744e-04  1.00000e+00  1.88717e-02  1.92117e-02
1.708125720e+00  1.8881771e-02  4.99858e-04  1.00000e+00  1.88764e-02  1.92161e-02
1.708695095e+00  1.8899651e-02  5.00038e-04  1.00000e+00  1.88865e-02  1.92259e-02
1.709264660e+00  1.8920332e-02  5.00273e-04  1.00000e+00  1.89012e-02  1.92404e-02
1.709834415e+00  1.8941369e-02  5.00545e-04  1.00000e+00  1.89191e-02  1.92582e-02
1.710404360e+00  1.8960456e-02  5.00829e-04  1.00000e+00  1.89383e-02  1.92772e-02
1.710974494e+00  1.8975982e-02  5.01100e-04  1.00000e+00  1.89569e-02  1.92954e-02
1.711544819e+00  1.8987418e-02  5.01340e-04  1.00000e+00  1.89732e-02  1.93113e-02
1.712115334e+00  1.8995387e-02  5.01538e-04  1.00000e+00  1.89865e-02  1.93241e-02
1.712686039e+00  1.9001400e-02  5.01698e-04  1.00000e+00  1.89968e-02  1.93338e-02
1.713256935e+00  1.9007331e-02  5.01831e-04  1.00000e+00  1.90049e-02  1.93414e-02
1.713828020e+00  1.9014780e-02  5.01957e-04  1.00000e+00  1.90121e-02  1.93481e-02
1.714399296e+00  1.9024513e-02  5.02092e-04  1.00000e+00  1.90198e-02  1.93553e-02
1.714970763e+00  1.9036137e-02  5.02247e-04  1.00000e+00  1.90286e-02  1.93638e-02
1.715542420e+00  1.9048084e-02  5.02422e-04  1.00000e+00  1.90386e-02  1.93735e-02
1.716114267e+00  1.9057924e-02  5.02606e-04  1.00000e+00  1.90487e-02  1.93835e-02
1.716686305e+00  1.9062916e-02  5.02776e-04  1.00000e+00  1.90571e-02  1.93919e-02
1.717258534e+00  1.9060677e-02  5.02906e-04  1.00000e+00  1.90618e-02  1.93965e-02
1.717830953e+00  1.9049795e-02  5.02970e-04  1.00000e+00  1.90606e-02  1.93953e-02
1.718403564e+00  1.9030244e-02  5.02950e-04  1.00000e+00  1.90522e-02  1.93869e-02
1.718976365e+00  1.9003495e-02  5.02843e-04  1.00000e+00  1.90363e-02  1.93710e-02
1.719549357e+00  1.8972277e-02  5.02657e-04  1.00000e+00  1.90137e-02  1.93484e-02
1.720122540e+00  1.8940082e-02  5.02415e-04  1.00000e+00  1.89866e-02  1.93212e-02
1.720695914e+00  1.8910509e-02  5.02149e-04  1.00000e+00  1.89577e-02  1.92921e-02
1.721269480e+00  1.8886685e-02  5.01895e-04  1.00000e+00  1.89300e-02  1.92642e-02
1.721843236e+00  1.8870795e-02  5.01688e-04  1.00000e+00  1.89063e-02  1.92404e-02
1.722417184e+00  1.8863872e-02  5.01552e-04  1.00000e+00  1.88889e-02  1.92228e-02
1.722991323e+00  1.8865780e-02  5.01506e-04  1.00000e+00  1.88790e-02  1.92127e-02
1.723565653e+00  1.8875343e-02  5.01555e-04  1.00000e+00  1.88768e-02  1.92105e-02
1.724140175e+00  1.8890572e-02  5.01692e-04  1.00000e+00  1.88818e-02  1.92154e-02
1.724714889e+00  1.8908947e-02  5.01903e-04  1.00000e+00  1.88924e-02  1.92261e-02
1.725289794e+00  1.8927739e-02  5.02163e-04  1.00000e+00  1.89066e-02  1.92406e-02
1.725864890e+00  1.8944338e-02  5.02445e-04  1.00000e+00  1.89223e-02  1.92566e-02
1.726440179e+00  1.8956544e-02  5.02721e-04  1.00000e+00  1.89371e-02  1.92717e-02
1.727015659e+00  1.8962818e-02  5.02965e-04  1.00000e+00  1.89490e-02  1.92840e-02
1.727591331e+00  1.8962448e-02  5.03155e-04  1.00000e+00  1.89565e-02  1.92918e-02
1.728167194e+00  1.8955660e-02  5.03278e-04  1.00000e+00  1.89586e-02  1.92942e-02
1.728743250e+00  1.8943653e-02  5.03329e-04  1.00000e+00  1.89554e-02  1.92911e-02
1.729319498e+00  1.8928496e-02  5.03315e-04  1.00000e+00  1.89475e-02  1.92831e-02
1.729895938e+00  1.8912841e-02  5.03254e-04  1.00000e+00  1.89362e-02  1.92717e-02
1.730472570e+00  1.8899437e-02  5.03171e-04  1.00000e+00  1.89237e-02  1.92589e-02
1.731049394e+00  1.8890474e-02  5.03096e-04  1.00000e+00  1.89119e-02  1.92468e-02
1.731626410e+00  1.8887026e-02  5.03055e-04  1.00000e+00  1.89027e-02  1.92375e-02
1.732203619e+00  1.8888789e-02  5.03066e-04  1.00000e+00  1.88974e-02  1.92320e-02
1.732781020e+00  1.8894274e-02  5.03134e-04  1.00000e+00  1.88959e-02  1.92306e-02
1.733358614e+00  1.8901415e-02  5.03253e-04  1.00000e+00  1.88977e-02  1.92326e-02
1.733936400e+00  1.8908288e-02  5.03405e-04  1.00000e+00  1.89015e-02  1.92368e-02
1.734514379e+00  1.8913655e-02  5.03575e-04  1.00000e+00  1.89059e-02  1.92418e-02
1.735092550e+00  1.8917069e-02  5.03745e-04  1.00000e+00  1.89099e-02  1.92464e-02
1.735670915e+00  1.8918593e-02  5.03907e-04  1.00000e+00  1.89130e-02  1.92502e-02
1.736249472e+00  1.8918338e-02  5.04053e-04  1.00000e+00  1.89150e-02  1.92527e-02
1.736828221e+00  1.8916123e-02  5.04180e-04  1.00000e+00  1.89155e-02  1.92539e-02
1.737407164e+00  1.8911518e-02  5.04282e-04  1.00000e+00  1.89145e-02  1.92534e-02
1.737986300e+00  1.8904162e-02  5.04353e-04  1.00000e+00  1.89114e-02  1.92507e-02
1.738565629e+00  1.8894140e-02  5.04388e-04  1.00000e+00  1.89058e-02  1.92455e-02
1.739145150e+00  1.8882131e-02  5.04389e-04  1.00000e+00  1.88978e-02  1.92377e-02
1.739724866e+00  1.8869150e-02  5.04362e-04  1.00000e+00  1.88876e-02  1.92277e-02
1.740304774e+00  1.8856002e-02  5.04319e-04  1.00000e+00  1.88758e-02  1.92162e-02
1.740884875e+00  1.8842678e-02  5.04268e-04  1.00000e+00  1.88632e-02  1.92038e-02
1.741465170e+00  1.8828122e-02  5.04210e-04  1.00000e+00  1.88499e-02  1.91908e-02
1.742045659e+00  1.8810537e-02  5.04137e-04  1.00000e+00  1.88353e-02  1.91764e-02
1.742626341e+00  1.8788238e-02  5.04030e-04  1.00000e+00  1.88183e-02  1.91597e-02
1.743207216e+00  1.8760737e-02  5.03872e-04  1.00000e+00  1.87980e-02  1.91393e-02
1.743788285e+00  1.8729610e-02  5.03656e-04  1.00000e+00  1.87738e-02  1.91150e-02
1.744369548e+00  1.8698684e-02  5.03393e-04  1.00000e+00  1.87467e-02  1.90877e-02
1.744951004e+00  1.8673353e-02  5.03120e-04  1.00000e+00  1.87195e-02  1.90601e-02
1.745532655e+00  1.8659140e-02  5.02889e-04  1.00000e+00  1.86961e-02  1.90363e-02
1.746114499e+00  1.8659971e-02  5.02759e-04  1.00000e+00  1.86808e-02  1.90206e-02
1.746696537e+00  1.8676796e-02  5.02780e-04  1.00000e+00  1.86769e-02  1.90166e-02
1.747278769e+00  1.8707126e-02  5.02972e-04  1.00000e+00  1.86860e-02  1.90258e-02
1.747861196e+00  1.8745679e-02  5.03325e-04  1.00000e+00  1.87070e-02  1.90471e-02
1.748443816e+00  1.8785879e-02  5.03794e-04  1.00000e+00  1.87364e-02  1.90771e-02
1.749026631e+00  1.8821588e-02  5.04317e-04  1.00000e+00  1.87696e-02  1.91110e-02
1.749609639e+00  1.8848402e-02  5.04830e-04  1.00000e+00  1.88016e-02  1.91437e-02
1.750192843e+00  1.8864120e-02  5.05277e-04  1.00000e+00  1.88283e-02  1.91711e-02
1.750776240e+00  1.8868405e-02  5.05621e-04  1.00000e+00  1.88471e-02  1.91904e-02
1.751359832e+00  1.8862103e-02  5.05842e-04  1.00000e+00  1.88566e-02  1.92003e-02
1.751943619e+00  1.8846689e-02  5.05935e-04  1.00000e+00  1.88569e-02  1.92007e-02
1.752527600e+00  1.8824159e-02  5.05908e-04  1.00000e+00  1.88486e-02  1.91922e-02
1.753111776e+00  1.8797279e-02  5.05776e-04  1.00000e+00  1.88330e-02  1.91763e-02
1.753696147e+00  1.8769829e-02  5.05568e-04  1.00000e+00  1.88125e-02  1.91552e-02
1.754280712e+00  1.8746425e-02  5.05328e-04  1.00000e+00  1.87898e-02  1.91319e-02
1.754865472e+00  1.8731764e-02  5.05109e-04  1.00000e+00  1.87688e-02  1.91104e-02
1.755450427e+00  1.8729338e-02  5.04967e-04  1.00000e+00  1.87534e-02  1.90945e-02
1.756035578e+00  1.8740226e-02  5.04950e-04  1.00000e+00  1.87467e-02  1.90877e-02
1.756620923e+00  1.8762384e-02  5.05082e-04  1.00000e+00  1.87505e-02  1.90916e-02
1.757206463e+00  1.8790811e-02  5.05351e-04  1.00000e+00  1.87638e-02  1.91055e-02
1.757792199e+00  1.8818596e-02  5.05717e-04  1.00000e+00  1.87838e-02  1.91262e-02
1.758378129e+00  1.8838493e-02  5.06108e-04  1.00000e+00  1.88056e-02  1.91487e-02
1.758964255e+00  1.8844450e-02  5.06445e-04  1.00000e+00  1.88234e-02  1.91672e-02
1.759550577e+00  1.8832644e-02  5.06652e-04  1.00000e+00  1.88319e-02  1.91761e-02
1.760137094e+00  1.8801748e-02  5.06672e-04  1.00000e+00  1.88267e-02  1.91711e-02
1.760723806e+00  1.8752651e-02  5.06473e-04  1.00000e+00  1.88056e-02  1.91497e-02
1.761310714e+00  1.8688000e-02  5.06050e-04  1.00000e+00  1.87679e-02  1.91113e-02
1.761897817e+00  1.8611959e-02  5.05423e-04  1.00000e+00  1.87147e-02  1.90572e-02
1.762485117e+00  1.8530282e-02  5.04634e-04  1.00000e+00  1.86492e-02  1.89904e-02
1.763072612e+00  1.8450458e-02  5.03747e-04  1.00000e+00  1.85760e-02  1.89160e-02
1.763660303e+00  1.8381365e-02  5.02849e-04  1.00000e+00  1.85019e-02  1.88405e-02
1.764248189e+00  1.8332100e-02  5.02041e-04  1.00000e+00  1.84345e-02  1.87720e-02
1.764836272e+00  1.8310043e-02  5.01428e-04  1.00000e+00  1.83822e-02  1.87187e-02
1.765424551e+00  1.8318688e-02  5.01100e-04  1.00000e+00  1.83516e-02  1.86876e-02
1.766013026e+00  1.8356245e-02  5.01109e-04  1.00000e+00  1.83468e-02  1.86827e-02
1.766601697e+00  1.8415675e-02  5.01455e-04  1.00000e+00  1.83675e-02  1.87037e-02
1.767190564e+00  1.8486290e-02  5.02081e-04  1.00000e+00  1.84095e-02  1.87464e-02
1.767779628e+00  1.8556370e-02  5.02886e-04  1.00000e+00  1.84650e-02  1.88029e-02
1.768368887e+00  1.8615674e-02  5.03750e-04  1.00000e+00  1.85248e-02  1.88637e-02
1.768958344e+00  1.8657086e-02  5.04555e-04  1.00000e+00  1.85800e-02  1.89199e-02
1.769547996e+00  1.8676956e-02  5.05205e-04  1.00000e+00  1.86235e-02  1.89642e-02
1.770137846e+00  1.8674513e-02  5.05637e-04  1.00000e+00  1.86506e-02  1.89917e-02
1.770727892e+00  1.8650880e-02  5.05819e-04  1.00000e+00  1.86588e-02  1.89999e-02
1.771318134e+00  1.8608413e-02  5.05742e-04  1.00000e+00  1.86476e-02  1.89884e-02
1.771908574e+00  1.8550455e-02  5.05421e-04  1.00000e+00  1.86179e-02  1.89581e-02
1.772499210e+00  1.8481287e-02  5.04887e-04  1.00000e+00  1.85722e-02  1.89114e-02
1.773090043e+00  1.8405909e-02  5.04186e-04  1.00000e+00  1.85137e-02  1.88518e-02
1.773681073e+00  1.8329474e-02  5.03375e-04  1.00000e+00  1.84467e-02  1.87835e-02
1.774272300e+00  1.8256346e-02  5.02514e-04  1.00000e+00  1.83756e-02  1.87112e-02
1.774863724e+00  1.8189382e-02  5.01660e-04  1.00000e+00  1.83046e-02  1.86391e-02
1.775455345e+00  1.8129620e-02  5.00854e-04  1.00000e+00  1.82369e-02  1.85704e-02
1.776047164e+00  1.8076674e-02  5.00120e-04  1.00000e+00  1.81743e-02  1.85069e-02
1.776639180e+00  1.8029442e-02  4.99466e-04  1.00000e+00  1.81174e-02  1.84493e-02
1.777231393e+00  1.7986840e-02  4.98886e-04  1.00000e+00  1.80660e-02  1.83975e-02
1.777823803e+00  1.7948033e-02  4.98373e-04  1.00000e+00  1.80197e-02  1.83508e-02
1.778416411e+00  1.7912068e-02  4.97916e-04  1.00000e+00  1.79778e-02  1.83085e-02
1.779009217e+00  1.7877171e-02  4.97499e-04  1.00000e+00  1.79390e-02  1.82695e-02
1.779602220e+00  1.7840171e-02  4.97101e-04  1.00000e+00  1.79018e-02  1.82321e-02
1.780195420e+00  1.7796633e-02  4.96684e-04  1.00000e+00  1.78632e-02  1.81933e-02
1.780788819e+00  1.7741982e-02  4.96199e-04  1.00000e+00  1.78198e-02  1.81495e-02
1.781382415e+00  1.7673429e-02  4.95598e-04  1.00000e+00  1.77678e-02  1.80969e-02
1.781976209e+00  1.7592070e-02  4.94845e-04  1.00000e+00  1.77050e-02  1.80334e-02
1.782570201e+00  1.7504183e-02  4.93945e-04  1.00000e+00  1.76320e-02  1.79593e-02
1.783164391e+00  1.7420779e-02  4.92955e-04  1.00000e+00  1.75532e-02  1.78792e-02
1.783758779e+00  1.7355213e-02  4.91984e-04  1.00000e+00  1.74767e-02  1.78013e-02
1.784353366e+00  1.7319153e-02  4.91173e-04  1.00000e+00  1.74125e-02  1.77360e-02
1.784948150e+00  1.7318373e-02  4.90657e-04  1.00000e+00  1.73702e-02  1.76927e-02
1.785543133e+00  1.7349822e-02  4.90520e-04  1.00000e+00  1.73551e-02  1.76773e-02
1.786138314e+00  1.7401170e-02  4.90757e-04  1.00000e+00  1.73666e-02  1.76890e-02
1.786733693e+00  1.7453333e-02  4.91265e-04  1.00000e+00  1.73968e-02  1.77199e-02
1.787329271e+00  1.7485053e-02  4.91856e-04  1.00000e+00  1.74323e-02  1.77562e-02
1.787925048e+00  1.7478222e-02  4.92304e-04  1.00000e+00  1.74565e-02  1.77811e-02
1.788521023e+00  1.7422358e-02  4.92393e-04  1.00000e+00  1.74542e-02  1.77791e-02
1.789117196e+00  1.7316865e-02  4.91969e-04  1.00000e+00  1.74149e-02  1.77393e-02
1.789713569e+00  1.7170794e-02  4.90977e-04  1.00000e+00  1.73347e-02  1.76579e-02
1.790310140e+00  1.7000210e-02  4.89464e-04  1.00000e+00  1.72179e-02  1.75391e-02
1.790906910e+00  1.6824230e-02  4.87569e-04  1.00000e+00  1.70745e-02  1.73932e-02
1.791503879e+00  1.6660649e-02  4.85488e-04  1.00000e+00  1.69188e-02  1.72348e-02
1.792101047e+00  1.6522234e-02  4.83427e-04  1.00000e+00  1.67653e-02  1.70786e-02
1.792698414e+00  1.6414281e-02  4.81561e-04  1.00000e+00  1.66259e-02  1.69369e-02
1.793295980e+00  1.6333735e-02  4.79993e-04  1.00000e+00  1.65076e-02  1.68167e-02
1.793893745e+00  1.6269680e-02  4.78735e-04  1.00000e+00  1.64108e-02  1.67185e-02
1.794491710e+00  1.6205049e-02  4.77700e-04  1.00000e+00  1.63292e-02  1.66358e-02
1.795089874e+00  1.6119163e-02  4.76713e-04  1.00000e+00  1.62507e-02  1.65563e-02
1.795688237e+00  1.5991000e-02  4.75537e-04  1.00000e+00  1.61589e-02  1.64634e-02
1.796286800e+00  1.5803301e-02  4.73911e-04  1.00000e+00  1.60364e-02  1.63391e-02
1.796885562e+00  1.5546921e-02  4.71599e-04  1.00000e+00  1.58674e-02  1.61673e-02
1.797484524e+00  1.5224832e-02  4.68443e-04  1.00000e+00  1.56421e-02  1.59380e-02
1.798083686e+00  1.4854144e-02  4.64415e-04  1.00000e+00  1.53599e-02  1.56506e-02
1.798683047e+00  1.4464808e-02  4.59650e-04  1.00000e+00  1.50315e-02  1.53160e-02
1.799282608e+00  1.4094355e-02  4.54456e-04  1.00000e+00  1.46785e-02  1.49563e-02
1.799882369e+00  1.3779243e-02  4.49261e-04  1.00000e+00  1.43301e-02  1.46012e-02
1.800482329e+00  1.3545425e-02  4.44536e-04  1.00000e+00  1.40163e-02  1.42815e-02
1.801082490e+00  1.3401340e-02  4.40675e-04  1.00000e+00  1.37614e-02  1.40218e-02
1.801682851e+00  1.3336142e-02  4.37895e-04  1.00000e+00  1.35775e-02  1.38345e-02
1.802283412e+00  1.3324057e-02  4.36180e-04  1.00000e+00  1.34624e-02  1.37174e-02
1.802884173e+00  1.3333365e-02  4.35308e-04  1.00000e+00  1.34012e-02  1.36552e-02
1.803485135e+00  1.3336536e-02  4.34936e-04  1.00000e+00  1.33718e-02  1.36254e-02
1.804086296e+00  1.3317466e-02  4.34719e-04  1.00000e+00  1.33525e-02  1.36059e-02
1.804687658e+00  1.3273010e-02  4.34402e-04  1.00000e+00  1.33271e-02  1.35803e-02
1.805289221e+00  1.3208844e-02  4.33862e-04  1.00000e+00  1.32880e-02  1.35406e-02
1.805890984e+00  1.3132040e-02  4.33084e-04  1.00000e+00  1.32342e-02  1.34858e-02
1.806492948e+00  1.3044276e-02  4.32094e-04  1.00000e+00  1.31672e-02  1.34176e-02
1.807095112e+00  1.2939408e-02  4.30889e-04  1.00000e+00  1.30865e-02  1.33354e-02
1.807697477e+00  1.2806183e-02  4.29398e-04  1.00000e+00  1.29877e-02  1.32348e-02
1.808300043e+00  1.2635029e-02  4.27503e-04  1.00000e+00  1.28633e-02  1.31082e-02
1.808902810e+00  1.2425033e-02  4.25097e-04  1.00000e+00  1.27068e-02  1.29490e-02
1.809505777e+00  1.2187329e-02  4.22156e-04  1.00000e+00  1.25173e-02  1.27562e-02
1.810108946e+00  1.1943176e-02  4.18790e-04  1.00000e+00  1.23022e-02  1.25375e-02
1.810712315e+00  1.1717375e-02  4.15236e-04  1.00000e+00  1.20767e-02  1.23083e-02
1.811315886e+00  1.1530093e-02  4.11798e-04  1.00000e+00  1.18595e-02  1.20876e-02
1.811919658e+00  1.1390540e-02  4.08758e-04  1.00000e+00  1.16676e-02  1.18928e-02
1.812523631e+00  1.1294965e-02  4.06293e-04  1.00000e+00  1.15114e-02  1.17343e-02
1.813127806e+00  1.1228877e-02  4.04420e-04  1.00000e+00  1.13918e-02  1.16130e-02
1.813732182e+00  1.1171604e-02  4.03006e-04  1.00000e+00  1.13009e-02  1.15208e-02
1.814336759e+00  1.1100926e-02  4.01801e-04  1.00000e+00  1.12242e-02  1.14430e-02
1.814941538e+00  1.0996342e-02  4.00501e-04  1.00000e+00  1.11440e-02  1.13614e-02
1.815546519e+00  1.0841042e-02  3.98787e-04  1.00000e+00  1.10417e-02  1.12570e-02
1.816151701e+00  1.0624109e-02  3.96373e-04  1.00000e+00  1.09008e-02  1.11131e-02
1.816757085e+00  1.0343892e-02  3.93048e-04  1.00000e+00  1.07094e-02  1.09176e-02
1.817362670e+00  1.0012097e-02  3.88727e-04  1.00000e+00  1.04633e-02  1.06664e-02
1.817968458e+00  9.6564074e-03  3.83515e-04  1.00000e+00  1.01697e-02  1.03669e-02
1.818574447e+00  9.3191371e-03  3.77758e-04  1.00000e+00  9.84928e-03  1.00400e-02
1.819180639e+00  9.0497933e-03  3.72046e-04  1.00000e+00  9.53486e-03  9.71947e-03
1.819787032e+00  8.8926486e-03  3.67135e-04  1.00000e+00  9.26649e-03  9.44604e-03
1.820393628e+00  8.8724181e-03  3.63772e-04  1.00000e+00  9.08200e-03  9.25826e-03
1.821000426e+00  8.9836436e-03  3.62468e-04  1.00000e+00  9.00611e-03  9.18132e-03
1.821607426e+00  9.1878992e-03  3.63288e-04  1.00000e+00  9.04143e-03  9.21781e-03
1.822214629e+00  9.4211202e-03  3.65774e-04  1.00000e+00  9.16479e-03  9.34409e-03
1.822822034e+00  9.6091813e-03  3.69038e-04  1.00000e+00  9.33093e-03  9.51395e-03
1.823429641e+00  9.6867607e-03  3.71993e-04  1.00000e+00  9.48259e-03  9.66898e-03
1.824037451e+00  9.6131683e-03  3.73617e-04  1.00000e+00  9.56425e-03  9.75258e-03
1.824645463e+00  9.3803578e-03  3.73170e-04  1.00000e+00  9.53509e-03  9.72311e-03
1.825253678e+00  9.0112736e-03  3.70312e-04  1.00000e+00  9.37719e-03  9.56232e-03
1.825862096e+00  8.5505415e-03  3.65117e-04  1.00000e+00  9.09731e-03  9.27713e-03
1.826470717e+00  8.0515365e-03  3.58006e-04  1.00000e+00  8.72240e-03  8.89501e-03
1.827079541e+00  7.5642372e-03  3.49633e-04  1.00000e+00  8.29124e-03  8.45552e-03
1.827688567e+00  7.1267680e-03  3.40748e-04  1.00000e+00  7.84522e-03  8.00086e-03
1.828297797e+00  6.7613507e-03  3.32061e-04  1.00000e+00  7.42043e-03  7.56781e-03
1.828907229e+00  6.4736420e-03  3.24135e-04  1.00000e+00  7.04246e-03  7.18246e-03
1.829516865e+00  6.2542614e-03  3.17300e-04  1.00000e+00  6.72387e-03  6.85760e-03
1.830126704e+00  6.0818182e-03  3.11614e-04  1.00000e+00  6.46392e-03  6.59249e-03
1.830736746e+00  5.9271823e-03  3.06859e-04  1.00000e+00  6.25016e-03  6.37443e-03
1.831346992e+00  5.7591283e-03  3.02604e-04  1.00000e+00  6.06161e-03  6.18204e-03
1.831957441e+00  5.5511369e-03  2.98296e-04  1.00000e+00  5.87341e-03  5.99000e-03
1.832568093e+00  5.2878255e-03  2.93389e-04  1.00000e+00  5.66252e-03  5.77483e-03
1.833178949e+00  4.9693466e-03  2.87474e-04  1.00000e+00  5.41318e-03  5.52048e-03
1.833790009e+00  4.6119729e-03  2.80380e-04  1.00000e+00  5.12110e-03  5.22259e-03
1.834401272e+00  4.2442769e-03  2.72231e-04  1.00000e+00  4.79482e-03  4.88986e-03
1.835012739e+00  3.8999592e-03  2.63437e-04  1.00000e+00  4.45373e-03  4.54208e-03
1.835624410e+00  3.6096332e-03  2.54629e-04  1.00000e+00  4.12339e-03  4.20527e-03
1.836236285e+00  3.3945032e-03  2.46532e-04  1.00000e+00  3.82949e-03  3.90567e-03
1.836848364e+00  3.2640230e-03  2.39821e-04  1.00000e+00  3.59276e-03  3.66439e-03
1.837460647e+00  3.2179303e-03  2.35002e-04  1.00000e+00  3.42614e-03  3.49463e-03
1.838073133e+00  3.2510599e-03  2.32355e-04  1.00000e+00  3.33505e-03  3.40188e-03
1.838685824e+00  3.3582991e-03  2.31970e-04  1.00000e+00  3.31987e-03  3.38657e-03
1.839298720e+00  3.5367665e-03  2.33811e-04  1.00000e+00  3.37904e-03  3.44706e-03
1.839911819e+00  3.7837836e-03  2.37769e-04  1.00000e+00  3.51056e-03  3.58134e-03
1.840525123e+00  4.0914002e-03  2.43647e-04  1.00000e+00  3.71108e-03  3.78598e-03
1.841138632e+00  4.4401599e-03  2.51084e-04  1.00000e+00  3.97248e-03  4.05270e-03
1.841752345e+00  4.7955849e-03  2.59490e-04  1.00000e+00  4.27768e-03  4.36407e-03
1.842366262e+00  5.1105230e-03  2.68034e-04  1.00000e+00  4.59815e-03  4.69100e-03
1.842980384e+00  5.3340749e-03  2.75731e-04  1.00000e+00  4.89537e-03  4.99419e-03
1.843594711e+00  5.4251744e-03  2.81599e-04  1.00000e+00  5.12693e-03  5.23041e-03
1.844209242e+00  5.3662252e-03  2.84859e-04  1.00000e+00  5.25642e-03  5.36251e-03
1.844823979e+00  5.1716834e-03  2.85108e-04  1.00000e+00  5.26390e-03  5.37015e-03
1.845438920e+00  4.8874368e-03  2.82451e-04  1.00000e+00  5.15335e-03  5.25741e-03
1.846054066e+00  4.5803989e-03  2.77537e-04  1.00000e+00  4.95389e-03  5.05400e-03
1.846669418e+00  4.3210181e-03  2.71488e-04  1.00000e+00  4.71375e-03  4.80912e-03
1.847284974e+00  4.1644332e-03  2.65692e-04  1.00000e+00  4.48830e-03  4.57927e-03
1.847900736e+00  4.1364098e-03  2.61469e-04  1.00000e+00  4.32594e-03  4.41382e-03
1.848516703e+00  4.2284146e-03  2.59693e-04  1.00000e+00  4.25612e-03  4.34282e-03
1.849132875e+00  4.4030776e-03  2.60536e-04  1.00000e+00  4.28326e-03  4.37076e-03
1.849749253e+00  4.6075490e-03  2.63457e-04  1.00000e+00  4.38804e-03  4.47794e-03
1.850365836e+00  4.7899051e-03  2.67464e-04  1.00000e+00  4.53532e-03  4.62845e-03
1.850982624e+00  4.9132427e-03  2.71481e-04  1.00000e+00  4.68549e-03  4.78189e-03
1.851599619e+00  4.9631696e-03  2.74660e-04  1.00000e+00  4.80560e-03  4.90462e-03
1.852216819e+00  4.9473893e-03  2.76548e-04  1.00000e+00  4.87688e-03  4.97746e-03
1.852834224e+00  4.8887505e-03  2.77106e-04  1.00000e+00  4.89683e-03  4.99786e-03
1.853451836e+00  4.8152159e-03  2.76614e-04  1.00000e+00  4.87623e-03  4.97683e-03
1.854069653e+00  4.7507357e-03  2.75531e-04  1.00000e+00  4.83303e-03  4.93271e-03
1.854687676e+00  4.7101174e-03  2.74329e-04  1.00000e+00  4.78577e-03  4.88443e-03
1.855305905e+00  4.6987779e-03  2.73384e-04  1.00000e+00  4.74883e-03  4.84667e-03
1.855924341e+00  4.7162699e-03  2.72928e-04  1.00000e+00  4.73083e-03  4.82823e-03
1.856542982e+00  4.7612047e-03  2.73073e-04  1.00000e+00  4.73577e-03  4.83326e-03
1.857161830e+00  4.8350356e-03  2.73879e-04  1.00000e+00  4.76582e-03  4.86394e-03
1.857780884e+00  4.9429538e-03  2.75416e-04  1.00000e+00  4.82380e-03  4.92317e-03
1.858400144e+00  5.0914483e-03  2.77788e-04  1.00000e+00  4.91415e-03  5.01550e-03
1.859019611e+00  5.2837251e-03  2.81096e-04  1.00000e+00  5.04172e-03  5.14585e-03
1.859639284e+00  5.5150158e-03  2.85363e-04  1.00000e+00  5.20880e-03  5.31658e-03
1.860259164e+00  5.7699365e-03  2.90459e-04  1.00000e+00  5.41191e-03  5.52410e-03
1.860879250e+00  6.0232887e-03  2.96064e-04  1.00000e+00  5.63953e-03  5.75666e-03
1.861499543e+00  6.2439969e-03  3.01688e-04  1.00000e+00  5.87218e-03  5.99435e-03
1.862120043e+00  6.4005917e-03  3.06747e-04  1.00000e+00  6.08467e-03  6.21145e-03
1.862740750e+00  6.4661322e-03  3.10647e-04  1.00000e+00  6.24983e-03  6.38021e-03
1.863361663e+00  6.4213328e-03  3.12858e-04  1.00000e+00  6.34238e-03  6.47484e-03
1.863982784e+00  6.2557931e-03  3.12953e-04  1.00000e+00  6.34196e-03  6.47453e-03
1.864604111e+00  5.9683799e-03  3.10624e-04  1.00000e+00  6.23508e-03  6.36553e-03
1.865225646e+00  5.5677712e-03  3.05687e-04  1.00000e+00  6.01639e-03  6.14237e-03
1.865847388e+00  5.0731122e-03  2.98098e-04  1.00000e+00  5.68959e-03  5.80882e-03
1.866469337e+00  4.5139700e-03  2.87974e-04  1.00000e+00  5.26814e-03  5.37863e-03
1.867091493e+00  3.9281654e-03  2.75626e-04  1.00000e+00  4.77510e-03  4.87533e-03
1.867713857e+00  3.3573454e-03  2.61581e-04  1.00000e+00  4.24150e-03  4.33060e-03
1.868336429e+00  2.8408983e-03  2.46575e-04  1.00000e+00  3.70292e-03  3.78078e-03
1.868959207e+00  2.4103241e-03  2.31516e-04  1.00000e+00  3.19493e-03  3.26219e-03
1.869582194e+00  2.0856649e-03  2.17411e-04  1.00000e+00  2.74845e-03  2.80638e-03
1.870205388e+00  1.8750576e-03  2.05259e-04  1.00000e+00  2.38636e-03  2.43673e-03
1.870828790e+00  1.7771984e-03  1.95925e-04  1.00000e+00  2.12227e-03  2.16715e-03
1.871452399e+00  1.7853791e-03  1.90030e-04  1.00000e+00  1.96141e-03  2.00296e-03
1.872076217e+00  1.8917273e-03  1.87876e-04  1.00000e+00  1.90308e-03  1.94347e-03
1.872700242e+00  2.0901063e-03  1.89460e-04  1.00000e+00  1.94364e-03  1.98497e-03
1.873324476e+00  2.3770651e-03  1.94544e-04  1.00000e+00  2.07895e-03  2.12322e-03
1.873948917e+00  2.7506947e-03  2.02752e-04  1.00000e+00  2.30566e-03  2.35484e-03
1.874573567e+00  3.2077214e-03  2.13633e-04  1.00000e+00  2.62085e-03  2.67685e-03
1.875198425e+00  3.7399184e-03  2.26675e-04  1.00000e+00  3.02037e-03  3.08501e-03
1.875823491e+00  4.3309751e-03  2.41300e-04  1.00000e+00  3.49625e-03  3.57120e-03
1.876448765e+00  4.9553756e-03  2.56849e-04  1.00000e+00  4.03435e-03  4.12100e-03
1.877074248e+00  5.5800437e-03  2.72611e-04  1.00000e+00  4.61331e-03  4.71260e-03
1.877699939e+00  6.1688571e-03  2.87864e-04  1.00000e+00  5.20544e-03  5.31769e-03
1.878325839e+00  6.6888776e-03  3.01953e-04  1.00000e+00  5.77972e-03  5.90460e-03
1.878951948e+00  7.1163682e-03  3.14353e-04  1.00000e+00  6.30637e-03  6.44290e-03
1.879578265e+00  7.4409746e-03  3.24729e-04  1.00000e+00  6.76171e-03  6.90836e-03
1.880204791e+00  7.6670203e-03  3.32964e-04  1.00000e+00  7.13187e-03  7.28683e-03
1.880831526e+00  7.8117683e-03  3.39161e-04  1.00000e+00  7.41473e-03  7.57610e-03
1.881458470e+00  7.9015771e-03  3.43615e-04  1.00000e+00  7.61953e-03  7.78559e-03
1.882085623e+00  7.9667534e-03  3.46766e-04  1.00000e+00  7.76452e-03  7.93395e-03
1.882712985e+00  8.0356615e-03  3.49128e-04  1.00000e+00  7.87321e-03  8.04517e-03
1.883340556e+00  8.1286802e-03  3.51206e-04  1.00000e+00  7.96949e-03  8.14369e-03
1.883968336e+00  8.2528817e-03  3.53398e-04  1.00000e+00  8.07246e-03  8.24900e-03
1.884596326e+00  8.3987786e-03  3.55896e-04  1.00000e+00  8.19159e-03  8.37082e-03
1.885224524e+00  8.5408163e-03  3.58631e-04  1.00000e+00  8.32354e-03  8.50572e-03
1.885852933e+00  8.6427832e-03  3.61272e-04  1.00000e+00  8.45185e-03  8.63691e-03
1.886481550e+00  8.6673804e-03  3.63303e-04  1.00000e+00  8.55029e-03  8.73757e-03
1.887110377e+00  8.5879645e-03  3.64157e-04  1.00000e+00  8.58978e-03  8.77799e-03
1.887739414e+00  8.3986486e-03  3.63381e-04  1.00000e+00  8.54717e-03  8.73452e-03
1.888368661e+00  8.1193360e-03  3.60783e-04  1.00000e+00  8.41359e-03  8.59808e-03
1.888998117e+00  7.7935220e-03  3.56534e-04  1.00000e+00  8.19944e-03  8.37931e-03
1.889627783e+00  7.4789519e-03  3.51180e-04  1.00000e+00  7.93430e-03  8.10844e-03
1.890257659e+00  7.2336020e-03  3.45577e-04  1.00000e+00  7.66136e-03  7.82960e-03
1.890887745e+00  7.1008094e-03  3.40711e-04  1.00000e+00  7.42751e-03  7.59072e-03
1.891518041e+00  7.0973475e-03  3.37459e-04  1.00000e+00  7.27182e-03  7.43175e-03
1.892148547e+00  7.2076991e-03  3.36321e-04  1.00000e+00  7.21521e-03  7.37406e-03
1.892779263e+00  7.3860845e-03  3.37249e-04  1.00000e+00  7.25420e-03  7.41409e-03
1.893410189e+00  7.5659300e-03  3.39619e-04  1.00000e+00  7.36023e-03  7.52266e-03
1.894041326e+00  7.6748833e-03  3.42383e-04  1.00000e+00  7.48523e-03  7.65063e-03
1.894672673e+00  7.6521258e-03  3.44331e-04  1.00000e+00  7.57216e-03  7.73969e-03
1.895304231e+00  7.4635254e-03  3.44363e-04  1.00000e+00  7.56832e-03  7.73599e-03
1.895935999e+00  7.1105563e-03  3.41721e-04  1.00000e+00  7.43816e-03  7.60318e-03
1.896567977e+00  6.6302415e-03  3.36128e-04  1.00000e+00  7.17209e-03  7.33146e-03
1.897200167e+00  6.0856154e-03  3.27845e-04  1.00000e+00  6.78889e-03  6.94000e-03
1.897832567e+00  5.5494316e-03  3.17627e-04  1.00000e+00  6.33075e-03  6.47194e-03
1.898465178e+00  5.0859875e-03  3.06583e-04  1.00000e+00  5.85250e-03  5.98333e-03
1.899097999e+00  4.7365227e-03  2.95950e-04  1.00000e+00  5.40809e-03  5.52930e-03
1.899731032e+00  4.5127068e-03  2.86816e-04  1.00000e+00  5.03841e-03  5.15165e-03
1.900364276e+00  4.3994974e-03  2.79868e-04  1.00000e+00  4.76408e-03  4.87144e-03
1.900997730e+00  4.3659416e-03  2.75267e-04  1.00000e+00  4.58486e-03  4.68845e-03
1.901631396e+00  4.3794718e-03  2.72724e-04  1.00000e+00  4.48545e-03  4.58701e-03
1.902265273e+00  4.4185051e-03  2.71737e-04  1.00000e+00  4.44489e-03  4.54570e-03
1.902899362e+00  4.4789893e-03  2.71867e-04  1.00000e+00  4.44611e-03  4.54710e-03
1.903533662e+00  4.5727718e-03  2.72930e-04  1.00000e+00  4.48213e-03  4.58407e-03
1.904168173e+00  4.7189131e-03  2.75021e-04  1.00000e+00  4.55683e-03  4.66061e-03
1.904802896e+00  4.9311687e-03  2.78385e-04  1.00000e+00  4.68031e-03  4.78704e-03
1.905437830e+00  5.2067507e-03  2.83188e-04  1.00000e+00  4.86064e-03  4.97162e-03
1.906072976e+00  5.5209177e-03  2.89302e-04  1.00000e+00  5.09562e-03  5.21210e-03
1.906708334e+00  5.8298061e-03  2.96211e-04  1.00000e+00  5.36777e-03  5.49057e-03
1.907343903e+00  6.0811280e-03  3.03081e-04  1.00000e+00  5.64489e-03  5.77412e-03
1.907979684e+00  6.2291193e-03  3.08953e-04  1.00000e+00  5.88655e-03  6.02134e-03
1.908615678e+00  6.2486913e-03  3.12982e-04  1.00000e+00  6.05440e-03  6.19304e-03
1.909251883e+00  6.1439883e-03  3.14648e-04  1.00000e+00  6.12312e-03  6.26333e-03
1.909888300e+00  5.9486419e-03  3.13886e-04  1.00000e+00  6.08824e-03  6.22765e-03
1.910524929e+00  5.7180325e-03  3.11124e-04  1.00000e+00  5.96852e-03  6.10521e-03
1.911161771e+00  5.5162084e-03  3.07230e-04  1.00000e+00  5.80221e-03  5.93516e-03
1.911798825e+00  5.4016286e-03  3.03363e-04  1.00000e+00  5.63863e-03  5.76794e-03
1.912436091e+00  5.4150162e-03  3.00743e-04  1.00000e+00  5.52739e-03  5.65432e-03
1.913073570e+00  5.5718650e-03  3.00376e-04  1.00000e+00  5.50805e-03  5.63476e-03
1.913711261e+00  5.8605116e-03  3.02806e-04  1.00000e+00  5.60251e-03  5.73163e-03
1.914349165e+00  6.2453571e-03  3.07976e-04  1.00000e+00  5.81116e-03  5.94535e-03
1.914987281e+00  6.6747464e-03  3.15274e-04  1.00000e+00  6.11360e-03  6.25503e-03
1.915625610e+00  7.0919020e-03  3.23726e-04  1.00000e+00  6.47334e-03  6.62334e-03
1.916264152e+00  7.4476103e-03  3.32255e-04  1.00000e+00  6.84596e-03  7.00484e-03
1.916902907e+00  7.7115962e-03  3.39935e-04  1.00000e+00  7.18909e-03  7.35617e-03
1.917541875e+00  7.8795990e-03  3.46166e-04  1.00000e+00  7.47213e-03  7.64605e-03
1.918181055e+00  7.9735009e-03  3.50769e-04  1.00000e+00  7.68317e-03  7.86226e-03
1.918820449e+00  8.0334871e-03  3.53983e-04  1.00000e+00  7.83067e-03  8.01350e-03
1.919460056e+00  8.1043396e-03  3.56357e-04  1.00000e+00  7.93936e-03  8.12504e-03
1.920099876e+00  8.2204319e-03  3.58566e-04  1.00000e+00  8.04112e-03  8.22949e-03
1.920739909e+00  8.3949614e-03  3.61190e-04  1.00000e+00  8.16402e-03  8.35557e-03
1.921380156e+00  8.6169305e-03  3.64532e-04  1.00000e+00  8.32334e-03  8.51888e-03
1.922020616e+00  8.8567108e-03  3.68539e-04  1.00000e+00  8.51736e-03  8.71767e-03
1.922661289e+00  9.0769717e-03  3.72857e-04  1.00000e+00  8.72920e-03  8.93464e-03
1.923302176e+00  9.2447321e-03  3.76970e-04  1.00000e+00  8.93323e-03  9.14357e-03
1.923943277e+00  9.3403131e-03  3.80381e-04  1.00000e+00  9.10346e-03  9.31787e-03
1.924584592e+00  9.3612235e-03  3.82740e-04  1.00000e+00  9.22096e-03  9.43816e-03
1.925226120e+00  9.3210021e-03  3.83924e-04  1.00000e+00  9.27836e-03  9.49694e-03
1.925867862e+00  9.2449315e-03  3.84049e-04  1.00000e+00  9.28101e-03  9.49969e-03
1.926509818e+00  9.1641017e-03  3.83427e-04  1.00000e+00  9.24506e-03  9.46293e-03
1.927151988e+00  9.1097935e-03  3.82509e-04  1.00000e+00  9.19378e-03  9.41053e-03
1.927794372e+00  9.1086547e-03  3.81799e-04  1.00000e+00  9.15316e-03  9.36906e-03
1.928436970e+00  9.1792595e-03  3.81774e-04  1.00000e+00  9.14761e-03  9.36354e-03
1.929079782e+00  9.3300351e-03  3.82811e-04  1.00000e+00  9.19642e-03  9.41371e-03
1.929722809e+00  9.5582164e-03  3.85129e-04  1.00000e+00  9.31118e-03  9.53144e-03
1.930366050e+00  9.8499325e-03  3.88750e-04  1.00000e+00  9.49408e-03  9.71898e-03
1.931009505e+00  1.0181322e-02  3.93494e-04  1.00000e+00  9.73745e-03  9.96849e-03
1.931653175e+00  1.0521054e-02  3.99007e-04  1.00000e+00  1.00243e-02  1.02625e-02
1.932297059e+00  1.0834385e-02  4.04804e-04  1.00000e+00  1.03300e-02  1.05759e-02
1.932941158e+00  1.1088459e-02  4.10345e-04  1.00000e+00  1.06256e-02  1.08791e-02
1.933585472e+00  1.1258217e-02  4.15116e-04  1.00000e+00  1.08822e-02  1.11423e-02
1.934230000e+00  1.1331621e-02  4.18708e-04  1.00000e+00  1.10756e-02  1.13408e-02
1.934874744e+00  1.1312979e-02  4.20885e-04  1.00000e+00  1.11912e-02  1.14596e-02
1.935519702e+00  1.1223180e-02  4.21630e-04  1.00000e+00  1.12272e-02  1.14968e-02
1.936164875e+00  1.1096551e-02  4.21160e-04  1.00000e+00  1.11954e-02  1.14646e-02
1.936810264e+00  1.0974502e-02  4.19902e-04  1.00000e+00  1.11201e-02  1.13877e-02
1.937455867e+00  1.0897170e-02  4.18425e-04  1.00000e+00  1.10333e-02  1.12990e-02
1.938101686e+00  1.0894837e-02  4.17333e-04  1.00000e+00  1.09684e-02  1.12327e-02
1.938747720e+00  1.0981282e-02  4.17143e-04  1.00000e+00  1.09536e-02  1.12178e-02
1.939393969e+00  1.1150877e-02  4.18165e-04  1.00000e+00  1.10059e-02  1.12714e-02
1.940040433e+00  1.1380657e-02  4.20436e-04  1.00000e+00  1.11273e-02  1.13960e-02
1.940687114e+00  1.1636717e-02  4.23719e-04  1.00000e+00  1.13058e-02  1.15790e-02
1.941334009e+00  1.1883265e-02  4.27591e-04  1.00000e+00  1.15183e-02  1.17970e-02
1.941981121e+00  1.2091452e-02  4.31556e-04  1.00000e+00  1.17376e-02  1.20219e-02
1.942628448e+00  1.2245213e-02  4.35178e-04  1.00000e+00  1.19386e-02  1.22281e-02
1.943275990e+00  1.2342536e-02  4.38160e-04  1.00000e+00  1.21040e-02  1.23978e-02
1.943923749e+00  1.2392312e-02  4.40385e-04  1.00000e+00  1.22261e-02  1.25233e-02
1.944571724e+00  1.2408557e-02  4.41886e-04  1.00000e+00  1.23064e-02  1.26059e-02
1.945219914e+00  1.2404372e-02  4.42790e-04  1.00000e+00  1.23521e-02  1.26531e-02
1.945868321e+00  1.2387671e-02  4.43250e-04  1.00000e+00  1.23717e-02  1.26737e-02
1.946516944e+00  1.2359488e-02  4.43379e-04  1.00000e+00  1.23721e-02  1.26745e-02
1.947165783e+00  1.2314482e-02  4.43221e-04  1.00000e+00  1.23556e-02  1.26580e-02
1.947814838e+00  1.2242752e-02  4.42735e-04  1.00000e+00  1.23200e-02  1.26218e-02
1.948464110e+00  1.2132360e-02  4.41813e-04  1.00000e+00  1.22588e-02  1.25595e-02
1.949113598e+00  1.1971985e-02  4.40298e-04  1.00000e+00  1.21632e-02  1.24620e-02
1.949763302e+00  1.1753892e-02  4.38024e-04  1.00000e+00  1.20241e-02  1.23198e-02
1.950413223e+00  1.1476755e-02  4.34853e-04  1.00000e+00  1.18344e-02  1.21259e-02
1.951063361e+00  1.1147882e-02  4.30722e-04  1.00000e+00  1.15918e-02  1.18776e-02
1.951713715e+00  1.0784022e-02  4.25677e-04  1.00000e+00  1.13006e-02  1.15795e-02
1.952364287e+00  1.0410372e-02  4.19902e-04  1.00000e+00  1.09728e-02  1.12440e-02
1.953015075e+00  1.0057694e-02  4.13727e-04  1.00000e+00  1.06281e-02  1.08912e-02
1.953666080e+00  9.7582479e-03  4.07604e-04  1.00000e+00  1.02917e-02  1.05467e-02
1.954317302e+00  9.5412538e-03  4.02065e-04  1.00000e+00  9.99130e-03  1.02392e-02
1.954968741e+00  9.4287812e-03  3.97650e-04  1.00000e+00  9.75386e-03  9.99621e-03
1.955620397e+00  9.4325469e-03  3.94830e-04  1.00000e+00  9.60167e-03  9.84058e-03
1.956272271e+00  9.5518822e-03  3.93920e-04  1.00000e+00  9.54922e-03  9.78718e-03
1.956924361e+00  9.7732676e-03  3.95022e-04  1.00000e+00  9.60097e-03  9.84058e-03
1.957576669e+00  1.0071658e-02  3.97992e-04  1.00000e+00  9.75026e-03  9.99396e-03
1.958229195e+00  1.0413865e-02  4.02465e-04  1.00000e+00  9.97982e-03  1.02296e-02
1.958881938e+00  1.0763853e-02  4.07917e-04  1.00000e+00  1.02642e-02  1.05215e-02
1.959534899e+00  1.1089080e-02  4.13763e-04  1.00000e+00  1.05736e-02  1.08390e-02
1.960188077e+00  1.1366514e-02  4.19464e-04  1.00000e+00  1.08791e-02  1.11525e-02
1.960841473e+00  1.1586662e-02  4.24613e-04  1.00000e+00  1.11577e-02  1.14385e-02
1.961495087e+00  1.1754367e-02  4.28995e-04  1.00000e+00  1.13962e-02  1.16834e-02
1.962148919e+00  1.1886030e-02  4.32598e-04  1.00000e+00  1.15925e-02  1.18850e-02
1.962802968e+00  1.2004266e-02  4.35583e-04  1.00000e+00  1.17549e-02  1.20519e-02
1.963457236e+00  1.2131665e-02  4.38224e-04  1.00000e+00  1.18985e-02  1.21995e-02
1.964111722e+00  1.2285583e-02  4.40827e-04  1.00000e+00  1.20405e-02  1.23455e-02
1.964766426e+00  1.2475310e-02  4.43659e-04  1.00000e+00  1.21964e-02  1.25058e-02
1.965421348e+00  1.2701951e-02  4.46897e-04  1.00000e+00  1.23768e-02  1.26911e-02
1.966076488e+00  1.2960389e-02  4.50611e-04  1.00000e+00  1.25863e-02  1.29063e-02
1.966731847e+00  1.3242243e-02  4.54778e-04  1.00000e+00  1.28241e-02  1.31507e-02
1.967387424e+00  1.3538748e-02  4.59313e-04  1.00000e+00  1.30859e-02  1.34196e-02
1.968043220e+00  1.3842750e-02  4.64102e-04  1.00000e+00  1.33657e-02  1.37070e-02
1.968699234e+00  1.4149669e-02  4.69041e-04  1.00000e+00  1.36576e-02  1.40069e-02
1.969355468e+00  1.4457496e-02  4.74046e-04  1.00000e+00  1.39569e-02  1.43144e-02
1.970011919e+00  1.4766129e-02  4.79065e-04  1.00000e+00  1.42607e-02  1.46264e-02
1.970668590e+00  1.5076293e-02  4.84075e-04  1.00000e+00  1.45675e-02  1.49415e-02
1.971325480e+00  1.5388278e-02  4.89067e-04  1.00000e+00  1.48766e-02  1.52590e-02
1.971982588e+00  1.5700747e-02  4.94035e-04  1.00000e+00  1.51875e-02  1.55782e-02
1.972639916e+00  1.6009827e-02  4.98960e-04  1.00000e+00  1.54985e-02  1.58976e-02
1.973297462e+00  1.6308740e-02  5.03794e-04  1.00000e+00  1.58062e-02  1.62137e-02
1.973955228e+00  1.6588283e-02  5.08462e-04  1.00000e+00  1.61052e-02  1.65208e-02
1.974613213e+00  1.6838345e-02  5.12858e-04  1.00000e+00  1.63879e-02  1.68113e-02
1.975271417e+00  1.7050228e-02  5.16865e-04  1.00000e+00  1.66463e-02  1.70768e-02
1.975929841e+00  1.7219336e-02  5.20379e-04  1.00000e+00  1.68727e-02  1.73095e-02
1.976588485e+00  1.7347314e-02  5.23337e-04  1.00000e+00  1.70626e-02  1.75047e-02
1.977247347e+00  1.7442654e-02  5.25741e-04  1.00000e+00  1.72160e-02  1.76625e-02
1.977906430e+00  1.7519195e-02  5.27670e-04  1.00000e+00  1.73381e-02  1.77882e-02
1.978565732e+00  1.7592594e-02  5.29268e-04  1.00000e+00  1.74386e-02  1.78916e-02
1.979225254e+00  1.7675867e-02  5.30709e-04  1.00000e+00  1.75293e-02  1.79848e-02
1.979884996e+00  1.7775466e-02  5.32153e-04  1.00000e+00  1.76208e-02  1.80790e-02
1.980544957e+00  1.7889389e-02  5.33701e-04  1.00000e+00  1.77198e-02  1.81808e-02
1.981205139e+00  1.8008057e-02  5.35369e-04  1.00000e+00  1.78270e-02  1.82912e-02
1.981865541e+00  1.8117674e-02  5.37086e-04  1.00000e+00  1.79374e-02  1.84048e-02
1.982526163e+00  1.8204748e-02  5.38725e-04  1.00000e+00  1.80418e-02  1.85125e-02
1.983187005e+00  1.8260250e-02  5.40142e-04  1.00000e+00  1.81303e-02  1.86039e-02
1.983848067e+00  1.8282019e-02  5.41224e-04  1.00000e+00  1.81952e-02  1.86710e-02
1.984509350e+00  1.8274871e-02  5.41918e-04  1.00000e+00  1.82329e-02  1.87103e-02
1.985170853e+00  1.8248687e-02  5.42245e-04  1.00000e+00  1.82453e-02  1.87235e-02
1.985832576e+00  1.8215373e-02  5.42288e-04  1.00000e+00  1.82382e-02  1.87168e-02
1.986494521e+00  1.8185678e-02  5.42165e-04  1.00000e+00  1.82201e-02  1.86987e-02
1.987156685e+00  1.8166682e-02  5.41997e-04  1.00000e+00  1.81996e-02  1.86782e-02
1.987819071e+00  1.8160357e-02  5.41883e-04  1.00000e+00  1.81832e-02  1.86618e-02
1.988481677e+00  1.8162989e-02  5.41869e-04  1.00000e+00  1.81739e-02  1.86528e-02
1.989144505e+00  1.8165343e-02  5.41939e-04  1.00000e+00  1.81702e-02  1.86495e-02
1.989807553e+00  1.8153224e-02  5.42010e-04  1.00000e+00  1.81660e-02  1.86458e-02
1.990470822e+00  1.8108477e-02  5.41928e-04  1.00000e+00  1.81504e-02  1.86304e-02
1.991134312e+00  1.8010414e-02  5.41482e-04  1.00000e+00  1.81087e-02  1.85883e-02
1.991798024e+00  1.7837746e-02  5.40416e-04  1.00000e+00  1.80235e-02  1.85016e-02
1.992461956e+00  1.7570901e-02  5.38449e-04  1.00000e+00  1.78759e-02  1.83508e-02
1.993126110e+00  1.7194431e-02  5.35298e-04  1.00000e+00  1.76476e-02  1.81172e-02
1.993790486e+00  1.6699119e-02  5.30709e-04  1.00000e+00  1.73233e-02  1.77850e-02
1.994455082e+00  1.6083527e-02  5.24476e-04  1.00000e+00  1.68920e-02  1.73428e-02
1.995119901e+00  1.5354720e-02  5.16466e-04  1.00000e+00  1.63492e-02  1.67861e-02
1.995784941e+00  1.4528165e-02  5.06634e-04  1.00000e+00  1.56975e-02  1.61175e-02
1.996450202e+00  1.3626758e-02  4.95034e-04  1.00000e+00  1.49473e-02  1.53476e-02
1.997115686e+00  1.2679193e-02  4.81823e-04  1.00000e+00  1.41161e-02  1.44945e-02
1.997781391e+00  1.1717779e-02  4.67260e-04  1.00000e+00  1.32273e-02  1.35822e-02
1.998447318e+00  1.0776110e-02  4.51702e-04  1.00000e+00  1.23090e-02  1.26394e-02
1.999113467e+00  9.8869012e-03  4.35592e-04  1.00000e+00  1.13915e-02  1.16975e-02
1.999779838e+00  9.0802495e-03  4.19446e-04  1.00000e+00  1.05057e-02  1.07881e-02
2.000446432e+00  8.3823522e-03  4.03839e-04  1.00000e+00  9.68147e-03  9.94180e-03
2.001113247e+00  7.8145727e-03  3.89382e-04  1.00000e+00  8.94565e-03  9.18634e-03
2.001780285e+00  7.3925671e-03  3.76688e-04  1.00000e+00  8.32140e-03  8.54544e-03
2.002447545e+00  7.1252226e-03  3.66332e-04  1.00000e+00  7.82683e-03  8.03773e-03
2.003115028e+00  7.0133347e-03  3.58780e-04  1.00000e+00  7.47393e-03  7.67551e-03
2.003782733e+00  7.0481632e-03  3.54317e-04  1.00000e+00  7.26729e-03  7.46351e-03
2.004450660e+00  7.2103626e-03  3.52972e-04  1.00000e+00  7.20283e-03  7.39754e-03
2.005118810e+00  7.4700038e-03  3.54482e-04  1.00000e+00  7.26687e-03  7.46356e-03
2.005787183e+00  7.7884070e-03  3.58303e-04  1.00000e+00  7.43606e-03  7.63757e-03
2.006455779e+00  8.1222405e-03  3.63681e-04  1.00000e+00  7.67870e-03  7.88704e-03
2.007124598e+00  8.4295265e-03  3.69766e-04  1.00000e+00  7.95787e-03  8.17402e-03
2.007793639e+00  8.6763838e-03  3.75742e-04  1.00000e+00  8.23607e-03  8.45999e-03
2.008462904e+00  8.8427561e-03  3.80939e-04  1.00000e+00  8.48064e-03  8.71142e-03
2.009132391e+00  8.9253377e-03  3.84920e-04  1.00000e+00  8.66872e-03  8.90482e-03
2.009802102e+00  8.9367446e-03  3.87521e-04  1.00000e+00  8.79038e-03  9.02999e-03
2.010472036e+00  8.9012965e-03  3.88836e-04  1.00000e+00  8.84906e-03  9.09048e-03
2.011142194e+00  8.8487929e-03  3.89172e-04  1.00000e+00  8.85932e-03  9.10126e-03
2.011812574e+00  8.8083845e-03  3.88966e-04  1.00000e+00  8.84277e-03  9.08452e-03
2.012483178e+00  8.8041326e-03  3.88702e-04  1.00000e+00  8.82332e-03  9.06483e-03
2.013154006e+00  8.8530543e-03  3.88832e-04  1.00000e+00  8.82329e-03  9.06512e-03
2.013825058e+00  8.9652328e-03  3.89722e-04  1.00000e+00  8.86082e-03  9.10401e-03
2.014496333e+00  9.1450923e-03  3.91630e-04  1.00000e+00  8.94891e-03  9.19487e-03
2.015167831e+00  9.3928384e-03  3.94704e-04  1.00000e+00  9.09553e-03  9.34586e-03
2.015839554e+00  9.7055091e-03  3.98990e-04  1.00000e+00  9.30426e-03  9.56068e-03
2.016511500e+00  1.0077626e-02  4.04454e-04  1.00000e+00  9.57504e-03  9.83926e-03
2.017183671e+00  1.0501672e-02  4.10993e-04  1.00000e+00  9.90478e-03  1.01784e-02
2.017856065e+00  1.0968673e-02  4.18459e-04  1.00000e+00  1.02880e-02  1.05726e-02
2.018528684e+00  1.1468849e-02  4.26670e-04  1.00000e+00  1.07175e-02  1.10144e-02
2.019201527e+00  1.1992205e-02  4.35434e-04  1.00000e+00  1.11848e-02  1.14951e-02
2.019874594e+00  1.2528915e-02  4.44555e-04  1.00000e+00  1.16810e-02  1.20055e-02
2.020547886e+00  1.3069481e-02  4.53848e-04  1.00000e+00  1.21968e-02  1.25360e-02
2.021221402e+00  1.3604817e-02  4.63141e-04  1.00000e+00  1.27229e-02  1.30772e-02
2.021895142e+00  1.4126435e-02  4.72276e-04  1.00000e+00  1.32505e-02  1.36199e-02
2.022569107e+00  1.4626783e-02  4.81119e-04  1.00000e+00  1.37708e-02  1.41551e-02
2.023243297e+00  1.5099661e-02  4.89552e-04  1.00000e+00  1.42760e-02  1.46749e-02
2.023917711e+00  1.5540530e-02  4.97489e-04  1.00000e+00  1.47594e-02  1.51720e-02
2.024592351e+00  1.5946605e-02  5.04868e-04  1.00000e+00  1.52154e-02  1.56411e-02
2.025267215e+00  1.6316657e-02  5.11654e-04  1.00000e+00  1.56401e-02  1.60781e-02
2.025942304e+00  1.6650630e-02  5.17838e-04  1.00000e+00  1.60312e-02  1.64804e-02
2.026617618e+00  1.6949183e-02  5.23427e-04  1.00000e+00  1.63874e-02  1.68469e-02
2.027293157e+00  1.7213313e-02  5.28439e-04  1.00000e+00  1.67086e-02  1.71775e-02
2.027968922e+00  1.7444098e-02  5.32899e-04  1.00000e+00  1.69951e-02  1.74725e-02
2.028644911e+00  1.7642667e-02  5.36834e-04  1.00000e+00  1.72479e-02  1.77329e-02
2.029321126e+00  1.7810328e-02  5.40267e-04  1.00000e+00  1.74680e-02  1.79596e-02
2.029997566e+00  1.7948775e-02  5.43227e-04  1.00000e+00  1.76568e-02  1.81542e-02
2.030674232e+00  1.8060239e-02  5.45740e-04  1.00000e+00  1.78158e-02  1.83182e-02
2.031351124e+00  1.8147450e-02  5.47841e-04  1.00000e+00  1.79470e-02  1.84537e-02
2.032028241e+00  1.8213407e-02  5.49566e-04  1.00000e+00  1.80530e-02  1.85633e-02
2.032705584e+00  1.8260978e-02  5.50955e-04  1.00000e+00  1.81363e-02  1.86495e-02
2.033383152e+00  1.8292521e-02  5.52047e-04  1.00000e+00  1.81995e-02  1.87150e-02
2.034060946e+00  1.8309676e-02  5.52877e-04  1.00000e+00  1.82449e-02  1.87623e-02
2.034738967e+00  1.8313447e-02  5.53471e-04  1.00000e+00  1.82743e-02  1.87931e-02
2.035417213e+00  1.8304523e-02  5.53849e-04  1.00000e+00  1.82892e-02  1.88090e-02
2.036095686e+00  1.8283775e-02  5.54027e-04  1.00000e+00  1.82905e-02  1.88109e-02
2.036774384e+00  1.8252663e-02  5.54020e-04  1.00000e+00  1.82795e-02  1.88001e-02
2.037453309e+00  1.8213415e-02  5.53849e-04  1.00000e+00  1.82575e-02  1.87780e-02
2.038132460e+00  1.8168856e-02  5.53542e-04  1.00000e+00  1.82265e-02  1.87466e-02
2.038811837e+00  1.8121885e-02  5.53134e-04  1.00000e+00  1.81887e-02  1.87083e-02
2.039491441e+00  1.8074669e-02  5.52662e-04  1.00000e+00  1.81467e-02  1.86656e-02
2.040171272e+00  1.8027764e-02  5.52157e-04  1.00000e+00  1.81023e-02  1.86205e-02
2.040851329e+00  1.7979373e-02  5.51632e-04  1.00000e+00  1.80564e-02  1.85738e-02
2.041531613e+00  1.7924891e-02  5.51072e-04  1.00000e+00  1.80079e-02  1.85246e-02
2.042212123e+00  1.7856947e-02  5.50429e-04  1.00000e+00  1.79535e-02  1.84694e-02
2.042892861e+00  1.7766026e-02  5.49618e-04  1.00000e+00  1.78876e-02  1.84022e-02
2.043573825e+00  1.7641681e-02  5.48525e-04  1.00000e+00  1.78025e-02  1.83153e-02
2.044255016e+00  1.7474213e-02  5.47015e-04  1.00000e+00  1.76894e-02  1.81995e-02
2.044936435e+00  1.7256536e-02  5.44956e-04  1.00000e+00  1.75396e-02  1.80460e-02
2.045618080e+00  1.6985842e-02  5.42235e-04  1.00000e+00  1.73461e-02  1.78475e-02
2.046299953e+00  1.6664628e-02  5.38781e-04  1.00000e+00  1.71053e-02  1.76002e-02
2.046982053e+00  1.6300821e-02  5.34585e-04  1.00000e+00  1.68175e-02  1.73046e-02
2.047664380e+00  1.5906972e-02  5.29701e-04  1.00000e+00  1.64877e-02  1.69656e-02
2.048346935e+00  1.5498728e-02  5.24251e-04  1.00000e+00  1.61250e-02  1.65928e-02
2.049029717e+00  1.5093011e-02  5.18414e-04  1.00000e+00  1.57419e-02  1.61990e-02
2.049712727e+00  1.4706381e-02  5.12404e-04  1.00000e+00  1.53528e-02  1.57989e-02
2.050395965e+00  1.4353918e-02  5.06459e-04  1.00000e+00  1.49727e-02  1.54081e-02
2.051079430e+00  1.4048766e-02  5.00821e-04  1.00000e+00  1.46161e-02  1.50415e-02
2.051763123e+00  1.3802185e-02  4.95725e-04  1.00000e+00  1.42965e-02  1.47130e-02
2.052447044e+00  1.3623719e-02  4.91392e-04  1.00000e+00  1.40259e-02  1.44350e-02
2.053131193e+00  1.3521040e-02  4.88021e-04  1.00000e+00  1.38147e-02  1.42182e-02
2.053815570e+00  1.3499064e-02  4.85781e-04  1.00000e+00  1.36716e-02  1.40715e-02
2.054500175e+00  1.3558327e-02  4.84791e-04  1.00000e+00  1.36027e-02  1.40012e-02
2.055185009e+00  1.3693046e-02  4.85097e-04  1.00000e+00  1.36100e-02  1.40094e-02
2.055870070e+00  1.3889651e-02  4.86640e-04  1.00000e+00  1.36904e-02  1.40928e-02
2.056555361e+00  1.4126752e-02  4.89241e-04  1.00000e+00  1.38341e-02  1.42415e-02
2.057240879e+00  1.4377113e-02  4.92605e-04  1.00000e+00  1.40248e-02  1.44384e-02
2.057926626e+00  1.4611602e-02  4.96348e-04  1.00000e+00  1.42402e-02  1.46608e-02
2.058612601e+00  1.4804286e-02  5.00052e-04  1.00000e+00  1.44557e-02  1.48831e-02
2.059298806e+00  1.4937288e-02  5.03333e-04  1.00000e+00  1.46475e-02  1.50811e-02
2.059985239e+00  1.5003947e-02  5.05901e-04  1.00000e+00  1.47973e-02  1.52357e-02
2.060671900e+00  1.5009340e-02  5.07602e-04  1.00000e+00  1.48945e-02  1.53362e-02
2.061358791e+00  1.4968044e-02  5.08433e-04  1.00000e+00  1.49383e-02  1.53817e-02
2.062045911e+00  1.4899940e-02  5.08525e-04  1.00000e+00  1.49360e-02  1.53798e-02
2.062733259e+00  1.4825453e-02  5.08099e-04  1.00000e+00  1.49013e-02  1.53445e-02
2.063420837e+00  1.4761626e-02  5.07416e-04  1.00000e+00  1.48501e-02  1.52923e-02
2.064108644e+00  1.4720021e-02  5.06724e-04  1.00000e+00  1.47977e-02  1.52389e-02
2.064796680e+00  1.4706622e-02  5.06221e-04  1.00000e+00  1.47565e-02  1.51970e-02
2.065484946e+00  1.4723246e-02  5.06042e-04  1.00000e+00  1.47348e-02  1.51754e-02
2.066173441e+00  1.4769526e-02  5.06263e-04  1.00000e+00  1.47375e-02  1.51789e-02
2.066862165e+00  1.4844571e-02  5.06919e-04  1.00000e+00  1.47670e-02  1.52099e-02
2.067551119e+00  1.4947737e-02  5.08019e-04  1.00000e+00  1.48241e-02  1.52694e-02
2.068240303e+00  1.5078459e-02  5.09562e-04  1.00000e+00  1.49090e-02  1.53574e-02
2.068929716e+00  1.5235517e-02  5.11540e-04  1.00000e+00  1.50213e-02  1.54737e-02
2.069619360e+00  1.5416254e-02  5.13930e-04  1.00000e+00  1.51600e-02  1.56172e-02
2.070309233e+00  1.5616281e-02  5.16693e-04  1.00000e+00  1.53227e-02  1.57854e-02
2.070999336e+00  1.5829854e-02  5.19767e-04  1.00000e+00  1.55059e-02  1.59746e-02
2.071689669e+00  1.6050816e-02  5.23076e-04  1.00000e+00  1.57048e-02  1.61801e-02
2.072380232e+00  1.6273720e-02  5.26534e-04  1.00000e+00  1.59142e-02  1.63963e-02
2.073071026e+00  1.6494657e-02  5.30064e-04  1.00000e+00  1.61291e-02  1.66183e-02
2.073762049e+00  1.6711435e-02  5.33603e-04  1.00000e+00  1.63455e-02  1.68418e-02
2.074453303e+00  1.6923022e-02  5.37107e-04  1.00000e+00  1.65605e-02  1.70639e-02
2.075144788e+00  1.7128501e-02  5.40548e-04  1.00000e+00  1.67722e-02  1.72828e-02
2.075836503e+00  1.7326002e-02  5.43899e-04  1.00000e+00  1.69792e-02  1.74966e-02
2.076528448e+00  1.7512071e-02  5.47129e-04  1.00000e+00  1.71792e-02  1.77034e-02
2.077220624e+00  1.7681792e-02  5.50191e-04  1.00000e+00  1.73692e-02  1.79000e-02
2.077913031e+00  1.7829640e-02  5.53023e-04  1.00000e+00  1.75451e-02  1.80820e-02
2.078605669e+00  1.7950785e-02  5.55559e-04  1.00000e+00  1.77022e-02  1.82446e-02
2.079298537e+00  1.8042415e-02  5.57737e-04  1.00000e+00  1.78361e-02  1.83833e-02
2.079991637e+00  1.8104655e-02  5.59517e-04  1.00000e+00  1.79439e-02  1.84951e-02
2.080684967e+00  1.8140816e-02  5.60891e-04  1.00000e+00  1.80246e-02  1.85791e-02
2.081378529e+00  1.8156924e-02  5.61889e-04  1.00000e+00  1.80800e-02  1.86370e-02
2.082072322e+00  1.8160685e-02  5.62574e-04  1.00000e+00  1.81143e-02  1.86732e-02
2.082766346e+00  1.8160150e-02  5.63035e-04  1.00000e+00  1.81334e-02  1.86937e-02
2.083460601e+00  1.8162413e-02  5.63371e-04  1.00000e+00  1.81441e-02  1.87055e-02
2.084155088e+00  1.8172604e-02  5.63677e-04  1.00000e+00  1.81527e-02  1.87152e-02
2.084849807e+00  1.8193381e-02  5.64031e-04  1.00000e+00  1.81646e-02  1.87282e-02
2.085544757e+00  1.8224953e-02  5.64483e-04  1.00000e+00  1.81831e-02  1.87480e-02
2.086239938e+00  1.8265565e-02  5.65057e-04  1.00000e+00  1.82096e-02  1.87761e-02
2.086935352e+00  1.8312272e-02  5.65749e-04  1.00000e+00  1.82439e-02  1.88122e-02
2.087630997e+00  1.8361800e-02  5.66537e-04  1.00000e+00  1.82844e-02  1.88548e-02
2.088326874e+00  1.8411279e-02  5.67387e-04  1.00000e+00  1.83288e-02  1.89014e-02
2.089022983e+00  1.8458716e-02  5.68265e-04  1.00000e+00  1.83749e-02  1.89499e-02
2.089719324e+00  1.8503149e-02  5.69141e-04  1.00000e+00  1.84209e-02  1.89982e-02
2.090415897e+00  1.8544487e-02  5.69995e-04  1.00000e+00  1.84655e-02  1.90452e-02
2.091112702e+00  1.8583151e-02  5.70816e-04  1.00000e+00  1.85082e-02  1.90902e-02
2.091809740e+00  1.8619616e-02  5.71600e-04  1.00000e+00  1.85488e-02  1.91330e-02
2.092507009e+00  1.8654029e-02  5.72346e-04  1.00000e+00  1.85875e-02  1.91737e-02
2.093204512e+00  1.8686016e-02  5.73055e-04  1.00000e+00  1.86239e-02  1.92120e-02
2.093902247e+00  1.8714734e-02  5.73723e-04  1.00000e+00  1.86577e-02  1.92476e-02
2.094600214e+00  1.8739168e-02  5.74342e-04  1.00000e+00  1.86882e-02  1.92798e-02
2.095298414e+00  1.8758539e-02  5.74904e-04  1.00000e+00  1.87145e-02  1.93078e-02
2.095996847e+00  1.8772696e-02  5.75402e-04  1.00000e+00  1.87362e-02  1.93310e-02
2.096695513e+00  1.8782321e-02  5.75836e-04  1.00000e+00  1.87530e-02  1.93493e-02
2.097394411e+00  1.8788873e-02  5.76213e-04  1.00000e+00  1.87655e-02  1.93631e-02
2.098093543e+00  1.8794273e-02  5.76546e-04  1.00000e+00  1.87748e-02  1.93738e-02
2.098792907e+00  1.8800443e-02  5.76855e-04  1.00000e+00  1.87824e-02  1.93827e-02
2.099492505e+00  1.8808825e-02  5.77162e-04  1.00000e+00  1.87900e-02  1.93915e-02
2.100192336e+00  1.8820040e-02  5.77483e-04  1.00000e+00  1.87988e-02  1.94016e-02
2.100892400e+00  1.8833770e-02  5.77828e-04  1.00000e+00  1.88096e-02  1.94138e-02
2.101592697e+00  1.8848880e-02  5.78196e-04  1.00000e+00  1.88224e-02  1.94279e-02
2.102293228e+00  1.8863736e-02  5.78578e-04  1.00000e+00  1.88365e-02  1.94432e-02
2.102993992e+00  1.8876621e-02  5.78959e-04  1.00000e+00  1.88508e-02  1.94587e-02
2.103694990e+00  1.8886126e-02  5.79319e-04  1.00000e+00  1.88637e-02  1.94728e-02
2.104396222e+00  1.8891433e-02  5.79641e-04  1.00000e+00  1.88741e-02  1.94844e-02
2.105097687e+00  1.8892444e-02  5.79914e-04  1.00000e+00  1.88812e-02  1.94924e-02
2.105799387e+00  1.8889726e-02  5.80136e-04  1.00000e+00  1.88844e-02  1.94966e-02
2.106501320e+00  1.8884345e-02  5.80308e-04  1.00000e+00  1.88841e-02  1.94971e-02
2.107203487e+00  1.8877623e-02  5.80444e-04  1.00000e+00  1.88808e-02  1.94946e-02
2.107905888e+00  1.8870893e-02  5.80557e-04  1.00000e+00  1.88756e-02  1.94902e-02
2.108608523e+00  1.8865281e-02  5.80667e-04  1.00000e+00  1.88695e-02  1.94850e-02
2.109311393e+00  1.8861547e-02  5.80787e-04  1.00000e+00  1.88637e-02  1.94801e-02
2.110014497e+00  1.8859983e-02  5.80931e-04  1.00000e+00  1.88590e-02  1.94765e-02
2.110717835e+00  1.8860391e-02  5.81104e-04  1.00000e+00  1.88560e-02  1.94746e-02
2.111421407e+00  1.8862147e-02  5.81305e-04  1.00000e+00  1.88548e-02  1.94747e-02
2.112125215e+00  1.8864347e-02  5.81528e-04  1.00000e+00  1.88552e-02  1.94764e-02
2.112829256e+00  1.8866039e-02  5.81760e-04  1.00000e+00  1.88566e-02  1.94791e-02
2.113533533e+00  1.8866473e-02  5.81987e-04  1.00000e+00  1.88583e-02  1.94820e-02
2.114238044e+00  1.8865324e-02  5.82199e-04  1.00000e+00  1.88596e-02  1.94844e-02
2.114942790e+00  1.8862802e-02  5.82386e-04  1.00000e+00  1.88599e-02  1.94858e-02
2.115647771e+00  1.8859621e-02  5.82550e-04  1.00000e+00  1.88592e-02  1.94859e-02
2.116352987e+00  1.8856799e-02  5.82696e-04  1.00000e+00  1.88577e-02  1.94852e-02
2.117058438e+00  1.8855371e-02  5.82838e-04  1.00000e+00  1.88560e-02  1.94841e-02
2.117764124e+00  1.8856070e-02  5.82990e-04  1.00000e+00  1.88546e-02  1.94835e-02
2.118470045e+00  1.8859112e-02  5.83165e-04  1.00000e+00  1.88545e-02  1.94842e-02
2.119176202e+00  1.8864129e-02  5.83372e-04  1.00000e+00  1.88558e-02  1.94865e-02
2.119882594e+00  1.8870299e-02  5.83609e-04  1.00000e+00  1.88587e-02  1.94904e-02
2.120589222e+00  1.8876597e-02  5.83870e-04  1.00000e+00  1.88629e-02  1.94958e-02
2.121296085e+00  1.8882106e-02  5.84145e-04  1.00000e+00  1.88677e-02  1.95018e-02
2.122003183e+00  1.8886271e-02  5.84419e-04  1.00000e+00  1.88725e-02  1.95079e-02
2.122710518e+00  1.8889034e-02  5.84683e-04  1.00000e+00  1.88770e-02  1.95136e-02
2.123418088e+00  1.8890811e-02  5.84931e-04  1.00000e+00  1.88807e-02  1.95185e-02
2.124125894e+00  1.8892355e-02  5.85163e-04  1.00000e+00  1.88838e-02  1.95227e-02
2.124833936e+00  1.8894539e-02  5.85385e-04  1.00000e+00  1.88866e-02  1.95265e-02
2.125542214e+00  1.8898118e-02  5.85607e-04  1.00000e+00  1.88896e-02  1.95306e-02
2.126250728e+00  1.8903526e-02  5.85838e-04  1.00000e+00  1.88934e-02  1.95354e-02
2.126959478e+00  1.8910754e-02  5.86087e-04  1.00000e+00  1.88981e-02  1.95414e-02
2.127668465e+00  1.8919320e-02  5.86360e-04  1.00000e+00  1.89040e-02  1.95486e-02
2.128377688e+00  1.8928369e-02  5.86655e-04  1.00000e+00  1.89108e-02  1.95569e-02
2.129087147e+00  1.8936861e-02  5.86966e-04  1.00000e+00  1.89180e-02  1.95656e-02
2.129796842e+00  1.8943811e-02  5.87283e-04  1.00000e+00  1.89250e-02  1.95743e-02
2.130506775e+00  1.8948514e-02  5.87594e-04  1.00000e+00  1.89311e-02  1.95821e-02
2.131216944e+00  1.8950693e-02  5.87888e-04  1.00000e+00  1.89359e-02  1.95884e-02
2.131927349e+00  1.8950530e-02  5.88156e-04  1.00000e+00  1.89389e-02  1.95930e-02
2.132637992e+00  1.8948584e-02  5.88396e-04  1.00000e+00  1.89403e-02  1.95958e-02
2.133348871e+00  1.8945639e-02  5.88607e-04  1.00000e+00  1.89404e-02  1.95972e-02
2.134059987e+00  1.8942512e-02  5.88794e-04  1.00000e+00  1.89396e-02  1.95975e-02
2.134771341e+00  1.8939874e-02  5.88965e-04  1.00000e+00  1.89385e-02  1.95973e-02
2.135482931e+00  1.8938127e-02  5.89126e-04  1.00000e+00  1.89374e-02  1.95972e-02
2.136194759e+00  1.8937332e-02  5.89283e-04  1.00000e+00  1.89368e-02  1.95973e-02
2.136906824e+00  1.8937224e-02  5.89440e-04  1.00000e+00  1.89366e-02  1.95978e-02
2.137619126e+00  1.8937283e-02  5.89599e-04  1.00000e+00  1.89365e-02  1.95985e-02
2.138331666e+00  1.8936849e-02  5.89758e-04  1.00000e+00  1.89362e-02  1.95991e-02
2.139044443e+00  1.8935260e-02  5.89914e-04  1.00000e+00  1.89352e-02  1.95989e-02
2.139757458e+00  1.8931964e-02  5.90063e-04  1.00000e+00  1.89329e-02  1.95976e-02
2.140470710e+00  1.8926593e-02  5.90203e-04  1.00000e+00  1.89288e-02  1.95947e-02
2.141184200e+00  1.8918981e-02  5.90331e-04  1.00000e+00  1.89229e-02  1.95900e-02
2.141897929e+00  1.8909139e-02  5.90442e-04  1.00000e+00  1.89151e-02  1.95834e-02
2.142611895e+00  1.8897194e-02  5.90535e-04  1.00000e+00  1.89055e-02  1.95752e-02
2.143326099e+00  1.8883336e-02  5.90605e-04  1.00000e+00  1.88945e-02  1.95653e-02
2.144040541e+00  1.8867768e-02  5.90648e-04  1.00000e+00  1.88822e-02  1.95541e-02
2.144755221e+00  1.8850707e-02  5.90661e-04  1.00000e+00  1.88689e-02  1.95416e-02
2.145470139e+00  1.8832411e-02  5.90639e-04  1.00000e+00  1.88546e-02  1.95278e-02
2.146185296e+00  1.8813229e-02  5.90582e-04  1.00000e+00  1.88393e-02  1.95127e-02
2.146900691e+00  1.8793672e-02  5.90493e-04  1.00000e+00  1.88230e-02  1.94964e-02
2.147616324e+00  1.8774451e-02  5.90380e-04  1.00000e+00  1.88059e-02  1.94791e-02
2.148332197e+00  1.8756476e-02  5.90254e-04  1.00000e+00  1.87884e-02  1.94613e-02
2.149048307e+00  1.8740772e-02  5.90132e-04  1.00000e+00  1.87711e-02  1.94437e-02
2.149764657e+00  1.8728332e-02  5.90034e-04  1.00000e+00  1.87549e-02  1.94274e-02
2.150481245e+00  1.8719899e-02  5.89978e-04  1.00000e+00  1.87407e-02  1.94133e-02
2.151198072e+00  1.8715760e-02  5.89977e-04  1.00000e+00  1.87296e-02  1.94025e-02
2.151915138e+00  1.8715592e-02  5.90041e-04  1.00000e+00  1.87219e-02  1.93955e-02
2.152632443e+00  1.8718429e-02  5.90170e-04  1.00000e+00  1.87178e-02  1.93923e-02
2.153349987e+00  1.8722771e-02  5.90354e-04  1.00000e+00  1.87168e-02  1.93924e-02
2.154067771e+00  1.8726809e-02  5.90575e-04  1.00000e+00  1.87178e-02  1.93948e-02
2.154785793e+00  1.8728742e-02  5.90812e-04  1.00000e+00  1.87195e-02  1.93978e-02
2.155504055e+00  1.8727091e-02  5.91040e-04  1.00000e+00  1.87203e-02  1.94001e-02
2.156222556e+00  1.8720965e-02  5.91235e-04  1.00000e+00  1.87189e-02  1.94001e-02
2.156941297e+00  1.8710227e-02  5.91382e-04  1.00000e+00  1.87144e-02  1.93969e-02
2.157660278e+00  1.8695527e-02  5.91473e-04  1.00000e+00  1.87062e-02  1.93899e-02
2.158379498e+00  1.8678193e-02  5.91509e-04  1.00000e+00  1.86946e-02  1.93793e-02
2.159098958e+00  1.8660009e-02  5.91501e-04  1.00000e+00  1.86804e-02  1.93660e-02
2.159818657e+00  1.8642888e-02  5.91468e-04  1.00000e+00  1.86648e-02  1.93512e-02
2.160538597e+00  1.8628526e-02  5.91432e-04  1.00000e+00  1.86494e-02  1.93365e-02
2.161258776e+00  1.8618106e-02  5.91417e-04  1.00000e+00  1.86355e-02  1.93233e-02
2.161979196e+00  1.8612106e-02  5.91440e-04  1.00000e+00  1.86242e-02  1.93128e-02
2.162699856e+00  1.8610300e-02  5.91513e-04  1.00000e+00  1.86164e-02  1.93059e-02
2.163420756e+00  1.8611912e-02  5.91640e-04  1.00000e+00  1.86121e-02  1.93026e-02
2.164141896e+00  1.8615894e-02  5.91816e-04  1.00000e+00  1.86110e-02  1.93026e-02
2.164863277e+00  1.8621212e-02  5.92031e-04  1.00000e+00  1.86125e-02  1.93052e-02
2.165584898e+00  1.8627034e-02  5.92275e-04  1.00000e+00  1.86158e-02  1.93098e-02
2.166306759e+00  1.8632778e-02  5.92535e-04  1.00000e+00  1.86203e-02  1.93155e-02
2.167028862e+00  1.8638041e-02  5.92802e-04  1.00000e+00  1.86253e-02  1.93218e-02
2.167751205e+00  1.8642491e-02  5.93067e-04  1.00000e+00  1.86305e-02  1.93282e-02
2.168473788e+00  1.8645821e-02  5.93323e-04  1.00000e+00  1.86353e-02  1.93341e-02
2.169196613e+00  1.8647807e-02  5.93562e-04  1.00000e+00  1.86393e-02  1.93392e-02
2.169919678e+00  1.8648427e-02  5.93782e-04  1.00000e+00  1.86423e-02  1.93432e-02
2.170642985e+00  1.8647937e-02  5.93982e-04  1.00000e+00  1.86441e-02  1.93459e-02
2.171366533e+00  1.8646850e-02  5.94164e-04  1.00000e+00  1.86447e-02  1.93475e-02
2.172090321e+00  1.8645763e-02  5.94334e-04  1.00000e+00  1.86445e-02  1.93482e-02
2.172814352e+00  1.8645148e-02  5.94499e-04  1.00000e+00  1.86441e-02  1.93486e-02
2.173538623e+00  1.8645181e-02  5.94666e-04  1.00000e+00  1.86437e-02  1.93492e-02
2.174263136e+00  1.8645714e-02  5.94838e-04  1.00000e+00  1.86437e-02  1.93501e-02
2.174987890e+00  1.8646363e-02  5.95013e-04  1.00000e+00  1.86440e-02  1.93513e-02
2.175712886e+00  1.8646653e-02  5.95190e-04  1.00000e+00  1.86444e-02  1.93526e-02
2.176438124e+00  1.8646119e-02  5.95365e-04  1.00000e+00  1.86444e-02  1.93535e-02
2.177163603e+00  1.8644309e-02  5.95531e-04  1.00000e+00  1.86438e-02  1.93537e-02
2.177889324e+00  1.8640752e-02  5.95685e-04  1.00000e+00  1.86420e-02  1.93528e-02
2.178615288e+00  1.8634981e-02  5.95820e-04  1.00000e+00  1.86387e-02  1.93504e-02
2.179341493e+00  1.8626699e-02  5.95931e-04  1.00000e+00  1.86336e-02  1.93460e-02
2.180067940e+00  1.8616053e-02  5.96012e-04  1.00000e+00  1.86264e-02  1.93396e-02
2.180794629e+00  1.8603897e-02  5.96064e-04  1.00000e+00  1.86173e-02  1.93311e-02
2.181521561e+00  1.8591856e-02  5.96095e-04  1.00000e+00  1.86069e-02  1.93213e-02
2.182248735e+00  1.8582077e-02  5.96120e-04  1.00000e+00  1.85963e-02  1.93114e-02
2.182976151e+00  1.8576710e-02  5.96165e-04  1.00000e+00  1.85872e-02  1.93030e-02
2.183703809e+00  1.8577288e-02  5.96256e-04  1.00000e+00  1.85812e-02  1.92977e-02
2.184431711e+00  1.8584281e-02  5.96414e-04  1.00000e+00  1.85795e-02  1.92970e-02
2.185159855e+00  1.8596964e-02  5.96653e-04  1.00000e+00  1.85830e-02  1.93017e-02
2.185888241e+00  1.8613672e-02  5.96970e-04  1.00000e+00  1.85915e-02  1.93115e-02
2.186616871e+00  1.8632254e-02  5.97352e-04  1.00000e+00  1.86040e-02  1.93257e-02
2.187345743e+00  1.8650536e-02  5.97775e-04  1.00000e+00  1.86193e-02  1.93426e-02
2.188074858e+00  1.8666598e-02  5.98210e-04  1.00000e+00  1.86355e-02  1.93605e-02
2.188804217e+00  1.8678817e-02  5.98631e-04  1.00000e+00  1.86511e-02  1.93776e-02
2.189533818e+00  1.8685713e-02  5.99008e-04  1.00000e+00  1.86642e-02  1.93921e-02
2.190263663e+00  1.8685755e-02  5.99318e-04  1.00000e+00  1.86733e-02  1.94023e-02
2.190993750e+00  1.8677203e-02  5.99535e-04  1.00000e+00  1.86764e-02  1.94063e-02
2.191724082e+00  1.8658077e-02  5.99632e-04  1.00000e+00  1.86718e-02  1.94023e-02
2.192454656e+00  1.8626238e-02  5.99582e-04  1.00000e+00  1.86574e-02  1.93881e-02
2.193185475e+00  1.8579582e-02  5.99352e-04  1.00000e+00  1.86308e-02  1.93616e-02
2.193916536e+00  1.8516349e-02  5.98907e-04  1.00000e+00  1.85900e-02  1.93203e-02
2.194647842e+00  1.8435546e-02  5.98214e-04  1.00000e+00  1.85330e-02  1.92624e-02
2.195379391e+00  1.8337413e-02  5.97244e-04  1.00000e+00  1.84583e-02  1.91861e-02
2.196111184e+00  1.8223824e-02  5.95979e-04  1.00000e+00  1.83653e-02  1.90910e-02
2.196843221e+00  1.8098411e-02  5.94423e-04  1.00000e+00  1.82550e-02  1.89780e-02
2.197575502e+00  1.7966289e-02  5.92604e-04  1.00000e+00  1.81301e-02  1.88497e-02
2.198308028e+00  1.7833384e-02  5.90582e-04  1.00000e+00  1.79951e-02  1.87110e-02
2.199040797e+00  1.7705553e-02  5.88440e-04  1.00000e+00  1.78560e-02  1.85678e-02
2.199773811e+00  1.7587767e-02  5.86276e-04  1.00000e+00  1.77194e-02  1.84272e-02
