8.000000000000000444e-01 1.823689599999999897e-02 3.750849999999999909e-04 1.000000000000000000e+00 1.823620000000000102e-02 1.824910000000000074e-02
8.002666667000000178e-01 1.823796999999999918e-02 3.750450000000000116e-04 1.000000000000000000e+00 1.823719999999999855e-02 1.825009999999999827e-02
8.005334222000000111e-01 1.823924899999999905e-02 3.749649999999999988e-04 1.000000000000000000e+00 1.823829999999999896e-02 1.825119999999999867e-02
8.008002667000000407e-01 1.824076300000000012e-02 3.749080000000000229e-04 1.000000000000000000e+00 1.823970000000000105e-02 1.825260000000000077e-02
8.010672000999999876e-01 1.824254100000000101e-02 3.748700000000000209e-04 1.000000000000000000e+00 1.824140000000000136e-02 1.825430000000000108e-02
8.013342224999999708e-01 1.824459900000000023e-02 3.748479999999999998e-04 1.000000000000000000e+00 1.824330000000000049e-02 1.825620000000000021e-02
8.016013338999999904e-01 1.824693499999999885e-02 3.748380000000000050e-04 1.000000000000000000e+00 1.824550000000000130e-02 1.825840000000000102e-02
8.018685344000000548e-01 1.824953299999999834e-02 3.748380000000000050e-04 1.000000000000000000e+00 1.824800000000000033e-02 1.826090000000000005e-02
8.021358239000000445e-01 1.825237500000000124e-02 3.748460000000000225e-04 1.000000000000000000e+00 1.825070000000000164e-02 1.826360000000000136e-02
8.024032024999999679e-01 1.825544600000000156e-02 3.748579999999999946e-04 1.000000000000000000e+00 1.825359999999999830e-02 1.826650000000000149e-02
8.026706702000000471e-01 1.825875100000000015e-02 3.748749999999999912e-04 1.000000000000000000e+00 1.825670000000000071e-02 1.826960000000000042e-02
8.029382270999999571e-01 1.826231400000000171e-02 3.748940000000000193e-04 1.000000000000000000e+00 1.825999999999999845e-02 1.827290000000000164e-02
8.032058732000000312e-01 1.826617499999999908e-02 3.749170000000000020e-04 1.000000000000000000e+00 1.826360000000000136e-02 1.827650000000000108e-02
8.034736085000000472e-01 1.827037600000000137e-02 3.749420000000000162e-04 1.000000000000000000e+00 1.826739999999999961e-02 1.828029999999999933e-02
8.037414330000000051e-01 1.827495300000000003e-02 3.749700000000000233e-04 1.000000000000000000e+00 1.827159999999999895e-02 1.828449999999999867e-02
8.040093468000000243e-01 1.827991500000000075e-02 3.750019999999999851e-04 1.000000000000000000e+00 1.827619999999999939e-02 1.828909999999999911e-02
8.042773498999999937e-01 1.828523799999999880e-02 3.750359999999999783e-04 1.000000000000000000e+00 1.828120000000000092e-02 1.829410000000000064e-02
8.045454424000000326e-01 1.829085700000000064e-02 3.750730000000000188e-04 1.000000000000000000e+00 1.828660000000000008e-02 1.829949999999999979e-02
8.048136242000000218e-01 1.829667100000000046e-02 3.751100000000000051e-04 1.000000000000000000e+00 1.829240000000000033e-02 1.830520000000000064e-02
8.050818953999999694e-01 1.830255999999999897e-02 3.751469999999999913e-04 1.000000000000000000e+00 1.829839999999999939e-02 1.831119999999999970e-02
8.053502559999999866e-01 1.830840800000000171e-02 3.751830000000000160e-04 1.000000000000000000e+00 1.830460000000000073e-02 1.831740000000000104e-02
8.056187060999999705e-01 1.831411399999999939e-02 3.752149999999999778e-04 1.000000000000000000e+00 1.831090000000000148e-02 1.832359999999999892e-02
8.058872457000000322e-01 1.831961299999999848e-02 3.752420000000000234e-04 1.000000000000000000e+00 1.831699999999999995e-02 1.832970000000000085e-02
8.061558747999999497e-01 1.832488000000000172e-02 3.752639999999999904e-04 1.000000000000000000e+00 1.832299999999999901e-02 1.833569999999999992e-02
8.064245933999999449e-01 1.832992199999999849e-02 3.752800000000000255e-04 1.000000000000000000e+00 1.832869999999999985e-02 1.834140000000000076e-02
8.066934016000000263e-01 1.833477799999999949e-02 3.752909999999999818e-04 1.000000000000000000e+00 1.833430000000000129e-02 1.834689999999999932e-02
8.069622993999999716e-01 1.833950700000000142e-02 3.752970000000000221e-04 1.000000000000000000e+00 1.833970000000000045e-02 1.835219999999999907e-02
8.072312868000000030e-01 1.834418300000000002e-02 3.752979999999999836e-04 1.000000000000000000e+00 1.834490000000000079e-02 1.835739999999999941e-02
8.075003639000000177e-01 1.834888100000000091e-02 3.752939999999999748e-04 1.000000000000000000e+00 1.835020000000000054e-02 1.836269999999999916e-02
8.077695307000000158e-01 1.835366000000000081e-02 3.752860000000000115e-04 1.000000000000000000e+00 1.835559999999999969e-02 1.836799999999999891e-02
8.080387871999999971e-01 1.835854300000000147e-02 3.752730000000000237e-04 1.000000000000000000e+00 1.836099999999999885e-02 1.837329999999999866e-02
8.083081334999999701e-01 1.836349300000000156e-02 3.752560000000000270e-04 1.000000000000000000e+00 1.836650000000000088e-02 1.837880000000000069e-02
8.085775695000000374e-01 1.836840600000000032e-02 3.752350000000000216e-04 1.000000000000000000e+00 1.837190000000000004e-02 1.838410000000000044e-02
8.088470953999999935e-01 1.837309499999999901e-02 3.752100000000000075e-04 1.000000000000000000e+00 1.837710000000000038e-02 1.838920000000000138e-02
8.091167111000000522e-01 1.837730699999999898e-02 3.751820000000000003e-04 1.000000000000000000e+00 1.838180000000000022e-02 1.839379999999999835e-02
8.093864166999999998e-01 1.838073700000000116e-02 3.751499999999999843e-04 1.000000000000000000e+00 1.838580000000000075e-02 1.839769999999999947e-02
8.096562121000000500e-01 1.838305399999999937e-02 3.751140000000000138e-04 1.000000000000000000e+00 1.838870000000000088e-02 1.840050000000000019e-02
8.099260974999999974e-01 1.838392499999999888e-02 3.750730000000000188e-04 1.000000000000000000e+00 1.839029999999999831e-02 1.840200000000000169e-02
8.101960728999999528e-01 1.838303300000000001e-02 3.750259999999999835e-04 1.000000000000000000e+00 1.839029999999999831e-02 1.840200000000000169e-02
8.104661383000000274e-01 1.838008400000000139e-02 3.749709999999999849e-04 1.000000000000000000e+00 1.838849999999999860e-02 1.840009999999999910e-02
8.107362935999999909e-01 1.837481200000000078e-02 3.749070000000000072e-04 1.000000000000000000e+00 1.838470000000000035e-02 1.839630000000000085e-02
8.110065390999999790e-01 1.836696300000000004e-02 3.748299999999999874e-04 1.000000000000000000e+00 1.837870000000000129e-02 1.839019999999999891e-02
8.112768745999999753e-01 1.835630599999999932e-02 3.747360000000000252e-04 1.000000000000000000e+00 1.837039999999999854e-02 1.838189999999999963e-02
8.115473001999999880e-01 1.834263200000000107e-02 3.746229999999999808e-04 1.000000000000000000e+00 1.835969999999999963e-02 1.837110000000000132e-02
8.118178160000000254e-01 1.832577800000000090e-02 3.744849999999999763e-04 1.000000000000000000e+00 1.834629999999999941e-02 1.835760000000000169e-02
8.120884218999999682e-01 1.830566800000000063e-02 3.743190000000000189e-04 1.000000000000000000e+00 1.833009999999999848e-02 1.834130000000000135e-02
8.123591181000000550e-01 1.828234200000000004e-02 3.741220000000000071e-04 1.000000000000000000e+00 1.831100000000000089e-02 1.832220000000000029e-02
8.126299044000000471e-01 1.825597500000000067e-02 3.738910000000000020e-04 1.000000000000000000e+00 1.828890000000000030e-02 1.830000000000000029e-02
8.129007810999999695e-01 1.822686999999999918e-02 3.736279999999999810e-04 1.000000000000000000e+00 1.826389999999999958e-02 1.827490000000000017e-02
8.131717480000000275e-01 1.819540999999999867e-02 3.733340000000000139e-04 1.000000000000000000e+00 1.823610000000000161e-02 1.824709999999999874e-02
8.134428052000000076e-01 1.816200800000000032e-02 3.730130000000000013e-04 1.000000000000000000e+00 1.820590000000000055e-02 1.821669999999999887e-02
8.137139528000000288e-01 1.812706199999999934e-02 3.726700000000000216e-04 1.000000000000000000e+00 1.817360000000000156e-02 1.818430000000000046e-02
8.139851907999999803e-01 1.809096099999999915e-02 3.723089999999999755e-04 1.000000000000000000e+00 1.813949999999999937e-02 1.815009999999999887e-02
8.142565191999999730e-01 1.805413499999999893e-02 3.719320000000000026e-04 1.000000000000000000e+00 1.810439999999999966e-02 1.811480000000000035e-02
8.145279381000000152e-01 1.801716700000000060e-02 3.715440000000000192e-04 1.000000000000000000e+00 1.806860000000000063e-02 1.807889999999999844e-02
8.147994473999999876e-01 1.798094100000000028e-02 3.711489999999999798e-04 1.000000000000000000e+00 1.803290000000000101e-02 1.804309999999999942e-02
8.150710472000000095e-01 1.794677000000000078e-02 3.707520000000000173e-04 1.000000000000000000e+00 1.799840000000000120e-02 1.800840000000000080e-02
8.153427374999999699e-01 1.791645099999999990e-02 3.703609999999999867e-04 1.000000000000000000e+00 1.796649999999999983e-02 1.797620000000000121e-02
8.156145184999999964e-01 1.789218500000000142e-02 3.699880000000000226e-04 1.000000000000000000e+00 1.793890000000000068e-02 1.794830000000000036e-02
8.158863899999999614e-01 1.787633599999999962e-02 3.696479999999999818e-04 1.000000000000000000e+00 1.791759999999999881e-02 1.792679999999999968e-02
8.161583520999999841e-01 1.787104600000000154e-02 3.693570000000000078e-04 1.000000000000000000e+00 1.790490000000000137e-02 1.791370000000000115e-02
8.164304048999999619e-01 1.787779999999999925e-02 3.691300000000000115e-04 1.000000000000000000e+00 1.790260000000000115e-02 1.791099999999999984e-02
8.167025482999999975e-01 1.789704199999999842e-02 3.689769999999999877e-04 1.000000000000000000e+00 1.791169999999999915e-02 1.791970000000000021e-02
8.169747824999999963e-01 1.792797999999999961e-02 3.689030000000000152e-04 1.000000000000000000e+00 1.793240000000000112e-02 1.793990000000000168e-02
8.172471074999999585e-01 1.796863300000000122e-02 3.689070000000000240e-04 1.000000000000000000e+00 1.796340000000000089e-02 1.797050000000000036e-02
8.175195231999999868e-01 1.801611100000000132e-02 3.689809999999999965e-04 1.000000000000000000e+00 1.800250000000000114e-02 1.800919999999999951e-02
8.177920296999999783e-01 1.806708599999999956e-02 3.691149999999999922e-04 1.000000000000000000e+00 1.804659999999999945e-02 1.805290000000000020e-02
8.180646270000000442e-01 1.811828099999999997e-02 3.692990000000000161e-04 1.000000000000000000e+00 1.809219999999999925e-02 1.809819999999999832e-02
8.183373151999999706e-01 1.816689700000000129e-02 3.695230000000000194e-04 1.000000000000000000e+00 1.813620000000000163e-02 1.814189999999999900e-02
8.186100942999999797e-01 1.821085999999999885e-02 3.697819999999999775e-04 1.000000000000000000e+00 1.817589999999999831e-02 1.818149999999999974e-02
8.188829643999999686e-01 1.824883500000000144e-02 3.700759999999999987e-04 1.000000000000000000e+00 1.820969999999999880e-02 1.821530000000000024e-02
8.191559253000000318e-01 1.828000600000000142e-02 3.704040000000000132e-04 1.000000000000000000e+00 1.823690000000000033e-02 1.824249999999999830e-02
8.194289772999999721e-01 1.830371299999999923e-02 3.707609999999999964e-04 1.000000000000000000e+00 1.825740000000000002e-02 1.826329999999999967e-02
8.197021203000000034e-01 1.831906599999999843e-02 3.711380000000000234e-04 1.000000000000000000e+00 1.827149999999999955e-02 1.827770000000000089e-02
8.199753544000000227e-01 1.832467999999999944e-02 3.715139999999999805e-04 1.000000000000000000e+00 1.827919999999999892e-02 1.828569999999999848e-02
8.202486795000000219e-01 1.831870299999999868e-02 3.718579999999999759e-04 1.000000000000000000e+00 1.827979999999999883e-02 1.828679999999999889e-02
8.205220957000000093e-01 1.829916399999999971e-02 3.721299999999999760e-04 1.000000000000000000e+00 1.827229999999999827e-02 1.827979999999999883e-02
8.207956030999999930e-01 1.826465700000000011e-02 3.722910000000000173e-04 1.000000000000000000e+00 1.825480000000000158e-02 1.826279999999999917e-02
8.210692015999999649e-01 1.821520000000000084e-02 3.723050000000000209e-04 1.000000000000000000e+00 1.822589999999999974e-02 1.823440000000000130e-02
8.213428913000000442e-01 1.815301999999999888e-02 3.721539999999999744e-04 1.000000000000000000e+00 1.818509999999999918e-02 1.819399999999999837e-02
8.216166723000000172e-01 1.808296100000000156e-02 3.718470000000000195e-04 1.000000000000000000e+00 1.813350000000000031e-02 1.814270000000000119e-02
8.218905444999999865e-01 1.801223899999999933e-02 3.714179999999999869e-04 1.000000000000000000e+00 1.807450000000000029e-02 1.808420000000000166e-02
8.221645079999999606e-01 1.794942899999999938e-02 3.709319999999999783e-04 1.000000000000000000e+00 1.801399999999999876e-02 1.802389999999999895e-02
8.224385628999999476e-01 1.790283800000000078e-02 3.704679999999999909e-04 1.000000000000000000e+00 1.795870000000000105e-02 1.796889999999999946e-02
8.227127091000000503e-01 1.787864800000000046e-02 3.701089999999999762e-04 1.000000000000000000e+00 1.791589999999999849e-02 1.792639999999999859e-02
8.229869466000000466e-01 1.787942199999999898e-02 3.699229999999999749e-04 1.000000000000000000e+00 1.789110000000000006e-02 1.790179999999999896e-02
8.232612755999999532e-01 1.790348300000000129e-02 3.699460000000000118e-04 1.000000000000000000e+00 1.788729999999999834e-02 1.789819999999999953e-02
8.235356959999999837e-01 1.794537499999999952e-02 3.701800000000000099e-04 1.000000000000000000e+00 1.790370000000000156e-02 1.791490000000000096e-02
8.238102079000000355e-01 1.799729599999999943e-02 3.705879999999999830e-04 1.000000000000000000e+00 1.793679999999999927e-02 1.794820000000000096e-02
8.240848112999999975e-01 1.805096999999999952e-02 3.711079999999999848e-04 1.000000000000000000e+00 1.798059999999999936e-02 1.799219999999999986e-02
8.243595062999999890e-01 1.809939699999999971e-02 3.716699999999999973e-04 1.000000000000000000e+00 1.802820000000000117e-02 1.804000000000000048e-02
8.246342928000000017e-01 1.813795299999999833e-02 3.722069999999999958e-04 1.000000000000000000e+00 1.807349999999999929e-02 1.808550000000000088e-02
8.249091709000000439e-01 1.816466099999999861e-02 3.726719999999999989e-04 1.000000000000000000e+00 1.811199999999999963e-02 1.812420000000000003e-02
8.251841406000000045e-01 1.817973300000000000e-02 3.730340000000000066e-04 1.000000000000000000e+00 1.814110000000000028e-02 1.815359999999999890e-02
8.254592020000000030e-01 1.818471500000000060e-02 3.732869999999999786e-04 1.000000000000000000e+00 1.816020000000000134e-02 1.817289999999999878e-02
8.257343550000000310e-01 1.818161100000000030e-02 3.734359999999999936e-04 1.000000000000000000e+00 1.816989999999999925e-02 1.818269999999999956e-02
8.260095997999999939e-01 1.817227399999999868e-02 3.734930000000000238e-04 1.000000000000000000e+00 1.817150000000000015e-02 1.818439999999999987e-02
8.262849364000000030e-01 1.815820099999999881e-02 3.734739999999999957e-04 1.000000000000000000e+00 1.816629999999999981e-02 1.817929999999999893e-02
8.265603647000000498e-01 1.814065299999999964e-02 3.733949999999999986e-04 1.000000000000000000e+00 1.815570000000000031e-02 1.816879999999999884e-02
8.268358848000000316e-01 1.812093999999999858e-02 3.732680000000000047e-04 1.000000000000000000e+00 1.814100000000000087e-02 1.815430000000000169e-02
8.271114967999999568e-01 1.810066800000000031e-02 3.731110000000000264e-04 1.000000000000000000e+00 1.812379999999999894e-02 1.813709999999999975e-02
8.273872006000000390e-01 1.808176599999999912e-02 3.729389999999999745e-04 1.000000000000000000e+00 1.810550000000000007e-02 1.811899999999999969e-02
8.276629962999999535e-01 1.806629599999999905e-02 3.727709999999999856e-04 1.000000000000000000e+00 1.808809999999999932e-02 1.810159999999999894e-02
8.279388840000000416e-01 1.805609600000000065e-02 3.726269999999999951e-04 1.000000000000000000e+00 1.807349999999999929e-02 1.808709999999999832e-02
8.282148635999999620e-01 1.805240400000000106e-02 3.725259999999999769e-04 1.000000000000000000e+00 1.806330000000000088e-02 1.807689999999999991e-02
8.284909351999999449e-01 1.805558399999999952e-02 3.724800000000000116e-04 1.000000000000000000e+00 1.805870000000000045e-02 1.807239999999999888e-02
8.287670988999999988e-01 1.806506800000000010e-02 3.724949999999999767e-04 1.000000000000000000e+00 1.806009999999999907e-02 1.807390000000000038e-02
8.290433546000000042e-01 1.807948599999999878e-02 3.725709999999999807e-04 1.000000000000000000e+00 1.806719999999999854e-02 1.808099999999999985e-02
8.293197023999999695e-01 1.809694699999999865e-02 3.726970000000000131e-04 1.000000000000000000e+00 1.807879999999999904e-02 1.809279999999999916e-02
8.295961423000000057e-01 1.811539699999999836e-02 3.728609999999999932e-04 1.000000000000000000e+00 1.809349999999999847e-02 1.810749999999999860e-02
8.298726743000000017e-01 1.813295900000000058e-02 3.730459999999999787e-04 1.000000000000000000e+00 1.810950000000000060e-02 1.812369999999999953e-02
8.301492984999999658e-01 1.814821399999999932e-02 3.732349999999999730e-04 1.000000000000000000e+00 1.812520000000000103e-02 1.813949999999999937e-02
8.304260150000000174e-01 1.816038700000000006e-02 3.734140000000000267e-04 1.000000000000000000e+00 1.813939999999999997e-02 1.815380000000000119e-02
8.307028236000000287e-01 1.816941799999999968e-02 3.735739999999999981e-04 1.000000000000000000e+00 1.815140000000000156e-02 1.816579999999999931e-02
8.309797246000000248e-01 1.817591400000000135e-02 3.737109999999999868e-04 1.000000000000000000e+00 1.816080000000000125e-02 1.817540000000000128e-02
8.312567177999999890e-01 1.818099299999999946e-02 3.738279999999999858e-04 1.000000000000000000e+00 1.816829999999999834e-02 1.818300000000000125e-02
8.315338034000000489e-01 1.818602199999999960e-02 3.739300000000000197e-04 1.000000000000000000e+00 1.817449999999999968e-02 1.818929999999999853e-02
8.318109812999999741e-01 1.819231899999999846e-02 3.740279999999999907e-04 1.000000000000000000e+00 1.818060000000000162e-02 1.819549999999999987e-02
8.320882517000000034e-01 1.820086400000000063e-02 3.741320000000000019e-04 1.000000000000000000e+00 1.818770000000000109e-02 1.820269999999999874e-02
8.323656144000000090e-01 1.821212300000000020e-02 3.742509999999999782e-04 1.000000000000000000e+00 1.819660000000000027e-02 1.821170000000000080e-02
8.326430696000000076e-01 1.822599700000000073e-02 3.743889999999999827e-04 1.000000000000000000e+00 1.820779999999999968e-02 1.822299999999999962e-02
8.329206172999999991e-01 1.824192599999999859e-02 3.745469999999999767e-04 1.000000000000000000e+00 1.822129999999999930e-02 1.823659999999999864e-02
8.331982574999999835e-01 1.825906799999999983e-02 3.747220000000000216e-04 1.000000000000000000e+00 1.823659999999999864e-02 1.825200000000000086e-02
8.334759902999999692e-01 1.827649900000000160e-02 3.749070000000000072e-04 1.000000000000000000e+00 1.825320000000000067e-02 1.826869999999999883e-02
8.337538155999999478e-01 1.829337699999999955e-02 3.750940000000000242e-04 1.000000000000000000e+00 1.827029999999999973e-02 1.828580000000000136e-02
8.340317335000000387e-01 1.830902200000000118e-02 3.752760000000000167e-04 1.000000000000000000e+00 1.828710000000000058e-02 1.830270000000000161e-02
8.343097441000000281e-01 1.832296599999999956e-02 3.754459999999999829e-04 1.000000000000000000e+00 1.830290000000000042e-02 1.831860000000000085e-02
8.345878474000000269e-01 1.833495200000000158e-02 3.756000000000000224e-04 1.000000000000000000e+00 1.831740000000000104e-02 1.833310000000000148e-02
8.348660433000000269e-01 1.834492100000000014e-02 3.757340000000000181e-04 1.000000000000000000e+00 1.832999999999999907e-02 1.834579999999999891e-02
8.351443320000000448e-01 1.835299300000000147e-02 3.758480000000000241e-04 1.000000000000000000e+00 1.834070000000000145e-02 1.835660000000000069e-02
8.354227133999999610e-01 1.835941400000000098e-02 3.759430000000000020e-04 1.000000000000000000e+00 1.834939999999999835e-02 1.836540000000000047e-02
8.357011877000000144e-01 1.836450400000000024e-02 3.760219999999999990e-04 1.000000000000000000e+00 1.835629999999999901e-02 1.837230000000000113e-02
8.359797546999999662e-01 1.836859100000000009e-02 3.760899999999999855e-04 1.000000000000000000e+00 1.836170000000000163e-02 1.837779999999999969e-02
8.362584146999999524e-01 1.837196199999999863e-02 3.761500000000000087e-04 1.000000000000000000e+00 1.836580000000000157e-02 1.838199999999999903e-02
8.365371674999999563e-01 1.837483900000000045e-02 3.762060000000000230e-04 1.000000000000000000e+00 1.836909999999999932e-02 1.838530000000000025e-02
8.368160131999999862e-01 1.837738100000000166e-02 3.762600000000000059e-04 1.000000000000000000e+00 1.837170000000000122e-02 1.838800000000000157e-02
8.370949518000000422e-01 1.837969799999999987e-02 3.763139999999999888e-04 1.000000000000000000e+00 1.837400000000000144e-02 1.839040000000000119e-02
8.373739835000000298e-01 1.838187299999999996e-02 3.763680000000000259e-04 1.000000000000000000e+00 1.837619999999999879e-02 1.839259999999999853e-02
8.376531082000000517e-01 1.838396499999999864e-02 3.764220000000000088e-04 1.000000000000000000e+00 1.837830000000000019e-02 1.839489999999999875e-02
8.379323258999999968e-01 1.838601399999999914e-02 3.764759999999999916e-04 1.000000000000000000e+00 1.838050000000000100e-02 1.839709999999999956e-02
8.382116365999999763e-01 1.838803500000000049e-02 3.765279999999999972e-04 1.000000000000000000e+00 1.838280000000000122e-02 1.839939999999999978e-02
8.384910405000000067e-01 1.839001800000000103e-02 3.765780000000000256e-04 1.000000000000000000e+00 1.838510000000000144e-02 1.840179999999999941e-02
8.387705374999999686e-01 1.839193500000000162e-02 3.766250000000000066e-04 1.000000000000000000e+00 1.838740000000000166e-02 1.840419999999999903e-02
8.390501276999999813e-01 1.839375600000000069e-02 3.766689999999999947e-04 1.000000000000000000e+00 1.838969999999999841e-02 1.840659999999999866e-02
8.393298111000000450e-01 1.839546200000000131e-02 3.767089999999999740e-04 1.000000000000000000e+00 1.839199999999999863e-02 1.840899999999999828e-02
8.396095877000000485e-01 1.839705900000000033e-02 3.767439999999999830e-04 1.000000000000000000e+00 1.839419999999999944e-02 1.841119999999999909e-02
8.398894576000000001e-01 1.839857699999999929e-02 3.767749999999999832e-04 1.000000000000000000e+00 1.839620000000000144e-02 1.841330000000000050e-02
8.401694207000000025e-01 1.840007100000000048e-02 3.768029999999999904e-04 1.000000000000000000e+00 1.839810000000000056e-02 1.841519999999999962e-02
8.404494771999999614e-01 1.840159699999999871e-02 3.768280000000000045e-04 1.000000000000000000e+00 1.839980000000000088e-02 1.841699999999999934e-02
8.407296269999999794e-01 1.840319600000000014e-02 3.768530000000000187e-04 1.000000000000000000e+00 1.840150000000000119e-02 1.841869999999999966e-02
8.410098701999999538e-01 1.840487500000000110e-02 3.768770000000000171e-04 1.000000000000000000e+00 1.840309999999999863e-02 1.842039999999999997e-02
8.412902067999999955e-01 1.840659600000000076e-02 3.769029999999999928e-04 1.000000000000000000e+00 1.840469999999999953e-02 1.842200000000000087e-02
8.415706369000000020e-01 1.840827899999999961e-02 3.769290000000000227e-04 1.000000000000000000e+00 1.840620000000000103e-02 1.842359999999999831e-02
8.418511604999999731e-01 1.840982400000000171e-02 3.769569999999999757e-04 1.000000000000000000e+00 1.840769999999999906e-02 1.842509999999999981e-02
8.421317775000000116e-01 1.841114400000000081e-02 3.769849999999999829e-04 1.000000000000000000e+00 1.840899999999999828e-02 1.842649999999999844e-02
8.424124881000000231e-01 1.841219100000000136e-02 3.770129999999999901e-04 1.000000000000000000e+00 1.841009999999999869e-02 1.842770000000000172e-02
8.426932923000000075e-01 1.841298499999999977e-02 3.770399999999999815e-04 1.000000000000000000e+00 1.841100000000000028e-02 1.842869999999999925e-02
8.429741899999999566e-01 1.841361099999999987e-02 3.770660000000000114e-04 1.000000000000000000e+00 1.841179999999999900e-02 1.842950000000000144e-02
8.432551813999999979e-01 1.841419799999999968e-02 3.770910000000000256e-04 1.000000000000000000e+00 1.841249999999999831e-02 1.843020000000000075e-02
8.435362665000000204e-01 1.841488399999999942e-02 3.771159999999999855e-04 1.000000000000000000e+00 1.841320000000000109e-02 1.843099999999999947e-02
8.438174452000000159e-01 1.841577000000000144e-02 3.771409999999999997e-04 1.000000000000000000e+00 1.841399999999999981e-02 1.843180000000000165e-02
8.440987177000000008e-01 1.841689599999999857e-02 3.771669999999999754e-04 1.000000000000000000e+00 1.841500000000000081e-02 1.843289999999999859e-02
8.443800839999999752e-01 1.841822300000000093e-02 3.771949999999999826e-04 1.000000000000000000e+00 1.841620000000000063e-02 1.843409999999999840e-02
8.446615440000000419e-01 1.841966000000000089e-02 3.772219999999999740e-04 1.000000000000000000e+00 1.841759999999999925e-02 1.843559999999999990e-02
8.449430977999999870e-01 1.842108900000000160e-02 3.772499999999999812e-04 1.000000000000000000e+00 1.841900000000000134e-02 1.843710000000000140e-02
8.452247455000000409e-01 1.842240699999999828e-02 3.772779999999999884e-04 1.000000000000000000e+00 1.842049999999999937e-02 1.843859999999999943e-02
8.455064870999999815e-01 1.842354400000000003e-02 3.773040000000000183e-04 1.000000000000000000e+00 1.842179999999999859e-02 1.844000000000000153e-02
8.457883226000000310e-01 1.842447399999999971e-02 3.773280000000000167e-04 1.000000000000000000e+00 1.842299999999999841e-02 1.844130000000000075e-02
8.460702520999999754e-01 1.842519499999999838e-02 3.773499999999999836e-04 1.000000000000000000e+00 1.842409999999999881e-02 1.844229999999999828e-02
8.463522755000000286e-01 1.842570799999999898e-02 3.773699999999999733e-04 1.000000000000000000e+00 1.842490000000000100e-02 1.844319999999999987e-02
8.466343928999999768e-01 1.842600000000000141e-02 3.773870000000000241e-04 1.000000000000000000e+00 1.842550000000000091e-02 1.844389999999999918e-02
8.469166044000000504e-01 1.842604299999999959e-02 3.774019999999999892e-04 1.000000000000000000e+00 1.842579999999999912e-02 1.844430000000000028e-02
8.471989099000000190e-01 1.842579899999999965e-02 3.774159999999999928e-04 1.000000000000000000e+00 1.842579999999999912e-02 1.844430000000000028e-02
8.474813095000000018e-01 1.842523999999999898e-02 3.774270000000000034e-04 1.000000000000000000e+00 1.842550000000000091e-02 1.844399999999999859e-02
8.477638033000000073e-01 1.842436100000000021e-02 3.774380000000000139e-04 1.000000000000000000e+00 1.842480000000000159e-02 1.844339999999999868e-02
8.480463912000000271e-01 1.842317900000000133e-02 3.774469999999999930e-04 1.000000000000000000e+00 1.842370000000000119e-02 1.844240000000000115e-02
8.483290733999999667e-01 1.842172200000000148e-02 3.774560000000000263e-04 1.000000000000000000e+00 1.842229999999999909e-02 1.844099999999999906e-02
8.486118497000000316e-01 1.842001899999999928e-02 3.774639999999999896e-04 1.000000000000000000e+00 1.842070000000000166e-02 1.843940000000000162e-02
8.488947203000000163e-01 1.841808799999999913e-02 3.774720000000000072e-04 1.000000000000000000e+00 1.841879999999999906e-02 1.843759999999999843e-02
8.491776852000000320e-01 1.841593799999999975e-02 3.774800000000000247e-04 1.000000000000000000e+00 1.841670000000000113e-02 1.843559999999999990e-02
8.494607444999999757e-01 1.841357999999999884e-02 3.774879999999999881e-04 1.000000000000000000e+00 1.841440000000000091e-02 1.843339999999999909e-02
8.497438980999999503e-01 1.841104400000000141e-02 3.774949999999999898e-04 1.000000000000000000e+00 1.841189999999999841e-02 1.843099999999999947e-02
8.500271459999999557e-01 1.840839999999999838e-02 3.775009999999999759e-04 1.000000000000000000e+00 1.840939999999999938e-02 1.842850000000000044e-02
8.503104884000000085e-01 1.840576000000000018e-02 3.775070000000000162e-04 1.000000000000000000e+00 1.840680000000000094e-02 1.842600000000000141e-02
8.505939251999999895e-01 1.840326999999999935e-02 3.775130000000000022e-04 1.000000000000000000e+00 1.840429999999999844e-02 1.842359999999999831e-02
8.508774565000000178e-01 1.840109100000000136e-02 3.775189999999999883e-04 1.000000000000000000e+00 1.840200000000000169e-02 1.842130000000000156e-02
8.511610823999999909e-01 1.839935599999999866e-02 3.775259999999999901e-04 1.000000000000000000e+00 1.840009999999999910e-02 1.841949999999999837e-02
8.514448027000000030e-01 1.839814799999999959e-02 3.775350000000000233e-04 1.000000000000000000e+00 1.839860000000000106e-02 1.841809999999999975e-02
8.517286176999999681e-01 1.839746899999999963e-02 3.775469999999999954e-04 1.000000000000000000e+00 1.839760000000000006e-02 1.841709999999999875e-02
8.520125271999999805e-01 1.839724300000000062e-02 3.775599999999999833e-04 1.000000000000000000e+00 1.839709999999999956e-02 1.841670000000000113e-02
8.522965313999999459e-01 1.839733600000000024e-02 3.775760000000000184e-04 1.000000000000000000e+00 1.839690000000000075e-02 1.841660000000000172e-02
8.525806301999999670e-01 1.839758899999999892e-02 3.775930000000000150e-04 1.000000000000000000e+00 1.839700000000000016e-02 1.841670000000000113e-02
8.528648237999999493e-01 1.839785500000000115e-02 3.776109999999999732e-04 1.000000000000000000e+00 1.839709999999999956e-02 1.841689999999999994e-02
8.531491119999999873e-01 1.839803400000000061e-02 3.776300000000000013e-04 1.000000000000000000e+00 1.839719999999999897e-02 1.841699999999999934e-02
8.534334950999999947e-01 1.839807900000000121e-02 3.776499999999999909e-04 1.000000000000000000e+00 1.839719999999999897e-02 1.841709999999999875e-02
8.537179728999999551e-01 1.839799099999999896e-02 3.776709999999999963e-04 1.000000000000000000e+00 1.839709999999999956e-02 1.841699999999999934e-02
8.540025455999999959e-01 1.839779299999999909e-02 3.776920000000000017e-04 1.000000000000000000e+00 1.839680000000000135e-02 1.841680000000000053e-02
8.542872130999999980e-01 1.839750100000000013e-02 3.777140000000000228e-04 1.000000000000000000e+00 1.839640000000000025e-02 1.841639999999999944e-02
8.545719754999999695e-01 1.839710199999999851e-02 3.777359999999999897e-04 1.000000000000000000e+00 1.839589999999999975e-02 1.841599999999999834e-02
8.548568328000000216e-01 1.839654900000000162e-02 3.777599999999999882e-04 1.000000000000000000e+00 1.839520000000000044e-02 1.841539999999999844e-02
8.551417851000000514e-01 1.839577400000000015e-02 3.777850000000000023e-04 1.000000000000000000e+00 1.839429999999999885e-02 1.841459999999999972e-02
8.554268323000000507e-01 1.839470799999999920e-02 3.778100000000000165e-04 1.000000000000000000e+00 1.839319999999999844e-02 1.841359999999999872e-02
8.557119746000000360e-01 1.839331599999999983e-02 3.778349999999999764e-04 1.000000000000000000e+00 1.839179999999999982e-02 1.841229999999999950e-02
8.559972118999999990e-01 1.839161200000000163e-02 3.778610000000000063e-04 1.000000000000000000e+00 1.839019999999999891e-02 1.841069999999999859e-02
8.562825442999999481e-01 1.838966400000000001e-02 3.778860000000000205e-04 1.000000000000000000e+00 1.838829999999999978e-02 1.840879999999999947e-02
8.565679719000000025e-01 1.838758899999999932e-02 3.779109999999999804e-04 1.000000000000000000e+00 1.838619999999999838e-02 1.840690000000000034e-02
8.568534945000000347e-01 1.838552400000000031e-02 3.779359999999999946e-04 1.000000000000000000e+00 1.838419999999999985e-02 1.840500000000000122e-02
8.571391123999999584e-01 1.838360400000000131e-02 3.779610000000000088e-04 1.000000000000000000e+00 1.838230000000000072e-02 1.840309999999999863e-02
8.574248253999999791e-01 1.838194400000000076e-02 3.779850000000000072e-04 1.000000000000000000e+00 1.838060000000000041e-02 1.840160000000000060e-02
8.577106337000000025e-01 1.838062199999999924e-02 3.780100000000000213e-04 1.000000000000000000e+00 1.837930000000000119e-02 1.840030000000000138e-02
8.579965372000000201e-01 1.837968400000000030e-02 3.780349999999999813e-04 1.000000000000000000e+00 1.837830000000000019e-02 1.839939999999999978e-02
8.582825361000000486e-01 1.837914699999999846e-02 3.780599999999999954e-04 1.000000000000000000e+00 1.837779999999999969e-02 1.839889999999999928e-02
8.585686301999999603e-01 1.837900099999999898e-02 3.780850000000000096e-04 1.000000000000000000e+00 1.837760000000000088e-02 1.839889999999999928e-02
8.588548198000000022e-01 1.837921899999999872e-02 3.781090000000000080e-04 1.000000000000000000e+00 1.837789999999999910e-02 1.839910000000000156e-02
8.591411047000000467e-01 1.837975299999999867e-02 3.781340000000000222e-04 1.000000000000000000e+00 1.837839999999999960e-02 1.839980000000000088e-02
8.594274850999999993e-01 1.838053499999999993e-02 3.781589999999999821e-04 1.000000000000000000e+00 1.837919999999999832e-02 1.840059999999999960e-02
8.597139608999999627e-01 1.838147999999999865e-02 3.781829999999999805e-04 1.000000000000000000e+00 1.838019999999999932e-02 1.840160000000000060e-02
8.600005321999999452e-01 1.838249700000000111e-02 3.782069999999999790e-04 1.000000000000000000e+00 1.838129999999999972e-02 1.840270000000000100e-02
8.602871990999999552e-01 1.838349300000000075e-02 3.782300000000000158e-04 1.000000000000000000e+00 1.838230000000000072e-02 1.840380000000000141e-02
8.605739614999999842e-01 1.838438800000000151e-02 3.782540000000000143e-04 1.000000000000000000e+00 1.838319999999999885e-02 1.840479999999999894e-02
8.608608195000000407e-01 1.838511699999999943e-02 3.782769999999999969e-04 1.000000000000000000e+00 1.838400000000000103e-02 1.840570000000000053e-02
8.611477731000000135e-01 1.838562599999999866e-02 3.782999999999999796e-04 1.000000000000000000e+00 1.838460000000000094e-02 1.840630000000000044e-02
8.614348223000000138e-01 1.838587499999999944e-02 3.783230000000000165e-04 1.000000000000000000e+00 1.838479999999999975e-02 1.840659999999999866e-02
8.617219672999999469e-01 1.838582799999999989e-02 3.783459999999999991e-04 1.000000000000000000e+00 1.838479999999999975e-02 1.840659999999999866e-02
8.620092079000000185e-01 1.838546400000000067e-02 3.783689999999999818e-04 1.000000000000000000e+00 1.838439999999999866e-02 1.840630000000000044e-02
8.622965443000000230e-01 1.838477900000000040e-02 3.783920000000000187e-04 1.000000000000000000e+00 1.838369999999999935e-02 1.840570000000000053e-02
8.625839764999999604e-01 1.838380300000000064e-02 3.784160000000000171e-04 1.000000000000000000e+00 1.838269999999999835e-02 1.840469999999999953e-02
8.628715045000000528e-01 1.838259999999999894e-02 3.784400000000000155e-04 1.000000000000000000e+00 1.838149999999999853e-02 1.840359999999999913e-02
8.631591282999999670e-01 1.838126600000000027e-02 3.784640000000000139e-04 1.000000000000000000e+00 1.838009999999999991e-02 1.840229999999999991e-02
8.634468480000000445e-01 1.837990899999999983e-02 3.784880000000000124e-04 1.000000000000000000e+00 1.837870000000000129e-02 1.840100000000000069e-02
8.637346636999999605e-01 1.837862700000000155e-02 3.785130000000000265e-04 1.000000000000000000e+00 1.837750000000000147e-02 1.839980000000000088e-02
8.640225752000000314e-01 1.837748599999999843e-02 3.785370000000000249e-04 1.000000000000000000e+00 1.837630000000000166e-02 1.839870000000000047e-02
8.643105827000000518e-01 1.837651599999999899e-02 3.785610000000000233e-04 1.000000000000000000e+00 1.837540000000000007e-02 1.839789999999999828e-02
8.645986863000000300e-01 1.837570700000000154e-02 3.785850000000000218e-04 1.000000000000000000e+00 1.837470000000000075e-02 1.839719999999999897e-02
8.648868857999999493e-01 1.837503600000000084e-02 3.786080000000000044e-04 1.000000000000000000e+00 1.837400000000000144e-02 1.839659999999999906e-02
8.651751814999999457e-01 1.837447799999999964e-02 3.786309999999999871e-04 1.000000000000000000e+00 1.837350000000000094e-02 1.839620000000000144e-02
8.654635732000000026e-01 1.837402499999999869e-02 3.786540000000000240e-04 1.000000000000000000e+00 1.837309999999999985e-02 1.839580000000000035e-02
8.657520610000000172e-01 1.837369299999999997e-02 3.786759999999999909e-04 1.000000000000000000e+00 1.837280000000000163e-02 1.839560000000000153e-02
8.660406451000000061e-01 1.837350600000000125e-02 3.786989999999999736e-04 1.000000000000000000e+00 1.837259999999999935e-02 1.839549999999999866e-02
8.663293252999999527e-01 1.837348800000000032e-02 3.787209999999999947e-04 1.000000000000000000e+00 1.837259999999999935e-02 1.839549999999999866e-02
8.666181016999999764e-01 1.837363599999999875e-02 3.787430000000000158e-04 1.000000000000000000e+00 1.837280000000000163e-02 1.839580000000000035e-02
8.669069743999999744e-01 1.837391899999999897e-02 3.787659999999999985e-04 1.000000000000000000e+00 1.837309999999999985e-02 1.839609999999999856e-02
8.671959433999999467e-01 1.837427000000000157e-02 3.787880000000000197e-04 1.000000000000000000e+00 1.837340000000000154e-02 1.839649999999999966e-02
8.674850087000000043e-01 1.837460700000000113e-02 3.788099999999999866e-04 1.000000000000000000e+00 1.837379999999999916e-02 1.839690000000000075e-02
8.677741704000000444e-01 1.837484899999999866e-02 3.788320000000000077e-04 1.000000000000000000e+00 1.837410000000000085e-02 1.839729999999999838e-02
8.680634284999999561e-01 1.837494199999999828e-02 3.788539999999999746e-04 1.000000000000000000e+00 1.837420000000000025e-02 1.839740000000000125e-02
8.683527828999999532e-01 1.837486699999999959e-02 3.788759999999999958e-04 1.000000000000000000e+00 1.837410000000000085e-02 1.839740000000000125e-02
8.686422338999999493e-01 1.837464200000000006e-02 3.788970000000000012e-04 1.000000000000000000e+00 1.837389999999999857e-02 1.839729999999999838e-02
8.689317813000000390e-01 1.837431700000000112e-02 3.789190000000000223e-04 1.000000000000000000e+00 1.837360000000000035e-02 1.839709999999999956e-02
8.692214252000000085e-01 1.837394900000000053e-02 3.789399999999999735e-04 1.000000000000000000e+00 1.837329999999999866e-02 1.839680000000000135e-02
8.695111656999999772e-01 1.837358700000000025e-02 3.789619999999999946e-04 1.000000000000000000e+00 1.837290000000000104e-02 1.839649999999999966e-02
8.698010027000000477e-01 1.837325799999999995e-02 3.789830000000000000e-04 1.000000000000000000e+00 1.837259999999999935e-02 1.839620000000000144e-02
8.700909364000000146e-01 1.837295900000000121e-02 3.790040000000000054e-04 1.000000000000000000e+00 1.837230000000000113e-02 1.839599999999999916e-02
8.703809666999999806e-01 1.837265899999999952e-02 3.790250000000000108e-04 1.000000000000000000e+00 1.837199999999999944e-02 1.839580000000000035e-02
8.706710936999999539e-01 1.837231099999999881e-02 3.790469999999999777e-04 1.000000000000000000e+00 1.837170000000000122e-02 1.839549999999999866e-02
8.709613174000000457e-01 1.837186500000000111e-02 3.790679999999999831e-04 1.000000000000000000e+00 1.837120000000000072e-02 1.839510000000000103e-02
8.712516378000000339e-01 1.837128400000000161e-02 3.790900000000000042e-04 1.000000000000000000e+00 1.837060000000000082e-02 1.839460000000000053e-02
8.715420550000000377e-01 1.837055300000000127e-02 3.791110000000000096e-04 1.000000000000000000e+00 1.836990000000000151e-02 1.839390000000000122e-02
8.718325690999999544e-01 1.836969000000000102e-02 3.791329999999999765e-04 1.000000000000000000e+00 1.836899999999999991e-02 1.839309999999999903e-02
8.721231798999999896e-01 1.836873500000000062e-02 3.791549999999999977e-04 1.000000000000000000e+00 1.836809999999999832e-02 1.839220000000000091e-02
8.724138876000000486e-01 1.836774099999999993e-02 3.791770000000000188e-04 1.000000000000000000e+00 1.836710000000000079e-02 1.839129999999999932e-02
8.727046923000000289e-01 1.836675999999999934e-02 3.791989999999999857e-04 1.000000000000000000e+00 1.836609999999999979e-02 1.839040000000000119e-02
8.729955938000000248e-01 1.836582800000000071e-02 3.792210000000000069e-04 1.000000000000000000e+00 1.836520000000000166e-02 1.838959999999999900e-02
8.732865923999999502e-01 1.836496099999999909e-02 3.792420000000000123e-04 1.000000000000000000e+00 1.836439999999999947e-02 1.838880000000000028e-02
8.735776879000000106e-01 1.836414800000000028e-02 3.792639999999999792e-04 1.000000000000000000e+00 1.836360000000000076e-02 1.838810000000000097e-02
8.738688805000000004e-01 1.836336100000000165e-02 3.792849999999999846e-04 1.000000000000000000e+00 1.836290000000000144e-02 1.838740000000000166e-02
8.741601701000000224e-01 1.836255700000000157e-02 3.793049999999999742e-04 1.000000000000000000e+00 1.836209999999999926e-02 1.838669999999999888e-02
8.744515567999999739e-01 1.836169199999999890e-02 3.793259999999999796e-04 1.000000000000000000e+00 1.836130000000000054e-02 1.838599999999999957e-02
8.747430406999999741e-01 1.836072700000000030e-02 3.793460000000000235e-04 1.000000000000000000e+00 1.836029999999999954e-02 1.838510000000000144e-02
8.750346217000000149e-01 1.835963700000000157e-02 3.793660000000000131e-04 1.000000000000000000e+00 1.835929999999999854e-02 1.838410000000000044e-02
8.753262998999999933e-01 1.835841900000000082e-02 3.793870000000000185e-04 1.000000000000000000e+00 1.835809999999999872e-02 1.838300000000000003e-02
8.756180753000000205e-01 1.835710200000000014e-02 3.794059999999999924e-04 1.000000000000000000e+00 1.835679999999999951e-02 1.838180000000000022e-02
8.759099479999999938e-01 1.835574300000000075e-02 3.794259999999999820e-04 1.000000000000000000e+00 1.835550000000000029e-02 1.838050000000000100e-02
8.762019180000000240e-01 1.835442600000000007e-02 3.794460000000000259e-04 1.000000000000000000e+00 1.835420000000000107e-02 1.837930000000000119e-02
8.764939853000000003e-01 1.835324799999999909e-02 3.794649999999999998e-04 1.000000000000000000e+00 1.835300000000000126e-02 1.837820000000000079e-02
8.767861500000000419e-01 1.835229700000000005e-02 3.794839999999999737e-04 1.000000000000000000e+00 1.835209999999999966e-02 1.837739999999999860e-02
8.770784120000000295e-01 1.835162799999999830e-02 3.795030000000000018e-04 1.000000000000000000e+00 1.835149999999999976e-02 1.837679999999999869e-02
8.773707714999999796e-01 1.835124800000000056e-02 3.795219999999999757e-04 1.000000000000000000e+00 1.835109999999999866e-02 1.837650000000000047e-02
8.776632283999999951e-01 1.835110699999999845e-02 3.795399999999999881e-04 1.000000000000000000e+00 1.835099999999999926e-02 1.837640000000000107e-02
8.779557827999999731e-01 1.835110300000000055e-02 3.795590000000000162e-04 1.000000000000000000e+00 1.835099999999999926e-02 1.837650000000000047e-02
8.782484347000000247e-01 1.835110800000000139e-02 3.795769999999999743e-04 1.000000000000000000e+00 1.835109999999999866e-02 1.837659999999999988e-02
8.785411842000000471e-01 1.835099200000000000e-02 3.795940000000000251e-04 1.000000000000000000e+00 1.835099999999999926e-02 1.837659999999999988e-02
8.788340313000000403e-01 1.835064999999999960e-02 3.796110000000000218e-04 1.000000000000000000e+00 1.835080000000000044e-02 1.837640000000000107e-02
8.791269760000000044e-01 1.835002399999999950e-02 3.796280000000000184e-04 1.000000000000000000e+00 1.835020000000000054e-02 1.837590000000000057e-02
8.794200183000000504e-01 1.834910199999999908e-02 3.796439999999999993e-04 1.000000000000000000e+00 1.834939999999999835e-02 1.837520000000000125e-02
8.797131582999999644e-01 1.834791200000000094e-02 3.796590000000000186e-04 1.000000000000000000e+00 1.834840000000000082e-02 1.837420000000000025e-02
8.800063959999999685e-01 1.834650900000000043e-02 3.796730000000000222e-04 1.000000000000000000e+00 1.834710000000000160e-02 1.837300000000000044e-02
8.802997314999999601e-01 1.834496099999999991e-02 3.796860000000000100e-04 1.000000000000000000e+00 1.834569999999999951e-02 1.837170000000000122e-02
8.805931647000000417e-01 1.834333399999999933e-02 3.796989999999999979e-04 1.000000000000000000e+00 1.834420000000000148e-02 1.837019999999999972e-02
8.808866958000000080e-01 1.834169199999999972e-02 3.797100000000000085e-04 1.000000000000000000e+00 1.834260000000000057e-02 1.836870000000000169e-02
8.811803246999999617e-01 1.834009699999999965e-02 3.797210000000000190e-04 1.000000000000000000e+00 1.834109999999999907e-02 1.836729999999999960e-02
8.814740515000000221e-01 1.833860199999999899e-02 3.797319999999999754e-04 1.000000000000000000e+00 1.833960000000000104e-02 1.836580000000000157e-02
8.817678760999999588e-01 1.833724800000000044e-02 3.797429999999999859e-04 1.000000000000000000e+00 1.833819999999999895e-02 1.836449999999999888e-02
8.820617988000000187e-01 1.833606299999999967e-02 3.797539999999999965e-04 1.000000000000000000e+00 1.833689999999999973e-02 1.836329999999999907e-02
8.823558193999999633e-01 1.833505200000000099e-02 3.797669999999999844e-04 1.000000000000000000e+00 1.833579999999999932e-02 1.836219999999999866e-02
8.826499380000000228e-01 1.833420100000000136e-02 3.797800000000000264e-04 1.000000000000000000e+00 1.833479999999999832e-02 1.836130000000000054e-02
8.829441545999999752e-01 1.833348099999999870e-02 3.797949999999999915e-04 1.000000000000000000e+00 1.833390000000000020e-02 1.836049999999999835e-02
8.832384693000000508e-01 1.833285499999999860e-02 3.798100000000000109e-04 1.000000000000000000e+00 1.833320000000000088e-02 1.835979999999999904e-02
8.835328822000000359e-01 1.833229499999999845e-02 3.798270000000000075e-04 1.000000000000000000e+00 1.833250000000000157e-02 1.835919999999999913e-02
8.838273931000000250e-01 1.833178599999999922e-02 3.798429999999999884e-04 1.000000000000000000e+00 1.833200000000000107e-02 1.835880000000000151e-02
8.841220022000000345e-01 1.833133799999999911e-02 3.798599999999999850e-04 1.000000000000000000e+00 1.833169999999999938e-02 1.835849999999999982e-02
8.844167095999999617e-01 1.833098699999999998e-02 3.798750000000000043e-04 1.000000000000000000e+00 1.833150000000000057e-02 1.835830000000000101e-02
8.847115151000000122e-01 1.833079300000000147e-02 3.798890000000000079e-04 1.000000000000000000e+00 1.833150000000000057e-02 1.835840000000000041e-02
8.850064189999999886e-01 1.833082700000000093e-02 3.799009999999999800e-04 1.000000000000000000e+00 1.833179999999999879e-02 1.835869999999999863e-02
8.853014210999999856e-01 1.833115800000000017e-02 3.799119999999999906e-04 1.000000000000000000e+00 1.833219999999999988e-02 1.835919999999999913e-02
8.855965216000000195e-01 1.833184200000000097e-02 3.799219999999999854e-04 1.000000000000000000e+00 1.833299999999999860e-02 1.836000000000000132e-02
8.858917203999999712e-01 1.833290799999999846e-02 3.799319999999999802e-04 1.000000000000000000e+00 1.833399999999999960e-02 1.836099999999999885e-02
8.861870176999999682e-01 1.833435500000000010e-02 3.799419999999999751e-04 1.000000000000000000e+00 1.833540000000000170e-02 1.836240000000000094e-02
8.864824134000000022e-01 1.833616600000000096e-02 3.799540000000000014e-04 1.000000000000000000e+00 1.833699999999999913e-02 1.836399999999999838e-02
8.867779074999999622e-01 1.833831400000000139e-02 3.799680000000000050e-04 1.000000000000000000e+00 1.833890000000000173e-02 1.836590000000000097e-02
8.870735000999999675e-01 1.834077900000000150e-02 3.799830000000000243e-04 1.000000000000000000e+00 1.834109999999999907e-02 1.836820000000000119e-02
8.873691913000000264e-01 1.834355999999999834e-02 3.800000000000000209e-04 1.000000000000000000e+00 1.834360000000000157e-02 1.837070000000000022e-02
8.876649810000000196e-01 1.834668199999999957e-02 3.800189999999999948e-04 1.000000000000000000e+00 1.834650000000000170e-02 1.837360000000000035e-02
8.879608693999999636e-01 1.835020500000000138e-02 3.800400000000000002e-04 1.000000000000000000e+00 1.834979999999999944e-02 1.837690000000000157e-02
8.882568562999999529e-01 1.835422800000000021e-02 3.800620000000000213e-04 1.000000000000000000e+00 1.835370000000000057e-02 1.838079999999999922e-02
8.885529419000000040e-01 1.835890199999999986e-02 3.800839999999999883e-04 1.000000000000000000e+00 1.835830000000000101e-02 1.838539999999999966e-02
8.888491262000000059e-01 1.836443299999999945e-02 3.801060000000000094e-04 1.000000000000000000e+00 1.836389999999999897e-02 1.839090000000000169e-02
8.891454092999999670e-01 1.837106399999999945e-02 3.801279999999999763e-04 1.000000000000000000e+00 1.837070000000000022e-02 1.839769999999999947e-02
8.894417910999999899e-01 1.837902900000000159e-02 3.801470000000000044e-04 1.000000000000000000e+00 1.837899999999999950e-02 1.840589999999999934e-02
8.897382716999999719e-01 1.838847700000000029e-02 3.801620000000000238e-04 1.000000000000000000e+00 1.838899999999999910e-02 1.841570000000000012e-02
8.900348511000000240e-01 1.839936899999999875e-02 3.801729999999999801e-04 1.000000000000000000e+00 1.840059999999999960e-02 1.842709999999999834e-02
8.903315294000000435e-01 1.841138499999999886e-02 3.801780000000000046e-04 1.000000000000000000e+00 1.841349999999999931e-02 1.843979999999999925e-02
8.906283066000000304e-01 1.842386500000000107e-02 3.801750000000000116e-04 1.000000000000000000e+00 1.842709999999999834e-02 1.845319999999999946e-02
8.909251826999999846e-01 1.843582200000000101e-02 3.801629999999999853e-04 1.000000000000000000e+00 1.844049999999999856e-02 1.846630000000000146e-02
8.912221577000000172e-01 1.844602799999999973e-02 3.801389999999999869e-04 1.000000000000000000e+00 1.845240000000000075e-02 1.847800000000000137e-02
8.915192318000000338e-01 1.845315900000000023e-02 3.801009999999999849e-04 1.000000000000000000e+00 1.846149999999999874e-02 1.848690000000000055e-02
8.918164049000000260e-01 1.845597900000000083e-02 3.800489999999999793e-04 1.000000000000000000e+00 1.846659999999999968e-02 1.849169999999999980e-02
8.921136769999999938e-01 1.845350000000000115e-02 3.799809999999999928e-04 1.000000000000000000e+00 1.846650000000000028e-02 1.849150000000000099e-02
8.924110481999999456e-01 1.844506699999999902e-02 3.798949999999999940e-04 1.000000000000000000e+00 1.846079999999999943e-02 1.848570000000000074e-02
8.927085186000000006e-01 1.843039299999999978e-02 3.797879999999999897e-04 1.000000000000000000e+00 1.844909999999999953e-02 1.847410000000000024e-02
8.930060881000000395e-01 1.840948300000000079e-02 3.796580000000000028e-04 1.000000000000000000e+00 1.843169999999999878e-02 1.845679999999999890e-02
8.933037567999999595e-01 1.838256699999999896e-02 3.795010000000000245e-04 1.000000000000000000e+00 1.840889999999999888e-02 1.843409999999999840e-02
8.936015246999999828e-01 1.835002100000000108e-02 3.793099999999999987e-04 1.000000000000000000e+00 1.838120000000000032e-02 1.840659999999999866e-02
8.938993919000000066e-01 1.831233399999999956e-02 3.790819999999999867e-04 1.000000000000000000e+00 1.834910000000000013e-02 1.837460000000000135e-02
8.941973583000000225e-01 1.827010700000000071e-02 3.788099999999999866e-04 1.000000000000000000e+00 1.831299999999999942e-02 1.833869999999999945e-02
8.944954241000000472e-01 1.822410500000000086e-02 3.784910000000000054e-04 1.000000000000000000e+00 1.827339999999999867e-02 1.829909999999999870e-02
8.947935892999999696e-01 1.817524300000000065e-02 3.781249999999999889e-04 1.000000000000000000e+00 1.823059999999999958e-02 1.825649999999999842e-02
8.950918538000000035e-01 1.812453699999999959e-02 3.777149999999999844e-04 1.000000000000000000e+00 1.818540000000000087e-02 1.821139999999999912e-02
8.953902177000000462e-01 1.807297299999999912e-02 3.772669999999999778e-04 1.000000000000000000e+00 1.813839999999999897e-02 1.816440000000000068e-02
8.956886810999999948e-01 1.802131900000000092e-02 3.767880000000000252e-04 1.000000000000000000e+00 1.809020000000000072e-02 1.811619999999999897e-02
8.959872439999999605e-01 1.796991300000000055e-02 3.762859999999999816e-04 1.000000000000000000e+00 1.804139999999999910e-02 1.806730000000000141e-02
8.962859064999999514e-01 1.791857000000000172e-02 3.757659999999999798e-04 1.000000000000000000e+00 1.799200000000000105e-02 1.801789999999999989e-02
8.965846683999999511e-01 1.786662699999999951e-02 3.752319999999999744e-04 1.000000000000000000e+00 1.794190000000000021e-02 1.796769999999999964e-02
8.968835299999999844e-01 1.781326999999999910e-02 3.746819999999999882e-04 1.000000000000000000e+00 1.789059999999999956e-02 1.791629999999999959e-02
8.971824912000000429e-01 1.775805700000000070e-02 3.741160000000000210e-04 1.000000000000000000e+00 1.783749999999999919e-02 1.786309999999999981e-02
8.974815520000000157e-01 1.770150300000000038e-02 3.735349999999999803e-04 1.000000000000000000e+00 1.778240000000000029e-02 1.780790000000000151e-02
8.977807125000000221e-01 1.764548499999999895e-02 3.729490000000000235e-04 1.000000000000000000e+00 1.772589999999999930e-02 1.775140000000000051e-02
8.980799726999999510e-01 1.759321599999999833e-02 3.723770000000000161e-04 1.000000000000000000e+00 1.766989999999999880e-02 1.769540000000000002e-02
8.983793327000000328e-01 1.754867599999999916e-02 3.718479999999999811e-04 1.000000000000000000e+00 1.761700000000000071e-02 1.764249999999999846e-02
8.986787925000000454e-01 1.751564200000000140e-02 3.713990000000000130e-04 1.000000000000000000e+00 1.757090000000000041e-02 1.759650000000000103e-02
8.989783520999999888e-01 1.749658999999999937e-02 3.710629999999999810e-04 1.000000000000000000e+00 1.753479999999999969e-02 1.756040000000000031e-02
8.992780115999999824e-01 1.749195400000000053e-02 3.708650000000000076e-04 1.000000000000000000e+00 1.751110000000000166e-02 1.753680000000000169e-02
8.995777709000000177e-01 1.749999099999999946e-02 3.708110000000000247e-04 1.000000000000000000e+00 1.750049999999999870e-02 1.752630000000000160e-02
8.998776302000000005e-01 1.751737299999999928e-02 3.708879999999999903e-04 1.000000000000000000e+00 1.750209999999999960e-02 1.752799999999999844e-02
9.001775894000000333e-01 1.754025400000000165e-02 3.710699999999999828e-04 1.000000000000000000e+00 1.751329999999999901e-02 1.753940000000000013e-02
9.004776486000000135e-01 1.756546499999999886e-02 3.713240000000000247e-04 1.000000000000000000e+00 1.753120000000000026e-02 1.755740000000000078e-02
9.007778078000000521e-01 1.759138799999999947e-02 3.716200000000000232e-04 1.000000000000000000e+00 1.755299999999999916e-02 1.757950000000000138e-02
9.010780670000000381e-01 1.761825300000000039e-02 3.719400000000000202e-04 1.000000000000000000e+00 1.757720000000000116e-02 1.760389999999999872e-02
9.013784263999999880e-01 1.764779500000000084e-02 3.722800000000000067e-04 1.000000000000000000e+00 1.760350000000000109e-02 1.763030000000000153e-02
9.016788859000000045e-01 1.768241499999999994e-02 3.726520000000000093e-04 1.000000000000000000e+00 1.763280000000000056e-02 1.765989999999999921e-02
9.019794454999999767e-01 1.772412599999999977e-02 3.730720000000000086e-04 1.000000000000000000e+00 1.766689999999999927e-02 1.769410000000000080e-02
9.022801053000000238e-01 1.777361100000000166e-02 3.735550000000000242e-04 1.000000000000000000e+00 1.770709999999999992e-02 1.773450000000000026e-02
9.025808654000000431e-01 1.782970099999999988e-02 3.741080000000000035e-04 1.000000000000000000e+00 1.775409999999999835e-02 1.778180000000000038e-02
9.028817256000000180e-01 1.788934400000000147e-02 3.747199999999999902e-04 1.000000000000000000e+00 1.780699999999999991e-02 1.783490000000000075e-02
9.031826861999999734e-01 1.794812299999999985e-02 3.753669999999999858e-04 1.000000000000000000e+00 1.786350000000000091e-02 1.789160000000000056e-02
9.034837471000000120e-01 1.800105200000000003e-02 3.760100000000000269e-04 1.000000000000000000e+00 1.791989999999999902e-02 1.794820000000000096e-02
9.037849084000000310e-01 1.804347200000000137e-02 3.766029999999999855e-04 1.000000000000000000e+00 1.797199999999999839e-02 1.800049999999999914e-02
9.040861700000000223e-01 1.807175399999999890e-02 3.771040000000000134e-04 1.000000000000000000e+00 1.801550000000000026e-02 1.804419999999999982e-02
9.043875321000000023e-01 1.808371199999999832e-02 3.774730000000000229e-04 1.000000000000000000e+00 1.804709999999999995e-02 1.807589999999999891e-02
9.046889945999999627e-01 1.807869000000000143e-02 3.776879999999999929e-04 1.000000000000000000e+00 1.806419999999999901e-02 1.809310000000000085e-02
9.049905576000000229e-01 1.805745799999999845e-02 3.777349999999999740e-04 1.000000000000000000e+00 1.806570000000000051e-02 1.809469999999999829e-02
9.052922210999999608e-01 1.802200199999999877e-02 3.776170000000000134e-04 1.000000000000000000e+00 1.805170000000000038e-02 1.808080000000000104e-02
9.055939852000000068e-01 1.797530599999999992e-02 3.773490000000000221e-04 1.000000000000000000e+00 1.802370000000000014e-02 1.805280000000000079e-02
9.058958498000000414e-01 1.792112400000000008e-02 3.769569999999999757e-04 1.000000000000000000e+00 1.798409999999999939e-02 1.801310000000000064e-02
9.061978150999999704e-01 1.786370899999999845e-02 3.764749999999999759e-04 1.000000000000000000e+00 1.793600000000000055e-02 1.796499999999999833e-02
9.064998810000000073e-01 1.780744999999999897e-02 3.759430000000000020e-04 1.000000000000000000e+00 1.788340000000000068e-02 1.791239999999999846e-02
9.068020476999999469e-01 1.775642599999999877e-02 3.754040000000000263e-04 1.000000000000000000e+00 1.783020000000000091e-02 1.785919999999999869e-02
9.071043149999999944e-01 1.771394999999999914e-02 3.748989999999999896e-04 1.000000000000000000e+00 1.778050000000000117e-02 1.780939999999999954e-02
9.074066831000000555e-01 1.768222599999999881e-02 3.744630000000000094e-04 1.000000000000000000e+00 1.773749999999999979e-02 1.776629999999999876e-02
9.077091520000000191e-01 1.766216400000000103e-02 3.741220000000000071e-04 1.000000000000000000e+00 1.770350000000000049e-02 1.773239999999999886e-02
9.080117216999999963e-01 1.765345399999999898e-02 3.738880000000000090e-04 1.000000000000000000e+00 1.768000000000000127e-02 1.770880000000000024e-02
9.083143922999999953e-01 1.765480900000000047e-02 3.737640000000000081e-04 1.000000000000000000e+00 1.766699999999999868e-02 1.769590000000000052e-02
9.086171638000000161e-01 1.766434100000000007e-02 3.737419999999999870e-04 1.000000000000000000e+00 1.766380000000000033e-02 1.769269999999999871e-02
9.089200361999999478e-01 1.767993199999999890e-02 3.738069999999999804e-04 1.000000000000000000e+00 1.766910000000000008e-02 1.769799999999999846e-02
9.092230095000000123e-01 1.769951000000000163e-02 3.739389999999999988e-04 1.000000000000000000e+00 1.768099999999999880e-02 1.771000000000000005e-02
9.095260837999999959e-01 1.772118199999999852e-02 3.741179999999999983e-04 1.000000000000000000e+00 1.769779999999999964e-02 1.772680000000000089e-02
9.098292592000000178e-01 1.774321200000000126e-02 3.743239999999999892e-04 1.000000000000000000e+00 1.771750000000000061e-02 1.774660000000000126e-02
9.101325355999999589e-01 1.776393299999999911e-02 3.745369999999999819e-04 1.000000000000000000e+00 1.773860000000000020e-02 1.776760000000000145e-02
9.104359131000000493e-01 1.778167099999999889e-02 3.747390000000000183e-04 1.000000000000000000e+00 1.775919999999999929e-02 1.778829999999999995e-02
9.107393917999999644e-01 1.779483000000000106e-02 3.749100000000000002e-04 1.000000000000000000e+00 1.777779999999999985e-02 1.780680000000000110e-02
9.110429716000000289e-01 1.780214199999999997e-02 3.750320000000000238e-04 1.000000000000000000e+00 1.779259999999999869e-02 1.782169999999999935e-02
9.113466526000000290e-01 1.780304099999999862e-02 3.750909999999999770e-04 1.000000000000000000e+00 1.780249999999999888e-02 1.783150000000000013e-02
9.116504347999999647e-01 1.779800999999999953e-02 3.750830000000000136e-04 1.000000000000000000e+00 1.780659999999999882e-02 1.783550000000000066e-02
9.119543182999999553e-01 1.778871900000000145e-02 3.750100000000000026e-04 1.000000000000000000e+00 1.780510000000000079e-02 1.783389999999999975e-02
9.122583029999999926e-01 1.777780400000000122e-02 3.748889999999999948e-04 1.000000000000000000e+00 1.779899999999999885e-02 1.782759999999999900e-02
9.125623890999999821e-01 1.776828500000000172e-02 3.747460000000000201e-04 1.000000000000000000e+00 1.779040000000000135e-02 1.781889999999999863e-02
9.128665766000000348e-01 1.776277399999999854e-02 3.746120000000000244e-04 1.000000000000000000e+00 1.778170000000000098e-02 1.781009999999999885e-02
9.131708654000000314e-01 1.776273399999999877e-02 3.745129999999999835e-04 1.000000000000000000e+00 1.777540000000000023e-02 1.780380000000000157e-02
9.134752556999999884e-01 1.776809299999999869e-02 3.744670000000000182e-04 1.000000000000000000e+00 1.777310000000000001e-02 1.780139999999999847e-02
9.137797475000000169e-01 1.777740800000000149e-02 3.744779999999999745e-04 1.000000000000000000e+00 1.777540000000000023e-02 1.780359999999999929e-02
9.140843406999999976e-01 1.778852200000000106e-02 3.745350000000000046e-04 1.000000000000000000e+00 1.778149999999999870e-02 1.780980000000000063e-02
9.143890354999999470e-01 1.779945000000000138e-02 3.746190000000000262e-04 1.000000000000000000e+00 1.779019999999999907e-02 1.781840000000000160e-02
9.146938318999999762e-01 1.780910000000000132e-02 3.747120000000000268e-04 1.000000000000000000e+00 1.779980000000000104e-02 1.782809999999999950e-02
9.149987297999999658e-01 1.781752099999999936e-02 3.747989999999999872e-04 1.000000000000000000e+00 1.780930000000000013e-02 1.783759999999999860e-02
9.153037294000000434e-01 1.782560799999999973e-02 3.748779999999999842e-04 1.000000000000000000e+00 1.781840000000000160e-02 1.784670000000000006e-02
9.156088305999999788e-01 1.783451000000000133e-02 3.749530000000000267e-04 1.000000000000000000e+00 1.782730000000000078e-02 1.785559999999999925e-02
9.159140336000000104e-01 1.784509700000000074e-02 3.750320000000000238e-04 1.000000000000000000e+00 1.783670000000000047e-02 1.786489999999999953e-02
9.162193382000000108e-01 1.785779300000000028e-02 3.751250000000000244e-04 1.000000000000000000e+00 1.784710000000000116e-02 1.787530000000000022e-02
9.165247447000000047e-01 1.787279500000000035e-02 3.752380000000000147e-04 1.000000000000000000e+00 1.785890000000000047e-02 1.788719999999999893e-02
9.168302528999999756e-01 1.789046399999999828e-02 3.753769999999999806e-04 1.000000000000000000e+00 1.787269999999999831e-02 1.790100000000000025e-02
9.171358630000000511e-01 1.791154099999999957e-02 3.755480000000000168e-04 1.000000000000000000e+00 1.788889999999999925e-02 1.791720000000000118e-02
9.174415750000000092e-01 1.793700700000000134e-02 3.757610000000000095e-04 1.000000000000000000e+00 1.790819999999999912e-02 1.793660000000000046e-02
9.177473887999999524e-01 1.796759900000000076e-02 3.760230000000000148e-04 1.000000000000000000e+00 1.793159999999999893e-02 1.796000000000000027e-02
9.180533046000000086e-01 1.800326799999999935e-02 3.763409999999999802e-04 1.000000000000000000e+00 1.795959999999999918e-02 1.798819999999999933e-02
9.183593223999999555e-01 1.804286700000000063e-02 3.767139999999999985e-04 1.000000000000000000e+00 1.799229999999999927e-02 1.802099999999999883e-02
9.186654422000000153e-01 1.808423799999999901e-02 3.771310000000000049e-04 1.000000000000000000e+00 1.802870000000000167e-02 1.805760000000000004e-02
9.189716639999999659e-01 1.812466999999999898e-02 3.775750000000000026e-04 1.000000000000000000e+00 1.806719999999999854e-02 1.809619999999999979e-02
9.192779879000000376e-01 1.816151100000000171e-02 3.780200000000000162e-04 1.000000000000000000e+00 1.810540000000000066e-02 1.813470000000000013e-02
9.195844139000000084e-01 1.819271700000000061e-02 3.784430000000000086e-04 1.000000000000000000e+00 1.814119999999999969e-02 1.817059999999999856e-02
9.198909419999999892e-01 1.821717999999999948e-02 3.788229999999999744e-04 1.000000000000000000e+00 1.817260000000000056e-02 1.820220000000000171e-02
9.201975722999999885e-01 1.823478200000000146e-02 3.791469999999999801e-04 1.000000000000000000e+00 1.819839999999999999e-02 1.822819999999999996e-02
9.205043049000000144e-01 1.824626600000000057e-02 3.794080000000000239e-04 1.000000000000000000e+00 1.821839999999999918e-02 1.824840000000000143e-02
9.208111396000000504e-01 1.825295099999999990e-02 3.796089999999999903e-04 1.000000000000000000e+00 1.823280000000000040e-02 1.826289999999999858e-02
9.211180767000000102e-01 1.825640699999999880e-02 3.797569999999999895e-04 1.000000000000000000e+00 1.824270000000000058e-02 1.827300000000000105e-02
9.214251159999999885e-01 1.825812300000000110e-02 3.798629999999999780e-04 1.000000000000000000e+00 1.824939999999999896e-02 1.827979999999999883e-02
9.217322577000000017e-01 1.825924500000000034e-02 3.799370000000000048e-04 1.000000000000000000e+00 1.825420000000000167e-02 1.828460000000000155e-02
9.220395018000000498e-01 1.826043399999999900e-02 3.799879999999999946e-04 1.000000000000000000e+00 1.825799999999999992e-02 1.828839999999999980e-02
9.223468483000000218e-01 1.826190499999999842e-02 3.800219999999999878e-04 1.000000000000000000e+00 1.826159999999999936e-02 1.829199999999999923e-02
9.226542973000000369e-01 1.826358800000000074e-02 3.800410000000000160e-04 1.000000000000000000e+00 1.826509999999999939e-02 1.829549999999999926e-02
9.229618486999999760e-01 1.826540100000000055e-02 3.800459999999999863e-04 1.000000000000000000e+00 1.826869999999999883e-02 1.829899999999999929e-02
9.232695026999999666e-01 1.826747000000000093e-02 3.800389999999999845e-04 1.000000000000000000e+00 1.827229999999999827e-02 1.830239999999999992e-02
9.235772592000000003e-01 1.827023700000000167e-02 3.800230000000000036e-04 1.000000000000000000e+00 1.827590000000000117e-02 1.830589999999999995e-02
9.238851181999999662e-01 1.827438199999999874e-02 3.800030000000000139e-04 1.000000000000000000e+00 1.828010000000000052e-02 1.830990000000000048e-02
9.241930798999999919e-01 1.828058499999999850e-02 3.799860000000000173e-04 1.000000000000000000e+00 1.828549999999999967e-02 1.831520000000000023e-02
9.245011442999999662e-01 1.828920900000000072e-02 3.799769999999999840e-04 1.000000000000000000e+00 1.829300000000000023e-02 1.832239999999999910e-02
9.248093114000000003e-01 1.829999200000000104e-02 3.799750000000000068e-04 1.000000000000000000e+00 1.830290000000000042e-02 1.833210000000000048e-02
9.251175810999999749e-01 1.831187000000000092e-02 3.799739999999999910e-04 1.000000000000000000e+00 1.831529999999999964e-02 1.834420000000000148e-02
9.254259536000000175e-01 1.832297100000000040e-02 3.799620000000000189e-04 1.000000000000000000e+00 1.832929999999999976e-02 1.835780000000000051e-02
9.257344290000000253e-01 1.833076399999999939e-02 3.799159999999999994e-04 1.000000000000000000e+00 1.834320000000000048e-02 1.837120000000000072e-02
9.260430070999999819e-01 1.833242599999999889e-02 3.798130000000000039e-04 1.000000000000000000e+00 1.835449999999999929e-02 1.838199999999999903e-02
9.263516881000000147e-01 1.832517900000000047e-02 3.796259999999999869e-04 1.000000000000000000e+00 1.836020000000000013e-02 1.838709999999999997e-02
9.266604720000000128e-01 1.830664499999999986e-02 3.793339999999999971e-04 1.000000000000000000e+00 1.835730000000000001e-02 1.838350000000000053e-02
9.269693587999999762e-01 1.827501100000000073e-02 3.789199999999999838e-04 1.000000000000000000e+00 1.834289999999999879e-02 1.836840000000000001e-02
9.272783486000000241e-01 1.822893800000000009e-02 3.783759999999999836e-04 1.000000000000000000e+00 1.831469999999999973e-02 1.833960000000000104e-02
9.275874414000000456e-01 1.816730999999999902e-02 3.776990000000000035e-04 1.000000000000000000e+00 1.827099999999999905e-02 1.829530000000000045e-02
9.278966372000000407e-01 1.808884300000000028e-02 3.768889999999999892e-04 1.000000000000000000e+00 1.821050000000000099e-02 1.823409999999999961e-02
9.282059361000000175e-01 1.799182499999999948e-02 3.759449999999999793e-04 1.000000000000000000e+00 1.813189999999999941e-02 1.815519999999999981e-02
9.285153380999999762e-01 1.787407400000000021e-02 3.748560000000000173e-04 1.000000000000000000e+00 1.803429999999999964e-02 1.805719999999999895e-02
9.288248432000000276e-01 1.773332700000000012e-02 3.736069999999999756e-04 1.000000000000000000e+00 1.791620000000000018e-02 1.793880000000000127e-02
9.291344514999999582e-01 1.756780599999999831e-02 3.721730000000000025e-04 1.000000000000000000e+00 1.777629999999999835e-02 1.779880000000000004e-02
9.294441629999999899e-01 1.737698299999999862e-02 3.705320000000000228e-04 1.000000000000000000e+00 1.761369999999999950e-02 1.763609999999999831e-02
9.297539777000000116e-01 1.716225399999999832e-02 3.686650000000000083e-04 1.000000000000000000e+00 1.742830000000000074e-02 1.745060000000000014e-02
9.300638957000000318e-01 1.692722600000000008e-02 3.665690000000000203e-04 1.000000000000000000e+00 1.722140000000000129e-02 1.724360000000000129e-02
9.303739170000000502e-01 1.667755500000000016e-02 3.642580000000000080e-04 1.000000000000000000e+00 1.699590000000000128e-02 1.701799999999999841e-02
9.306840415999999561e-01 1.642032499999999950e-02 3.617690000000000120e-04 1.000000000000000000e+00 1.675640000000000115e-02 1.677820000000000006e-02
9.309942695999999795e-01 1.616306699999999971e-02 3.591549999999999994e-04 1.000000000000000000e+00 1.650859999999999828e-02 1.653019999999999837e-02
9.313046010000000097e-01 1.591265700000000019e-02 3.564800000000000022e-04 1.000000000000000000e+00 1.625889999999999974e-02 1.628020000000000161e-02
9.316150359000000547e-01 1.567444200000000024e-02 3.538099999999999752e-04 1.000000000000000000e+00 1.601330000000000114e-02 1.603419999999999845e-02
9.319255743000000036e-01 1.545186500000000039e-02 3.512060000000000117e-04 1.000000000000000000e+00 1.577670000000000114e-02 1.579720000000000082e-02
9.322362160999999592e-01 1.524681699999999931e-02 3.487130000000000069e-04 1.000000000000000000e+00 1.555259999999999976e-02 1.557279999999999949e-02
9.325469615000000490e-01 1.506051199999999986e-02 3.463709999999999944e-04 1.000000000000000000e+00 1.534360000000000064e-02 1.536350000000000042e-02
9.328578105000000509e-01 1.489453500000000041e-02 3.442089999999999972e-04 1.000000000000000000e+00 1.515170000000000058e-02 1.517119999999999927e-02
9.331687630999999650e-01 1.475156000000000037e-02 3.422589999999999769e-04 1.000000000000000000e+00 1.497880000000000045e-02 1.499810000000000032e-02
9.334798194000000215e-01 1.463531300000000049e-02 3.405610000000000213e-04 1.000000000000000000e+00 1.482799999999999917e-02 1.484700000000000082e-02
9.337909792999999903e-01 1.454972900000000083e-02 3.391600000000000257e-04 1.000000000000000000e+00 1.470259999999999970e-02 1.472159999999999962e-02
9.341022429999999988e-01 1.449766000000000075e-02 3.380990000000000167e-04 1.000000000000000000e+00 1.460649999999999969e-02 1.462540000000000021e-02
9.344136104000000387e-01 1.447966600000000041e-02 3.374089999999999945e-04 1.000000000000000000e+00 1.454229999999999932e-02 1.456119999999999984e-02
9.347250816000000073e-01 1.449345299999999989e-02 3.370979999999999767e-04 1.000000000000000000e+00 1.451080000000000078e-02 1.452980000000000070e-02
9.350366566000000157e-01 1.453420700000000038e-02 3.371469999999999892e-04 1.000000000000000000e+00 1.451050000000000083e-02 1.452960000000000015e-02
9.353483354999999611e-01 1.459574699999999919e-02 3.375079999999999812e-04 1.000000000000000000e+00 1.453770000000000062e-02 1.455689999999999935e-02
9.356601182999999544e-01 1.467207300000000075e-02 3.381230000000000151e-04 1.000000000000000000e+00 1.458729999999999923e-02 1.460660000000000083e-02
9.359720049999999958e-01 1.475896900000000025e-02 3.389280000000000049e-04 1.000000000000000000e+00 1.465409999999999976e-02 1.467360000000000018e-02
9.362839955999999741e-01 1.485511200000000018e-02 3.398769999999999851e-04 1.000000000000000000e+00 1.473419999999999938e-02 1.475390000000000035e-02
9.365960903000000171e-01 1.496246099999999982e-02 3.409500000000000204e-04 1.000000000000000000e+00 1.482589999999999950e-02 1.484569999999999987e-02
9.369082890000000052e-01 1.508565100000000027e-02 3.421589999999999744e-04 1.000000000000000000e+00 1.493019999999999937e-02 1.495009999999999915e-02
9.372205917999999469e-01 1.523041299999999994e-02 3.435390000000000188e-04 1.000000000000000000e+00 1.505019999999999969e-02 1.507030000000000002e-02
9.375329985999999449e-01 1.540121300000000040e-02 3.451379999999999878e-04 1.000000000000000000e+00 1.519019999999999919e-02 1.521050000000000006e-02
9.378455096000000157e-01 1.559882100000000056e-02 3.469929999999999759e-04 1.000000000000000000e+00 1.535350000000000083e-02 1.537419999999999932e-02
9.381581248000000484e-01 1.581852400000000047e-02 3.491090000000000079e-04 1.000000000000000000e+00 1.554080000000000045e-02 1.556180000000000063e-02
9.384708442000000428e-01 1.604971800000000101e-02 3.514410000000000255e-04 1.000000000000000000e+00 1.574829999999999980e-02 1.576960000000000167e-02
9.387836677999999990e-01 1.627712400000000045e-02 3.538899999999999880e-04 1.000000000000000000e+00 1.596739999999999965e-02 1.598899999999999974e-02
9.390965957000000364e-01 1.648343400000000167e-02 3.563139999999999905e-04 1.000000000000000000e+00 1.618529999999999969e-02 1.620730000000000087e-02
9.394096279000000438e-01 1.665256400000000164e-02 3.585509999999999761e-04 1.000000000000000000e+00 1.638730000000000048e-02 1.640959999999999988e-02
9.397227644000000213e-01 1.677250500000000005e-02 3.604479999999999750e-04 1.000000000000000000e+00 1.655890000000000140e-02 1.658159999999999842e-02
9.400360052999999771e-01 1.683695699999999962e-02 3.618830000000000180e-04 1.000000000000000000e+00 1.668849999999999847e-02 1.671150000000000066e-02
9.403493507000000307e-01 1.684556499999999984e-02 3.627829999999999857e-04 1.000000000000000000e+00 1.676899999999999918e-02 1.679210000000000078e-02
9.406628004999999515e-01 1.680286699999999911e-02 3.631279999999999968e-04 1.000000000000000000e+00 1.679790000000000103e-02 1.682109999999999855e-02
9.409763546999999617e-01 1.671677300000000074e-02 3.629419999999999955e-04 1.000000000000000000e+00 1.677740000000000134e-02 1.680069999999999827e-02
9.412900134999999668e-01 1.659712799999999919e-02 3.622879999999999981e-04 1.000000000000000000e+00 1.671320000000000097e-02 1.673639999999999850e-02
9.416037768999999669e-01 1.645471399999999876e-02 3.612520000000000032e-04 1.000000000000000000e+00 1.661340000000000039e-02 1.663660000000000139e-02
9.419176447999999535e-01 1.630070800000000056e-02 3.599359999999999908e-04 1.000000000000000000e+00 1.648780000000000037e-02 1.651089999999999849e-02
9.422316173000000461e-01 1.614633500000000124e-02 3.584519999999999894e-04 1.000000000000000000e+00 1.634669999999999873e-02 1.636970000000000092e-02
9.425456945000000308e-01 1.600240299999999838e-02 3.569140000000000051e-04 1.000000000000000000e+00 1.620119999999999894e-02 1.622410000000000171e-02
9.428598764000000187e-01 1.587850400000000162e-02 3.554359999999999898e-04 1.000000000000000000e+00 1.606159999999999879e-02 1.608439999999999870e-02
9.431741631000000181e-01 1.578206500000000137e-02 3.541220000000000088e-04 1.000000000000000000e+00 1.593759999999999968e-02 1.596039999999999959e-02
9.434885544000000124e-01 1.571745299999999929e-02 3.530569999999999911e-04 1.000000000000000000e+00 1.583669999999999869e-02 1.585939999999999919e-02
9.438030506000000264e-01 1.568544900000000061e-02 3.522970000000000051e-04 1.000000000000000000e+00 1.576369999999999855e-02 1.578649999999999845e-02
9.441176516000000518e-01 1.568334399999999837e-02 3.518619999999999864e-04 1.000000000000000000e+00 1.572060000000000124e-02 1.574340000000000114e-02
9.444323574999999860e-01 1.570578599999999936e-02 3.517390000000000013e-04 1.000000000000000000e+00 1.570579999999999893e-02 1.572870000000000171e-02
9.447471683000000509e-01 1.574608400000000047e-02 3.518870000000000006e-04 1.000000000000000000e+00 1.571559999999999971e-02 1.573859999999999842e-02
9.450620840000000245e-01 1.579768700000000123e-02 3.522460000000000153e-04 1.000000000000000000e+00 1.574460000000000096e-02 1.576769999999999908e-02
9.453771047000000260e-01 1.585523900000000014e-02 3.527529999999999750e-04 1.000000000000000000e+00 1.578720000000000123e-02 1.581039999999999876e-02
9.456922303999999446e-01 1.591490099999999866e-02 3.533519999999999738e-04 1.000000000000000000e+00 1.583829999999999960e-02 1.586169999999999941e-02
9.460074612000000105e-01 1.597399799999999967e-02 3.539969999999999922e-04 1.000000000000000000e+00 1.589379999999999959e-02 1.591750000000000109e-02
9.463227969999999933e-01 1.603027200000000166e-02 3.546530000000000212e-04 1.000000000000000000e+00 1.595070000000000168e-02 1.597449999999999912e-02
9.466382379000000125e-01 1.608129499999999892e-02 3.552879999999999905e-04 1.000000000000000000e+00 1.600609999999999880e-02 1.602999999999999911e-02
9.469537839999999651e-01 1.612437099999999846e-02 3.558750000000000173e-04 1.000000000000000000e+00 1.605720000000000064e-02 1.608129999999999976e-02
9.472694352999999623e-01 1.615697300000000156e-02 3.563829999999999928e-04 1.000000000000000000e+00 1.610150000000000123e-02 1.612569999999999976e-02
9.475851916999999958e-01 1.617748399999999892e-02 3.567889999999999885e-04 1.000000000000000000e+00 1.613650000000000154e-02 1.616079999999999947e-02
9.479010534999999793e-01 1.618594400000000072e-02 3.570739999999999765e-04 1.000000000000000000e+00 1.616070000000000007e-02 1.618510000000000087e-02
9.482170205000000074e-01 1.618450000000000097e-02 3.572399999999999881e-04 1.000000000000000000e+00 1.617390000000000147e-02 1.619829999999999881e-02
9.485330927999999773e-01 1.617742200000000033e-02 3.573030000000000043e-04 1.000000000000000000e+00 1.617779999999999913e-02 1.620219999999999994e-02
9.488492705000000083e-01 1.617048100000000044e-02 3.573030000000000043e-04 1.000000000000000000e+00 1.617570000000000119e-02 1.620020000000000140e-02
9.491655535999999893e-01 1.616973500000000105e-02 3.572919999999999937e-04 1.000000000000000000e+00 1.617259999999999878e-02 1.619709999999999900e-02
9.494819421000000315e-01 1.617988500000000149e-02 3.573270000000000027e-04 1.000000000000000000e+00 1.617340000000000097e-02 1.619800000000000059e-02
9.497984361000000320e-01 1.620272899999999905e-02 3.574550000000000123e-04 1.000000000000000000e+00 1.618239999999999956e-02 1.620699999999999918e-02
9.501150355999999908e-01 1.623641699999999952e-02 3.576960000000000122e-04 1.000000000000000000e+00 1.620140000000000122e-02 1.622610000000000025e-02
9.504317406000000190e-01 1.627606900000000065e-02 3.580410000000000233e-04 1.000000000000000000e+00 1.622960000000000028e-02 1.625450000000000159e-02
9.507485512000000138e-01 1.631573399999999840e-02 3.584540000000000209e-04 1.000000000000000000e+00 1.626369999999999899e-02 1.628860000000000030e-02
9.510654673999999753e-01 1.635080400000000003e-02 3.588870000000000081e-04 1.000000000000000000e+00 1.629919999999999980e-02 1.632429999999999992e-02
9.513824892000000144e-01 1.637984300000000157e-02 3.592989999999999899e-04 1.000000000000000000e+00 1.633249999999999980e-02 1.635779999999999873e-02
9.516996167000000284e-01 1.640481200000000125e-02 3.596739999999999855e-04 1.000000000000000000e+00 1.636210000000000095e-02 1.638759999999999870e-02
9.520168499000000173e-01 1.642965500000000134e-02 3.600219999999999896e-04 1.000000000000000000e+00 1.638900000000000079e-02 1.641460000000000141e-02
9.523341888999999894e-01 1.645802600000000060e-02 3.603670000000000007e-04 1.000000000000000000e+00 1.641569999999999835e-02 1.644150000000000125e-02
9.526516336000000473e-01 1.649131399999999997e-02 3.607349999999999945e-04 1.000000000000000000e+00 1.644479999999999900e-02 1.647080000000000072e-02
9.529691840999999775e-01 1.652803599999999942e-02 3.611379999999999972e-04 1.000000000000000000e+00 1.647739999999999969e-02 1.650360000000000021e-02
9.532868405000000100e-01 1.656471299999999827e-02 3.615620000000000053e-04 1.000000000000000000e+00 1.651280000000000109e-02 1.653910000000000102e-02
9.536046028000000341e-01 1.659763300000000052e-02 3.619799999999999732e-04 1.000000000000000000e+00 1.654860000000000012e-02 1.657499999999999946e-02
9.539224710000000496e-01 1.662460400000000116e-02 3.623610000000000090e-04 1.000000000000000000e+00 1.658209999999999892e-02 1.660860000000000114e-02
9.542404451999999537e-01 1.664587600000000042e-02 3.626850000000000148e-04 1.000000000000000000e+00 1.661129999999999898e-02 1.663790000000000061e-02
9.545585252999999604e-01 1.666402399999999950e-02 3.629509999999999746e-04 1.000000000000000000e+00 1.663600000000000148e-02 1.666259999999999963e-02
9.548767114999999750e-01 1.668300600000000022e-02 3.631780000000000251e-04 1.000000000000000000e+00 1.665799999999999920e-02 1.668460000000000082e-02
9.551950036999999893e-01 1.670686399999999835e-02 3.634010000000000126e-04 1.000000000000000000e+00 1.667990000000000098e-02 1.670639999999999972e-02
9.555134021000000200e-01 1.673849300000000012e-02 3.636550000000000004e-04 1.000000000000000000e+00 1.670500000000000110e-02 1.673149999999999984e-02
9.558319065000000503e-01 1.677875100000000147e-02 3.639730000000000200e-04 1.000000000000000000e+00 1.673569999999999919e-02 1.676220000000000140e-02
9.561505171999999941e-01 1.682609499999999925e-02 3.643659999999999738e-04 1.000000000000000000e+00 1.677309999999999912e-02 1.679960000000000134e-02
9.564692339999999460e-01 1.687682399999999860e-02 3.648279999999999839e-04 1.000000000000000000e+00 1.681639999999999871e-02 1.684290000000000093e-02
9.567880571000000334e-01 1.692599499999999924e-02 3.653290000000000118e-04 1.000000000000000000e+00 1.686290000000000011e-02 1.688950000000000173e-02
9.571069864000000260e-01 1.696884300000000081e-02 3.658290000000000240e-04 1.000000000000000000e+00 1.690880000000000161e-02 1.693539999999999976e-02
9.574260221000000515e-01 1.700236200000000003e-02 3.662860000000000096e-04 1.000000000000000000e+00 1.695030000000000148e-02 1.697699999999999904e-02
9.577451640999999904e-01 1.702645900000000073e-02 3.666710000000000000e-04 1.000000000000000000e+00 1.698490000000000069e-02 1.701160000000000172e-02
9.580644124999999622e-01 1.704421999999999882e-02 3.669780000000000091e-04 1.000000000000000000e+00 1.701199999999999934e-02 1.703879999999999978e-02
9.583837672999999668e-01 1.706103800000000059e-02 3.672279999999999880e-04 1.000000000000000000e+00 1.703380000000000172e-02 1.706070000000000156e-02
9.587032285000000043e-01 1.708291500000000060e-02 3.674619999999999861e-04 1.000000000000000000e+00 1.705430000000000140e-02 1.708120000000000124e-02
9.590227962999999800e-01 1.711447199999999863e-02 3.677320000000000090e-04 1.000000000000000000e+00 1.707809999999999884e-02 1.710499999999999868e-02
9.593424705999999968e-01 1.715746400000000074e-02 3.680779999999999816e-04 1.000000000000000000e+00 1.710899999999999921e-02 1.713599999999999846e-02
9.596622514000000548e-01 1.721028800000000067e-02 3.685200000000000021e-04 1.000000000000000000e+00 1.714890000000000164e-02 1.717600000000000030e-02
9.599821388000000510e-01 1.726862700000000167e-02 3.690519999999999760e-04 1.000000000000000000e+00 1.719690000000000107e-02 1.722409999999999913e-02
9.603021327999999857e-01 1.732692400000000049e-02 3.696439999999999730e-04 1.000000000000000000e+00 1.725000000000000144e-02 1.727739999999999831e-02
9.606222334999999779e-01 1.738009000000000082e-02 3.702520000000000052e-04 1.000000000000000000e+00 1.730399999999999994e-02 1.733149999999999968e-02
9.609424410000000361e-01 1.742487399999999992e-02 3.708329999999999916e-04 1.000000000000000000e+00 1.735480000000000009e-02 1.738249999999999865e-02
9.612627551000000325e-01 1.746045200000000130e-02 3.713559999999999865e-04 1.000000000000000000e+00 1.739939999999999889e-02 1.742729999999999974e-02
9.615831759999999839e-01 1.748817100000000027e-02 3.718069999999999860e-04 1.000000000000000000e+00 1.743679999999999883e-02 1.746489999999999848e-02
9.619037038000000095e-01 1.751067300000000090e-02 3.721899999999999991e-04 1.000000000000000000e+00 1.746750000000000039e-02 1.749569999999999945e-02
9.622243382999999817e-01 1.753086599999999912e-02 3.725199999999999909e-04 1.000000000000000000e+00 1.749329999999999982e-02 1.752180000000000057e-02
9.625450798000000363e-01 1.755111700000000149e-02 3.728180000000000209e-04 1.000000000000000000e+00 1.751650000000000082e-02 1.754510000000000097e-02
9.628659281000000458e-01 1.757294100000000164e-02 3.731019999999999931e-04 1.000000000000000000e+00 1.753909999999999844e-02 1.756780000000000147e-02
9.631868834000000268e-01 1.759712399999999871e-02 3.733860000000000195e-04 1.000000000000000000e+00 1.756250000000000172e-02 1.759130000000000069e-02
9.635079456999999792e-01 1.762405400000000011e-02 3.736799999999999866e-04 1.000000000000000000e+00 1.758749999999999897e-02 1.761640000000000081e-02
9.638291150000000140e-01 1.765399900000000008e-02 3.739899999999999887e-04 1.000000000000000000e+00 1.761479999999999990e-02 1.764380000000000115e-02
9.641503914000000286e-01 1.768718999999999847e-02 3.743229999999999735e-04 1.000000000000000000e+00 1.764459999999999987e-02 1.767360000000000111e-02
9.644717749000000229e-01 1.772377600000000011e-02 3.746830000000000039e-04 1.000000000000000000e+00 1.767720000000000055e-02 1.770630000000000120e-02
9.647932654999999968e-01 1.776379499999999889e-02 3.750739999999999803e-04 1.000000000000000000e+00 1.771280000000000077e-02 1.774200000000000083e-02
9.651148631999999505e-01 1.780725699999999995e-02 3.754970000000000269e-04 1.000000000000000000e+00 1.775180000000000161e-02 1.778100000000000167e-02
9.654365682000000115e-01 1.785429499999999919e-02 3.759549999999999741e-04 1.000000000000000000e+00 1.779400000000000079e-02 1.782330000000000025e-02
9.657583803999999494e-01 1.790523999999999935e-02 3.764490000000000002e-04 1.000000000000000000e+00 1.783979999999999941e-02 1.786919999999999828e-02
9.660802997999999864e-01 1.796048500000000173e-02 3.769809999999999741e-04 1.000000000000000000e+00 1.788949999999999915e-02 1.791879999999999862e-02
9.664023266000000278e-01 1.802014399999999836e-02 3.775569999999999903e-04 1.000000000000000000e+00 1.794310000000000002e-02 1.797259999999999830e-02
9.667244606999999545e-01 1.808366399999999929e-02 3.781750000000000172e-04 1.000000000000000000e+00 1.800080000000000083e-02 1.803039999999999851e-02
9.670467021999999968e-01 1.814959500000000100e-02 3.788320000000000077e-04 1.000000000000000000e+00 1.806210000000000107e-02 1.809169999999999875e-02
9.673690511000000436e-01 1.821565299999999832e-02 3.795149999999999739e-04 1.000000000000000000e+00 1.812559999999999866e-02 1.815539999999999862e-02
9.676915073999999839e-01 1.827909900000000004e-02 3.802049999999999961e-04 1.000000000000000000e+00 1.818969999999999962e-02 1.821959999999999899e-02
9.680140712999999453e-01 1.833722800000000056e-02 3.808780000000000217e-04 1.000000000000000000e+00 1.825190000000000146e-02 1.828199999999999964e-02
9.683367426000000222e-01 1.838785799999999998e-02 3.815070000000000050e-04 1.000000000000000000e+00 1.830990000000000048e-02 1.834020000000000095e-02
9.686595216000000175e-01 1.842960700000000063e-02 3.820720000000000106e-04 1.000000000000000000e+00 1.836170000000000163e-02 1.839210000000000150e-02
9.689824081000000255e-01 1.846196900000000168e-02 3.825570000000000034e-04 1.000000000000000000e+00 1.840579999999999994e-02 1.843639999999999862e-02
9.693054022000000547e-01 1.848516299999999890e-02 3.829510000000000271e-04 1.000000000000000000e+00 1.844159999999999897e-02 1.847220000000000112e-02
9.696285040000000022e-01 1.849987300000000001e-02 3.832539999999999732e-04 1.000000000000000000e+00 1.846880000000000049e-02 1.849949999999999858e-02
9.699517134999999790e-01 1.850696500000000022e-02 3.834679999999999816e-04 1.000000000000000000e+00 1.848779999999999868e-02 1.851859999999999964e-02
9.702750306999999852e-01 1.850723900000000172e-02 3.835970000000000070e-04 1.000000000000000000e+00 1.849929999999999977e-02 1.853010000000000074e-02
9.705984557000000290e-01 1.850130300000000019e-02 3.836479999999999968e-04 1.000000000000000000e+00 1.850380000000000080e-02 1.853449999999999889e-02
9.709219886000000077e-01 1.848956100000000158e-02 3.836259999999999757e-04 1.000000000000000000e+00 1.850159999999999999e-02 1.853230000000000155e-02
9.712456292000000158e-01 1.847229900000000105e-02 3.835360000000000223e-04 1.000000000000000000e+00 1.849330000000000071e-02 1.852379999999999999e-02
9.715693777999999670e-01 1.844983999999999860e-02 3.833849999999999758e-04 1.000000000000000000e+00 1.847889999999999949e-02 1.850939999999999877e-02
9.718932341999999558e-01 1.842272500000000091e-02 3.831780000000000234e-04 1.000000000000000000e+00 1.845880000000000090e-02 1.848920000000000077e-02
9.722171985999999988e-01 1.839185399999999915e-02 3.829249999999999972e-04 1.000000000000000000e+00 1.843360000000000137e-02 1.846389999999999837e-02
9.725412709999999850e-01 1.835857800000000040e-02 3.826360000000000004e-04 1.000000000000000000e+00 1.840419999999999903e-02 1.843440000000000009e-02
9.728654515000000336e-01 1.832467999999999944e-02 3.823270000000000141e-04 1.000000000000000000e+00 1.837190000000000004e-02 1.840210000000000110e-02
9.731897399000000171e-01 1.829225099999999896e-02 3.820159999999999962e-04 1.000000000000000000e+00 1.833850000000000063e-02 1.836880000000000110e-02
9.735141364999999603e-01 1.826347000000000040e-02 3.817199999999999977e-04 1.000000000000000000e+00 1.830609999999999876e-02 1.833639999999999923e-02
9.738386411999999659e-01 1.824034199999999967e-02 3.814600000000000239e-04 1.000000000000000000e+00 1.827679999999999930e-02 1.830709999999999976e-02
9.741632541000000423e-01 1.822449300000000133e-02 3.812530000000000172e-04 1.000000000000000000e+00 1.825250000000000136e-02 1.828279999999999836e-02
9.744879751999999673e-01 1.821703800000000137e-02 3.811150000000000128e-04 1.000000000000000000e+00 1.823479999999999893e-02 1.826519999999999880e-02
9.748128044999999631e-01 1.821852200000000088e-02 3.810570000000000211e-04 1.000000000000000000e+00 1.822489999999999874e-02 1.825540000000000149e-02
9.751377421000000378e-01 1.822888400000000075e-02 3.810829999999999968e-04 1.000000000000000000e+00 1.822340000000000071e-02 1.825399999999999939e-02
9.754627879999999696e-01 1.824738899999999928e-02 3.811959999999999871e-04 1.000000000000000000e+00 1.823030000000000136e-02 1.826099999999999945e-02
9.757879422999999885e-01 1.827254999999999852e-02 3.813900000000000059e-04 1.000000000000000000e+00 1.824510000000000021e-02 1.827590000000000117e-02
9.761132049999999838e-01 1.830213400000000115e-02 3.816520000000000112e-04 1.000000000000000000e+00 1.826650000000000149e-02 1.829739999999999839e-02
9.764385759999999470e-01 1.833335900000000046e-02 3.819629999999999749e-04 1.000000000000000000e+00 1.829269999999999854e-02 1.832369999999999832e-02
9.767640555000000058e-01 1.836331999999999895e-02 3.822990000000000069e-04 1.000000000000000000e+00 1.832119999999999929e-02 1.835229999999999848e-02
9.770896435999999463e-01 1.838956200000000166e-02 3.826319999999999917e-04 1.000000000000000000e+00 1.834950000000000123e-02 1.838079999999999922e-02
9.774153400999999741e-01 1.841063999999999895e-02 3.829400000000000165e-04 1.000000000000000000e+00 1.837540000000000007e-02 1.840680000000000094e-02
9.777411451999999947e-01 1.842644200000000121e-02 3.832069999999999921e-04 1.000000000000000000e+00 1.839740000000000125e-02 1.842890000000000153e-02
9.780670589000000081e-01 1.843817999999999846e-02 3.834280000000000023e-04 1.000000000000000000e+00 1.841510000000000022e-02 1.844669999999999990e-02
9.783930813000000226e-01 1.844803100000000015e-02 3.836110000000000106e-04 1.000000000000000000e+00 1.842929999999999915e-02 1.846100000000000171e-02
9.787192123000000299e-01 1.845856400000000022e-02 3.837709999999999819e-04 1.000000000000000000e+00 1.844149999999999956e-02 1.847330000000000153e-02
9.790454521000000465e-01 1.847209699999999982e-02 3.839289999999999760e-04 1.000000000000000000e+00 1.845379999999999937e-02 1.848560000000000134e-02
9.793718004999999449e-01 1.849015299999999876e-02 3.841059999999999982e-04 1.000000000000000000e+00 1.846810000000000118e-02 1.849999999999999908e-02
9.796982577999999720e-01 1.851314500000000168e-02 3.843159999999999979e-04 1.000000000000000000e+00 1.848580000000000015e-02 1.851780000000000093e-02
9.800248239000000083e-01 1.854031500000000166e-02 3.845659999999999769e-04 1.000000000000000000e+00 1.850749999999999965e-02 1.853959999999999983e-02
9.803514988000000541e-01 1.856997000000000161e-02 3.848519999999999806e-04 1.000000000000000000e+00 1.853279999999999858e-02 1.856489999999999876e-02
9.806782827000000147e-01 1.859993500000000147e-02 3.851629999999999984e-04 1.000000000000000000e+00 1.856040000000000120e-02 1.859260000000000079e-02
9.810051753999999846e-01 1.862809500000000076e-02 3.854819999999999796e-04 1.000000000000000000e+00 1.858860000000000026e-02 1.862099999999999866e-02
9.813321771999999887e-01 1.865288999999999836e-02 3.857919999999999817e-04 1.000000000000000000e+00 1.861579999999999832e-02 1.864820000000000019e-02
9.816592879000000105e-01 1.867359199999999927e-02 3.860800000000000169e-04 1.000000000000000000e+00 1.864040000000000141e-02 1.867299999999999863e-02
9.819865075999999471e-01 1.869032199999999880e-02 3.863359999999999819e-04 1.000000000000000000e+00 1.866160000000000041e-02 1.869430000000000050e-02
9.823138365000000372e-01 1.870380899999999832e-02 3.865610000000000010e-04 1.000000000000000000e+00 1.867939999999999878e-02 1.871219999999999828e-02
9.826412744000000421e-01 1.871503700000000034e-02 3.867569999999999971e-04 1.000000000000000000e+00 1.869410000000000169e-02 1.872700000000000059e-02
9.829688214999999785e-01 1.872490799999999844e-02 3.869319999999999878e-04 1.000000000000000000e+00 1.870629999999999862e-02 1.873939999999999981e-02
9.832964777999999573e-01 1.873404700000000020e-02 3.870929999999999749e-04 1.000000000000000000e+00 1.871679999999999872e-02 1.875009999999999871e-02
9.836242432999999785e-01 1.874276700000000045e-02 3.872470000000000144e-04 1.000000000000000000e+00 1.872630000000000128e-02 1.875970000000000068e-02
9.839521180000000422e-01 1.875115100000000062e-02 3.873980000000000067e-04 1.000000000000000000e+00 1.873489999999999878e-02 1.876850000000000046e-02
9.842801021000000539e-01 1.875917100000000157e-02 3.875479999999999832e-04 1.000000000000000000e+00 1.874309999999999865e-02 1.877689999999999915e-02
9.846081953999999969e-01 1.876676199999999933e-02 3.876969999999999982e-04 1.000000000000000000e+00 1.875080000000000149e-02 1.878480000000000080e-02
9.849363982000000073e-01 1.877383999999999997e-02 3.878439999999999817e-04 1.000000000000000000e+00 1.875809999999999977e-02 1.879240000000000077e-02
9.852647102999999573e-01 1.878028799999999915e-02 3.879889999999999880e-04 1.000000000000000000e+00 1.876500000000000043e-02 1.879950000000000024e-02
9.855931318999999746e-01 1.878595599999999949e-02 3.881299999999999854e-04 1.000000000000000000e+00 1.877149999999999999e-02 1.880619999999999861e-02
9.859216629000000509e-01 1.879068600000000089e-02 3.882639999999999811e-04 1.000000000000000000e+00 1.877730000000000024e-02 1.881220000000000114e-02
9.862503034999999807e-01 1.879436400000000090e-02 3.883900000000000134e-04 1.000000000000000000e+00 1.878229999999999830e-02 1.881740000000000149e-02
9.865790535999999777e-01 1.879696599999999829e-02 3.885049999999999810e-04 1.000000000000000000e+00 1.878640000000000171e-02 1.882170000000000024e-02
9.869079133000000503e-01 1.879856400000000025e-02 3.886100000000000079e-04 1.000000000000000000e+00 1.878950000000000065e-02 1.882510000000000086e-02
9.872368825999999764e-01 1.879929099999999922e-02 3.887040000000000243e-04 1.000000000000000000e+00 1.879159999999999858e-02 1.882740000000000108e-02
9.875659614999999780e-01 1.879930200000000037e-02 3.887890000000000074e-04 1.000000000000000000e+00 1.879279999999999839e-02 1.882879999999999970e-02
9.878951501999999607e-01 1.879872499999999877e-02 3.888659999999999730e-04 1.000000000000000000e+00 1.879319999999999949e-02 1.882949999999999902e-02
9.882244486000000272e-01 1.879766500000000159e-02 3.889359999999999909e-04 1.000000000000000000e+00 1.879310000000000008e-02 1.882949999999999902e-02
9.885538566999999555e-01 1.879621799999999995e-02 3.890000000000000228e-04 1.000000000000000000e+00 1.879240000000000077e-02 1.882910000000000139e-02
9.888833746999999841e-01 1.879450300000000060e-02 3.890589999999999760e-04 1.000000000000000000e+00 1.879139999999999977e-02 1.882829999999999920e-02
9.892130024999999938e-01 1.879267199999999985e-02 3.891130000000000131e-04 1.000000000000000000e+00 1.879019999999999996e-02 1.882719999999999880e-02
9.895427400999999845e-01 1.879088900000000159e-02 3.891629999999999872e-04 1.000000000000000000e+00 1.878890000000000074e-02 1.882609999999999839e-02
9.898725876999999729e-01 1.878930399999999973e-02 3.892100000000000225e-04 1.000000000000000000e+00 1.878760000000000152e-02 1.882500000000000145e-02
9.902025451999999506e-01 1.878801999999999903e-02 3.892559999999999879e-04 1.000000000000000000e+00 1.878640000000000171e-02 1.882400000000000045e-02
9.905326127000000369e-01 1.878708999999999935e-02 3.893009999999999917e-04 1.000000000000000000e+00 1.878559999999999952e-02 1.882330000000000114e-02
9.908627903000000181e-01 1.878653799999999846e-02 3.893459999999999955e-04 1.000000000000000000e+00 1.878499999999999961e-02 1.882290000000000005e-02
9.911930778999999969e-01 1.878639299999999845e-02 3.893909999999999993e-04 1.000000000000000000e+00 1.878480000000000080e-02 1.882280000000000064e-02
9.915234755999999816e-01 1.878670899999999866e-02 3.894360000000000031e-04 1.000000000000000000e+00 1.878509999999999902e-02 1.882319999999999827e-02
9.918539833999999722e-01 1.878755799999999934e-02 3.894820000000000226e-04 1.000000000000000000e+00 1.878579999999999833e-02 1.882400000000000045e-02
9.921846013999999769e-01 1.878898400000000163e-02 3.895279999999999880e-04 1.000000000000000000e+00 1.878710000000000102e-02 1.882529999999999967e-02
9.925153295999999958e-01 1.879096200000000133e-02 3.895759999999999848e-04 1.000000000000000000e+00 1.878890000000000074e-02 1.882709999999999939e-02
9.928461680000000289e-01 1.879335299999999875e-02 3.896260000000000131e-04 1.000000000000000000e+00 1.879099999999999868e-02 1.882930000000000020e-02
9.931771167999999816e-01 1.879591699999999879e-02 3.896780000000000187e-04 1.000000000000000000e+00 1.879329999999999889e-02 1.883169999999999983e-02
9.935081757999999486e-01 1.879835800000000112e-02 3.897309999999999859e-04 1.000000000000000000e+00 1.879549999999999971e-02 1.883400000000000005e-02
9.938393451999999462e-01 1.880039199999999910e-02 3.897859999999999845e-04 1.000000000000000000e+00 1.879750000000000171e-02 1.883599999999999858e-02
9.941706249999999745e-01 1.880180899999999919e-02 3.898400000000000216e-04 1.000000000000000000e+00 1.879899999999999974e-02 1.883759999999999948e-02
9.945020152000000335e-01 1.880250899999999850e-02 3.898940000000000045e-04 1.000000000000000000e+00 1.879990000000000133e-02 1.883860000000000048e-02
9.948335159000000205e-01 1.880248600000000020e-02 3.899460000000000101e-04 1.000000000000000000e+00 1.880019999999999955e-02 1.883900000000000158e-02
9.951651270000000382e-01 1.880180000000000046e-02 3.899950000000000226e-04 1.000000000000000000e+00 1.879990000000000133e-02 1.883879999999999930e-02
9.954968486999999921e-01 1.880053400000000069e-02 3.900430000000000195e-04 1.000000000000000000e+00 1.879899999999999974e-02 1.883809999999999998e-02
9.958286809999999933e-01 1.879876899999999990e-02 3.900870000000000075e-04 1.000000000000000000e+00 1.879760000000000111e-02 1.883680000000000077e-02
9.961606239000000418e-01 1.879658400000000160e-02 3.901290000000000183e-04 1.000000000000000000e+00 1.879569999999999852e-02 1.883510000000000045e-02
9.964926775000000347e-01 1.879406800000000058e-02 3.901689999999999976e-04 1.000000000000000000e+00 1.879350000000000118e-02 1.883299999999999905e-02
9.968248416999999639e-01 1.879133499999999929e-02 3.902080000000000153e-04 1.000000000000000000e+00 1.879099999999999868e-02 1.883069999999999883e-02
9.971571165999999486e-01 1.878852699999999931e-02 3.902450000000000016e-04 1.000000000000000000e+00 1.878830000000000083e-02 1.882829999999999920e-02
9.974895022999999972e-01 1.878579500000000096e-02 3.902800000000000106e-04 1.000000000000000000e+00 1.878579999999999833e-02 1.882589999999999958e-02
9.978219987999999985e-01 1.878326500000000038e-02 3.903150000000000196e-04 1.000000000000000000e+00 1.878339999999999871e-02 1.882369999999999877e-02
9.981546061999999608e-01 1.878100599999999940e-02 3.903479999999999971e-04 1.000000000000000000e+00 1.878130000000000077e-02 1.882170000000000024e-02
9.984873243999999870e-01 1.877900199999999950e-02 3.903809999999999746e-04 1.000000000000000000e+00 1.877940000000000165e-02 1.881999999999999992e-02
9.988201534999999742e-01 1.877716000000000107e-02 3.904119999999999748e-04 1.000000000000000000e+00 1.877770000000000133e-02 1.881849999999999842e-02
9.991530935000000335e-01 1.877533899999999853e-02 3.904429999999999750e-04 1.000000000000000000e+00 1.877610000000000043e-02 1.881690000000000099e-02
9.994861445999999594e-01 1.877340099999999859e-02 3.904719999999999979e-04 1.000000000000000000e+00 1.877440000000000012e-02 1.881530000000000008e-02
9.998193065999999574e-01 1.877126999999999962e-02 3.904989999999999893e-04 1.000000000000000000e+00 1.877250000000000099e-02 1.881359999999999977e-02
1.000152579999999958e+00 1.876897500000000024e-02 3.905240000000000035e-04 1.000000000000000000e+00 1.877039999999999959e-02 1.881160000000000124e-02
1.000485963999999894e+00 1.876666000000000098e-02 3.905480000000000019e-04 1.000000000000000000e+00 1.876819999999999877e-02 1.880959999999999924e-02
1.000819458999999911e+00 1.876455499999999874e-02 3.905720000000000003e-04 1.000000000000000000e+00 1.876610000000000084e-02 1.880750000000000130e-02
1.001153066000000091e+00 1.876291399999999859e-02 3.905959999999999988e-04 1.000000000000000000e+00 1.876430000000000112e-02 1.880580000000000099e-02
1.001486783000000047e+00 1.876192299999999979e-02 3.906229999999999902e-04 1.000000000000000000e+00 1.876279999999999962e-02 1.880449999999999830e-02
1.001820611999999944e+00 1.876163700000000115e-02 3.906539999999999904e-04 1.000000000000000000e+00 1.876190000000000149e-02 1.880369999999999958e-02
1.002154553000000003e+00 1.876193799999999884e-02 3.906889999999999994e-04 1.000000000000000000e+00 1.876159999999999980e-02 1.880340000000000136e-02
1.002488604000000061e+00 1.876256199999999999e-02 3.907289999999999787e-04 1.000000000000000000e+00 1.876150000000000040e-02 1.880340000000000136e-02
1.002822767000000059e+00 1.876316999999999915e-02 3.907739999999999825e-04 1.000000000000000000e+00 1.876159999999999980e-02 1.880360000000000018e-02
1.003157040999999916e+00 1.876345000000000096e-02 3.908219999999999793e-04 1.000000000000000000e+00 1.876150000000000040e-02 1.880369999999999958e-02
1.003491426999999936e+00 1.876320299999999913e-02 3.908720000000000076e-04 1.000000000000000000e+00 1.876119999999999871e-02 1.880350000000000077e-02
1.003825924000000036e+00 1.876239799999999958e-02 3.909219999999999817e-04 1.000000000000000000e+00 1.876039999999999999e-02 1.880280000000000146e-02
1.004160533000000077e+00 1.876114799999999833e-02 3.909709999999999943e-04 1.000000000000000000e+00 1.875929999999999959e-02 1.880189999999999986e-02
1.004495252999999977e+00 1.875965300000000113e-02 3.910200000000000069e-04 1.000000000000000000e+00 1.875800000000000037e-02 1.880079999999999946e-02
1.004830085000000039e+00 1.875810699999999956e-02 3.910660000000000264e-04 1.000000000000000000e+00 1.875670000000000115e-02 1.879969999999999905e-02
1.005165027999999960e+00 1.875661600000000026e-02 3.911109999999999760e-04 1.000000000000000000e+00 1.875550000000000134e-02 1.879859999999999864e-02
1.005500083000000044e+00 1.875515900000000041e-02 3.911529999999999868e-04 1.000000000000000000e+00 1.875440000000000093e-02 1.879760000000000111e-02
1.005835250000000070e+00 1.875359799999999980e-02 3.911939999999999818e-04 1.000000000000000000e+00 1.875310000000000171e-02 1.879650000000000071e-02
1.006170527999999953e+00 1.875172599999999981e-02 3.912310000000000223e-04 1.000000000000000000e+00 1.875169999999999962e-02 1.879520000000000149e-02
1.006505917999999999e+00 1.874934099999999923e-02 3.912659999999999771e-04 1.000000000000000000e+00 1.874980000000000049e-02 1.879350000000000118e-02
1.006841419999999987e+00 1.874631200000000109e-02 3.912969999999999773e-04 1.000000000000000000e+00 1.874719999999999859e-02 1.879110000000000155e-02
1.007177033999999916e+00 1.874263199999999865e-02 3.913249999999999845e-04 1.000000000000000000e+00 1.874400000000000024e-02 1.878799999999999915e-02
1.007512760000000007e+00 1.873842699999999847e-02 3.913499999999999986e-04 1.000000000000000000e+00 1.874019999999999853e-02 1.878430000000000030e-02
1.007848596999999957e+00 1.873394000000000101e-02 3.913729999999999813e-04 1.000000000000000000e+00 1.873580000000000037e-02 1.878020000000000037e-02
1.008184546999999931e+00 1.872948699999999952e-02 3.913969999999999797e-04 1.000000000000000000e+00 1.873129999999999934e-02 1.877579999999999874e-02
1.008520607999999985e+00 1.872540099999999916e-02 3.914219999999999939e-04 1.000000000000000000e+00 1.872679999999999831e-02 1.877159999999999940e-02
1.008856782000000063e+00 1.872196200000000171e-02 3.914500000000000011e-04 1.000000000000000000e+00 1.872269999999999837e-02 1.876769999999999827e-02
1.009193066999999999e+00 1.871934999999999918e-02 3.914839999999999943e-04 1.000000000000000000e+00 1.871940000000000062e-02 1.876449999999999993e-02
1.009529464999999959e+00 1.871760399999999880e-02 3.915230000000000121e-04 1.000000000000000000e+00 1.871679999999999872e-02 1.876210000000000030e-02
1.009865975000000082e+00 1.871661999999999978e-02 3.915680000000000159e-04 1.000000000000000000e+00 1.871509999999999840e-02 1.876059999999999880e-02
1.010202596999999924e+00 1.871617799999999998e-02 3.916169999999999742e-04 1.000000000000000000e+00 1.871410000000000087e-02 1.875970000000000068e-02
1.010539330999999930e+00 1.871599599999999863e-02 3.916699999999999956e-04 1.000000000000000000e+00 1.871360000000000037e-02 1.875939999999999899e-02
1.010876177999999959e+00 1.871580200000000013e-02 3.917239999999999785e-04 1.000000000000000000e+00 1.871329999999999869e-02 1.875920000000000018e-02
1.011213136000000068e+00 1.871539399999999978e-02 3.917789999999999771e-04 1.000000000000000000e+00 1.871290000000000106e-02 1.875910000000000077e-02
1.011550206999999979e+00 1.871467500000000006e-02 3.918319999999999984e-04 1.000000000000000000e+00 1.871240000000000056e-02 1.875869999999999968e-02
1.011887390999999914e+00 1.871366099999999949e-02 3.918840000000000040e-04 1.000000000000000000e+00 1.871170000000000125e-02 1.875809999999999977e-02
1.012224687000000012e+00 1.871244500000000116e-02 3.919339999999999781e-04 1.000000000000000000e+00 1.871070000000000025e-02 1.875740000000000046e-02
1.012562095000000051e+00 1.871114800000000036e-02 3.919829999999999907e-04 1.000000000000000000e+00 1.870969999999999925e-02 1.875649999999999887e-02
1.012899615000000031e+00 1.870986300000000019e-02 3.920290000000000103e-04 1.000000000000000000e+00 1.870859999999999884e-02 1.875560000000000074e-02
1.013237248999999895e+00 1.870862499999999956e-02 3.920740000000000141e-04 1.000000000000000000e+00 1.870749999999999844e-02 1.875469999999999915e-02
1.013574994000000062e+00 1.870740499999999987e-02 3.921180000000000021e-04 1.000000000000000000e+00 1.870650000000000091e-02 1.875380000000000102e-02
1.013912852999999892e+00 1.870613800000000063e-02 3.921609999999999745e-04 1.000000000000000000e+00 1.870540000000000050e-02 1.875289999999999943e-02
1.014250824000000106e+00 1.870477499999999987e-02 3.922029999999999852e-04 1.000000000000000000e+00 1.870420000000000069e-02 1.875179999999999902e-02
1.014588907000000040e+00 1.870332400000000034e-02 3.922439999999999803e-04 1.000000000000000000e+00 1.870279999999999859e-02 1.875059999999999921e-02
1.014927104000000080e+00 1.870186799999999996e-02 3.922840000000000138e-04 1.000000000000000000e+00 1.870139999999999997e-02 1.874929999999999999e-02
1.015265413000000061e+00 1.870055099999999929e-02 3.923250000000000088e-04 1.000000000000000000e+00 1.870010000000000075e-02 1.874810000000000018e-02
1.015603833999999983e+00 1.869952299999999915e-02 3.923649999999999881e-04 1.000000000000000000e+00 1.869909999999999975e-02 1.874730000000000146e-02
1.015942369000000012e+00 1.869887599999999969e-02 3.924050000000000216e-04 1.000000000000000000e+00 1.869840000000000044e-02 1.874670000000000156e-02
1.016281017000000064e+00 1.869859899999999978e-02 3.924450000000000009e-04 1.000000000000000000e+00 1.869820000000000162e-02 1.874659999999999868e-02
1.016619777000000058e+00 1.869856199999999843e-02 3.924849999999999802e-04 1.000000000000000000e+00 1.869830000000000103e-02 1.874680000000000096e-02
1.016958650000000075e+00 1.869855999999999949e-02 3.925229999999999822e-04 1.000000000000000000e+00 1.869840000000000044e-02 1.874699999999999978e-02
1.017297635999999894e+00 1.869836600000000099e-02 3.925609999999999842e-04 1.000000000000000000e+00 1.869830000000000103e-02 1.874699999999999978e-02
1.017636736000000042e+00 1.869780700000000032e-02 3.925980000000000246e-04 1.000000000000000000e+00 1.869789999999999994e-02 1.874659999999999868e-02
1.017975947999999908e+00 1.869680500000000037e-02 3.926339999999999952e-04 1.000000000000000000e+00 1.869699999999999834e-02 1.874579999999999996e-02
1.018315273000000021e+00 1.869538700000000081e-02 3.926700000000000199e-04 1.000000000000000000e+00 1.869559999999999972e-02 1.874450000000000074e-02
1.018654712000000018e+00 1.869365799999999841e-02 3.927070000000000062e-04 1.000000000000000000e+00 1.869380000000000000e-02 1.874289999999999984e-02
1.018994262999999956e+00 1.869174900000000056e-02 3.927439999999999924e-04 1.000000000000000000e+00 1.869169999999999859e-02 1.874100000000000071e-02
1.019333928000000000e+00 1.868977600000000169e-02 3.927819999999999944e-04 1.000000000000000000e+00 1.868960000000000066e-02 1.873899999999999871e-02
1.019673706000000069e+00 1.868781900000000135e-02 3.928219999999999737e-04 1.000000000000000000e+00 1.868739999999999984e-02 1.873709999999999959e-02
1.020013596999999939e+00 1.868592000000000170e-02 3.928630000000000230e-04 1.000000000000000000e+00 1.868540000000000131e-02 1.873520000000000046e-02
1.020353601999999915e+00 1.868409899999999915e-02 3.929049999999999795e-04 1.000000000000000000e+00 1.868360000000000160e-02 1.873359999999999956e-02
1.020693719000000055e+00 1.868237000000000023e-02 3.929459999999999746e-04 1.000000000000000000e+00 1.868200000000000069e-02 1.873210000000000153e-02
1.021033950999999940e+00 1.868074999999999944e-02 3.929849999999999923e-04 1.000000000000000000e+00 1.868059999999999859e-02 1.873090000000000171e-02
1.021374294999999988e+00 1.867924899999999847e-02 3.930240000000000101e-04 1.000000000000000000e+00 1.867929999999999938e-02 1.872980000000000131e-02
1.021714752999999920e+00 1.867786700000000077e-02 3.930599999999999806e-04 1.000000000000000000e+00 1.867819999999999897e-02 1.872880000000000031e-02
1.022055324999999959e+00 1.867658900000000038e-02 3.930939999999999738e-04 1.000000000000000000e+00 1.867709999999999856e-02 1.872779999999999931e-02
1.022396010000000022e+00 1.867539299999999847e-02 3.931280000000000213e-04 1.000000000000000000e+00 1.867600000000000163e-02 1.872679999999999831e-02
1.022736808999999969e+00 1.867425600000000019e-02 3.931620000000000145e-04 1.000000000000000000e+00 1.867469999999999894e-02 1.872570000000000137e-02
1.023077720999999940e+00 1.867316299999999957e-02 3.931970000000000235e-04 1.000000000000000000e+00 1.867339999999999972e-02 1.872450000000000156e-02
1.023418747000000018e+00 1.867210199999999945e-02 3.932350000000000255e-04 1.000000000000000000e+00 1.867200000000000110e-02 1.872319999999999887e-02
1.023759886999999980e+00 1.867105700000000132e-02 3.932750000000000048e-04 1.000000000000000000e+00 1.867049999999999960e-02 1.872189999999999965e-02
1.024101139999999965e+00 1.866999700000000068e-02 3.933189999999999928e-04 1.000000000000000000e+00 1.866900000000000157e-02 1.872060000000000043e-02
1.024442507000000058e+00 1.866887399999999850e-02 3.933659999999999739e-04 1.000000000000000000e+00 1.866759999999999947e-02 1.871940000000000062e-02
1.024783988000000035e+00 1.866762699999999914e-02 3.934140000000000250e-04 1.000000000000000000e+00 1.866620000000000085e-02 1.871820000000000081e-02
1.025125582000000035e+00 1.866620000000000085e-02 3.934620000000000218e-04 1.000000000000000000e+00 1.866479999999999875e-02 1.871690000000000159e-02
1.025467291000000003e+00 1.866455300000000039e-02 3.935109999999999802e-04 1.000000000000000000e+00 1.866330000000000072e-02 1.871559999999999890e-02
1.025809112999999995e+00 1.866267500000000010e-02 3.935580000000000155e-04 1.000000000000000000e+00 1.866160000000000041e-02 1.871410000000000087e-02
1.026151049999999953e+00 1.866058199999999848e-02 3.936030000000000193e-04 1.000000000000000000e+00 1.865970000000000129e-02 1.871249999999999997e-02
1.026493099999999936e+00 1.865831700000000065e-02 3.936470000000000073e-04 1.000000000000000000e+00 1.865759999999999988e-02 1.871060000000000084e-02
1.026835264000000025e+00 1.865593100000000060e-02 3.936899999999999796e-04 1.000000000000000000e+00 1.865529999999999966e-02 1.870849999999999944e-02
1.027177543000000082e+00 1.865347700000000164e-02 3.937330000000000062e-04 1.000000000000000000e+00 1.865290000000000004e-02 1.870619999999999922e-02
1.027519934999999940e+00 1.865099900000000144e-02 3.937759999999999785e-04 1.000000000000000000e+00 1.865040000000000101e-02 1.870389999999999900e-02
1.027862441999999987e+00 1.864853099999999944e-02 3.938200000000000207e-04 1.000000000000000000e+00 1.864779999999999910e-02 1.870159999999999878e-02
1.028205062999999919e+00 1.864610200000000120e-02 3.938650000000000245e-04 1.000000000000000000e+00 1.864520000000000066e-02 1.869919999999999916e-02
1.028547797999999958e+00 1.864374800000000165e-02 3.939099999999999741e-04 1.000000000000000000e+00 1.864280000000000104e-02 1.869699999999999834e-02
1.028890647000000103e+00 1.864151099999999950e-02 3.939559999999999937e-04 1.000000000000000000e+00 1.864050000000000082e-02 1.869490000000000041e-02
1.029233610999999993e+00 1.863943800000000123e-02 3.940020000000000132e-04 1.000000000000000000e+00 1.863839999999999941e-02 1.869310000000000069e-02
1.029576688999999989e+00 1.863757200000000155e-02 3.940489999999999943e-04 1.000000000000000000e+00 1.863659999999999969e-02 1.869149999999999978e-02
1.029919881000000093e+00 1.863593300000000036e-02 3.940939999999999981e-04 1.000000000000000000e+00 1.863499999999999879e-02 1.869010000000000116e-02
1.030263187000000080e+00 1.863449999999999829e-02 3.941390000000000019e-04 1.000000000000000000e+00 1.863369999999999957e-02 1.868890000000000134e-02
1.030606608999999896e+00 1.863321000000000074e-02 3.941829999999999900e-04 1.000000000000000000e+00 1.863249999999999976e-02 1.868790000000000034e-02
1.030950143999999957e+00 1.863196300000000138e-02 3.942269999999999780e-04 1.000000000000000000e+00 1.863129999999999994e-02 1.868689999999999934e-02
1.031293793999999986e+00 1.863063800000000145e-02 3.942710000000000203e-04 1.000000000000000000e+00 1.863010000000000013e-02 1.868579999999999894e-02
1.031637558999999982e+00 1.862912200000000143e-02 3.943139999999999926e-04 1.000000000000000000e+00 1.862859999999999863e-02 1.868449999999999972e-02
1.031981438000000084e+00 1.862733800000000023e-02 3.943570000000000192e-04 1.000000000000000000e+00 1.862679999999999891e-02 1.868289999999999881e-02
1.032325431999999932e+00 1.862526600000000143e-02 3.943999999999999915e-04 1.000000000000000000e+00 1.862480000000000038e-02 1.868109999999999910e-02
1.032669540000000108e+00 1.862294499999999839e-02 3.944420000000000022e-04 1.000000000000000000e+00 1.862250000000000016e-02 1.867900000000000116e-02
1.033013763000000029e+00 1.862046499999999924e-02 3.944849999999999746e-04 1.000000000000000000e+00 1.862000000000000113e-02 1.867670000000000094e-02
1.033358100999999918e+00 1.861793399999999918e-02 3.945280000000000011e-04 1.000000000000000000e+00 1.861749999999999863e-02 1.867450000000000013e-02
1.033702553999999996e+00 1.861545100000000161e-02 3.945700000000000119e-04 1.000000000000000000e+00 1.861509999999999901e-02 1.867229999999999931e-02
1.034047120999999958e+00 1.861306700000000050e-02 3.946110000000000069e-04 1.000000000000000000e+00 1.861279999999999879e-02 1.867020000000000138e-02
1.034391803999999970e+00 1.861077200000000112e-02 3.946520000000000019e-04 1.000000000000000000e+00 1.861060000000000145e-02 1.866819999999999938e-02
1.034736601000000089e+00 1.860850299999999846e-02 3.946919999999999812e-04 1.000000000000000000e+00 1.860850000000000004e-02 1.866620000000000085e-02
1.035081512999999953e+00 1.860617399999999963e-02 3.947320000000000147e-04 1.000000000000000000e+00 1.860629999999999923e-02 1.866409999999999944e-02
1.035426540000000006e+00 1.860371900000000120e-02 3.947700000000000167e-04 1.000000000000000000e+00 1.860389999999999960e-02 1.866189999999999863e-02
1.035771683000000110e+00 1.860113199999999939e-02 3.948089999999999803e-04 1.000000000000000000e+00 1.860130000000000117e-02 1.865959999999999841e-02
1.036116940000000097e+00 1.859848299999999899e-02 3.948469999999999823e-04 1.000000000000000000e+00 1.859869999999999926e-02 1.865709999999999938e-02
1.036462312000000052e+00 1.859590300000000043e-02 3.948849999999999843e-04 1.000000000000000000e+00 1.859610000000000082e-02 1.865469999999999975e-02
1.036807800000000057e+00 1.859353799999999973e-02 3.949240000000000020e-04 1.000000000000000000e+00 1.859359999999999832e-02 1.865239999999999954e-02
1.037153401999999947e+00 1.859149900000000091e-02 3.949639999999999813e-04 1.000000000000000000e+00 1.859150000000000039e-02 1.865050000000000041e-02
1.037499120000000108e+00 1.858980999999999828e-02 3.950040000000000148e-04 1.000000000000000000e+00 1.858970000000000067e-02 1.864889999999999950e-02
1.037844953000000014e+00 1.858839099999999925e-02 3.950450000000000099e-04 1.000000000000000000e+00 1.858819999999999917e-02 1.864750000000000088e-02
1.038190901000000110e+00 1.858707600000000099e-02 3.950860000000000049e-04 1.000000000000000000e+00 1.858689999999999995e-02 1.864640000000000047e-02
1.038536965000000034e+00 1.858566000000000037e-02 3.951269999999999999e-04 1.000000000000000000e+00 1.858550000000000132e-02 1.864510000000000126e-02
1.038883143999999925e+00 1.858395200000000080e-02 3.951679999999999950e-04 1.000000000000000000e+00 1.858390000000000042e-02 1.864369999999999916e-02
1.039229438000000005e+00 1.858182499999999973e-02 3.952070000000000127e-04 1.000000000000000000e+00 1.858200000000000129e-02 1.864199999999999885e-02
1.039575847999999914e+00 1.857923499999999950e-02 3.952450000000000147e-04 1.000000000000000000e+00 1.857980000000000048e-02 1.864000000000000032e-02
1.039922374000000094e+00 1.857622000000000093e-02 3.952790000000000080e-04 1.000000000000000000e+00 1.857730000000000145e-02 1.863760000000000069e-02
1.040269013999999936e+00 1.857287700000000152e-02 3.953100000000000082e-04 1.000000000000000000e+00 1.857460000000000014e-02 1.863510000000000166e-02
1.040615770999999912e+00 1.856933100000000142e-02 3.953350000000000223e-04 1.000000000000000000e+00 1.857170000000000001e-02 1.863240000000000035e-02
1.040962643000000076e+00 1.856570999999999916e-02 3.953559999999999735e-04 1.000000000000000000e+00 1.856889999999999930e-02 1.862969999999999904e-02
1.041309629999999986e+00 1.856212000000000140e-02 3.953699999999999771e-04 1.000000000000000000e+00 1.856599999999999917e-02 1.862700000000000120e-02
1.041656732999999946e+00 1.855863899999999830e-02 3.953800000000000261e-04 1.000000000000000000e+00 1.856319999999999845e-02 1.862429999999999988e-02
1.042003951999999956e+00 1.855530899999999900e-02 3.953849999999999964e-04 1.000000000000000000e+00 1.856040000000000120e-02 1.862149999999999916e-02
1.042351287000000015e+00 1.855213000000000001e-02 3.953879999999999895e-04 1.000000000000000000e+00 1.855740000000000167e-02 1.861859999999999904e-02
1.042698737000000042e+00 1.854906599999999947e-02 3.953909999999999825e-04 1.000000000000000000e+00 1.855429999999999927e-02 1.861559999999999951e-02
1.043046303999999980e+00 1.854604899999999848e-02 3.953939999999999755e-04 1.000000000000000000e+00 1.855110000000000092e-02 1.861240000000000117e-02
1.043393986000000107e+00 1.854299900000000098e-02 3.954000000000000158e-04 1.000000000000000000e+00 1.854760000000000089e-02 1.860900000000000054e-02
1.043741784000000061e+00 1.853984100000000135e-02 3.954089999999999949e-04 1.000000000000000000e+00 1.854389999999999858e-02 1.860550000000000051e-02
1.044089698000000066e+00 1.853653099999999845e-02 3.954229999999999984e-04 1.000000000000000000e+00 1.854000000000000092e-02 1.860180000000000167e-02
1.044437727000000038e+00 1.853306999999999871e-02 3.954399999999999951e-04 1.000000000000000000e+00 1.853609999999999980e-02 1.859799999999999995e-02
1.044785872999999921e+00 1.852950600000000114e-02 3.954610000000000005e-04 1.000000000000000000e+00 1.853209999999999927e-02 1.859420000000000170e-02
1.045134135000000075e+00 1.852592399999999917e-02 3.954839999999999831e-04 1.000000000000000000e+00 1.852830000000000102e-02 1.859059999999999879e-02
1.045482513000000058e+00 1.852242499999999861e-02 3.955079999999999815e-04 1.000000000000000000e+00 1.852459999999999871e-02 1.858709999999999876e-02
1.045831007999999951e+00 1.851909499999999931e-02 3.955329999999999957e-04 1.000000000000000000e+00 1.852130000000000096e-02 1.858390000000000042e-02
1.046179618000000033e+00 1.851597599999999996e-02 3.955590000000000256e-04 1.000000000000000000e+00 1.851819999999999855e-02 1.858100000000000029e-02
1.046528343999999944e+00 1.851304900000000017e-02 3.955830000000000240e-04 1.000000000000000000e+00 1.851540000000000130e-02 1.857829999999999898e-02
1.046877186999999987e+00 1.851023099999999852e-02 3.956060000000000067e-04 1.000000000000000000e+00 1.851279999999999940e-02 1.857589999999999936e-02
1.047226146000000080e+00 1.850739399999999993e-02 3.956279999999999736e-04 1.000000000000000000e+00 1.851020000000000096e-02 1.857340000000000033e-02
1.047575222000000084e+00 1.850439900000000124e-02 3.956470000000000017e-04 1.000000000000000000e+00 1.850749999999999965e-02 1.857079999999999842e-02
1.047924413000000055e+00 1.850113700000000083e-02 3.956650000000000141e-04 1.000000000000000000e+00 1.850440000000000071e-02 1.856789999999999830e-02
1.048273722000000019e+00 1.849755999999999970e-02 3.956820000000000107e-04 1.000000000000000000e+00 1.850100000000000008e-02 1.856460000000000055e-02
1.048623145999999950e+00 1.849369999999999833e-02 3.956979999999999916e-04 1.000000000000000000e+00 1.849719999999999837e-02 1.856090000000000170e-02
1.048972687000000015e+00 1.848965600000000015e-02 3.957149999999999882e-04 1.000000000000000000e+00 1.849309999999999843e-02 1.855700000000000058e-02
1.049322344999999990e+00 1.848556900000000031e-02 3.957319999999999848e-04 1.000000000000000000e+00 1.848879999999999968e-02 1.855290000000000064e-02
1.049672119000000015e+00 1.848157799999999851e-02 3.957510000000000129e-04 1.000000000000000000e+00 1.848460000000000034e-02 1.854890000000000011e-02
1.050022009999999950e+00 1.847779299999999930e-02 3.957720000000000183e-04 1.000000000000000000e+00 1.848059999999999981e-02 1.854499999999999899e-02
1.050372016999999936e+00 1.847427399999999886e-02 3.957939999999999852e-04 1.000000000000000000e+00 1.847690000000000096e-02 1.854149999999999895e-02
1.050722141000000054e+00 1.847102700000000097e-02 3.958170000000000221e-04 1.000000000000000000e+00 1.847350000000000034e-02 1.853830000000000061e-02
1.051072382000000083e+00 1.846801899999999871e-02 3.958410000000000205e-04 1.000000000000000000e+00 1.847050000000000081e-02 1.853540000000000049e-02
1.051422738999999940e+00 1.846518299999999960e-02 3.958650000000000189e-04 1.000000000000000000e+00 1.846760000000000068e-02 1.853269999999999917e-02
1.051773212999999929e+00 1.846243399999999979e-02 3.958880000000000016e-04 1.000000000000000000e+00 1.846489999999999937e-02 1.853010000000000074e-02
1.052123804000000051e+00 1.845967100000000041e-02 3.959109999999999843e-04 1.000000000000000000e+00 1.846220000000000153e-02 1.852760000000000171e-02
1.052474512000000084e+00 1.845678499999999986e-02 3.959340000000000212e-04 1.000000000000000000e+00 1.845940000000000081e-02 1.852490000000000039e-02
1.052825337000000028e+00 1.845366899999999893e-02 3.959570000000000038e-04 1.000000000000000000e+00 1.845640000000000128e-02 1.852200000000000027e-02
1.053176279000000104e+00 1.845023200000000044e-02 3.959780000000000092e-04 1.000000000000000000e+00 1.845300000000000065e-02 1.851879999999999846e-02
1.053527338000000091e+00 1.844641899999999862e-02 3.959999999999999762e-04 1.000000000000000000e+00 1.844929999999999834e-02 1.851529999999999843e-02
1.053878512999999906e+00 1.844222300000000064e-02 3.960200000000000200e-04 1.000000000000000000e+00 1.844530000000000128e-02 1.851140000000000077e-02
1.054229805999999936e+00 1.843769599999999995e-02 3.960400000000000096e-04 1.000000000000000000e+00 1.844089999999999965e-02 1.850720000000000143e-02
1.054581216000000099e+00 1.843294900000000056e-02 3.960589999999999835e-04 1.000000000000000000e+00 1.843629999999999922e-02 1.850279999999999980e-02
1.054932742999999951e+00 1.842813299999999932e-02 3.960759999999999802e-04 1.000000000000000000e+00 1.843169999999999878e-02 1.849829999999999877e-02
1.055284388000000018e+00 1.842342400000000074e-02 3.960920000000000153e-04 1.000000000000000000e+00 1.842709999999999834e-02 1.849400000000000002e-02
1.055636148999999913e+00 1.841899300000000156e-02 3.961069999999999804e-04 1.000000000000000000e+00 1.842289999999999900e-02 1.848990000000000009e-02
1.055988028000000023e+00 1.841497599999999957e-02 3.961200000000000224e-04 1.000000000000000000e+00 1.841910000000000075e-02 1.848620000000000124e-02
1.056340024000000044e+00 1.841144399999999903e-02 3.961309999999999788e-04 1.000000000000000000e+00 1.841579999999999953e-02 1.848299999999999943e-02
1.056692136999999976e+00 1.840838200000000091e-02 3.961409999999999736e-04 1.000000000000000000e+00 1.841289999999999941e-02 1.848019999999999871e-02
1.057044367999999901e+00 1.840568199999999960e-02 3.961500000000000069e-04 1.000000000000000000e+00 1.841030000000000097e-02 1.847769999999999968e-02
1.057396715999999959e+00 1.840315500000000090e-02 3.961589999999999860e-04 1.000000000000000000e+00 1.840790000000000134e-02 1.847530000000000006e-02
1.057749182000000010e+00 1.840056300000000172e-02 3.961659999999999878e-04 1.000000000000000000e+00 1.840539999999999884e-02 1.847290000000000043e-02
1.058101764999999972e+00 1.839766699999999949e-02 3.961729999999999896e-04 1.000000000000000000e+00 1.840260000000000160e-02 1.847019999999999912e-02
1.058454465000000067e+00 1.839427600000000107e-02 3.961789999999999756e-04 1.000000000000000000e+00 1.839920000000000097e-02 1.846690000000000137e-02
1.058807282999999932e+00 1.839028599999999875e-02 3.961859999999999774e-04 1.000000000000000000e+00 1.839529999999999985e-02 1.846309999999999965e-02
1.059160219000000014e+00 1.838569699999999946e-02 3.961929999999999792e-04 1.000000000000000000e+00 1.839069999999999941e-02 1.845870000000000150e-02
1.059513272000000006e+00 1.838060500000000125e-02 3.961990000000000195e-04 1.000000000000000000e+00 1.838559999999999847e-02 1.845369999999999996e-02
1.059866444000000074e+00 1.837517400000000106e-02 3.962060000000000213e-04 1.000000000000000000e+00 1.838019999999999932e-02 1.844849999999999962e-02
1.060219731999999970e+00 1.836960099999999929e-02 3.962120000000000073e-04 1.000000000000000000e+00 1.837460000000000135e-02 1.844319999999999987e-02
1.060573138999999943e+00 1.836407899999999843e-02 3.962190000000000091e-04 1.000000000000000000e+00 1.836909999999999932e-02 1.843790000000000012e-02
1.060926663000000048e+00 1.835876499999999911e-02 3.962249999999999952e-04 1.000000000000000000e+00 1.836379999999999957e-02 1.843269999999999978e-02
1.061280306000000007e+00 1.835376999999999842e-02 3.962309999999999812e-04 1.000000000000000000e+00 1.835890000000000091e-02 1.842790000000000053e-02
1.061634066000000098e+00 1.834915399999999946e-02 3.962370000000000215e-04 1.000000000000000000e+00 1.835420000000000107e-02 1.842339999999999950e-02
1.061987943999999962e+00 1.834494399999999845e-02 3.962440000000000233e-04 1.000000000000000000e+00 1.834989999999999885e-02 1.841929999999999956e-02
1.062341940000000040e+00 1.834114800000000156e-02 3.962510000000000251e-04 1.000000000000000000e+00 1.834589999999999832e-02 1.841539999999999844e-02
1.062696053999999890e+00 1.833778399999999933e-02 3.962600000000000042e-04 1.000000000000000000e+00 1.834229999999999888e-02 1.841189999999999841e-02
1.063050285999999955e+00 1.833488100000000079e-02 3.962710000000000147e-04 1.000000000000000000e+00 1.833910000000000054e-02 1.840879999999999947e-02
1.063404636000000014e+00 1.833248100000000116e-02 3.962850000000000183e-04 1.000000000000000000e+00 1.833620000000000042e-02 1.840599999999999875e-02
1.063759104000000066e+00 1.833062400000000022e-02 3.963029999999999765e-04 1.000000000000000000e+00 1.833380000000000079e-02 1.840369999999999853e-02
1.064113689999999890e+00 1.832932300000000153e-02 3.963239999999999819e-04 1.000000000000000000e+00 1.833190000000000167e-02 1.840189999999999881e-02
1.064468395000000012e+00 1.832854899999999954e-02 3.963509999999999733e-04 1.000000000000000000e+00 1.833040000000000017e-02 1.840050000000000019e-02
1.064823217999999905e+00 1.832823600000000122e-02 3.963829999999999893e-04 1.000000000000000000e+00 1.832929999999999976e-02 1.839949999999999919e-02
1.065178159000000013e+00 1.832829299999999897e-02 3.964209999999999913e-04 1.000000000000000000e+00 1.832860000000000045e-02 1.839889999999999928e-02
1.065533217999999893e+00 1.832864000000000021e-02 3.964640000000000178e-04 1.000000000000000000e+00 1.832819999999999935e-02 1.839870000000000047e-02
1.065888396000000071e+00 1.832922899999999897e-02 3.965120000000000146e-04 1.000000000000000000e+00 1.832809999999999995e-02 1.839870000000000047e-02
1.066243692000000021e+00 1.833007000000000039e-02 3.965649999999999818e-04 1.000000000000000000e+00 1.832819999999999935e-02 1.839899999999999869e-02
1.066599107000000046e+00 1.833121799999999982e-02 3.966239999999999892e-04 1.000000000000000000e+00 1.832869999999999985e-02 1.839959999999999860e-02
1.066954640000000065e+00 1.833276099999999950e-02 3.966870000000000053e-04 1.000000000000000000e+00 1.832960000000000145e-02 1.840069999999999900e-02
1.067310291000000078e+00 1.833478800000000117e-02 3.967549999999999918e-04 1.000000000000000000e+00 1.833090000000000067e-02 1.840210000000000110e-02
1.067666060999999944e+00 1.833736199999999941e-02 3.968280000000000028e-04 1.000000000000000000e+00 1.833279999999999979e-02 1.840409999999999963e-02
1.068021950000000109e+00 1.834051500000000168e-02 3.969059999999999841e-04 1.000000000000000000e+00 1.833519999999999942e-02 1.840670000000000153e-02
1.068377957000000045e+00 1.834424100000000071e-02 3.969900000000000056e-04 1.000000000000000000e+00 1.833819999999999895e-02 1.840980000000000047e-02
1.068734083000000057e+00 1.834850700000000001e-02 3.970789999999999975e-04 1.000000000000000000e+00 1.834179999999999838e-02 1.841359999999999872e-02
1.069090327999999923e+00 1.835325299999999993e-02 3.971719999999999981e-04 1.000000000000000000e+00 1.834600000000000120e-02 1.841800000000000034e-02
1.069446691000000005e+00 1.835839100000000168e-02 3.972679999999999918e-04 1.000000000000000000e+00 1.835089999999999985e-02 1.842289999999999900e-02
1.069803174000000023e+00 1.836379600000000167e-02 3.973650000000000012e-04 1.000000000000000000e+00 1.835610000000000019e-02 1.842840000000000103e-02
1.070159775000000035e+00 1.836929899999999866e-02 3.974630000000000263e-04 1.000000000000000000e+00 1.836170000000000163e-02 1.843399999999999900e-02
1.070516494999999901e+00 1.837470000000000075e-02 3.975590000000000200e-04 1.000000000000000000e+00 1.836739999999999901e-02 1.843979999999999925e-02
1.070873332999999983e+00 1.837978700000000160e-02 3.976529999999999822e-04 1.000000000000000000e+00 1.837280000000000163e-02 1.844530000000000128e-02
1.071230291000000001e+00 1.838437999999999878e-02 3.977450000000000213e-04 1.000000000000000000e+00 1.837779999999999969e-02 1.845039999999999875e-02
1.071587368000000096e+00 1.838836699999999921e-02 3.978329999999999974e-04 1.000000000000000000e+00 1.838230000000000072e-02 1.845499999999999918e-02
1.071944564000000044e+00 1.839173699999999828e-02 3.979189999999999962e-04 1.000000000000000000e+00 1.838609999999999897e-02 1.845890000000000031e-02
1.072301879000000069e+00 1.839459200000000128e-02 3.980009999999999863e-04 1.000000000000000000e+00 1.838940000000000019e-02 1.846230000000000093e-02
1.072659312999999948e+00 1.839712199999999839e-02 3.980799999999999833e-04 1.000000000000000000e+00 1.839230000000000032e-02 1.846530000000000046e-02
1.073016865999999903e+00 1.839957000000000051e-02 3.981570000000000031e-04 1.000000000000000000e+00 1.839510000000000103e-02 1.846820000000000059e-02
1.073374537999999934e+00 1.840216399999999863e-02 3.982309999999999756e-04 1.000000000000000000e+00 1.839800000000000116e-02 1.847110000000000071e-02
1.073732329000000041e+00 1.840506700000000065e-02 3.983039999999999866e-04 1.000000000000000000e+00 1.840110000000000010e-02 1.847429999999999906e-02
1.074090240000000085e+00 1.840832900000000105e-02 3.983750000000000203e-04 1.000000000000000000e+00 1.840450000000000072e-02 1.847779999999999909e-02
1.074448269999999983e+00 1.841187799999999958e-02 3.984449999999999841e-04 1.000000000000000000e+00 1.840819999999999956e-02 1.848150000000000140e-02
1.074806420000000040e+00 1.841554000000000108e-02 3.985139999999999863e-04 1.000000000000000000e+00 1.841200000000000128e-02 1.848539999999999905e-02
1.075164688999999951e+00 1.841909400000000044e-02 3.985820000000000270e-04 1.000000000000000000e+00 1.841579999999999953e-02 1.848920000000000077e-02
1.075523076999999939e+00 1.842232699999999876e-02 3.986489999999999977e-04 1.000000000000000000e+00 1.841929999999999956e-02 1.849280000000000021e-02
1.075881584000000002e+00 1.842507900000000046e-02 3.987129999999999754e-04 1.000000000000000000e+00 1.842239999999999850e-02 1.849610000000000143e-02
1.076240212000000085e+00 1.842725500000000002e-02 3.987749999999999758e-04 1.000000000000000000e+00 1.842490000000000100e-02 1.849869999999999987e-02
1.076598957999999939e+00 1.842880699999999844e-02 3.988349999999999990e-04 1.000000000000000000e+00 1.842670000000000072e-02 1.850069999999999840e-02
1.076957825000000035e+00 1.842969399999999994e-02 3.988929999999999906e-04 1.000000000000000000e+00 1.842780000000000112e-02 1.850200000000000108e-02
1.077316810999999985e+00 1.842986200000000171e-02 3.989509999999999823e-04 1.000000000000000000e+00 1.842809999999999934e-02 1.850260000000000099e-02
1.077675916000000012e+00 1.842925600000000150e-02 3.990059999999999809e-04 1.000000000000000000e+00 1.842780000000000112e-02 1.850250000000000158e-02
1.078035142000000057e+00 1.842786999999999897e-02 3.990600000000000180e-04 1.000000000000000000e+00 1.842689999999999953e-02 1.850169999999999940e-02
1.078394486999999957e+00 1.842581999999999900e-02 3.991099999999999921e-04 1.000000000000000000e+00 1.842540000000000150e-02 1.850040000000000018e-02
1.078753950999999933e+00 1.842339299999999971e-02 3.991549999999999959e-04 1.000000000000000000e+00 1.842359999999999831e-02 1.849879999999999927e-02
1.079113535999999929e+00 1.842103000000000143e-02 3.991970000000000067e-04 1.000000000000000000e+00 1.842169999999999919e-02 1.849709999999999896e-02
1.079473241000000083e+00 1.841925100000000107e-02 3.992360000000000245e-04 1.000000000000000000e+00 1.842009999999999828e-02 1.849570000000000033e-02
1.079833065000000092e+00 1.841850600000000115e-02 3.992749999999999880e-04 1.000000000000000000e+00 1.841910000000000075e-02 1.849479999999999874e-02
1.080193009000000037e+00 1.841903799999999869e-02 3.993169999999999988e-04 1.000000000000000000e+00 1.841910000000000075e-02 1.849490000000000162e-02
1.080553074000000002e+00 1.842079099999999886e-02 3.993639999999999799e-04 1.000000000000000000e+00 1.842009999999999828e-02 1.849589999999999915e-02
1.080913258000000043e+00 1.842341399999999907e-02 3.994150000000000239e-04 1.000000000000000000e+00 1.842210000000000028e-02 1.849790000000000115e-02
1.081273563000000104e+00 1.842636900000000147e-02 3.994700000000000225e-04 1.000000000000000000e+00 1.842469999999999872e-02 1.850059999999999899e-02
1.081633987000000019e+00 1.842909200000000108e-02 3.995259999999999827e-04 1.000000000000000000e+00 1.842770000000000172e-02 1.850349999999999911e-02
1.081994531999999953e+00 1.843114599999999895e-02 3.995770000000000268e-04 1.000000000000000000e+00 1.843049999999999897e-02 1.850629999999999983e-02
1.082355197000000047e+00 1.843232900000000077e-02 3.996219999999999764e-04 1.000000000000000000e+00 1.843289999999999859e-02 1.850869999999999946e-02
1.082715982000000077e+00 1.843267999999999990e-02 3.996569999999999854e-04 1.000000000000000000e+00 1.843480000000000119e-02 1.851049999999999918e-02
1.083076887000000044e+00 1.843242100000000092e-02 3.996800000000000222e-04 1.000000000000000000e+00 1.843619999999999981e-02 1.851190000000000127e-02
1.083437913000000030e+00 1.843188700000000096e-02 3.996909999999999786e-04 1.000000000000000000e+00 1.843720000000000081e-02 1.851289999999999880e-02
1.083799058999999954e+00 1.843147100000000135e-02 3.996919999999999943e-04 1.000000000000000000e+00 1.843830000000000122e-02 1.851380000000000040e-02
1.084160325000000036e+00 1.843162400000000062e-02 3.996830000000000153e-04 1.000000000000000000e+00 1.843950000000000103e-02 1.851490000000000080e-02
1.084521711999999916e+00 1.843287600000000082e-02 3.996679999999999959e-04 1.000000000000000000e+00 1.844130000000000075e-02 1.851650000000000171e-02
1.084883218999999954e+00 1.843583999999999848e-02 3.996520000000000150e-04 1.000000000000000000e+00 1.844399999999999859e-02 1.851890000000000133e-02
1.085244847000000012e+00 1.844112900000000055e-02 3.996399999999999887e-04 1.000000000000000000e+00 1.844809999999999853e-02 1.852269999999999958e-02
1.085606595000000008e+00 1.844921299999999903e-02 3.996410000000000045e-04 1.000000000000000000e+00 1.845389999999999878e-02 1.852820000000000161e-02
1.085968464000000022e+00 1.846023999999999929e-02 3.996599999999999784e-04 1.000000000000000000e+00 1.846199999999999924e-02 1.853590000000000099e-02
1.086330452999999974e+00 1.847390299999999985e-02 3.997019999999999892e-04 1.000000000000000000e+00 1.847239999999999993e-02 1.854599999999999999e-02
1.086692562999999945e+00 1.848944699999999913e-02 3.997660000000000211e-04 1.000000000000000000e+00 1.848510000000000084e-02 1.855829999999999980e-02
1.087054793999999935e+00 1.850581299999999943e-02 3.998469999999999954e-04 1.000000000000000000e+00 1.849980000000000027e-02 1.857260000000000161e-02
1.087417145999999946e+00 1.852189099999999866e-02 3.999340000000000100e-04 1.000000000000000000e+00 1.851560000000000011e-02 1.858790000000000095e-02
1.087779617999999893e+00 1.853678699999999901e-02 4.000189999999999931e-04 1.000000000000000000e+00 1.853170000000000164e-02 1.860349999999999851e-02
1.088142211000000081e+00 1.855002000000000040e-02 4.000900000000000268e-04 1.000000000000000000e+00 1.854719999999999980e-02 1.861859999999999904e-02
1.088504925999999928e+00 1.856155400000000094e-02 4.001429999999999939e-04 1.000000000000000000e+00 1.856170000000000042e-02 1.863240000000000035e-02
1.088867760999999934e+00 1.857170199999999896e-02 4.001750000000000099e-04 1.000000000000000000e+00 1.857460000000000014e-02 1.864470000000000016e-02
1.089230716000000099e+00 1.858092999999999897e-02 4.001879999999999977e-04 1.000000000000000000e+00 1.858610000000000123e-02 1.865560000000000135e-02
1.089593792999999922e+00 1.858965099999999870e-02 4.001879999999999977e-04 1.000000000000000000e+00 1.859639999999999904e-02 1.866519999999999985e-02
1.089956990999999986e+00 1.859810599999999967e-02 4.001790000000000186e-04 1.000000000000000000e+00 1.860579999999999873e-02 1.867390000000000022e-02
1.090320310000000070e+00 1.860636900000000107e-02 4.001650000000000150e-04 1.000000000000000000e+00 1.861459999999999851e-02 1.868210000000000010e-02
1.090683749999999952e+00 1.861444199999999841e-02 4.001480000000000184e-04 1.000000000000000000e+00 1.862300000000000066e-02 1.868989999999999888e-02
1.091047311999999936e+00 1.862239599999999939e-02 4.001289999999999903e-04 1.000000000000000000e+00 1.863129999999999994e-02 1.869749999999999884e-02
1.091410994000000079e+00 1.863043500000000074e-02 4.001070000000000234e-04 1.000000000000000000e+00 1.863940000000000041e-02 1.870499999999999940e-02
1.091774798000000102e+00 1.863884700000000005e-02 4.000860000000000180e-04 1.000000000000000000e+00 1.864769999999999969e-02 1.871249999999999997e-02
1.092138722999999922e+00 1.864785399999999843e-02 4.000680000000000056e-04 1.000000000000000000e+00 1.865609999999999838e-02 1.872019999999999934e-02
1.092502768999999985e+00 1.865743300000000104e-02 4.000559999999999793e-04 1.000000000000000000e+00 1.866469999999999935e-02 1.872810000000000100e-02
1.092866936000000067e+00 1.866723600000000025e-02 4.000510000000000090e-04 1.000000000000000000e+00 1.867339999999999972e-02 1.873620000000000146e-02
1.093231225000000029e+00 1.867664100000000077e-02 4.000529999999999863e-04 1.000000000000000000e+00 1.868190000000000128e-02 1.874419999999999906e-02
1.093595636000000093e+00 1.868495200000000120e-02 4.000610000000000038e-04 1.000000000000000000e+00 1.868979999999999947e-02 1.875150000000000081e-02
1.093960167999999955e+00 1.869162699999999885e-02 4.000699999999999829e-04 1.000000000000000000e+00 1.869650000000000131e-02 1.875769999999999868e-02
1.094324821000000059e+00 1.869641299999999853e-02 4.000790000000000162e-04 1.000000000000000000e+00 1.870149999999999937e-02 1.876239999999999852e-02
1.094689596000000043e+00 1.869931999999999844e-02 4.000860000000000180e-04 1.000000000000000000e+00 1.870470000000000119e-02 1.876529999999999865e-02
1.095054492999999907e+00 1.870045700000000019e-02 4.000909999999999883e-04 1.000000000000000000e+00 1.870609999999999981e-02 1.876649999999999846e-02
1.095419511000000012e+00 1.869979399999999875e-02 4.000949999999999971e-04 1.000000000000000000e+00 1.870580000000000159e-02 1.876610000000000084e-02
1.095784650999999998e+00 1.869703699999999968e-02 4.000949999999999971e-04 1.000000000000000000e+00 1.870379999999999959e-02 1.876399999999999943e-02
1.096149912000000004e+00 1.869164300000000084e-02 4.000879999999999953e-04 1.000000000000000000e+00 1.870000000000000134e-02 1.876020000000000118e-02
1.096515294999999890e+00 1.868302399999999946e-02 4.000650000000000126e-04 1.000000000000000000e+00 1.869410000000000169e-02 1.875440000000000093e-02
1.096880800999999961e+00 1.867082100000000064e-02 4.000189999999999931e-04 1.000000000000000000e+00 1.868579999999999894e-02 1.874610000000000165e-02
1.097246428000000051e+00 1.865516199999999944e-02 3.999429999999999891e-04 1.000000000000000000e+00 1.867469999999999894e-02 1.873510000000000106e-02
1.097612175999999939e+00 1.863676699999999853e-02 3.998329999999999918e-04 1.000000000000000000e+00 1.866100000000000050e-02 1.872139999999999915e-02
1.097978047000000013e+00 1.861687600000000095e-02 3.996909999999999786e-04 1.000000000000000000e+00 1.864510000000000126e-02 1.870549999999999990e-02
1.098344039999999966e+00 1.859701000000000062e-02 3.995259999999999827e-04 1.000000000000000000e+00 1.862760000000000110e-02 1.868799999999999975e-02
1.098710153999999939e+00 1.857865100000000158e-02 3.993490000000000147e-04 1.000000000000000000e+00 1.860979999999999926e-02 1.866999999999999910e-02
1.099076391000000097e+00 1.856291800000000117e-02 3.991760000000000013e-04 1.000000000000000000e+00 1.859250000000000139e-02 1.865270000000000122e-02
1.099442749999999913e+00 1.855034900000000070e-02 3.990190000000000230e-04 1.000000000000000000e+00 1.857690000000000036e-02 1.863690000000000138e-02
1.099809231000000054e+00 1.854083000000000120e-02 3.988889999999999819e-04 1.000000000000000000e+00 1.856330000000000133e-02 1.862329999999999888e-02
1.100175834000000075e+00 1.853369499999999934e-02 3.987880000000000179e-04 1.000000000000000000e+00 1.855209999999999845e-02 1.861190000000000067e-02
1.100542558999999976e+00 1.852795700000000115e-02 3.987150000000000069e-04 1.000000000000000000e+00 1.854280000000000164e-02 1.860260000000000039e-02
1.100909407000000062e+00 1.852258500000000113e-02 3.986640000000000171e-04 1.000000000000000000e+00 1.853489999999999999e-02 1.859480000000000161e-02
1.101276377000000029e+00 1.851672899999999913e-02 3.986279999999999923e-04 1.000000000000000000e+00 1.852760000000000171e-02 1.858759999999999926e-02
1.101643469000000097e+00 1.850984199999999857e-02 3.985980000000000079e-04 1.000000000000000000e+00 1.852039999999999936e-02 1.858040000000000039e-02
1.102010683000000046e+00 1.850165800000000069e-02 3.985680000000000234e-04 1.000000000000000000e+00 1.851250000000000118e-02 1.857270000000000101e-02
1.102378019999999959e+00 1.849209900000000142e-02 3.985339999999999759e-04 1.000000000000000000e+00 1.850370000000000140e-02 1.856410000000000005e-02
1.102745478999999973e+00 1.848117599999999847e-02 3.984939999999999967e-04 1.000000000000000000e+00 1.849390000000000062e-02 1.855439999999999867e-02
1.103113060999999950e+00 1.846893000000000146e-02 3.984449999999999841e-04 1.000000000000000000e+00 1.848299999999999943e-02 1.854369999999999977e-02
1.103480765999999891e+00 1.845546500000000076e-02 3.983859999999999767e-04 1.000000000000000000e+00 1.847110000000000071e-02 1.853199999999999986e-02
1.103848592000000073e+00 1.844099199999999980e-02 3.983139999999999814e-04 1.000000000000000000e+00 1.845839999999999981e-02 1.851950000000000124e-02
1.104216542000000079e+00 1.842586800000000150e-02 3.982289999999999983e-04 1.000000000000000000e+00 1.844519999999999840e-02 1.850639999999999924e-02
1.104584613999999965e+00 1.841057000000000110e-02 3.981309999999999732e-04 1.000000000000000000e+00 1.843159999999999937e-02 1.849289999999999962e-02
1.104952809000000036e+00 1.839557400000000134e-02 3.980209999999999759e-04 1.000000000000000000e+00 1.841800000000000034e-02 1.847930000000000059e-02
1.105321127000000070e+00 1.838120099999999979e-02 3.979019999999999996e-04 1.000000000000000000e+00 1.840460000000000013e-02 1.846590000000000037e-02
1.105689566999999984e+00 1.836746800000000138e-02 3.977779999999999988e-04 1.000000000000000000e+00 1.839139999999999872e-02 1.845259999999999956e-02
1.106058130000000084e+00 1.835404900000000075e-02 3.976489999999999734e-04 1.000000000000000000e+00 1.837849999999999900e-02 1.843960000000000043e-02
1.106426815999999924e+00 1.834030600000000066e-02 3.975170000000000092e-04 1.000000000000000000e+00 1.836559999999999929e-02 1.842649999999999844e-02
1.106795624999999950e+00 1.832544900000000060e-02 3.973760000000000118e-04 1.000000000000000000e+00 1.835209999999999966e-02 1.841289999999999941e-02
1.107164556999999938e+00 1.830863400000000071e-02 3.972220000000000265e-04 1.000000000000000000e+00 1.833759999999999904e-02 1.839829999999999938e-02
1.107533611999999890e+00 1.828902500000000042e-02 3.970469999999999815e-04 1.000000000000000000e+00 1.832140000000000157e-02 1.838189999999999963e-02
1.107902790000000026e+00 1.826573800000000011e-02 3.968439999999999837e-04 1.000000000000000000e+00 1.830280000000000101e-02 1.836300000000000085e-02
1.108272090999999904e+00 1.823776200000000111e-02 3.966020000000000222e-04 1.000000000000000000e+00 1.828079999999999983e-02 1.834080000000000085e-02
1.108641514999999966e+00 1.820388300000000056e-02 3.963109999999999940e-04 1.000000000000000000e+00 1.825449999999999989e-02 1.831419999999999923e-02
1.109011061999999992e+00 1.816274199999999908e-02 3.959589999999999811e-04 1.000000000000000000e+00 1.822249999999999912e-02 1.828199999999999964e-02
1.109380731999999981e+00 1.811301800000000156e-02 3.955340000000000114e-04 1.000000000000000000e+00 1.818360000000000115e-02 1.824279999999999999e-02
1.109750526000000015e+00 1.805355200000000049e-02 3.950250000000000202e-04 1.000000000000000000e+00 1.813640000000000044e-02 1.819530000000000106e-02
1.110120443000000012e+00 1.798341399999999965e-02 3.944220000000000126e-04 1.000000000000000000e+00 1.807970000000000063e-02 1.813839999999999897e-02
1.110490482999999973e+00 1.790191299999999847e-02 3.937170000000000253e-04 1.000000000000000000e+00 1.801260000000000014e-02 1.807100000000000026e-02
1.110860645999999896e+00 1.780853799999999876e-02 3.929019999999999865e-04 1.000000000000000000e+00 1.793449999999999905e-02 1.799270000000000036e-02
1.111230933000000087e+00 1.770301399999999956e-02 3.919710000000000186e-04 1.000000000000000000e+00 1.784499999999999975e-02 1.790289999999999937e-02
1.111601344000000102e+00 1.758525600000000050e-02 3.909170000000000114e-04 1.000000000000000000e+00 1.774389999999999995e-02 1.780160000000000076e-02
1.111971876999999997e+00 1.745531399999999955e-02 3.897349999999999946e-04 1.000000000000000000e+00 1.763119999999999965e-02 1.768859999999999877e-02
1.112342535000000021e+00 1.731304900000000049e-02 3.884199999999999979e-04 1.000000000000000000e+00 1.750679999999999945e-02 1.756380000000000094e-02
1.112713314999999925e+00 1.715768000000000154e-02 3.869640000000000037e-04 1.000000000000000000e+00 1.737030000000000171e-02 1.742689999999999864e-02
1.113084219999999958e+00 1.698762800000000114e-02 3.853549999999999857e-04 1.000000000000000000e+00 1.722090000000000079e-02 1.727710000000000010e-02
1.113455247999999953e+00 1.680094299999999874e-02 3.835760000000000016e-04 1.000000000000000000e+00 1.705720000000000153e-02 1.711290000000000033e-02
1.113826399999999994e+00 1.659647699999999837e-02 3.816070000000000074e-04 1.000000000000000000e+00 1.687759999999999955e-02 1.693269999999999845e-02
1.114197674999999998e+00 1.637571000000000165e-02 3.794380000000000083e-04 1.000000000000000000e+00 1.668139999999999901e-02 1.673590000000000147e-02
1.114569074000000048e+00 1.614421900000000132e-02 3.770819999999999923e-04 1.000000000000000000e+00 1.646999999999999853e-02 1.652369999999999881e-02
1.114940596999999922e+00 1.591217400000000115e-02 3.745900000000000033e-04 1.000000000000000000e+00 1.624799999999999855e-02 1.630109999999999892e-02
1.115312244000000064e+00 1.569300499999999945e-02 3.720549999999999877e-04 1.000000000000000000e+00 1.602400000000000005e-02 1.607630000000000170e-02
1.115684015000000029e+00 1.550051099999999980e-02 3.696060000000000252e-04 1.000000000000000000e+00 1.580900000000000014e-02 1.586059999999999900e-02
1.116055910000000040e+00 1.534515900000000058e-02 3.673810000000000118e-04 1.000000000000000000e+00 1.561470000000000045e-02 1.566559999999999828e-02
1.116427928000000014e+00 1.523110700000000067e-02 3.654950000000000234e-04 1.000000000000000000e+00 1.545060000000000010e-02 1.550089999999999975e-02
1.116800070999999894e+00 1.515499099999999960e-02 3.640110000000000220e-04 1.000000000000000000e+00 1.532159999999999946e-02 1.537140000000000034e-02
1.117172338000000043e+00 1.510696800000000013e-02 3.629239999999999832e-04 1.000000000000000000e+00 1.522659999999999986e-02 1.527610000000000079e-02
1.117544727999999932e+00 1.507359200000000024e-02 3.621590000000000269e-04 1.000000000000000000e+00 1.515919999999999941e-02 1.520840000000000039e-02
1.117917242999999949e+00 1.504117699999999933e-02 3.616010000000000231e-04 1.000000000000000000e+00 1.510930000000000085e-02 1.515840000000000069e-02
1.118289882000000013e+00 1.499844600000000035e-02 3.611150000000000145e-04 1.000000000000000000e+00 1.506560000000000017e-02 1.511460000000000060e-02
1.118662645999999983e+00 1.493757899999999944e-02 3.605810000000000091e-04 1.000000000000000000e+00 1.501779999999999955e-02 1.506650000000000003e-02
1.119035532999999916e+00 1.485397200000000001e-02 3.598990000000000045e-04 1.000000000000000000e+00 1.495739999999999917e-02 1.500590000000000084e-02
1.119408544999999977e+00 1.474554600000000000e-02 3.590019999999999756e-04 1.000000000000000000e+00 1.487869999999999991e-02 1.492699999999999930e-02
1.119781681000000084e+00 1.461259399999999958e-02 3.578499999999999975e-04 1.000000000000000000e+00 1.477840000000000056e-02 1.482649999999999940e-02
1.120154942000000098e+00 1.445853799999999995e-02 3.564309999999999896e-04 1.000000000000000000e+00 1.465580000000000008e-02 1.470360000000000070e-02
1.120528326999999935e+00 1.429103399999999933e-02 3.547719999999999975e-04 1.000000000000000000e+00 1.451339999999999922e-02 1.456080000000000048e-02
1.120901836000000040e+00 1.412237600000000072e-02 3.529450000000000165e-04 1.000000000000000000e+00 1.435750000000000047e-02 1.440450000000000064e-02
1.121275470000000052e+00 1.396810899999999939e-02 3.510699999999999845e-04 1.000000000000000000e+00 1.419830000000000050e-02 1.424500000000000072e-02
1.121649228999999970e+00 1.384367499999999973e-02 3.493060000000000197e-04 1.000000000000000000e+00 1.404880000000000018e-02 1.409509999999999930e-02
1.122023111999999934e+00 1.376013400000000025e-02 3.478150000000000165e-04 1.000000000000000000e+00 1.392209999999999975e-02 1.396810000000000065e-02
1.122397120000000026e+00 1.372054200000000050e-02 3.467279999999999776e-04 1.000000000000000000e+00 1.382839999999999937e-02 1.387419999999999973e-02
1.122771251999999942e+00 1.371889400000000057e-02 3.460989999999999943e-04 1.000000000000000000e+00 1.377169999999999957e-02 1.381759999999999933e-02
1.123145508999999986e+00 1.374225500000000010e-02 3.458959999999999964e-04 1.000000000000000000e+00 1.374930000000000076e-02 1.379529999999999992e-02
1.123519890999999937e+00 1.377546200000000047e-02 3.460129999999999955e-04 1.000000000000000000e+00 1.375260000000000024e-02 1.379879999999999995e-02
1.123894396999999934e+00 1.380650999999999927e-02 3.463089999999999940e-04 1.000000000000000000e+00 1.377049999999999975e-02 1.381690000000000002e-02
1.124269028999999920e+00 1.383033900000000052e-02 3.466629999999999842e-04 1.000000000000000000e+00 1.379299999999999971e-02 1.383960000000000051e-02
1.124643784999999951e+00 1.384946100000000041e-02 3.470060000000000180e-04 1.000000000000000000e+00 1.381480000000000034e-02 1.386159999999999996e-02
1.125018666999999972e+00 1.387138800000000012e-02 3.473360000000000098e-04 1.000000000000000000e+00 1.383580000000000053e-02 1.388290000000000010e-02
1.125393673000000039e+00 1.390432699999999931e-02 3.477029999999999878e-04 1.000000000000000000e+00 1.386010000000000020e-02 1.390740000000000032e-02
1.125768804000000012e+00 1.395323499999999960e-02 3.481730000000000155e-04 1.000000000000000000e+00 1.389310000000000024e-02 1.394059999999999917e-02
1.126144059999999891e+00 1.401816999999999994e-02 3.487909999999999882e-04 1.000000000000000000e+00 1.393870000000000005e-02 1.398639999999999953e-02
1.126519441999999982e+00 1.409547100000000004e-02 3.495659999999999935e-04 1.000000000000000000e+00 1.399770000000000007e-02 1.404560000000000010e-02
1.126894947999999896e+00 1.418087699999999972e-02 3.504760000000000102e-04 1.000000000000000000e+00 1.406849999999999941e-02 1.411669999999999939e-02
1.127270580000000022e+00 1.427293399999999927e-02 3.514909999999999996e-04 1.000000000000000000e+00 1.414890000000000071e-02 1.419729999999999950e-02
1.127646337000000054e+00 1.437492599999999968e-02 3.526000000000000054e-04 1.000000000000000000e+00 1.423800000000000066e-02 1.428669999999999940e-02
1.128022218999999993e+00 1.449419799999999980e-02 3.538319999999999963e-04 1.000000000000000000e+00 1.433820000000000060e-02 1.438719999999999929e-02
1.128398226000000060e+00 1.463910099999999985e-02 3.552499999999999885e-04 1.000000000000000000e+00 1.445489999999999969e-02 1.450399999999999953e-02
1.128774358999999894e+00 1.481456599999999950e-02 3.569269999999999930e-04 1.000000000000000000e+00 1.459380000000000052e-02 1.464329999999999972e-02
1.129150617000000079e+00 1.501754999999999930e-02 3.589040000000000047e-04 1.000000000000000000e+00 1.475860000000000019e-02 1.480850000000000048e-02
1.129526999999999948e+00 1.523408400000000017e-02 3.611460000000000147e-04 1.000000000000000000e+00 1.494679999999999967e-02 1.499709999999999932e-02
1.129903509000000028e+00 1.543888199999999926e-02 3.635180000000000117e-04 1.000000000000000000e+00 1.514710000000000015e-02 1.519790000000000030e-02
1.130280144000000098e+00 1.559815900000000033e-02 3.657770000000000184e-04 1.000000000000000000e+00 1.533909999999999961e-02 1.539019999999999971e-02
1.130656904000000074e+00 1.567528300000000166e-02 3.675959999999999818e-04 1.000000000000000000e+00 1.549449999999999959e-02 1.554600000000000079e-02
1.131033790000000039e+00 1.563831400000000038e-02 3.686130000000000027e-04 1.000000000000000000e+00 1.558219999999999918e-02 1.563370000000000037e-02
1.131410800999999910e+00 1.546792399999999922e-02 3.685019999999999897e-04 1.000000000000000000e+00 1.557350000000000054e-02 1.562479999999999945e-02
1.131787937999999993e+00 1.516380099999999932e-02 3.670349999999999850e-04 1.000000000000000000e+00 1.544940000000000029e-02 1.549999999999999989e-02
1.132165201000000065e+00 1.474808799999999948e-02 3.641450000000000177e-04 1.000000000000000000e+00 1.520570000000000081e-02 1.525529999999999942e-02
1.132542589000000044e+00 1.426472699999999962e-02 3.599760000000000243e-04 1.000000000000000000e+00 1.485739999999999977e-02 1.490539999999999921e-02
1.132920103000000012e+00 1.377438400000000063e-02 3.548940000000000211e-04 1.000000000000000000e+00 1.443819999999999999e-02 1.448450000000000085e-02
1.133297742999999969e+00 1.334533799999999999e-02 3.494699999999999998e-04 1.000000000000000000e+00 1.399740000000000012e-02 1.404189999999999952e-02
1.133675508999999915e+00 1.304195200000000075e-02 3.444200000000000126e-04 1.000000000000000000e+00 1.359340000000000027e-02 1.363609999999999996e-02
1.134053401000000072e+00 1.291271299999999927e-02 3.404920000000000190e-04 1.000000000000000000e+00 1.328350000000000017e-02 1.332470000000000009e-02
1.134431418999999996e+00 1.298087199999999920e-02 3.383239999999999815e-04 1.000000000000000000e+00 1.311440000000000002e-02 1.315449999999999953e-02
1.134809562999999910e+00 1.323992799999999977e-02 3.382980000000000058e-04 1.000000000000000000e+00 1.311350000000000016e-02 1.315299999999999976e-02
1.135187831999999952e+00 1.365549199999999998e-02 3.404549999999999786e-04 1.000000000000000000e+00 1.328400000000000067e-02 1.332350000000000027e-02
1.135566228000000066e+00 1.417313100000000027e-02 3.444869999999999833e-04 1.000000000000000000e+00 1.360489999999999963e-02 1.364459999999999978e-02
1.135944749999999948e+00 1.473004900000000027e-02 3.498320000000000075e-04 1.000000000000000000e+00 1.403590000000000046e-02 1.407609999999999938e-02
1.136323398999999901e+00 1.526738899999999927e-02 3.558139999999999784e-04 1.000000000000000000e+00 1.452610000000000012e-02 1.456690000000000068e-02
1.136702172999999982e+00 1.573989699999999922e-02 3.617860000000000086e-04 1.000000000000000000e+00 1.502399999999999916e-02 1.506539999999999963e-02
1.137081073999999914e+00 1.612086500000000158e-02 3.672389999999999986e-04 1.000000000000000000e+00 1.548579999999999922e-02 1.552779999999999959e-02
1.137460101000000057e+00 1.640188700000000041e-02 3.718419999999999950e-04 1.000000000000000000e+00 1.588120000000000157e-02 1.592350000000000015e-02
1.137839253999999967e+00 1.658891700000000163e-02 3.754529999999999847e-04 1.000000000000000000e+00 1.619459999999999997e-02 1.623710000000000084e-02
1.138218533999999948e+00 1.669664699999999849e-02 3.780720000000000218e-04 1.000000000000000000e+00 1.642360000000000000e-02 1.646610000000000087e-02
1.138597939999999920e+00 1.674332200000000145e-02 3.798049999999999864e-04 1.000000000000000000e+00 1.657540000000000055e-02 1.661790000000000142e-02
1.138977472999999963e+00 1.674713900000000116e-02 3.808090000000000194e-04 1.000000000000000000e+00 1.666269999999999904e-02 1.670519999999999991e-02
1.139357131999999995e+00 1.672438299999999892e-02 3.812609999999999806e-04 1.000000000000000000e+00 1.670040000000000066e-02 1.674300000000000094e-02
1.139736918000000099e+00 1.668837999999999919e-02 3.813350000000000073e-04 1.000000000000000000e+00 1.670340000000000019e-02 1.674619999999999928e-02
1.140116829999999970e+00 1.664866400000000052e-02 3.811800000000000062e-04 1.000000000000000000e+00 1.668489999999999904e-02 1.672799999999999981e-02
1.140496868999999913e+00 1.660992600000000055e-02 3.809139999999999922e-04 1.000000000000000000e+00 1.665509999999999907e-02 1.669879999999999975e-02
1.140877034999999928e+00 1.657112999999999989e-02 3.806039999999999901e-04 1.000000000000000000e+00 1.662009999999999876e-02 1.666439999999999935e-02
1.141257326999999933e+00 1.652560299999999982e-02 3.802599999999999947e-04 1.000000000000000000e+00 1.658089999999999911e-02 1.662610000000000129e-02
1.141637746000000009e+00 1.646276799999999915e-02 3.798370000000000023e-04 1.000000000000000000e+00 1.653380000000000127e-02 1.658000000000000099e-02
1.142018291999999935e+00 1.637132000000000170e-02 3.792429999999999738e-04 1.000000000000000000e+00 1.647150000000000003e-02 1.651849999999999846e-02
1.142398964999999933e+00 1.624329099999999998e-02 3.783769999999999994e-04 1.000000000000000000e+00 1.638509999999999966e-02 1.643299999999999969e-02
1.142779763999999920e+00 1.607739000000000043e-02 3.771569999999999805e-04 1.000000000000000000e+00 1.626810000000000062e-02 1.631669999999999995e-02
1.143160691000000062e+00 1.588054599999999886e-02 3.755529999999999871e-04 1.000000000000000000e+00 1.611860000000000029e-02 1.616760000000000072e-02
1.143541743999999971e+00 1.566704899999999887e-02 3.736120000000000001e-04 1.000000000000000000e+00 1.594080000000000150e-02 1.599019999999999955e-02
1.143922925000000035e+00 1.545566699999999932e-02 3.714510000000000186e-04 1.000000000000000000e+00 1.574549999999999908e-02 1.579500000000000001e-02
1.144304232999999948e+00 1.526581299999999961e-02 3.692410000000000245e-04 1.000000000000000000e+00 1.554739999999999941e-02 1.559699999999999975e-02
1.144685667000000073e+00 1.511410200000000079e-02 3.671759999999999824e-04 1.000000000000000000e+00 1.536320000000000047e-02 1.541280000000000081e-02
1.145067228999999909e+00 1.501196599999999985e-02 3.654409999999999863e-04 1.000000000000000000e+00 1.520799999999999930e-02 1.525770000000000078e-02
1.145448918000000038e+00 1.496475899999999935e-02 3.641790000000000110e-04 1.000000000000000000e+00 1.509360000000000042e-02 1.514350000000000071e-02
1.145830735000000100e+00 1.497166899999999995e-02 3.634810000000000254e-04 1.000000000000000000e+00 1.502700000000000043e-02 1.507720000000000067e-02
1.146212677999999929e+00 1.502633999999999914e-02 3.633679999999999809e-04 1.000000000000000000e+00 1.500980000000000023e-02 1.506039999999999983e-02
1.146594748999999913e+00 1.511788699999999999e-02 3.637979999999999751e-04 1.000000000000000000e+00 1.503849999999999978e-02 1.508959999999999989e-02
1.146976946999999969e+00 1.523244900000000034e-02 3.646759999999999759e-04 1.000000000000000000e+00 1.510509999999999978e-02 1.515679999999999979e-02
1.147359272999999957e+00 1.535540099999999943e-02 3.658639999999999787e-04 1.000000000000000000e+00 1.519840000000000080e-02 1.525070000000000071e-02
1.147741726000000018e+00 1.547399399999999960e-02 3.672109999999999914e-04 1.000000000000000000e+00 1.530590000000000075e-02 1.535880000000000058e-02
1.148124307000000011e+00 1.557961799999999994e-02 3.685790000000000095e-04 1.000000000000000000e+00 1.541599999999999915e-02 1.546950000000000061e-02
1.148507015000000075e+00 1.566892500000000021e-02 3.698640000000000217e-04 1.000000000000000000e+00 1.552010000000000021e-02 1.557419999999999985e-02
1.148889851000000073e+00 1.574320400000000023e-02 3.710079999999999823e-04 1.000000000000000000e+00 1.561339999999999950e-02 1.566789999999999849e-02
1.149272813999999920e+00 1.580645799999999893e-02 3.720020000000000206e-04 1.000000000000000000e+00 1.569479999999999834e-02 1.574959999999999902e-02
1.149655904999999922e+00 1.586295600000000097e-02 3.728639999999999862e-04 1.000000000000000000e+00 1.576599999999999877e-02 1.582110000000000113e-02
1.150039122999999996e+00 1.591556200000000115e-02 3.736240000000000264e-04 1.000000000000000000e+00 1.582949999999999982e-02 1.588480000000000100e-02
1.150422470000000086e+00 1.596542800000000026e-02 3.743090000000000241e-04 1.000000000000000000e+00 1.588749999999999885e-02 1.594289999999999943e-02
1.150805944000000025e+00 1.601294400000000118e-02 3.749369999999999916e-04 1.000000000000000000e+00 1.594140000000000140e-02 1.599690000000000140e-02
1.151189545999999897e+00 1.605919600000000128e-02 3.755210000000000253e-04 1.000000000000000000e+00 1.599199999999999927e-02 1.604759999999999867e-02
1.151573275999999924e+00 1.610690799999999964e-02 3.760820000000000222e-04 1.000000000000000000e+00 1.604080000000000089e-02 1.609640000000000029e-02
1.151957133000000022e+00 1.616027800000000014e-02 3.766530000000000138e-04 1.000000000000000000e+00 1.609019999999999895e-02 1.614590000000000122e-02
1.152341118999999914e+00 1.622386400000000103e-02 3.772760000000000111e-04 1.000000000000000000e+00 1.614360000000000100e-02 1.619939999999999922e-02
1.152725232999999960e+00 1.630105499999999832e-02 3.780000000000000265e-04 1.000000000000000000e+00 1.620479999999999837e-02 1.626079999999999887e-02
1.153109474999999939e+00 1.639294300000000010e-02 3.788630000000000079e-04 1.000000000000000000e+00 1.627680000000000099e-02 1.633319999999999911e-02
1.153493843999999990e+00 1.649802200000000107e-02 3.798809999999999904e-04 1.000000000000000000e+00 1.636129999999999876e-02 1.641810000000000144e-02
1.153878342000000057e+00 1.661269400000000077e-02 3.810470000000000263e-04 1.000000000000000000e+00 1.645790000000000100e-02 1.651520000000000071e-02
1.154262968999999917e+00 1.673225799999999985e-02 3.823319999999999844e-04 1.000000000000000000e+00 1.656420000000000115e-02 1.662210000000000076e-02
1.154647723000000070e+00 1.685188599999999995e-02 3.836910000000000234e-04 1.000000000000000000e+00 1.667700000000000085e-02 1.673559999999999978e-02
1.155032604999999934e+00 1.696734600000000120e-02 3.850729999999999908e-04 1.000000000000000000e+00 1.679210000000000078e-02 1.685129999999999961e-02
1.155417616000000036e+00 1.707532399999999936e-02 3.864310000000000141e-04 1.000000000000000000e+00 1.690569999999999920e-02 1.696550000000000141e-02
1.155802755999999931e+00 1.717357099999999859e-02 3.877260000000000211e-04 1.000000000000000000e+00 1.701410000000000075e-02 1.707459999999999881e-02
1.156188022999999898e+00 1.726094800000000165e-02 3.889270000000000119e-04 1.000000000000000000e+00 1.711489999999999886e-02 1.717590000000000089e-02
1.156573419000000102e+00 1.733745299999999920e-02 3.900190000000000210e-04 1.000000000000000000e+00 1.720620000000000135e-02 1.726770000000000041e-02
1.156958944000000100e+00 1.740419699999999972e-02 3.909979999999999858e-04 1.000000000000000000e+00 1.728750000000000078e-02 1.734950000000000034e-02
1.157344597000000030e+00 1.746325099999999908e-02 3.918719999999999777e-04 1.000000000000000000e+00 1.735940000000000052e-02 1.742190000000000058e-02
1.157730377999999893e+00 1.751732900000000162e-02 3.926579999999999936e-04 1.000000000000000000e+00 1.742350000000000149e-02 1.748649999999999857e-02
1.158116287999999994e+00 1.756938900000000123e-02 3.933809999999999933e-04 1.000000000000000000e+00 1.748210000000000042e-02 1.754560000000000147e-02
1.158502327000000109e+00 1.762222499999999831e-02 3.940670000000000067e-04 1.000000000000000000e+00 1.753789999999999863e-02 1.760180000000000078e-02
1.158888493999999936e+00 1.767813600000000054e-02 3.947409999999999938e-04 1.000000000000000000e+00 1.759350000000000150e-02 1.765780000000000127e-02
1.159274791000000082e+00 1.773873100000000064e-02 3.954280000000000230e-04 1.000000000000000000e+00 1.765100000000000002e-02 1.771560000000000148e-02
1.159661215999999939e+00 1.780479399999999879e-02 3.961440000000000209e-04 1.000000000000000000e+00 1.771199999999999858e-02 1.777690000000000173e-02
1.160047768999999951e+00 1.787621600000000033e-02 3.968999999999999980e-04 1.000000000000000000e+00 1.777739999999999876e-02 1.784250000000000072e-02
1.160434452000000061e+00 1.795197899999999985e-02 3.977000000000000175e-04 1.000000000000000000e+00 1.784710000000000116e-02 1.791250000000000134e-02
1.160821263000000103e+00 1.803017300000000003e-02 3.985409999999999777e-04 1.000000000000000000e+00 1.792039999999999952e-02 1.798610000000000139e-02
1.161208204000000022e+00 1.810815899999999867e-02 3.994070000000000064e-04 1.000000000000000000e+00 1.799589999999999870e-02 1.806200000000000166e-02
1.161595273000000095e+00 1.818277999999999908e-02 4.002790000000000211e-04 1.000000000000000000e+00 1.807150000000000076e-02 1.813789999999999847e-02
1.161982472000000044e+00 1.825074600000000172e-02 4.011269999999999831e-04 1.000000000000000000e+00 1.814469999999999972e-02 1.821149999999999852e-02
1.162369798999999926e+00 1.830907099999999968e-02 4.019210000000000165e-04 1.000000000000000000e+00 1.821259999999999893e-02 1.827979999999999883e-02
1.162757255999999906e+00 1.835556299999999835e-02 4.026300000000000126e-04 1.000000000000000000e+00 1.827259999999999995e-02 1.834020000000000095e-02
1.163144841000000040e+00 1.838927400000000059e-02 4.032279999999999957e-04 1.000000000000000000e+00 1.832270000000000079e-02 1.839069999999999941e-02
1.163532556000000051e+00 1.841081500000000051e-02 4.037019999999999780e-04 1.000000000000000000e+00 1.836170000000000163e-02 1.842989999999999906e-02
1.163920400999999938e+00 1.842240900000000070e-02 4.040520000000000136e-04 1.000000000000000000e+00 1.838959999999999900e-02 1.845810000000000159e-02
1.164308373999999979e+00 1.842761299999999894e-02 4.042949999999999908e-04 1.000000000000000000e+00 1.840779999999999847e-02 1.847640000000000046e-02
1.164696476999999897e+00 1.843070399999999914e-02 4.044590000000000251e-04 1.000000000000000000e+00 1.841889999999999847e-02 1.848769999999999927e-02
1.165084709000000052e+00 1.843587099999999951e-02 4.045860000000000190e-04 1.000000000000000000e+00 1.842649999999999844e-02 1.849539999999999865e-02
1.165473071000000083e+00 1.844638100000000128e-02 4.047139999999999744e-04 1.000000000000000000e+00 1.843399999999999900e-02 1.850299999999999861e-02
1.165861561999999907e+00 1.846396999999999969e-02 4.048790000000000245e-04 1.000000000000000000e+00 1.844470000000000137e-02 1.851389999999999980e-02
1.166250181999999969e+00 1.848862700000000053e-02 4.051020000000000120e-04 1.000000000000000000e+00 1.846060000000000062e-02 1.852989999999999846e-02
1.166638931999999906e+00 1.851880499999999929e-02 4.053889999999999772e-04 1.000000000000000000e+00 1.848220000000000071e-02 1.855170000000000083e-02
1.167027811999999942e+00 1.855195499999999845e-02 4.057299999999999796e-04 1.000000000000000000e+00 1.850900000000000115e-02 1.857870000000000008e-02
1.167416820999999993e+00 1.858521800000000057e-02 4.061070000000000066e-04 1.000000000000000000e+00 1.853909999999999933e-02 1.860900000000000054e-02
1.167805959999999921e+00 1.861604099999999984e-02 4.064939999999999743e-04 1.000000000000000000e+00 1.857030000000000139e-02 1.864029999999999854e-02
1.168195228999999946e+00 1.864256300000000088e-02 4.068669999999999926e-04 1.000000000000000000e+00 1.860010000000000135e-02 1.867040000000000019e-02
1.168584626999999987e+00 1.866371400000000139e-02 4.072090000000000106e-04 1.000000000000000000e+00 1.862679999999999891e-02 1.869720000000000062e-02
1.168974154999999904e+00 1.867906999999999901e-02 4.075050000000000091e-04 1.000000000000000000e+00 1.864889999999999950e-02 1.871959999999999943e-02
1.169363812999999919e+00 1.868857100000000104e-02 4.077500000000000178e-04 1.000000000000000000e+00 1.866579999999999975e-02 1.873669999999999849e-02
1.169753601000000032e+00 1.869223799999999991e-02 4.079409999999999894e-04 1.000000000000000000e+00 1.867720000000000144e-02 1.874829999999999899e-02
1.170143519000000021e+00 1.869002499999999900e-02 4.080760000000000008e-04 1.000000000000000000e+00 1.868289999999999881e-02 1.875430000000000152e-02
1.170533567000000108e+00 1.868183699999999975e-02 4.081530000000000206e-04 1.000000000000000000e+00 1.868310000000000110e-02 1.875469999999999915e-02
1.170923745000000071e+00 1.866777500000000103e-02 4.081679999999999857e-04 1.000000000000000000e+00 1.867769999999999847e-02 1.874960000000000168e-02
1.171314052999999911e+00 1.864849299999999863e-02 4.081210000000000046e-04 1.000000000000000000e+00 1.866699999999999957e-02 1.873899999999999871e-02
1.171704491000000070e+00 1.862554400000000082e-02 4.080140000000000004e-04 1.000000000000000000e+00 1.865170000000000022e-02 1.872379999999999878e-02
1.172095059000000106e+00 1.860152600000000017e-02 4.078600000000000151e-04 1.000000000000000000e+00 1.863300000000000026e-02 1.870509999999999881e-02
1.172485757000000017e+00 1.857985599999999876e-02 4.076780000000000226e-04 1.000000000000000000e+00 1.861290000000000167e-02 1.868490000000000081e-02
1.172876586000000110e+00 1.856414199999999876e-02 4.075010000000000004e-04 1.000000000000000000e+00 1.859430000000000111e-02 1.866610000000000144e-02
1.173267545000000078e+00 1.855727600000000102e-02 4.073610000000000187e-04 1.000000000000000000e+00 1.857980000000000048e-02 1.865150000000000141e-02
1.173658633999999923e+00 1.856051599999999913e-02 4.072890000000000234e-04 1.000000000000000000e+00 1.857200000000000170e-02 1.864350000000000035e-02
1.174049853000000088e+00 1.857290500000000066e-02 4.073020000000000113e-04 1.000000000000000000e+00 1.857220000000000051e-02 1.864340000000000094e-02
1.174441202999999989e+00 1.859132299999999988e-02 4.073999999999999822e-04 1.000000000000000000e+00 1.857970000000000108e-02 1.865090000000000151e-02
1.174832684000000071e+00 1.861122200000000018e-02 4.075649999999999781e-04 1.000000000000000000e+00 1.859260000000000079e-02 1.866369999999999835e-02
1.175224295000000030e+00 1.862786599999999987e-02 4.077630000000000057e-04 1.000000000000000000e+00 1.860739999999999963e-02 1.867860000000000006e-02
1.175616036000000086e+00 1.863768700000000000e-02 4.079560000000000087e-04 1.000000000000000000e+00 1.862060000000000104e-02 1.869190000000000088e-02
1.176007908000000102e+00 1.863925599999999988e-02 4.081110000000000098e-04 1.000000000000000000e+00 1.862899999999999973e-02 1.870049999999999837e-02
1.176399911000000076e+00 1.863352399999999853e-02 4.082119999999999737e-04 1.000000000000000000e+00 1.863120000000000054e-02 1.870300000000000087e-02
1.176792043999999926e+00 1.862325700000000070e-02 4.082600000000000248e-04 1.000000000000000000e+00 1.862750000000000170e-02 1.869960000000000025e-02
1.177184307999999957e+00 1.861184800000000028e-02 4.082690000000000039e-04 1.000000000000000000e+00 1.861979999999999885e-02 1.869219999999999909e-02
1.177576702999999947e+00 1.860199400000000017e-02 4.082630000000000178e-04 1.000000000000000000e+00 1.861049999999999857e-02 1.868320000000000050e-02
1.177969228000000035e+00 1.859469600000000084e-02 4.082620000000000021e-04 1.000000000000000000e+00 1.860180000000000167e-02 1.867479999999999835e-02
1.178361884999999942e+00 1.858896399999999949e-02 4.082709999999999811e-04 1.000000000000000000e+00 1.859459999999999932e-02 1.866779999999999828e-02
1.178754671999999948e+00 1.858229100000000078e-02 4.082860000000000005e-04 1.000000000000000000e+00 1.858840000000000145e-02 1.866189999999999863e-02
1.179147589999999912e+00 1.857172299999999832e-02 4.082860000000000005e-04 1.000000000000000000e+00 1.858160000000000020e-02 1.865520000000000025e-02
1.179540639999999918e+00 1.855512499999999870e-02 4.082479999999999985e-04 1.000000000000000000e+00 1.857160000000000061e-02 1.864539999999999947e-02
1.179933820000000022e+00 1.853219799999999973e-02 4.081549999999999978e-04 1.000000000000000000e+00 1.855690000000000117e-02 1.863070000000000004e-02
1.180327131000000085e+00 1.850488100000000080e-02 4.080050000000000213e-04 1.000000000000000000e+00 1.853679999999999911e-02 1.861070000000000085e-02
1.180720573000000106e+00 1.847697099999999829e-02 4.078139999999999955e-04 1.000000000000000000e+00 1.851260000000000058e-02 1.858660000000000173e-02
1.181114146999999948e+00 1.845309900000000058e-02 4.076139999999999907e-04 1.000000000000000000e+00 1.848709999999999937e-02 1.856129999999999933e-02
1.181507851999999970e+00 1.843739900000000015e-02 4.074460000000000017e-04 1.000000000000000000e+00 1.846400000000000124e-02 1.853840000000000002e-02
1.181901687999999950e+00 1.843239500000000072e-02 4.073489999999999923e-04 1.000000000000000000e+00 1.844710000000000100e-02 1.852169999999999858e-02
1.182295654999999890e+00 1.843845300000000048e-02 4.073479999999999766e-04 1.000000000000000000e+00 1.843880000000000172e-02 1.851380000000000040e-02
1.182689753000000010e+00 1.845397299999999852e-02 4.074510000000000263e-04 1.000000000000000000e+00 1.844020000000000034e-02 1.851560000000000011e-02
1.183083982999999950e+00 1.847607899999999942e-02 4.076479999999999839e-04 1.000000000000000000e+00 1.845079999999999984e-02 1.852650000000000130e-02
1.183478344999999932e+00 1.850145499999999998e-02 4.079159999999999752e-04 1.000000000000000000e+00 1.846839999999999940e-02 1.854439999999999908e-02
1.183872837000000011e+00 1.852693099999999995e-02 4.082250000000000158e-04 1.000000000000000000e+00 1.849059999999999940e-02 1.856680000000000136e-02
1.184267461999999993e+00 1.854970300000000072e-02 4.085420000000000197e-04 1.000000000000000000e+00 1.851430000000000090e-02 1.859080000000000107e-02
1.184662217999999934e+00 1.856734000000000162e-02 4.088380000000000182e-04 1.000000000000000000e+00 1.853669999999999971e-02 1.861329999999999929e-02
1.185057105000000055e+00 1.857786200000000054e-02 4.090879999999999972e-04 1.000000000000000000e+00 1.855530000000000027e-02 1.863199999999999926e-02
1.185452123999999996e+00 1.858008599999999913e-02 4.092710000000000055e-04 1.000000000000000000e+00 1.856789999999999830e-02 1.864470000000000016e-02
1.185847274999999978e+00 1.857417700000000074e-02 4.093750000000000167e-04 1.000000000000000000e+00 1.857330000000000092e-02 1.865009999999999932e-02
1.186242556999999920e+00 1.856209799999999910e-02 4.093999999999999766e-04 1.000000000000000000e+00 1.857129999999999892e-02 1.864810000000000079e-02
1.186637970999999903e+00 1.854759500000000005e-02 4.093619999999999746e-04 1.000000000000000000e+00 1.856359999999999955e-02 1.864029999999999854e-02
1.187033516999999927e+00 1.853553700000000123e-02 4.092939999999999881e-04 1.000000000000000000e+00 1.855290000000000064e-02 1.862959999999999963e-02
1.187429194999999993e+00 1.853072299999999895e-02 4.092370000000000122e-04 1.000000000000000000e+00 1.854329999999999867e-02 1.862000000000000113e-02
1.187825005000000100e+00 1.853657499999999958e-02 4.092349999999999807e-04 1.000000000000000000e+00 1.853859999999999883e-02 1.861530000000000129e-02
1.188220947000000027e+00 1.855420699999999964e-02 4.093249999999999883e-04 1.000000000000000000e+00 1.854199999999999945e-02 1.861880000000000132e-02
1.188617019999999913e+00 1.858219100000000137e-02 4.095209999999999844e-04 1.000000000000000000e+00 1.855499999999999858e-02 1.863189999999999985e-02
1.189013225999999923e+00 1.861708899999999986e-02 4.098199999999999760e-04 1.000000000000000000e+00 1.857699999999999976e-02 1.865409999999999985e-02
1.189409563999999975e+00 1.865447400000000075e-02 4.101989999999999803e-04 1.000000000000000000e+00 1.860569999999999932e-02 1.868310000000000110e-02
1.189806032999999985e+00 1.869004200000000046e-02 4.106229999999999884e-04 1.000000000000000000e+00 1.863770000000000010e-02 1.871549999999999950e-02
1.190202634999999898e+00 1.872046499999999863e-02 4.110539999999999984e-04 1.000000000000000000e+00 1.866970000000000088e-02 1.874790000000000137e-02
1.190599369999999935e+00 1.874379799999999902e-02 4.114589999999999784e-04 1.000000000000000000e+00 1.869840000000000044e-02 1.877710000000000143e-02
1.190996235999999930e+00 1.875946400000000000e-02 4.118160000000000158e-04 1.000000000000000000e+00 1.872189999999999965e-02 1.880110000000000114e-02
1.191393235000000050e+00 1.876799100000000123e-02 4.121129999999999759e-04 1.000000000000000000e+00 1.873910000000000159e-02 1.881889999999999952e-02
1.191790365999999990e+00 1.877063299999999837e-02 4.123479999999999897e-04 1.000000000000000000e+00 1.875009999999999871e-02 1.883040000000000061e-02
1.192187628999999971e+00 1.876901099999999864e-02 4.125280000000000049e-04 1.000000000000000000e+00 1.875560000000000074e-02 1.883649999999999908e-02
1.192585025000000076e+00 1.876481899999999856e-02 4.126620000000000006e-04 1.000000000000000000e+00 1.875689999999999996e-02 1.883840000000000167e-02
1.192982554000000084e+00 1.875956499999999888e-02 4.127630000000000188e-04 1.000000000000000000e+00 1.875539999999999846e-02 1.883740000000000067e-02
1.193380214000000050e+00 1.875437300000000126e-02 4.128410000000000001e-04 1.000000000000000000e+00 1.875249999999999834e-02 1.883500000000000105e-02
1.193778008000000002e+00 1.874984299999999868e-02 4.129080000000000250e-04 1.000000000000000000e+00 1.874920000000000059e-02 1.883210000000000092e-02
1.194175933999999994e+00 1.874599999999999878e-02 4.129660000000000167e-04 1.000000000000000000e+00 1.874620000000000106e-02 1.882949999999999902e-02
1.194573992999999890e+00 1.874232899999999855e-02 4.130189999999999838e-04 1.000000000000000000e+00 1.874349999999999974e-02 1.882699999999999999e-02
1.194972184000000048e+00 1.873792499999999903e-02 4.130620000000000103e-04 1.000000000000000000e+00 1.874079999999999843e-02 1.882450000000000095e-02
1.195370508000000109e+00 1.873171400000000000e-02 4.130900000000000175e-04 1.000000000000000000e+00 1.873719999999999899e-02 1.882110000000000033e-02
1.195768965000000073e+00 1.872274499999999897e-02 4.130949999999999878e-04 1.000000000000000000e+00 1.873199999999999865e-02 1.881589999999999999e-02
1.196167554000000077e+00 1.871050399999999933e-02 4.130699999999999737e-04 1.000000000000000000e+00 1.872419999999999987e-02 1.880830000000000002e-02
1.196566277000000067e+00 1.869514400000000034e-02 4.130129999999999977e-04 1.000000000000000000e+00 1.871340000000000156e-02 1.879750000000000171e-02
1.196965132000000098e+00 1.867757700000000076e-02 4.129240000000000059e-04 1.000000000000000000e+00 1.869969999999999966e-02 1.878389999999999921e-02
1.197364120999999892e+00 1.865935000000000163e-02 4.128119999999999771e-04 1.000000000000000000e+00 1.868380000000000041e-02 1.876809999999999937e-02
1.197763241999999950e+00 1.864227400000000034e-02 4.126919999999999851e-04 1.000000000000000000e+00 1.866680000000000075e-02 1.875119999999999912e-02
1.198162496999999993e+00 1.862791600000000131e-02 4.125779999999999790e-04 1.000000000000000000e+00 1.865030000000000160e-02 1.873479999999999937e-02
1.198561884000000077e+00 1.861708800000000039e-02 4.124870000000000099e-04 1.000000000000000000e+00 1.863570000000000157e-02 1.872029999999999875e-02
1.198961404999999925e+00 1.860951300000000114e-02 4.124260000000000252e-04 1.000000000000000000e+00 1.862360000000000057e-02 1.870830000000000062e-02
1.199361058000000035e+00 1.860378099999999979e-02 4.123959999999999865e-04 1.000000000000000000e+00 1.861410000000000148e-02 1.869900000000000034e-02
1.199760844999999909e+00 1.859761999999999874e-02 4.123870000000000075e-04 1.000000000000000000e+00 1.860619999999999982e-02 1.869140000000000038e-02
1.200160765999999990e+00 1.858840599999999829e-02 4.123800000000000057e-04 1.000000000000000000e+00 1.859830000000000164e-02 1.868380000000000041e-02
1.200560818999999890e+00 1.857379699999999953e-02 4.123509999999999827e-04 1.000000000000000000e+00 1.858840000000000145e-02 1.867409999999999903e-02
1.200961005999999998e+00 1.855236500000000122e-02 4.122789999999999875e-04 1.000000000000000000e+00 1.857440000000000133e-02 1.866030000000000119e-02
1.201361327000000090e+00 1.852410700000000146e-02 4.121470000000000233e-04 1.000000000000000000e+00 1.855489999999999917e-02 1.864100000000000132e-02
1.201761780000000002e+00 1.849072599999999900e-02 4.119519999999999888e-04 1.000000000000000000e+00 1.852979999999999905e-02 1.861610000000000001e-02
1.202162367999999981e+00 1.845558099999999868e-02 4.117069999999999801e-04 1.000000000000000000e+00 1.849989999999999968e-02 1.858639999999999945e-02
1.202563088000000002e+00 1.842319599999999932e-02 4.114389999999999888e-04 1.000000000000000000e+00 1.846789999999999890e-02 1.855460000000000095e-02
1.202963943000000091e+00 1.839836900000000122e-02 4.111900000000000255e-04 1.000000000000000000e+00 1.843730000000000022e-02 1.852420000000000108e-02
1.203364931000000082e+00 1.838503299999999854e-02 4.110040000000000243e-04 1.000000000000000000e+00 1.841220000000000009e-02 1.849929999999999977e-02
1.203766051999999975e+00 1.838520899999999958e-02 4.109210000000000185e-04 1.000000000000000000e+00 1.839609999999999856e-02 1.848349999999999993e-02
1.204167307999999936e+00 1.839840100000000173e-02 4.109629999999999750e-04 1.000000000000000000e+00 1.839119999999999991e-02 1.847899999999999890e-02
1.204568697000000022e+00 1.842171299999999928e-02 4.111329999999999954e-04 1.000000000000000000e+00 1.839800000000000116e-02 1.848620000000000124e-02
1.204970220000000092e+00 1.845065200000000141e-02 4.114079999999999885e-04 1.000000000000000000e+00 1.841479999999999853e-02 1.850339999999999971e-02
1.205371876000000064e+00 1.848036999999999944e-02 4.117510000000000224e-04 1.000000000000000000e+00 1.843819999999999834e-02 1.852730000000000002e-02
1.205773667000000104e+00 1.850688699999999964e-02 4.121180000000000004e-04 1.000000000000000000e+00 1.846449999999999828e-02 1.855390000000000164e-02
1.206175591999999908e+00 1.852792099999999928e-02 4.124689999999999975e-04 1.000000000000000000e+00 1.848999999999999949e-02 1.857970000000000108e-02
1.206577650000000057e+00 1.854309900000000039e-02 4.127770000000000224e-04 1.000000000000000000e+00 1.851210000000000008e-02 1.860209999999999989e-02
1.206979843000000052e+00 1.855357900000000060e-02 4.130329999999999874e-04 1.000000000000000000e+00 1.852969999999999964e-02 1.861990000000000173e-02
1.207382168999999950e+00 1.856133800000000014e-02 4.132429999999999871e-04 1.000000000000000000e+00 1.854290000000000105e-02 1.863340000000000135e-02
1.207784629999999915e+00 1.856839299999999901e-02 4.134210000000000250e-04 1.000000000000000000e+00 1.855300000000000005e-02 1.864379999999999857e-02
1.208187225000000087e+00 1.857622299999999935e-02 4.135869999999999824e-04 1.000000000000000000e+00 1.856139999999999873e-02 1.865249999999999894e-02
1.208589954000000022e+00 1.858550600000000164e-02 4.137550000000000255e-04 1.000000000000000000e+00 1.856959999999999861e-02 1.866100000000000050e-02
1.208992816999999942e+00 1.859618899999999908e-02 4.139340000000000250e-04 1.000000000000000000e+00 1.857860000000000067e-02 1.867030000000000078e-02
1.209395814999999930e+00 1.860775500000000013e-02 4.141249999999999966e-04 1.000000000000000000e+00 1.858860000000000026e-02 1.868070000000000147e-02
1.209798946999999902e+00 1.861956999999999848e-02 4.143239999999999857e-04 1.000000000000000000e+00 1.859960000000000085e-02 1.869200000000000028e-02
1.210202213000000082e+00 1.863114199999999984e-02 4.145269999999999836e-04 1.000000000000000000e+00 1.861120000000000135e-02 1.870389999999999900e-02
1.210605614000000108e+00 1.864221799999999860e-02 4.147269999999999885e-04 1.000000000000000000e+00 1.862279999999999838e-02 1.871580000000000119e-02
1.211009148999999896e+00 1.865270800000000048e-02 4.149220000000000230e-04 1.000000000000000000e+00 1.863410000000000066e-02 1.872740000000000168e-02
1.211412818999999974e+00 1.866252700000000167e-02 4.151129999999999946e-04 1.000000000000000000e+00 1.864460000000000076e-02 1.873820000000000000e-02
1.211816623000000037e+00 1.867147699999999882e-02 4.152979999999999801e-04 1.000000000000000000e+00 1.865419999999999925e-02 1.874810000000000018e-02
1.212220561999999946e+00 1.867925000000000141e-02 4.154790000000000111e-04 1.000000000000000000e+00 1.866270000000000082e-02 1.875699999999999937e-02
1.212624635999999922e+00 1.868557499999999941e-02 4.156550000000000175e-04 1.000000000000000000e+00 1.866989999999999969e-02 1.876469999999999874e-02
1.213028844000000106e+00 1.869038599999999981e-02 4.158230000000000064e-04 1.000000000000000000e+00 1.867589999999999875e-02 1.877119999999999830e-02
1.213433186999999913e+00 1.869393600000000127e-02 4.159810000000000005e-04 1.000000000000000000e+00 1.868080000000000088e-02 1.877670000000000033e-02
1.213837663999999927e+00 1.869672500000000084e-02 4.161309999999999770e-04 1.000000000000000000e+00 1.868490000000000081e-02 1.878130000000000077e-02
1.214242277000000092e+00 1.869927299999999890e-02 4.162710000000000130e-04 1.000000000000000000e+00 1.868859999999999966e-02 1.878540000000000071e-02
1.214647024000000020e+00 1.870182499999999831e-02 4.164029999999999771e-04 1.000000000000000000e+00 1.869219999999999909e-02 1.878940000000000124e-02
1.215051907000000098e+00 1.870416000000000092e-02 4.165279999999999937e-04 1.000000000000000000e+00 1.869569999999999912e-02 1.879329999999999889e-02
1.215456923999999939e+00 1.870558099999999890e-02 4.166430000000000155e-04 1.000000000000000000e+00 1.869880000000000153e-02 1.879669999999999952e-02
1.215862076000000069e+00 1.870514300000000046e-02 4.167430000000000179e-04 1.000000000000000000e+00 1.870070000000000066e-02 1.879890000000000033e-02
1.216267363999999906e+00 1.870202400000000112e-02 4.168229999999999765e-04 1.000000000000000000e+00 1.870089999999999947e-02 1.879930000000000143e-02
1.216672785999999951e+00 1.869589300000000162e-02 4.168779999999999751e-04 1.000000000000000000e+00 1.869849999999999984e-02 1.879720000000000002e-02
1.217078343999999923e+00 1.868713500000000055e-02 4.169059999999999823e-04 1.000000000000000000e+00 1.869339999999999891e-02 1.879240000000000077e-02
1.217484036999999963e+00 1.867683300000000032e-02 4.169099999999999911e-04 1.000000000000000000e+00 1.868589999999999834e-02 1.878530000000000130e-02
1.217889865000000071e+00 1.866649999999999907e-02 4.168989999999999805e-04 1.000000000000000000e+00 1.867699999999999916e-02 1.877670000000000033e-02
1.218295828000000025e+00 1.865765700000000110e-02 4.168819999999999839e-04 1.000000000000000000e+00 1.866800000000000057e-02 1.876799999999999996e-02
1.218701926000000046e+00 1.865141000000000021e-02 4.168719999999999891e-04 1.000000000000000000e+00 1.866019999999999832e-02 1.876039999999999999e-02
1.219108159999999996e+00 1.864817200000000105e-02 4.168770000000000136e-04 1.000000000000000000e+00 1.865440000000000154e-02 1.875479999999999856e-02
1.219514530000000097e+00 1.864762999999999837e-02 4.169010000000000120e-04 1.000000000000000000e+00 1.865100000000000091e-02 1.875160000000000021e-02
1.219921035000000042e+00 1.864895199999999989e-02 4.169450000000000001e-04 1.000000000000000000e+00 1.864999999999999991e-02 1.875069999999999862e-02
1.220327675000000056e+00 1.865114799999999934e-02 4.170019999999999760e-04 1.000000000000000000e+00 1.865059999999999982e-02 1.875129999999999852e-02
1.220734450999999998e+00 1.865343200000000104e-02 4.170690000000000009e-04 1.000000000000000000e+00 1.865199999999999844e-02 1.875280000000000002e-02
1.221141362000000008e+00 1.865545799999999976e-02 4.171409999999999962e-04 1.000000000000000000e+00 1.865340000000000054e-02 1.875440000000000093e-02
1.221548410000000029e+00 1.865735300000000152e-02 4.172180000000000159e-04 1.000000000000000000e+00 1.865460000000000035e-02 1.875570000000000015e-02
1.221955592000000035e+00 1.865956200000000106e-02 4.173010000000000217e-04 1.000000000000000000e+00 1.865560000000000135e-02 1.875689999999999996e-02
1.222362911000000052e+00 1.866260499999999878e-02 4.173959999999999997e-04 1.000000000000000000e+00 1.865659999999999888e-02 1.875829999999999859e-02
1.222770364999999915e+00 1.866682799999999989e-02 4.175079999999999742e-04 1.000000000000000000e+00 1.865829999999999919e-02 1.876039999999999999e-02
1.223177954999999928e+00 1.867226199999999850e-02 4.176389999999999768e-04 1.000000000000000000e+00 1.866109999999999991e-02 1.876359999999999834e-02
1.223585681000000092e+00 1.867861200000000069e-02 4.177890000000000076e-04 1.000000000000000000e+00 1.866510000000000044e-02 1.876819999999999877e-02
1.223993542999999962e+00 1.868537699999999954e-02 4.179520000000000262e-04 1.000000000000000000e+00 1.867040000000000019e-02 1.877399999999999902e-02
1.224401540999999982e+00 1.869202000000000016e-02 4.181230000000000081e-04 1.000000000000000000e+00 1.867649999999999866e-02 1.878060000000000146e-02
1.224809674999999931e+00 1.869814100000000145e-02 4.182950000000000058e-04 1.000000000000000000e+00 1.868300000000000169e-02 1.878770000000000093e-02
1.225217945000000030e+00 1.870357099999999870e-02 4.184600000000000017e-04 1.000000000000000000e+00 1.868950000000000125e-02 1.879460000000000158e-02
1.225626351000000058e+00 1.870837900000000067e-02 4.186169999999999800e-04 1.000000000000000000e+00 1.869569999999999912e-02 1.880120000000000055e-02
1.226034893000000014e+00 1.871278499999999914e-02 4.187640000000000177e-04 1.000000000000000000e+00 1.870130000000000056e-02 1.880719999999999961e-02
1.226443570999999899e+00 1.871703599999999940e-02 4.189039999999999994e-04 1.000000000000000000e+00 1.870650000000000091e-02 1.881280000000000105e-02
1.226852386000000017e+00 1.872129299999999996e-02 4.190379999999999951e-04 1.000000000000000000e+00 1.871130000000000015e-02 1.881789999999999852e-02
1.227261335999999980e+00 1.872557299999999883e-02 4.191689999999999978e-04 1.000000000000000000e+00 1.871590000000000059e-02 1.882280000000000064e-02
1.227670424000000038e+00 1.872976599999999839e-02 4.192980000000000231e-04 1.000000000000000000e+00 1.872029999999999875e-02 1.882759999999999989e-02
1.228079646999999941e+00 1.873369800000000002e-02 4.194250000000000170e-04 1.000000000000000000e+00 1.872460000000000097e-02 1.883220000000000033e-02
1.228489007000000077e+00 1.873720800000000172e-02 4.195499999999999794e-04 1.000000000000000000e+00 1.872860000000000150e-02 1.883659999999999848e-02
1.228898502999999920e+00 1.874019199999999927e-02 4.196690000000000099e-04 1.000000000000000000e+00 1.873239999999999975e-02 1.884069999999999842e-02
1.229308135999999996e+00 1.874261099999999930e-02 4.197820000000000002e-04 1.000000000000000000e+00 1.873580000000000037e-02 1.884440000000000073e-02
1.229717905000000000e+00 1.874446199999999993e-02 4.198879999999999887e-04 1.000000000000000000e+00 1.873879999999999990e-02 1.884759999999999908e-02
1.230127811000000015e+00 1.874574199999999927e-02 4.199849999999999981e-04 1.000000000000000000e+00 1.874119999999999953e-02 1.885020000000000098e-02
1.230537854000000042e+00 1.874643900000000016e-02 4.200750000000000057e-04 1.000000000000000000e+00 1.874299999999999924e-02 1.885229999999999892e-02
1.230948032999999997e+00 1.874654099999999851e-02 4.201559999999999800e-04 1.000000000000000000e+00 1.874419999999999906e-02 1.885360000000000161e-02
1.231358348999999963e+00 1.874606900000000062e-02 4.202310000000000225e-04 1.000000000000000000e+00 1.874460000000000015e-02 1.885420000000000151e-02
1.231768801999999940e+00 1.874509400000000034e-02 4.203000000000000247e-04 1.000000000000000000e+00 1.874429999999999846e-02 1.885420000000000151e-02
1.232179391999999929e+00 1.874373799999999937e-02 4.203650000000000182e-04 1.000000000000000000e+00 1.874340000000000034e-02 1.885349999999999873e-02
1.232590118000000068e+00 1.874214199999999983e-02 4.204279999999999801e-04 1.000000000000000000e+00 1.874189999999999884e-02 1.885239999999999833e-02
1.233000982000000079e+00 1.874042700000000047e-02 4.204909999999999963e-04 1.000000000000000000e+00 1.874019999999999853e-02 1.885090000000000030e-02
1.233411982000000018e+00 1.873865599999999937e-02 4.205549999999999740e-04 1.000000000000000000e+00 1.873820000000000000e-02 1.884929999999999939e-02
1.233823118999999968e+00 1.873682000000000125e-02 4.206190000000000059e-04 1.000000000000000000e+00 1.873620000000000146e-02 1.884769999999999848e-02
1.234234394000000012e+00 1.873485299999999923e-02 4.206850000000000151e-04 1.000000000000000000e+00 1.873419999999999946e-02 1.884600000000000164e-02
1.234645804999999985e+00 1.873265699999999978e-02 4.207510000000000243e-04 1.000000000000000000e+00 1.873210000000000153e-02 1.884430000000000133e-02
1.235057354000000052e+00 1.873014200000000171e-02 4.208160000000000177e-04 1.000000000000000000e+00 1.872980000000000131e-02 1.884239999999999873e-02
1.235469039000000047e+00 1.872724400000000053e-02 4.208789999999999797e-04 1.000000000000000000e+00 1.872729999999999881e-02 1.884030000000000080e-02
1.235880861999999913e+00 1.872394299999999984e-02 4.209390000000000028e-04 1.000000000000000000e+00 1.872439999999999868e-02 1.883779999999999830e-02
1.236292823000000096e+00 1.872025199999999973e-02 4.209959999999999787e-04 1.000000000000000000e+00 1.872110000000000093e-02 1.883490000000000164e-02
1.236704919999999985e+00 1.871622499999999953e-02 4.210500000000000158e-04 1.000000000000000000e+00 1.871739999999999862e-02 1.883160000000000042e-02
1.237117154999999968e+00 1.871194300000000171e-02 4.211029999999999830e-04 1.000000000000000000e+00 1.871340000000000156e-02 1.882810000000000039e-02
1.237529528000000045e+00 1.870751400000000148e-02 4.211530000000000113e-04 1.000000000000000000e+00 1.870930000000000162e-02 1.882440000000000155e-02
1.237942037999999911e+00 1.870306399999999841e-02 4.212010000000000081e-04 1.000000000000000000e+00 1.870509999999999881e-02 1.882059999999999983e-02
1.238354685000000011e+00 1.869872599999999885e-02 4.212479999999999892e-04 1.000000000000000000e+00 1.870099999999999887e-02 1.881690000000000099e-02
1.238767469999999982e+00 1.869461500000000123e-02 4.212919999999999773e-04 1.000000000000000000e+00 1.869720000000000062e-02 1.881340000000000096e-02
1.239180391999999964e+00 1.869080099999999994e-02 4.213350000000000038e-04 1.000000000000000000e+00 1.869360000000000119e-02 1.881019999999999914e-02
1.239593452000000040e+00 1.868728899999999929e-02 4.213749999999999831e-04 1.000000000000000000e+00 1.869039999999999938e-02 1.880719999999999961e-02
1.240006649999999988e+00 1.868400099999999869e-02 4.214140000000000008e-04 1.000000000000000000e+00 1.868730000000000044e-02 1.880439999999999889e-02
1.240419986000000030e+00 1.868078499999999836e-02 4.214509999999999871e-04 1.000000000000000000e+00 1.868430000000000091e-02 1.880160000000000164e-02
1.240833459000000083e+00 1.867743100000000128e-02 4.214870000000000118e-04 1.000000000000000000e+00 1.868099999999999969e-02 1.879859999999999864e-02
1.241247070000000008e+00 1.867371099999999909e-02 4.215229999999999823e-04 1.000000000000000000e+00 1.867740000000000025e-02 1.879520000000000149e-02
1.241660819000000027e+00 1.866941800000000012e-02 4.215579999999999913e-04 1.000000000000000000e+00 1.867330000000000031e-02 1.879139999999999977e-02
1.242074705999999917e+00 1.866441099999999881e-02 4.215910000000000230e-04 1.000000000000000000e+00 1.866850000000000107e-02 1.878689999999999874e-02
1.242488730999999902e+00 1.865864000000000064e-02 4.216240000000000005e-04 1.000000000000000000e+00 1.866299999999999903e-02 1.878180000000000127e-02
1.242902893999999980e+00 1.865215400000000065e-02 4.216539999999999850e-04 1.000000000000000000e+00 1.865680000000000116e-02 1.877610000000000043e-02
1.243317194999999931e+00 1.864509500000000042e-02 4.216819999999999922e-04 1.000000000000000000e+00 1.865009999999999932e-02 1.876989999999999909e-02
1.243731633999999975e+00 1.863766600000000065e-02 4.217070000000000063e-04 1.000000000000000000e+00 1.864309999999999926e-02 1.876330000000000012e-02
1.244146210999999891e+00 1.863008400000000162e-02 4.217289999999999732e-04 1.000000000000000000e+00 1.863599999999999979e-02 1.875659999999999827e-02
1.244560926999999984e+00 1.862253399999999962e-02 4.217469999999999856e-04 1.000000000000000000e+00 1.862899999999999973e-02 1.874999999999999931e-02
1.244975780000000087e+00 1.861511700000000047e-02 4.217609999999999892e-04 1.000000000000000000e+00 1.862209999999999907e-02 1.874349999999999974e-02
1.245390771999999924e+00 1.860782199999999956e-02 4.217719999999999998e-04 1.000000000000000000e+00 1.861540000000000070e-02 1.873709999999999959e-02
1.245805902999999937e+00 1.860051799999999991e-02 4.217770000000000243e-04 1.000000000000000000e+00 1.860880000000000173e-02 1.873079999999999884e-02
1.246221170999999961e+00 1.859297099999999980e-02 4.217770000000000243e-04 1.000000000000000000e+00 1.860200000000000048e-02 1.872419999999999987e-02
1.246636577999999940e+00 1.858488399999999943e-02 4.217719999999999998e-04 1.000000000000000000e+00 1.859469999999999873e-02 1.871719999999999981e-02
1.247052124000000095e+00 1.857594900000000132e-02 4.217599999999999735e-04 1.000000000000000000e+00 1.858670000000000114e-02 1.870940000000000103e-02
1.247467807999999900e+00 1.856590400000000113e-02 4.217420000000000153e-04 1.000000000000000000e+00 1.857759999999999967e-02 1.870060000000000125e-02
1.247883630000000021e+00 1.855458100000000055e-02 4.217170000000000011e-04 1.000000000000000000e+00 1.856719999999999898e-02 1.869060000000000166e-02
1.248299591999999958e+00 1.854193700000000139e-02 4.216849999999999852e-04 1.000000000000000000e+00 1.855559999999999848e-02 1.867939999999999878e-02
1.248715690999999905e+00 1.852806800000000170e-02 4.216460000000000216e-04 1.000000000000000000e+00 1.854280000000000164e-02 1.866699999999999957e-02
1.249131929999999890e+00 1.851319800000000154e-02 4.215989999999999864e-04 1.000000000000000000e+00 1.852900000000000033e-02 1.865369999999999875e-02
1.249548306999999969e+00 1.849764099999999870e-02 4.215439999999999877e-04 1.000000000000000000e+00 1.851459999999999911e-02 1.863959999999999922e-02
1.249964823000000003e+00 1.848175100000000112e-02 4.214810000000000258e-04 1.000000000000000000e+00 1.849980000000000027e-02 1.862520000000000148e-02
1.250381477999999991e+00 1.846585800000000166e-02 4.214099999999999921e-04 1.000000000000000000e+00 1.848489999999999855e-02 1.861070000000000085e-02
1.250798271999999933e+00 1.845020199999999888e-02 4.213330000000000265e-04 1.000000000000000000e+00 1.847009999999999971e-02 1.859620000000000023e-02
1.251215205000000052e+00 1.843489699999999870e-02 4.212490000000000050e-04 1.000000000000000000e+00 1.845559999999999909e-02 1.858189999999999842e-02
1.251632276999999904e+00 1.841989700000000105e-02 4.211589999999999973e-04 1.000000000000000000e+00 1.844130000000000075e-02 1.856779999999999889e-02
1.252049487000000072e+00 1.840500899999999995e-02 4.210640000000000194e-04 1.000000000000000000e+00 1.842720000000000122e-02 1.855369999999999936e-02
1.252466837000000055e+00 1.838993699999999856e-02 4.209640000000000170e-04 1.000000000000000000e+00 1.841280000000000000e-02 1.853940000000000102e-02
1.252884325999999993e+00 1.837434199999999837e-02 4.208570000000000128e-04 1.000000000000000000e+00 1.839810000000000056e-02 1.852470000000000158e-02
1.253301954000000107e+00 1.835791100000000106e-02 4.207449999999999840e-04 1.000000000000000000e+00 1.838259999999999894e-02 1.850929999999999936e-02
1.253719722000000036e+00 1.834040699999999954e-02 4.206239999999999762e-04 1.000000000000000000e+00 1.836629999999999860e-02 1.849299999999999902e-02
1.254137628000000060e+00 1.832167800000000096e-02 4.204950000000000051e-04 1.000000000000000000e+00 1.834900000000000073e-02 1.847580000000000056e-02
1.254555673999999899e+00 1.830163799999999855e-02 4.203540000000000076e-04 1.000000000000000000e+00 1.833059999999999898e-02 1.845750000000000168e-02
1.254973858999999914e+00 1.828018000000000004e-02 4.201990000000000065e-04 1.000000000000000000e+00 1.831119999999999970e-02 1.843819999999999834e-02
1.255392183999999967e+00 1.825708599999999876e-02 4.200270000000000089e-04 1.000000000000000000e+00 1.829070000000000001e-02 1.841769999999999866e-02
1.255810647999999974e+00 1.823192800000000141e-02 4.198340000000000058e-04 1.000000000000000000e+00 1.826890000000000111e-02 1.839580000000000035e-02
1.256229252000000018e+00 1.820403099999999899e-02 4.196140000000000113e-04 1.000000000000000000e+00 1.824519999999999961e-02 1.837199999999999944e-02
1.256647995000000018e+00 1.817245500000000055e-02 4.193579999999999921e-04 1.000000000000000000e+00 1.821889999999999968e-02 1.834560000000000010e-02
1.257066876999999971e+00 1.813610599999999906e-02 4.190600000000000163e-04 1.000000000000000000e+00 1.818919999999999912e-02 1.831560000000000132e-02
1.257485900000000045e+00 1.809385900000000033e-02 4.187080000000000034e-04 1.000000000000000000e+00 1.815479999999999872e-02 1.828089999999999923e-02
1.257905062000000074e+00 1.804476400000000133e-02 4.182939999999999900e-04 1.000000000000000000e+00 1.811470000000000094e-02 1.824059999999999918e-02
1.258324363000000057e+00 1.798821499999999837e-02 4.178100000000000130e-04 1.000000000000000000e+00 1.806810000000000013e-02 1.819370000000000015e-02
1.258743804999999938e+00 1.792411000000000004e-02 4.172509999999999934e-04 1.000000000000000000e+00 1.801439999999999986e-02 1.813970000000000166e-02
1.259163385999999996e+00 1.785289699999999952e-02 4.166150000000000083e-04 1.000000000000000000e+00 1.795350000000000071e-02 1.807850000000000082e-02
1.259583107000000091e+00 1.777555499999999844e-02 4.159049999999999965e-04 1.000000000000000000e+00 1.788570000000000090e-02 1.801049999999999873e-02
1.260002968000000001e+00 1.769346100000000060e-02 4.151259999999999824e-04 1.000000000000000000e+00 1.781200000000000144e-02 1.793650000000000105e-02
1.260422968999999949e+00 1.760824999999999890e-02 4.142889999999999767e-04 1.000000000000000000e+00 1.773349999999999926e-02 1.785760000000000125e-02
1.260843109999999934e+00 1.752169099999999896e-02 4.134079999999999830e-04 1.000000000000000000e+00 1.765150000000000052e-02 1.777530000000000082e-02
1.261263390999999956e+00 1.743557999999999913e-02 4.124989999999999820e-04 1.000000000000000000e+00 1.756759999999999919e-02 1.769089999999999899e-02
1.261683812000000016e+00 1.735175200000000154e-02 4.115810000000000020e-04 1.000000000000000000e+00 1.748330000000000023e-02 1.760629999999999834e-02
1.262104373999999973e+00 1.727205999999999880e-02 4.106739999999999783e-04 1.000000000000000000e+00 1.740039999999999989e-02 1.752290000000000098e-02
1.262525075000000108e+00 1.719828600000000013e-02 4.097980000000000090e-04 1.000000000000000000e+00 1.732049999999999909e-02 1.744249999999999967e-02
1.262945916999999918e+00 1.713184099999999835e-02 4.089760000000000227e-04 1.000000000000000000e+00 1.724530000000000160e-02 1.736690000000000109e-02
1.263366898999999988e+00 1.707325399999999951e-02 4.082240000000000001e-04 1.000000000000000000e+00 1.717619999999999911e-02 1.729750000000000038e-02
1.263788021000000095e+00 1.702155400000000124e-02 4.075519999999999902e-04 1.000000000000000000e+00 1.711390000000000133e-02 1.723480000000000151e-02
1.264209284000000100e+00 1.697375599999999957e-02 4.069519999999999756e-04 1.000000000000000000e+00 1.705759999999999915e-02 1.717830000000000051e-02
1.264630686999999920e+00 1.692483499999999919e-02 4.063970000000000191e-04 1.000000000000000000e+00 1.700530000000000097e-02 1.712570000000000064e-02
1.265052230000000000e+00 1.686845500000000095e-02 4.058420000000000083e-04 1.000000000000000000e+00 1.695289999999999991e-02 1.707310000000000078e-02
1.265473913999999978e+00 1.679860099999999981e-02 4.052249999999999971e-04 1.000000000000000000e+00 1.689540000000000139e-02 1.701530000000000056e-02
1.265895739000000075e+00 1.671190599999999860e-02 4.044860000000000165e-04 1.000000000000000000e+00 1.682770000000000099e-02 1.694719999999999907e-02
1.266317703999999988e+00 1.661001000000000144e-02 4.035910000000000192e-04 1.000000000000000000e+00 1.674669999999999978e-02 1.686580000000000024e-02
1.266739810000000022e+00 1.650107899999999836e-02 4.025480000000000226e-04 1.000000000000000000e+00 1.665350000000000164e-02 1.677199999999999872e-02
1.267162056999999953e+00 1.639957100000000167e-02 4.014280000000000062e-04 1.000000000000000000e+00 1.655380000000000046e-02 1.667189999999999991e-02
1.267584443999999921e+00 1.632382799999999856e-02 4.003640000000000042e-04 1.000000000000000000e+00 1.645900000000000141e-02 1.657660000000000036e-02
1.268006972000000010e+00 1.629186200000000070e-02 3.995329999999999845e-04 1.000000000000000000e+00 1.638370000000000104e-02 1.650110000000000118e-02
1.268429640999999997e+00 1.631651699999999913e-02 3.991190000000000254e-04 1.000000000000000000e+00 1.634319999999999870e-02 1.646049999999999944e-02
1.268852451000000103e+00 1.640163399999999827e-02 3.992639999999999774e-04 1.000000000000000000e+00 1.634920000000000123e-02 1.646689999999999959e-02
1.269275402000000108e+00 1.654064300000000071e-02 4.000319999999999809e-04 1.000000000000000000e+00 1.640720000000000026e-02 1.652560000000000140e-02
1.269698494000000011e+00 1.671811100000000078e-02 4.013859999999999954e-04 1.000000000000000000e+00 1.651450000000000140e-02 1.663399999999999948e-02
1.270121727000000034e+00 1.691371499999999931e-02 4.032010000000000043e-04 1.000000000000000000e+00 1.666070000000000051e-02 1.678160000000000068e-02
1.270545100000000094e+00 1.710717299999999982e-02 4.052869999999999975e-04 1.000000000000000000e+00 1.683079999999999993e-02 1.695309999999999873e-02
1.270968615999999995e+00 1.728251299999999935e-02 4.074460000000000017e-04 1.000000000000000000e+00 1.700810000000000169e-02 1.713189999999999852e-02
1.271392271999999934e+00 1.743047199999999894e-02 4.095039999999999878e-04 1.000000000000000000e+00 1.717770000000000061e-02 1.730289999999999953e-02
1.271816068999999993e+00 1.754868299999999895e-02 4.113429999999999951e-04 1.000000000000000000e+00 1.732950000000000115e-02 1.745599999999999929e-02
1.272240008000000033e+00 1.764012100000000166e-02 4.129059999999999935e-04 1.000000000000000000e+00 1.745820000000000011e-02 1.758579999999999866e-02
1.272664087999999971e+00 1.771072500000000008e-02 4.141929999999999831e-04 1.000000000000000000e+00 1.756349999999999925e-02 1.769199999999999939e-02
1.273088309000000029e+00 1.776711400000000052e-02 4.152420000000000199e-04 1.000000000000000000e+00 1.764819999999999930e-02 1.777750000000000163e-02
1.273512672000000068e+00 1.781500000000000097e-02 4.161079999999999944e-04 1.000000000000000000e+00 1.771659999999999902e-02 1.784670000000000006e-02
1.273937176000000004e+00 1.785847000000000129e-02 4.168460000000000134e-04 1.000000000000000000e+00 1.777360000000000051e-02 1.790440000000000087e-02
1.274361821999999922e+00 1.789999999999999925e-02 4.175040000000000196e-04 1.000000000000000000e+00 1.782320000000000085e-02 1.795470000000000052e-02
1.274786608999999959e+00 1.794085299999999966e-02 4.181160000000000063e-04 1.000000000000000000e+00 1.786849999999999897e-02 1.800059999999999855e-02
1.275211537999999978e+00 1.798160500000000120e-02 4.187050000000000103e-04 1.000000000000000000e+00 1.791140000000000093e-02 1.804429999999999923e-02
1.275636608999999977e+00 1.802251599999999884e-02 4.192819999999999880e-04 1.000000000000000000e+00 1.795329999999999843e-02 1.808699999999999891e-02
1.276061821000000096e+00 1.806372100000000133e-02 4.198520000000000182e-04 1.000000000000000000e+00 1.799500000000000058e-02 1.812940000000000038e-02
1.276487174999999974e+00 1.810522900000000046e-02 4.204190000000000010e-04 1.000000000000000000e+00 1.803690000000000154e-02 1.817200000000000065e-02
1.276912669999999972e+00 1.814685499999999993e-02 4.209819999999999751e-04 1.000000000000000000e+00 1.807920000000000013e-02 1.821489999999999915e-02
1.277338308000000033e+00 1.818816499999999919e-02 4.215390000000000174e-04 1.000000000000000000e+00 1.812149999999999872e-02 1.825780000000000111e-02
1.277764086999999993e+00 1.822851500000000069e-02 4.220849999999999949e-04 1.000000000000000000e+00 1.816359999999999850e-02 1.830029999999999851e-02
1.278190009000000016e+00 1.826716199999999998e-02 4.226149999999999915e-04 1.000000000000000000e+00 1.820460000000000134e-02 1.834190000000000126e-02
1.278616071999999937e+00 1.830341900000000133e-02 4.231260000000000143e-04 1.000000000000000000e+00 1.824390000000000039e-02 1.838160000000000141e-02
1.279042277999999921e+00 1.833678999999999865e-02 4.236120000000000228e-04 1.000000000000000000e+00 1.828089999999999923e-02 1.841900000000000134e-02
1.279468625000000026e+00 1.836703900000000167e-02 4.240700000000000242e-04 1.000000000000000000e+00 1.831500000000000142e-02 1.845360000000000056e-02
1.279895113999999889e+00 1.839418199999999851e-02 4.245000000000000184e-04 1.000000000000000000e+00 1.834600000000000120e-02 1.848520000000000024e-02
1.280321746000000038e+00 1.841842999999999952e-02 4.249020000000000054e-04 1.000000000000000000e+00 1.837420000000000025e-02 1.851380000000000040e-02
1.280748519999999946e+00 1.844009900000000146e-02 4.252759999999999852e-04 1.000000000000000000e+00 1.839959999999999860e-02 1.853969999999999924e-02
1.281175436000000056e+00 1.845953300000000019e-02 4.256220000000000120e-04 1.000000000000000000e+00 1.842270000000000019e-02 1.856330000000000133e-02
1.281602495000000008e+00 1.847703800000000118e-02 4.259430000000000247e-04 1.000000000000000000e+00 1.844370000000000037e-02 1.858479999999999854e-02
1.282029695999999941e+00 1.849285999999999985e-02 4.262390000000000232e-04 1.000000000000000000e+00 1.846290000000000084e-02 1.860440000000000010e-02
1.282457039000000076e+00 1.850718000000000155e-02 4.265100000000000076e-04 1.000000000000000000e+00 1.848040000000000099e-02 1.862230000000000135e-02
1.282884523999999971e+00 1.852013799999999849e-02 4.267590000000000250e-04 1.000000000000000000e+00 1.849639999999999965e-02 1.863849999999999882e-02
1.283312153000000011e+00 1.853186600000000100e-02 4.269860000000000213e-04 1.000000000000000000e+00 1.851090000000000027e-02 1.865330000000000113e-02
1.283739922999999949e+00 1.854249900000000048e-02 4.271939999999999895e-04 1.000000000000000000e+00 1.852410000000000168e-02 1.866670000000000135e-02
1.284167837000000034e+00 1.855217199999999872e-02 4.273839999999999996e-04 1.000000000000000000e+00 1.853609999999999980e-02 1.867889999999999828e-02
1.284595893000000100e+00 1.856098899999999996e-02 4.275579999999999745e-04 1.000000000000000000e+00 1.854719999999999980e-02 1.868999999999999828e-02
1.285024090999999924e+00 1.856899600000000081e-02 4.277160000000000228e-04 1.000000000000000000e+00 1.855729999999999880e-02 1.870020000000000016e-02
1.285452432999999894e+00 1.857616200000000023e-02 4.278589999999999976e-04 1.000000000000000000e+00 1.856649999999999967e-02 1.870940000000000103e-02
1.285880917000000068e+00 1.858240300000000081e-02 4.279870000000000072e-04 1.000000000000000000e+00 1.857469999999999954e-02 1.871760000000000090e-02
1.286309544000000082e+00 1.858763100000000029e-02 4.281019999999999747e-04 1.000000000000000000e+00 1.858169999999999961e-02 1.872460000000000097e-02
1.286738313999999939e+00 1.859181000000000028e-02 4.282050000000000244e-04 1.000000000000000000e+00 1.858730000000000104e-02 1.873019999999999893e-02
1.287167225999999998e+00 1.859500899999999915e-02 4.283000000000000023e-04 1.000000000000000000e+00 1.859159999999999979e-02 1.873450000000000115e-02
1.287596281999999981e+00 1.859740899999999877e-02 4.283879999999999784e-04 1.000000000000000000e+00 1.859449999999999992e-02 1.873769999999999950e-02
1.288025481000000028e+00 1.859927000000000108e-02 4.284739999999999773e-04 1.000000000000000000e+00 1.859649999999999845e-02 1.873990000000000031e-02
1.288454822999999916e+00 1.860088400000000156e-02 4.285609999999999919e-04 1.000000000000000000e+00 1.859799999999999995e-02 1.874160000000000062e-02
1.288884308000000090e+00 1.860249900000000151e-02 4.286490000000000222e-04 1.000000000000000000e+00 1.859929999999999917e-02 1.874320000000000153e-02
1.289313936000000105e+00 1.860427499999999998e-02 4.287399999999999913e-04 1.000000000000000000e+00 1.860080000000000067e-02 1.874500000000000124e-02
1.289743706999999961e+00 1.860624099999999906e-02 4.288319999999999762e-04 1.000000000000000000e+00 1.860269999999999979e-02 1.874709999999999918e-02
1.290173621999999964e+00 1.860828900000000008e-02 4.289240000000000153e-04 1.000000000000000000e+00 1.860480000000000120e-02 1.874939999999999940e-02
1.290603678999999948e+00 1.861018399999999837e-02 4.290149999999999845e-04 1.000000000000000000e+00 1.860689999999999913e-02 1.875169999999999962e-02
1.291033880999999939e+00 1.861159600000000108e-02 4.291039999999999763e-04 1.000000000000000000e+00 1.860869999999999885e-02 1.875370000000000162e-02
1.291464224999999910e+00 1.861215700000000070e-02 4.291899999999999752e-04 1.000000000000000000e+00 1.860969999999999985e-02 1.875500000000000084e-02
1.291894713000000028e+00 1.861152300000000134e-02 4.292729999999999810e-04 1.000000000000000000e+00 1.860960000000000045e-02 1.875529999999999906e-02
1.292325345000000070e+00 1.860946900000000001e-02 4.293510000000000165e-04 1.000000000000000000e+00 1.860840000000000063e-02 1.875440000000000093e-02
1.292756119999999953e+00 1.860594800000000063e-02 4.294219999999999960e-04 1.000000000000000000e+00 1.860610000000000042e-02 1.875249999999999834e-02
1.293187038999999983e+00 1.860113399999999834e-02 4.294829999999999807e-04 1.000000000000000000e+00 1.860279999999999920e-02 1.874970000000000109e-02
1.293618101000000076e+00 1.859541199999999866e-02 4.295319999999999932e-04 1.000000000000000000e+00 1.859890000000000154e-02 1.874620000000000106e-02
1.294049307000000093e+00 1.858931399999999914e-02 4.295670000000000022e-04 1.000000000000000000e+00 1.859480000000000161e-02 1.874239999999999934e-02
1.294480657000000035e+00 1.858341800000000085e-02 4.295869999999999919e-04 1.000000000000000000e+00 1.859070000000000167e-02 1.873839999999999881e-02
1.294912150999999900e+00 1.857822699999999924e-02 4.295960000000000252e-04 1.000000000000000000e+00 1.858689999999999995e-02 1.873469999999999996e-02
1.295343788000000051e+00 1.857406699999999966e-02 4.295960000000000252e-04 1.000000000000000000e+00 1.858359999999999873e-02 1.873119999999999993e-02
1.295775568999999905e+00 1.857099699999999881e-02 4.295929999999999779e-04 1.000000000000000000e+00 1.858059999999999920e-02 1.872820000000000040e-02
1.296207493999999905e+00 1.856879900000000042e-02 4.295899999999999849e-04 1.000000000000000000e+00 1.857810000000000017e-02 1.872549999999999909e-02
1.296639563999999911e+00 1.856700099999999964e-02 4.295899999999999849e-04 1.000000000000000000e+00 1.857579999999999995e-02 1.872300000000000006e-02
1.297071776999999981e+00 1.856498999999999996e-02 4.295939999999999937e-04 1.000000000000000000e+00 1.857349999999999973e-02 1.872050000000000103e-02
1.297504133999999976e+00 1.856217599999999968e-02 4.295980000000000024e-04 1.000000000000000000e+00 1.857079999999999842e-02 1.871770000000000031e-02
1.297936634999999894e+00 1.855814999999999895e-02 4.296009999999999955e-04 1.000000000000000000e+00 1.856740000000000126e-02 1.871429999999999969e-02
1.298369281000000042e+00 1.855280800000000049e-02 4.295969999999999867e-04 1.000000000000000000e+00 1.856309999999999905e-02 1.871000000000000094e-02
1.298802070999999891e+00 1.854634299999999986e-02 4.295859999999999761e-04 1.000000000000000000e+00 1.855779999999999930e-02 1.870470000000000119e-02
1.299235005000000109e+00 1.853909999999999933e-02 4.295650000000000249e-04 1.000000000000000000e+00 1.855170000000000083e-02 1.869859999999999925e-02
1.299668083000000030e+00 1.853134999999999852e-02 4.295370000000000178e-04 1.000000000000000000e+00 1.854489999999999958e-02 1.869180000000000147e-02
1.300101305999999957e+00 1.852306100000000039e-02 4.295030000000000245e-04 1.000000000000000000e+00 1.853749999999999842e-02 1.868440000000000031e-02
1.300534673000000030e+00 1.851382000000000028e-02 4.294610000000000137e-04 1.000000000000000000e+00 1.852940000000000142e-02 1.867629999999999985e-02
1.300968184000000027e+00 1.850295100000000012e-02 4.294090000000000081e-04 1.000000000000000000e+00 1.852020000000000055e-02 1.866719999999999838e-02
1.301401840000000032e+00 1.848982299999999898e-02 4.293429999999999989e-04 1.000000000000000000e+00 1.850950000000000165e-02 1.865649999999999947e-02
1.301835641000000043e+00 1.847419000000000144e-02 4.292570000000000001e-04 1.000000000000000000e+00 1.849680000000000074e-02 1.864379999999999857e-02
1.302269585999999979e+00 1.845642299999999958e-02 4.291489999999999801e-04 1.000000000000000000e+00 1.848199999999999843e-02 1.862890000000000032e-02
1.302703675999999922e+00 1.843746900000000147e-02 4.290210000000000247e-04 1.000000000000000000e+00 1.846530000000000046e-02 1.861229999999999829e-02
1.303137911000000093e+00 1.841858199999999932e-02 4.288809999999999888e-04 1.000000000000000000e+00 1.844760000000000150e-02 1.859449999999999992e-02
1.303572289999999967e+00 1.840091500000000033e-02 4.287359999999999826e-04 1.000000000000000000e+00 1.842979999999999965e-02 1.857659999999999867e-02
1.304006814000000070e+00 1.838519300000000106e-02 4.285970000000000166e-04 1.000000000000000000e+00 1.841289999999999941e-02 1.855959999999999901e-02
1.304441482999999957e+00 1.837158399999999983e-02 4.284679999999999912e-04 1.000000000000000000e+00 1.839760000000000006e-02 1.854420000000000027e-02
1.304876297000000074e+00 1.835982900000000112e-02 4.283509999999999922e-04 1.000000000000000000e+00 1.838419999999999985e-02 1.853060000000000124e-02
1.305311255999999975e+00 1.834950800000000048e-02 4.282439999999999880e-04 1.000000000000000000e+00 1.837259999999999935e-02 1.851869999999999905e-02
1.305746359000000023e+00 1.834025400000000028e-02 4.281450000000000013e-04 1.000000000000000000e+00 1.836250000000000035e-02 1.850819999999999896e-02
1.306181607999999938e+00 1.833183299999999877e-02 4.280509999999999849e-04 1.000000000000000000e+00 1.835349999999999829e-02 1.849869999999999987e-02
1.306617002000000083e+00 1.832407600000000164e-02 4.279609999999999773e-04 1.000000000000000000e+00 1.834519999999999901e-02 1.848999999999999949e-02
1.307052541000000012e+00 1.831675699999999948e-02 4.278749999999999784e-04 1.000000000000000000e+00 1.833730000000000082e-02 1.848160000000000081e-02
1.307488224999999948e+00 1.830954499999999999e-02 4.277929999999999884e-04 1.000000000000000000e+00 1.832949999999999857e-02 1.847330000000000153e-02
1.307924054999999974e+00 1.830206599999999878e-02 4.277150000000000071e-04 1.000000000000000000e+00 1.832150000000000098e-02 1.846489999999999937e-02
1.308360028999999924e+00 1.829398499999999872e-02 4.276409999999999803e-04 1.000000000000000000e+00 1.831290000000000001e-02 1.845600000000000018e-02
1.308796148999999964e+00 1.828503199999999967e-02 4.275710000000000166e-04 1.000000000000000000e+00 1.830350000000000033e-02 1.844650000000000109e-02
1.309232415000000094e+00 1.827485100000000168e-02 4.275029999999999759e-04 1.000000000000000000e+00 1.829319999999999904e-02 1.843600000000000100e-02
1.309668824999999925e+00 1.826281899999999958e-02 4.274360000000000052e-04 1.000000000000000000e+00 1.828159999999999855e-02 1.842449999999999991e-02
1.310105381999999929e+00 1.824800600000000064e-02 4.273610000000000169e-04 1.000000000000000000e+00 1.826850000000000002e-02 1.841160000000000019e-02
1.310542083999999941e+00 1.822941599999999829e-02 4.272670000000000005e-04 1.000000000000000000e+00 1.825330000000000008e-02 1.839669999999999847e-02
1.310978930999999958e+00 1.820656000000000010e-02 4.271419999999999839e-04 1.000000000000000000e+00 1.823550000000000171e-02 1.837899999999999950e-02
1.311415924000000066e+00 1.818007099999999904e-02 4.269760000000000265e-04 1.000000000000000000e+00 1.821479999999999974e-02 1.835840000000000041e-02
1.311853063000000041e+00 1.815209599999999951e-02 4.267699999999999814e-04 1.000000000000000000e+00 1.819170000000000162e-02 1.833529999999999882e-02
1.312290347000000024e+00 1.812605600000000150e-02 4.265369999999999990e-04 1.000000000000000000e+00 1.816749999999999962e-02 1.831100000000000089e-02
1.312727777000000096e+00 1.810582300000000006e-02 4.263049999999999782e-04 1.000000000000000000e+00 1.814489999999999853e-02 1.828799999999999870e-02
1.313165353000000035e+00 1.809452300000000124e-02 4.261070000000000049e-04 1.000000000000000000e+00 1.812640000000000085e-02 1.826919999999999933e-02
1.313603075000000064e+00 1.809340300000000096e-02 4.259749999999999865e-04 1.000000000000000000e+00 1.811460000000000153e-02 1.825689999999999952e-02
1.314040942000000101e+00 1.810123300000000129e-02 4.259280000000000054e-04 1.000000000000000000e+00 1.811050000000000160e-02 1.825229999999999908e-02
1.314478956000000087e+00 1.811445299999999911e-02 4.259639999999999759e-04 1.000000000000000000e+00 1.811360000000000053e-02 1.825509999999999980e-02
1.314917115999999941e+00 1.812800399999999965e-02 4.260609999999999853e-04 1.000000000000000000e+00 1.812149999999999872e-02 1.826269999999999977e-02
1.315355421000000025e+00 1.813651999999999972e-02 4.261770000000000228e-04 1.000000000000000000e+00 1.813069999999999959e-02 1.827159999999999895e-02
1.315793873000000058e+00 1.813558800000000110e-02 4.262660000000000147e-04 1.000000000000000000e+00 1.813690000000000094e-02 1.827749999999999861e-02
1.316232470999999959e+00 1.812264599999999920e-02 4.262819999999999956e-04 1.000000000000000000e+00 1.813630000000000103e-02 1.827669999999999989e-02
1.316671214999999950e+00 1.809746500000000008e-02 4.261940000000000194e-04 1.000000000000000000e+00 1.812640000000000085e-02 1.826660000000000089e-02
1.317110105999999892e+00 1.806213300000000105e-02 4.259919999999999831e-04 1.000000000000000000e+00 1.810640000000000166e-02 1.824620000000000061e-02
1.317549142000000062e+00 1.802058700000000110e-02 4.256859999999999897e-04 1.000000000000000000e+00 1.807709999999999873e-02 1.821659999999999946e-02
1.317988324999999961e+00 1.797782200000000094e-02 4.253060000000000239e-04 1.000000000000000000e+00 1.804139999999999910e-02 1.818049999999999874e-02
1.318427655000000032e+00 1.793891099999999836e-02 4.248969999999999809e-04 1.000000000000000000e+00 1.800289999999999876e-02 1.814170000000000019e-02
1.318867130999999970e+00 1.790800500000000114e-02 4.245070000000000202e-04 1.000000000000000000e+00 1.796609999999999874e-02 1.810449999999999907e-02
1.319306752999999999e+00 1.788757700000000173e-02 4.241800000000000214e-04 1.000000000000000000e+00 1.793470000000000134e-02 1.807279999999999998e-02
1.319746521999999977e+00 1.787808800000000031e-02 4.239450000000000076e-04 1.000000000000000000e+00 1.791150000000000034e-02 1.804930000000000076e-02
1.320186437999999907e+00 1.787822899999999895e-02 4.238159999999999822e-04 1.000000000000000000e+00 1.789750000000000021e-02 1.803509999999999835e-02
1.320626499999999925e+00 1.788564499999999863e-02 4.237849999999999820e-04 1.000000000000000000e+00 1.789249999999999868e-02 1.802990000000000148e-02
1.321066708999999895e+00 1.789785400000000123e-02 4.238380000000000034e-04 1.000000000000000000e+00 1.789510000000000059e-02 1.803230000000000111e-02
1.321507063999999954e+00 1.791303600000000024e-02 4.239509999999999936e-04 1.000000000000000000e+00 1.790339999999999987e-02 1.804040000000000157e-02
1.321947567000000046e+00 1.793032699999999938e-02 4.241089999999999877e-04 1.000000000000000000e+00 1.791569999999999968e-02 1.805259999999999851e-02
1.322388216000000005e+00 1.794949300000000039e-02 4.242989999999999978e-04 1.000000000000000000e+00 1.793099999999999902e-02 1.806779999999999844e-02
1.322829011999999915e+00 1.797016900000000111e-02 4.245149999999999835e-04 1.000000000000000000e+00 1.794859999999999858e-02 1.808519999999999919e-02
1.323269954999999998e+00 1.799095900000000081e-02 4.247489999999999816e-04 1.000000000000000000e+00 1.796779999999999905e-02 1.810430000000000025e-02
1.323711045000000031e+00 1.800887799999999900e-02 4.249860000000000269e-04 1.000000000000000000e+00 1.798709999999999892e-02 1.812350000000000072e-02
1.324152282000000014e+00 1.801946000000000103e-02 4.251960000000000266e-04 1.000000000000000000e+00 1.800409999999999858e-02 1.814050000000000037e-02
1.324593665999999947e+00 1.801748800000000164e-02 4.253339999999999769e-04 1.000000000000000000e+00 1.801530000000000145e-02 1.815140000000000156e-02
1.325035197000000053e+00 1.799821899999999933e-02 4.253489999999999962e-04 1.000000000000000000e+00 1.801619999999999958e-02 1.815200000000000147e-02
1.325476875000000110e+00 1.795866800000000055e-02 4.251920000000000179e-04 1.000000000000000000e+00 1.800279999999999936e-02 1.813820000000000016e-02
1.325918700999999977e+00 1.789844100000000104e-02 4.248249999999999856e-04 1.000000000000000000e+00 1.797220000000000067e-02 1.810689999999999869e-02
1.326360674000000017e+00 1.781996799999999853e-02 4.242340000000000043e-04 1.000000000000000000e+00 1.792349999999999846e-02 1.805719999999999895e-02
1.326802794000000008e+00 1.772791699999999929e-02 4.234290000000000146e-04 1.000000000000000000e+00 1.785789999999999947e-02 1.799040000000000014e-02
1.327245062000000031e+00 1.762806100000000042e-02 4.224440000000000096e-04 1.000000000000000000e+00 1.777859999999999857e-02 1.790960000000000121e-02
1.327687477000000005e+00 1.752604199999999862e-02 4.213269999999999862e-04 1.000000000000000000e+00 1.768990000000000146e-02 1.781929999999999972e-02
1.328130038999999929e+00 1.742632399999999998e-02 4.201319999999999816e-04 1.000000000000000000e+00 1.759660000000000044e-02 1.772409999999999958e-02
1.328572749000000108e+00 1.733189499999999994e-02 4.189059999999999767e-04 1.000000000000000000e+00 1.750279999999999891e-02 1.762820000000000012e-02
1.329015607000000099e+00 1.724465199999999920e-02 4.176879999999999894e-04 1.000000000000000000e+00 1.741159999999999930e-02 1.753499999999999850e-02
1.329458612000000040e+00 1.716629799999999997e-02 4.165090000000000198e-04 1.000000000000000000e+00 1.732560000000000003e-02 1.744679999999999842e-02
1.329901765000000013e+00 1.709920499999999927e-02 4.153989999999999983e-04 1.000000000000000000e+00 1.724699999999999844e-02 1.736590000000000009e-02
1.330345066000000021e+00 1.704678499999999833e-02 4.143899999999999949e-04 1.000000000000000000e+00 1.717830000000000051e-02 1.729500000000000134e-02
1.330788513999999978e+00 1.701305900000000051e-02 4.135219999999999890e-04 1.000000000000000000e+00 1.712270000000000111e-02 1.723730000000000054e-02
1.331232109999999969e+00 1.700149399999999894e-02 4.128410000000000001e-04 1.000000000000000000e+00 1.708370000000000027e-02 1.719630000000000117e-02
1.331675853999999992e+00 1.701364500000000085e-02 4.123859999999999917e-04 1.000000000000000000e+00 1.706449999999999981e-02 1.717509999999999870e-02
1.332119746000000049e+00 1.704806000000000030e-02 4.121780000000000235e-04 1.000000000000000000e+00 1.706639999999999893e-02 1.717530000000000098e-02
1.332563785999999917e+00 1.709994499999999834e-02 4.122099999999999853e-04 1.000000000000000000e+00 1.708880000000000121e-02 1.719609999999999889e-02
1.333007974000000040e+00 1.716180200000000031e-02 4.124469999999999764e-04 1.000000000000000000e+00 1.712810000000000027e-02 1.723389999999999991e-02
1.333452309999999974e+00 1.722477199999999931e-02 4.128220000000000262e-04 1.000000000000000000e+00 1.717810000000000170e-02 1.728280000000000094e-02
1.333896793999999941e+00 1.728041599999999983e-02 4.132569999999999907e-04 1.000000000000000000e+00 1.723150000000000029e-02 1.733519999999999853e-02
1.334341425999999942e+00 1.732238499999999917e-02 4.136739999999999970e-04 1.000000000000000000e+00 1.728079999999999894e-02 1.738369999999999846e-02
1.334786207000000058e+00 1.734753699999999968e-02 4.140079999999999975e-04 1.000000000000000000e+00 1.731979999999999978e-02 1.742219999999999880e-02
1.335231135999999985e+00 1.735618400000000019e-02 4.142239999999999833e-04 1.000000000000000000e+00 1.734499999999999931e-02 1.744710000000000011e-02
1.335676212999999946e+00 1.735143600000000133e-02 4.143160000000000224e-04 1.000000000000000000e+00 1.735559999999999881e-02 1.745760000000000020e-02
1.336121437999999939e+00 1.733785499999999924e-02 4.143039999999999961e-04 1.000000000000000000e+00 1.735360000000000028e-02 1.745560000000000167e-02
1.336566812000000048e+00 1.731989199999999993e-02 4.142230000000000217e-04 1.000000000000000000e+00 1.734230000000000146e-02 1.744450000000000167e-02
1.337012333999999969e+00 1.730078800000000097e-02 4.141080000000000000e-04 1.000000000000000000e+00 1.732560000000000003e-02 1.742809999999999845e-02
1.337458005000000005e+00 1.728215500000000043e-02 4.139839999999999991e-04 1.000000000000000000e+00 1.730690000000000006e-02 1.740960000000000077e-02
1.337903824000000075e+00 1.726438500000000015e-02 4.138659999999999843e-04 1.000000000000000000e+00 1.728820000000000009e-02 1.739109999999999961e-02
1.338349792000000038e+00 1.724728799999999951e-02 4.137529999999999940e-04 1.000000000000000000e+00 1.727060000000000053e-02 1.737369999999999887e-02
1.338795908999999895e+00 1.723048799999999867e-02 4.136410000000000195e-04 1.000000000000000000e+00 1.725430000000000019e-02 1.735739999999999852e-02
1.339242174000000007e+00 1.721315500000000082e-02 4.135179999999999802e-04 1.000000000000000000e+00 1.723900000000000085e-02 1.734199999999999978e-02
1.339688588000000014e+00 1.719290600000000085e-02 4.133709999999999967e-04 1.000000000000000000e+00 1.722339999999999982e-02 1.732619999999999993e-02
1.340135150999999913e+00 1.716472700000000115e-02 4.131699999999999761e-04 1.000000000000000000e+00 1.720500000000000154e-02 1.730740000000000056e-02
1.340581862999999929e+00 1.712055300000000016e-02 4.128649999999999985e-04 1.000000000000000000e+00 1.717880000000000101e-02 1.728069999999999953e-02
1.341028722999999978e+00 1.705020299999999989e-02 4.123800000000000057e-04 1.000000000000000000e+00 1.713790000000000105e-02 1.723919999999999966e-02
1.341475733000000004e+00 1.694372400000000028e-02 4.116190000000000040e-04 1.000000000000000000e+00 1.707349999999999840e-02 1.717420000000000058e-02
1.341922891000000062e+00 1.679432800000000073e-02 4.104849999999999840e-04 1.000000000000000000e+00 1.697730000000000072e-02 1.707730000000000012e-02
1.342370199000000097e+00 1.660052799999999981e-02 4.089060000000000047e-04 1.000000000000000000e+00 1.684290000000000093e-02 1.694210000000000160e-02
1.342817656000000026e+00 1.636651800000000004e-02 4.068510000000000117e-04 1.000000000000000000e+00 1.666830000000000048e-02 1.676650000000000015e-02
1.343265262000000071e+00 1.610036800000000032e-02 4.043370000000000015e-04 1.000000000000000000e+00 1.645539999999999850e-02 1.655250000000000124e-02
1.343713017000000010e+00 1.581070999999999865e-02 4.014180000000000114e-04 1.000000000000000000e+00 1.620970000000000050e-02 1.630559999999999996e-02
1.344160921000000064e+00 1.550357699999999929e-02 3.981599999999999961e-04 1.000000000000000000e+00 1.593769999999999909e-02 1.603229999999999933e-02
1.344608975000000095e+00 1.518096300000000044e-02 3.946129999999999842e-04 1.000000000000000000e+00 1.564460000000000156e-02 1.573770000000000030e-02
1.345057178000000020e+00 1.484177499999999976e-02 3.908009999999999739e-04 1.000000000000000000e+00 1.533319999999999995e-02 1.542469999999999952e-02
1.345505530000000061e+00 1.448478500000000002e-02 3.867189999999999950e-04 1.000000000000000000e+00 1.500409999999999938e-02 1.509390000000000037e-02
1.345954032000000078e+00 1.411194600000000021e-02 3.823620000000000230e-04 1.000000000000000000e+00 1.465759999999999980e-02 1.474559999999999933e-02
1.346402682999999989e+00 1.373006100000000000e-02 3.777499999999999933e-04 1.000000000000000000e+00 1.429620000000000023e-02 1.438210000000000009e-02
1.346851484000000099e+00 1.334971499999999985e-02 3.729450000000000148e-04 1.000000000000000000e+00 1.392520000000000042e-02 1.400910000000000002e-02
1.347300434999999963e+00 1.298187899999999999e-02 3.680509999999999901e-04 1.000000000000000000e+00 1.355300000000000081e-02 1.363460000000000019e-02
1.347749534999999943e+00 1.263356399999999991e-02 3.631829999999999954e-04 1.000000000000000000e+00 1.318800000000000007e-02 1.326749999999999978e-02
1.348198784999999900e+00 1.230477200000000028e-02 3.584249999999999979e-04 1.000000000000000000e+00 1.283660000000000009e-02 1.291390000000000073e-02
1.348648183999999972e+00 1.198816999999999938e-02 3.537999999999999804e-04 1.000000000000000000e+00 1.249989999999999955e-02 1.257510000000000051e-02
1.349097734000000104e+00 1.167139700000000002e-02 3.492540000000000141e-04 1.000000000000000000e+00 1.217359999999999970e-02 1.224680000000000039e-02
1.349547432999999907e+00 1.134078500000000080e-02 3.446669999999999985e-04 1.000000000000000000e+00 1.184900000000000016e-02 1.192009999999999945e-02
1.349997281999999910e+00 1.098492799999999971e-02 3.398830000000000254e-04 1.000000000000000000e+00 1.151529999999999915e-02 1.158430000000000050e-02
1.350447281000000110e+00 1.059666800000000006e-02 3.347509999999999939e-04 1.000000000000000000e+00 1.116259999999999995e-02 1.122940000000000049e-02
1.350897430000000066e+00 1.017368800000000018e-02 3.291459999999999959e-04 1.000000000000000000e+00 1.078360000000000082e-02 1.084790000000000060e-02
1.351347728999999998e+00 9.718219800000000436e-03 3.229899999999999959e-04 1.000000000000000000e+00 1.037440000000000064e-02 1.043619999999999964e-02
1.351798178999999989e+00 9.236899899999999677e-03 3.162549999999999866e-04 1.000000000000000000e+00 9.935480000000000006e-03 9.994589999999999377e-03
1.352248778000000096e+00 8.740946600000000510e-03 3.089780000000000087e-04 1.000000000000000000e+00 9.471310000000000145e-03 9.527630000000000474e-03
1.352699528000000040e+00 8.246039400000000283e-03 3.012669999999999736e-04 1.000000000000000000e+00 8.990939999999999349e-03 9.044409999999999256e-03
1.353150427000000100e+00 7.771059200000000368e-03 2.933069999999999753e-04 1.000000000000000000e+00 8.507529999999999260e-03 8.558160000000000420e-03
1.353601478000000080e+00 7.335123800000000090e-03 2.853549999999999945e-04 1.000000000000000000e+00 8.037259999999999197e-03 8.085139999999999341e-03
1.354052677999999954e+00 6.953388900000000324e-03 2.777079999999999913e-04 1.000000000000000000e+00 7.596880000000000299e-03 7.642219999999999916e-03
1.354504029000000109e+00 6.632861200000000380e-03 2.706450000000000218e-04 1.000000000000000000e+00 7.200419999999999911e-03 7.243470000000000117e-03
1.354955530000000019e+00 6.370015799999999978e-03 2.643589999999999807e-04 1.000000000000000000e+00 6.855830000000000257e-03 6.896910000000000020e-03
1.355407181999999988e+00 6.151231600000000264e-03 2.589000000000000047e-04 1.000000000000000000e+00 6.562840000000000340e-03 6.602219999999999790e-03
1.355858985000000017e+00 5.956062500000000419e-03 2.541509999999999863e-04 1.000000000000000000e+00 6.312739999999999845e-03 6.350660000000000159e-03
1.356310938000000021e+00 5.762238200000000324e-03 2.498549999999999990e-04 1.000000000000000000e+00 6.090449999999999857e-03 6.127040000000000264e-03
1.356763041000000003e+00 5.550705999999999869e-03 2.456770000000000264e-04 1.000000000000000000e+00 5.878020000000000293e-03 5.913329999999999628e-03
1.357215295999999904e+00 5.309201099999999972e-03 2.412799999999999938e-04 1.000000000000000000e+00 5.658609999999999682e-03 5.692570000000000095e-03
1.357667701000000005e+00 5.033846300000000343e-03 2.363939999999999867e-04 1.000000000000000000e+00 5.419710000000000326e-03 5.452199999999999928e-03
1.358120256999999942e+00 4.728947399999999975e-03 2.308559999999999866e-04 1.000000000000000000e+00 5.155149999999999837e-03 5.186020000000000386e-03
1.358572963000000078e+00 4.405803199999999871e-03 2.246349999999999931e-04 1.000000000000000000e+00 4.865699999999999713e-03 4.894810000000000307e-03
1.359025820999999912e+00 4.081175499999999991e-03 2.178410000000000036e-04 1.000000000000000000e+00 4.558760000000000243e-03 4.586019999999999680e-03
1.359478830000000027e+00 3.775411399999999921e-03 2.107189999999999996e-04 1.000000000000000000e+00 4.247270000000000038e-03 4.272680000000000054e-03
1.359931988999999897e+00 3.510052000000000050e-03 2.036440000000000038e-04 1.000000000000000000e+00 3.948209999999999741e-03 3.971839999999999919e-03
1.360385299999999908e+00 3.304545999999999786e-03 1.970920000000000029e-04 1.000000000000000000e+00 3.680339999999999827e-03 3.702379999999999907e-03
1.360838761999999980e+00 3.172474000000000214e-03 1.915700000000000107e-04 1.000000000000000000e+00 3.461370000000000072e-03 3.482100000000000126e-03
1.361292375000000110e+00 3.118433400000000019e-03 1.875269999999999953e-04 1.000000000000000000e+00 3.304749999999999962e-03 3.324559999999999842e-03
1.361746139000000078e+00 3.136611599999999857e-03 1.852319999999999911e-04 1.000000000000000000e+00 3.216950000000000105e-03 3.236230000000000096e-03
1.362200054000000105e+00 3.212119900000000132e-03 1.847010000000000058e-04 1.000000000000000000e+00 3.196029999999999878e-03 3.215169999999999834e-03
1.362654121000000051e+00 3.324578600000000113e-03 1.856910000000000082e-04 1.000000000000000000e+00 3.232189999999999803e-03 3.251539999999999812e-03
1.363108339000000058e+00 3.452639799999999808e-03 1.877760000000000128e-04 1.000000000000000000e+00 3.310109999999999789e-03 3.329910000000000161e-03
1.363562707999999901e+00 3.577777500000000038e-03 1.904660000000000023e-04 1.000000000000000000e+00 3.412179999999999901e-03 3.432590000000000120e-03
1.364017229000000109e+00 3.686067099999999937e-03 1.933030000000000024e-04 1.000000000000000000e+00 3.521530000000000146e-03 3.542580000000000034e-03
1.364471902000000014e+00 3.768267799999999897e-03 1.959239999999999897e-04 1.000000000000000000e+00 3.623930000000000033e-03 3.645590000000000202e-03
1.364926725999999979e+00 3.819064999999999960e-03 1.980680000000000017e-04 1.000000000000000000e+00 3.708599999999999831e-03 3.730770000000000006e-03
1.365381701000000003e+00 3.836781699999999851e-03 1.995719999999999927e-04 1.000000000000000000e+00 3.768350000000000172e-03 3.790870000000000004e-03
1.365836827999999947e+00 3.823930299999999793e-03 2.003639999999999946e-04 1.000000000000000000e+00 3.799680000000000158e-03 3.822390000000000163e-03
1.366292107000000033e+00 3.787893000000000076e-03 2.004700000000000102e-04 1.000000000000000000e+00 3.803260000000000148e-03 3.825980000000000093e-03
1.366747538000000040e+00 3.740486400000000034e-03 2.000170000000000062e-04 1.000000000000000000e+00 3.784179999999999836e-03 3.806799999999999941e-03
1.367203120000000105e+00 3.696082900000000147e-03 1.992270000000000087e-04 1.000000000000000000e+00 3.751599999999999900e-03 3.774019999999999892e-03
1.367658854999999951e+00 3.668403399999999905e-03 1.983879999999999986e-04 1.000000000000000000e+00 3.717129999999999913e-03 3.739339999999999851e-03
1.368114741000000079e+00 3.667741400000000106e-03 1.977960000000000015e-04 1.000000000000000000e+00 3.692630000000000131e-03 3.714700000000000033e-03
1.368570778999999904e+00 3.699947500000000042e-03 1.977000000000000079e-04 1.000000000000000000e+00 3.688050000000000009e-03 3.710090000000000089e-03
1.369026969999999954e+00 3.767517000000000175e-03 1.982780000000000013e-04 1.000000000000000000e+00 3.710380000000000102e-03 3.732549999999999844e-03
1.369483312000000064e+00 3.872117899999999880e-03 1.996350000000000088e-04 1.000000000000000000e+00 3.764140000000000021e-03 3.786620000000000090e-03
1.369939806000000093e+00 4.016678800000000361e-03 2.018389999999999898e-04 1.000000000000000000e+00 3.852729999999999957e-03 3.875729999999999974e-03
1.370396452999999903e+00 4.205541099999999741e-03 2.049499999999999944e-04 1.000000000000000000e+00 3.979710000000000018e-03 4.003450000000000411e-03
1.370853252000000078e+00 4.442429700000000148e-03 2.090229999999999942e-04 1.000000000000000000e+00 4.148940000000000267e-03 4.173679999999999925e-03
1.371310202999999950e+00 4.727276199999999942e-03 2.140710000000000041e-04 1.000000000000000000e+00 4.363360000000000155e-03 4.389370000000000077e-03
1.371767305999999964e+00 5.053520199999999782e-03 2.200290000000000037e-04 1.000000000000000000e+00 4.622829999999999648e-03 4.650399999999999846e-03
1.372224561999999981e+00 5.407431199999999938e-03 2.267150000000000003e-04 1.000000000000000000e+00 4.922229999999999661e-03 4.951599999999999578e-03
1.372681969999999918e+00 5.769850299999999647e-03 2.338390000000000087e-04 1.000000000000000000e+00 5.250740000000000268e-03 5.282109999999999583e-03
1.373139531000000080e+00 6.119817900000000359e-03 2.410459999999999957e-04 1.000000000000000000e+00 5.592930000000000297e-03 5.626400000000000151e-03
1.373597243999999939e+00 6.438466000000000328e-03 2.479760000000000124e-04 1.000000000000000000e+00 5.931119999999999795e-03 5.966690000000000188e-03
1.374055110000000024e+00 6.711794000000000093e-03 2.543180000000000137e-04 1.000000000000000000e+00 6.248300000000000035e-03 6.285849999999999944e-03
1.374513128000000028e+00 6.931357600000000174e-03 2.598429999999999989e-04 1.000000000000000000e+00 6.530369999999999751e-03 6.569700000000000366e-03
1.374971299000000036e+00 7.093040800000000382e-03 2.644100000000000248e-04 1.000000000000000000e+00 6.767220000000000006e-03 6.808060000000000327e-03
1.375429623000000046e+00 7.194568000000000144e-03 2.679420000000000174e-04 1.000000000000000000e+00 6.952200000000000393e-03 6.994239999999999659e-03
1.375888100000000058e+00 7.233096100000000091e-03 2.703909999999999799e-04 1.000000000000000000e+00 7.080709999999999608e-03 7.123599999999999897e-03
1.376346728999999991e+00 7.204004800000000236e-03 2.717090000000000239e-04 1.000000000000000000e+00 7.148540000000000103e-03 7.191910000000000143e-03
1.376805510999999926e+00 7.101358700000000128e-03 2.718199999999999826e-04 1.000000000000000000e+00 7.150840000000000321e-03 7.194299999999999827e-03
1.377264446000000087e+00 6.920069200000000115e-03 2.706270000000000095e-04 1.000000000000000000e+00 7.082350000000000277e-03 7.125450000000000186e-03
1.377723534000000027e+00 6.658945500000000052e-03 2.680329999999999865e-04 1.000000000000000000e+00 6.938749999999999606e-03 6.981039999999999988e-03
1.378182776000000054e+00 6.323447900000000142e-03 2.639709999999999973e-04 1.000000000000000000e+00 6.718860000000000110e-03 6.759880000000000229e-03
1.378642170000000000e+00 5.927240999999999760e-03 2.584519999999999981e-04 1.000000000000000000e+00 6.426809999999999815e-03 6.466119999999999680e-03
1.379101716999999949e+00 5.492002699999999973e-03 2.515940000000000038e-04 1.000000000000000000e+00 6.073489999999999965e-03 6.110720000000000041e-03
1.379561417999999984e+00 5.045428499999999976e-03 2.436460000000000047e-04 1.000000000000000000e+00 5.676650000000000099e-03 5.711550000000000134e-03
1.380021272000000021e+00 4.618012599999999669e-03 2.349940000000000069e-04 1.000000000000000000e+00 5.259709999999999906e-03 5.292159999999999746e-03
1.380481279000000061e+00 4.239430500000000365e-03 2.261470000000000017e-04 1.000000000000000000e+00 4.849430000000000060e-03 4.879460000000000394e-03
1.380941439000000104e+00 3.935331099999999846e-03 2.177090000000000123e-04 1.000000000000000000e+00 4.473020000000000294e-03 4.500839999999999876e-03
1.381401753000000010e+00 3.724847400000000017e-03 2.103200000000000056e-04 1.000000000000000000e+00 4.155299999999999792e-03 4.181250000000000071e-03
1.381862219999999919e+00 3.619267900000000104e-03 2.045869999999999980e-04 1.000000000000000000e+00 3.916300000000000163e-03 3.940869999999999963e-03
1.382322840999999913e+00 3.621701399999999876e-03 2.009989999999999910e-04 1.000000000000000000e+00 3.769690000000000020e-03 3.793420000000000038e-03
1.382783614999999910e+00 3.727560500000000158e-03 1.998389999999999954e-04 1.000000000000000000e+00 3.721980000000000167e-03 3.745479999999999816e-03
1.383244542999999993e+00 3.925782299999999725e-03 2.011419999999999929e-04 1.000000000000000000e+00 3.772590000000000145e-03 3.796480000000000080e-03
1.383705624999999939e+00 4.200504600000000074e-03 2.046960000000000066e-04 1.000000000000000000e+00 3.914619999999999732e-03 3.939459999999999663e-03
1.384166860000000110e+00 4.533065099999999785e-03 2.101039999999999928e-04 1.000000000000000000e+00 4.136029999999999741e-03 4.162339999999999617e-03
1.384628248999999922e+00 4.904303399999999750e-03 2.168749999999999996e-04 1.000000000000000000e+00 4.421439999999999572e-03 4.449640000000000366e-03
1.385089792000000042e+00 5.296904499999999585e-03 2.245100000000000036e-04 1.000000000000000000e+00 4.754079999999999938e-03 4.784479999999999809e-03
1.385551487999999942e+00 5.697252800000000145e-03 2.325779999999999948e-04 1.000000000000000000e+00 5.117919999999999761e-03 5.150730000000000065e-03
1.386013339000000011e+00 6.096406500000000131e-03 2.407449999999999998e-04 1.000000000000000000e+00 5.499310000000000309e-03 5.534629999999999585e-03
1.386475343000000082e+00 6.489316200000000250e-03 2.487909999999999970e-04 1.000000000000000000e+00 5.887990000000000064e-03 5.925859999999999808e-03
1.386937502000000100e+00 6.872382600000000001e-03 2.565789999999999976e-04 1.000000000000000000e+00 6.276689999999999700e-03 6.317090000000000032e-03
1.387399813999999898e+00 7.239864099999999969e-03 2.640170000000000169e-04 1.000000000000000000e+00 6.659459999999999859e-03 6.702310000000000385e-03
1.387862281000000086e+00 7.580639499999999864e-03 2.709969999999999805e-04 1.000000000000000000e+00 7.029089999999999991e-03 7.074279999999999631e-03
1.388324901000000056e+00 7.877047300000000404e-03 2.773569999999999942e-04 1.000000000000000000e+00 7.374679999999999777e-03 7.422019999999999659e-03
1.388787675999999971e+00 8.106814400000000517e-03 2.828649999999999828e-04 1.000000000000000000e+00 7.680639999999999863e-03 7.729859999999999856e-03
1.389250606000000055e+00 8.247973800000000730e-03 2.872400000000000213e-04 1.000000000000000000e+00 7.927959999999999521e-03 7.978680000000000147e-03
1.389713688999999919e+00 8.284875900000000445e-03 2.902070000000000084e-04 1.000000000000000000e+00 8.097589999999999996e-03 8.149329999999999768e-03
1.390176926999999951e+00 8.212902200000000291e-03 2.915589999999999913e-04 1.000000000000000000e+00 8.174880000000000688e-03 8.227059999999999582e-03
1.390640319000000069e+00 8.039931999999999634e-03 2.912079999999999942e-04 1.000000000000000000e+00 8.153310000000000418e-03 8.205340000000000203e-03
1.391103865999999911e+00 7.784011700000000207e-03 2.892029999999999753e-04 1.000000000000000000e+00 8.036150000000000584e-03 8.087439999999999560e-03
1.391567567000000061e+00 7.468820600000000351e-03 2.857229999999999883e-04 1.000000000000000000e+00 7.835530000000000272e-03 7.885579999999999673e-03
1.392031422999999934e+00 7.119391800000000360e-03 2.810360000000000245e-04 1.000000000000000000e+00 7.569659999999999757e-03 7.618070000000000223e-03
1.392495433999999976e+00 6.760263800000000135e-03 2.754689999999999743e-04 1.000000000000000000e+00 7.259950000000000257e-03 7.306459999999999864e-03
1.392959599000000104e+00 6.416532400000000101e-03 2.693940000000000028e-04 1.000000000000000000e+00 6.929369999999999800e-03 6.973830000000000306e-03
1.393423918999999955e+00 6.116093199999999598e-03 2.632460000000000203e-04 1.000000000000000000e+00 6.602529999999999684e-03 6.644979999999999984e-03
1.393888392999999892e+00 5.890230699999999577e-03 2.575480000000000217e-04 1.000000000000000000e+00 6.306530000000000295e-03 6.347160000000000128e-03
1.394353023000000080e+00 5.769937499999999893e-03 2.529170000000000181e-04 1.000000000000000000e+00 6.070619999999999662e-03 6.109820000000000181e-03
1.394817806999999910e+00 5.777657599999999616e-03 2.499840000000000243e-04 1.000000000000000000e+00 5.923059999999999957e-03 5.961389999999999571e-03
1.395282745999999907e+00 5.917230699999999691e-03 2.492379999999999878e-04 1.000000000000000000e+00 5.884829999999999749e-03 5.922990000000000373e-03
1.395747840999999934e+00 6.166414000000000270e-03 2.508240000000000231e-04 1.000000000000000000e+00 5.962099999999999692e-03 6.000830000000000400e-03
1.396213090000000046e+00 6.476741000000000269e-03 2.544140000000000073e-04 1.000000000000000000e+00 6.140370000000000029e-03 6.180309999999999623e-03
1.396678494000000104e+00 6.782572700000000405e-03 2.592299999999999965e-04 1.000000000000000000e+00 6.383810000000000179e-03 6.425359999999999752e-03
1.397144053999999969e+00 7.017831700000000221e-03 2.642330000000000026e-04 1.000000000000000000e+00 6.641349999999999858e-03 6.684599999999999743e-03
1.397609769000000002e+00 7.135088900000000241e-03 2.683930000000000170e-04 1.000000000000000000e+00 6.858819999999999847e-03 6.903509999999999855e-03
1.398075637999999898e+00 7.120358799999999648e-03 2.709529999999999925e-04 1.000000000000000000e+00 6.993570000000000168e-03 7.039140000000000154e-03
1.398541663999999907e+00 6.997750399999999767e-03 2.716059999999999742e-04 1.000000000000000000e+00 7.026649999999999736e-03 7.072460000000000031e-03
1.399007844000000000e+00 6.821792000000000133e-03 2.705550000000000142e-04 1.000000000000000000e+00 6.968290000000000248e-03 7.013750000000000019e-03
1.399474179999999901e+00 6.659949400000000214e-03 2.684520000000000244e-04 1.000000000000000000e+00 6.854220000000000278e-03 6.898979999999999869e-03
1.399940672000000053e+00 6.571063299999999920e-03 2.662179999999999777e-04 1.000000000000000000e+00 6.734050000000000105e-03 6.778079999999999695e-03
1.400407318000000068e+00 6.587433699999999982e-03 2.647640000000000150e-04 1.000000000000000000e+00 6.655519999999999839e-03 6.699120000000000248e-03
1.400874120999999972e+00 6.706619799999999874e-03 2.647050000000000076e-04 1.000000000000000000e+00 6.650020000000000410e-03 6.693669999999999655e-03
1.401341079000000045e+00 6.895370199999999693e-03 2.661709999999999966e-04 1.000000000000000000e+00 6.724280000000000014e-03 6.768510000000000151e-03
1.401808192999999925e+00 7.103585200000000002e-03 2.688069999999999761e-04 1.000000000000000000e+00 6.860739999999999721e-03 6.905960000000000050e-03
1.402275461999999973e+00 7.282504900000000281e-03 2.719530000000000168e-04 1.000000000000000000e+00 7.025840000000000210e-03 7.072229999999999663e-03
1.402742887000000049e+00 7.400077599999999901e-03 2.749100000000000090e-04 1.000000000000000000e+00 7.182530000000000338e-03 7.230000000000000315e-03
1.403210467999999933e+00 7.448461800000000244e-03 2.771609999999999981e-04 1.000000000000000000e+00 7.302349999999999987e-03 7.350650000000000239e-03
1.403678205000000068e+00 7.441915500000000072e-03 2.784940000000000072e-04 1.000000000000000000e+00 7.372740000000000023e-03 7.421520000000000027e-03
1.404146098000000009e+00 7.407492499999999633e-03 2.789949999999999809e-04 1.000000000000000000e+00 7.397810000000000323e-03 7.446750000000000244e-03
1.404614145999999897e+00 7.373495400000000012e-03 2.789569999999999789e-04 1.000000000000000000e+00 7.393480000000000017e-03 7.442370000000000235e-03
1.405082350999999896e+00 7.360392099999999924e-03 2.787460000000000176e-04 1.000000000000000000e+00 7.379830000000000417e-03 7.428599999999999613e-03
1.405550711999999924e+00 7.377283299999999773e-03 2.786779999999999769e-04 1.000000000000000000e+00 7.374209999999999966e-03 7.422909999999999578e-03
1.406019228999999982e+00 7.423898200000000024e-03 2.789490000000000155e-04 1.000000000000000000e+00 7.387389999999999755e-03 7.436149999999999878e-03
1.406487902000000068e+00 7.495949099999999615e-03 2.796349999999999747e-04 1.000000000000000000e+00 7.423550000000000114e-03 7.472529999999999797e-03
1.406956730999999960e+00 7.590691600000000309e-03 2.807390000000000102e-04 1.000000000000000000e+00 7.482980000000000187e-03 7.532370000000000038e-03
1.407425716999999965e+00 7.710183800000000066e-03 2.822570000000000049e-04 1.000000000000000000e+00 7.565699999999999856e-03 7.615649999999999850e-03
1.407894858999999999e+00 7.861084100000000421e-03 2.842249999999999833e-04 1.000000000000000000e+00 7.673980000000000384e-03 7.724690000000000202e-03
1.408364157000000061e+00 8.051267900000000713e-03 2.867200000000000196e-04 1.000000000000000000e+00 7.812680000000000666e-03 7.864370000000000735e-03
1.408833612000000013e+00 8.284814999999999194e-03 2.898280000000000040e-04 1.000000000000000000e+00 7.987350000000000699e-03 8.040260000000000462e-03
1.409303222999999994e+00 8.557319600000000068e-03 2.935789999999999754e-04 1.000000000000000000e+00 8.200779999999999528e-03 8.255169999999999175e-03
1.409772991000000086e+00 8.853679399999999852e-03 2.978920000000000136e-04 1.000000000000000000e+00 8.449530000000000235e-03 8.505640000000000076e-03
1.410242914999999986e+00 9.149530399999999605e-03 3.025500000000000086e-04 1.000000000000000000e+00 8.722040000000000348e-03 8.780009999999999551e-03
1.410712995999999997e+00 9.416463099999999517e-03 3.072209999999999915e-04 1.000000000000000000e+00 8.999270000000000186e-03 9.059130000000000307e-03
1.411183233999999898e+00 9.629796100000000830e-03 3.115309999999999824e-04 1.000000000000000000e+00 9.258310000000000498e-03 9.319930000000000575e-03
1.411653628000000049e+00 9.776531499999999500e-03 3.151539999999999984e-04 1.000000000000000000e+00 9.478189999999999185e-03 9.541320000000000703e-03
1.412124179000000090e+00 9.860475000000000489e-03 3.179060000000000154e-04 1.000000000000000000e+00 9.646029999999999882e-03 9.710309999999999775e-03
1.412594887000000021e+00 9.902431499999999470e-03 3.198019999999999986e-04 1.000000000000000000e+00 9.761509999999999285e-03 9.826599999999999571e-03
1.413065752000000064e+00 9.934471300000000810e-03 3.210619999999999967e-04 1.000000000000000000e+00 9.837719999999999451e-03 9.903369999999999881e-03
1.413536773999999996e+00 9.989628000000000396e-03 3.220580000000000122e-04 1.000000000000000000e+00 9.897589999999999513e-03 9.963700000000000681e-03
1.414007953000000040e+00 1.009020400000000019e-02 3.231910000000000165e-04 1.000000000000000000e+00 9.966559999999999309e-03 1.003320000000000080e-02
1.414479288999999973e+00 1.023893600000000056e-02 3.247619999999999782e-04 1.000000000000000000e+00 1.006370000000000008e-02 1.013110000000000052e-02
1.414950782000000018e+00 1.041674799999999998e-02 3.268489999999999872e-04 1.000000000000000000e+00 1.019450000000000044e-02 1.026280000000000074e-02
1.415422431999999953e+00 1.058839100000000082e-02 3.292759999999999828e-04 1.000000000000000000e+00 1.034799999999999956e-02 1.041740000000000027e-02
1.415894240000000082e+00 1.071468799999999999e-02 3.316619999999999833e-04 1.000000000000000000e+00 1.049989999999999951e-02 1.057040000000000063e-02
1.416366205000000100e+00 1.076697499999999981e-02 3.335619999999999753e-04 1.000000000000000000e+00 1.062109999999999964e-02 1.069250000000000062e-02
1.416838327000000008e+00 1.073847099999999943e-02 3.346229999999999843e-04 1.000000000000000000e+00 1.068780000000000077e-02 1.075970000000000051e-02
1.417310606000000028e+00 1.064819499999999919e-02 3.347210000000000094e-04 1.000000000000000000e+00 1.069119999999999966e-02 1.076320000000000054e-02
1.417783043000000021e+00 1.053597499999999951e-02 3.340150000000000063e-04 1.000000000000000000e+00 1.064170000000000046e-02 1.071339999999999966e-02
1.418255636999999902e+00 1.045029100000000044e-02 3.329210000000000199e-04 1.000000000000000000e+00 1.056670000000000005e-02 1.063799999999999989e-02
1.418728388999999979e+00 1.043329599999999989e-02 3.319980000000000153e-04 1.000000000000000000e+00 1.050270000000000023e-02 1.057360000000000071e-02
1.419201299000000027e+00 1.050830900000000040e-02 3.317819999999999754e-04 1.000000000000000000e+00 1.048469999999999958e-02 1.055550000000000065e-02
1.419674365999999965e+00 1.067394500000000065e-02 3.326280000000000144e-04 1.000000000000000000e+00 1.053549999999999973e-02 1.060670000000000016e-02
1.420147591000000098e+00 1.090653999999999929e-02 3.346050000000000261e-04 1.000000000000000000e+00 1.066029999999999929e-02 1.073239999999999958e-02
1.420620972999999898e+00 1.116944800000000022e-02 3.375019999999999951e-04 1.000000000000000000e+00 1.084670000000000079e-02 1.092010000000000029e-02
1.421094512999999893e+00 1.142552399999999940e-02 3.409220000000000132e-04 1.000000000000000000e+00 1.106979999999999943e-02 1.114470000000000044e-02
1.421568211999999942e+00 1.164798899999999922e-02 3.444259999999999987e-04 1.000000000000000000e+00 1.130109999999999969e-02 1.137759999999999987e-02
1.422042068000000103e+00 1.182626399999999953e-02 3.476660000000000015e-04 1.000000000000000000e+00 1.151699999999999946e-02 1.159499999999999940e-02
1.422516082000000015e+00 1.196511100000000050e-02 3.504560000000000205e-04 1.000000000000000000e+00 1.170430000000000081e-02 1.178369999999999938e-02
1.422990253999999899e+00 1.207844999999999926e-02 3.527800000000000206e-04 1.000000000000000000e+00 1.186120000000000056e-02 1.194160000000000013e-02
1.423464583999999977e+00 1.218116399999999953e-02 3.547399999999999816e-04 1.000000000000000000e+00 1.199390000000000005e-02 1.207530000000000062e-02
1.423939072000000028e+00 1.228226699999999949e-02 3.564740000000000161e-04 1.000000000000000000e+00 1.211160000000000014e-02 1.219390000000000057e-02
1.424413718000000051e+00 1.238213300000000003e-02 3.580839999999999956e-04 1.000000000000000000e+00 1.222119999999999977e-02 1.230430000000000065e-02
1.424888522999999907e+00 1.247413900000000041e-02 3.595970000000000199e-04 1.000000000000000000e+00 1.232429999999999984e-02 1.240830000000000058e-02
1.425363485999999957e+00 1.254914900000000076e-02 3.609710000000000240e-04 1.000000000000000000e+00 1.241790000000000081e-02 1.250260000000000087e-02
1.425838606999999980e+00 1.260007099999999915e-02 3.621300000000000040e-04 1.000000000000000000e+00 1.249620000000000071e-02 1.258160000000000008e-02
1.426313887000000058e+00 1.262437299999999950e-02 3.630029999999999802e-04 1.000000000000000000e+00 1.255399999999999919e-02 1.264000000000000019e-02
1.426789324000000025e+00 1.262330700000000028e-02 3.635560000000000137e-04 1.000000000000000000e+00 1.258839999999999959e-02 1.267479999999999996e-02
1.427264920999999909e+00 1.259884300000000019e-02 3.637860000000000030e-04 1.000000000000000000e+00 1.259880000000000028e-02 1.268550000000000059e-02
1.427740675999999986e+00 1.255022899999999955e-02 3.636949999999999797e-04 1.000000000000000000e+00 1.258549999999999947e-02 1.267229999999999919e-02
1.428216589000000036e+00 1.247275500000000030e-02 3.632670000000000170e-04 1.000000000000000000e+00 1.254719999999999967e-02 1.263399999999999940e-02
1.428692662000000002e+00 1.235995699999999954e-02 3.624470000000000079e-04 1.000000000000000000e+00 1.248059999999999968e-02 1.256720000000000059e-02
1.429168892999999940e+00 1.220857099999999966e-02 3.611660000000000044e-04 1.000000000000000000e+00 1.238159999999999955e-02 1.246790000000000051e-02
1.429645282000000073e+00 1.202416400000000038e-02 3.593879999999999818e-04 1.000000000000000000e+00 1.224880000000000066e-02 1.233429999999999943e-02
1.430121830999999899e+00 1.182417099999999964e-02 3.571669999999999771e-04 1.000000000000000000e+00 1.208689999999999938e-02 1.217150000000000003e-02
1.430598537999999920e+00 1.163625499999999986e-02 3.546859999999999987e-04 1.000000000000000000e+00 1.190949999999999995e-02 1.199300000000000019e-02
1.431075403999999995e+00 1.149173499999999945e-02 3.522530000000000171e-04 1.000000000000000000e+00 1.173820000000000072e-02 1.182049999999999941e-02
1.431552428999999904e+00 1.141646800000000080e-02 3.502390000000000191e-04 1.000000000000000000e+00 1.159770000000000072e-02 1.167900000000000015e-02
1.432029613000000090e+00 1.142259399999999946e-02 3.489829999999999755e-04 1.000000000000000000e+00 1.151010000000000054e-02 1.159070000000000066e-02
1.432506956999999970e+00 1.150455199999999949e-02 3.486879999999999927e-04 1.000000000000000000e+00 1.148799999999999995e-02 1.156839999999999952e-02
1.432984459000000044e+00 1.164068400000000010e-02 3.493580000000000253e-04 1.000000000000000000e+00 1.153090000000000018e-02 1.161150000000000029e-02
1.433462119999999951e+00 1.179984799999999993e-02 3.507990000000000001e-04 1.000000000000000000e+00 1.162539999999999928e-02 1.170670000000000044e-02
1.433939940999999996e+00 1.195052199999999988e-02 3.526790000000000025e-04 1.000000000000000000e+00 1.174940000000000012e-02 1.183159999999999941e-02
1.434417921000000096e+00 1.206915599999999929e-02 3.546290000000000228e-04 1.000000000000000000e+00 1.187799999999999967e-02 1.196110000000000055e-02
1.434896060000000029e+00 1.214557699999999942e-02 3.563470000000000222e-04 1.000000000000000000e+00 1.199040000000000002e-02 1.207450000000000016e-02
1.435374359000000100e+00 1.218414800000000055e-02 3.576610000000000032e-04 1.000000000000000000e+00 1.207489999999999952e-02 1.215980000000000012e-02
1.435852817000000003e+00 1.220074399999999948e-02 3.585610000000000251e-04 1.000000000000000000e+00 1.213060000000000006e-02 1.221610000000000057e-02
1.436331435000000045e+00 1.221701600000000068e-02 3.591749999999999891e-04 1.000000000000000000e+00 1.216650000000000023e-02 1.225249999999999950e-02
1.436810211999999920e+00 1.225356300000000030e-02 3.597170000000000120e-04 1.000000000000000000e+00 1.219750000000000001e-02 1.228409999999999919e-02
1.437289148999999933e+00 1.232416199999999962e-02 3.604169999999999748e-04 1.000000000000000000e+00 1.223989999999999974e-02 1.232699999999999942e-02
1.437768245000000000e+00 1.243269200000000040e-02 3.614509999999999923e-04 1.000000000000000000e+00 1.230589999999999982e-02 1.239389999999999936e-02
1.438247500999999984e+00 1.257329899999999959e-02 3.628980000000000075e-04 1.000000000000000000e+00 1.240139999999999992e-02 1.249029999999999932e-02
1.438726917000000105e+00 1.273342499999999961e-02 3.647270000000000199e-04 1.000000000000000000e+00 1.252439999999999977e-02 1.261450000000000071e-02
1.439206492999999920e+00 1.289827600000000019e-02 3.668249999999999853e-04 1.000000000000000000e+00 1.266729999999999939e-02 1.275850000000000074e-02
1.439686228000000012e+00 1.305485800000000078e-02 3.690370000000000109e-04 1.000000000000000000e+00 1.281900000000000053e-02 1.291149999999999937e-02
1.440166123000000020e+00 1.319417900000000032e-02 3.712109999999999802e-04 1.000000000000000000e+00 1.296880000000000081e-02 1.306260000000000060e-02
1.440646179000000027e+00 1.331125000000000017e-02 3.732259999999999940e-04 1.000000000000000000e+00 1.310790000000000045e-02 1.320280000000000065e-02
1.441126394000000088e+00 1.340354000000000025e-02 3.749970000000000148e-04 1.000000000000000000e+00 1.323000000000000044e-02 1.332580000000000049e-02
1.441606769999999926e+00 1.346938500000000039e-02 3.764710000000000213e-04 1.000000000000000000e+00 1.333100000000000084e-02 1.342759999999999961e-02
1.442087305000000041e+00 1.350761099999999923e-02 3.776079999999999801e-04 1.000000000000000000e+00 1.340809999999999919e-02 1.350540000000000074e-02
1.442568000999999933e+00 1.351904100000000074e-02 3.783899999999999872e-04 1.000000000000000000e+00 1.345960000000000038e-02 1.355740000000000070e-02
1.443048856999999963e+00 1.350929199999999913e-02 3.788239999999999902e-04 1.000000000000000000e+00 1.348620000000000027e-02 1.358430000000000054e-02
1.443529872999999908e+00 1.349086000000000035e-02 3.789789999999999912e-04 1.000000000000000000e+00 1.349249999999999929e-02 1.359070000000000070e-02
1.444011050000000074e+00 1.348284599999999972e-02 3.789959999999999878e-04 1.000000000000000000e+00 1.348869999999999930e-02 1.358700000000000012e-02
1.444492386999999933e+00 1.350692499999999949e-02 3.790889999999999885e-04 1.000000000000000000e+00 1.349000000000000025e-02 1.358849999999999988e-02
1.444973883999999931e+00 1.358032799999999915e-02 3.795030000000000018e-04 1.000000000000000000e+00 1.351390000000000056e-02 1.361290000000000069e-02
1.445455541999999927e+00 1.370811299999999920e-02 3.804410000000000257e-04 1.000000000000000000e+00 1.357509999999999967e-02 1.367469999999999970e-02
1.445937360999999921e+00 1.387825699999999975e-02 3.819800000000000257e-04 1.000000000000000000e+00 1.367920000000000073e-02 1.378000000000000058e-02
1.446419340000000053e+00 1.406218700000000030e-02 3.840149999999999749e-04 1.000000000000000000e+00 1.381929999999999964e-02 1.392149999999999985e-02
1.446901479999999962e+00 1.422183299999999970e-02 3.862650000000000024e-04 1.000000000000000000e+00 1.397529999999999953e-02 1.407899999999999950e-02
1.447383780000000009e+00 1.432133799999999943e-02 3.883350000000000148e-04 1.000000000000000000e+00 1.411860000000000025e-02 1.422370000000000058e-02
1.447866241999999914e+00 1.433962299999999926e-02 3.898379999999999901e-04 1.000000000000000000e+00 1.422039999999999936e-02 1.432660000000000010e-02
1.448348863999999958e+00 1.427921099999999999e-02 3.905189999999999790e-04 1.000000000000000000e+00 1.426159999999999928e-02 1.436839999999999992e-02
1.448831647000000000e+00 1.416774999999999979e-02 3.903469999999999813e-04 1.000000000000000000e+00 1.423969999999999923e-02 1.434670000000000042e-02
1.449314591000000041e+00 1.405146799999999925e-02 3.895510000000000249e-04 1.000000000000000000e+00 1.417209999999999998e-02 1.427879999999999948e-02
1.449797694999999997e+00 1.398235700000000081e-02 3.885739999999999832e-04 1.000000000000000000e+00 1.409170000000000041e-02 1.419809999999999996e-02
1.450280961000000035e+00 1.400343599999999931e-02 3.879609999999999808e-04 1.000000000000000000e+00 1.403880000000000058e-02 1.414510000000000073e-02
1.450764388000000071e+00 1.413696099999999997e-02 3.882119999999999755e-04 1.000000000000000000e+00 1.405020000000000054e-02 1.415669999999999949e-02
1.451247976000000106e+00 1.437942400000000003e-02 3.896400000000000167e-04 1.000000000000000000e+00 1.414879999999999957e-02 1.425629999999999953e-02
1.451731726000000000e+00 1.470435999999999965e-02 3.922910000000000156e-04 1.000000000000000000e+00 1.433899999999999932e-02 1.444819999999999958e-02
1.452215636000000032e+00 1.507167100000000003e-02 3.959510000000000178e-04 1.000000000000000000e+00 1.460640000000000029e-02 1.471790000000000077e-02
1.452699707999999923e+00 1.543951300000000020e-02 4.002310000000000242e-04 1.000000000000000000e+00 1.492330000000000045e-02 1.503750000000000052e-02
1.453183941000000035e+00 1.577483799999999936e-02 4.046890000000000144e-04 1.000000000000000000e+00 1.525729999999999968e-02 1.537439999999999987e-02
1.453668336000000005e+00 1.605938599999999841e-02 4.089469999999999997e-04 1.000000000000000000e+00 1.557919999999999965e-02 1.569910000000000055e-02
1.454152891999999975e+00 1.629005199999999931e-02 4.127569999999999785e-04 1.000000000000000000e+00 1.586919999999999997e-02 1.599160000000000165e-02
1.454637610000000025e+00 1.647459999999999897e-02 4.160209999999999798e-04 1.000000000000000000e+00 1.611829999999999860e-02 1.624290000000000109e-02
1.455122489000000074e+00 1.662512000000000018e-02 4.187570000000000159e-04 1.000000000000000000e+00 1.632710000000000064e-02 1.645370000000000166e-02
1.455607529999999983e+00 1.675177300000000105e-02 4.210490000000000001e-04 1.000000000000000000e+00 1.650139999999999940e-02 1.662960000000000133e-02
1.456092731999999890e+00 1.685896099999999870e-02 4.229850000000000168e-04 1.000000000000000000e+00 1.664759999999999851e-02 1.677719999999999906e-02
1.456578096999999961e+00 1.694443099999999938e-02 4.246140000000000244e-04 1.000000000000000000e+00 1.676969999999999850e-02 1.690049999999999886e-02
1.457063623000000030e+00 1.700129100000000171e-02 4.259339999999999914e-04 1.000000000000000000e+00 1.686740000000000114e-02 1.699900000000000022e-02
1.457549310000000098e+00 1.702166499999999832e-02 4.268949999999999980e-04 1.000000000000000000e+00 1.693679999999999838e-02 1.706910000000000024e-02
1.458035160000000108e+00 1.700046599999999880e-02 4.274319999999999964e-04 1.000000000000000000e+00 1.697279999999999969e-02 1.710539999999999977e-02
1.458521171999999977e+00 1.693810299999999949e-02 4.274950000000000126e-04 1.000000000000000000e+00 1.697150000000000047e-02 1.710419999999999996e-02
1.459007345999999927e+00 1.684114399999999886e-02 4.270769999999999905e-04 1.000000000000000000e+00 1.693269999999999845e-02 1.706509999999999971e-02
1.459493681000000098e+00 1.672084799999999996e-02 4.262289999999999742e-04 1.000000000000000000e+00 1.686040000000000108e-02 1.699229999999999838e-02
1.459980178999999989e+00 1.659010699999999977e-02 4.250510000000000204e-04 1.000000000000000000e+00 1.676269999999999843e-02 1.689380000000000048e-02
1.460466838999999961e+00 1.645996599999999949e-02 4.236660000000000057e-04 1.000000000000000000e+00 1.664929999999999882e-02 1.677959999999999868e-02
1.460953662000000097e+00 1.633675399999999847e-02 4.221970000000000237e-04 1.000000000000000000e+00 1.652939999999999965e-02 1.665880000000000138e-02
1.461440646000000010e+00 1.622109299999999893e-02 4.207300000000000189e-04 1.000000000000000000e+00 1.640950000000000047e-02 1.653810000000000002e-02
1.461927793000000086e+00 1.610874500000000070e-02 4.192989999999999847e-04 1.000000000000000000e+00 1.629179999999999864e-02 1.641969999999999888e-02
1.462415102000000022e+00 1.599314500000000028e-02 4.178920000000000030e-04 1.000000000000000000e+00 1.617520000000000069e-02 1.630229999999999874e-02
1.462902573999999900e+00 1.586880200000000130e-02 4.164630000000000003e-04 1.000000000000000000e+00 1.605619999999999964e-02 1.618249999999999897e-02
1.463390208000000081e+00 1.573421200000000089e-02 4.149639999999999796e-04 1.000000000000000000e+00 1.593139999999999834e-02 1.605689999999999895e-02
1.463878004999999982e+00 1.559344300000000023e-02 4.133760000000000212e-04 1.000000000000000000e+00 1.579979999999999926e-02 1.592439999999999828e-02
1.464365963999999964e+00 1.545553700000000009e-02 4.117270000000000239e-04 1.000000000000000000e+00 1.566450000000000134e-02 1.578809999999999936e-02
1.464854086000000111e+00 1.533160299999999920e-02 4.100929999999999918e-04 1.000000000000000000e+00 1.553170000000000071e-02 1.565439999999999887e-02
1.465342370999999977e+00 1.523046200000000017e-02 4.085749999999999972e-04 1.000000000000000000e+00 1.540970000000000013e-02 1.553150000000000017e-02
1.465830819000000007e+00 1.515432499999999974e-02 4.072600000000000005e-04 1.000000000000000000e+00 1.530530000000000085e-02 1.542619999999999929e-02
1.466319428999999896e+00 1.509646400000000041e-02 4.061800000000000176e-04 1.000000000000000000e+00 1.522040000000000025e-02 1.534059999999999938e-02
1.466808201999999950e+00 1.504222799999999950e-02 4.052829999999999887e-04 1.000000000000000000e+00 1.515069999999999958e-02 1.527030000000000054e-02
1.467297137999999945e+00 1.497367399999999932e-02 4.044389999999999812e-04 1.000000000000000000e+00 1.508559999999999936e-02 1.520469999999999981e-02
1.467786237000000105e+00 1.487650899999999957e-02 4.034810000000000219e-04 1.000000000000000000e+00 1.501169999999999935e-02 1.513010000000000049e-02
1.468275498999999984e+00 1.474677700000000084e-02 4.022650000000000119e-04 1.000000000000000000e+00 1.491740000000000080e-02 1.503509999999999916e-02
1.468764924000000027e+00 1.459475099999999956e-02 4.007379999999999840e-04 1.000000000000000000e+00 1.479880000000000084e-02 1.491549999999999994e-02
1.469254513000000095e+00 1.444417599999999954e-02 3.989870000000000070e-04 1.000000000000000000e+00 1.466220000000000023e-02 1.477799999999999947e-02
1.469744264000000022e+00 1.432695399999999938e-02 3.972399999999999846e-04 1.000000000000000000e+00 1.452510000000000086e-02 1.463990000000000083e-02
1.470234178999999974e+00 1.427483199999999945e-02 3.958260000000000012e-04 1.000000000000000000e+00 1.441220000000000001e-02 1.452630000000000067e-02
1.470724257000000090e+00 1.431067800000000029e-02 3.950989999999999927e-04 1.000000000000000000e+00 1.434969999999999996e-02 1.446350000000000066e-02
1.471214497999999926e+00 1.444215499999999992e-02 3.953369999999999996e-04 1.000000000000000000e+00 1.435849999999999974e-02 1.447269999999999980e-02
1.471704903000000009e+00 1.465917800000000014e-02 3.966700000000000087e-04 1.000000000000000000e+00 1.444879999999999949e-02 1.456400000000000056e-02
1.472195471000000033e+00 1.493598699999999953e-02 3.990309999999999951e-04 1.000000000000000000e+00 1.461660000000000043e-02 1.473340000000000066e-02
1.472686203000000082e+00 1.523669199999999960e-02 4.021709999999999955e-04 1.000000000000000000e+00 1.484450000000000006e-02 1.496349999999999937e-02
1.473177098999999934e+00 1.552286899999999990e-02 4.057139999999999987e-04 1.000000000000000000e+00 1.510530000000000032e-02 1.522669999999999926e-02
1.473668157999999950e+00 1.576131399999999849e-02 4.092410000000000210e-04 1.000000000000000000e+00 1.536739999999999981e-02 1.549110000000000070e-02
1.474159379999999908e+00 1.593007800000000029e-02 4.123689999999999951e-04 1.000000000000000000e+00 1.560079999999999974e-02 1.572679999999999911e-02
1.474650766999999973e+00 1.602150100000000049e-02 4.148239999999999979e-04 1.000000000000000000e+00 1.578339999999999951e-02 1.591110000000000094e-02
1.475142316999999981e+00 1.604180599999999873e-02 4.164689999999999863e-04 1.000000000000000000e+00 1.590329999999999869e-02 1.603219999999999992e-02
1.475634031000000013e+00 1.600750199999999984e-02 4.173119999999999781e-04 1.000000000000000000e+00 1.596030000000000018e-02 1.609000000000000014e-02
1.476125909000000069e+00 1.594011899999999912e-02 4.174779999999999897e-04 1.000000000000000000e+00 1.596389999999999962e-02 1.609400000000000067e-02
1.476617950999999929e+00 1.586088999999999902e-02 4.171620000000000016e-04 1.000000000000000000e+00 1.592949999999999922e-02 1.605969999999999967e-02
1.477110157000000035e+00 1.578715899999999853e-02 4.165819999999999766e-04 1.000000000000000000e+00 1.587440000000000032e-02 1.600450000000000136e-02
1.477602526999999943e+00 1.573113599999999973e-02 4.159389999999999897e-04 1.000000000000000000e+00 1.581480000000000039e-02 1.594479999999999856e-02
1.478095061000000099e+00 1.570079599999999950e-02 4.153970000000000210e-04 1.000000000000000000e+00 1.576369999999999855e-02 1.589350000000000138e-02
1.478587759999999918e+00 1.570171399999999856e-02 4.150800000000000171e-04 1.000000000000000000e+00 1.573089999999999905e-02 1.586080000000000129e-02
1.479080621999999900e+00 1.573830999999999841e-02 4.150840000000000259e-04 1.000000000000000000e+00 1.572379999999999958e-02 1.585390000000000063e-02
1.479573648999999991e+00 1.581364999999999854e-02 4.154820000000000041e-04 1.000000000000000000e+00 1.574789999999999870e-02 1.587840000000000085e-02
1.480066840000000106e+00 1.592784499999999950e-02 4.163239999999999801e-04 1.000000000000000000e+00 1.580679999999999932e-02 1.593800000000000078e-02
1.480560196000000106e+00 1.607597200000000087e-02 4.176189999999999872e-04 1.000000000000000000e+00 1.590120000000000075e-02 1.603339999999999974e-02
1.481053715999999909e+00 1.624696000000000126e-02 4.193220000000000215e-04 1.000000000000000000e+00 1.602750000000000008e-02 1.616099999999999828e-02
1.481547401000000042e+00 1.642448999999999992e-02 4.213229999999999775e-04 1.000000000000000000e+00 1.617729999999999863e-02 1.631219999999999892e-02
1.482041249999999977e+00 1.658999499999999974e-02 4.234549999999999903e-04 1.000000000000000000e+00 1.633770000000000014e-02 1.647420000000000134e-02
1.482535264000000019e+00 1.672690799999999867e-02 4.255239999999999869e-04 1.000000000000000000e+00 1.649360000000000062e-02 1.663159999999999986e-02
1.483029442000000087e+00 1.682478000000000098e-02 4.273470000000000133e-04 1.000000000000000000e+00 1.663059999999999886e-02 1.676990000000000078e-02
1.483523785000000039e+00 1.688179700000000047e-02 4.287979999999999830e-04 1.000000000000000000e+00 1.673840000000000050e-02 1.687879999999999936e-02
1.484018293000000099e+00 1.690497499999999917e-02 4.298269999999999760e-04 1.000000000000000000e+00 1.681279999999999927e-02 1.695409999999999973e-02
1.484512966000000045e+00 1.690808900000000115e-02 4.304760000000000032e-04 1.000000000000000000e+00 1.685709999999999986e-02 1.699900000000000022e-02
1.485007804000000098e+00 1.690809299999999904e-02 4.308609999999999936e-04 1.000000000000000000e+00 1.688020000000000145e-02 1.702259999999999884e-02
1.485502805999999953e+00 1.692120700000000061e-02 4.311429999999999885e-04 1.000000000000000000e+00 1.689509999999999970e-02 1.703800000000000106e-02
1.485997973999999999e+00 1.695957999999999841e-02 4.314899999999999769e-04 1.000000000000000000e+00 1.691530000000000117e-02 1.705860000000000015e-02
1.486493306000000070e+00 1.702930000000000069e-02 4.320449999999999876e-04 1.000000000000000000e+00 1.695199999999999832e-02 1.709600000000000009e-02
1.486988804000000108e+00 1.712990500000000083e-02 4.328949999999999812e-04 1.000000000000000000e+00 1.701249999999999984e-02 1.715730000000000033e-02
1.487484467000000032e+00 1.725528700000000110e-02 4.340659999999999874e-04 1.000000000000000000e+00 1.709890000000000021e-02 1.724470000000000169e-02
1.487980295000000064e+00 1.739564899999999914e-02 4.355180000000000271e-04 1.000000000000000000e+00 1.720810000000000048e-02 1.735509999999999831e-02
1.488476289000000063e+00 1.753993800000000144e-02 4.371679999999999859e-04 1.000000000000000000e+00 1.733360000000000109e-02 1.748190000000000160e-02
1.488972447000000088e+00 1.767818900000000040e-02 4.389080000000000065e-04 1.000000000000000000e+00 1.746680000000000108e-02 1.761650000000000021e-02
1.489468771999999941e+00 1.780322900000000028e-02 4.406319999999999920e-04 1.000000000000000000e+00 1.759929999999999828e-02 1.775020000000000070e-02
1.489965261000000041e+00 1.791141200000000155e-02 4.422559999999999751e-04 1.000000000000000000e+00 1.772400000000000017e-02 1.787609999999999894e-02
1.490461916000000109e+00 1.800227700000000056e-02 4.437239999999999956e-04 1.000000000000000000e+00 1.783639999999999878e-02 1.798970000000000083e-02
1.490958736999999923e+00 1.807739300000000063e-02 4.450130000000000166e-04 1.000000000000000000e+00 1.793449999999999905e-02 1.808879999999999863e-02
1.491455723000000066e+00 1.813900400000000024e-02 4.461229999999999840e-04 1.000000000000000000e+00 1.801820000000000158e-02 1.817329999999999987e-02
1.491952874999999956e+00 1.818895800000000160e-02 4.470669999999999939e-04 1.000000000000000000e+00 1.808819999999999872e-02 1.824419999999999861e-02
1.492450193000000036e+00 1.822845099999999968e-02 4.478609999999999731e-04 1.000000000000000000e+00 1.814589999999999953e-02 1.830249999999999932e-02
1.492947676000000001e+00 1.825846299999999908e-02 4.485220000000000266e-04 1.000000000000000000e+00 1.819209999999999924e-02 1.834950000000000123e-02
1.493445324999999935e+00 1.828063099999999858e-02 4.490650000000000110e-04 1.000000000000000000e+00 1.822800000000000115e-02 1.838619999999999838e-02
1.493943140000000058e+00 1.829794100000000159e-02 4.495139999999999791e-04 1.000000000000000000e+00 1.825560000000000030e-02 1.841440000000000091e-02
1.494441120999999928e+00 1.831481700000000060e-02 4.499020000000000167e-04 1.000000000000000000e+00 1.827739999999999920e-02 1.843689999999999912e-02
1.494939269000000071e+00 1.833643399999999868e-02 4.502759999999999966e-04 1.000000000000000000e+00 1.829750000000000126e-02 1.845770000000000050e-02
1.495437582000000099e+00 1.836754300000000006e-02 4.506879999999999784e-04 1.000000000000000000e+00 1.832030000000000117e-02 1.848129999999999912e-02
1.495936061000000095e+00 1.841118200000000163e-02 4.511849999999999975e-04 1.000000000000000000e+00 1.835020000000000054e-02 1.851190000000000127e-02
1.496434706000000059e+00 1.846782099999999885e-02 4.517999999999999772e-04 1.000000000000000000e+00 1.839019999999999891e-02 1.855280000000000123e-02
1.496933518000000074e+00 1.853511399999999837e-02 4.525420000000000050e-04 1.000000000000000000e+00 1.844159999999999897e-02 1.860490000000000060e-02
1.497432496000000057e+00 1.860830600000000154e-02 4.533930000000000143e-04 1.000000000000000000e+00 1.850289999999999921e-02 1.866709999999999897e-02
1.497931640000000009e+00 1.868107000000000101e-02 4.543090000000000171e-04 1.000000000000000000e+00 1.857079999999999842e-02 1.873580000000000037e-02
1.498430949999999928e+00 1.874655500000000155e-02 4.552280000000000128e-04 1.000000000000000000e+00 1.864019999999999913e-02 1.880599999999999980e-02
1.498930426999999899e+00 1.879844400000000096e-02 4.560829999999999767e-04 1.000000000000000000e+00 1.870509999999999881e-02 1.887159999999999879e-02
1.499430070999999920e+00 1.883190900000000084e-02 4.568059999999999764e-04 1.000000000000000000e+00 1.875960000000000127e-02 1.892659999999999829e-02
1.499929880999999909e+00 1.884441900000000114e-02 4.573460000000000220e-04 1.000000000000000000e+00 1.879880000000000093e-02 1.896629999999999844e-02
1.500429857000000089e+00 1.883634600000000034e-02 4.576739999999999823e-04 1.000000000000000000e+00 1.881970000000000171e-02 1.898750000000000090e-02
1.500930000999999958e+00 1.881119499999999931e-02 4.577849999999999953e-04 1.000000000000000000e+00 1.882170000000000024e-02 1.898980000000000112e-02
1.501430311000000017e+00 1.877533500000000063e-02 4.577079999999999755e-04 1.000000000000000000e+00 1.880710000000000021e-02 1.897530000000000050e-02
1.501930787000000045e+00 1.873708899999999844e-02 4.575030000000000004e-04 1.000000000000000000e+00 1.878080000000000027e-02 1.894909999999999997e-02
1.502431430999999984e+00 1.870525500000000049e-02 4.572469999999999811e-04 1.000000000000000000e+00 1.874960000000000168e-02 1.891800000000000079e-02
1.502932241999999974e+00 1.868727699999999867e-02 4.570280000000000024e-04 1.000000000000000000e+00 1.872120000000000034e-02 1.888959999999999945e-02
1.503433218999999932e+00 1.868757700000000035e-02 4.569239999999999912e-04 1.000000000000000000e+00 1.870219999999999869e-02 1.887089999999999948e-02
1.503934362999999941e+00 1.870652700000000057e-02 4.569859999999999916e-04 1.000000000000000000e+00 1.869739999999999944e-02 1.886639999999999845e-02
1.504435675000000083e+00 1.874047599999999897e-02 4.572310000000000003e-04 1.000000000000000000e+00 1.870830000000000062e-02 1.887770000000000073e-02
1.504937152999999972e+00 1.878290499999999905e-02 4.576350000000000188e-04 1.000000000000000000e+00 1.873280000000000084e-02 1.890270000000000145e-02
1.505438798999999994e+00 1.882640500000000092e-02 4.581470000000000030e-04 1.000000000000000000e+00 1.876660000000000134e-02 1.893709999999999838e-02
1.505940612000000067e+00 1.886484600000000109e-02 4.586990000000000208e-04 1.000000000000000000e+00 1.880400000000000127e-02 1.897510000000000169e-02
1.506442591999999969e+00 1.889499000000000040e-02 4.592339999999999877e-04 1.000000000000000000e+00 1.883970000000000089e-02 1.901150000000000062e-02
1.506944740000000005e+00 1.891703200000000029e-02 4.597119999999999787e-04 1.000000000000000000e+00 1.887039999999999898e-02 1.904290000000000149e-02
1.507447055000000091e+00 1.893392400000000128e-02 4.601240000000000148e-04 1.000000000000000000e+00 1.889520000000000088e-02 1.906839999999999924e-02
1.507949537000000007e+00 1.894981000000000096e-02 4.604879999999999998e-04 1.000000000000000000e+00 1.891560000000000116e-02 1.908939999999999942e-02
1.508452187000000055e+00 1.896824600000000111e-02 4.608330000000000108e-04 1.000000000000000000e+00 1.893430000000000113e-02 1.910869999999999930e-02
1.508955003999999933e+00 1.899088300000000007e-02 4.611899999999999940e-04 1.000000000000000000e+00 1.895379999999999981e-02 1.912890000000000076e-02
1.509457988999999944e+00 1.901704300000000084e-02 4.615749999999999844e-04 1.000000000000000000e+00 1.897590000000000041e-02 1.915170000000000067e-02
1.509961142000000089e+00 1.904424299999999889e-02 4.619879999999999820e-04 1.000000000000000000e+00 1.900040000000000062e-02 1.917690000000000020e-02
1.510464462000000063e+00 1.906930399999999873e-02 4.624100000000000129e-04 1.000000000000000000e+00 1.902600000000000124e-02 1.920300000000000132e-02
1.510967949999999949e+00 1.908955099999999974e-02 4.628149999999999929e-04 1.000000000000000000e+00 1.905010000000000037e-02 1.922770000000000035e-02
1.511471605999999968e+00 1.910360499999999920e-02 4.631810000000000094e-04 1.000000000000000000e+00 1.907069999999999946e-02 1.924889999999999934e-02
1.511975429999999898e+00 1.911158699999999933e-02 4.634910000000000115e-04 1.000000000000000000e+00 1.908630000000000049e-02 1.926510000000000028e-02
1.512479421999999962e+00 1.911476000000000147e-02 4.637449999999999992e-04 1.000000000000000000e+00 1.909670000000000117e-02 1.927600000000000147e-02
1.512983581999999938e+00 1.911489699999999875e-02 4.639499999999999744e-04 1.000000000000000000e+00 1.910250000000000142e-02 1.928229999999999875e-02
1.513487910000000047e+00 1.911368000000000095e-02 4.641189999999999790e-04 1.000000000000000000e+00 1.910500000000000045e-02 1.928540000000000115e-02
1.513992406000000068e+00 1.911234900000000070e-02 4.642650000000000010e-04 1.000000000000000000e+00 1.910589999999999858e-02 1.928679999999999978e-02
1.514497070000000001e+00 1.911165000000000086e-02 4.643989999999999967e-04 1.000000000000000000e+00 1.910629999999999967e-02 1.928770000000000137e-02
1.515001902000000067e+00 1.911201699999999851e-02 4.645270000000000063e-04 1.000000000000000000e+00 1.910720000000000127e-02 1.928900000000000059e-02
1.515506902999999905e+00 1.911378999999999856e-02 4.646529999999999844e-04 1.000000000000000000e+00 1.910890000000000158e-02 1.929120000000000140e-02
1.516012072000000099e+00 1.911736799999999917e-02 4.647809999999999941e-04 1.000000000000000000e+00 1.911180000000000170e-02 1.929439999999999975e-02
1.516517408999999983e+00 1.912319900000000045e-02 4.649179999999999827e-04 1.000000000000000000e+00 1.911600000000000105e-02 1.929890000000000078e-02
1.517022915000000083e+00 1.913166100000000119e-02 4.650699999999999908e-04 1.000000000000000000e+00 1.912169999999999842e-02 1.930489999999999984e-02
1.517528589000000094e+00 1.914289500000000005e-02 4.652479999999999745e-04 1.000000000000000000e+00 1.912909999999999958e-02 1.931259999999999921e-02
1.518034432000000100e+00 1.915668099999999832e-02 4.654579999999999742e-04 1.000000000000000000e+00 1.913839999999999986e-02 1.932220000000000118e-02
1.518540444000000100e+00 1.917241199999999979e-02 4.657029999999999829e-04 1.000000000000000000e+00 1.914959999999999926e-02 1.933380000000000168e-02
1.519046624000000012e+00 1.918916299999999867e-02 4.659800000000000075e-04 1.000000000000000000e+00 1.916259999999999838e-02 1.934719999999999843e-02
1.519552972999999918e+00 1.920583600000000044e-02 4.662809999999999763e-04 1.000000000000000000e+00 1.917690000000000020e-02 1.936210000000000014e-02
1.520059489999999958e+00 1.922133200000000069e-02 4.665930000000000099e-04 1.000000000000000000e+00 1.919190000000000132e-02 1.937759999999999830e-02
1.520566177000000074e+00 1.923470899999999914e-02 4.669019999999999963e-04 1.000000000000000000e+00 1.920679999999999957e-02 1.939290000000000111e-02
1.521073032000000103e+00 1.924530899999999864e-02 4.671930000000000245e-04 1.000000000000000000e+00 1.922070000000000028e-02 1.940740000000000173e-02
1.521580056999999986e+00 1.925282899999999908e-02 4.674519999999999825e-04 1.000000000000000000e+00 1.923300000000000010e-02 1.941999999999999976e-02
1.522087250000000003e+00 1.925732100000000085e-02 4.676719999999999770e-04 1.000000000000000000e+00 1.924309999999999909e-02 1.943040000000000045e-02
1.522594612000000014e+00 1.925914600000000129e-02 4.678479999999999835e-04 1.000000000000000000e+00 1.925069999999999906e-02 1.943819999999999923e-02
1.523102144000000102e+00 1.925888300000000095e-02 4.679819999999999792e-04 1.000000000000000000e+00 1.925570000000000059e-02 1.944330000000000017e-02
1.523609844999999963e+00 1.925721199999999925e-02 4.680789999999999886e-04 1.000000000000000000e+00 1.925829999999999903e-02 1.944579999999999920e-02
1.524117715000000040e+00 1.925479000000000079e-02 4.681500000000000223e-04 1.000000000000000000e+00 1.925860000000000072e-02 1.944620000000000029e-02
1.524625754000000111e+00 1.925215499999999996e-02 4.682059999999999824e-04 1.000000000000000000e+00 1.925719999999999862e-02 1.944490000000000107e-02
1.525133961999999954e+00 1.924965199999999904e-02 4.682579999999999880e-04 1.000000000000000000e+00 1.925450000000000078e-02 1.944239999999999857e-02
1.525642340000000097e+00 1.924742000000000119e-02 4.683150000000000182e-04 1.000000000000000000e+00 1.925110000000000016e-02 1.943929999999999964e-02
1.526150888000000094e+00 1.924541899999999972e-02 4.683849999999999819e-04 1.000000000000000000e+00 1.924719999999999903e-02 1.943589999999999901e-02
1.526659605000000086e+00 1.924349300000000040e-02 4.684700000000000192e-04 1.000000000000000000e+00 1.924340000000000078e-02 1.943260000000000126e-02
1.527168491000000072e+00 1.924144399999999991e-02 4.685669999999999744e-04 1.000000000000000000e+00 1.924000000000000016e-02 1.942980000000000054e-02
1.527677546999999914e+00 1.923910100000000151e-02 4.686720000000000014e-04 1.000000000000000000e+00 1.923710000000000003e-02 1.942740000000000092e-02
1.528186773000000054e+00 1.923633099999999888e-02 4.687779999999999898e-04 1.000000000000000000e+00 1.923470000000000041e-02 1.942560000000000120e-02
1.528696169000000049e+00 1.923302699999999976e-02 4.688779999999999923e-04 1.000000000000000000e+00 1.923269999999999841e-02 1.942400000000000029e-02
1.529205734000000039e+00 1.922904699999999911e-02 4.689650000000000069e-04 1.000000000000000000e+00 1.923069999999999988e-02 1.942229999999999998e-02
1.529715469999999966e+00 1.922417200000000118e-02 4.690340000000000091e-04 1.000000000000000000e+00 1.922839999999999966e-02 1.942009999999999917e-02
1.530225375000000110e+00 1.921810599999999869e-02 4.690830000000000216e-04 1.000000000000000000e+00 1.922499999999999903e-02 1.941680000000000142e-02
1.530735450000000109e+00 1.921054599999999848e-02 4.691119999999999904e-04 1.000000000000000000e+00 1.922010000000000038e-02 1.941199999999999870e-02
1.531245694999999962e+00 1.920132800000000015e-02 4.691210000000000237e-04 1.000000000000000000e+00 1.921329999999999913e-02 1.940520000000000092e-02
1.531756109999999893e+00 1.919057899999999928e-02 4.691149999999999834e-04 1.000000000000000000e+00 1.920430000000000054e-02 1.939630000000000173e-02
1.532266695999999984e+00 1.917883500000000171e-02 4.690990000000000025e-04 1.000000000000000000e+00 1.919339999999999935e-02 1.938569999999999877e-02
1.532777451000000069e+00 1.916703299999999999e-02 4.690809999999999902e-04 1.000000000000000000e+00 1.918140000000000123e-02 1.937389999999999946e-02
1.533288377000000091e+00 1.915635900000000127e-02 4.690680000000000023e-04 1.000000000000000000e+00 1.916920000000000082e-02 1.936210000000000014e-02
1.533799472999999969e+00 1.914797999999999847e-02 4.690720000000000111e-04 1.000000000000000000e+00 1.915810000000000082e-02 1.935129999999999836e-02
1.534310740000000006e+00 1.914273000000000016e-02 4.691009999999999798e-04 1.000000000000000000e+00 1.914899999999999936e-02 1.934270000000000087e-02
1.534822176000000038e+00 1.914085899999999965e-02 4.691610000000000029e-04 1.000000000000000000e+00 1.914280000000000148e-02 1.933690000000000062e-02
1.535333784000000090e+00 1.914194400000000101e-02 4.692540000000000036e-04 1.000000000000000000e+00 1.913969999999999907e-02 1.933419999999999930e-02
1.535845561999999997e+00 1.914499199999999957e-02 4.693759999999999729e-04 1.000000000000000000e+00 1.913930000000000145e-02 1.933429999999999871e-02
1.536357509999999982e+00 1.914871599999999965e-02 4.695200000000000176e-04 1.000000000000000000e+00 1.914089999999999889e-02 1.933630000000000071e-02
1.536869628999999904e+00 1.915189900000000001e-02 4.696740000000000029e-04 1.000000000000000000e+00 1.914350000000000079e-02 1.933939999999999965e-02
1.537381918999999986e+00 1.915372599999999939e-02 4.698279999999999883e-04 1.000000000000000000e+00 1.914609999999999923e-02 1.934239999999999918e-02
1.537894380000000005e+00 1.915398000000000100e-02 4.699729999999999945e-04 1.000000000000000000e+00 1.914789999999999895e-02 1.934479999999999880e-02
1.538407011000000102e+00 1.915305700000000111e-02 4.701039999999999971e-04 1.000000000000000000e+00 1.914889999999999995e-02 1.934620000000000090e-02
1.538919813999999997e+00 1.915179399999999976e-02 4.702220000000000119e-04 1.000000000000000000e+00 1.914909999999999876e-02 1.934680000000000080e-02
1.539432786999999969e+00 1.915119200000000091e-02 4.703320000000000092e-04 1.000000000000000000e+00 1.914899999999999936e-02 1.934699999999999961e-02
1.539945931000000101e+00 1.915212399999999954e-02 4.704420000000000064e-04 1.000000000000000000e+00 1.914920000000000164e-02 1.934769999999999893e-02
1.540459247000000031e+00 1.915510800000000055e-02 4.705619999999999985e-04 1.000000000000000000e+00 1.915040000000000145e-02 1.934920000000000043e-02
1.540972733000000039e+00 1.916021099999999991e-02 4.707000000000000029e-04 1.000000000000000000e+00 1.915290000000000048e-02 1.935210000000000055e-02
1.541486391000000067e+00 1.916707800000000059e-02 4.708579999999999970e-04 1.000000000000000000e+00 1.915680000000000160e-02 1.935649999999999871e-02
1.542000218999999950e+00 1.917506600000000103e-02 4.710389999999999738e-04 1.000000000000000000e+00 1.916199999999999848e-02 1.936219999999999955e-02
1.542514219000000075e+00 1.918341599999999827e-02 4.712410000000000101e-04 1.000000000000000000e+00 1.916790000000000160e-02 1.936869999999999911e-02
1.543028390999999999e+00 1.919142399999999860e-02 4.714580000000000116e-04 1.000000000000000000e+00 1.917429999999999829e-02 1.937579999999999858e-02
1.543542734000000083e+00 1.919856799999999919e-02 4.716839999999999922e-04 1.000000000000000000e+00 1.918059999999999904e-02 1.938279999999999864e-02
1.544057248000000104e+00 1.920455999999999899e-02 4.719139999999999815e-04 1.000000000000000000e+00 1.918660000000000157e-02 1.938959999999999989e-02
1.544571933999999924e+00 1.920934700000000162e-02 4.721419999999999935e-04 1.000000000000000000e+00 1.919200000000000073e-02 1.939580000000000123e-02
1.545086790999999904e+00 1.921304199999999962e-02 4.723630000000000038e-04 1.000000000000000000e+00 1.919689999999999938e-02 1.940149999999999861e-02
1.545601819999999904e+00 1.921585099999999907e-02 4.725740000000000192e-04 1.000000000000000000e+00 1.920130000000000101e-02 1.940669999999999895e-02
1.546117020999999925e+00 1.921798300000000098e-02 4.727709999999999768e-04 1.000000000000000000e+00 1.920519999999999866e-02 1.941129999999999939e-02
1.546632393000000105e+00 1.921959800000000093e-02 4.729539999999999851e-04 1.000000000000000000e+00 1.920880000000000157e-02 1.941549999999999873e-02
1.547147937000000084e+00 1.922077999999999981e-02 4.731229999999999897e-04 1.000000000000000000e+00 1.921180000000000110e-02 1.941920000000000104e-02
1.547663653000000084e+00 1.922153899999999929e-02 4.732769999999999751e-04 1.000000000000000000e+00 1.921439999999999954e-02 1.942239999999999939e-02
1.548179541000000103e+00 1.922183400000000014e-02 4.734180000000000267e-04 1.000000000000000000e+00 1.921640000000000154e-02 1.942479999999999901e-02
1.548695600999999922e+00 1.922159699999999999e-02 4.735469999999999979e-04 1.000000000000000000e+00 1.921760000000000135e-02 1.942649999999999932e-02
1.549211832999999983e+00 1.922075900000000045e-02 4.736669999999999900e-04 1.000000000000000000e+00 1.921789999999999957e-02 1.942740000000000092e-02
1.549728237000000064e+00 1.921927699999999989e-02 4.737780000000000030e-04 1.000000000000000000e+00 1.921729999999999966e-02 1.942730000000000151e-02
1.550244812999999944e+00 1.921715499999999965e-02 4.738839999999999914e-04 1.000000000000000000e+00 1.921580000000000163e-02 1.942630000000000051e-02
1.550761561000000066e+00 1.921448099999999853e-02 4.739860000000000254e-04 1.000000000000000000e+00 1.921350000000000141e-02 1.942450000000000079e-02
1.551278480999999987e+00 1.921143700000000135e-02 4.740869999999999893e-04 1.000000000000000000e+00 1.921060000000000129e-02 1.942210000000000117e-02
1.551795574000000011e+00 1.920830399999999896e-02 4.741880000000000075e-04 1.000000000000000000e+00 1.920739999999999947e-02 1.941949999999999926e-02
1.552312839000000055e+00 1.920542899999999956e-02 4.742890000000000257e-04 1.000000000000000000e+00 1.920439999999999994e-02 1.941709999999999964e-02
1.552830276999999981e+00 1.920315900000000089e-02 4.743910000000000054e-04 1.000000000000000000e+00 1.920200000000000032e-02 1.941520000000000051e-02
1.553347886999999927e+00 1.920176800000000100e-02 4.744940000000000008e-04 1.000000000000000000e+00 1.920049999999999882e-02 1.941410000000000011e-02
1.553865669999999977e+00 1.920137300000000075e-02 4.745980000000000120e-04 1.000000000000000000e+00 1.919999999999999832e-02 1.941400000000000070e-02
1.554383625000000047e+00 1.920188399999999893e-02 4.747010000000000075e-04 1.000000000000000000e+00 1.920060000000000169e-02 1.941479999999999942e-02
1.554901752999999998e+00 1.920300200000000027e-02 4.748040000000000030e-04 1.000000000000000000e+00 1.920180000000000151e-02 1.941620000000000151e-02
1.555420052999999969e+00 1.920425400000000046e-02 4.749059999999999827e-04 1.000000000000000000e+00 1.920329999999999954e-02 1.941789999999999836e-02
1.555938526999999905e+00 1.920508699999999916e-02 4.750059999999999851e-04 1.000000000000000000e+00 1.920430000000000054e-02 1.941910000000000164e-02
1.556457173000000083e+00 1.920496799999999935e-02 4.751050000000000260e-04 1.000000000000000000e+00 1.920449999999999935e-02 1.941949999999999926e-02
1.556975991999999920e+00 1.920349999999999835e-02 4.752010000000000197e-04 1.000000000000000000e+00 1.920329999999999954e-02 1.941870000000000054e-02
1.557494984000000082e+00 1.920049600000000092e-02 4.752959999999999976e-04 1.000000000000000000e+00 1.920060000000000169e-02 1.941649999999999973e-02
1.558014148999999904e+00 1.919600999999999946e-02 4.753889999999999982e-04 1.000000000000000000e+00 1.919639999999999888e-02 1.941290000000000029e-02
1.558533487000000051e+00 1.919031599999999893e-02 4.754800000000000216e-04 1.000000000000000000e+00 1.919090000000000032e-02 1.940810000000000105e-02
1.559052998000000079e+00 1.918384399999999851e-02 4.755699999999999750e-04 1.000000000000000000e+00 1.918459999999999957e-02 1.940269999999999842e-02
1.559572683000000071e+00 1.917708699999999891e-02 4.756590000000000210e-04 1.000000000000000000e+00 1.917810000000000001e-02 1.939690000000000164e-02
1.560092540000000083e+00 1.917051700000000150e-02 4.757459999999999814e-04 1.000000000000000000e+00 1.917160000000000045e-02 1.939139999999999961e-02
1.560612571000000059e+00 1.916449599999999961e-02 4.758319999999999802e-04 1.000000000000000000e+00 1.916580000000000020e-02 1.938629999999999867e-02
1.561132774999999917e+00 1.915921099999999891e-02 4.759170000000000175e-04 1.000000000000000000e+00 1.916079999999999867e-02 1.938199999999999992e-02
1.561653152999999961e+00 1.915460500000000163e-02 4.759990000000000076e-04 1.000000000000000000e+00 1.915659999999999932e-02 1.937840000000000049e-02
1.562173704000000107e+00 1.915030599999999888e-02 4.760750000000000116e-04 1.000000000000000000e+00 1.915309999999999929e-02 1.937540000000000096e-02
1.562694427999999913e+00 1.914555000000000076e-02 4.761440000000000138e-04 1.000000000000000000e+00 1.914980000000000154e-02 1.937240000000000142e-02
1.563215326999999988e+00 1.913912300000000094e-02 4.761979999999999967e-04 1.000000000000000000e+00 1.914580000000000101e-02 1.936879999999999852e-02
1.563736398000000083e+00 1.912933500000000078e-02 4.762279999999999812e-04 1.000000000000000000e+00 1.914000000000000076e-02 1.936320000000000055e-02
1.564257644000000003e+00 1.911406699999999848e-02 4.762209999999999794e-04 1.000000000000000000e+00 1.913070000000000048e-02 1.935419999999999849e-02
1.564779063000000026e+00 1.909088800000000030e-02 4.761589999999999790e-04 1.000000000000000000e+00 1.911629999999999927e-02 1.933999999999999955e-02
1.565300656000000012e+00 1.905727800000000041e-02 4.760189999999999973e-04 1.000000000000000000e+00 1.909459999999999977e-02 1.931849999999999887e-02
1.565822422999999963e+00 1.901091300000000081e-02 4.757760000000000201e-04 1.000000000000000000e+00 1.906359999999999999e-02 1.928770000000000137e-02
1.566344364000000100e+00 1.895003099999999913e-02 4.754019999999999860e-04 1.000000000000000000e+00 1.902140000000000081e-02 1.924570000000000100e-02
1.566866477999999896e+00 1.887382199999999843e-02 4.748749999999999825e-04 1.000000000000000000e+00 1.896660000000000013e-02 1.919090000000000032e-02
1.567388766999999961e+00 1.878281199999999942e-02 4.741769999999999969e-04 1.000000000000000000e+00 1.889829999999999982e-02 1.912250000000000061e-02
1.567911229999999989e+00 1.867919100000000124e-02 4.733049999999999822e-04 1.000000000000000000e+00 1.881649999999999989e-02 1.904039999999999899e-02
1.568433866999999982e+00 1.856698500000000113e-02 4.722729999999999962e-04 1.000000000000000000e+00 1.872280000000000125e-02 1.894610000000000044e-02
1.568956679000000021e+00 1.845197499999999893e-02 4.711170000000000093e-04 1.000000000000000000e+00 1.862000000000000113e-02 1.884260000000000101e-02
1.569479663999999941e+00 1.834128100000000094e-02 4.698939999999999974e-04 1.000000000000000000e+00 1.851260000000000058e-02 1.873429999999999887e-02
1.570002823999999908e+00 1.824257899999999835e-02 4.686819999999999962e-04 1.000000000000000000e+00 1.840639999999999984e-02 1.862739999999999882e-02
1.570526158000000061e+00 1.816300399999999995e-02 4.675670000000000043e-04 1.000000000000000000e+00 1.830800000000000136e-02 1.852830000000000102e-02
1.571049667000000039e+00 1.810792199999999852e-02 4.666340000000000049e-04 1.000000000000000000e+00 1.822400000000000062e-02 1.844389999999999918e-02
1.571573349999999980e+00 1.807983300000000002e-02 4.659560000000000091e-04 1.000000000000000000e+00 1.815970000000000084e-02 1.837940000000000060e-02
1.572097207999999968e+00 1.807769899999999916e-02 4.655729999999999960e-04 1.000000000000000000e+00 1.811830000000000038e-02 1.833829999999999835e-02
1.572621239999999920e+00 1.809695199999999948e-02 4.654929999999999832e-04 1.000000000000000000e+00 1.810039999999999913e-02 1.832100000000000048e-02
1.573145448000000002e+00 1.813026200000000115e-02 4.656810000000000159e-04 1.000000000000000000e+00 1.810329999999999925e-02 1.832479999999999873e-02
1.573669828999999964e+00 1.816897599999999988e-02 4.660700000000000151e-04 1.000000000000000000e+00 1.812189999999999981e-02 1.834449999999999970e-02
1.574194386000000057e+00 1.820489100000000082e-02 4.665709999999999888e-04 1.000000000000000000e+00 1.814939999999999956e-02 1.837329999999999866e-02
1.574719116999999891e+00 1.823194900000000077e-02 4.670960000000000151e-04 1.000000000000000000e+00 1.817890000000000131e-02 1.840400000000000022e-02
1.575244024000000076e+00 1.824740500000000126e-02 4.675689999999999816e-04 1.000000000000000000e+00 1.820460000000000134e-02 1.843080000000000065e-02
1.575769105000000003e+00 1.825217200000000053e-02 4.679470000000000244e-04 1.000000000000000000e+00 1.822299999999999962e-02 1.845029999999999934e-02
1.576294360999999977e+00 1.825026899999999952e-02 4.682210000000000018e-04 1.000000000000000000e+00 1.823340000000000030e-02 1.846160000000000162e-02
1.576819793000000081e+00 1.824758500000000019e-02 4.684159999999999821e-04 1.000000000000000000e+00 1.823790000000000133e-02 1.846690000000000137e-02
1.577345400000000009e+00 1.825030999999999876e-02 4.685819999999999937e-04 1.000000000000000000e+00 1.824040000000000036e-02 1.847019999999999912e-02
1.577871180999999901e+00 1.826348699999999839e-02 4.687790000000000056e-04 1.000000000000000000e+00 1.824560000000000071e-02 1.847620000000000165e-02
1.578397137999999922e+00 1.829003300000000068e-02 4.690629999999999778e-04 1.000000000000000000e+00 1.825799999999999992e-02 1.848939999999999959e-02
1.578923271000000073e+00 1.833040500000000100e-02 4.694720000000000208e-04 1.000000000000000000e+00 1.828060000000000102e-02 1.851279999999999940e-02
1.579449579000000048e+00 1.838288199999999969e-02 4.700239999999999843e-04 1.000000000000000000e+00 1.831469999999999973e-02 1.854789999999999911e-02
1.579976062000000070e+00 1.844426399999999841e-02 4.707119999999999750e-04 1.000000000000000000e+00 1.835979999999999904e-02 1.859409999999999882e-02
1.580502719999999917e+00 1.851071699999999945e-02 4.715119999999999945e-04 1.000000000000000000e+00 1.841399999999999981e-02 1.864940000000000001e-02
1.581029554999999975e+00 1.857851500000000031e-02 4.723880000000000180e-04 1.000000000000000000e+00 1.847439999999999846e-02 1.871099999999999847e-02
1.581556563999999998e+00 1.864453699999999922e-02 4.733019999999999892e-04 1.000000000000000000e+00 1.853789999999999952e-02 1.877569999999999933e-02
1.582083750000000011e+00 1.870646700000000093e-02 4.742179999999999920e-04 1.000000000000000000e+00 1.860149999999999998e-02 1.884069999999999842e-02
1.582611111000000070e+00 1.876278600000000005e-02 4.751059999999999875e-04 1.000000000000000000e+00 1.866289999999999963e-02 1.890340000000000076e-02
1.583138648000000037e+00 1.881263600000000064e-02 4.759450000000000247e-04 1.000000000000000000e+00 1.872019999999999934e-02 1.896190000000000028e-02
1.583666360999999911e+00 1.885566099999999926e-02 4.767190000000000143e-04 1.000000000000000000e+00 1.877219999999999930e-02 1.901510000000000006e-02
1.584194249999999915e+00 1.889188400000000115e-02 4.774210000000000086e-04 1.000000000000000000e+00 1.881810000000000080e-02 1.906230000000000077e-02
1.584722315000000048e+00 1.892162099999999958e-02 4.780480000000000146e-04 1.000000000000000000e+00 1.885770000000000154e-02 1.910299999999999845e-02
1.585250555000000006e+00 1.894541500000000017e-02 4.785990000000000166e-04 1.000000000000000000e+00 1.889110000000000095e-02 1.913760000000000114e-02
1.585778971999999953e+00 1.896397600000000044e-02 4.790789999999999849e-04 1.000000000000000000e+00 1.891860000000000069e-02 1.916630000000000070e-02
1.586307565000000031e+00 1.897810200000000017e-02 4.794919999999999825e-04 1.000000000000000000e+00 1.894099999999999950e-02 1.918960000000000110e-02
1.586836335000000098e+00 1.898859799999999889e-02 4.798460000000000268e-04 1.000000000000000000e+00 1.895869999999999847e-02 1.920830000000000107e-02
1.587365279999999990e+00 1.899619500000000044e-02 4.801469999999999957e-04 1.000000000000000000e+00 1.897259999999999919e-02 1.922309999999999991e-02
1.587894402000000094e+00 1.900149699999999914e-02 4.804039999999999764e-04 1.000000000000000000e+00 1.898330000000000156e-02 1.923450000000000160e-02
1.588423700000000105e+00 1.900494999999999962e-02 4.806240000000000252e-04 1.000000000000000000e+00 1.899119999999999975e-02 1.924309999999999909e-02
1.588953174000000024e+00 1.900685100000000169e-02 4.808130000000000195e-04 1.000000000000000000e+00 1.899669999999999831e-02 1.924920000000000103e-02
1.589482824999999933e+00 1.900737200000000154e-02 4.809769999999999996e-04 1.000000000000000000e+00 1.900009999999999893e-02 1.925330000000000097e-02
1.590012653000000054e+00 1.900659899999999902e-02 4.811209999999999901e-04 1.000000000000000000e+00 1.900169999999999984e-02 1.925549999999999831e-02
1.590542657000000082e+00 1.900455300000000042e-02 4.812489999999999997e-04 1.000000000000000000e+00 1.900150000000000103e-02 1.925599999999999881e-02
1.591072838000000100e+00 1.900120699999999913e-02 4.813640000000000215e-04 1.000000000000000000e+00 1.899980000000000072e-02 1.925489999999999841e-02
1.591603196000000109e+00 1.899646400000000110e-02 4.814670000000000169e-04 1.000000000000000000e+00 1.899649999999999950e-02 1.925249999999999878e-02
1.592133730000000025e+00 1.899011499999999839e-02 4.815590000000000018e-04 1.000000000000000000e+00 1.899179999999999965e-02 1.924870000000000053e-02
1.592664440999999931e+00 1.898176700000000008e-02 4.816369999999999831e-04 1.000000000000000000e+00 1.898559999999999831e-02 1.924330000000000138e-02
1.593195329999999910e+00 1.897077200000000033e-02 4.816949999999999748e-04 1.000000000000000000e+00 1.897760000000000072e-02 1.923630000000000131e-02
1.593726395000000018e+00 1.895613800000000085e-02 4.817259999999999750e-04 1.000000000000000000e+00 1.896739999999999884e-02 1.922690000000000163e-02
1.594257636999999894e+00 1.893647899999999912e-02 4.817159999999999801e-04 1.000000000000000000e+00 1.895399999999999863e-02 1.921439999999999954e-02
1.594789055999999983e+00 1.891003100000000076e-02 4.816500000000000252e-04 1.000000000000000000e+00 1.893629999999999966e-02 1.919739999999999988e-02
1.595320652000000061e+00 1.887474600000000127e-02 4.815059999999999805e-04 1.000000000000000000e+00 1.891260000000000163e-02 1.917440000000000117e-02
1.595852425999999991e+00 1.882851199999999864e-02 4.812610000000000260e-04 1.000000000000000000e+00 1.888110000000000135e-02 1.914340000000000139e-02
1.596384376999999910e+00 1.876950299999999988e-02 4.808910000000000007e-04 1.000000000000000000e+00 1.883989999999999970e-02 1.910250000000000142e-02
1.596916505000000042e+00 1.869661900000000113e-02 4.803739999999999920e-04 1.000000000000000000e+00 1.878710000000000102e-02 1.904979999999999868e-02
1.597448809999999941e+00 1.860996200000000073e-02 4.796959999999999961e-04 1.000000000000000000e+00 1.872160000000000143e-02 1.898429999999999909e-02
1.597981292999999914e+00 1.851124900000000045e-02 4.788559999999999974e-04 1.000000000000000000e+00 1.864330000000000154e-02 1.890580000000000038e-02
1.598513953999999959e+00 1.840404899999999871e-02 4.778650000000000063e-04 1.000000000000000000e+00 1.855329999999999827e-02 1.881539999999999949e-02
1.599046791999999995e+00 1.829374699999999909e-02 4.767579999999999778e-04 1.000000000000000000e+00 1.845449999999999868e-02 1.871609999999999940e-02
1.599579807000000020e+00 1.818716000000000083e-02 4.755879999999999873e-04 1.000000000000000000e+00 1.835130000000000094e-02 1.861219999999999888e-02
1.600113000999999979e+00 1.809179400000000132e-02 4.744239999999999829e-04 1.000000000000000000e+00 1.824929999999999955e-02 1.850960000000000105e-02
1.600646371999999928e+00 1.801478100000000054e-02 4.733469999999999930e-04 1.000000000000000000e+00 1.815519999999999981e-02 1.841479999999999853e-02
1.601179920000000090e+00 1.796168600000000101e-02 4.724400000000000236e-04 1.000000000000000000e+00 1.807519999999999960e-02 1.833419999999999842e-02
1.601713646999999963e+00 1.793537599999999940e-02 4.717720000000000225e-04 1.000000000000000000e+00 1.801459999999999867e-02 1.827310000000000045e-02
1.602247551999999908e+00 1.793526200000000043e-02 4.713879999999999936e-04 1.000000000000000000e+00 1.797670000000000171e-02 1.823510000000000061e-02
1.602781634000000066e+00 1.795715700000000137e-02 4.713000000000000175e-04 1.000000000000000000e+00 1.796199999999999880e-02 1.822050000000000058e-02
1.603315894999999935e+00 1.799388000000000029e-02 4.714790000000000170e-04 1.000000000000000000e+00 1.796820000000000014e-02 1.822709999999999955e-02
1.603850333000000017e+00 1.803657399999999966e-02 4.718640000000000074e-04 1.000000000000000000e+00 1.799009999999999845e-02 1.824960000000000124e-02
1.604384950000000032e+00 1.807644300000000107e-02 4.723679999999999741e-04 1.000000000000000000e+00 1.802080000000000001e-02 1.828120000000000092e-02
1.604919744999999898e+00 1.810651400000000064e-02 4.729000000000000022e-04 1.000000000000000000e+00 1.805309999999999901e-02 1.831450000000000092e-02
1.605454718000000058e+00 1.812295499999999962e-02 4.733790000000000090e-04 1.000000000000000000e+00 1.808070000000000163e-02 1.834300000000000166e-02
1.605989869999999931e+00 1.812563099999999969e-02 4.737489999999999800e-04 1.000000000000000000e+00 1.809919999999999932e-02 1.836250000000000035e-02
1.606525200000000098e+00 1.811778699999999978e-02 4.739909999999999957e-04 1.000000000000000000e+00 1.810739999999999919e-02 1.837159999999999835e-02
1.607060707999999893e+00 1.810503700000000091e-02 4.741200000000000210e-04 1.000000000000000000e+00 1.810669999999999988e-02 1.837170000000000122e-02
1.607596395000000067e+00 1.809396500000000005e-02 4.741810000000000057e-04 1.000000000000000000e+00 1.810060000000000141e-02 1.836629999999999860e-02
1.608132260999999952e+00 1.809074100000000046e-02 4.742319999999999956e-04 1.000000000000000000e+00 1.809420000000000125e-02 1.836049999999999835e-02
1.608668304999999910e+00 1.810002399999999928e-02 4.743400000000000155e-04 1.000000000000000000e+00 1.809240000000000154e-02 1.835950000000000082e-02
1.609204526999999940e+00 1.812433299999999942e-02 4.745579999999999785e-04 1.000000000000000000e+00 1.809969999999999982e-02 1.836749999999999841e-02
1.609740928999999987e+00 1.816387699999999841e-02 4.749250000000000108e-04 1.000000000000000000e+00 1.811890000000000028e-02 1.838750000000000107e-02
1.610277509000000107e+00 1.821679500000000090e-02 4.754550000000000074e-04 1.000000000000000000e+00 1.815090000000000106e-02 1.842059999999999878e-02
1.610814267999999938e+00 1.827967800000000059e-02 4.761410000000000208e-04 1.000000000000000000e+00 1.819520000000000165e-02 1.846609999999999918e-02
1.611351207000000008e+00 1.834825099999999945e-02 4.769560000000000054e-04 1.000000000000000000e+00 1.824949999999999836e-02 1.852180000000000146e-02
1.611888323999999928e+00 1.841808799999999913e-02 4.778620000000000133e-04 1.000000000000000000e+00 1.831069999999999920e-02 1.858440000000000092e-02
1.612425620000000004e+00 1.848523599999999864e-02 4.788130000000000250e-04 1.000000000000000000e+00 1.837499999999999897e-02 1.865040000000000101e-02
1.612963095000000013e+00 1.854665800000000059e-02 4.797639999999999826e-04 1.000000000000000000e+00 1.843890000000000112e-02 1.871600000000000000e-02
1.613500748999999956e+00 1.860045100000000048e-02 4.806769999999999923e-04 1.000000000000000000e+00 1.849949999999999858e-02 1.877840000000000065e-02
1.614038582999999916e+00 1.864583300000000055e-02 4.815250000000000086e-04 1.000000000000000000e+00 1.855460000000000095e-02 1.883519999999999986e-02
1.614576596000000031e+00 1.868297199999999908e-02 4.822900000000000190e-04 1.000000000000000000e+00 1.860300000000000148e-02 1.888530000000000070e-02
1.615114788000000079e+00 1.871271500000000129e-02 4.829659999999999834e-04 1.000000000000000000e+00 1.864419999999999966e-02 1.892819999999999919e-02
1.615653159999999922e+00 1.873628399999999888e-02 4.835530000000000102e-04 1.000000000000000000e+00 1.867879999999999888e-02 1.896420000000000050e-02
1.616191710999999920e+00 1.875500700000000062e-02 4.840600000000000241e-04 1.000000000000000000e+00 1.870729999999999962e-02 1.899409999999999987e-02
1.616730441000000074e+00 1.877009300000000158e-02 4.844960000000000044e-04 1.000000000000000000e+00 1.873079999999999884e-02 1.901869999999999949e-02
1.617269351000000022e+00 1.878248600000000101e-02 4.848720000000000157e-04 1.000000000000000000e+00 1.875020000000000159e-02 1.903909999999999977e-02
1.617808440999999986e+00 1.879278800000000124e-02 4.851979999999999986e-04 1.000000000000000000e+00 1.876620000000000024e-02 1.905600000000000002e-02
1.618347710999999967e+00 1.880126699999999998e-02 4.854850000000000181e-04 1.000000000000000000e+00 1.877929999999999877e-02 1.906990000000000074e-02
1.618887160000000103e+00 1.880792699999999859e-02 4.857400000000000216e-04 1.000000000000000000e+00 1.878979999999999886e-02 1.908110000000000014e-02
1.619426789000000033e+00 1.881262699999999843e-02 4.859679999999999794e-04 1.000000000000000000e+00 1.879760000000000111e-02 1.908970000000000111e-02
1.619966597999999980e+00 1.881521499999999972e-02 4.861740000000000245e-04 1.000000000000000000e+00 1.880280000000000146e-02 1.909589999999999899e-02
1.620506586999999943e+00 1.881565099999999921e-02 4.863609999999999873e-04 1.000000000000000000e+00 1.880559999999999871e-02 1.909970000000000070e-02
1.621046755000000061e+00 1.881407100000000165e-02 4.865320000000000235e-04 1.000000000000000000e+00 1.880619999999999861e-02 1.910150000000000042e-02
1.621587104000000057e+00 1.881079899999999958e-02 4.866870000000000245e-04 1.000000000000000000e+00 1.880479999999999999e-02 1.910140000000000102e-02
1.622127633000000069e+00 1.880628800000000087e-02 4.868270000000000063e-04 1.000000000000000000e+00 1.880220000000000155e-02 1.909999999999999892e-02
1.622668342999999957e+00 1.880103300000000172e-02 4.869540000000000001e-04 1.000000000000000000e+00 1.879859999999999864e-02 1.909769999999999870e-02
1.623209232000000002e+00 1.879547800000000088e-02 4.870669999999999904e-04 1.000000000000000000e+00 1.879470000000000099e-02 1.909490000000000146e-02
1.623750301999999923e+00 1.878994499999999887e-02 4.871690000000000243e-04 1.000000000000000000e+00 1.879060000000000105e-02 1.909179999999999905e-02
1.624291552000000083e+00 1.878460900000000072e-02 4.872599999999999935e-04 1.000000000000000000e+00 1.878660000000000052e-02 1.908860000000000071e-02
1.624832982000000037e+00 1.877952299999999936e-02 4.873400000000000063e-04 1.000000000000000000e+00 1.878269999999999940e-02 1.908539999999999889e-02
1.625374593000000090e+00 1.877465799999999962e-02 4.874120000000000015e-04 1.000000000000000000e+00 1.877890000000000115e-02 1.908210000000000114e-02
1.625916385000000020e+00 1.876995199999999947e-02 4.874759999999999792e-04 1.000000000000000000e+00 1.877509999999999943e-02 1.907870000000000052e-02
1.626458356999999966e+00 1.876535400000000145e-02 4.875340000000000251e-04 1.000000000000000000e+00 1.877119999999999830e-02 1.907510000000000108e-02
1.627000510000000011e+00 1.876082100000000044e-02 4.875869999999999922e-04 1.000000000000000000e+00 1.876720000000000124e-02 1.907139999999999877e-02
1.627542843000000072e+00 1.875632299999999836e-02 4.876370000000000205e-04 1.000000000000000000e+00 1.876310000000000131e-02 1.906760000000000052e-02
1.628085358000000094e+00 1.875180599999999934e-02 4.876840000000000016e-04 1.000000000000000000e+00 1.875879999999999909e-02 1.906359999999999999e-02
1.628628052999999909e+00 1.874718300000000060e-02 4.877290000000000054e-04 1.000000000000000000e+00 1.875440000000000093e-02 1.905940000000000065e-02
1.629170929000000045e+00 1.874231999999999981e-02 4.877740000000000092e-04 1.000000000000000000e+00 1.874970000000000109e-02 1.905499999999999902e-02
1.629713986000000059e+00 1.873704500000000078e-02 4.878169999999999815e-04 1.000000000000000000e+00 1.874460000000000015e-02 1.905019999999999977e-02
1.630257223999999949e+00 1.873116600000000048e-02 4.878589999999999923e-04 1.000000000000000000e+00 1.873889999999999931e-02 1.904499999999999943e-02
1.630800642999999939e+00 1.872449600000000020e-02 4.878990000000000258e-04 1.000000000000000000e+00 1.873249999999999915e-02 1.903919999999999918e-02
1.631344243000000027e+00 1.871687799999999929e-02 4.879369999999999736e-04 1.000000000000000000e+00 1.872530000000000028e-02 1.903260000000000021e-02
1.631888025000000075e+00 1.870818999999999954e-02 4.879700000000000053e-04 1.000000000000000000e+00 1.871729999999999922e-02 1.902519999999999906e-02
1.632431986999999918e+00 1.869835099999999847e-02 4.879989999999999740e-04 1.000000000000000000e+00 1.870830000000000062e-02 1.901699999999999918e-02
1.632976130999999942e+00 1.868729200000000118e-02 4.880190000000000179e-04 1.000000000000000000e+00 1.869830000000000103e-02 1.900790000000000118e-02
1.633520456999999926e+00 1.867494100000000046e-02 4.880299999999999742e-04 1.000000000000000000e+00 1.868739999999999984e-02 1.899769999999999931e-02
1.634064962999999926e+00 1.866121999999999920e-02 4.880299999999999742e-04 1.000000000000000000e+00 1.867540000000000172e-02 1.898659999999999931e-02
1.634609651999999969e+00 1.864605899999999955e-02 4.880150000000000091e-04 1.000000000000000000e+00 1.866220000000000032e-02 1.897420000000000009e-02
1.635154522000000110e+00 1.862944899999999931e-02 4.879840000000000089e-04 1.000000000000000000e+00 1.864779999999999910e-02 1.896060000000000106e-02
1.635699572999999907e+00 1.861148400000000105e-02 4.879349999999999963e-04 1.000000000000000000e+00 1.863209999999999866e-02 1.894579999999999875e-02
1.636244806000000107e+00 1.859239700000000009e-02 4.878680000000000256e-04 1.000000000000000000e+00 1.861540000000000070e-02 1.892970000000000069e-02
1.636790221000000045e+00 1.857256300000000027e-02 4.877829999999999883e-04 1.000000000000000000e+00 1.859770000000000173e-02 1.891260000000000163e-02
1.637335817999999943e+00 1.855246500000000062e-02 4.876820000000000243e-04 1.000000000000000000e+00 1.857939999999999939e-02 1.889479999999999979e-02
1.637881597000000022e+00 1.853264199999999848e-02 4.875699999999999956e-04 1.000000000000000000e+00 1.856079999999999883e-02 1.887660000000000032e-02
1.638427556999999979e+00 1.851362000000000146e-02 4.874500000000000035e-04 1.000000000000000000e+00 1.854230000000000114e-02 1.885840000000000086e-02
1.638973699999999978e+00 1.849587299999999948e-02 4.873279999999999799e-04 1.000000000000000000e+00 1.852430000000000049e-02 1.884049999999999961e-02
1.639520024000000076e+00 1.847979099999999889e-02 4.872109999999999809e-04 1.000000000000000000e+00 1.850709999999999855e-02 1.882340000000000055e-02
1.640066530999999994e+00 1.846566200000000074e-02 4.871070000000000239e-04 1.000000000000000000e+00 1.849100000000000049e-02 1.880739999999999842e-02
1.640613220000000094e+00 1.845365800000000125e-02 4.870210000000000251e-04 1.000000000000000000e+00 1.847609999999999877e-02 1.879269999999999899e-02
1.641160090999999932e+00 1.844381000000000145e-02 4.869599999999999862e-04 1.000000000000000000e+00 1.846280000000000143e-02 1.877960000000000046e-02
1.641707143999999952e+00 1.843599300000000121e-02 4.869280000000000244e-04 1.000000000000000000e+00 1.845099999999999865e-02 1.876830000000000165e-02
1.642254380000000014e+00 1.842992499999999978e-02 4.869280000000000244e-04 1.000000000000000000e+00 1.844089999999999965e-02 1.875879999999999909e-02
1.642801798000000035e+00 1.842519600000000132e-02 4.869590000000000246e-04 1.000000000000000000e+00 1.843240000000000156e-02 1.875100000000000031e-02
1.643349399000000099e+00 1.842131899999999850e-02 4.870170000000000163e-04 1.000000000000000000e+00 1.842550000000000091e-02 1.874489999999999837e-02
1.643897181999999901e+00 1.841780299999999995e-02 4.870960000000000133e-04 1.000000000000000000e+00 1.841970000000000066e-02 1.874009999999999912e-02
1.644445147000000107e+00 1.841422399999999987e-02 4.871879999999999982e-04 1.000000000000000000e+00 1.841490000000000141e-02 1.873630000000000087e-02
1.644993295999999994e+00 1.841030399999999886e-02 4.872869999999999849e-04 1.000000000000000000e+00 1.841069999999999859e-02 1.873309999999999906e-02
1.645541627000000062e+00 1.840596900000000119e-02 4.873850000000000101e-04 1.000000000000000000e+00 1.840680000000000094e-02 1.873009999999999953e-02
1.646090140999999951e+00 1.840139999999999831e-02 4.874769999999999950e-04 1.000000000000000000e+00 1.840309999999999863e-02 1.872719999999999940e-02
1.646638838000000105e+00 1.839704199999999887e-02 4.875619999999999780e-04 1.000000000000000000e+00 1.839970000000000147e-02 1.872439999999999868e-02
1.647187716999999996e+00 1.839356899999999850e-02 4.876419999999999908e-04 1.000000000000000000e+00 1.839659999999999906e-02 1.872189999999999965e-02
1.647736780000000012e+00 1.839178099999999941e-02 4.877209999999999879e-04 1.000000000000000000e+00 1.839440000000000172e-02 1.872000000000000053e-02
1.648286024999999988e+00 1.839244799999999874e-02 4.878069999999999867e-04 1.000000000000000000e+00 1.839340000000000072e-02 1.871940000000000062e-02
1.648835454000000089e+00 1.839613999999999833e-02 4.879109999999999979e-04 1.000000000000000000e+00 1.839429999999999885e-02 1.872050000000000103e-02
1.649385066000000011e+00 1.840308800000000147e-02 4.880409999999999848e-04 1.000000000000000000e+00 1.839740000000000125e-02 1.872379999999999878e-02
1.649934860999999975e+00 1.841313300000000167e-02 4.882040000000000034e-04 1.000000000000000000e+00 1.840289999999999981e-02 1.872959999999999903e-02
1.650484838999999981e+00 1.842576099999999883e-02 4.884040000000000083e-04 1.000000000000000000e+00 1.841080000000000147e-02 1.873789999999999831e-02
1.651035000999999891e+00 1.844022799999999948e-02 4.886400000000000379e-04 1.000000000000000000e+00 1.842090000000000047e-02 1.874850000000000128e-02
1.651585346000000065e+00 1.845572800000000110e-02 4.889070000000000134e-04 1.000000000000000000e+00 1.843279999999999919e-02 1.876109999999999930e-02
1.652135874000000060e+00 1.847156000000000145e-02 4.891999999999999647e-04 1.000000000000000000e+00 1.844590000000000118e-02 1.877509999999999943e-02
1.652686585999999958e+00 1.848724300000000043e-02 4.895099999999999668e-04 1.000000000000000000e+00 1.845990000000000131e-02 1.879000000000000115e-02
1.653237481999999980e+00 1.850255199999999850e-02 4.898300000000000180e-04 1.000000000000000000e+00 1.847429999999999906e-02 1.880549999999999930e-02
1.653788561000000046e+00 1.851747700000000094e-02 4.901550000000000394e-04 1.000000000000000000e+00 1.848889999999999909e-02 1.882110000000000033e-02
1.654339824000000014e+00 1.853213199999999977e-02 4.904809999999999682e-04 1.000000000000000000e+00 1.850359999999999852e-02 1.883690000000000017e-02
1.654891270000000025e+00 1.854664899999999839e-02 4.908049999999999739e-04 1.000000000000000000e+00 1.851850000000000024e-02 1.885279999999999942e-02
1.655442901000000022e+00 1.856108000000000063e-02 4.911269999999999481e-04 1.000000000000000000e+00 1.853339999999999849e-02 1.886869999999999867e-02
1.655994715000000062e+00 1.857531100000000060e-02 4.914420000000000290e-04 1.000000000000000000e+00 1.854849999999999902e-02 1.888470000000000079e-02
1.656546713000000004e+00 1.858902499999999861e-02 4.917489999999999839e-04 1.000000000000000000e+00 1.856359999999999955e-02 1.890050000000000063e-02
1.657098895000000072e+00 1.860166699999999881e-02 4.920429999999999509e-04 1.000000000000000000e+00 1.857829999999999898e-02 1.891579999999999998e-02
1.657651261999999903e+00 1.861242199999999999e-02 4.923180000000000524e-04 1.000000000000000000e+00 1.859210000000000029e-02 1.893009999999999832e-02
1.658203811999999999e+00 1.862018799999999932e-02 4.925640000000000226e-04 1.000000000000000000e+00 1.860399999999999901e-02 1.894240000000000160e-02
1.658756547000000081e+00 1.862354399999999882e-02 4.927729999999999524e-04 1.000000000000000000e+00 1.861300000000000107e-02 1.895180000000000128e-02
1.659309466000000066e+00 1.862073300000000042e-02 4.929309999999999465e-04 1.000000000000000000e+00 1.861780000000000032e-02 1.895689999999999875e-02
1.659862568999999954e+00 1.860970199999999880e-02 4.930219999999999698e-04 1.000000000000000000e+00 1.861650000000000110e-02 1.895600000000000063e-02
1.660415855999999968e+00 1.858829400000000173e-02 4.930279999999999559e-04 1.000000000000000000e+00 1.860749999999999904e-02 1.894749999999999907e-02
1.660969327999999967e+00 1.855465200000000134e-02 4.929280000000000076e-04 1.000000000000000000e+00 1.858879999999999907e-02 1.892949999999999841e-02
1.661522984999999952e+00 1.850786000000000098e-02 4.927020000000000271e-04 1.000000000000000000e+00 1.855909999999999851e-02 1.890040000000000123e-02
1.662076826000000063e+00 1.844872999999999999e-02 4.923399999999999652e-04 1.000000000000000000e+00 1.851759999999999864e-02 1.885960000000000067e-02
1.662630851000000076e+00 1.838047500000000029e-02 4.918449999999999775e-04 1.000000000000000000e+00 1.846510000000000165e-02 1.880760000000000071e-02
1.663185061999999936e+00 1.830895899999999965e-02 4.912430000000000399e-04 1.000000000000000000e+00 1.840409999999999963e-02 1.874719999999999859e-02
1.663739456999999922e+00 1.824220500000000092e-02 4.905880000000000267e-04 1.000000000000000000e+00 1.833929999999999935e-02 1.868279999999999941e-02
1.664294036000000032e+00 1.818909100000000098e-02 4.899560000000000503e-04 1.000000000000000000e+00 1.827720000000000039e-02 1.862089999999999926e-02
1.664848800999999989e+00 1.815746099999999974e-02 4.894380000000000258e-04 1.000000000000000000e+00 1.822500000000000162e-02 1.856889999999999930e-02
1.665403750999999932e+00 1.815219200000000102e-02 4.891210000000000219e-04 1.000000000000000000e+00 1.818929999999999853e-02 1.853360000000000077e-02
1.665958885000000000e+00 1.817387599999999853e-02 4.890670000000000390e-04 1.000000000000000000e+00 1.817500000000000018e-02 1.851979999999999946e-02
1.666514204999999915e+00 1.821859699999999957e-02 4.893010000000000371e-04 1.000000000000000000e+00 1.818360000000000115e-02 1.852909999999999974e-02
1.667069710000000038e+00 1.827893300000000068e-02 4.898020000000000108e-04 1.000000000000000000e+00 1.821319999999999883e-02 1.855969999999999842e-02
1.667625399999999924e+00 1.834580200000000133e-02 4.905099999999999912e-04 1.000000000000000000e+00 1.825900000000000092e-02 1.860679999999999973e-02
1.668181275000000019e+00 1.841054099999999902e-02 4.913409999999999566e-04 1.000000000000000000e+00 1.831409999999999982e-02 1.866330000000000072e-02
1.668737335000000099e+00 1.846655800000000097e-02 4.922039999999999922e-04 1.000000000000000000e+00 1.837139999999999954e-02 1.872230000000000075e-02
1.669293581000000026e+00 1.851013599999999995e-02 4.930200000000000467e-04 1.000000000000000000e+00 1.842500000000000041e-02 1.877739999999999965e-02
1.669850011999999939e+00 1.854036699999999857e-02 4.937360000000000446e-04 1.000000000000000000e+00 1.847040000000000140e-02 1.882440000000000155e-02
1.670406628999999921e+00 1.855845700000000043e-02 4.943229999999999629e-04 1.000000000000000000e+00 1.850569999999999993e-02 1.886099999999999929e-02
1.670963431000000110e+00 1.856678499999999885e-02 4.947779999999999713e-04 1.000000000000000000e+00 1.853029999999999955e-02 1.888690000000000160e-02
1.671520418999999924e+00 1.856806999999999902e-02 4.951139999999999491e-04 1.000000000000000000e+00 1.854549999999999949e-02 1.890319999999999848e-02
1.672077591999999946e+00 1.856479800000000041e-02 4.953520000000000102e-04 1.000000000000000000e+00 1.855300000000000005e-02 1.891160000000000063e-02
1.672634951000000036e+00 1.855895499999999851e-02 4.955200000000000533e-04 1.000000000000000000e+00 1.855470000000000036e-02 1.891429999999999848e-02
1.673192495999999974e+00 1.855197800000000022e-02 4.956389999999999754e-04 1.000000000000000000e+00 1.855259999999999895e-02 1.891309999999999866e-02
1.673750226999999979e+00 1.854482000000000005e-02 4.957279999999999673e-04 1.000000000000000000e+00 1.854820000000000080e-02 1.890949999999999923e-02
1.674308144000000054e+00 1.853806599999999888e-02 4.958020000000000482e-04 1.000000000000000000e+00 1.854269999999999877e-02 1.890479999999999938e-02
1.674866246999999975e+00 1.853203900000000015e-02 4.958690000000000190e-04 1.000000000000000000e+00 1.853700000000000139e-02 1.889980000000000132e-02
1.675424535000000104e+00 1.852689199999999967e-02 4.959370000000000054e-04 1.000000000000000000e+00 1.853149999999999936e-02 1.889499999999999860e-02
1.675983009999999940e+00 1.852264699999999972e-02 4.960099999999999622e-04 1.000000000000000000e+00 1.852650000000000130e-02 1.889060000000000045e-02
1.676541671000000067e+00 1.851920699999999934e-02 4.960890000000000135e-04 1.000000000000000000e+00 1.852200000000000027e-02 1.888679999999999873e-02
1.677100518999999901e+00 1.851633299999999940e-02 4.961759999999999738e-04 1.000000000000000000e+00 1.851809999999999914e-02 1.888360000000000039e-02
1.677659551999999943e+00 1.851365300000000144e-02 4.962709999999999518e-04 1.000000000000000000e+00 1.851459999999999911e-02 1.888079999999999967e-02
1.678218771999999914e+00 1.851071599999999998e-02 4.963720000000000241e-04 1.000000000000000000e+00 1.851119999999999849e-02 1.887830000000000064e-02
1.678778177999999954e+00 1.850710200000000097e-02 4.964740000000000038e-04 1.000000000000000000e+00 1.850769999999999846e-02 1.887559999999999932e-02
1.679337770999999924e+00 1.850256800000000049e-02 4.965730000000000447e-04 1.000000000000000000e+00 1.850399999999999961e-02 1.887269999999999920e-02
1.679897549999999962e+00 1.849716399999999997e-02 4.966630000000000524e-04 1.000000000000000000e+00 1.849989999999999968e-02 1.886940000000000145e-02
1.680457515999999929e+00 1.849127000000000062e-02 4.967419999999999952e-04 1.000000000000000000e+00 1.849539999999999865e-02 1.886559999999999973e-02
1.681017667999999965e+00 1.848553000000000002e-02 4.968109999999999974e-04 1.000000000000000000e+00 1.849080000000000168e-02 1.886159999999999920e-02
1.681578008000000013e+00 1.848070400000000058e-02 4.968719999999999821e-04 1.000000000000000000e+00 1.848659999999999887e-02 1.885780000000000095e-02
1.682138533999999908e+00 1.847748299999999941e-02 4.969319999999999510e-04 1.000000000000000000e+00 1.848309999999999884e-02 1.885449999999999973e-02
1.682699246999999954e+00 1.847630800000000031e-02 4.969980000000000144e-04 1.000000000000000000e+00 1.848079999999999862e-02 1.885239999999999833e-02
1.683260146000000068e+00 1.847725700000000040e-02 4.970750000000000342e-04 1.000000000000000000e+00 1.847990000000000049e-02 1.885159999999999961e-02
1.683821232999999973e+00 1.848001499999999894e-02 4.971669999999999649e-04 1.000000000000000000e+00 1.848059999999999981e-02 1.885239999999999833e-02
1.684382507000000029e+00 1.848394399999999868e-02 4.972740000000000233e-04 1.000000000000000000e+00 1.848270000000000121e-02 1.885449999999999973e-02
1.684943968000000014e+00 1.848822699999999944e-02 4.973949999999999769e-04 1.000000000000000000e+00 1.848570000000000074e-02 1.885759999999999867e-02
1.685505615999999929e+00 1.849203199999999853e-02 4.975220000000000250e-04 1.000000000000000000e+00 1.848899999999999849e-02 1.886099999999999929e-02
1.686067450999999995e+00 1.849466599999999988e-02 4.976509999999999961e-04 1.000000000000000000e+00 1.849200000000000149e-02 1.886420000000000111e-02
1.686629472999999990e+00 1.849568600000000076e-02 4.977739999999999812e-04 1.000000000000000000e+00 1.849409999999999943e-02 1.886660000000000073e-02
1.687191682999999998e+00 1.849495199999999853e-02 4.978860000000000100e-04 1.000000000000000000e+00 1.849490000000000162e-02 1.886780000000000054e-02
1.687754079999999934e+00 1.849265300000000126e-02 4.979859999999999582e-04 1.000000000000000000e+00 1.849440000000000112e-02 1.886760000000000173e-02
1.688316665000000105e+00 1.848928899999999903e-02 4.980720000000000112e-04 1.000000000000000000e+00 1.849249999999999852e-02 1.886619999999999964e-02
1.688879436999999983e+00 1.848560200000000028e-02 4.981490000000000310e-04 1.000000000000000000e+00 1.848980000000000068e-02 1.886389999999999942e-02
1.689442397000000096e+00 1.848244400000000065e-02 4.982209999999999720e-04 1.000000000000000000e+00 1.848690000000000055e-02 1.886140000000000039e-02
1.690005544999999998e+00 1.848059700000000138e-02 4.982930000000000215e-04 1.000000000000000000e+00 1.848450000000000093e-02 1.885929999999999898e-02
1.690568880000000052e+00 1.848057399999999961e-02 4.983729999999999801e-04 1.000000000000000000e+00 1.848330000000000112e-02 1.885830000000000145e-02
1.691132402999999895e+00 1.848249500000000156e-02 4.984629999999999877e-04 1.000000000000000000e+00 1.848369999999999874e-02 1.885879999999999848e-02
1.691696112999999890e+00 1.848606100000000155e-02 4.985659999999999831e-04 1.000000000000000000e+00 1.848570000000000074e-02 1.886080000000000048e-02
1.692260011999999980e+00 1.849067100000000019e-02 4.986780000000000119e-04 1.000000000000000000e+00 1.848939999999999959e-02 1.886430000000000051e-02
1.692824099000000082e+00 1.849559799999999851e-02 4.987950000000000109e-04 1.000000000000000000e+00 1.849409999999999943e-02 1.886869999999999867e-02
1.693388373999999974e+00 1.850020000000000137e-02 4.989109999999999942e-04 1.000000000000000000e+00 1.849929999999999977e-02 1.887360000000000079e-02
1.693952836000000017e+00 1.850405600000000136e-02 4.990180000000000527e-04 1.000000000000000000e+00 1.850450000000000012e-02 1.887830000000000064e-02
1.694517486999999933e+00 1.850702099999999850e-02 4.991140000000000463e-04 1.000000000000000000e+00 1.850910000000000055e-02 1.888240000000000057e-02
1.695082326000000084e+00 1.850917800000000113e-02 4.991960000000000364e-04 1.000000000000000000e+00 1.851289999999999880e-02 1.888549999999999951e-02
1.695647354000000107e+00 1.851073400000000091e-02 4.992679999999999774e-04 1.000000000000000000e+00 1.851560000000000011e-02 1.888770000000000032e-02
1.696212569999999920e+00 1.851188200000000034e-02 4.993330000000000251e-04 1.000000000000000000e+00 1.851720000000000102e-02 1.888890000000000013e-02
1.696777973999999967e+00 1.851269900000000052e-02 4.993969999999999486e-04 1.000000000000000000e+00 1.851790000000000033e-02 1.888919999999999835e-02
1.697343567000000109e+00 1.851310899999999982e-02 4.994640000000000277e-04 1.000000000000000000e+00 1.851780000000000093e-02 1.888899999999999954e-02
1.697909348000000040e+00 1.851292900000000088e-02 4.995359999999999688e-04 1.000000000000000000e+00 1.851689999999999933e-02 1.888810000000000142e-02
1.698475316999999984e+00 1.851195599999999955e-02 4.996140000000000043e-04 1.000000000000000000e+00 1.851540000000000130e-02 1.888690000000000160e-02
1.699041476000000106e+00 1.851007699999999978e-02 4.996939999999999629e-04 1.000000000000000000e+00 1.851349999999999871e-02 1.888520000000000129e-02
1.699607823000000018e+00 1.850732899999999945e-02 4.997730000000000141e-04 1.000000000000000000e+00 1.851099999999999968e-02 1.888319999999999929e-02
1.700174359000000024e+00 1.850388099999999980e-02 4.998490000000000181e-04 1.000000000000000000e+00 1.850840000000000124e-02 1.888079999999999967e-02
1.700741083999999903e+00 1.849994500000000028e-02 4.999159999999999889e-04 1.000000000000000000e+00 1.850560000000000052e-02 1.887820000000000123e-02
1.701307998000000099e+00 1.849566899999999930e-02 4.999740000000000347e-04 1.000000000000000000e+00 1.850279999999999980e-02 1.887549999999999992e-02
1.701875100000000085e+00 1.849104400000000162e-02 5.000179999999999686e-04 1.000000000000000000e+00 1.849989999999999968e-02 1.887259999999999979e-02
1.702442392000000027e+00 1.848589399999999924e-02 5.000459999999999757e-04 1.000000000000000000e+00 1.849690000000000015e-02 1.886929999999999857e-02
1.703009873000000063e+00 1.847995499999999930e-02 5.000560000000000248e-04 1.000000000000000000e+00 1.849349999999999952e-02 1.886540000000000092e-02
1.703577542999999972e+00 1.847303999999999960e-02 5.000449999999999600e-04 1.000000000000000000e+00 1.848930000000000018e-02 1.886049999999999879e-02
1.704145401999999976e+00 1.846522999999999914e-02 5.000129999999999983e-04 1.000000000000000000e+00 1.848409999999999984e-02 1.885449999999999973e-02
1.704713450000000075e+00 1.845703900000000147e-02 4.999619999999999542e-04 1.000000000000000000e+00 1.847779999999999909e-02 1.884749999999999967e-02
1.705281687999999907e+00 1.844948899999999947e-02 4.999009999999999695e-04 1.000000000000000000e+00 1.847079999999999902e-02 1.883970000000000089e-02
1.705850115000000056e+00 1.844402200000000089e-02 4.998420000000000163e-04 1.000000000000000000e+00 1.846410000000000065e-02 1.883210000000000092e-02
1.706418731999999938e+00 1.844226300000000041e-02 4.998020000000000370e-04 1.000000000000000000e+00 1.845870000000000150e-02 1.882599999999999899e-02
1.706987537999999915e+00 1.844564799999999852e-02 4.997979999999999741e-04 1.000000000000000000e+00 1.845629999999999840e-02 1.882290000000000005e-02
1.707556534000000070e+00 1.845502200000000148e-02 4.998480000000000024e-04 1.000000000000000000e+00 1.845810000000000159e-02 1.882400000000000045e-02
1.708125719999999959e+00 1.847031899999999893e-02 4.999619999999999542e-04 1.000000000000000000e+00 1.846499999999999878e-02 1.883030000000000120e-02
1.708695094999999942e+00 1.849045100000000150e-02 5.001409999999999537e-04 1.000000000000000000e+00 1.847729999999999859e-02 1.884200000000000111e-02
1.709264660000000102e+00 1.851346699999999873e-02 5.003759999999999675e-04 1.000000000000000000e+00 1.849430000000000171e-02 1.885850000000000026e-02
1.709834414999999996e+00 1.853696900000000036e-02 5.006470000000000061e-04 1.000000000000000000e+00 1.851469999999999852e-02 1.887830000000000064e-02
1.710404360000000068e+00 1.855868299999999943e-02 5.009310000000000325e-04 1.000000000000000000e+00 1.853660000000000030e-02 1.889949999999999963e-02
1.710974494000000012e+00 1.857701299999999986e-02 5.012009999999999469e-04 1.000000000000000000e+00 1.855789999999999870e-02 1.892009999999999872e-02
1.711544818999999995e+00 1.859141900000000139e-02 5.014400000000000237e-04 1.000000000000000000e+00 1.857719999999999858e-02 1.893850000000000047e-02
1.712115333999999933e+00 1.860248200000000005e-02 5.016369999999999814e-04 1.000000000000000000e+00 1.859359999999999832e-02 1.895389999999999922e-02
1.712686039000000049e+00 1.861164800000000147e-02 5.017959999999999912e-04 1.000000000000000000e+00 1.860699999999999854e-02 1.896619999999999903e-02
1.713256934999999981e+00 1.862070899999999918e-02 5.019290000000000253e-04 1.000000000000000000e+00 1.861820000000000142e-02 1.897640000000000091e-02
1.713828020000000008e+00 1.863118399999999855e-02 5.020540000000000419e-04 1.000000000000000000e+00 1.862849999999999923e-02 1.898570000000000119e-02
1.714399296000000072e+00 1.864376900000000101e-02 5.021879999999999834e-04 1.000000000000000000e+00 1.863899999999999932e-02 1.899539999999999909e-02
1.714970762999999954e+00 1.865802199999999980e-02 5.023430000000000386e-04 1.000000000000000000e+00 1.865050000000000041e-02 1.900610000000000147e-02
1.715542420000000012e+00 1.867235399999999865e-02 5.025169999999999594e-04 1.000000000000000000e+00 1.866280000000000022e-02 1.901780000000000137e-02
1.716114267000000027e+00 1.868432199999999974e-02 5.027010000000000376e-04 1.000000000000000000e+00 1.867510000000000003e-02 1.902960000000000068e-02
1.716686305000000079e+00 1.869118700000000147e-02 5.028699999999999880e-04 1.000000000000000000e+00 1.868540000000000131e-02 1.903960000000000027e-02
1.717258533999999948e+00 1.869056200000000084e-02 5.029989999999999592e-04 1.000000000000000000e+00 1.869169999999999859e-02 1.904559999999999934e-02
1.717830952999999994e+00 1.868104099999999893e-02 5.030629999999999911e-04 1.000000000000000000e+00 1.869180000000000147e-02 1.904559999999999934e-02
1.718403563999999939e+00 1.866261099999999909e-02 5.030440000000000172e-04 1.000000000000000000e+00 1.868459999999999913e-02 1.903830000000000106e-02
1.718976365000000062e+00 1.863677799999999968e-02 5.029360000000000514e-04 1.000000000000000000e+00 1.866960000000000147e-02 1.902310000000000112e-02
1.719549357000000001e+00 1.860633500000000162e-02 5.027500000000000501e-04 1.000000000000000000e+00 1.864779999999999910e-02 1.900129999999999875e-02
1.720122539999999978e+00 1.857485600000000070e-02 5.025080000000000345e-04 1.000000000000000000e+00 1.862139999999999976e-02 1.897470000000000059e-02
1.720695913999999993e+00 1.854603599999999838e-02 5.022419999999999662e-04 1.000000000000000000e+00 1.859320000000000070e-02 1.894639999999999866e-02
1.721269479999999907e+00 1.852308299999999922e-02 5.019879999999999785e-04 1.000000000000000000e+00 1.856640000000000026e-02 1.891930000000000001e-02
1.721843235999999999e+00 1.850823199999999946e-02 5.017799999999999561e-04 1.000000000000000000e+00 1.854379999999999917e-02 1.889640000000000070e-02
1.722417183999999990e+00 1.850252800000000072e-02 5.016439999999999831e-04 1.000000000000000000e+00 1.852760000000000171e-02 1.887990000000000154e-02
1.722991323000000019e+00 1.850580199999999828e-02 5.015980000000000178e-04 1.000000000000000000e+00 1.851900000000000074e-02 1.887099999999999889e-02
1.723565653000000086e+00 1.851681499999999897e-02 5.016460000000000146e-04 1.000000000000000000e+00 1.851830000000000143e-02 1.887000000000000136e-02
1.724140175000000053e+00 1.853349300000000158e-02 5.017830000000000033e-04 1.000000000000000000e+00 1.852470000000000158e-02 1.887619999999999923e-02
1.724714888999999918e+00 1.855323700000000020e-02 5.019929999999999488e-04 1.000000000000000000e+00 1.853669999999999971e-02 1.888810000000000142e-02
1.725289794000000043e+00 1.857324800000000053e-02 5.022530000000000310e-04 1.000000000000000000e+00 1.855209999999999845e-02 1.890359999999999957e-02
1.725864889999999985e+00 1.859087900000000113e-02 5.025350000000000259e-04 1.000000000000000000e+00 1.856889999999999930e-02 1.892049999999999982e-02
1.726440178999999908e+00 1.860393499999999853e-02 5.028110000000000348e-04 1.000000000000000000e+00 1.858450000000000032e-02 1.893639999999999907e-02
1.727015659000000092e+00 1.861092300000000144e-02 5.030549999999999735e-04 1.000000000000000000e+00 1.859709999999999835e-02 1.894919999999999938e-02
1.727591330999999952e+00 1.861121400000000092e-02 5.032450000000000378e-04 1.000000000000000000e+00 1.860519999999999882e-02 1.895760000000000153e-02
1.728167194000000073e+00 1.860514099999999865e-02 5.033670000000000071e-04 1.000000000000000000e+00 1.860809999999999895e-02 1.896070000000000047e-02
1.728743249999999954e+00 1.859400400000000078e-02 5.034180000000000512e-04 1.000000000000000000e+00 1.860569999999999932e-02 1.895830000000000085e-02
1.729319497999999955e+00 1.857994500000000049e-02 5.034040000000000476e-04 1.000000000000000000e+00 1.859890000000000154e-02 1.895130000000000078e-02
1.729895938000000077e+00 1.856563099999999911e-02 5.033429999999999545e-04 1.000000000000000000e+00 1.858900000000000136e-02 1.894109999999999891e-02
1.730472570000000099e+00 1.855376200000000142e-02 5.032599999999999487e-04 1.000000000000000000e+00 1.857800000000000076e-02 1.892960000000000129e-02
1.731049394000000019e+00 1.854642100000000043e-02 5.031840000000000531e-04 1.000000000000000000e+00 1.856779999999999889e-02 1.891889999999999891e-02
1.731626410000000060e+00 1.854454000000000172e-02 5.031420000000000423e-04 1.000000000000000000e+00 1.856019999999999892e-02 1.891090000000000132e-02
1.732203619000000083e+00 1.854767300000000063e-02 5.031529999999999987e-04 1.000000000000000000e+00 1.855619999999999839e-02 1.890659999999999910e-02
1.732781020000000005e+00 1.855422099999999921e-02 5.032209999999999852e-04 1.000000000000000000e+00 1.855590000000000017e-02 1.890609999999999860e-02
1.733358613999999909e+00 1.856205400000000144e-02 5.033390000000000000e-04 1.000000000000000000e+00 1.855829999999999980e-02 1.890870000000000051e-02
1.733936399999999933e+00 1.856924700000000053e-02 5.034920000000000237e-04 1.000000000000000000e+00 1.856239999999999973e-02 1.891320000000000154e-02
1.734514378999999940e+00 1.857461100000000129e-02 5.036619999999999899e-04 1.000000000000000000e+00 1.856680000000000136e-02 1.891819999999999960e-02
1.735092550000000067e+00 1.857779099999999975e-02 5.038319999999999561e-04 1.000000000000000000e+00 1.857069999999999901e-02 1.892270000000000063e-02
1.735670915000000036e+00 1.857896300000000042e-02 5.039940000000000132e-04 1.000000000000000000e+00 1.857340000000000033e-02 1.892620000000000066e-02
1.736249471999999905e+00 1.857835299999999884e-02 5.041400000000000351e-04 1.000000000000000000e+00 1.857500000000000123e-02 1.892850000000000088e-02
1.736828220999999894e+00 1.857588699999999926e-02 5.042679999999999906e-04 1.000000000000000000e+00 1.857529999999999945e-02 1.892949999999999841e-02
1.737407163999999948e+00 1.857120599999999982e-02 5.043689999999999545e-04 1.000000000000000000e+00 1.857419999999999904e-02 1.892900000000000138e-02
1.737986299999999984e+00 1.856397599999999939e-02 5.044399999999999882e-04 1.000000000000000000e+00 1.857119999999999951e-02 1.892639999999999947e-02
1.738565629000000001e+00 1.855425700000000108e-02 5.044749999999999972e-04 1.000000000000000000e+00 1.856599999999999917e-02 1.892150000000000082e-02
1.739145149999999918e+00 1.854265800000000006e-02 5.044760000000000130e-04 1.000000000000000000e+00 1.855829999999999980e-02 1.891409999999999966e-02
1.739724865999999981e+00 1.853010199999999968e-02 5.044490000000000215e-04 1.000000000000000000e+00 1.854849999999999902e-02 1.890460000000000057e-02
1.740304773999999943e+00 1.851731400000000000e-02 5.044059999999999950e-04 1.000000000000000000e+00 1.853720000000000021e-02 1.889350000000000057e-02
1.740884875000000109e+00 1.850424900000000039e-02 5.043549999999999509e-04 1.000000000000000000e+00 1.852480000000000099e-02 1.888139999999999957e-02
1.741465169999999896e+00 1.848987399999999989e-02 5.042970000000000135e-04 1.000000000000000000e+00 1.851159999999999958e-02 1.886849999999999986e-02
1.742045658999999969e+00 1.847248599999999977e-02 5.042239999999999483e-04 1.000000000000000000e+00 1.849719999999999837e-02 1.885440000000000033e-02
1.742626341000000023e+00 1.845052999999999971e-02 5.041169999999999983e-04 1.000000000000000000e+00 1.848059999999999981e-02 1.883800000000000058e-02
1.743207216000000059e+00 1.842364900000000028e-02 5.039590000000000042e-04 1.000000000000000000e+00 1.846089999999999884e-02 1.881829999999999961e-02
1.743788284999999938e+00 1.839351100000000128e-02 5.037419999999999485e-04 1.000000000000000000e+00 1.843770000000000131e-02 1.879489999999999980e-02
1.744369548000000103e+00 1.836395899999999914e-02 5.034800000000000516e-04 1.000000000000000000e+00 1.841200000000000128e-02 1.876890000000000155e-02
1.744951004000000028e+00 1.834031800000000129e-02 5.032059999999999658e-04 1.000000000000000000e+00 1.838650000000000007e-02 1.874280000000000043e-02
1.745532655000000100e+00 1.832796999999999898e-02 5.029739999999999992e-04 1.000000000000000000e+00 1.836499999999999938e-02 1.872060000000000043e-02
1.746114498999999931e+00 1.833066499999999946e-02 5.028440000000000123e-04 1.000000000000000000e+00 1.835149999999999976e-02 1.870660000000000031e-02
1.746696537000000049e+00 1.834918400000000102e-02 5.028650000000000177e-04 1.000000000000000000e+00 1.834929999999999894e-02 1.870410000000000128e-02
1.747278769000000009e+00 1.838091000000000030e-02 5.030570000000000050e-04 1.000000000000000000e+00 1.835979999999999904e-02 1.871439999999999909e-02
1.747861195999999895e+00 1.842050500000000021e-02 5.034090000000000179e-04 1.000000000000000000e+00 1.838180000000000022e-02 1.873659999999999909e-02
1.748443815999999984e+00 1.846139899999999986e-02 5.038770000000000141e-04 1.000000000000000000e+00 1.841189999999999841e-02 1.876720000000000124e-02
1.749026630999999998e+00 1.849751900000000046e-02 5.044010000000000247e-04 1.000000000000000000e+00 1.844550000000000009e-02 1.880129999999999996e-02
1.749609638999999994e+00 1.852456599999999926e-02 5.049139999999999705e-04 1.000000000000000000e+00 1.847779999999999909e-02 1.883419999999999886e-02
1.750192842999999998e+00 1.854046599999999850e-02 5.053609999999999613e-04 1.000000000000000000e+00 1.850469999999999893e-02 1.886180000000000148e-02
1.750776239999999984e+00 1.854502400000000023e-02 5.057049999999999566e-04 1.000000000000000000e+00 1.852370000000000058e-02 1.888130000000000017e-02
1.751359831999999894e+00 1.853923000000000029e-02 5.059249999999999511e-04 1.000000000000000000e+00 1.853379999999999958e-02 1.889160000000000145e-02
1.751943618999999952e+00 1.852469400000000127e-02 5.060190000000000217e-04 1.000000000000000000e+00 1.853489999999999999e-02 1.889269999999999838e-02
1.752527600000000074e+00 1.850350200000000153e-02 5.059910000000000145e-04 1.000000000000000000e+00 1.852789999999999992e-02 1.888540000000000010e-02
1.753111775999999900e+00 1.847844599999999907e-02 5.058579999999999804e-04 1.000000000000000000e+00 1.851420000000000149e-02 1.887099999999999889e-02
1.753696147000000094e+00 1.845323499999999839e-02 5.056499999999999580e-04 1.000000000000000000e+00 1.849589999999999915e-02 1.885190000000000130e-02
1.754280711999999909e+00 1.843232200000000098e-02 5.054089999999999581e-04 1.000000000000000000e+00 1.847570000000000115e-02 1.883080000000000170e-02
1.754865472000000093e+00 1.842016700000000118e-02 5.051899999999999794e-04 1.000000000000000000e+00 1.845720000000000000e-02 1.881139999999999896e-02
1.755450426999999980e+00 1.842000300000000076e-02 5.050480000000000204e-04 1.000000000000000000e+00 1.844410000000000147e-02 1.879760000000000111e-02
1.756035578000000097e+00 1.843269399999999947e-02 5.050299999999999538e-04 1.000000000000000000e+00 1.843919999999999934e-02 1.879240000000000077e-02
1.756620923000000056e+00 1.845607800000000076e-02 5.051609999999999564e-04 1.000000000000000000e+00 1.844410000000000147e-02 1.879739999999999883e-02
1.757206462999999941e+00 1.848517800000000141e-02 5.054309999999999792e-04 1.000000000000000000e+00 1.845820000000000100e-02 1.881189999999999946e-02
1.757792199000000055e+00 1.851323900000000078e-02 5.057959999999999800e-04 1.000000000000000000e+00 1.847849999999999840e-02 1.883280000000000023e-02
1.758378129000000012e+00 1.853327000000000099e-02 5.061869999999999564e-04 1.000000000000000000e+00 1.850040000000000018e-02 1.885550000000000073e-02
1.758964254999999977e+00 1.853950500000000126e-02 5.065239999999999500e-04 1.000000000000000000e+00 1.851850000000000024e-02 1.887430000000000010e-02
1.759550576999999949e+00 1.852836299999999908e-02 5.067309999999999566e-04 1.000000000000000000e+00 1.852760000000000171e-02 1.888379999999999920e-02
1.760137094000000069e+00 1.849865499999999927e-02 5.067500000000000390e-04 1.000000000000000000e+00 1.852370000000000058e-02 1.887990000000000154e-02
1.760723805999999891e+00 1.845128000000000046e-02 5.065510000000000498e-04 1.000000000000000000e+00 1.850419999999999843e-02 1.886010000000000117e-02
1.761310713999999944e+00 1.838878299999999882e-02 5.061280000000000032e-04 1.000000000000000000e+00 1.846860000000000168e-02 1.882359999999999936e-02
1.761897816999999922e+00 1.831515499999999963e-02 5.054999999999999815e-04 1.000000000000000000e+00 1.841790000000000094e-02 1.877169999999999880e-02
1.762485116999999990e+00 1.823596900000000118e-02 5.047110000000000268e-04 1.000000000000000000e+00 1.835490000000000038e-02 1.870720000000000022e-02
1.763072611999999983e+00 1.815857400000000024e-02 5.038230000000000312e-04 1.000000000000000000e+00 1.828420000000000045e-02 1.863499999999999879e-02
1.763660302999999985e+00 1.809176300000000029e-02 5.029249999999999866e-04 1.000000000000000000e+00 1.821230000000000071e-02 1.856160000000000102e-02
1.764248188999999911e+00 1.804459900000000144e-02 5.021160000000000423e-04 1.000000000000000000e+00 1.814699999999999994e-02 1.849500000000000102e-02
1.764836271999999928e+00 1.802445500000000173e-02 5.015030000000000399e-04 1.000000000000000000e+00 1.809660000000000088e-02 1.844339999999999868e-02
1.765424550999999953e+00 1.803482199999999896e-02 5.011739999999999555e-04 1.000000000000000000e+00 1.806769999999999904e-02 1.841380000000000100e-02
1.766013025999999986e+00 1.807389499999999954e-02 5.011829999999999887e-04 1.000000000000000000e+00 1.806440000000000129e-02 1.841020000000000156e-02
1.766601697000000026e+00 1.813461699999999871e-02 5.015290000000000156e-04 1.000000000000000000e+00 1.808649999999999841e-02 1.843240000000000156e-02
1.767190564000000075e+00 1.820630399999999954e-02 5.021539999999999901e-04 1.000000000000000000e+00 1.812949999999999978e-02 1.847589999999999996e-02
1.767779627999999992e+00 1.827727399999999960e-02 5.029589999999999799e-04 1.000000000000000000e+00 1.818590000000000137e-02 1.853310000000000027e-02
1.768368887000000056e+00 1.833737300000000056e-02 5.038230000000000312e-04 1.000000000000000000e+00 1.824649999999999883e-02 1.859449999999999992e-02
1.768958344000000071e+00 1.837960699999999920e-02 5.046270000000000052e-04 1.000000000000000000e+00 1.830249999999999932e-02 1.865139999999999854e-02
1.769547996000000012e+00 1.840045800000000148e-02 5.052770000000000481e-04 1.000000000000000000e+00 1.834699999999999873e-02 1.869650000000000131e-02
1.770137845999999904e+00 1.839926600000000093e-02 5.057090000000000196e-04 1.000000000000000000e+00 1.837540000000000007e-02 1.872499999999999859e-02
1.770727892000000026e+00 1.837721499999999883e-02 5.058900000000000506e-04 1.000000000000000000e+00 1.838510000000000144e-02 1.873460000000000056e-02
1.771318133999999933e+00 1.833666700000000094e-02 5.058130000000000308e-04 1.000000000000000000e+00 1.837580000000000116e-02 1.872479999999999978e-02
1.771908574000000014e+00 1.828090500000000007e-02 5.054919999999999639e-04 1.000000000000000000e+00 1.834840000000000082e-02 1.869639999999999844e-02
1.772499210000000103e+00 1.821410999999999863e-02 5.049569999999999970e-04 1.000000000000000000e+00 1.830499999999999836e-02 1.865179999999999963e-02
1.773090043000000060e+00 1.814115100000000119e-02 5.042560000000000184e-04 1.000000000000000000e+00 1.824889999999999846e-02 1.859440000000000051e-02
1.773681073000000108e+00 1.806705100000000064e-02 5.034440000000000269e-04 1.000000000000000000e+00 1.818420000000000106e-02 1.852820000000000161e-02
1.774272300000000024e+00 1.799605699999999933e-02 5.025830000000000228e-04 1.000000000000000000e+00 1.811530000000000085e-02 1.845789999999999931e-02
1.774863724000000031e+00 1.793094199999999833e-02 5.017280000000000047e-04 1.000000000000000000e+00 1.804619999999999835e-02 1.838750000000000107e-02
1.775455344999999907e+00 1.787271299999999841e-02 5.009219999999999992e-04 1.000000000000000000e+00 1.797999999999999945e-02 1.832019999999999829e-02
1.776047163999999956e+00 1.782100099999999951e-02 5.001880000000000432e-04 1.000000000000000000e+00 1.791859999999999981e-02 1.825790000000000052e-02
1.776639180000000096e+00 1.777476799999999982e-02 4.995330000000000300e-04 1.000000000000000000e+00 1.786269999999999872e-02 1.820130000000000012e-02
1.777231393000000104e+00 1.773301199999999939e-02 4.989540000000000208e-04 1.000000000000000000e+00 1.781220000000000026e-02 1.815030000000000115e-02
1.777823802999999980e+00 1.769497899999999957e-02 4.984409999999999666e-04 1.000000000000000000e+00 1.776669999999999985e-02 1.810430000000000025e-02
1.778416411000000030e+00 1.765977000000000172e-02 4.979830000000000194e-04 1.000000000000000000e+00 1.772550000000000167e-02 1.806280000000000038e-02
1.779009217000000032e+00 1.762563300000000166e-02 4.975669999999999746e-04 1.000000000000000000e+00 1.768749999999999836e-02 1.802460000000000173e-02
1.779602219999999901e+00 1.758940200000000051e-02 4.971679999999999806e-04 1.000000000000000000e+00 1.765100000000000002e-02 1.798790000000000111e-02
1.780195420000000084e+00 1.754665099999999991e-02 4.967510000000000285e-04 1.000000000000000000e+00 1.761319999999999900e-02 1.795000000000000068e-02
1.780788819000000078e+00 1.749284799999999834e-02 4.962659999999999814e-04 1.000000000000000000e+00 1.757059999999999872e-02 1.790699999999999931e-02
1.781382414999999941e+00 1.742529300000000142e-02 4.956640000000000438e-04 1.000000000000000000e+00 1.751969999999999916e-02 1.785549999999999984e-02
1.781976208999999978e+00 1.734519400000000128e-02 4.949110000000000054e-04 1.000000000000000000e+00 1.745810000000000070e-02 1.779309999999999919e-02
1.782570200999999965e+00 1.725892700000000030e-02 4.940110000000000378e-04 1.000000000000000000e+00 1.738680000000000087e-02 1.772059999999999955e-02
1.783164390999999904e+00 1.717753099999999936e-02 4.930209999999999541e-04 1.000000000000000000e+00 1.730999999999999900e-02 1.764239999999999906e-02
1.783758779000000017e+00 1.711427800000000013e-02 4.920490000000000454e-04 1.000000000000000000e+00 1.723569999999999963e-02 1.756660000000000166e-02
1.784353365999999941e+00 1.708063799999999868e-02 4.912379999999999611e-04 1.000000000000000000e+00 1.717399999999999829e-02 1.750350000000000170e-02
1.784948149999999956e+00 1.708210900000000157e-02 4.907209999999999524e-04 1.000000000000000000e+00 1.713390000000000052e-02 1.746230000000000004e-02
1.785543133000000005e+00 1.711536599999999991e-02 4.905829999999999479e-04 1.000000000000000000e+00 1.712059999999999971e-02 1.744849999999999873e-02
1.786138314000000005e+00 1.716789200000000057e-02 4.908199999999999933e-04 1.000000000000000000e+00 1.713330000000000061e-02 1.746119999999999964e-02
1.786733692999999956e+00 1.722058200000000164e-02 4.913279999999999688e-04 1.000000000000000000e+00 1.716410000000000158e-02 1.749240000000000170e-02
1.787329270999999942e+00 1.725233699999999953e-02 4.919199999999999658e-04 1.000000000000000000e+00 1.719949999999999951e-02 1.752859999999999835e-02
1.787925047999999961e+00 1.724536000000000124e-02 4.923679999999999723e-04 1.000000000000000000e+00 1.722359999999999863e-02 1.755330000000000085e-02
1.788521022999999932e+00 1.718954599999999999e-02 4.924559999999999485e-04 1.000000000000000000e+00 1.722140000000000129e-02 1.755129999999999885e-02
1.789117196000000076e+00 1.708464100000000110e-02 4.920319999999999945e-04 1.000000000000000000e+00 1.718259999999999926e-02 1.751199999999999979e-02
1.789713568999999893e+00 1.693990600000000110e-02 4.910399999999999878e-04 1.000000000000000000e+00 1.710389999999999827e-02 1.743199999999999958e-02
1.790310140000000105e+00 1.677143099999999984e-02 4.895260000000000019e-04 1.000000000000000000e+00 1.698910000000000003e-02 1.731509999999999994e-02
1.790906909999999908e+00 1.659817800000000163e-02 4.876309999999999803e-04 1.000000000000000000e+00 1.684849999999999889e-02 1.717190000000000036e-02
1.791503878999999966e+00 1.643764299999999831e-02 4.855489999999999958e-04 1.000000000000000000e+00 1.669580000000000022e-02 1.701630000000000156e-02
1.792101047000000058e+00 1.630222799999999847e-02 4.834880000000000167e-04 1.000000000000000000e+00 1.654529999999999890e-02 1.686299999999999952e-02
1.792698413999999962e+00 1.619689499999999935e-02 4.816210000000000022e-04 1.000000000000000000e+00 1.640849999999999947e-02 1.672380000000000047e-02
1.793295979999999901e+00 1.611836200000000066e-02 4.800539999999999950e-04 1.000000000000000000e+00 1.629229999999999914e-02 1.660549999999999873e-02
1.793893745000000095e+00 1.605564199999999844e-02 4.787959999999999742e-04 1.000000000000000000e+00 1.619680000000000078e-02 1.650870000000000115e-02
1.794491709999999962e+00 1.599178399999999847e-02 4.777599999999999794e-04 1.000000000000000000e+00 1.611599999999999838e-02 1.642679999999999835e-02
1.795089874000000085e+00 1.590638700000000100e-02 4.767729999999999971e-04 1.000000000000000000e+00 1.603790000000000077e-02 1.634789999999999854e-02
1.795688237000000020e+00 1.577882400000000032e-02 4.755970000000000206e-04 1.000000000000000000e+00 1.594680000000000056e-02 1.625559999999999852e-02
1.796286800000000072e+00 1.559227399999999972e-02 4.739710000000000060e-04 1.000000000000000000e+00 1.582539999999999988e-02 1.613250000000000101e-02
1.796885561999999936e+00 1.533797800000000038e-02 4.716589999999999780e-04 1.000000000000000000e+00 1.565849999999999881e-02 1.596279999999999921e-02
1.797484523999999917e+00 1.501915600000000052e-02 4.685019999999999810e-04 1.000000000000000000e+00 1.543650000000000057e-02 1.573659999999999989e-02
1.798083686000000014e+00 1.465295200000000034e-02 4.644730000000000234e-04 1.000000000000000000e+00 1.515870000000000065e-02 1.545350000000000022e-02
1.798683046999999924e+00 1.426911200000000046e-02 4.597080000000000242e-04 1.000000000000000000e+00 1.483579999999999968e-02 1.512420000000000084e-02
1.799282607999999950e+00 1.390474300000000066e-02 4.545120000000000150e-04 1.000000000000000000e+00 1.448890000000000074e-02 1.477039999999999950e-02
1.799882369000000093e+00 1.359574300000000041e-02 4.493160000000000058e-04 1.000000000000000000e+00 1.414660000000000049e-02 1.442109999999999920e-02
1.800482329000000048e+00 1.336749500000000007e-02 4.445900000000000242e-04 1.000000000000000000e+00 1.383840000000000070e-02 1.410669999999999980e-02
1.801082489999999980e+00 1.322799000000000023e-02 4.407279999999999857e-04 1.000000000000000000e+00 1.358810000000000053e-02 1.385139999999999982e-02
1.801682851000000030e+00 1.316616200000000035e-02 4.379469999999999999e-04 1.000000000000000000e+00 1.340760000000000042e-02 1.366730000000000028e-02
1.802283411999999974e+00 1.315628699999999915e-02 4.362319999999999935e-04 1.000000000000000000e+00 1.329469999999999957e-02 1.355229999999999976e-02
1.802884173000000034e+00 1.316692499999999946e-02 4.353590000000000172e-04 1.000000000000000000e+00 1.323470000000000028e-02 1.349129999999999947e-02
1.803485135000000072e+00 1.317095799999999997e-02 4.349870000000000147e-04 1.000000000000000000e+00 1.320619999999999954e-02 1.346239999999999937e-02
1.804086295999999923e+00 1.315269099999999934e-02 4.347700000000000132e-04 1.000000000000000000e+00 1.318770000000000012e-02 1.344359999999999999e-02
1.804687657999999972e+00 1.310927800000000025e-02 4.344530000000000093e-04 1.000000000000000000e+00 1.316340000000000045e-02 1.341889999999999923e-02
1.805289221000000000e+00 1.304652599999999926e-02 4.339120000000000021e-04 1.000000000000000000e+00 1.312570000000000056e-02 1.338059999999999944e-02
1.805890983999999921e+00 1.297147799999999983e-02 4.331340000000000038e-04 1.000000000000000000e+00 1.307370000000000060e-02 1.332750000000000080e-02
1.806492948000000043e+00 1.288569699999999978e-02 4.321439999999999743e-04 1.000000000000000000e+00 1.300860000000000037e-02 1.326109999999999962e-02
1.807095112000000059e+00 1.278290500000000066e-02 4.309380000000000133e-04 1.000000000000000000e+00 1.293000000000000052e-02 1.318090000000000060e-02
1.807697477000000053e+00 1.265176299999999990e-02 4.294470000000000101e-04 1.000000000000000000e+00 1.283330000000000061e-02 1.308229999999999983e-02
1.808300043000000024e+00 1.248266699999999937e-02 4.275519999999999885e-04 1.000000000000000000e+00 1.271090000000000067e-02 1.295770000000000081e-02
1.808902809999999972e+00 1.227468900000000009e-02 4.251449999999999826e-04 1.000000000000000000e+00 1.255640000000000055e-02 1.280039999999999997e-02
1.809505777000000037e+00 1.203892200000000051e-02 4.222040000000000255e-04 1.000000000000000000e+00 1.236890000000000038e-02 1.260960000000000032e-02
1.810108945999999941e+00 1.179652900000000004e-02 4.188379999999999903e-04 1.000000000000000000e+00 1.215560000000000078e-02 1.239269999999999955e-02
1.810712314999999961e+00 1.157217200000000036e-02 4.152830000000000150e-04 1.000000000000000000e+00 1.193149999999999940e-02 1.216500000000000047e-02
1.811315886000000042e+00 1.138589400000000057e-02 4.118449999999999845e-04 1.000000000000000000e+00 1.171529999999999967e-02 1.194549999999999952e-02
1.811919658000000100e+00 1.124687000000000082e-02 4.088060000000000023e-04 1.000000000000000000e+00 1.152399999999999952e-02 1.175140000000000039e-02
1.812523630999999913e+00 1.115144799999999957e-02 4.063410000000000047e-04 1.000000000000000000e+00 1.136790000000000023e-02 1.159319999999999969e-02
1.813127806000000009e+00 1.108538100000000005e-02 4.044680000000000042e-04 1.000000000000000000e+00 1.124829999999999927e-02 1.147199999999999956e-02
1.813732182000000082e+00 1.102833500000000022e-02 4.030540000000000208e-04 1.000000000000000000e+00 1.115760000000000016e-02 1.138020000000000004e-02
1.814336758999999910e+00 1.095844699999999963e-02 4.018499999999999828e-04 1.000000000000000000e+00 1.108179999999999929e-02 1.130319999999999936e-02
1.814941538000000021e+00 1.085550199999999951e-02 4.005489999999999897e-04 1.000000000000000000e+00 1.100319999999999944e-02 1.122309999999999974e-02
1.815546518999999970e+00 1.070285600000000018e-02 3.988339999999999832e-04 1.000000000000000000e+00 1.090350000000000000e-02 1.112119999999999949e-02
1.816151700999999896e+00 1.048960699999999975e-02 3.964190000000000140e-04 1.000000000000000000e+00 1.076629999999999948e-02 1.098069999999999949e-02
1.816757085000000105e+00 1.021397400000000066e-02 3.930930000000000123e-04 1.000000000000000000e+00 1.057939999999999922e-02 1.078950000000000048e-02
1.817362670000000069e+00 9.887401999999999996e-03 3.887709999999999951e-04 1.000000000000000000e+00 1.033859999999999987e-02 1.054330000000000024e-02
1.817968457999999954e+00 9.537197199999999930e-03 3.835569999999999735e-04 1.000000000000000000e+00 1.005050000000000041e-02 1.024899999999999943e-02
1.818574447000000038e+00 9.205203299999999145e-03 3.777990000000000059e-04 1.000000000000000000e+00 9.735350000000000253e-03 9.927170000000000785e-03
1.819180639000000044e+00 8.940407900000000782e-03 3.720859999999999879e-04 1.000000000000000000e+00 9.425470000000000029e-03 9.611009999999999692e-03
1.819787032000000027e+00 8.786587000000000217e-03 3.671740000000000051e-04 1.000000000000000000e+00 9.160430000000000655e-03 9.340819999999999679e-03
1.820393627999999930e+00 8.768085999999999589e-03 3.638119999999999787e-04 1.000000000000000000e+00 8.977670000000000095e-03 9.154769999999999575e-03
1.821000425999999894e+00 8.879311299999999643e-03 3.625079999999999926e-04 1.000000000000000000e+00 8.901779999999999762e-03 9.077879999999999977e-03
1.821607425999999919e+00 9.082012000000000418e-03 3.633280000000000017e-04 1.000000000000000000e+00 8.935540000000000496e-03 9.112920000000000048e-03
1.822214629000000086e+00 9.312613799999999373e-03 3.658150000000000204e-04 1.000000000000000000e+00 9.056289999999999826e-03 9.236710000000000406e-03
1.822822034000000091e+00 9.497715099999999924e-03 3.690799999999999832e-04 1.000000000000000000e+00 9.219460000000000502e-03 9.403720000000000828e-03
1.823429640999999934e+00 9.572797600000000282e-03 3.720349999999999981e-04 1.000000000000000000e+00 9.368619999999999379e-03 9.556369999999999795e-03
1.824037450999999921e+00 9.497874099999999500e-03 3.736589999999999812e-04 1.000000000000000000e+00 9.448959999999999304e-03 9.638709999999999986e-03
1.824645462999999967e+00 9.265348200000000575e-03 3.732130000000000061e-04 1.000000000000000000e+00 9.420080000000000814e-03 9.609549999999999689e-03
1.825253677999999935e+00 8.898285000000000569e-03 3.703539999999999849e-04 1.000000000000000000e+00 9.264200000000000212e-03 9.450790000000000579e-03
1.825862096000000045e+00 8.441118600000000263e-03 3.651579999999999757e-04 1.000000000000000000e+00 8.987890000000000115e-03 9.169129999999999295e-03
1.826470717000000077e+00 7.946811200000000741e-03 3.580459999999999936e-04 1.000000000000000000e+00 8.617669999999999150e-03 8.791669999999999693e-03
1.827079541000000029e+00 7.464835799999999799e-03 3.496719999999999820e-04 1.000000000000000000e+00 8.191840000000000580e-03 8.357450000000000642e-03
1.827688567000000042e+00 7.032837499999999853e-03 3.407859999999999861e-04 1.000000000000000000e+00 7.751290000000000090e-03 7.908190000000000705e-03
1.828297797000000058e+00 6.672665999999999840e-03 3.320980000000000177e-04 1.000000000000000000e+00 7.331739999999999785e-03 7.480310000000000431e-03
1.828907228999999912e+00 6.389746899999999841e-03 3.241709999999999969e-04 1.000000000000000000e+00 6.958559999999999919e-03 7.099659999999999825e-03
1.829516864999999992e+00 6.174607000000000359e-03 3.173350000000000237e-04 1.000000000000000000e+00 6.644210000000000220e-03 6.778949999999999733e-03
1.830126703999999993e+00 6.005878600000000289e-03 3.116470000000000199e-04 1.000000000000000000e+00 6.387979999999999700e-03 6.517430000000000272e-03
1.830736745999999915e+00 5.854542400000000042e-03 3.068920000000000155e-04 1.000000000000000000e+00 6.177519999999999713e-03 6.302549999999999646e-03
1.831346992000000062e+00 5.689541499999999953e-03 3.026360000000000074e-04 1.000000000000000000e+00 5.992029999999999752e-03 6.113089999999999843e-03
1.831957440999999909e+00 5.484550700000000167e-03 2.983260000000000165e-04 1.000000000000000000e+00 5.806829999999999804e-03 5.923929999999999994e-03
1.832568092999999898e+00 5.224366700000000058e-03 2.934190000000000040e-04 1.000000000000000000e+00 5.599060000000000321e-03 5.711769999999999695e-03
1.833178948999999891e+00 4.909265399999999599e-03 2.875029999999999882e-04 1.000000000000000000e+00 5.353100000000000393e-03 5.460709999999999696e-03
1.833790009000000110e+00 4.555549499999999620e-03 2.804080000000000027e-04 1.000000000000000000e+00 5.064680000000000223e-03 5.166409999999999753e-03
1.834401272000000027e+00 4.191711199999999943e-03 2.722569999999999786e-04 1.000000000000000000e+00 4.742249999999999938e-03 4.837479999999999905e-03
1.835012738999999948e+00 3.851271900000000168e-03 2.634630000000000218e-04 1.000000000000000000e+00 4.405049999999999764e-03 4.493549999999999801e-03
1.835624410000000095e+00 3.564605299999999873e-03 2.546539999999999915e-04 1.000000000000000000e+00 4.078359999999999624e-03 4.160389999999999922e-03
1.836236285000000024e+00 3.352670800000000142e-03 2.465559999999999887e-04 1.000000000000000000e+00 3.787659999999999985e-03 3.863989999999999873e-03
1.836848363999999956e+00 3.224724100000000027e-03 2.398439999999999893e-04 1.000000000000000000e+00 3.553460000000000039e-03 3.625250000000000000e-03
1.837460646999999891e+00 3.180384200000000144e-03 2.350239999999999914e-04 1.000000000000000000e+00 3.388599999999999859e-03 3.457260000000000194e-03
1.838073132999999970e+00 3.214448799999999797e-03 2.323770000000000013e-04 1.000000000000000000e+00 3.298430000000000199e-03 3.365470000000000180e-03
1.838685823999999913e+00 3.321827500000000023e-03 2.319920000000000109e-04 1.000000000000000000e+00 3.283400000000000121e-03 3.350319999999999947e-03
1.839298719999999943e+00 3.499689099999999872e-03 2.338329999999999955e-04 1.000000000000000000e+00 3.341960000000000156e-03 3.410219999999999831e-03
1.839911818999999893e+00 3.745412000000000047e-03 2.377919999999999893e-04 1.000000000000000000e+00 3.472189999999999999e-03 3.543210000000000196e-03
1.840525122999999930e+00 4.051110400000000264e-03 2.436700000000000031e-04 1.000000000000000000e+00 3.670790000000000164e-03 3.745930000000000180e-03
1.841138632000000053e+00 4.397426500000000023e-03 2.511079999999999953e-04 1.000000000000000000e+00 3.929750000000000083e-03 4.010190000000000282e-03
1.841752344999999957e+00 4.750051800000000199e-03 2.595149999999999844e-04 1.000000000000000000e+00 4.232149999999999627e-03 4.318739999999999732e-03
1.842366262000000088e+00 5.062100499999999670e-03 2.680590000000000164e-04 1.000000000000000000e+00 4.549730000000000094e-03 4.642740000000000235e-03
1.842980384000000083e+00 5.283027299999999704e-03 2.757559999999999937e-04 1.000000000000000000e+00 4.844320000000000050e-03 4.943280000000000417e-03
1.843594710999999942e+00 5.372154900000000385e-03 2.816249999999999743e-04 1.000000000000000000e+00 5.073910000000000052e-03 5.177489999999999870e-03
1.844209242000000026e+00 5.312219099999999569e-03 2.848850000000000210e-04 1.000000000000000000e+00 5.202420000000000135e-03 5.308570000000000302e-03
1.844823979000000058e+00 5.117850000000000177e-03 2.851339999999999843e-04 1.000000000000000000e+00 5.210059999999999865e-03 5.316360000000000009e-03
1.845438920000000094e+00 4.834875100000000231e-03 2.824769999999999994e-04 1.000000000000000000e+00 5.100780000000000071e-03 5.204870000000000330e-03
1.846054065999999994e+00 4.529898699999999889e-03 2.775620000000000235e-04 1.000000000000000000e+00 4.903389999999999659e-03 5.003520000000000016e-03
1.846669418000000062e+00 4.272867599999999842e-03 2.715129999999999736e-04 1.000000000000000000e+00 4.665599999999999782e-03 4.760979999999999726e-03
1.847284973999999913e+00 4.118347799999999906e-03 2.657170000000000040e-04 1.000000000000000000e+00 4.442210000000000256e-03 4.533210000000000191e-03
1.847900735999999933e+00 4.091608699999999856e-03 2.614930000000000119e-04 1.000000000000000000e+00 4.281140000000000119e-03 4.369070000000000072e-03
1.848516703000000039e+00 4.183828100000000147e-03 2.597170000000000208e-04 1.000000000000000000e+00 4.211539999999999728e-03 4.298309999999999631e-03
1.849132875000000009e+00 4.357625199999999588e-03 2.605600000000000125e-04 1.000000000000000000e+00 4.237809999999999841e-03 4.325429999999999900e-03
1.849749252999999927e+00 4.560408699999999975e-03 2.634819999999999957e-04 1.000000000000000000e+00 4.340899999999999967e-03 4.430960000000000280e-03
1.850365835999999931e+00 4.740698899999999660e-03 2.674900000000000021e-04 1.000000000000000000e+00 4.486109999999999751e-03 4.579459999999999607e-03
1.850982624000000021e+00 4.862093399999999760e-03 2.715069999999999875e-04 1.000000000000000000e+00 4.634339999999999814e-03 4.730990000000000022e-03
1.851599618999999919e+00 4.910624300000000254e-03 2.746870000000000214e-04 1.000000000000000000e+00 4.753059999999999924e-03 4.852340000000000125e-03
1.852216818999999903e+00 4.894248599999999685e-03 2.765749999999999871e-04 1.000000000000000000e+00 4.823739999999999972e-03 4.924590000000000391e-03
1.852834223999999974e+00 4.835861999999999800e-03 2.771319999999999751e-04 1.000000000000000000e+00 4.843939999999999704e-03 4.945220000000000171e-03
1.853451836000000075e+00 4.763295300000000392e-03 2.766409999999999963e-04 1.000000000000000000e+00 4.824310000000000057e-03 4.925119999999999845e-03
1.854069653000000040e+00 4.700255799999999810e-03 2.755570000000000046e-04 1.000000000000000000e+00 4.782549999999999996e-03 4.882380000000000400e-03
1.854687675999999952e+00 4.661276500000000392e-03 2.743539999999999824e-04 1.000000000000000000e+00 4.736930000000000307e-03 4.835660000000000305e-03
1.855305905000000033e+00 4.651528700000000065e-03 2.734079999999999952e-04 1.000000000000000000e+00 4.701580000000000342e-03 4.799420000000000422e-03
1.855924340999999922e+00 4.670376999999999862e-03 2.729510000000000096e-04 1.000000000000000000e+00 4.684930000000000344e-03 4.782269999999999924e-03
1.856542981999999897e+00 4.716298600000000049e-03 2.730960000000000158e-04 1.000000000000000000e+00 4.690869999999999762e-03 4.788220000000000150e-03
1.857161829999999902e+00 4.790648500000000386e-03 2.739010000000000056e-04 1.000000000000000000e+00 4.721440000000000359e-03 4.819369999999999904e-03
1.857780884000000077e+00 4.898536400000000346e-03 2.754389999999999898e-04 1.000000000000000000e+00 4.779379999999999740e-03 4.878539999999999786e-03
1.858400143999999976e+00 5.046384899999999986e-03 2.778109999999999868e-04 1.000000000000000000e+00 4.869090000000000397e-03 4.970210000000000079e-03
1.859019610999999905e+00 5.237363800000000361e-03 2.811199999999999919e-04 1.000000000000000000e+00 4.995349999999999964e-03 5.099260000000000424e-03
1.859639284000000004e+00 5.466726199999999945e-03 2.853870000000000105e-04 1.000000000000000000e+00 5.160510000000000097e-03 5.268069999999999697e-03
1.860259163999999910e+00 5.719190699999999669e-03 2.904839999999999788e-04 1.000000000000000000e+00 5.361160000000000231e-03 5.473150000000000411e-03
1.860879249999999985e+00 5.969749199999999957e-03 2.960889999999999768e-04 1.000000000000000000e+00 5.585989999999999879e-03 5.702930000000000152e-03
1.861499543000000090e+00 6.187588800000000215e-03 3.017140000000000186e-04 1.000000000000000000e+00 5.815769999999999620e-03 5.937760000000000260e-03
1.862120043000000003e+00 6.341539499999999940e-03 3.067740000000000007e-04 1.000000000000000000e+00 6.025619999999999761e-03 6.152219999999999911e-03
1.862740749999999945e+00 6.404955500000000107e-03 3.106750000000000028e-04 1.000000000000000000e+00 6.188650000000000401e-03 6.318859999999999928e-03
1.863361663000000057e+00 6.358805300000000028e-03 3.128860000000000126e-04 1.000000000000000000e+00 6.279850000000000015e-03 6.412130000000000260e-03
1.863982784000000059e+00 6.192881499999999644e-03 3.129820000000000063e-04 1.000000000000000000e+00 6.279050000000000430e-03 6.411440000000000021e-03
1.864604111000000009e+00 5.906174400000000282e-03 3.106520000000000201e-04 1.000000000000000000e+00 6.172880000000000381e-03 6.303139999999999611e-03
1.865225646000000070e+00 5.507410800000000183e-03 3.057150000000000232e-04 1.000000000000000000e+00 5.956030000000000178e-03 6.081829999999999875e-03
1.865847387999999940e+00 5.015705700000000315e-03 2.981249999999999959e-04 1.000000000000000000e+00 5.632179999999999652e-03 5.751240000000000345e-03
1.866469337000000062e+00 4.460506900000000240e-03 2.880000000000000073e-04 1.000000000000000000e+00 5.214680000000000183e-03 5.324999999999999872e-03
1.867091492999999991e+00 3.879422400000000128e-03 2.756510000000000210e-04 1.000000000000000000e+00 4.726359999999999763e-03 4.826429999999999609e-03
1.867713857000000033e+00 3.313803299999999816e-03 2.616049999999999864e-04 1.000000000000000000e+00 4.197959999999999713e-03 4.286919999999999620e-03
1.868336428999999965e+00 2.802687500000000057e-03 2.465969999999999837e-04 1.000000000000000000e+00 3.664709999999999843e-03 3.742450000000000030e-03
1.868959207000000067e+00 2.377215700000000036e-03 2.315359999999999868e-04 1.000000000000000000e+00 3.161820000000000082e-03 3.228969999999999844e-03
1.869582193999999919e+00 2.057108800000000039e-03 2.174300000000000104e-04 1.000000000000000000e+00 2.719889999999999981e-03 2.777729999999999956e-03
1.870205388000000024e+00 1.850259900000000022e-03 2.052760000000000045e-04 1.000000000000000000e+00 2.361559999999999961e-03 2.411850000000000105e-03
1.870828790000000019e+00 1.755214400000000086e-03 1.959410000000000134e-04 1.000000000000000000e+00 2.100289999999999883e-03 2.145080000000000164e-03
1.871452399000000044e+00 1.765201199999999948e-03 1.900449999999999872e-04 1.000000000000000000e+00 1.941229999999999952e-03 1.982700000000000001e-03
1.872076217000000042e+00 1.872349200000000000e-03 1.878910000000000074e-04 1.000000000000000000e+00 1.883710000000000028e-03 1.924010000000000086e-03
1.872700242000000070e+00 2.070556800000000145e-03 1.894750000000000113e-04 1.000000000000000000e+00 1.924090000000000045e-03 1.965320000000000001e-03
1.873324476000000072e+00 2.356413700000000149e-03 1.945589999999999917e-04 1.000000000000000000e+00 2.058299999999999887e-03 2.102460000000000006e-03
1.873948917000000103e+00 2.728040399999999855e-03 2.027680000000000075e-04 1.000000000000000000e+00 2.282999999999999873e-03 2.332059999999999949e-03
1.874573567000000107e+00 3.182178300000000019e-03 2.136499999999999890e-04 1.000000000000000000e+00 2.595309999999999978e-03 2.651170000000000002e-03
1.875198425000000002e+00 3.710614100000000134e-03 2.266930000000000063e-04 1.000000000000000000e+00 2.991070000000000187e-03 3.055560000000000134e-03
1.875823491000000010e+00 4.297072199999999939e-03 2.413200000000000002e-04 1.000000000000000000e+00 3.462339999999999949e-03 3.537150000000000190e-03
1.876448764999999907e+00 4.916120000000000385e-03 2.568709999999999874e-04 1.000000000000000000e+00 3.995089999999999753e-03 4.081610000000000273e-03
1.877074248000000001e+00 5.534833099999999888e-03 2.726340000000000057e-04 1.000000000000000000e+00 4.568100000000000285e-03 4.667270000000000273e-03
1.877699938999999985e+00 6.117314900000000305e-03 2.878900000000000100e-04 1.000000000000000000e+00 5.153900000000000321e-03 5.266070000000000299e-03
1.878325838999999942e+00 6.630912800000000364e-03 3.019799999999999785e-04 1.000000000000000000e+00 5.721750000000000273e-03 5.846600000000000408e-03
1.878951948000000094e+00 7.052203600000000148e-03 3.143819999999999861e-04 1.000000000000000000e+00 6.242209999999999773e-03 6.378759999999999812e-03
1.879578264999999915e+00 7.371132600000000062e-03 3.247589999999999852e-04 1.000000000000000000e+00 6.691859999999999996e-03 6.838600000000000234e-03
1.880204790999999931e+00 7.592264500000000214e-03 3.329960000000000081e-04 1.000000000000000000e+00 7.057110000000000119e-03 7.212210000000000149e-03
1.880831525999999920e+00 7.733010299999999899e-03 3.391940000000000189e-04 1.000000000000000000e+00 7.335979999999999758e-03 7.497519999999999706e-03
1.881458470000000105e+00 7.819762399999999336e-03 3.436490000000000161e-04 1.000000000000000000e+00 7.537710000000000417e-03 7.703970000000000089e-03
1.882085623000000041e+00 7.882744199999999757e-03 3.468000000000000271e-04 1.000000000000000000e+00 7.680509999999999768e-03 7.850140000000000243e-03
1.882712984999999950e+00 7.950138299999999492e-03 3.491629999999999907e-04 1.000000000000000000e+00 7.787689999999999890e-03 7.959829999999999336e-03
1.883340556000000054e+00 8.042084799999999964e-03 3.512419999999999822e-04 1.000000000000000000e+00 7.882899999999999976e-03 8.057230000000000295e-03
1.883968335999999910e+00 8.165418199999999876e-03 3.534330000000000024e-04 1.000000000000000000e+00 7.984990000000000837e-03 8.161619999999999639e-03
1.884596326000000044e+00 8.310482299999999781e-03 3.559309999999999774e-04 1.000000000000000000e+00 8.103290000000000839e-03 8.282539999999999694e-03
1.885224524000000068e+00 8.451676800000000253e-03 3.586659999999999978e-04 1.000000000000000000e+00 8.234399999999999359e-03 8.416540000000000132e-03
1.885852933000000009e+00 8.552892499999999176e-03 3.613080000000000176e-04 1.000000000000000000e+00 8.361959999999999879e-03 8.546899999999999636e-03
1.886481550000000063e+00 8.577057900000000651e-03 3.633390000000000122e-04 1.000000000000000000e+00 8.459970000000000684e-03 8.647069999999999756e-03
1.887110376999999950e+00 8.497813800000000167e-03 3.641930000000000145e-04 1.000000000000000000e+00 8.499629999999999339e-03 8.687610000000000124e-03
1.887739413999999893e+00 8.309515700000000629e-03 3.634159999999999778e-04 1.000000000000000000e+00 8.458040000000000003e-03 8.645109999999999253e-03
1.888368660999999893e+00 8.032170899999999808e-03 3.608180000000000003e-04 1.000000000000000000e+00 8.326429999999999249e-03 8.510600000000000109e-03
1.888998117000000088e+00 7.709176600000000081e-03 3.565679999999999783e-04 1.000000000000000000e+00 8.115090000000000151e-03 8.294609999999999136e-03
1.889627782999999894e+00 7.397970700000000045e-03 3.512130000000000135e-04 1.000000000000000000e+00 7.853320000000000439e-03 8.027070000000000732e-03
1.890257658999999979e+00 7.156067099999999931e-03 3.456089999999999770e-04 1.000000000000000000e+00 7.583819999999999797e-03 7.751649999999999686e-03
1.890887744999999898e+00 7.026289199999999867e-03 3.407430000000000138e-04 1.000000000000000000e+00 7.352990000000000220e-03 7.515759999999999802e-03
1.891518041000000094e+00 7.024968200000000426e-03 3.374900000000000230e-04 1.000000000000000000e+00 7.199439999999999659e-03 7.358899999999999816e-03
1.892148546999999903e+00 7.136330100000000225e-03 3.363519999999999943e-04 1.000000000000000000e+00 7.143840000000000259e-03 7.302190000000000070e-03
1.892779262999999990e+00 7.314594399999999920e-03 3.372800000000000234e-04 1.000000000000000000e+00 7.182710000000000136e-03 7.342070000000000020e-03
1.893410188999999910e+00 7.493456499999999638e-03 3.396489999999999731e-04 1.000000000000000000e+00 7.287759999999999898e-03 7.449640000000000428e-03
1.894041325999999970e+00 7.601049999999999821e-03 3.424139999999999779e-04 1.000000000000000000e+00 7.411400000000000279e-03 7.576249999999999651e-03
1.894672673000000085e+00 7.577150900000000251e-03 3.443629999999999825e-04 1.000000000000000000e+00 7.497179999999999990e-03 7.664179999999999604e-03
1.895304230999999895e+00 7.388191100000000150e-03 3.443949999999999984e-04 1.000000000000000000e+00 7.492979999999999779e-03 7.660150000000000119e-03
1.895935998999999983e+00 7.036041800000000096e-03 3.417520000000000171e-04 1.000000000000000000e+00 7.363640000000000289e-03 7.528209999999999590e-03
1.896567976999999905e+00 6.557858100000000211e-03 3.361589999999999912e-04 1.000000000000000000e+00 7.099710000000000396e-03 7.258679999999999993e-03
1.897200167000000048e+00 6.016511999999999902e-03 3.278760000000000029e-04 1.000000000000000000e+00 6.719789999999999791e-03 6.870590000000000204e-03
1.897832567000000026e+00 5.484349200000000410e-03 3.176569999999999980e-04 1.000000000000000000e+00 6.265660000000000153e-03 6.406629999999999964e-03
1.898465177999999920e+00 5.025125299999999746e-03 3.066119999999999978e-04 1.000000000000000000e+00 5.791639999999999809e-03 5.922310000000000074e-03
1.899097999000000092e+00 4.679547000000000047e-03 2.959780000000000180e-04 1.000000000000000000e+00 5.351110000000000068e-03 5.472239999999999743e-03
1.899731032000000042e+00 4.458887199999999988e-03 2.868440000000000204e-04 1.000000000000000000e+00 4.984589999999999681e-03 5.097810000000000362e-03
1.900364275999999908e+00 4.347917599999999959e-03 2.798950000000000027e-04 1.000000000000000000e+00 4.712499999999999675e-03 4.819890000000000285e-03
1.900997730000000052e+00 4.315710399999999648e-03 2.752939999999999836e-04 1.000000000000000000e+00 4.534630000000000431e-03 4.638279999999999834e-03
1.901631395999999974e+00 4.329867900000000137e-03 2.727510000000000047e-04 1.000000000000000000e+00 4.435839999999999922e-03 4.537479999999999986e-03
1.902265273000000034e+00 4.369018900000000427e-03 2.717630000000000067e-04 1.000000000000000000e+00 4.395399999999999828e-03 4.496299999999999950e-03
1.902899362000000094e+00 4.429263999999999597e-03 2.718940000000000094e-04 1.000000000000000000e+00 4.396380000000000079e-03 4.497459999999999999e-03
1.903533662000000071e+00 4.522486299999999709e-03 2.729569999999999956e-04 1.000000000000000000e+00 4.431840000000000258e-03 4.533869999999999741e-03
1.904168172999999964e+00 4.667669600000000363e-03 2.750480000000000134e-04 1.000000000000000000e+00 4.505590000000000289e-03 4.609450000000000179e-03
1.904802896000000079e+00 4.878442600000000400e-03 2.784129999999999786e-04 1.000000000000000000e+00 4.627580000000000061e-03 4.734379999999999838e-03
1.905437830000000110e+00 5.151938299999999672e-03 2.832159999999999799e-04 1.000000000000000000e+00 4.805819999999999710e-03 4.916870000000000268e-03
1.906072975999999919e+00 5.463473499999999677e-03 2.893309999999999849e-04 1.000000000000000000e+00 5.038169999999999801e-03 5.154709999999999848e-03
1.906708333999999949e+00 5.769424100000000027e-03 2.962409999999999848e-04 1.000000000000000000e+00 5.307380000000000431e-03 5.430230000000000300e-03
1.907343902999999896e+00 6.017899400000000301e-03 3.031120000000000212e-04 1.000000000000000000e+00 5.581670000000000381e-03 5.710889999999999717e-03
1.907979684000000065e+00 6.163599199999999709e-03 3.089839999999999948e-04 1.000000000000000000e+00 5.821029999999999607e-03 5.955789999999999869e-03
1.908615678000000093e+00 6.181838700000000068e-03 3.130130000000000065e-04 1.000000000000000000e+00 5.987550000000000337e-03 6.126109999999999715e-03
1.909251883000000038e+00 6.076982400000000006e-03 3.146790000000000004e-04 1.000000000000000000e+00 6.056119999999999906e-03 6.196189999999999858e-03
1.909888299999999983e+00 5.882623000000000019e-03 3.139160000000000214e-04 1.000000000000000000e+00 6.022220000000000004e-03 6.161449999999999740e-03
1.910524928999999927e+00 5.653837099999999699e-03 3.111540000000000096e-04 1.000000000000000000e+00 5.904320000000000228e-03 6.040789999999999875e-03
1.911161770999999954e+00 5.454169499999999768e-03 3.072600000000000092e-04 1.000000000000000000e+00 5.740170000000000168e-03 5.872859999999999712e-03
1.911798824999999979e+00 5.341487100000000265e-03 3.033919999999999846e-04 1.000000000000000000e+00 5.578490000000000185e-03 5.707529999999999722e-03
1.912436091000000005e+00 5.355959700000000219e-03 3.007710000000000244e-04 1.000000000000000000e+00 5.468330000000000413e-03 5.594980000000000266e-03
1.913073569999999890e+00 5.512674599999999731e-03 3.004050000000000080e-04 1.000000000000000000e+00 5.448859999999999815e-03 5.575290000000000107e-03
1.913711260999999997e+00 5.799778200000000293e-03 3.028349999999999966e-04 1.000000000000000000e+00 5.541769999999999682e-03 5.670620000000000348e-03
1.914349164999999964e+00 6.181723099999999679e-03 3.080059999999999916e-04 1.000000000000000000e+00 5.747519999999999886e-03 5.881439999999999932e-03
1.914987280999999930e+00 6.607125800000000423e-03 3.153049999999999907e-04 1.000000000000000000e+00 6.045980000000000278e-03 6.187129999999999887e-03
1.915625609999999979e+00 7.019644099999999831e-03 3.237579999999999993e-04 1.000000000000000000e+00 6.401079999999999964e-03 6.550799999999999852e-03
1.916264152000000109e+00 7.370576299999999879e-03 3.322889999999999893e-04 1.000000000000000000e+00 6.768930000000000259e-03 6.927520000000000379e-03
1.916902907000000100e+00 7.630134000000000222e-03 3.399699999999999857e-04 1.000000000000000000e+00 7.107630000000000198e-03 7.274440000000000073e-03
1.917541874999999951e+00 7.794417700000000337e-03 3.462019999999999898e-04 1.000000000000000000e+00 7.386949999999999766e-03 7.560609999999999727e-03
1.918181055000000024e+00 7.885471899999999673e-03 3.508060000000000019e-04 1.000000000000000000e+00 7.595140000000000224e-03 7.774009999999999601e-03
1.918820449000000039e+00 7.943423099999999404e-03 3.540209999999999906e-04 1.000000000000000000e+00 7.740600000000000258e-03 7.923249999999999738e-03
1.919460055999999915e+00 8.012813500000000311e-03 3.563950000000000191e-04 1.000000000000000000e+00 7.847830000000000084e-03 8.033369999999999747e-03
1.920099876000000094e+00 8.127689400000000577e-03 3.586039999999999974e-04 1.000000000000000000e+00 7.948369999999999741e-03 8.136640000000000539e-03
1.920739908999999912e+00 8.300950600000000720e-03 3.612280000000000048e-04 1.000000000000000000e+00 8.070010000000000724e-03 8.261479999999999865e-03
1.921380155999999895e+00 8.521429699999999441e-03 3.645699999999999874e-04 1.000000000000000000e+00 8.227830000000000213e-03 8.423299999999999885e-03
1.922020615999999960e+00 8.759502500000000344e-03 3.685779999999999937e-04 1.000000000000000000e+00 8.420149999999999510e-03 8.620370000000000463e-03
1.922661289000000107e+00 8.977999400000000532e-03 3.728960000000000022e-04 1.000000000000000000e+00 8.630219999999999211e-03 8.835539999999999367e-03
1.923302175999999974e+00 9.144186500000000065e-03 3.770099999999999970e-04 1.000000000000000000e+00 8.832680000000000739e-03 9.042829999999999965e-03
1.923943277000000007e+00 9.238629099999999539e-03 3.804200000000000203e-04 1.000000000000000000e+00 9.001779999999999157e-03 9.215910000000000768e-03
1.924584591999999983e+00 9.258999199999999596e-03 3.827789999999999752e-04 1.000000000000000000e+00 9.118730000000000238e-03 9.335569999999999632e-03
1.925226120000000041e+00 9.218875799999999912e-03 3.839639999999999850e-04 1.000000000000000000e+00 9.176240000000000438e-03 9.394359999999999170e-03
1.925867862000000041e+00 9.143452999999999303e-03 3.840879999999999858e-04 1.000000000000000000e+00 9.179539999999999922e-03 9.397660000000000388e-03
1.926509817999999985e+00 9.063629599999999467e-03 3.834660000000000043e-04 1.000000000000000000e+00 9.144589999999999316e-03 9.361819999999999864e-03
1.927151988000000093e+00 9.010433499999999721e-03 3.825480000000000243e-04 1.000000000000000000e+00 9.094420000000000628e-03 9.310449999999999629e-03
1.927794371999999923e+00 9.010238999999999748e-03 3.818369999999999967e-04 1.000000000000000000e+00 9.054740000000000358e-03 9.269869999999999499e-03
1.928436969999999917e+00 9.081363300000000818e-03 3.818119999999999826e-04 1.000000000000000000e+00 9.049710000000000740e-03 9.264810000000000059e-03
1.929079782000000076e+00 9.232022100000000786e-03 3.828489999999999931e-04 1.000000000000000000e+00 9.098409999999999484e-03 9.314819999999999697e-03
1.929722809000000039e+00 9.459306500000000395e-03 3.851670000000000072e-04 1.000000000000000000e+00 9.212269999999999834e-03 9.431619999999999934e-03
1.930366049999999944e+00 9.749290600000000070e-03 3.887879999999999917e-04 1.000000000000000000e+00 9.393439999999999429e-03 9.617419999999999788e-03
1.931009505000000015e+00 1.007816100000000041e-02 3.935330000000000013e-04 1.000000000000000000e+00 9.634290000000000215e-03 9.864420000000000480e-03
1.931653174999999889e+00 1.041475000000000040e-02 3.990460000000000144e-04 1.000000000000000000e+00 9.917959999999999970e-03 1.015530000000000078e-02
1.932297058999999928e+00 1.072457800000000024e-02 4.048440000000000155e-04 1.000000000000000000e+00 1.022009999999999932e-02 1.046530000000000030e-02
1.932941157999999993e+00 1.097513599999999992e-02 4.103859999999999973e-04 1.000000000000000000e+00 1.051230000000000046e-02 1.076500000000000026e-02
1.933585472000000083e+00 1.114174799999999993e-02 4.151579999999999984e-04 1.000000000000000000e+00 1.076569999999999958e-02 1.102509999999999948e-02
1.934229999999999894e+00 1.121272799999999993e-02 4.187500000000000141e-04 1.000000000000000000e+00 1.095669999999999977e-02 1.122120000000000062e-02
1.934874744000000035e+00 1.119264300000000038e-02 4.209269999999999765e-04 1.000000000000000000e+00 1.107089999999999984e-02 1.133870000000000017e-02
1.935519701999999898e+00 1.110248599999999995e-02 4.216719999999999973e-04 1.000000000000000000e+00 1.110650000000000005e-02 1.137550000000000019e-02
1.936164875000000007e+00 1.097650099999999962e-02 4.212029999999999854e-04 1.000000000000000000e+00 1.107539999999999913e-02 1.134399999999999992e-02
1.936810264000000004e+00 1.085582900000000087e-02 4.199440000000000030e-04 1.000000000000000000e+00 1.100150000000000086e-02 1.126850000000000074e-02
1.937455866999999943e+00 1.078020099999999967e-02 4.184659999999999877e-04 1.000000000000000000e+00 1.091630000000000031e-02 1.118139999999999933e-02
1.938101685999999990e+00 1.077943999999999951e-02 4.173739999999999785e-04 1.000000000000000000e+00 1.085299999999999980e-02 1.111660000000000079e-02
1.938747720000000063e+00 1.086690199999999946e-02 4.171840000000000227e-04 1.000000000000000000e+00 1.083920000000000022e-02 1.110260000000000066e-02
1.939393968999999940e+00 1.103667499999999926e-02 4.182060000000000139e-04 1.000000000000000000e+00 1.089170000000000069e-02 1.115640000000000034e-02
1.940040433000000064e+00 1.126569699999999986e-02 4.204759999999999769e-04 1.000000000000000000e+00 1.101229999999999917e-02 1.128020000000000064e-02
1.940687113999999935e+00 1.152016900000000024e-02 4.237600000000000221e-04 1.000000000000000000e+00 1.118919999999999984e-02 1.146149999999999947e-02
1.941334008999999972e+00 1.176455700000000014e-02 4.276320000000000013e-04 1.000000000000000000e+00 1.139959999999999932e-02 1.167720000000000043e-02
1.941981120999999977e+00 1.197034599999999976e-02 4.315979999999999968e-04 1.000000000000000000e+00 1.161650000000000009e-02 1.189969999999999917e-02
1.942628448000000008e+00 1.212178899999999913e-02 4.352199999999999971e-04 1.000000000000000000e+00 1.181519999999999966e-02 1.210360000000000082e-02
1.943275990000000064e+00 1.221711299999999993e-02 4.382030000000000191e-04 1.000000000000000000e+00 1.197860000000000071e-02 1.227130000000000061e-02
1.943923749000000090e+00 1.226532900000000016e-02 4.404279999999999784e-04 1.000000000000000000e+00 1.209909999999999979e-02 1.239520000000000031e-02
1.944571724000000001e+00 1.228046900000000045e-02 4.419289999999999764e-04 1.000000000000000000e+00 1.217829999999999954e-02 1.247679999999999970e-02
1.945219913999999939e+00 1.227557299999999969e-02 4.428340000000000228e-04 1.000000000000000000e+00 1.222329999999999944e-02 1.252329999999999936e-02
1.945868321000000067e+00 1.225847199999999942e-02 4.432940000000000014e-04 1.000000000000000000e+00 1.224249999999999991e-02 1.254350000000000083e-02
1.946516944000000082e+00 1.223012300000000073e-02 4.434230000000000268e-04 1.000000000000000000e+00 1.224279999999999986e-02 1.254410000000000074e-02
1.947165782999999983e+00 1.218514700000000034e-02 4.432640000000000169e-04 1.000000000000000000e+00 1.222630000000000071e-02 1.252769999999999925e-02
1.947814837999999993e+00 1.211364900000000064e-02 4.427790000000000241e-04 1.000000000000000000e+00 1.219089999999999931e-02 1.249180000000000082e-02
1.948464109999999971e+00 1.200374899999999932e-02 4.418569999999999811e-04 1.000000000000000000e+00 1.213009999999999956e-02 1.243000000000000008e-02
1.949113598000000058e+00 1.184421800000000011e-02 4.403419999999999795e-04 1.000000000000000000e+00 1.203539999999999992e-02 1.233330000000000017e-02
1.949763302000000031e+00 1.162742999999999936e-02 4.380669999999999920e-04 1.000000000000000000e+00 1.189759999999999950e-02 1.219250000000000021e-02
1.950413222999999974e+00 1.135215799999999935e-02 4.348959999999999913e-04 1.000000000000000000e+00 1.170979999999999938e-02 1.200039999999999961e-02
1.951063361000000107e+00 1.102575899999999956e-02 4.307639999999999842e-04 1.000000000000000000e+00 1.146969999999999934e-02 1.175469999999999987e-02
1.951713714999999905e+00 1.066495400000000079e-02 4.257190000000000214e-04 1.000000000000000000e+00 1.118150000000000047e-02 1.145969999999999975e-02
1.952364286999999976e+00 1.029481500000000056e-02 4.199429999999999873e-04 1.000000000000000000e+00 1.085730000000000028e-02 1.112770000000000079e-02
1.953015074999999934e+00 9.945887599999999815e-03 4.137680000000000134e-04 1.000000000000000000e+00 1.051629999999999926e-02 1.077859999999999929e-02
1.953666080000000083e+00 9.650140399999999896e-03 4.076439999999999751e-04 1.000000000000000000e+00 1.018359999999999925e-02 1.043789999999999996e-02
1.954317301999999978e+00 9.436473199999999978e-03 4.021040000000000248e-04 1.000000000000000000e+00 9.886519999999999336e-03 1.013370000000000069e-02
1.954968741000000065e+00 9.326648700000000555e-03 3.976890000000000069e-04 1.000000000000000000e+00 9.651730000000000725e-03 9.893419999999999992e-03
1.955620396999999899e+00 9.332137399999999167e-03 3.948679999999999877e-04 1.000000000000000000e+00 9.501259999999999220e-03 9.739519999999999775e-03
1.956272271000000007e+00 9.452120300000000155e-03 3.939580000000000252e-04 1.000000000000000000e+00 9.449459999999999804e-03 9.686780000000000737e-03
1.956924361000000001e+00 9.673044699999999371e-03 3.950599999999999750e-04 1.000000000000000000e+00 9.500750000000000514e-03 9.739730000000000262e-03
1.957576669000000047e+00 9.969952400000000811e-03 3.980310000000000250e-04 1.000000000000000000e+00 9.648550000000000529e-03 9.891630000000000214e-03
1.958229194999999923e+00 1.030984799999999993e-02 4.025039999999999803e-04 1.000000000000000000e+00 9.875800000000000550e-03 1.012500000000000032e-02
1.958881937999999989e+00 1.065696200000000073e-02 4.079560000000000087e-04 1.000000000000000000e+00 1.015729999999999932e-02 1.041390000000000024e-02
1.959534899000000108e+00 1.097904700000000046e-02 4.138030000000000224e-04 1.000000000000000000e+00 1.046350000000000058e-02 1.072829999999999964e-02
1.960188076999999973e+00 1.125335000000000051e-02 4.195049999999999756e-04 1.000000000000000000e+00 1.076590000000000012e-02 1.103870000000000025e-02
1.960841472999999890e+00 1.147059700000000078e-02 4.246550000000000194e-04 1.000000000000000000e+00 1.104160000000000037e-02 1.132189999999999933e-02
1.961495087000000082e+00 1.163575700000000004e-02 4.290370000000000056e-04 1.000000000000000000e+00 1.127760000000000047e-02 1.156420000000000017e-02
1.962148919000000102e+00 1.176525599999999998e-02 4.326399999999999777e-04 1.000000000000000000e+00 1.147169999999999961e-02 1.176370000000000020e-02
1.962802968000000092e+00 1.188163300000000082e-02 4.356259999999999928e-04 1.000000000000000000e+00 1.163229999999999993e-02 1.192879999999999982e-02
1.963457235999999995e+00 1.200733200000000077e-02 4.382669999999999969e-04 1.000000000000000000e+00 1.177420000000000029e-02 1.207459999999999957e-02
1.964111721999999949e+00 1.215952799999999931e-02 4.408699999999999989e-04 1.000000000000000000e+00 1.191449999999999974e-02 1.221889999999999955e-02
1.964766425999999955e+00 1.234733799999999937e-02 4.437029999999999902e-04 1.000000000000000000e+00 1.206849999999999937e-02 1.237719999999999966e-02
1.965421348000000012e+00 1.257173500000000055e-02 4.469410000000000158e-04 1.000000000000000000e+00 1.224659999999999985e-02 1.256029999999999994e-02
1.966076487999999900e+00 1.282753699999999997e-02 4.506560000000000166e-04 1.000000000000000000e+00 1.245339999999999989e-02 1.277290000000000023e-02
1.966731846999999922e+00 1.310637400000000050e-02 4.548239999999999944e-04 1.000000000000000000e+00 1.268820000000000017e-02 1.301420000000000007e-02
1.967387423999999996e+00 1.339956100000000080e-02 4.593590000000000043e-04 1.000000000000000000e+00 1.294670000000000022e-02 1.327990000000000073e-02
1.968043219999999982e+00 1.370007200000000064e-02 4.641490000000000177e-04 1.000000000000000000e+00 1.322300000000000038e-02 1.356390000000000026e-02
1.968699234000000020e+00 1.400347199999999945e-02 4.690879999999999920e-04 1.000000000000000000e+00 1.351139999999999980e-02 1.386019999999999960e-02
1.969355468000000053e+00 1.430788799999999951e-02 4.740939999999999911e-04 1.000000000000000000e+00 1.380729999999999978e-02 1.416429999999999946e-02
1.970011919000000056e+00 1.461331100000000036e-02 4.791139999999999939e-04 1.000000000000000000e+00 1.410789999999999961e-02 1.447309999999999916e-02
1.970668590000000053e+00 1.492049800000000079e-02 4.841240000000000018e-04 1.000000000000000000e+00 1.441169999999999951e-02 1.478520000000000008e-02
1.971325479999999963e+00 1.522971499999999957e-02 4.891169999999999589e-04 1.000000000000000000e+00 1.471800000000000018e-02 1.509989999999999943e-02
1.971982587999999925e+00 1.553954800000000025e-02 4.940850000000000103e-04 1.000000000000000000e+00 1.502629999999999938e-02 1.541649999999999965e-02
1.972639916000000104e+00 1.584602400000000022e-02 4.990100000000000351e-04 1.000000000000000000e+00 1.533469999999999972e-02 1.573319999999999927e-02
1.973297461999999891e+00 1.614227400000000159e-02 5.038450000000000524e-04 1.000000000000000000e+00 1.563969999999999944e-02 1.604660000000000114e-02
1.973955227999999895e+00 1.641904599999999964e-02 5.085130000000000422e-04 1.000000000000000000e+00 1.593589999999999937e-02 1.635090000000000154e-02
1.974613213000000034e+00 1.666625299999999893e-02 5.129089999999999778e-04 1.000000000000000000e+00 1.621579999999999896e-02 1.663850000000000051e-02
1.975271417000000085e+00 1.687529200000000007e-02 5.169169999999999841e-04 1.000000000000000000e+00 1.647130000000000122e-02 1.690109999999999876e-02
1.975929840999999909e+00 1.704173100000000093e-02 5.204310000000000186e-04 1.000000000000000000e+00 1.669500000000000151e-02 1.713109999999999980e-02
1.976588484999999951e+00 1.716739999999999933e-02 5.233889999999999723e-04 1.000000000000000000e+00 1.688270000000000048e-02 1.732409999999999853e-02
1.977247347000000044e+00 1.726094900000000112e-02 5.257940000000000010e-04 1.000000000000000000e+00 1.703429999999999875e-02 1.747999999999999901e-02
1.977906429999999993e+00 1.733629700000000051e-02 5.277230000000000159e-04 1.000000000000000000e+00 1.715519999999999892e-02 1.760429999999999981e-02
1.978565732000000077e+00 1.740906799999999977e-02 5.293210000000000233e-04 1.000000000000000000e+00 1.725509999999999891e-02 1.770700000000000052e-02
1.979225253999999934e+00 1.749213900000000030e-02 5.307620000000000523e-04 1.000000000000000000e+00 1.734559999999999921e-02 1.779999999999999985e-02
1.979884996000000008e+00 1.759174800000000080e-02 5.322060000000000202e-04 1.000000000000000000e+00 1.743710000000000052e-02 1.789400000000000018e-02
1.980544956999999995e+00 1.770567099999999922e-02 5.337539999999999993e-04 1.000000000000000000e+00 1.753609999999999891e-02 1.799569999999999989e-02
1.981205139000000059e+00 1.782415799999999967e-02 5.354210000000000089e-04 1.000000000000000000e+00 1.764309999999999837e-02 1.810579999999999828e-02
1.981865540999999897e+00 1.793333500000000164e-02 5.371389999999999542e-04 1.000000000000000000e+00 1.775300000000000142e-02 1.821889999999999968e-02
1.982526162999999952e+00 1.801973800000000042e-02 5.387779999999999566e-04 1.000000000000000000e+00 1.785679999999999906e-02 1.832589999999999913e-02
1.983187005000000003e+00 1.807445099999999832e-02 5.401950000000000415e-04 1.000000000000000000e+00 1.794449999999999865e-02 1.841649999999999884e-02
1.983848067000000048e+00 1.809546500000000155e-02 5.412769999999999474e-04 1.000000000000000000e+00 1.800859999999999961e-02 1.848280000000000062e-02
1.984509349999999950e+00 1.808774100000000093e-02 5.419710000000000326e-04 1.000000000000000000e+00 1.804580000000000073e-02 1.852159999999999918e-02
1.985170853000000069e+00 1.806126300000000101e-02 5.422979999999999771e-04 1.000000000000000000e+00 1.805779999999999885e-02 1.853449999999999889e-02
1.985832575999999960e+00 1.802796900000000133e-02 5.423410000000000036e-04 1.000000000000000000e+00 1.805079999999999879e-02 1.852780000000000052e-02
1.986494521000000013e+00 1.799856999999999846e-02 5.422180000000000185e-04 1.000000000000000000e+00 1.803300000000000042e-02 1.850999999999999868e-02
1.987156684999999978e+00 1.798005800000000015e-02 5.420499999999999754e-04 1.000000000000000000e+00 1.801300000000000123e-02 1.848990000000000009e-02
1.987819071000000104e+00 1.797428200000000115e-02 5.419360000000000236e-04 1.000000000000000000e+00 1.799709999999999852e-02 1.847400000000000084e-02
1.988481677000000003e+00 1.797740499999999839e-02 5.419220000000000200e-04 1.000000000000000000e+00 1.798829999999999874e-02 1.846539999999999987e-02
1.989144505000000063e+00 1.798009899999999939e-02 5.419920000000000380e-04 1.000000000000000000e+00 1.798500000000000099e-02 1.846249999999999974e-02
1.989807552999999896e+00 1.796814299999999892e-02 5.420619999999999475e-04 1.000000000000000000e+00 1.798090000000000105e-02 1.845890000000000031e-02
1.990470822000000028e+00 1.792343399999999851e-02 5.419799999999999575e-04 1.000000000000000000e+00 1.796530000000000002e-02 1.844360000000000097e-02
1.991134312000000017e+00 1.782543500000000058e-02 5.415349999999999981e-04 1.000000000000000000e+00 1.792370000000000074e-02 1.840170000000000000e-02
1.991798023999999945e+00 1.765308399999999944e-02 5.404690000000000188e-04 1.000000000000000000e+00 1.783879999999999841e-02 1.831539999999999904e-02
1.992461956000000090e+00 1.738709299999999930e-02 5.385019999999999477e-04 1.000000000000000000e+00 1.769209999999999880e-02 1.816550000000000109e-02
1.993126109999999951e+00 1.701230499999999840e-02 5.353509999999999909e-04 1.000000000000000000e+00 1.746549999999999839e-02 1.793379999999999974e-02
1.993790485999999973e+00 1.651976800000000065e-02 5.307610000000000366e-04 1.000000000000000000e+00 1.714399999999999952e-02 1.760439999999999922e-02
1.994455081999999990e+00 1.590822999999999890e-02 5.245280000000000168e-04 1.000000000000000000e+00 1.671670000000000100e-02 1.716639999999999833e-02
1.995119901000000029e+00 1.518484099999999927e-02 5.165169999999999744e-04 1.000000000000000000e+00 1.617930000000000063e-02 1.661520000000000011e-02
1.995784940999999924e+00 1.436504199999999974e-02 5.066839999999999756e-04 1.000000000000000000e+00 1.553440000000000029e-02 1.595339999999999953e-02
1.996450201999999896e+00 1.347159099999999977e-02 4.950830000000000031e-04 1.000000000000000000e+00 1.479220000000000014e-02 1.519159999999999955e-02
1.997115685999999890e+00 1.253294500000000020e-02 4.818700000000000197e-04 1.000000000000000000e+00 1.396979999999999923e-02 1.434739999999999974e-02
1.997781390999999962e+00 1.158110499999999952e-02 4.673060000000000148e-04 1.000000000000000000e+00 1.309060000000000085e-02 1.344470000000000040e-02
1.998447317999999973e+00 1.064931499999999948e-02 4.517459999999999943e-04 1.000000000000000000e+00 1.218220000000000067e-02 1.251180000000000000e-02
1.999113466999999922e+00 9.769927600000000503e-03 4.356340000000000104e-04 1.000000000000000000e+00 1.127449999999999980e-02 1.157970000000000006e-02
1.999779838000000032e+00 8.972694300000000345e-03 4.194860000000000017e-04 1.000000000000000000e+00 1.039819999999999980e-02 1.067970000000000030e-02
2.000446431999999941e+00 8.283502599999999216e-03 4.038770000000000229e-04 1.000000000000000000e+00 9.582620000000000027e-03 9.842099999999999460e-03
2.001113247000000150e+00 7.723455899999999603e-03 3.894179999999999907e-04 1.000000000000000000e+00 8.854539999999999286e-03 9.094359999999999250e-03
2.001780285000000159e+00 7.308005999999999704e-03 3.767229999999999776e-04 1.000000000000000000e+00 8.236840000000000481e-03 8.460010000000000446e-03
2.002447544999999884e+00 7.045892599999999985e-03 3.663660000000000224e-04 1.000000000000000000e+00 7.747500000000000046e-03 7.957519999999999177e-03
2.003115027999999853e+00 6.937822500000000343e-03 3.588129999999999814e-04 1.000000000000000000e+00 7.398420000000000170e-03 7.599100000000000125e-03
2.003782732999999983e+00 6.975030800000000392e-03 3.543490000000000051e-04 1.000000000000000000e+00 7.194149999999999850e-03 7.389470000000000413e-03
2.004450659999999829e+00 7.138220600000000013e-03 3.530040000000000239e-04 1.000000000000000000e+00 7.130680000000000351e-03 7.324469999999999592e-03
2.005118809999999918e+00 7.397594000000000392e-03 3.545140000000000010e-04 1.000000000000000000e+00 7.194459999999999744e-03 7.390189999999999607e-03
2.005787182999999807e+00 7.714689500000000005e-03 3.583349999999999903e-04 1.000000000000000000e+00 7.362340000000000204e-03 7.562860000000000242e-03
2.006455778999999939e+00 8.046470899999999885e-03 3.637129999999999920e-04 1.000000000000000000e+00 7.602929999999999931e-03 7.810229999999999603e-03
2.007124597999999871e+00 8.351306600000000385e-03 3.697989999999999741e-04 1.000000000000000000e+00 7.879650000000000196e-03 8.094719999999999693e-03
2.007793638999999963e+00 8.595667200000000480e-03 3.757750000000000131e-04 1.000000000000000000e+00 8.155350000000000446e-03 8.378139999999999199e-03
2.008462903999999938e+00 8.759802299999999362e-03 3.809729999999999996e-04 1.000000000000000000e+00 8.397689999999999322e-03 8.627279999999999324e-03
2.009132391000000073e+00 8.840618499999999477e-03 3.849549999999999760e-04 1.000000000000000000e+00 8.583999999999999617e-03 8.818869999999999487e-03
2.009802102000000090e+00 8.850821800000000308e-03 3.875560000000000008e-04 1.000000000000000000e+00 8.704460000000000669e-03 8.942800000000000749e-03
2.010472035999999907e+00 8.814698799999999557e-03 3.888709999999999975e-04 1.000000000000000000e+00 8.762459999999999694e-03 9.002589999999999551e-03
2.011142194000000050e+00 8.761917799999999548e-03 3.892069999999999753e-04 1.000000000000000000e+00 8.772449999999999345e-03 9.013079999999999703e-03
2.011812573999999909e+00 8.721441300000000452e-03 3.890009999999999844e-04 1.000000000000000000e+00 8.755829999999999169e-03 8.996260000000000714e-03
2.012483178000000095e+00 8.717129299999999345e-03 3.887370000000000018e-04 1.000000000000000000e+00 8.736320000000000544e-03 8.976519999999999985e-03
2.013154006000000162e+00 8.765817900000000273e-03 3.888669999999999887e-04 1.000000000000000000e+00 8.736050000000000412e-03 8.976579999999999629e-03
2.013825058000000112e+00 8.877446500000000379e-03 3.897570000000000158e-04 1.000000000000000000e+00 8.773029999999999370e-03 9.014930000000000859e-03
2.014496332999999861e+00 9.056333600000000816e-03 3.916659999999999868e-04 1.000000000000000000e+00 8.860150000000000664e-03 9.104809999999999640e-03
2.015167830999999854e+00 9.302607799999999469e-03 3.947399999999999781e-04 1.000000000000000000e+00 9.005300000000000804e-03 9.254319999999999907e-03
2.015839553999999811e+00 9.613249199999999994e-03 3.990260000000000248e-04 1.000000000000000000e+00 9.211999999999999703e-03 9.467089999999999186e-03
2.016511500000000012e+00 9.982734700000000724e-03 4.044909999999999868e-04 1.000000000000000000e+00 9.480149999999999688e-03 9.742989999999999984e-03
2.017183671000000178e+00 1.040351800000000049e-02 4.110310000000000157e-04 1.000000000000000000e+00 9.806620000000000267e-03 1.007890000000000001e-02
2.017856065000000143e+00 1.086662099999999992e-02 4.184969999999999879e-04 1.000000000000000000e+00 1.018600000000000061e-02 1.046910000000000028e-02
2.018528684000000073e+00 1.136229400000000021e-02 4.267089999999999967e-04 1.000000000000000000e+00 1.061100000000000064e-02 1.090630000000000072e-02
2.019201526999999885e+00 1.188061800000000078e-02 4.354739999999999848e-04 1.000000000000000000e+00 1.107329999999999946e-02 1.138190000000000035e-02
2.019874594000000023e+00 1.241188399999999976e-02 4.445970000000000260e-04 1.000000000000000000e+00 1.156399999999999963e-02 1.188679999999999945e-02
2.020547886000000126e+00 1.294675900000000039e-02 4.538909999999999950e-04 1.000000000000000000e+00 1.207410000000000080e-02 1.241160000000000006e-02
2.021221402000000111e+00 1.347634399999999948e-02 4.631840000000000024e-04 1.000000000000000000e+00 1.259449999999999979e-02 1.294700000000000017e-02
2.021895141999999979e+00 1.399234199999999963e-02 4.723209999999999930e-04 1.000000000000000000e+00 1.311640000000000028e-02 1.348399999999999946e-02
2.022569106999999811e+00 1.448737200000000010e-02 4.811640000000000166e-04 1.000000000000000000e+00 1.363140000000000011e-02 1.401379999999999987e-02
2.023243297000000052e+00 1.495535899999999967e-02 4.895989999999999587e-04 1.000000000000000000e+00 1.413170000000000051e-02 1.452849999999999975e-02
2.023917711000000175e+00 1.539183400000000007e-02 4.975360000000000286e-04 1.000000000000000000e+00 1.461070000000000077e-02 1.502120000000000018e-02
2.024592350999999901e+00 1.579401100000000016e-02 5.049149999999999862e-04 1.000000000000000000e+00 1.506279999999999945e-02 1.548629999999999972e-02
2.025267214999999954e+00 1.616060600000000097e-02 5.117019999999999468e-04 1.000000000000000000e+00 1.548410000000000064e-02 1.591959999999999903e-02
2.025942303999999972e+00 1.649147000000000113e-02 5.178859999999999540e-04 1.000000000000000000e+00 1.587200000000000069e-02 1.631869999999999848e-02
2.026617617999999954e+00 1.678715399999999858e-02 5.234750000000000254e-04 1.000000000000000000e+00 1.622540000000000093e-02 1.668220000000000119e-02
2.027293156999999901e+00 1.704855900000000132e-02 5.284880000000000263e-04 1.000000000000000000e+00 1.654380000000000087e-02 1.700990000000000141e-02
2.027968921999999896e+00 1.727670099999999848e-02 5.329490000000000095e-04 1.000000000000000000e+00 1.682780000000000040e-02 1.730220000000000022e-02
2.028644911000000217e+00 1.747268700000000063e-02 5.368839999999999507e-04 1.000000000000000000e+00 1.707799999999999943e-02 1.755989999999999981e-02
2.029321126000000142e+00 1.763784499999999922e-02 5.403180000000000266e-04 1.000000000000000000e+00 1.729560000000000125e-02 1.778410000000000060e-02
2.029997566000000031e+00 1.777391399999999830e-02 5.432780000000000118e-04 1.000000000000000000e+00 1.748190000000000160e-02 1.797620000000000121e-02
2.030674231999999968e+00 1.788317700000000010e-02 5.457920000000000219e-04 1.000000000000000000e+00 1.763870000000000021e-02 1.813800000000000134e-02
2.031351123999999952e+00 1.796841399999999853e-02 5.478930000000000345e-04 1.000000000000000000e+00 1.776799999999999907e-02 1.827149999999999955e-02
2.032028240999999902e+00 1.803264599999999940e-02 5.496179999999999816e-04 1.000000000000000000e+00 1.787230000000000069e-02 1.837919999999999832e-02
2.032705583999999899e+00 1.807874799999999865e-02 5.510079999999999666e-04 1.000000000000000000e+00 1.795410000000000061e-02 1.846389999999999837e-02
2.033383151999999860e+00 1.810906600000000005e-02 5.521000000000000300e-04 1.000000000000000000e+00 1.801600000000000076e-02 1.852820000000000161e-02
2.034060945999999870e+00 1.812523099999999859e-02 5.529299999999999797e-04 1.000000000000000000e+00 1.806040000000000076e-02 1.857450000000000073e-02
2.034738967000000009e+00 1.812824700000000011e-02 5.535240000000000082e-04 1.000000000000000000e+00 1.808910000000000032e-02 1.860449999999999951e-02
2.035417213000000114e+00 1.811881599999999939e-02 5.539019999999999968e-04 1.000000000000000000e+00 1.810350000000000154e-02 1.861979999999999885e-02
2.036095685999999905e+00 1.809782899999999931e-02 5.540799999999999805e-04 1.000000000000000000e+00 1.810459999999999847e-02 1.862149999999999916e-02
2.036774384000000104e+00 1.806675400000000084e-02 5.540739999999999945e-04 1.000000000000000000e+00 1.809360000000000135e-02 1.861070000000000085e-02
2.037453308999999990e+00 1.802780500000000091e-02 5.539019999999999968e-04 1.000000000000000000e+00 1.807189999999999838e-02 1.858889999999999848e-02
2.038132459999999924e+00 1.798375500000000057e-02 5.535950000000000419e-04 1.000000000000000000e+00 1.804139999999999910e-02 1.855789999999999870e-02
2.038811836999999905e+00 1.793742300000000095e-02 5.531870000000000146e-04 1.000000000000000000e+00 1.800430000000000086e-02 1.852020000000000055e-02
2.039491441000000016e+00 1.789087899999999842e-02 5.527149999999999555e-04 1.000000000000000000e+00 1.796290000000000039e-02 1.847820000000000018e-02
2.040171271999999814e+00 1.784459600000000076e-02 5.522100000000000272e-04 1.000000000000000000e+00 1.791910000000000031e-02 1.843370000000000078e-02
2.040851329000000103e+00 1.779671999999999851e-02 5.516850000000000009e-04 1.000000000000000000e+00 1.787369999999999931e-02 1.838760000000000047e-02
2.041531613000000078e+00 1.774263599999999913e-02 5.511249999999999656e-04 1.000000000000000000e+00 1.782560000000000047e-02 1.833879999999999885e-02
2.042212123000000101e+00 1.767500500000000058e-02 5.504820000000000329e-04 1.000000000000000000e+00 1.777159999999999851e-02 1.828389999999999876e-02
2.042892860999999893e+00 1.758438500000000099e-02 5.496709999999999487e-04 1.000000000000000000e+00 1.770599999999999952e-02 1.821709999999999996e-02
2.043573825000000177e+00 1.746043200000000142e-02 5.485779999999999780e-04 1.000000000000000000e+00 1.762129999999999946e-02 1.813060000000000019e-02
2.044255016000000147e+00 1.729356799999999875e-02 5.470679999999999467e-04 1.000000000000000000e+00 1.750869999999999857e-02 1.801550000000000026e-02
2.044936434999999886e+00 1.707683800000000043e-02 5.450090000000000533e-04 1.000000000000000000e+00 1.735990000000000102e-02 1.786290000000000100e-02
2.045618080000000116e+00 1.680755399999999886e-02 5.422870000000000208e-04 1.000000000000000000e+00 1.716780000000000042e-02 1.766579999999999886e-02
2.046299953000000116e+00 1.648830899999999960e-02 5.388329999999999552e-04 1.000000000000000000e+00 1.692899999999999960e-02 1.742049999999999849e-02
2.046982052999999802e+00 1.612707799999999955e-02 5.346370000000000245e-04 1.000000000000000000e+00 1.664380000000000026e-02 1.712740000000000096e-02
2.047664380000000062e+00 1.573639300000000130e-02 5.297519999999999790e-04 1.000000000000000000e+00 1.631710000000000105e-02 1.679160000000000028e-02
2.048346935000000091e+00 1.533181800000000053e-02 5.243020000000000362e-04 1.000000000000000000e+00 1.595809999999999937e-02 1.642249999999999960e-02
2.049029716999999806e+00 1.493012999999999979e-02 5.184639999999999475e-04 1.000000000000000000e+00 1.557910000000000024e-02 1.603270000000000042e-02
2.049712727000000179e+00 1.454769900000000074e-02 5.124529999999999537e-04 1.000000000000000000e+00 1.519410000000000031e-02 1.563679999999999931e-02
2.050395964999999876e+00 1.419939599999999955e-02 5.065080000000000233e-04 1.000000000000000000e+00 1.481820000000000012e-02 1.525020000000000021e-02
2.051079430000000148e+00 1.389814600000000011e-02 5.008690000000000321e-04 1.000000000000000000e+00 1.446549999999999919e-02 1.488760000000000083e-02
2.051763123000000189e+00 1.365498700000000037e-02 4.957730000000000253e-04 1.000000000000000000e+00 1.414930000000000007e-02 1.456260000000000020e-02
2.052447043999999998e+00 1.347926099999999933e-02 4.914389999999999818e-04 1.000000000000000000e+00 1.388140000000000034e-02 1.428729999999999931e-02
2.053131193000000021e+00 1.337845200000000075e-02 4.880679999999999762e-04 1.000000000000000000e+00 1.367209999999999953e-02 1.407240000000000053e-02
2.053815569999999813e+00 1.335733100000000007e-02 4.858279999999999977e-04 1.000000000000000000e+00 1.352989999999999922e-02 1.392670000000000019e-02
2.054500174999999818e+00 1.341635899999999923e-02 4.848389999999999840e-04 1.000000000000000000e+00 1.346070000000000079e-02 1.385609999999999967e-02
2.055185009000000118e+00 1.354977100000000038e-02 4.851449999999999773e-04 1.000000000000000000e+00 1.346669999999999985e-02 1.386300000000000032e-02
2.055870070000000105e+00 1.374413300000000039e-02 4.866879999999999861e-04 1.000000000000000000e+00 1.354479999999999920e-02 1.394429999999999975e-02
2.056555361000000026e+00 1.397830499999999990e-02 4.892899999999999723e-04 1.000000000000000000e+00 1.368570000000000030e-02 1.409009999999999950e-02
2.057240879000000078e+00 1.422538999999999922e-02 4.926540000000000303e-04 1.000000000000000000e+00 1.387299999999999991e-02 1.428369999999999987e-02
2.057926625999999981e+00 1.445663500000000067e-02 4.963979999999999998e-04 1.000000000000000000e+00 1.408520000000000084e-02 1.450279999999999972e-02
2.058612601000000097e+00 1.464646200000000072e-02 5.001030000000000059e-04 1.000000000000000000e+00 1.429779999999999940e-02 1.472230000000000066e-02
2.059298806000000148e+00 1.477726000000000040e-02 5.033849999999999653e-04 1.000000000000000000e+00 1.448750000000000038e-02 1.491800000000000070e-02
2.059985238999999968e+00 1.484250699999999958e-02 5.059529999999999583e-04 1.000000000000000000e+00 1.463579999999999916e-02 1.507110000000000047e-02
2.060671900000000001e+00 1.484726299999999943e-02 5.076539999999999612e-04 1.000000000000000000e+00 1.473239999999999966e-02 1.517089999999999932e-02
2.061358790999999968e+00 1.480595699999999980e-02 5.084850000000000350e-04 1.000000000000000000e+00 1.477619999999999975e-02 1.521630000000000031e-02
2.062045910999999787e+00 1.473823399999999936e-02 5.085759999999999500e-04 1.000000000000000000e+00 1.477430000000000063e-02 1.521480000000000055e-02
2.062733258999999819e+00 1.466424700000000005e-02 5.081499999999999646e-04 1.000000000000000000e+00 1.474010000000000077e-02 1.518000000000000078e-02
2.063420836999999786e+00 1.460079799999999990e-02 5.074670000000000526e-04 1.000000000000000000e+00 1.468930000000000062e-02 1.512810000000000023e-02
2.064108644000000048e+00 1.455927800000000015e-02 5.067749999999999989e-04 1.000000000000000000e+00 1.463700000000000070e-02 1.507490000000000045e-02
2.064796680000000162e+00 1.454558700000000045e-02 5.062719999999999937e-04 1.000000000000000000e+00 1.459539999999999969e-02 1.503280000000000068e-02
2.065484946000000210e+00 1.456153999999999955e-02 5.060940000000000100e-04 1.000000000000000000e+00 1.457310000000000029e-02 1.501040000000000013e-02
2.066173441000000111e+00 1.460681999999999953e-02 5.063150000000000202e-04 1.000000000000000000e+00 1.457480000000000060e-02 1.501300000000000030e-02
2.066862164999999862e+00 1.468061199999999913e-02 5.069710000000000492e-04 1.000000000000000000e+00 1.460310000000000080e-02 1.504280000000000027e-02
2.067551118999999993e+00 1.478233399999999940e-02 5.080710000000000217e-04 1.000000000000000000e+00 1.465870000000000020e-02 1.510090000000000043e-02
2.068240303000000058e+00 1.491146699999999943e-02 5.096150000000000463e-04 1.000000000000000000e+00 1.474199999999999990e-02 1.518740000000000021e-02
2.068929715999999974e+00 1.506680500000000082e-02 5.115929999999999653e-04 1.000000000000000000e+00 1.485260000000000052e-02 1.530190000000000022e-02
2.069619359999999908e+00 1.524568999999999924e-02 5.139839999999999904e-04 1.000000000000000000e+00 1.498939999999999995e-02 1.544350000000000063e-02
2.070309233000000138e+00 1.544372200000000001e-02 5.167470000000000179e-04 1.000000000000000000e+00 1.515020000000000082e-02 1.560970000000000066e-02
2.070999335999999857e+00 1.565514200000000036e-02 5.198219999999999707e-04 1.000000000000000000e+00 1.533119999999999969e-02 1.579670000000000032e-02
2.071689668999999956e+00 1.587378000000000053e-02 5.231310000000000300e-04 1.000000000000000000e+00 1.552779999999999959e-02 1.599980000000000152e-02
2.072380231999999989e+00 1.609417999999999960e-02 5.265899999999999574e-04 1.000000000000000000e+00 1.573460000000000136e-02 1.621349999999999875e-02
2.073071026000000039e+00 1.631242800000000034e-02 5.301200000000000270e-04 1.000000000000000000e+00 1.594689999999999996e-02 1.643270000000000147e-02
2.073762048999999941e+00 1.652633599999999911e-02 5.336600000000000371e-04 1.000000000000000000e+00 1.616039999999999838e-02 1.665319999999999995e-02
2.074453302999999860e+00 1.673488999999999879e-02 5.371640000000000225e-04 1.000000000000000000e+00 1.637229999999999935e-02 1.687229999999999980e-02
2.075144787999999796e+00 1.693721999999999936e-02 5.406049999999999918e-04 1.000000000000000000e+00 1.658099999999999852e-02 1.708799999999999902e-02
2.075836503000000111e+00 1.713152399999999867e-02 5.439569999999999692e-04 1.000000000000000000e+00 1.678469999999999962e-02 1.729860000000000078e-02
2.076528447999999916e+00 1.731444199999999933e-02 5.471879999999999930e-04 1.000000000000000000e+00 1.698159999999999947e-02 1.750219999999999901e-02
2.077220624000000182e+00 1.748115700000000064e-02 5.502499999999999579e-04 1.000000000000000000e+00 1.716859999999999914e-02 1.769570000000000171e-02
2.077913031000000021e+00 1.762623300000000157e-02 5.530830000000000034e-04 1.000000000000000000e+00 1.734170000000000156e-02 1.787499999999999853e-02
2.078605668999999878e+00 1.774490499999999832e-02 5.556200000000000505e-04 1.000000000000000000e+00 1.749629999999999935e-02 1.803509999999999835e-02
2.079298537000000113e+00 1.783438999999999858e-02 5.577979999999999744e-04 1.000000000000000000e+00 1.762810000000000071e-02 1.817169999999999896e-02
2.079991637000000004e+00 1.789480400000000027e-02 5.595780000000000285e-04 1.000000000000000000e+00 1.773399999999999976e-02 1.828170000000000142e-02
2.080684966999999830e+00 1.792942499999999884e-02 5.609529999999999942e-04 1.000000000000000000e+00 1.781320000000000126e-02 1.836420000000000066e-02
2.081378529000000199e+00 1.794423200000000093e-02 5.619509999999999870e-04 1.000000000000000000e+00 1.786729999999999915e-02 1.842090000000000047e-02
2.082072322000000142e+00 1.794687999999999839e-02 5.626360000000000389e-04 1.000000000000000000e+00 1.790049999999999975e-02 1.845600000000000018e-02
2.082766346000000102e+00 1.794537100000000163e-02 5.630980000000000490e-04 1.000000000000000000e+00 1.791859999999999981e-02 1.847559999999999827e-02
2.083460601000000079e+00 1.794675100000000037e-02 5.634340000000000268e-04 1.000000000000000000e+00 1.792840000000000059e-02 1.848659999999999887e-02
2.084155088000000156e+00 1.795609800000000020e-02 5.637399999999999660e-04 1.000000000000000000e+00 1.793619999999999937e-02 1.849550000000000152e-02
2.084849806999999888e+00 1.797601199999999955e-02 5.640940000000000103e-04 1.000000000000000000e+00 1.794719999999999996e-02 1.850759999999999905e-02
2.085544757000000082e+00 1.800663699999999895e-02 5.645459999999999715e-04 1.000000000000000000e+00 1.796470000000000011e-02 1.852650000000000130e-02
2.086239937999999849e+00 1.804615299999999881e-02 5.651210000000000261e-04 1.000000000000000000e+00 1.799020000000000133e-02 1.855350000000000055e-02
2.086935351999999799e+00 1.809157000000000126e-02 5.658129999999999713e-04 1.000000000000000000e+00 1.802319999999999964e-02 1.858840000000000145e-02
2.087630997000000210e+00 1.813959100000000005e-02 5.666010000000000187e-04 1.000000000000000000e+00 1.806220000000000048e-02 1.862950000000000023e-02
2.088326873999999833e+00 1.818736899999999837e-02 5.674519999999999738e-04 1.000000000000000000e+00 1.810490000000000016e-02 1.867450000000000013e-02
2.089022983000000000e+00 1.823297299999999954e-02 5.683300000000000287e-04 1.000000000000000000e+00 1.814920000000000075e-02 1.872120000000000034e-02
2.089719323999999823e+00 1.827553499999999900e-02 5.692069999999999595e-04 1.000000000000000000e+00 1.819319999999999965e-02 1.876769999999999827e-02
2.090415897000000189e+00 1.831507599999999958e-02 5.700609999999999618e-04 1.000000000000000000e+00 1.823610000000000161e-02 1.881299999999999986e-02
2.091112702000000212e+00 1.835211299999999976e-02 5.708830000000000024e-04 1.000000000000000000e+00 1.827710000000000098e-02 1.885650000000000173e-02
2.091809739999999973e+00 1.838718500000000033e-02 5.716669999999999868e-04 1.000000000000000000e+00 1.831640000000000004e-02 1.889800000000000160e-02
2.092507009000000195e+00 1.842045000000000141e-02 5.724140000000000391e-04 1.000000000000000000e+00 1.835389999999999938e-02 1.893749999999999947e-02
2.093204511999999795e+00 1.845149399999999884e-02 5.731230000000000352e-04 1.000000000000000000e+00 1.838940000000000019e-02 1.897499999999999881e-02
2.093902246999999939e+00 1.847939300000000021e-02 5.737900000000000205e-04 1.000000000000000000e+00 1.842239999999999850e-02 1.900980000000000031e-02
2.094600214000000182e+00 1.850303000000000017e-02 5.744100000000000247e-04 1.000000000000000000e+00 1.845199999999999965e-02 1.904120000000000118e-02
2.095298414000000164e+00 1.852153299999999975e-02 5.749719999999999831e-04 1.000000000000000000e+00 1.847750000000000087e-02 1.906839999999999924e-02
2.095996846999999885e+00 1.853468499999999866e-02 5.754710000000000337e-04 1.000000000000000000e+00 1.849819999999999937e-02 1.909059999999999924e-02
2.096695512999999789e+00 1.854314599999999993e-02 5.759050000000000367e-04 1.000000000000000000e+00 1.851380000000000040e-02 1.910780000000000117e-02
2.097394410999999792e+00 1.854839399999999930e-02 5.762820000000000095e-04 1.000000000000000000e+00 1.852499999999999980e-02 1.912049999999999861e-02
2.098093543000000061e+00 1.855240699999999993e-02 5.766150000000000485e-04 1.000000000000000000e+00 1.853290000000000146e-02 1.912979999999999889e-02
2.098792906999999985e+00 1.855718300000000140e-02 5.769250000000000506e-04 1.000000000000000000e+00 1.853909999999999933e-02 1.913750000000000173e-02
2.099492505000000175e+00 1.856423800000000027e-02 5.772320000000000055e-04 1.000000000000000000e+00 1.854540000000000008e-02 1.914520000000000111e-02
2.100192336000000104e+00 1.857425399999999838e-02 5.775539999999999797e-04 1.000000000000000000e+00 1.855300000000000005e-02 1.915419999999999970e-02
2.100892400000000215e+00 1.858694600000000002e-02 5.778989999999999908e-04 1.000000000000000000e+00 1.856280000000000083e-02 1.916539999999999910e-02
2.101592697000000065e+00 1.860118800000000114e-02 5.782670000000000388e-04 1.000000000000000000e+00 1.857469999999999954e-02 1.917869999999999991e-02
2.102293228000000180e+00 1.861533099999999885e-02 5.786499999999999977e-04 1.000000000000000000e+00 1.858809999999999976e-02 1.919339999999999935e-02
2.102993992000000034e+00 1.862762600000000129e-02 5.790300000000000178e-04 1.000000000000000000e+00 1.860180000000000167e-02 1.920830000000000107e-02
2.103694990000000153e+00 1.863662799999999883e-02 5.793900000000000482e-04 1.000000000000000000e+00 1.861420000000000088e-02 1.922199999999999950e-02
2.104396222000000094e+00 1.864147999999999847e-02 5.797130000000000382e-04 1.000000000000000000e+00 1.862420000000000048e-02 1.923309999999999950e-02
2.105097687000000217e+00 1.864204100000000155e-02 5.799859999999999998e-04 1.000000000000000000e+00 1.863079999999999944e-02 1.924069999999999947e-02
2.105799386999999800e+00 1.863883200000000101e-02 5.802080000000000258e-04 1.000000000000000000e+00 1.863350000000000076e-02 1.924439999999999831e-02
2.106501320000000010e+00 1.863286399999999898e-02 5.803800000000000235e-04 1.000000000000000000e+00 1.863259999999999916e-02 1.924439999999999831e-02
2.107203487000000042e+00 1.862540299999999871e-02 5.805159999999999964e-04 1.000000000000000000e+00 1.862859999999999863e-02 1.924129999999999938e-02
2.107905887999999894e+00 1.861772600000000111e-02 5.806299999999999482e-04 1.000000000000000000e+00 1.862240000000000076e-02 1.923599999999999963e-02
2.108608523000000012e+00 1.861092199999999849e-02 5.807400000000000539e-04 1.000000000000000000e+00 1.861509999999999901e-02 1.922979999999999828e-02
2.109311393000000034e+00 1.860573800000000014e-02 5.808610000000000075e-04 1.000000000000000000e+00 1.860790000000000013e-02 1.922360000000000041e-02
2.110014496999999878e+00 1.860248899999999983e-02 5.810049999999999980e-04 1.000000000000000000e+00 1.860149999999999998e-02 1.921849999999999947e-02
2.110717834999999987e+00 1.860104099999999872e-02 5.811780000000000114e-04 1.000000000000000000e+00 1.859660000000000132e-02 1.921499999999999944e-02
2.111421406999999917e+00 1.860086700000000010e-02 5.813800000000000478e-04 1.000000000000000000e+00 1.859349999999999892e-02 1.921339999999999854e-02
2.112125214999999834e+00 1.860118599999999872e-02 5.816029999999999811e-04 1.000000000000000000e+00 1.859200000000000089e-02 1.921339999999999854e-02
2.112829255999999933e+00 1.860117099999999968e-02 5.818359999999999635e-04 1.000000000000000000e+00 1.859169999999999920e-02 1.921459999999999835e-02
2.113533533000000020e+00 1.860017699999999899e-02 5.820639999999999755e-04 1.000000000000000000e+00 1.859200000000000089e-02 1.921629999999999866e-02
2.114238043999999928e+00 1.859794799999999956e-02 5.822759999999999525e-04 1.000000000000000000e+00 1.859219999999999970e-02 1.921780000000000016e-02
2.114942790000000183e+00 1.859470100000000167e-02 5.824639999999999852e-04 1.000000000000000000e+00 1.859179999999999860e-02 1.921849999999999947e-02
2.115647770999999899e+00 1.859109100000000056e-02 5.826269999999999496e-04 1.000000000000000000e+00 1.859070000000000167e-02 1.921830000000000066e-02
2.116352986999999963e+00 1.858802400000000160e-02 5.827739999999999873e-04 1.000000000000000000e+00 1.858889999999999848e-02 1.921739999999999907e-02
2.117058437999999931e+00 1.858638599999999988e-02 5.829150000000000390e-04 1.000000000000000000e+00 1.858699999999999936e-02 1.921609999999999985e-02
2.117764123999999804e+00 1.858676299999999920e-02 5.830679999999999544e-04 1.000000000000000000e+00 1.858529999999999904e-02 1.921530000000000113e-02
2.118470045000000024e+00 1.858925399999999950e-02 5.832429999999999993e-04 1.000000000000000000e+00 1.858459999999999973e-02 1.921540000000000054e-02
2.119176201999999787e+00 1.859343100000000054e-02 5.834489999999999902e-04 1.000000000000000000e+00 1.858510000000000023e-02 1.921689999999999857e-02
2.119882593999999898e+00 1.859848000000000057e-02 5.836870000000000513e-04 1.000000000000000000e+00 1.858689999999999995e-02 1.921990000000000157e-02
2.120589221999999996e+00 1.860344300000000076e-02 5.839489999999999481e-04 1.000000000000000000e+00 1.858970000000000067e-02 1.922400000000000150e-02
2.121296084999999998e+00 1.860751600000000103e-02 5.842240000000000497e-04 1.000000000000000000e+00 1.859310000000000129e-02 1.922880000000000075e-02
2.122003182999999904e+00 1.861026799999999926e-02 5.844990000000000428e-04 1.000000000000000000e+00 1.859649999999999845e-02 1.923360000000000000e-02
2.122710517999999880e+00 1.861174999999999982e-02 5.847629999999999712e-04 1.000000000000000000e+00 1.859970000000000026e-02 1.923810000000000103e-02
2.123418088000000203e+00 1.861244999999999913e-02 5.850109999999999729e-04 1.000000000000000000e+00 1.860229999999999870e-02 1.924199999999999869e-02
2.124125894000000070e+00 1.861314600000000055e-02 5.852439999999999552e-04 1.000000000000000000e+00 1.860459999999999892e-02 1.924549999999999872e-02
2.124833935999999923e+00 1.861467699999999961e-02 5.854659999999999812e-04 1.000000000000000000e+00 1.860670000000000032e-02 1.924879999999999994e-02
2.125542214000000207e+00 1.861772000000000080e-02 5.856869999999999915e-04 1.000000000000000000e+00 1.860919999999999935e-02 1.925239999999999937e-02
2.126250728000000034e+00 1.862259900000000010e-02 5.859189999999999581e-04 1.000000000000000000e+00 1.861240000000000117e-02 1.925690000000000041e-02
2.126959477999999848e+00 1.862918100000000160e-02 5.861689999999999913e-04 1.000000000000000000e+00 1.861660000000000051e-02 1.926229999999999956e-02
2.127668465000000175e+00 1.863687799999999908e-02 5.864410000000000456e-04 1.000000000000000000e+00 1.862159999999999857e-02 1.926879999999999912e-02
2.128377688000000045e+00 1.864475700000000138e-02 5.867370000000000441e-04 1.000000000000000000e+00 1.862720000000000001e-02 1.927610000000000087e-02
2.129087146999999902e+00 1.865175200000000061e-02 5.870479999999999535e-04 1.000000000000000000e+00 1.863290000000000085e-02 1.928370000000000084e-02
2.129796842000000190e+00 1.865691200000000119e-02 5.873659999999999732e-04 1.000000000000000000e+00 1.863810000000000119e-02 1.929080000000000031e-02
2.130506775000000186e+00 1.865961400000000145e-02 5.876769999999999911e-04 1.000000000000000000e+00 1.864220000000000113e-02 1.929689999999999878e-02
2.131216944000000169e+00 1.865970600000000160e-02 5.879709999999999581e-04 1.000000000000000000e+00 1.864489999999999897e-02 1.930149999999999921e-02
2.131927349000000138e+00 1.865750700000000026e-02 5.882409999999999809e-04 1.000000000000000000e+00 1.864589999999999997e-02 1.930429999999999993e-02
2.132637991999999816e+00 1.865371500000000127e-02 5.884809999999999651e-04 1.000000000000000000e+00 1.864549999999999888e-02 1.930559999999999915e-02
2.133348870999999924e+00 1.864922100000000055e-02 5.886920000000000347e-04 1.000000000000000000e+00 1.864400000000000085e-02 1.930559999999999915e-02
2.134059987000000103e+00 1.864491500000000149e-02 5.888799999999999590e-04 1.000000000000000000e+00 1.864199999999999885e-02 1.930489999999999984e-02
2.134771340999999989e+00 1.864149400000000151e-02 5.890510000000000494e-04 1.000000000000000000e+00 1.864009999999999972e-02 1.930400000000000171e-02
2.135482930999999862e+00 1.863933599999999940e-02 5.892119999999999823e-04 1.000000000000000000e+00 1.863860000000000169e-02 1.930350000000000121e-02
2.136194758999999888e+00 1.863843800000000023e-02 5.893689999999999606e-04 1.000000000000000000e+00 1.863789999999999891e-02 1.930360000000000062e-02
2.136906823999999983e+00 1.863842300000000118e-02 5.895269999999999547e-04 1.000000000000000000e+00 1.863770000000000010e-02 1.930429999999999993e-02
2.137619126000000147e+00 1.863862700000000136e-02 5.896849999999999488e-04 1.000000000000000000e+00 1.863789999999999891e-02 1.930509999999999865e-02
2.138331666000000020e+00 1.863822899999999921e-02 5.898439999999999586e-04 1.000000000000000000e+00 1.863760000000000069e-02 1.930569999999999856e-02
2.139044442999999962e+00 1.863640399999999878e-02 5.900000000000000296e-04 1.000000000000000000e+00 1.863630000000000148e-02 1.930540000000000034e-02
2.139757458000000057e+00 1.863246500000000083e-02 5.901500000000000062e-04 1.000000000000000000e+00 1.863340000000000135e-02 1.930360000000000062e-02
2.140470710000000221e+00 1.862596500000000127e-02 5.902900000000000421e-04 1.000000000000000000e+00 1.862820000000000101e-02 1.929979999999999890e-02
2.141184200000000093e+00 1.861674400000000104e-02 5.904179999999999975e-04 1.000000000000000000e+00 1.862070000000000045e-02 1.929370000000000043e-02
2.141897929000000200e+00 1.860490999999999881e-02 5.905300000000000262e-04 1.000000000000000000e+00 1.861080000000000026e-02 1.928559999999999997e-02
2.142611894999999933e+00 1.859077300000000141e-02 5.906229999999999727e-04 1.000000000000000000e+00 1.859910000000000035e-02 1.927550000000000097e-02
2.143326098999999818e+00 1.857476699999999897e-02 5.906940000000000064e-04 1.000000000000000000e+00 1.858589999999999895e-02 1.926390000000000047e-02
2.144040540999999855e+00 1.855735400000000160e-02 5.907380000000000487e-04 1.000000000000000000e+00 1.857179999999999942e-02 1.925110000000000016e-02
2.144755221000000045e+00 1.853897100000000131e-02 5.907510000000000365e-04 1.000000000000000000e+00 1.855709999999999998e-02 1.923750000000000113e-02
2.145470138999999943e+00 1.852001199999999889e-02 5.907290000000000154e-04 1.000000000000000000e+00 1.854219999999999827e-02 1.922309999999999991e-02
2.146185296000000076e+00 1.850085200000000166e-02 5.906730000000000010e-04 1.000000000000000000e+00 1.852689999999999892e-02 1.920809999999999879e-02
2.146900690999999917e+00 1.848191199999999965e-02 5.905829999999999934e-04 1.000000000000000000e+00 1.851119999999999849e-02 1.919229999999999894e-02
2.147616323999999910e+00 1.846372599999999975e-02 5.904699999999999489e-04 1.000000000000000000e+00 1.849519999999999983e-02 1.917579999999999979e-02
2.148332197000000221e+00 1.844697299999999845e-02 5.903440000000000250e-04 1.000000000000000000e+00 1.847889999999999949e-02 1.915909999999999835e-02
2.149048307000000158e+00 1.843244499999999869e-02 5.902219999999999472e-04 1.000000000000000000e+00 1.846269999999999856e-02 1.914249999999999979e-02
2.149764656999999968e+00 1.842093800000000128e-02 5.901240000000000305e-04 1.000000000000000000e+00 1.844749999999999862e-02 1.912700000000000164e-02
2.150481244999999930e+00 1.841306100000000140e-02 5.900670000000000004e-04 1.000000000000000000e+00 1.843389999999999959e-02 1.911349999999999855e-02
2.151198072000000128e+00 1.840903199999999879e-02 5.900659999999999846e-04 1.000000000000000000e+00 1.842279999999999959e-02 1.910279999999999964e-02
2.151915138000000116e+00 1.840852100000000061e-02 5.901310000000000323e-04 1.000000000000000000e+00 1.841479999999999853e-02 1.909550000000000136e-02
2.152632442999999896e+00 1.841060300000000108e-02 5.902600000000000034e-04 1.000000000000000000e+00 1.840999999999999928e-02 1.909160000000000024e-02
2.153349986999999910e+00 1.841384299999999918e-02 5.904439999999999732e-04 1.000000000000000000e+00 1.840790000000000134e-02 1.909080000000000152e-02
2.154067770999999798e+00 1.841651399999999841e-02 5.906659999999999992e-04 1.000000000000000000e+00 1.840750000000000025e-02 1.909200000000000133e-02
2.154785792999999838e+00 1.841689999999999994e-02 5.909030000000000445e-04 1.000000000000000000e+00 1.840759999999999966e-02 1.909380000000000105e-02
2.155504055000000196e+00 1.841360800000000145e-02 5.911309999999999482e-04 1.000000000000000000e+00 1.840680000000000094e-02 1.909469999999999917e-02
2.156222555999999901e+00 1.840583100000000097e-02 5.913269999999999985e-04 1.000000000000000000e+00 1.840380000000000141e-02 1.909339999999999996e-02
2.156941296999999924e+00 1.839350799999999939e-02 5.914740000000000362e-04 1.000000000000000000e+00 1.839769999999999947e-02 1.908889999999999892e-02
2.157660277999999821e+00 1.837735299999999905e-02 5.915659999999999669e-04 1.000000000000000000e+00 1.838800000000000157e-02 1.908069999999999905e-02
2.158379497999999952e+00 1.835873400000000155e-02 5.916019999999999916e-04 1.000000000000000000e+00 1.837520000000000125e-02 1.906920000000000143e-02
2.159098957999999957e+00 1.833944900000000072e-02 5.915939999999999740e-04 1.000000000000000000e+00 1.835989999999999844e-02 1.905499999999999902e-02
2.159818657000000197e+00 1.832139600000000021e-02 5.915620000000000123e-04 1.000000000000000000e+00 1.834339999999999929e-02 1.903950000000000087e-02
2.160538596999999950e+00 1.830623699999999951e-02 5.915259999999999876e-04 1.000000000000000000e+00 1.832709999999999895e-02 1.902420000000000153e-02
2.161258775999999937e+00 1.829509899999999870e-02 5.915109999999999682e-04 1.000000000000000000e+00 1.831249999999999892e-02 1.901049999999999962e-02
2.161979195999999881e+00 1.828840899999999853e-02 5.915350000000000209e-04 1.000000000000000000e+00 1.830060000000000020e-02 1.899959999999999843e-02
2.162699856000000143e+00 1.828589099999999856e-02 5.916079999999999776e-04 1.000000000000000000e+00 1.829199999999999923e-02 1.899210000000000134e-02
2.163420755999999834e+00 1.828673899999999977e-02 5.917350000000000257e-04 1.000000000000000000e+00 1.828689999999999830e-02 1.898820000000000022e-02
2.164141895999999843e+00 1.828988800000000067e-02 5.919109999999999780e-04 1.000000000000000000e+00 1.828499999999999917e-02 1.898750000000000090e-02
2.164863276999999808e+00 1.829431100000000060e-02 5.921270000000000179e-04 1.000000000000000000e+00 1.828559999999999908e-02 1.898940000000000003e-02
2.165584898000000091e+00 1.829920399999999947e-02 5.923709999999999566e-04 1.000000000000000000e+00 1.828799999999999870e-02 1.899319999999999828e-02
2.166306758999999804e+00 1.830402999999999891e-02 5.926310000000000388e-04 1.000000000000000000e+00 1.829149999999999873e-02 1.899819999999999981e-02
2.167028862000000000e+00 1.830843999999999874e-02 5.928990000000000302e-04 1.000000000000000000e+00 1.829570000000000154e-02 1.900380000000000125e-02
2.167751205000000070e+00 1.831215200000000168e-02 5.931639999999999743e-04 1.000000000000000000e+00 1.830019999999999911e-02 1.900949999999999862e-02
2.168473788000000013e+00 1.831489299999999876e-02 5.934189999999999778e-04 1.000000000000000000e+00 1.830439999999999845e-02 1.901490000000000125e-02
2.169196612999999996e+00 1.831644300000000170e-02 5.936589999999999619e-04 1.000000000000000000e+00 1.830800000000000136e-02 1.901970000000000049e-02
2.169919677999999852e+00 1.831675799999999896e-02 5.938789999999999564e-04 1.000000000000000000e+00 1.831059999999999979e-02 1.902339999999999934e-02
2.170642985000000191e+00 1.831605099999999986e-02 5.940789999999999613e-04 1.000000000000000000e+00 1.831220000000000070e-02 1.902600000000000124e-02
2.171366533000000043e+00 1.831478599999999957e-02 5.942610000000000080e-04 1.000000000000000000e+00 1.831259999999999832e-02 1.902739999999999987e-02
2.172090321000000213e+00 1.831353100000000095e-02 5.944309999999999742e-04 1.000000000000000000e+00 1.831230000000000011e-02 1.902809999999999918e-02
2.172814352000000060e+00 1.831274600000000127e-02 5.945959999999999700e-04 1.000000000000000000e+00 1.831170000000000020e-02 1.902840000000000087e-02
2.173538622999999781e+00 1.831261500000000084e-02 5.947629999999999974e-04 1.000000000000000000e+00 1.831110000000000029e-02 1.902890000000000137e-02
2.174263135999999985e+00 1.831300400000000078e-02 5.949349999999999951e-04 1.000000000000000000e+00 1.831100000000000089e-02 1.902970000000000009e-02
2.174987890000000146e+00 1.831353100000000095e-02 5.951109999999999473e-04 1.000000000000000000e+00 1.831110000000000029e-02 1.903080000000000049e-02
2.175712885999999902e+00 1.831370300000000062e-02 5.952880000000000237e-04 1.000000000000000000e+00 1.831139999999999851e-02 1.903209999999999971e-02
2.176438124000000141e+00 1.831301200000000004e-02 5.954620000000000529e-04 1.000000000000000000e+00 1.831129999999999911e-02 1.903289999999999843e-02
2.177163602999999892e+00 1.831095900000000165e-02 5.956289999999999718e-04 1.000000000000000000e+00 1.831050000000000039e-02 1.903289999999999843e-02
2.177889324000000126e+00 1.830703900000000064e-02 5.957830000000000114e-04 1.000000000000000000e+00 1.830829999999999957e-02 1.903169999999999862e-02
2.178615288000000039e+00 1.830078300000000102e-02 5.959179999999999686e-04 1.000000000000000000e+00 1.830450000000000133e-02 1.902879999999999849e-02
2.179341492999999907e+00 1.829193100000000086e-02 5.960289999999999816e-04 1.000000000000000000e+00 1.829880000000000048e-02 1.902399999999999924e-02
2.180067939999999815e+00 1.828068799999999980e-02 5.961099999999999559e-04 1.000000000000000000e+00 1.829100000000000170e-02 1.901709999999999859e-02
2.180794629000000207e+00 1.826797900000000016e-02 5.961630000000000314e-04 1.000000000000000000e+00 1.828130000000000033e-02 1.900819999999999940e-02
2.181521560999999831e+00 1.825547199999999828e-02 5.961929999999999617e-04 1.000000000000000000e+00 1.827049999999999855e-02 1.899810000000000040e-02
2.182248734999999940e+00 1.824531999999999890e-02 5.962190000000000458e-04 1.000000000000000000e+00 1.825960000000000083e-02 1.898779999999999912e-02
2.182976151000000087e+00 1.823963199999999868e-02 5.962639999999999954e-04 1.000000000000000000e+00 1.825009999999999827e-02 1.897920000000000162e-02
2.183703808999999829e+00 1.823986699999999989e-02 5.963550000000000188e-04 1.000000000000000000e+00 1.824370000000000158e-02 1.897360000000000019e-02
2.184431711000000220e+00 1.824641499999999847e-02 5.965140000000000286e-04 1.000000000000000000e+00 1.824169999999999958e-02 1.897259999999999919e-02
2.185159855000000206e+00 1.825849400000000011e-02 5.967529999999999970e-04 1.000000000000000000e+00 1.824450000000000030e-02 1.897679999999999853e-02
2.185888240999999788e+00 1.827442899999999829e-02 5.970700000000000009e-04 1.000000000000000000e+00 1.825219999999999967e-02 1.898609999999999881e-02
2.186616871000000017e+00 1.829211099999999979e-02 5.974520000000000525e-04 1.000000000000000000e+00 1.826389999999999958e-02 1.899939999999999962e-02
2.187345742999999842e+00 1.830945499999999879e-02 5.978749999999999907e-04 1.000000000000000000e+00 1.827820000000000139e-02 1.901550000000000115e-02
2.188074857999999789e+00 1.832465100000000083e-02 5.983110000000000251e-04 1.000000000000000000e+00 1.829360000000000014e-02 1.903269999999999962e-02
2.188804216999999941e+00 1.833617499999999970e-02 5.987310000000000245e-04 1.000000000000000000e+00 1.830839999999999898e-02 1.904919999999999877e-02
2.189533818000000132e+00 1.834260999999999878e-02 5.991090000000000131e-04 1.000000000000000000e+00 1.832109999999999989e-02 1.906329999999999830e-02
2.190263663000000083e+00 1.834243299999999827e-02 5.994190000000000152e-04 1.000000000000000000e+00 1.832999999999999907e-02 1.907319999999999849e-02
2.190993750000000073e+00 1.833386000000000043e-02 5.996349999999999467e-04 1.000000000000000000e+00 1.833310000000000148e-02 1.907729999999999843e-02
2.191724081999999907e+00 1.831483299999999911e-02 5.997329999999999718e-04 1.000000000000000000e+00 1.832860000000000045e-02 1.907340000000000077e-02
2.192454655999999780e+00 1.828312299999999835e-02 5.996830000000000519e-04 1.000000000000000000e+00 1.831419999999999923e-02 1.905940000000000065e-02
2.193185474999999940e+00 1.823655799999999993e-02 5.994519999999999927e-04 1.000000000000000000e+00 1.828779999999999989e-02 1.903300000000000131e-02
2.193916536000000139e+00 1.817335000000000131e-02 5.990080000000000491e-04 1.000000000000000000e+00 1.824699999999999933e-02 1.899189999999999906e-02
2.194647842000000182e+00 1.809252100000000030e-02 5.983149999999999797e-04 1.000000000000000000e+00 1.819000000000000131e-02 1.893409999999999885e-02
2.195379390999999902e+00 1.799436700000000069e-02 5.973449999999999940e-04 1.000000000000000000e+00 1.811520000000000144e-02 1.885809999999999917e-02
2.196111183999999827e+00 1.788082499999999950e-02 5.960810000000000414e-04 1.000000000000000000e+00 1.802230000000000151e-02 1.876330000000000012e-02
2.196843220999999957e+00 1.775558400000000134e-02 5.945250000000000448e-04 1.000000000000000000e+00 1.791219999999999965e-02 1.865079999999999863e-02
2.197575501999999847e+00 1.762378599999999892e-02 5.927070000000000428e-04 1.000000000000000000e+00 1.778760000000000063e-02 1.852320000000000008e-02
2.198308028000000025e+00 1.749134999999999926e-02 5.906849999999999731e-04 1.000000000000000000e+00 1.765310000000000143e-02 1.838520000000000085e-02
2.199040796999999881e+00 1.736409800000000142e-02 5.885429999999999655e-04 1.000000000000000000e+00 1.751449999999999882e-02 1.824289999999999939e-02
2.199773811000000023e+00 1.724694900000000100e-02 5.863790000000000452e-04 1.000000000000000000e+00 1.737860000000000099e-02 1.810329999999999925e-02
