8.000000000000000444e-01 1.794128000000000042e-02 3.751429999999999826e-04 1.000000000000000000e+00 1.794060000000000099e-02 1.795479999999999993e-02
8.002666667000000178e-01 1.794235300000000116e-02 3.751019999999999875e-04 1.000000000000000000e+00 1.794159999999999852e-02 1.795570000000000152e-02
8.005334222000000111e-01 1.794364899999999902e-02 3.750219999999999747e-04 1.000000000000000000e+00 1.794269999999999893e-02 1.795690000000000133e-02
8.008002667000000407e-01 1.794520299999999985e-02 3.749649999999999988e-04 1.000000000000000000e+00 1.794420000000000043e-02 1.795829999999999996e-02
8.010672000999999876e-01 1.794704899999999964e-02 3.749269999999999968e-04 1.000000000000000000e+00 1.794590000000000074e-02 1.796009999999999968e-02
8.013342224999999708e-01 1.794920300000000038e-02 3.749049999999999757e-04 1.000000000000000000e+00 1.794789999999999927e-02 1.796210000000000168e-02
8.016013338999999904e-01 1.795166200000000017e-02 3.748949999999999809e-04 1.000000000000000000e+00 1.795019999999999949e-02 1.796439999999999843e-02
8.018685344000000548e-01 1.795440900000000103e-02 3.748949999999999809e-04 1.000000000000000000e+00 1.795280000000000140e-02 1.796700000000000033e-02
8.021358239000000445e-01 1.795741699999999982e-02 3.749029999999999984e-04 1.000000000000000000e+00 1.795570000000000152e-02 1.796990000000000046e-02
8.024032024999999679e-01 1.796066799999999908e-02 3.749150000000000247e-04 1.000000000000000000e+00 1.795880000000000046e-02 1.797299999999999939e-02
8.026706702000000471e-01 1.796416199999999880e-02 3.749320000000000213e-04 1.000000000000000000e+00 1.796210000000000168e-02 1.797630000000000061e-02
8.029382270999999571e-01 1.796791999999999834e-02 3.749509999999999952e-04 1.000000000000000000e+00 1.796560000000000171e-02 1.797980000000000064e-02
8.032058732000000312e-01 1.797197700000000009e-02 3.749730000000000164e-04 1.000000000000000000e+00 1.796939999999999996e-02 1.798349999999999949e-02
8.034736085000000472e-01 1.797637800000000119e-02 3.749989999999999921e-04 1.000000000000000000e+00 1.797340000000000049e-02 1.798759999999999942e-02
8.037414330000000051e-01 1.798115900000000003e-02 3.750269999999999992e-04 1.000000000000000000e+00 1.797779999999999864e-02 1.799200000000000105e-02
8.040093468000000243e-01 1.798633300000000018e-02 3.750590000000000152e-04 1.000000000000000000e+00 1.798260000000000136e-02 1.799670000000000089e-02
8.042773498999999937e-01 1.799188300000000018e-02 3.750930000000000084e-04 1.000000000000000000e+00 1.798790000000000111e-02 1.800190000000000123e-02
8.045454424000000326e-01 1.799774999999999986e-02 3.751289999999999790e-04 1.000000000000000000e+00 1.799349999999999908e-02 1.800759999999999861e-02
8.048136242000000218e-01 1.800384600000000043e-02 3.751669999999999810e-04 1.000000000000000000e+00 1.799960000000000102e-02 1.801360000000000114e-02
8.050818953999999694e-01 1.801005899999999840e-02 3.752040000000000214e-04 1.000000000000000000e+00 1.800589999999999830e-02 1.801989999999999842e-02
8.053502559999999866e-01 1.801627999999999910e-02 3.752389999999999762e-04 1.000000000000000000e+00 1.801250000000000073e-02 1.802650000000000086e-02
8.056187060999999705e-01 1.802241300000000102e-02 3.752709999999999922e-04 1.000000000000000000e+00 1.801919999999999911e-02 1.803309999999999982e-02
8.058872457000000322e-01 1.802839599999999862e-02 3.752979999999999836e-04 1.000000000000000000e+00 1.802580000000000154e-02 1.803969999999999879e-02
8.061558747999999497e-01 1.803420000000000023e-02 3.753200000000000047e-04 1.000000000000000000e+00 1.803230000000000111e-02 1.804619999999999835e-02
8.064245933999999449e-01 1.803983199999999870e-02 3.753359999999999856e-04 1.000000000000000000e+00 1.803859999999999839e-02 1.805249999999999910e-02
8.066934016000000263e-01 1.804532799999999937e-02 3.753469999999999962e-04 1.000000000000000000e+00 1.804479999999999973e-02 1.805860000000000104e-02
8.069622993999999716e-01 1.805075199999999977e-02 3.753529999999999822e-04 1.000000000000000000e+00 1.805090000000000167e-02 1.806460000000000010e-02
8.072312868000000030e-01 1.805618399999999943e-02 3.753539999999999980e-04 1.000000000000000000e+00 1.805690000000000073e-02 1.807059999999999916e-02
8.075003639000000177e-01 1.806170500000000081e-02 3.753499999999999892e-04 1.000000000000000000e+00 1.806309999999999860e-02 1.807670000000000110e-02
8.077695307000000158e-01 1.806738299999999936e-02 3.753410000000000101e-04 1.000000000000000000e+00 1.806929999999999994e-02 1.808279999999999957e-02
8.080387871999999971e-01 1.807324000000000083e-02 3.753280000000000223e-04 1.000000000000000000e+00 1.807570000000000010e-02 1.808919999999999972e-02
8.083081334999999701e-01 1.807923300000000011e-02 3.753110000000000257e-04 1.000000000000000000e+00 1.808229999999999907e-02 1.809559999999999988e-02
8.085775695000000374e-01 1.808523899999999948e-02 3.752900000000000203e-04 1.000000000000000000e+00 1.808879999999999863e-02 1.810209999999999944e-02
8.088470953999999935e-01 1.809104400000000057e-02 3.752650000000000061e-04 1.000000000000000000e+00 1.809509999999999938e-02 1.810830000000000078e-02
8.091167111000000522e-01 1.809636200000000125e-02 3.752359999999999832e-04 1.000000000000000000e+00 1.810089999999999963e-02 1.811400000000000163e-02
8.093864166999999998e-01 1.810085499999999903e-02 3.752040000000000214e-04 1.000000000000000000e+00 1.810590000000000116e-02 1.811890000000000028e-02
8.096562121000000500e-01 1.810415699999999919e-02 3.751669999999999810e-04 1.000000000000000000e+00 1.810979999999999882e-02 1.812269999999999853e-02
8.099260974999999974e-01 1.810591199999999831e-02 3.751259999999999859e-04 1.000000000000000000e+00 1.811219999999999844e-02 1.812510000000000163e-02
8.101960728999999528e-01 1.810578399999999977e-02 3.750790000000000048e-04 1.000000000000000000e+00 1.811300000000000063e-02 1.812580000000000094e-02
8.104661383000000274e-01 1.810347500000000082e-02 3.750250000000000220e-04 1.000000000000000000e+00 1.811190000000000022e-02 1.812450000000000172e-02
8.107362935999999909e-01 1.809872400000000006e-02 3.749599999999999743e-04 1.000000000000000000e+00 1.810859999999999900e-02 1.812120000000000050e-02
8.110065390999999790e-01 1.809129500000000029e-02 3.748830000000000088e-04 1.000000000000000000e+00 1.810310000000000044e-02 1.811559999999999906e-02
8.112768745999999753e-01 1.808098699999999975e-02 3.747900000000000081e-04 1.000000000000000000e+00 1.809509999999999938e-02 1.810760000000000147e-02
8.115473001999999880e-01 1.806762900000000172e-02 3.746760000000000021e-04 1.000000000000000000e+00 1.808469999999999869e-02 1.809710000000000138e-02
8.118178160000000254e-01 1.805109599999999911e-02 3.745379999999999977e-04 1.000000000000000000e+00 1.807160000000000016e-02 1.808389999999999997e-02
8.120884218999999682e-01 1.803135299999999996e-02 3.743719999999999860e-04 1.000000000000000000e+00 1.805580000000000032e-02 1.806800000000000073e-02
8.123591181000000550e-01 1.800846500000000128e-02 3.741749999999999742e-04 1.000000000000000000e+00 1.803710000000000035e-02 1.804930000000000076e-02
8.126299044000000471e-01 1.798262399999999914e-02 3.739440000000000233e-04 1.000000000000000000e+00 1.801550000000000026e-02 1.802760000000000126e-02
8.129007810999999695e-01 1.795412999999999870e-02 3.736810000000000023e-04 1.000000000000000000e+00 1.799109999999999945e-02 1.800310000000000105e-02
8.131717480000000275e-01 1.792335700000000087e-02 3.733869999999999811e-04 1.000000000000000000e+00 1.796410000000000021e-02 1.797589999999999952e-02
8.134428052000000076e-01 1.789069800000000002e-02 3.730660000000000226e-04 1.000000000000000000e+00 1.793459999999999846e-02 1.794629999999999836e-02
8.137139528000000288e-01 1.785654199999999955e-02 3.727229999999999888e-04 1.000000000000000000e+00 1.790299999999999878e-02 1.791459999999999927e-02
8.139851907999999803e-01 1.782127199999999911e-02 3.723609999999999811e-04 1.000000000000000000e+00 1.786990000000000106e-02 1.788129999999999928e-02
8.142565191999999730e-01 1.778532999999999850e-02 3.719850000000000240e-04 1.000000000000000000e+00 1.783560000000000006e-02 1.784689999999999888e-02
8.145279381000000152e-01 1.774932499999999982e-02 3.715969999999999863e-04 1.000000000000000000e+00 1.780069999999999916e-02 1.781189999999999857e-02
8.147994473999999876e-01 1.771418199999999846e-02 3.712009999999999854e-04 1.000000000000000000e+00 1.776619999999999935e-02 1.777710000000000054e-02
8.150710472000000095e-01 1.768126799999999998e-02 3.708040000000000229e-04 1.000000000000000000e+00 1.773289999999999936e-02 1.774370000000000114e-02
8.153427374999999699e-01 1.765244100000000135e-02 3.704129999999999923e-04 1.000000000000000000e+00 1.770249999999999949e-02 1.771299999999999958e-02
8.156145184999999964e-01 1.762996699999999986e-02 3.700399999999999740e-04 1.000000000000000000e+00 1.767670000000000005e-02 1.768679999999999905e-02
8.158863899999999614e-01 1.761627299999999827e-02 3.696990000000000259e-04 1.000000000000000000e+00 1.765759999999999899e-02 1.766739999999999977e-02
8.161583520999999841e-01 1.761355699999999844e-02 3.694079999999999976e-04 1.000000000000000000e+00 1.764749999999999999e-02 1.765689999999999968e-02
8.164304048999999619e-01 1.762333199999999850e-02 3.691799999999999856e-04 1.000000000000000000e+00 1.764809999999999990e-02 1.765709999999999849e-02
8.167025482999999975e-01 1.764603600000000036e-02 3.690260000000000003e-04 1.000000000000000000e+00 1.766070000000000140e-02 1.766929999999999890e-02
8.169747824999999963e-01 1.768081599999999851e-02 3.689519999999999736e-04 1.000000000000000000e+00 1.768520000000000161e-02 1.769329999999999861e-02
8.172471074999999585e-01 1.772556299999999974e-02 3.689550000000000208e-04 1.000000000000000000e+00 1.772030000000000133e-02 1.772790000000000130e-02
8.175195231999999868e-01 1.777719300000000016e-02 3.690279999999999776e-04 1.000000000000000000e+00 1.776360000000000092e-02 1.777060000000000098e-02
8.177920296999999783e-01 1.783212099999999939e-02 3.691619999999999732e-04 1.000000000000000000e+00 1.781160000000000035e-02 1.781819999999999932e-02
8.180646270000000442e-01 1.788677500000000059e-02 3.693440000000000199e-04 1.000000000000000000e+00 1.786070000000000019e-02 1.786690000000000153e-02
8.183373151999999706e-01 1.793805600000000083e-02 3.695670000000000075e-04 1.000000000000000000e+00 1.790730000000000099e-02 1.791330000000000006e-02
8.186100942999999797e-01 1.798362100000000172e-02 3.698269999999999813e-04 1.000000000000000000e+00 1.794859999999999858e-02 1.795439999999999883e-02
8.188829643999999686e-01 1.802194000000000018e-02 3.701210000000000025e-04 1.000000000000000000e+00 1.798280000000000017e-02 1.798860000000000042e-02
8.191559253000000318e-01 1.805211099999999916e-02 3.704480000000000012e-04 1.000000000000000000e+00 1.800900000000000070e-02 1.801480000000000095e-02
8.194289772999999721e-01 1.807351999999999917e-02 3.708060000000000002e-04 1.000000000000000000e+00 1.802720000000000017e-02 1.803329999999999864e-02
8.197021203000000034e-01 1.808544999999999944e-02 3.711829999999999730e-04 1.000000000000000000e+00 1.803789999999999907e-02 1.804429999999999923e-02
8.199753544000000227e-01 1.808681300000000020e-02 3.715600000000000001e-04 1.000000000000000000e+00 1.804129999999999970e-02 1.804820000000000035e-02
8.202486795000000219e-01 1.807612700000000086e-02 3.719050000000000112e-04 1.000000000000000000e+00 1.803729999999999917e-02 1.804460000000000092e-02
8.205220957000000093e-01 1.805181700000000125e-02 3.721789999999999886e-04 1.000000000000000000e+00 1.802499999999999936e-02 1.803290000000000101e-02
8.207956030999999930e-01 1.801285099999999986e-02 3.723399999999999757e-04 1.000000000000000000e+00 1.800300000000000164e-02 1.801149999999999973e-02
8.210692015999999649e-01 1.795953900000000006e-02 3.723539999999999793e-04 1.000000000000000000e+00 1.797030000000000155e-02 1.797930000000000014e-02
8.213428913000000442e-01 1.789428800000000125e-02 3.722040000000000027e-04 1.000000000000000000e+00 1.792629999999999918e-02 1.793590000000000115e-02
8.216166723000000172e-01 1.782199599999999967e-02 3.718969999999999936e-04 1.000000000000000000e+00 1.787249999999999950e-02 1.788249999999999909e-02
8.218905444999999865e-01 1.774980899999999834e-02 3.714689999999999767e-04 1.000000000000000000e+00 1.781210000000000085e-02 1.782250000000000154e-02
8.221645079999999606e-01 1.768613499999999866e-02 3.709830000000000224e-04 1.000000000000000000e+00 1.775070000000000120e-02 1.776140000000000010e-02
8.224385628999999476e-01 1.763904900000000039e-02 3.705189999999999807e-04 1.000000000000000000e+00 1.769489999999999952e-02 1.770590000000000011e-02
8.227127091000000503e-01 1.761448399999999970e-02 3.701609999999999818e-04 1.000000000000000000e+00 1.765169999999999934e-02 1.766300000000000162e-02
8.229869466000000466e-01 1.761478500000000086e-02 3.699740000000000190e-04 1.000000000000000000e+00 1.762649999999999981e-02 1.763800000000000090e-02
8.232612755999999532e-01 1.763811800000000124e-02 3.699980000000000174e-04 1.000000000000000000e+00 1.762189999999999937e-02 1.763369999999999868e-02
8.235356959999999837e-01 1.767895900000000103e-02 3.702320000000000155e-04 1.000000000000000000e+00 1.763730000000000159e-02 1.764939999999999912e-02
8.238102079000000355e-01 1.772952200000000103e-02 3.706399999999999886e-04 1.000000000000000000e+00 1.766910000000000008e-02 1.768139999999999989e-02
8.240848112999999975e-01 1.778161799999999904e-02 3.711610000000000061e-04 1.000000000000000000e+00 1.771119999999999986e-02 1.772380000000000136e-02
8.243595062999999890e-01 1.782837300000000152e-02 3.717230000000000187e-04 1.000000000000000000e+00 1.775710000000000136e-02 1.777000000000000107e-02
8.246342928000000017e-01 1.786529300000000084e-02 3.722609999999999786e-04 1.000000000000000000e+00 1.780079999999999857e-02 1.781390000000000057e-02
8.249091709000000439e-01 1.789051399999999972e-02 3.727250000000000203e-04 1.000000000000000000e+00 1.783780000000000088e-02 1.785110000000000169e-02
8.251841406000000045e-01 1.790432499999999871e-02 3.730879999999999895e-04 1.000000000000000000e+00 1.786570000000000172e-02 1.787920000000000134e-02
8.254592020000000030e-01 1.790830900000000073e-02 3.733410000000000157e-04 1.000000000000000000e+00 1.788379999999999831e-02 1.789759999999999962e-02
8.257343550000000310e-01 1.790446899999999925e-02 3.734899999999999765e-04 1.000000000000000000e+00 1.789280000000000037e-02 1.790670000000000109e-02
8.260095997999999939e-01 1.789463800000000090e-02 3.735470000000000066e-04 1.000000000000000000e+00 1.789380000000000137e-02 1.790790000000000090e-02
8.262849364000000030e-01 1.788027799999999945e-02 3.735279999999999785e-04 1.000000000000000000e+00 1.788829999999999934e-02 1.790249999999999828e-02
8.265603647000000498e-01 1.786261600000000130e-02 3.734489999999999815e-04 1.000000000000000000e+00 1.787760000000000044e-02 1.789189999999999878e-02
8.268358848000000316e-01 1.784292700000000148e-02 3.733219999999999876e-04 1.000000000000000000e+00 1.786300000000000041e-02 1.787750000000000103e-02
8.271114967999999568e-01 1.782278699999999966e-02 3.731650000000000093e-04 1.000000000000000000e+00 1.784590000000000135e-02 1.786039999999999850e-02
8.273872006000000390e-01 1.780409399999999948e-02 3.729930000000000116e-04 1.000000000000000000e+00 1.782790000000000069e-02 1.784250000000000072e-02
8.276629962999999535e-01 1.778887900000000050e-02 3.728250000000000227e-04 1.000000000000000000e+00 1.781069999999999875e-02 1.782540000000000166e-02
8.279388840000000416e-01 1.777895000000000170e-02 3.726809999999999780e-04 1.000000000000000000e+00 1.779630000000000101e-02 1.781109999999999985e-02
8.282148635999999620e-01 1.777550400000000100e-02 3.725800000000000140e-04 1.000000000000000000e+00 1.778640000000000082e-02 1.780129999999999907e-02
8.284909351999999449e-01 1.777887300000000059e-02 3.725339999999999945e-04 1.000000000000000000e+00 1.778199999999999920e-02 1.779690000000000091e-02
8.287670988999999988e-01 1.778845199999999974e-02 3.725490000000000138e-04 1.000000000000000000e+00 1.778350000000000070e-02 1.779849999999999835e-02
8.290433546000000042e-01 1.780284700000000012e-02 3.726250000000000178e-04 1.000000000000000000e+00 1.779050000000000076e-02 1.780560000000000129e-02
8.293197023999999695e-01 1.782014999999999988e-02 3.727509999999999960e-04 1.000000000000000000e+00 1.780199999999999838e-02 1.781719999999999832e-02
8.295961423000000057e-01 1.783830600000000169e-02 3.729149999999999761e-04 1.000000000000000000e+00 1.781639999999999960e-02 1.783169999999999894e-02
8.298726743000000017e-01 1.785544999999999841e-02 3.731000000000000158e-04 1.000000000000000000e+00 1.783200000000000063e-02 1.784739999999999938e-02
8.301492984999999658e-01 1.787019100000000055e-02 3.732890000000000101e-04 1.000000000000000000e+00 1.784720000000000056e-02 1.786280000000000159e-02
8.304260150000000174e-01 1.788179000000000157e-02 3.734680000000000096e-04 1.000000000000000000e+00 1.786079999999999959e-02 1.787650000000000003e-02
8.307028236000000287e-01 1.789022200000000076e-02 3.736289999999999967e-04 1.000000000000000000e+00 1.787220000000000128e-02 1.788790000000000172e-02
8.309797246000000248e-01 1.789612999999999968e-02 3.737659999999999854e-04 1.000000000000000000e+00 1.788100000000000106e-02 1.789699999999999971e-02
8.312567177999999890e-01 1.790065299999999901e-02 3.738820000000000229e-04 1.000000000000000000e+00 1.788790000000000172e-02 1.790399999999999978e-02
8.315338034000000489e-01 1.790517200000000045e-02 3.739840000000000026e-04 1.000000000000000000e+00 1.789369999999999850e-02 1.790980000000000003e-02
8.318109812999999741e-01 1.791100400000000120e-02 3.740819999999999736e-04 1.000000000000000000e+00 1.789929999999999993e-02 1.791560000000000027e-02
8.320882517000000034e-01 1.791912299999999861e-02 3.741870000000000005e-04 1.000000000000000000e+00 1.790599999999999831e-02 1.792240000000000152e-02
8.323656144000000090e-01 1.792998200000000056e-02 3.743050000000000153e-04 1.000000000000000000e+00 1.791449999999999987e-02 1.793099999999999902e-02
8.326430696000000076e-01 1.794347400000000092e-02 3.744439999999999813e-04 1.000000000000000000e+00 1.792530000000000165e-02 1.794190000000000021e-02
8.329206172999999991e-01 1.795903299999999925e-02 3.746019999999999754e-04 1.000000000000000000e+00 1.793840000000000018e-02 1.795510000000000161e-02
8.331982574999999835e-01 1.797581499999999916e-02 3.747770000000000203e-04 1.000000000000000000e+00 1.795340000000000130e-02 1.797019999999999867e-02
8.334759902999999692e-01 1.799290500000000001e-02 3.749620000000000058e-04 1.000000000000000000e+00 1.796959999999999877e-02 1.798649999999999902e-02
8.337538155999999478e-01 1.800946599999999828e-02 3.751490000000000228e-04 1.000000000000000000e+00 1.798639999999999961e-02 1.800339999999999926e-02
8.340317335000000387e-01 1.802483200000000105e-02 3.753310000000000153e-04 1.000000000000000000e+00 1.800289999999999876e-02 1.802000000000000129e-02
8.343097441000000281e-01 1.803854499999999958e-02 3.755009999999999815e-04 1.000000000000000000e+00 1.801849999999999979e-02 1.803570000000000173e-02
8.345878474000000269e-01 1.805035099999999920e-02 3.756550000000000210e-04 1.000000000000000000e+00 1.803280000000000161e-02 1.805000000000000007e-02
8.348660433000000269e-01 1.806018900000000080e-02 3.757890000000000167e-04 1.000000000000000000e+00 1.804530000000000023e-02 1.806260000000000157e-02
8.351443320000000448e-01 1.806816600000000009e-02 3.759030000000000227e-04 1.000000000000000000e+00 1.805589999999999973e-02 1.807320000000000107e-02
8.354227133999999610e-01 1.807450799999999955e-02 3.759980000000000006e-04 1.000000000000000000e+00 1.806450000000000070e-02 1.808190000000000144e-02
8.357011877000000144e-01 1.807951000000000003e-02 3.760769999999999977e-04 1.000000000000000000e+00 1.807129999999999848e-02 1.808879999999999863e-02
8.359797546999999662e-01 1.808347600000000110e-02 3.761449999999999841e-04 1.000000000000000000e+00 1.807660000000000169e-02 1.809409999999999838e-02
8.362584146999999524e-01 1.808667599999999945e-02 3.762050000000000073e-04 1.000000000000000000e+00 1.808049999999999935e-02 1.809819999999999832e-02
8.365371674999999563e-01 1.808932400000000038e-02 3.762610000000000217e-04 1.000000000000000000e+00 1.808359999999999829e-02 1.810130000000000072e-02
8.368160131999999862e-01 1.809158500000000031e-02 3.763150000000000045e-04 1.000000000000000000e+00 1.808589999999999851e-02 1.810370000000000035e-02
8.370949518000000422e-01 1.809358200000000041e-02 3.763689999999999874e-04 1.000000000000000000e+00 1.808790000000000051e-02 1.810579999999999828e-02
8.373739835000000298e-01 1.809541300000000116e-02 3.764230000000000245e-04 1.000000000000000000e+00 1.808970000000000022e-02 1.810770000000000088e-02
8.376531082000000517e-01 1.809716000000000102e-02 3.764780000000000231e-04 1.000000000000000000e+00 1.809149999999999994e-02 1.810960000000000000e-02
8.379323258999999968e-01 1.809887799999999880e-02 3.765309999999999903e-04 1.000000000000000000e+00 1.809339999999999907e-02 1.811149999999999913e-02
8.382116365999999763e-01 1.810059699999999952e-02 3.765829999999999959e-04 1.000000000000000000e+00 1.809530000000000166e-02 1.811360000000000053e-02
8.384910405000000067e-01 1.810231699999999971e-02 3.766339999999999857e-04 1.000000000000000000e+00 1.809739999999999960e-02 1.811569999999999847e-02
8.387705374999999686e-01 1.810401799999999950e-02 3.766810000000000210e-04 1.000000000000000000e+00 1.809950000000000100e-02 1.811789999999999928e-02
8.390501276999999813e-01 1.810567299999999921e-02 3.767250000000000091e-04 1.000000000000000000e+00 1.810169999999999835e-02 1.812010000000000010e-02
8.393298111000000450e-01 1.810726500000000086e-02 3.767640000000000268e-04 1.000000000000000000e+00 1.810379999999999975e-02 1.812240000000000031e-02
8.396095877000000485e-01 1.810879599999999992e-02 3.767989999999999816e-04 1.000000000000000000e+00 1.810590000000000116e-02 1.812450000000000172e-02
8.398894576000000001e-01 1.811029000000000111e-02 3.768309999999999976e-04 1.000000000000000000e+00 1.810789999999999969e-02 1.812659999999999966e-02
8.401694207000000025e-01 1.811179099999999861e-02 3.768579999999999890e-04 1.000000000000000000e+00 1.810979999999999882e-02 1.812849999999999878e-02
8.404494771999999614e-01 1.811334200000000103e-02 3.768840000000000189e-04 1.000000000000000000e+00 1.811159999999999853e-02 1.813040000000000138e-02
8.407296269999999794e-01 1.811497100000000054e-02 3.769080000000000173e-04 1.000000000000000000e+00 1.811329999999999885e-02 1.813210000000000169e-02
8.410098701999999538e-01 1.811667100000000086e-02 3.769329999999999773e-04 1.000000000000000000e+00 1.811489999999999975e-02 1.813379999999999853e-02
8.412902067999999955e-01 1.811839599999999842e-02 3.769579999999999914e-04 1.000000000000000000e+00 1.811650000000000066e-02 1.813539999999999944e-02
8.415706369000000020e-01 1.812006000000000033e-02 3.769849999999999829e-04 1.000000000000000000e+00 1.811799999999999869e-02 1.813700000000000034e-02
8.418511604999999731e-01 1.812156200000000078e-02 3.770129999999999901e-04 1.000000000000000000e+00 1.811940000000000078e-02 1.813849999999999837e-02
8.421317775000000116e-01 1.812281500000000045e-02 3.770409999999999972e-04 1.000000000000000000e+00 1.812060000000000060e-02 1.813980000000000106e-02
8.424124881000000231e-01 1.812377700000000064e-02 3.770690000000000044e-04 1.000000000000000000e+00 1.812170000000000100e-02 1.814090000000000147e-02
8.426932923000000075e-01 1.812447199999999911e-02 3.770959999999999959e-04 1.000000000000000000e+00 1.812249999999999972e-02 1.814179999999999959e-02
8.429741899999999566e-01 1.812499299999999897e-02 3.771220000000000258e-04 1.000000000000000000e+00 1.812319999999999903e-02 1.814249999999999891e-02
8.432551813999999979e-01 1.812547499999999853e-02 3.771469999999999857e-04 1.000000000000000000e+00 1.812379999999999894e-02 1.814320000000000169e-02
8.435362665000000204e-01 1.812606099999999887e-02 3.771719999999999999e-04 1.000000000000000000e+00 1.812429999999999944e-02 1.814380000000000159e-02
8.438174452000000159e-01 1.812686100000000106e-02 3.771970000000000140e-04 1.000000000000000000e+00 1.812510000000000163e-02 1.814460000000000031e-02
8.440987177000000008e-01 1.812791199999999950e-02 3.772229999999999897e-04 1.000000000000000000e+00 1.812599999999999975e-02 1.814560000000000131e-02
8.443800839999999752e-01 1.812918100000000116e-02 3.772499999999999812e-04 1.000000000000000000e+00 1.812710000000000016e-02 1.814680000000000112e-02
8.446615440000000419e-01 1.813056999999999863e-02 3.772779999999999884e-04 1.000000000000000000e+00 1.812849999999999878e-02 1.814819999999999975e-02
8.449430977999999870e-01 1.813196200000000147e-02 3.773059999999999956e-04 1.000000000000000000e+00 1.812990000000000088e-02 1.814959999999999837e-02
8.452247455000000409e-01 1.813324900000000059e-02 3.773340000000000027e-04 1.000000000000000000e+00 1.813129999999999950e-02 1.815109999999999987e-02
8.455064870999999815e-01 1.813436300000000057e-02 3.773599999999999784e-04 1.000000000000000000e+00 1.813259999999999872e-02 1.815249999999999850e-02
8.457883226000000310e-01 1.813527800000000120e-02 3.773839999999999768e-04 1.000000000000000000e+00 1.813379999999999853e-02 1.815380000000000119e-02
8.460702520999999754e-01 1.813599299999999956e-02 3.774059999999999980e-04 1.000000000000000000e+00 1.813489999999999894e-02 1.815479999999999872e-02
8.463522755000000286e-01 1.813650699999999963e-02 3.774259999999999876e-04 1.000000000000000000e+00 1.813570000000000113e-02 1.815570000000000031e-02
8.466343928999999768e-01 1.813680399999999943e-02 3.774429999999999842e-04 1.000000000000000000e+00 1.813630000000000103e-02 1.815639999999999962e-02
8.469166044000000504e-01 1.813684800000000055e-02 3.774580000000000036e-04 1.000000000000000000e+00 1.813659999999999925e-02 1.815680000000000072e-02
8.471989099000000190e-01 1.813659299999999946e-02 3.774720000000000072e-04 1.000000000000000000e+00 1.813659999999999925e-02 1.815680000000000072e-02
8.474813095000000018e-01 1.813600199999999829e-02 3.774830000000000177e-04 1.000000000000000000e+00 1.813620000000000163e-02 1.815649999999999903e-02
8.477638033000000073e-01 1.813506399999999935e-02 3.774939999999999741e-04 1.000000000000000000e+00 1.813549999999999884e-02 1.815579999999999972e-02
8.480463912000000271e-01 1.813379000000000033e-02 3.775030000000000074e-04 1.000000000000000000e+00 1.813429999999999903e-02 1.815469999999999931e-02
8.483290733999999667e-01 1.813220899999999983e-02 3.775119999999999865e-04 1.000000000000000000e+00 1.813280000000000100e-02 1.815330000000000069e-02
8.486118497000000316e-01 1.813035199999999889e-02 3.775200000000000040e-04 1.000000000000000000e+00 1.813100000000000128e-02 1.815150000000000097e-02
8.488947203000000163e-01 1.812823900000000085e-02 3.775280000000000215e-04 1.000000000000000000e+00 1.812889999999999988e-02 1.814949999999999897e-02
8.491776852000000320e-01 1.812588399999999836e-02 3.775359999999999849e-04 1.000000000000000000e+00 1.812659999999999966e-02 1.814730000000000162e-02
8.494607444999999757e-01 1.812330200000000086e-02 3.775440000000000024e-04 1.000000000000000000e+00 1.812410000000000063e-02 1.814489999999999853e-02
8.497438980999999503e-01 1.812053200000000169e-02 3.775510000000000042e-04 1.000000000000000000e+00 1.812139999999999931e-02 1.814230000000000009e-02
8.500271459999999557e-01 1.811764800000000009e-02 3.775580000000000060e-04 1.000000000000000000e+00 1.811859999999999860e-02 1.813949999999999937e-02
8.503104884000000085e-01 1.811477200000000121e-02 3.775629999999999763e-04 1.000000000000000000e+00 1.811580000000000135e-02 1.813680000000000153e-02
8.505939251999999895e-01 1.811206099999999874e-02 3.775690000000000166e-04 1.000000000000000000e+00 1.811310000000000003e-02 1.813419999999999963e-02
8.508774565000000178e-01 1.810968300000000142e-02 3.775750000000000026e-04 1.000000000000000000e+00 1.811060000000000100e-02 1.813170000000000059e-02
8.511610823999999909e-01 1.810778099999999988e-02 3.775830000000000202e-04 1.000000000000000000e+00 1.810849999999999960e-02 1.812969999999999859e-02
8.514448027000000030e-01 1.810643899999999848e-02 3.775919999999999993e-04 1.000000000000000000e+00 1.810689999999999869e-02 1.812820000000000056e-02
8.517286176999999681e-01 1.810566099999999859e-02 3.776030000000000098e-04 1.000000000000000000e+00 1.810579999999999828e-02 1.812719999999999956e-02
8.520125271999999805e-01 1.810536499999999827e-02 3.776170000000000134e-04 1.000000000000000000e+00 1.810519999999999838e-02 1.812659999999999966e-02
8.522965313999999459e-01 1.810540600000000097e-02 3.776319999999999785e-04 1.000000000000000000e+00 1.810499999999999957e-02 1.812650000000000025e-02
8.525806301999999670e-01 1.810561200000000009e-02 3.776489999999999752e-04 1.000000000000000000e+00 1.810499999999999957e-02 1.812659999999999966e-02
8.528648237999999493e-01 1.810582499999999900e-02 3.776680000000000033e-04 1.000000000000000000e+00 1.810509999999999897e-02 1.812669999999999906e-02
8.531491119999999873e-01 1.810593400000000061e-02 3.776869999999999772e-04 1.000000000000000000e+00 1.810509999999999897e-02 1.812679999999999847e-02
8.534334950999999947e-01 1.810588600000000159e-02 3.777070000000000210e-04 1.000000000000000000e+00 1.810499999999999957e-02 1.812679999999999847e-02
8.537179728999999551e-01 1.810567899999999952e-02 3.777270000000000107e-04 1.000000000000000000e+00 1.810480000000000075e-02 1.812650000000000025e-02
8.540025455999999959e-01 1.810533599999999965e-02 3.777480000000000161e-04 1.000000000000000000e+00 1.810430000000000025e-02 1.812619999999999856e-02
8.542872130999999980e-01 1.810487200000000102e-02 3.777699999999999830e-04 1.000000000000000000e+00 1.810379999999999975e-02 1.812570000000000153e-02
8.545719754999999695e-01 1.810427400000000006e-02 3.777930000000000199e-04 1.000000000000000000e+00 1.810300000000000104e-02 1.812499999999999875e-02
8.548568328000000216e-01 1.810349099999999933e-02 3.778170000000000183e-04 1.000000000000000000e+00 1.810209999999999944e-02 1.812420000000000003e-02
8.551417851000000514e-01 1.810244800000000015e-02 3.778419999999999782e-04 1.000000000000000000e+00 1.810099999999999903e-02 1.812319999999999903e-02
8.554268323000000507e-01 1.810107500000000119e-02 3.778669999999999924e-04 1.000000000000000000e+00 1.809960000000000041e-02 1.812189999999999981e-02
8.557119746000000360e-01 1.809933500000000112e-02 3.778920000000000065e-04 1.000000000000000000e+00 1.809790000000000010e-02 1.812019999999999950e-02
8.559972118999999990e-01 1.809724500000000139e-02 3.779179999999999822e-04 1.000000000000000000e+00 1.809579999999999869e-02 1.811820000000000097e-02
8.562825442999999481e-01 1.809488500000000152e-02 3.779429999999999964e-04 1.000000000000000000e+00 1.809349999999999847e-02 1.811600000000000016e-02
8.565679719000000025e-01 1.809238499999999902e-02 3.779680000000000106e-04 1.000000000000000000e+00 1.809099999999999944e-02 1.811360000000000053e-02
8.568534945000000347e-01 1.808989899999999956e-02 3.779930000000000247e-04 1.000000000000000000e+00 1.808859999999999982e-02 1.811130000000000032e-02
8.571391123999999584e-01 1.808757899999999946e-02 3.780179999999999847e-04 1.000000000000000000e+00 1.808629999999999960e-02 1.810909999999999950e-02
8.574248253999999791e-01 1.808554999999999885e-02 3.780429999999999988e-04 1.000000000000000000e+00 1.808420000000000166e-02 1.810710000000000097e-02
8.577106337000000025e-01 1.808390400000000134e-02 3.780680000000000130e-04 1.000000000000000000e+00 1.808260000000000076e-02 1.810559999999999947e-02
8.579965372000000201e-01 1.808269100000000143e-02 3.780920000000000114e-04 1.000000000000000000e+00 1.808130000000000154e-02 1.810439999999999966e-02
8.582825361000000486e-01 1.808192999999999953e-02 3.781170000000000256e-04 1.000000000000000000e+00 1.808059999999999876e-02 1.810370000000000035e-02
8.585686301999999603e-01 1.808161499999999880e-02 3.781419999999999855e-04 1.000000000000000000e+00 1.808020000000000113e-02 1.810350000000000154e-02
8.588548198000000022e-01 1.808171399999999873e-02 3.781669999999999997e-04 1.000000000000000000e+00 1.808039999999999994e-02 1.810370000000000035e-02
8.591411047000000467e-01 1.808217300000000000e-02 3.781920000000000138e-04 1.000000000000000000e+00 1.808080000000000104e-02 1.810420000000000085e-02
8.594274850999999993e-01 1.808291799999999991e-02 3.782160000000000123e-04 1.000000000000000000e+00 1.808159999999999976e-02 1.810499999999999957e-02
8.597139608999999627e-01 1.808385200000000095e-02 3.782400000000000107e-04 1.000000000000000000e+00 1.808260000000000076e-02 1.810600000000000057e-02
8.600005321999999452e-01 1.808487199999999837e-02 3.782640000000000091e-04 1.000000000000000000e+00 1.808359999999999829e-02 1.810720000000000038e-02
8.602871990999999552e-01 1.808587299999999884e-02 3.782880000000000075e-04 1.000000000000000000e+00 1.808469999999999869e-02 1.810830000000000078e-02
8.605739614999999842e-01 1.808676500000000117e-02 3.783109999999999902e-04 1.000000000000000000e+00 1.808560000000000029e-02 1.810929999999999832e-02
8.608608195000000407e-01 1.808747200000000027e-02 3.783349999999999886e-04 1.000000000000000000e+00 1.808639999999999901e-02 1.811010000000000050e-02
8.611477731000000135e-01 1.808793499999999943e-02 3.783580000000000255e-04 1.000000000000000000e+00 1.808689999999999951e-02 1.811060000000000100e-02
8.614348223000000138e-01 1.808810200000000173e-02 3.783810000000000081e-04 1.000000000000000000e+00 1.808709999999999832e-02 1.811089999999999922e-02
8.617219672999999469e-01 1.808793499999999943e-02 3.784039999999999908e-04 1.000000000000000000e+00 1.808689999999999951e-02 1.811079999999999982e-02
8.620092079000000185e-01 1.808740500000000084e-02 3.784269999999999735e-04 1.000000000000000000e+00 1.808629999999999960e-02 1.811029999999999932e-02
8.622965443000000230e-01 1.808650800000000114e-02 3.784500000000000104e-04 1.000000000000000000e+00 1.808540000000000147e-02 1.810950000000000060e-02
8.625839764999999604e-01 1.808527700000000030e-02 3.784740000000000088e-04 1.000000000000000000e+00 1.808420000000000166e-02 1.810830000000000078e-02
8.628715045000000528e-01 1.808378600000000100e-02 3.784969999999999914e-04 1.000000000000000000e+00 1.808260000000000076e-02 1.810679999999999928e-02
8.631591282999999670e-01 1.808214400000000138e-02 3.785220000000000056e-04 1.000000000000000000e+00 1.808099999999999985e-02 1.810530000000000125e-02
8.634468480000000445e-01 1.808047499999999863e-02 3.785460000000000040e-04 1.000000000000000000e+00 1.807929999999999954e-02 1.810370000000000035e-02
8.637346636999999605e-01 1.807889299999999866e-02 3.785710000000000182e-04 1.000000000000000000e+00 1.807769999999999863e-02 1.810219999999999885e-02
8.640225752000000314e-01 1.807747599999999857e-02 3.785950000000000166e-04 1.000000000000000000e+00 1.807630000000000001e-02 1.810080000000000022e-02
8.643105827000000518e-01 1.807625800000000130e-02 3.786190000000000150e-04 1.000000000000000000e+00 1.807519999999999960e-02 1.809969999999999982e-02
8.645986863000000300e-01 1.807522900000000168e-02 3.786430000000000134e-04 1.000000000000000000e+00 1.807419999999999860e-02 1.809880000000000169e-02
8.648868857999999493e-01 1.807436200000000007e-02 3.786659999999999961e-04 1.000000000000000000e+00 1.807339999999999988e-02 1.809809999999999891e-02
8.651751814999999457e-01 1.807362800000000130e-02 3.786889999999999788e-04 1.000000000000000000e+00 1.807270000000000057e-02 1.809749999999999900e-02
8.654635732000000026e-01 1.807301700000000025e-02 3.787120000000000156e-04 1.000000000000000000e+00 1.807210000000000066e-02 1.809699999999999850e-02
8.657520610000000172e-01 1.807254399999999941e-02 3.787349999999999983e-04 1.000000000000000000e+00 1.807169999999999957e-02 1.809660000000000088e-02
8.660406451000000061e-01 1.807223800000000088e-02 3.787570000000000194e-04 1.000000000000000000e+00 1.807140000000000135e-02 1.809639999999999860e-02
8.663293252999999527e-01 1.807212199999999949e-02 3.787789999999999864e-04 1.000000000000000000e+00 1.807129999999999848e-02 1.809629999999999919e-02
8.666181016999999764e-01 1.807219599999999871e-02 3.788020000000000232e-04 1.000000000000000000e+00 1.807129999999999848e-02 1.809650000000000147e-02
8.669069743999999744e-01 1.807242200000000118e-02 3.788239999999999902e-04 1.000000000000000000e+00 1.807160000000000016e-02 1.809679999999999969e-02
8.671959433999999467e-01 1.807272799999999971e-02 3.788460000000000113e-04 1.000000000000000000e+00 1.807189999999999838e-02 1.809720000000000079e-02
8.674850087000000043e-01 1.807302100000000161e-02 3.788679999999999782e-04 1.000000000000000000e+00 1.807220000000000007e-02 1.809749999999999900e-02
8.677741704000000444e-01 1.807320999999999928e-02 3.788899999999999994e-04 1.000000000000000000e+00 1.807239999999999888e-02 1.809780000000000069e-02
8.680634284999999561e-01 1.807323200000000157e-02 3.789120000000000205e-04 1.000000000000000000e+00 1.807249999999999829e-02 1.809790000000000010e-02
8.683527828999999532e-01 1.807306700000000169e-02 3.789339999999999874e-04 1.000000000000000000e+00 1.807229999999999948e-02 1.809790000000000010e-02
8.686422338999999493e-01 1.807273499999999949e-02 3.789560000000000086e-04 1.000000000000000000e+00 1.807200000000000126e-02 1.809759999999999841e-02
8.689317813000000390e-01 1.807229100000000074e-02 3.789770000000000139e-04 1.000000000000000000e+00 1.807160000000000016e-02 1.809730000000000019e-02
8.692214252000000085e-01 1.807179999999999898e-02 3.789989999999999809e-04 1.000000000000000000e+00 1.807109999999999966e-02 1.809689999999999910e-02
8.695111656999999772e-01 1.807131699999999994e-02 3.790199999999999863e-04 1.000000000000000000e+00 1.807059999999999916e-02 1.809650000000000147e-02
8.698010027000000477e-01 1.807087300000000119e-02 3.790409999999999916e-04 1.000000000000000000e+00 1.807020000000000154e-02 1.809610000000000038e-02
8.700909364000000146e-01 1.807046299999999842e-02 3.790630000000000128e-04 1.000000000000000000e+00 1.806980000000000045e-02 1.809579999999999869e-02
8.703809666999999806e-01 1.807005399999999859e-02 3.790840000000000182e-04 1.000000000000000000e+00 1.806939999999999935e-02 1.809540000000000107e-02
8.706710936999999539e-01 1.806958999999999996e-02 3.791050000000000236e-04 1.000000000000000000e+00 1.806889999999999885e-02 1.809509999999999938e-02
8.709613174000000457e-01 1.806901299999999835e-02 3.791269999999999905e-04 1.000000000000000000e+00 1.806839999999999835e-02 1.809449999999999947e-02
8.712516378000000339e-01 1.806828099999999854e-02 3.791479999999999959e-04 1.000000000000000000e+00 1.806759999999999963e-02 1.809389999999999957e-02
8.715420550000000377e-01 1.806737900000000147e-02 3.791700000000000170e-04 1.000000000000000000e+00 1.806670000000000151e-02 1.809300000000000144e-02
8.718325690999999544e-01 1.806632600000000061e-02 3.791919999999999839e-04 1.000000000000000000e+00 1.806560000000000110e-02 1.809200000000000044e-02
8.721231798999999896e-01 1.806516799999999950e-02 3.792140000000000051e-04 1.000000000000000000e+00 1.806450000000000070e-02 1.809099999999999944e-02
8.724138876000000486e-01 1.806396799999999969e-02 3.792360000000000262e-04 1.000000000000000000e+00 1.806330000000000088e-02 1.808979999999999963e-02
8.727046923000000289e-01 1.806278700000000029e-02 3.792579999999999931e-04 1.000000000000000000e+00 1.806210000000000107e-02 1.808879999999999863e-02
8.729955938000000248e-01 1.806166600000000053e-02 3.792800000000000143e-04 1.000000000000000000e+00 1.806100000000000066e-02 1.808780000000000110e-02
8.732865923999999502e-01 1.806062199999999840e-02 3.793010000000000197e-04 1.000000000000000000e+00 1.805999999999999966e-02 1.808680000000000010e-02
8.735776879000000106e-01 1.805964499999999917e-02 3.793229999999999866e-04 1.000000000000000000e+00 1.805910000000000154e-02 1.808600000000000138e-02
8.738688805000000004e-01 1.805870000000000045e-02 3.793439999999999920e-04 1.000000000000000000e+00 1.805819999999999995e-02 1.808509999999999979e-02
8.741601701000000224e-01 1.805773999999999921e-02 3.793639999999999816e-04 1.000000000000000000e+00 1.805729999999999835e-02 1.808430000000000107e-02
8.744515567999999739e-01 1.805671500000000096e-02 3.793849999999999870e-04 1.000000000000000000e+00 1.805630000000000082e-02 1.808339999999999947e-02
8.747430406999999741e-01 1.805558000000000163e-02 3.794049999999999766e-04 1.000000000000000000e+00 1.805520000000000042e-02 1.808229999999999907e-02
8.750346217000000149e-01 1.805430499999999966e-02 3.794259999999999820e-04 1.000000000000000000e+00 1.805390000000000120e-02 1.808119999999999866e-02
8.753262998999999933e-01 1.805288899999999905e-02 3.794460000000000259e-04 1.000000000000000000e+00 1.805249999999999910e-02 1.807980000000000004e-02
8.756180753000000205e-01 1.805136300000000082e-02 3.794660000000000155e-04 1.000000000000000000e+00 1.805100000000000107e-02 1.807840000000000141e-02
8.759099479999999938e-01 1.804979199999999853e-02 3.794860000000000052e-04 1.000000000000000000e+00 1.804949999999999957e-02 1.807699999999999932e-02
8.762019180000000240e-01 1.804827300000000009e-02 3.795049999999999791e-04 1.000000000000000000e+00 1.804800000000000154e-02 1.807550000000000129e-02
8.764939853000000003e-01 1.804691400000000071e-02 3.795250000000000229e-04 1.000000000000000000e+00 1.804669999999999885e-02 1.807430000000000148e-02
8.767861500000000419e-01 1.804581599999999925e-02 3.795439999999999968e-04 1.000000000000000000e+00 1.804559999999999845e-02 1.807330000000000048e-02
8.770784120000000295e-01 1.804504200000000072e-02 3.795630000000000249e-04 1.000000000000000000e+00 1.804489999999999914e-02 1.807260000000000116e-02
8.773707714999999796e-01 1.804459799999999850e-02 3.795809999999999831e-04 1.000000000000000000e+00 1.804450000000000151e-02 1.807229999999999948e-02
8.776632283999999951e-01 1.804442900000000072e-02 3.796000000000000112e-04 1.000000000000000000e+00 1.804429999999999923e-02 1.807220000000000007e-02
8.779557827999999731e-01 1.804442100000000146e-02 3.796180000000000236e-04 1.000000000000000000e+00 1.804439999999999864e-02 1.807229999999999948e-02
8.782484347000000247e-01 1.804442800000000124e-02 3.796359999999999817e-04 1.000000000000000000e+00 1.804439999999999864e-02 1.807239999999999888e-02
8.785411842000000471e-01 1.804430400000000059e-02 3.796539999999999941e-04 1.000000000000000000e+00 1.804429999999999923e-02 1.807239999999999888e-02
8.788340313000000403e-01 1.804393500000000053e-02 3.796709999999999907e-04 1.000000000000000000e+00 1.804410000000000042e-02 1.807210000000000066e-02
8.791269760000000044e-01 1.804325500000000110e-02 3.796870000000000258e-04 1.000000000000000000e+00 1.804350000000000051e-02 1.807160000000000016e-02
8.794200183000000504e-01 1.804225300000000115e-02 3.797030000000000067e-04 1.000000000000000000e+00 1.804259999999999892e-02 1.807080000000000145e-02
8.797131582999999644e-01 1.804096399999999961e-02 3.797180000000000260e-04 1.000000000000000000e+00 1.804139999999999910e-02 1.806970000000000104e-02
8.800063959999999685e-01 1.803944899999999907e-02 3.797329999999999911e-04 1.000000000000000000e+00 1.804000000000000048e-02 1.806839999999999835e-02
8.802997314999999601e-01 1.803778300000000168e-02 3.797459999999999790e-04 1.000000000000000000e+00 1.803849999999999898e-02 1.806690000000000032e-02
8.805931647000000417e-01 1.803604099999999918e-02 3.797580000000000053e-04 1.000000000000000000e+00 1.803690000000000154e-02 1.806539999999999882e-02
8.808866958000000080e-01 1.803429000000000143e-02 3.797699999999999774e-04 1.000000000000000000e+00 1.803520000000000123e-02 1.806380000000000138e-02
8.811803246999999617e-01 1.803259499999999849e-02 3.797809999999999880e-04 1.000000000000000000e+00 1.803360000000000032e-02 1.806220000000000048e-02
8.814740515000000221e-01 1.803101000000000009e-02 3.797909999999999828e-04 1.000000000000000000e+00 1.803199999999999942e-02 1.806069999999999898e-02
8.817678760999999588e-01 1.802957700000000149e-02 3.798019999999999933e-04 1.000000000000000000e+00 1.803050000000000139e-02 1.805930000000000035e-02
8.820617988000000187e-01 1.802832199999999940e-02 3.798140000000000197e-04 1.000000000000000000e+00 1.802919999999999870e-02 1.805810000000000054e-02
8.823558193999999633e-01 1.802724600000000024e-02 3.798259999999999918e-04 1.000000000000000000e+00 1.802799999999999889e-02 1.805690000000000073e-02
8.826499380000000228e-01 1.802633299999999855e-02 3.798399999999999953e-04 1.000000000000000000e+00 1.802689999999999848e-02 1.805589999999999973e-02
8.829441545999999752e-01 1.802555100000000077e-02 3.798539999999999989e-04 1.000000000000000000e+00 1.802600000000000036e-02 1.805500000000000160e-02
8.832384693000000508e-01 1.802486600000000050e-02 3.798699999999999798e-04 1.000000000000000000e+00 1.802520000000000164e-02 1.805429999999999882e-02
8.835328822000000359e-01 1.802425100000000155e-02 3.798860000000000149e-04 1.000000000000000000e+00 1.802449999999999886e-02 1.805369999999999892e-02
8.838273931000000250e-01 1.802370299999999856e-02 3.799030000000000115e-04 1.000000000000000000e+00 1.802399999999999836e-02 1.805319999999999842e-02
8.841220022000000345e-01 1.802324099999999887e-02 3.799189999999999924e-04 1.000000000000000000e+00 1.802360000000000073e-02 1.805290000000000020e-02
8.844167095999999617e-01 1.802291400000000099e-02 3.799349999999999733e-04 1.000000000000000000e+00 1.802339999999999845e-02 1.805280000000000079e-02
8.847115151000000122e-01 1.802278900000000086e-02 3.799480000000000153e-04 1.000000000000000000e+00 1.802350000000000133e-02 1.805299999999999960e-02
8.850064189999999886e-01 1.802294499999999855e-02 3.799610000000000032e-04 1.000000000000000000e+00 1.802389999999999895e-02 1.805340000000000070e-02
8.853014210999999856e-01 1.802344999999999989e-02 3.799720000000000137e-04 1.000000000000000000e+00 1.802449999999999886e-02 1.805400000000000060e-02
8.855965216000000195e-01 1.802435499999999885e-02 3.799820000000000086e-04 1.000000000000000000e+00 1.802549999999999986e-02 1.805510000000000101e-02
8.858917203999999712e-01 1.802568100000000173e-02 3.799920000000000034e-04 1.000000000000000000e+00 1.802679999999999907e-02 1.805640000000000023e-02
8.861870176999999682e-01 1.802741999999999886e-02 3.800019999999999982e-04 1.000000000000000000e+00 1.802839999999999998e-02 1.805800000000000113e-02
8.864824134000000022e-01 1.802954299999999857e-02 3.800140000000000245e-04 1.000000000000000000e+00 1.803029999999999911e-02 1.805990000000000026e-02
8.867779074999999622e-01 1.803201800000000035e-02 3.800270000000000124e-04 1.000000000000000000e+00 1.803259999999999932e-02 1.806220000000000048e-02
8.870735000999999675e-01 1.803482299999999844e-02 3.800419999999999775e-04 1.000000000000000000e+00 1.803509999999999835e-02 1.806479999999999891e-02
8.873691913000000264e-01 1.803795899999999924e-02 3.800589999999999741e-04 1.000000000000000000e+00 1.803799999999999848e-02 1.806759999999999963e-02
8.876649810000000196e-01 1.804145799999999980e-02 3.800780000000000022e-04 1.000000000000000000e+00 1.804129999999999970e-02 1.807090000000000085e-02
8.879608693999999636e-01 1.804539100000000090e-02 3.800990000000000076e-04 1.000000000000000000e+00 1.804499999999999854e-02 1.807459999999999969e-02
8.882568562999999529e-01 1.804988199999999973e-02 3.801209999999999745e-04 1.000000000000000000e+00 1.804930000000000076e-02 1.807900000000000132e-02
8.885529419000000040e-01 1.805511099999999869e-02 3.801429999999999957e-04 1.000000000000000000e+00 1.805450000000000110e-02 1.808409999999999879e-02
8.888491262000000059e-01 1.806132699999999855e-02 3.801650000000000168e-04 1.000000000000000000e+00 1.806079999999999838e-02 1.809039999999999954e-02
8.891454092999999670e-01 1.806881999999999933e-02 3.801860000000000222e-04 1.000000000000000000e+00 1.806850000000000123e-02 1.809799999999999950e-02
8.894417910999999899e-01 1.807787300000000125e-02 3.802049999999999961e-04 1.000000000000000000e+00 1.807790000000000091e-02 1.810720000000000038e-02
8.897382716999999719e-01 1.808867299999999956e-02 3.802200000000000154e-04 1.000000000000000000e+00 1.808919999999999972e-02 1.811839999999999978e-02
8.900348511000000240e-01 1.810119599999999995e-02 3.802310000000000260e-04 1.000000000000000000e+00 1.810240000000000113e-02 1.813139999999999891e-02
8.903315294000000435e-01 1.811510800000000129e-02 3.802359999999999963e-04 1.000000000000000000e+00 1.811719999999999997e-02 1.814589999999999953e-02
8.906283066000000304e-01 1.812968900000000091e-02 3.802319999999999875e-04 1.000000000000000000e+00 1.813290000000000041e-02 1.816140000000000115e-02
8.909251826999999846e-01 1.814385400000000093e-02 3.802189999999999997e-04 1.000000000000000000e+00 1.814850000000000144e-02 1.817670000000000050e-02
8.912221577000000172e-01 1.815624000000000057e-02 3.801950000000000013e-04 1.000000000000000000e+00 1.816260000000000097e-02 1.819049999999999834e-02
8.915192318000000338e-01 1.816537400000000149e-02 3.801569999999999993e-04 1.000000000000000000e+00 1.817370000000000096e-02 1.820130000000000012e-02
8.918164049000000260e-01 1.816987899999999989e-02 3.801049999999999937e-04 1.000000000000000000e+00 1.818049999999999874e-02 1.820779999999999968e-02
8.921136769999999938e-01 1.816865599999999831e-02 3.800359999999999914e-04 1.000000000000000000e+00 1.818169999999999856e-02 1.820890000000000009e-02
8.924110481999999456e-01 1.816099399999999975e-02 3.799499999999999926e-04 1.000000000000000000e+00 1.817670000000000050e-02 1.820389999999999855e-02
8.927085186000000006e-01 1.814660900000000104e-02 3.798429999999999884e-04 1.000000000000000000e+00 1.816529999999999881e-02 1.819250000000000034e-02
8.930060881000000395e-01 1.812556900000000110e-02 3.797130000000000015e-04 1.000000000000000000e+00 1.814779999999999865e-02 1.817509999999999959e-02
8.933037567999999595e-01 1.809821500000000083e-02 3.795560000000000231e-04 1.000000000000000000e+00 1.812460000000000113e-02 1.815200000000000147e-02
8.936015246999999828e-01 1.806506000000000084e-02 3.793660000000000131e-04 1.000000000000000000e+00 1.809629999999999919e-02 1.812389999999999834e-02
8.938993919000000066e-01 1.802673100000000070e-02 3.791369999999999853e-04 1.000000000000000000e+00 1.806349999999999970e-02 1.809130000000000113e-02
8.941973583000000225e-01 1.798396099999999970e-02 3.788660000000000009e-04 1.000000000000000000e+00 1.802689999999999848e-02 1.805479999999999932e-02
8.944954241000000472e-01 1.793761400000000103e-02 3.785470000000000198e-04 1.000000000000000000e+00 1.798690000000000011e-02 1.801499999999999976e-02
8.947935892999999696e-01 1.788867200000000129e-02 3.781810000000000033e-04 1.000000000000000000e+00 1.794410000000000102e-02 1.797230000000000008e-02
8.950918538000000035e-01 1.783818399999999998e-02 3.777709999999999987e-04 1.000000000000000000e+00 1.789910000000000112e-02 1.792739999999999959e-02
8.953902177000000462e-01 1.778713999999999990e-02 3.773229999999999922e-04 1.000000000000000000e+00 1.785259999999999972e-02 1.788090000000000165e-02
8.956886810999999948e-01 1.773628299999999852e-02 3.768439999999999854e-04 1.000000000000000000e+00 1.780520000000000019e-02 1.783349999999999866e-02
8.959872439999999605e-01 1.768590399999999882e-02 3.763419999999999960e-04 1.000000000000000000e+00 1.775739999999999957e-02 1.778559999999999863e-02
8.962859064999999514e-01 1.763575800000000138e-02 3.758219999999999942e-04 1.000000000000000000e+00 1.770920000000000133e-02 1.773740000000000039e-02
8.965846683999999511e-01 1.758511700000000080e-02 3.752869999999999730e-04 1.000000000000000000e+00 1.766039999999999971e-02 1.768849999999999936e-02
8.968835299999999844e-01 1.753310099999999885e-02 3.747369999999999868e-04 1.000000000000000000e+00 1.761039999999999828e-02 1.763850000000000140e-02
8.971824912000000429e-01 1.747921399999999986e-02 3.741710000000000196e-04 1.000000000000000000e+00 1.755860000000000060e-02 1.758660000000000084e-02
8.974815520000000157e-01 1.742391800000000004e-02 3.735899999999999790e-04 1.000000000000000000e+00 1.750480000000000091e-02 1.753259999999999888e-02
8.977807125000000221e-01 1.736904800000000151e-02 3.730040000000000222e-04 1.000000000000000000e+00 1.744949999999999973e-02 1.747730000000000117e-02
8.980799726999999510e-01 1.731776999999999969e-02 3.724320000000000148e-04 1.000000000000000000e+00 1.739440000000000083e-02 1.742219999999999880e-02
8.983793327000000328e-01 1.727402100000000051e-02 3.719029999999999797e-04 1.000000000000000000e+00 1.734240000000000087e-02 1.737019999999999884e-02
8.986787925000000454e-01 1.724152899999999849e-02 3.714540000000000116e-04 1.000000000000000000e+00 1.729680000000000106e-02 1.732459999999999903e-02
8.989783520999999888e-01 1.722273399999999996e-02 3.711179999999999796e-04 1.000000000000000000e+00 1.726099999999999857e-02 1.728889999999999941e-02
8.992780115999999824e-01 1.721805100000000158e-02 3.709200000000000062e-04 1.000000000000000000e+00 1.723720000000000113e-02 1.726520000000000138e-02
8.995777709000000177e-01 1.722574600000000011e-02 3.708660000000000233e-04 1.000000000000000000e+00 1.722629999999999995e-02 1.725439999999999960e-02
8.998776302000000005e-01 1.724253099999999844e-02 3.709429999999999889e-04 1.000000000000000000e+00 1.722720000000000154e-02 1.725550000000000000e-02
9.001775894000000333e-01 1.726462000000000135e-02 3.711249999999999814e-04 1.000000000000000000e+00 1.723759999999999876e-02 1.726609999999999950e-02
9.004776486000000135e-01 1.728891100000000056e-02 3.713790000000000233e-04 1.000000000000000000e+00 1.725459999999999841e-02 1.728319999999999856e-02
9.007778078000000521e-01 1.731384500000000132e-02 3.716750000000000219e-04 1.000000000000000000e+00 1.727549999999999919e-02 1.730430000000000162e-02
9.010780670000000381e-01 1.733968799999999894e-02 3.719950000000000188e-04 1.000000000000000000e+00 1.729870000000000019e-02 1.732770000000000143e-02
9.013784263999999880e-01 1.736818500000000126e-02 3.723360000000000211e-04 1.000000000000000000e+00 1.732389999999999972e-02 1.735309999999999978e-02
9.016788859000000045e-01 1.740172300000000088e-02 3.727080000000000237e-04 1.000000000000000000e+00 1.735220000000000165e-02 1.738160000000000052e-02
9.019794454999999767e-01 1.744228800000000024e-02 3.731280000000000230e-04 1.000000000000000000e+00 1.738500000000000115e-02 1.741470000000000171e-02
9.022801053000000238e-01 1.749053799999999992e-02 3.736109999999999843e-04 1.000000000000000000e+00 1.742399999999999852e-02 1.745400000000000076e-02
9.025808654000000431e-01 1.754529700000000136e-02 3.741640000000000178e-04 1.000000000000000000e+00 1.746970000000000120e-02 1.749989999999999879e-02
9.028817256000000180e-01 1.760352899999999970e-02 3.747770000000000203e-04 1.000000000000000000e+00 1.752120000000000066e-02 1.755160000000000053e-02
9.031826861999999734e-01 1.766086299999999887e-02 3.754240000000000159e-04 1.000000000000000000e+00 1.757620000000000016e-02 1.760690000000000172e-02
9.034837471000000120e-01 1.771238300000000168e-02 3.760670000000000028e-04 1.000000000000000000e+00 1.763119999999999965e-02 1.766210000000000002e-02
9.037849084000000310e-01 1.775351400000000149e-02 3.766600000000000156e-04 1.000000000000000000e+00 1.768199999999999980e-02 1.771309999999999898e-02
9.040861700000000223e-01 1.778070699999999976e-02 3.771609999999999893e-04 1.000000000000000000e+00 1.772450000000000067e-02 1.775579999999999867e-02
9.043875321000000023e-01 1.779184699999999952e-02 3.775310000000000146e-04 1.000000000000000000e+00 1.775519999999999876e-02 1.778669999999999904e-02
9.046889945999999627e-01 1.778632299999999972e-02 3.777450000000000230e-04 1.000000000000000000e+00 1.777180000000000079e-02 1.780340000000000047e-02
9.049905576000000229e-01 1.776492199999999896e-02 3.777920000000000041e-04 1.000000000000000000e+00 1.777310000000000001e-02 1.780479999999999910e-02
9.052922210999999608e-01 1.772962000000000149e-02 3.776750000000000051e-04 1.000000000000000000e+00 1.775940000000000157e-02 1.779110000000000066e-02
9.055939852000000068e-01 1.768336800000000139e-02 3.774070000000000137e-04 1.000000000000000000e+00 1.773179999999999895e-02 1.776350000000000151e-02
9.058958498000000414e-01 1.762986500000000151e-02 3.770140000000000058e-04 1.000000000000000000e+00 1.769280000000000158e-02 1.772450000000000067e-02
9.061978150999999704e-01 1.757329700000000161e-02 3.765320000000000060e-04 1.000000000000000000e+00 1.764560000000000087e-02 1.767729999999999996e-02
9.064998810000000073e-01 1.751797700000000055e-02 3.759999999999999779e-04 1.000000000000000000e+00 1.759389999999999912e-02 1.762549999999999881e-02
9.068020476999999469e-01 1.746791199999999863e-02 3.754610000000000022e-04 1.000000000000000000e+00 1.754170000000000035e-02 1.757330000000000003e-02
9.071043149999999944e-01 1.742634699999999828e-02 3.749560000000000197e-04 1.000000000000000000e+00 1.749289999999999873e-02 1.752439999999999901e-02
9.074066831000000555e-01 1.739543199999999887e-02 3.745199999999999853e-04 1.000000000000000000e+00 1.745069999999999955e-02 1.748219999999999982e-02
9.077091520000000191e-01 1.737603600000000095e-02 3.741789999999999830e-04 1.000000000000000000e+00 1.741739999999999955e-02 1.744889999999999983e-02
9.080117216999999963e-01 1.736783299999999919e-02 3.739449999999999849e-04 1.000000000000000000e+00 1.739430000000000143e-02 1.742580000000000170e-02
9.083143922999999953e-01 1.736953399999999897e-02 3.738209999999999840e-04 1.000000000000000000e+00 1.738169999999999993e-02 1.741320000000000021e-02
9.086171638000000161e-01 1.737926999999999875e-02 3.737990000000000171e-04 1.000000000000000000e+00 1.737879999999999980e-02 1.741030000000000008e-02
9.089200361999999478e-01 1.739495099999999878e-02 3.738629999999999948e-04 1.000000000000000000e+00 1.738409999999999955e-02 1.741569999999999924e-02
9.092230095000000123e-01 1.741454300000000108e-02 3.739950000000000132e-04 1.000000000000000000e+00 1.739610000000000115e-02 1.742770000000000083e-02
9.095260837999999959e-01 1.743619799999999997e-02 3.741740000000000127e-04 1.000000000000000000e+00 1.741279999999999911e-02 1.744439999999999880e-02
9.098292592000000178e-01 1.745822400000000135e-02 3.743800000000000036e-04 1.000000000000000000e+00 1.743250000000000008e-02 1.746419999999999917e-02
9.101325355999999589e-01 1.747900499999999885e-02 3.745940000000000120e-04 1.000000000000000000e+00 1.745359999999999967e-02 1.748529999999999876e-02
9.104359131000000493e-01 1.749691800000000019e-02 3.747959999999999942e-04 1.000000000000000000e+00 1.747440000000000104e-02 1.750619999999999954e-02
9.107393917999999644e-01 1.751041500000000140e-02 3.749660000000000146e-04 1.000000000000000000e+00 1.749329999999999982e-02 1.752499999999999891e-02
9.110429716000000289e-01 1.751826800000000003e-02 3.750879999999999839e-04 1.000000000000000000e+00 1.750880000000000145e-02 1.754040000000000113e-02
9.113466526000000290e-01 1.751993099999999901e-02 3.751480000000000071e-04 1.000000000000000000e+00 1.751940000000000094e-02 1.755100000000000063e-02
9.116504347999999647e-01 1.751587199999999830e-02 3.751389999999999738e-04 1.000000000000000000e+00 1.752449999999999841e-02 1.755599999999999869e-02
9.119543182999999553e-01 1.750771699999999903e-02 3.750660000000000170e-04 1.000000000000000000e+00 1.752410000000000079e-02 1.755539999999999878e-02
9.122583029999999926e-01 1.749801700000000113e-02 3.749450000000000092e-04 1.000000000000000000e+00 1.751919999999999866e-02 1.755040000000000072e-02
9.125623890999999821e-01 1.748968899999999924e-02 3.748010000000000187e-04 1.000000000000000000e+00 1.751180000000000098e-02 1.754280000000000075e-02
9.128665766000000348e-01 1.748524799999999838e-02 3.746670000000000230e-04 1.000000000000000000e+00 1.750420000000000101e-02 1.753510000000000138e-02
9.131708654000000314e-01 1.748608299999999949e-02 3.745679999999999821e-04 1.000000000000000000e+00 1.749879999999999838e-02 1.752959999999999935e-02
9.134752556999999884e-01 1.749209599999999865e-02 3.745220000000000168e-04 1.000000000000000000e+00 1.749710000000000154e-02 1.752789999999999904e-02
9.137797475000000169e-01 1.750186700000000081e-02 3.745329999999999731e-04 1.000000000000000000e+00 1.749979999999999938e-02 1.753060000000000035e-02
9.140843406999999976e-01 1.751330300000000090e-02 3.745900000000000033e-04 1.000000000000000000e+00 1.750629999999999895e-02 1.753709999999999991e-02
9.143890354999999470e-01 1.752449699999999999e-02 3.746740000000000248e-04 1.000000000000000000e+00 1.751520000000000160e-02 1.754599999999999910e-02
9.146938318999999762e-01 1.753442800000000121e-02 3.747660000000000097e-04 1.000000000000000000e+00 1.752509999999999832e-02 1.755589999999999928e-02
9.149987297999999658e-01 1.754318599999999881e-02 3.748539999999999858e-04 1.000000000000000000e+00 1.753499999999999850e-02 1.756579999999999947e-02
9.153037294000000434e-01 1.755167200000000080e-02 3.749329999999999829e-04 1.000000000000000000e+00 1.754450000000000107e-02 1.757519999999999916e-02
9.156088305999999788e-01 1.756100999999999843e-02 3.750070000000000096e-04 1.000000000000000000e+00 1.755380000000000135e-02 1.758459999999999884e-02
9.159140336000000104e-01 1.757202799999999995e-02 3.750860000000000066e-04 1.000000000000000000e+00 1.756359999999999866e-02 1.759430000000000022e-02
9.162193382000000108e-01 1.758510300000000123e-02 3.751790000000000073e-04 1.000000000000000000e+00 1.757440000000000044e-02 1.760509999999999853e-02
9.165247447000000047e-01 1.760039500000000132e-02 3.752919999999999976e-04 1.000000000000000000e+00 1.758650000000000144e-02 1.761729999999999893e-02
9.168302528999999756e-01 1.761823200000000103e-02 3.754310000000000177e-04 1.000000000000000000e+00 1.760050000000000156e-02 1.763119999999999965e-02
9.171358630000000511e-01 1.763933499999999904e-02 3.756019999999999997e-04 1.000000000000000000e+00 1.761669999999999903e-02 1.764749999999999999e-02
9.174415750000000092e-01 1.766466499999999953e-02 3.758149999999999924e-04 1.000000000000000000e+00 1.763589999999999949e-02 1.766670000000000046e-02
9.177473887999999524e-01 1.769494900000000148e-02 3.760769999999999977e-04 1.000000000000000000e+00 1.765890000000000168e-02 1.768990000000000146e-02
9.180533046000000086e-01 1.773013699999999998e-02 3.763950000000000173e-04 1.000000000000000000e+00 1.768650000000000083e-02 1.771750000000000061e-02
9.183593223999999555e-01 1.776909000000000127e-02 3.767679999999999814e-04 1.000000000000000000e+00 1.771850000000000161e-02 1.774970000000000020e-02
9.186654422000000153e-01 1.780967300000000156e-02 3.771860000000000035e-04 1.000000000000000000e+00 1.775409999999999835e-02 1.778549999999999923e-02
9.189716639999999659e-01 1.784921100000000024e-02 3.776289999999999855e-04 1.000000000000000000e+00 1.779170000000000057e-02 1.782330000000000025e-02
9.192779879000000376e-01 1.788509599999999963e-02 3.780750000000000148e-04 1.000000000000000000e+00 1.782900000000000110e-02 1.786079999999999959e-02
9.195844139000000084e-01 1.791533299999999856e-02 3.784980000000000072e-04 1.000000000000000000e+00 1.786379999999999912e-02 1.789579999999999990e-02
9.198909419999999892e-01 1.793885799999999850e-02 3.788779999999999730e-04 1.000000000000000000e+00 1.789429999999999840e-02 1.792650000000000146e-02
9.201975722999999885e-01 1.795559500000000128e-02 3.792019999999999788e-04 1.000000000000000000e+00 1.791919999999999971e-02 1.795170000000000099e-02
9.205043049000000144e-01 1.796632199999999985e-02 3.794630000000000225e-04 1.000000000000000000e+00 1.793840000000000018e-02 1.797100000000000086e-02
9.208111396000000504e-01 1.797238500000000044e-02 3.796639999999999889e-04 1.000000000000000000e+00 1.795220000000000149e-02 1.798500000000000099e-02
9.211180767000000102e-01 1.797537600000000124e-02 3.798119999999999882e-04 1.000000000000000000e+00 1.796170000000000058e-02 1.799459999999999948e-02
9.214251159999999885e-01 1.797680499999999848e-02 3.799179999999999766e-04 1.000000000000000000e+00 1.796810000000000074e-02 1.800109999999999905e-02
9.217322577000000017e-01 1.797783500000000104e-02 3.799920000000000034e-04 1.000000000000000000e+00 1.797280000000000058e-02 1.800579999999999889e-02
9.220395018000000498e-01 1.797914000000000109e-02 3.800440000000000090e-04 1.000000000000000000e+00 1.797670000000000171e-02 1.800979999999999942e-02
9.223468483000000218e-01 1.798094100000000028e-02 3.800769999999999865e-04 1.000000000000000000e+00 1.798059999999999936e-02 1.801370000000000055e-02
9.226542973000000369e-01 1.798316399999999940e-02 3.800960000000000146e-04 1.000000000000000000e+00 1.798469999999999930e-02 1.801770000000000108e-02
9.229618486999999760e-01 1.798571100000000145e-02 3.801009999999999849e-04 1.000000000000000000e+00 1.798900000000000152e-02 1.802190000000000042e-02
9.232695026999999666e-01 1.798868400000000131e-02 3.800939999999999831e-04 1.000000000000000000e+00 1.799349999999999908e-02 1.802619999999999917e-02
9.235772592000000003e-01 1.799249600000000018e-02 3.800780000000000022e-04 1.000000000000000000e+00 1.799819999999999892e-02 1.803079999999999961e-02
9.238851181999999662e-01 1.799780900000000003e-02 3.800580000000000126e-04 1.000000000000000000e+00 1.800349999999999867e-02 1.803590000000000054e-02
9.241930798999999919e-01 1.800530599999999870e-02 3.800410000000000160e-04 1.000000000000000000e+00 1.801020000000000051e-02 1.804240000000000010e-02
9.245011442999999662e-01 1.801538299999999940e-02 3.800310000000000211e-04 1.000000000000000000e+00 1.801909999999999970e-02 1.805110000000000048e-02
9.248093114000000003e-01 1.802783700000000142e-02 3.800279999999999739e-04 1.000000000000000000e+00 1.803070000000000020e-02 1.806239999999999929e-02
9.251175810999999749e-01 1.804168499999999828e-02 3.800270000000000124e-04 1.000000000000000000e+00 1.804510000000000142e-02 1.807639999999999941e-02
9.254259536000000175e-01 1.805513799999999835e-02 3.800140000000000245e-04 1.000000000000000000e+00 1.806150000000000116e-02 1.809229999999999866e-02
9.257344290000000253e-01 1.806573200000000101e-02 3.799680000000000050e-04 1.000000000000000000e+00 1.807809999999999973e-02 1.810849999999999960e-02
9.260430070999999819e-01 1.807067199999999943e-02 3.798639999999999938e-04 1.000000000000000000e+00 1.809269999999999975e-02 1.812249999999999972e-02
9.263516881000000147e-01 1.806715600000000088e-02 3.796769999999999767e-04 1.000000000000000000e+00 1.810219999999999885e-02 1.813120000000000009e-02
9.266604720000000128e-01 1.805271599999999990e-02 3.793840000000000255e-04 1.000000000000000000e+00 1.810329999999999925e-02 1.813160000000000119e-02
9.269693587999999762e-01 1.802539100000000172e-02 3.789689999999999964e-04 1.000000000000000000e+00 1.809329999999999966e-02 1.812079999999999941e-02
9.272783486000000241e-01 1.798365299999999875e-02 3.784239999999999804e-04 1.000000000000000000e+00 1.806939999999999935e-02 1.809619999999999979e-02
9.275874414000000456e-01 1.792618199999999884e-02 3.777470000000000003e-04 1.000000000000000000e+00 1.802990000000000148e-02 1.805589999999999973e-02
9.278966372000000407e-01 1.785151499999999836e-02 3.769369999999999860e-04 1.000000000000000000e+00 1.797309999999999880e-02 1.799850000000000061e-02
9.282059361000000175e-01 1.775781400000000024e-02 3.759909999999999988e-04 1.000000000000000000e+00 1.789790000000000131e-02 1.792279999999999915e-02
9.285153380999999762e-01 1.764285300000000001e-02 3.749019999999999827e-04 1.000000000000000000e+00 1.780309999999999879e-02 1.782759999999999900e-02
9.288248432000000276e-01 1.750441599999999834e-02 3.736529999999999951e-04 1.000000000000000000e+00 1.768729999999999955e-02 1.771150000000000155e-02
9.291344514999999582e-01 1.734084500000000056e-02 3.722190000000000221e-04 1.000000000000000000e+00 1.754939999999999972e-02 1.757349999999999884e-02
9.294441629999999899e-01 1.715178900000000062e-02 3.705779999999999881e-04 1.000000000000000000e+00 1.738850000000000118e-02 1.741250000000000089e-02
9.297539777000000116e-01 1.693883499999999931e-02 3.687109999999999737e-04 1.000000000000000000e+00 1.720489999999999867e-02 1.722879999999999898e-02
9.300638957000000318e-01 1.670576299999999847e-02 3.666140000000000241e-04 1.000000000000000000e+00 1.699989999999999835e-02 1.702369999999999925e-02
9.303739170000000502e-01 1.645835199999999901e-02 3.643030000000000118e-04 1.000000000000000000e+00 1.677669999999999856e-02 1.680030000000000065e-02
9.306840415999999561e-01 1.620374700000000098e-02 3.618140000000000158e-04 1.000000000000000000e+00 1.653980000000000034e-02 1.656320000000000014e-02
9.309942695999999795e-01 1.594946900000000084e-02 3.592000000000000032e-04 1.000000000000000000e+00 1.629500000000000046e-02 1.631820000000000145e-02
9.313046010000000097e-01 1.570233099999999993e-02 3.565239999999999902e-04 1.000000000000000000e+00 1.604859999999999967e-02 1.607139999999999957e-02
9.316150359000000547e-01 1.546756999999999993e-02 3.538540000000000175e-04 1.000000000000000000e+00 1.580640000000000170e-02 1.582889999999999991e-02
9.319255743000000036e-01 1.524850500000000074e-02 3.512489999999999840e-04 1.000000000000000000e+00 1.557329999999999999e-02 1.559529999999999944e-02
9.322362160999999592e-01 1.504689399999999989e-02 3.487559999999999792e-04 1.000000000000000000e+00 1.535270000000000037e-02 1.537430000000000047e-02
9.325469615000000490e-01 1.486383200000000043e-02 3.464130000000000052e-04 1.000000000000000000e+00 1.514700000000000074e-02 1.516819999999999974e-02
9.328578105000000509e-01 1.470079999999999998e-02 3.442510000000000079e-04 1.000000000000000000e+00 1.495789999999999967e-02 1.497880000000000045e-02
9.331687630999999650e-01 1.456038599999999981e-02 3.423009999999999877e-04 1.000000000000000000e+00 1.478759999999999970e-02 1.480820000000000053e-02
9.334798194000000215e-01 1.444624400000000045e-02 3.406029999999999778e-04 1.000000000000000000e+00 1.463889999999999983e-02 1.465930000000000011e-02
9.337909792999999903e-01 1.436226300000000011e-02 3.392019999999999823e-04 1.000000000000000000e+00 1.451520000000000067e-02 1.453540000000000040e-02
9.341022429999999988e-01 1.431126599999999957e-02 3.381400000000000117e-04 1.000000000000000000e+00 1.442009999999999993e-02 1.444029999999999966e-02
9.344136104000000387e-01 1.429382000000000048e-02 3.374499999999999895e-04 1.000000000000000000e+00 1.435649999999999947e-02 1.437669999999999920e-02
9.347250816000000073e-01 1.430766999999999976e-02 3.371399999999999874e-04 1.000000000000000000e+00 1.432499999999999919e-02 1.434530000000000007e-02
9.350366566000000157e-01 1.434806599999999960e-02 3.371879999999999843e-04 1.000000000000000000e+00 1.432439999999999929e-02 1.434479999999999957e-02
9.353483354999999611e-01 1.440891700000000025e-02 3.375499999999999920e-04 1.000000000000000000e+00 1.435089999999999977e-02 1.437139999999999945e-02
9.356601182999999544e-01 1.448431399999999987e-02 3.381640000000000102e-04 1.000000000000000000e+00 1.439950000000000084e-02 1.442019999999999934e-02
9.359720049999999958e-01 1.457012199999999959e-02 3.389689999999999999e-04 1.000000000000000000e+00 1.446530000000000038e-02 1.448610000000000002e-02
9.362839955999999741e-01 1.466507499999999964e-02 3.399189999999999959e-04 1.000000000000000000e+00 1.454420000000000018e-02 1.456520000000000037e-02
9.365960903000000171e-01 1.477114700000000010e-02 3.409929999999999927e-04 1.000000000000000000e+00 1.463459999999999935e-02 1.465580000000000008e-02
9.369082890000000052e-01 1.489295099999999976e-02 3.422009999999999852e-04 1.000000000000000000e+00 1.473750000000000060e-02 1.475890000000000014e-02
9.372205917999999469e-01 1.503615200000000054e-02 3.435809999999999754e-04 1.000000000000000000e+00 1.485590000000000001e-02 1.487750000000000010e-02
9.375329985999999449e-01 1.520513499999999983e-02 3.451810000000000143e-04 1.000000000000000000e+00 1.499409999999999979e-02 1.501590000000000043e-02
9.378455096000000157e-01 1.540059600000000077e-02 3.470360000000000025e-04 1.000000000000000000e+00 1.515530000000000002e-02 1.517740000000000061e-02
9.381581248000000484e-01 1.561778999999999945e-02 3.491529999999999959e-04 1.000000000000000000e+00 1.534010000000000061e-02 1.536249999999999942e-02
9.384708442000000428e-01 1.584614700000000140e-02 3.514850000000000136e-04 1.000000000000000000e+00 1.554479999999999924e-02 1.556749999999999974e-02
9.387836677999999990e-01 1.607049899999999851e-02 3.539339999999999761e-04 1.000000000000000000e+00 1.576079999999999842e-02 1.578390000000000001e-02
9.390965957000000364e-01 1.627372200000000088e-02 3.563579999999999786e-04 1.000000000000000000e+00 1.597559999999999952e-02 1.599920000000000161e-02
9.394096279000000438e-01 1.643994899999999884e-02 3.585959999999999799e-04 1.000000000000000000e+00 1.617470000000000019e-02 1.619860000000000050e-02
9.397227644000000213e-01 1.655739300000000011e-02 3.604929999999999788e-04 1.000000000000000000e+00 1.634379999999999861e-02 1.636810000000000001e-02
9.400360052999999771e-01 1.661992899999999856e-02 3.619280000000000218e-04 1.000000000000000000e+00 1.647150000000000003e-02 1.649609999999999965e-02
9.403493507000000307e-01 1.662730999999999931e-02 3.628290000000000052e-04 1.000000000000000000e+00 1.655070000000000152e-02 1.657549999999999996e-02
9.406628004999999515e-01 1.658410000000000092e-02 3.631730000000000006e-04 1.000000000000000000e+00 1.657909999999999939e-02 1.660400000000000070e-02
9.409763546999999617e-01 1.649816399999999919e-02 3.629869999999999993e-04 1.000000000000000000e+00 1.655879999999999852e-02 1.658369999999999983e-02
9.412900134999999668e-01 1.637924899999999850e-02 3.623330000000000019e-04 1.000000000000000000e+00 1.649530000000000093e-02 1.652019999999999877e-02
9.416037768999999669e-01 1.623800900000000116e-02 3.612970000000000070e-04 1.000000000000000000e+00 1.639670000000000016e-02 1.642149999999999860e-02
9.419176447999999535e-01 1.608547800000000028e-02 3.599809999999999946e-04 1.000000000000000000e+00 1.627249999999999877e-02 1.629730000000000067e-02
9.422316173000000461e-01 1.593274299999999921e-02 3.584969999999999932e-04 1.000000000000000000e+00 1.613310000000000091e-02 1.615779999999999994e-02
9.425456945000000308e-01 1.579047299999999932e-02 3.569590000000000089e-04 1.000000000000000000e+00 1.598919999999999855e-02 1.601380000000000164e-02
9.428598764000000187e-01 1.566813900000000107e-02 3.554809999999999936e-04 1.000000000000000000e+00 1.585129999999999872e-02 1.587569999999999953e-02
9.431741631000000181e-01 1.557305800000000073e-02 3.541670000000000126e-04 1.000000000000000000e+00 1.572859999999999883e-02 1.575299999999999964e-02
9.434885544000000124e-01 1.550951100000000013e-02 3.531019999999999949e-04 1.000000000000000000e+00 1.562869999999999884e-02 1.565309999999999965e-02
9.438030506000000264e-01 1.547822199999999981e-02 3.523409999999999932e-04 1.000000000000000000e+00 1.555649999999999915e-02 1.558089999999999996e-02
9.441176516000000518e-01 1.547646199999999986e-02 3.519059999999999745e-04 1.000000000000000000e+00 1.551370000000000006e-02 1.553809999999999913e-02
9.444323574999999860e-01 1.549889599999999985e-02 3.517840000000000051e-04 1.000000000000000000e+00 1.549889999999999948e-02 1.552339999999999970e-02
9.447471683000000509e-01 1.553887999999999971e-02 3.519309999999999886e-04 1.000000000000000000e+00 1.550840000000000031e-02 1.553299999999999993e-02
9.450620840000000245e-01 1.558993300000000026e-02 3.522900000000000033e-04 1.000000000000000000e+00 1.553679999999999992e-02 1.556160000000000009e-02
9.453771047000000260e-01 1.564677399999999871e-02 3.527970000000000173e-04 1.000000000000000000e+00 1.557869999999999915e-02 1.560369999999999986e-02
9.456922303999999446e-01 1.570563399999999957e-02 3.533960000000000161e-04 1.000000000000000000e+00 1.562900000000000053e-02 1.565410000000000065e-02
9.460074612000000105e-01 1.576389699999999894e-02 3.540419999999999960e-04 1.000000000000000000e+00 1.568369999999999834e-02 1.570910000000000015e-02
9.463227969999999933e-01 1.581935300000000127e-02 3.546980000000000250e-04 1.000000000000000000e+00 1.573980000000000171e-02 1.576529999999999945e-02
9.466382379000000125e-01 1.586961200000000169e-02 3.553329999999999943e-04 1.000000000000000000e+00 1.579440000000000011e-02 1.582000000000000073e-02
9.469537839999999651e-01 1.591201100000000021e-02 3.559200000000000211e-04 1.000000000000000000e+00 1.584489999999999857e-02 1.587059999999999860e-02
9.472694352999999623e-01 1.594405600000000159e-02 3.564290000000000123e-04 1.000000000000000000e+00 1.588859999999999925e-02 1.591450000000000156e-02
9.475851916999999958e-01 1.596414999999999987e-02 3.568339999999999923e-04 1.000000000000000000e+00 1.592319999999999847e-02 1.594920000000000018e-02
9.479010534999999793e-01 1.597234900000000027e-02 3.571189999999999803e-04 1.000000000000000000e+00 1.594709999999999878e-02 1.597319999999999990e-02
9.482170205000000074e-01 1.597079300000000049e-02 3.572849999999999919e-04 1.000000000000000000e+00 1.596020000000000078e-02 1.598640000000000130e-02
9.485330927999999773e-01 1.596372199999999963e-02 3.573480000000000081e-04 1.000000000000000000e+00 1.596409999999999843e-02 1.599029999999999896e-02
9.488492705000000083e-01 1.595685700000000137e-02 3.573480000000000081e-04 1.000000000000000000e+00 1.596209999999999990e-02 1.598839999999999983e-02
9.491655535999999893e-01 1.595618099999999984e-02 3.573369999999999975e-04 1.000000000000000000e+00 1.595900000000000096e-02 1.598530000000000090e-02
9.494819421000000315e-01 1.596631899999999965e-02 3.573730000000000222e-04 1.000000000000000000e+00 1.595979999999999968e-02 1.598619999999999902e-02
9.497984361000000320e-01 1.598900199999999869e-02 3.575000000000000161e-04 1.000000000000000000e+00 1.596859999999999946e-02 1.599510000000000168e-02
9.501150355999999908e-01 1.602234599999999981e-02 3.577410000000000160e-04 1.000000000000000000e+00 1.598729999999999943e-02 1.601390000000000105e-02
9.504317406000000190e-01 1.606147900000000003e-02 3.580859999999999729e-04 1.000000000000000000e+00 1.601500000000000146e-02 1.604169999999999902e-02
9.507485512000000138e-01 1.610048999999999855e-02 3.584990000000000247e-04 1.000000000000000000e+00 1.604840000000000086e-02 1.607520000000000129e-02
9.510654673999999753e-01 1.613483099999999879e-02 3.589320000000000119e-04 1.000000000000000000e+00 1.608319999999999889e-02 1.611020000000000160e-02
9.513824892000000144e-01 1.616311999999999957e-02 3.593450000000000095e-04 1.000000000000000000e+00 1.611579999999999957e-02 1.614290000000000169e-02
9.516996167000000284e-01 1.618734599999999829e-02 3.597200000000000050e-04 1.000000000000000000e+00 1.614470000000000141e-02 1.617199999999999888e-02
9.520168499000000173e-01 1.621145400000000014e-02 3.600669999999999934e-04 1.000000000000000000e+00 1.617079999999999906e-02 1.619829999999999881e-02
9.523341888999999894e-01 1.623908900000000169e-02 3.604130000000000202e-04 1.000000000000000000e+00 1.619680000000000078e-02 1.622449999999999934e-02
9.526516336000000473e-01 1.627163599999999904e-02 3.607819999999999755e-04 1.000000000000000000e+00 1.622509999999999925e-02 1.625300000000000009e-02
9.529691840999999775e-01 1.630763400000000141e-02 3.611840000000000168e-04 1.000000000000000000e+00 1.625700000000000062e-02 1.628510000000000027e-02
9.532868405000000100e-01 1.634365100000000071e-02 3.616080000000000249e-04 1.000000000000000000e+00 1.629179999999999864e-02 1.632000000000000117e-02
9.536046028000000341e-01 1.637603899999999849e-02 3.620270000000000085e-04 1.000000000000000000e+00 1.632700000000000123e-02 1.635539999999999911e-02
9.539224710000000496e-01 1.640265899999999999e-02 3.624079999999999901e-04 1.000000000000000000e+00 1.636009999999999895e-02 1.638859999999999970e-02
9.542404451999999537e-01 1.642378800000000166e-02 3.627319999999999958e-04 1.000000000000000000e+00 1.638919999999999960e-02 1.641770000000000035e-02
9.545585252999999604e-01 1.644198700000000166e-02 3.629969999999999941e-04 1.000000000000000000e+00 1.641400000000000151e-02 1.644249999999999878e-02
9.548767114999999750e-01 1.646116099999999846e-02 3.632239999999999904e-04 1.000000000000000000e+00 1.643609999999999863e-02 1.646459999999999937e-02
9.551950036999999893e-01 1.648527500000000062e-02 3.634469999999999780e-04 1.000000000000000000e+00 1.645829999999999863e-02 1.648679999999999937e-02
9.555134021000000200e-01 1.651713600000000171e-02 3.637019999999999815e-04 1.000000000000000000e+00 1.648360000000000103e-02 1.651199999999999890e-02
9.558319065000000503e-01 1.655753000000000086e-02 3.640189999999999854e-04 1.000000000000000000e+00 1.651450000000000140e-02 1.654289999999999927e-02
9.561505171999999941e-01 1.660486799999999832e-02 3.644119999999999933e-04 1.000000000000000000e+00 1.655190000000000133e-02 1.658029999999999921e-02
9.564692339999999460e-01 1.665543900000000105e-02 3.648740000000000035e-04 1.000000000000000000e+00 1.659499999999999864e-02 1.662349999999999939e-02
9.567880571000000334e-01 1.670432999999999987e-02 3.653749999999999771e-04 1.000000000000000000e+00 1.664130000000000123e-02 1.666969999999999910e-02
9.571069864000000260e-01 1.674683199999999969e-02 3.658749999999999893e-04 1.000000000000000000e+00 1.668680000000000163e-02 1.671529999999999891e-02
9.574260221000000515e-01 1.678000099999999925e-02 3.663319999999999749e-04 1.000000000000000000e+00 1.672799999999999981e-02 1.675650000000000056e-02
9.577451640999999904e-01 1.680380399999999858e-02 3.667170000000000195e-04 1.000000000000000000e+00 1.676220000000000140e-02 1.679080000000000156e-02
9.580644124999999622e-01 1.682135099999999828e-02 3.670239999999999744e-04 1.000000000000000000e+00 1.678910000000000124e-02 1.681780000000000080e-02
9.583837672999999668e-01 1.683802599999999899e-02 3.672740000000000076e-04 1.000000000000000000e+00 1.681080000000000074e-02 1.683950000000000030e-02
9.587032285000000043e-01 1.685978900000000003e-02 3.675090000000000214e-04 1.000000000000000000e+00 1.683120000000000102e-02 1.685990000000000058e-02
9.590227962999999800e-01 1.689119600000000068e-02 3.677779999999999743e-04 1.000000000000000000e+00 1.685479999999999964e-02 1.688359999999999861e-02
9.593424705999999968e-01 1.693394200000000044e-02 3.681240000000000011e-04 1.000000000000000000e+00 1.688550000000000120e-02 1.691439999999999957e-02
9.596622514000000548e-01 1.698637700000000042e-02 3.685660000000000216e-04 1.000000000000000000e+00 1.692499999999999907e-02 1.695400000000000032e-02
9.599821388000000510e-01 1.704416799999999843e-02 3.690979999999999955e-04 1.000000000000000000e+00 1.697239999999999860e-02 1.700149999999999925e-02
9.603021327999999857e-01 1.710176899999999930e-02 3.696899999999999926e-04 1.000000000000000000e+00 1.702489999999999906e-02 1.705409999999999912e-02
9.606222334999999779e-01 1.715412800000000113e-02 3.702980000000000247e-04 1.000000000000000000e+00 1.707809999999999884e-02 1.710750000000000118e-02
9.609424410000000361e-01 1.719803599999999988e-02 3.708800000000000269e-04 1.000000000000000000e+00 1.712800000000000086e-02 1.715759999999999855e-02
9.612627551000000325e-01 1.723271800000000104e-02 3.714030000000000217e-04 1.000000000000000000e+00 1.717170000000000155e-02 1.720160000000000092e-02
9.615831759999999839e-01 1.725956199999999913e-02 3.718540000000000213e-04 1.000000000000000000e+00 1.720819999999999989e-02 1.723819999999999866e-02
9.619037038000000095e-01 1.728124300000000169e-02 3.722369999999999802e-04 1.000000000000000000e+00 1.723799999999999985e-02 1.726830000000000032e-02
9.622243382999999817e-01 1.730069600000000082e-02 3.725670000000000262e-04 1.000000000000000000e+00 1.726309999999999997e-02 1.729359999999999925e-02
9.625450798000000363e-01 1.732030700000000006e-02 3.728650000000000020e-04 1.000000000000000000e+00 1.728570000000000106e-02 1.731629999999999975e-02
9.628659281000000458e-01 1.734159899999999921e-02 3.731489999999999742e-04 1.000000000000000000e+00 1.730769999999999878e-02 1.733849999999999975e-02
9.631868834000000268e-01 1.736535100000000109e-02 3.734330000000000006e-04 1.000000000000000000e+00 1.733070000000000097e-02 1.736160000000000134e-02
9.635079456999999792e-01 1.739193400000000125e-02 3.737270000000000219e-04 1.000000000000000000e+00 1.735539999999999999e-02 1.738639999999999977e-02
9.638291150000000140e-01 1.742158699999999880e-02 3.740370000000000240e-04 1.000000000000000000e+00 1.738239999999999924e-02 1.741339999999999902e-02
9.641503914000000286e-01 1.745450800000000052e-02 3.743700000000000088e-04 1.000000000000000000e+00 1.741190000000000099e-02 1.744300000000000017e-02
9.644717749000000229e-01 1.749081800000000173e-02 3.747299999999999850e-04 1.000000000000000000e+00 1.744419999999999998e-02 1.747539999999999857e-02
9.647932654999999968e-01 1.753053799999999829e-02 3.751210000000000156e-04 1.000000000000000000e+00 1.747960000000000139e-02 1.751079999999999998e-02
9.651148631999999505e-01 1.757366900000000010e-02 3.755450000000000238e-04 1.000000000000000000e+00 1.751820000000000113e-02 1.754939999999999972e-02
9.654365682000000115e-01 1.762034200000000064e-02 3.760020000000000094e-04 1.000000000000000000e+00 1.756009999999999863e-02 1.759140000000000009e-02
9.657583803999999494e-01 1.767088500000000076e-02 3.764959999999999813e-04 1.000000000000000000e+00 1.760549999999999962e-02 1.763680000000000109e-02
9.660802997999999864e-01 1.772567800000000166e-02 3.770290000000000251e-04 1.000000000000000000e+00 1.765469999999999887e-02 1.768609999999999974e-02
9.664023266000000278e-01 1.778482199999999874e-02 3.776040000000000256e-04 1.000000000000000000e+00 1.770779999999999924e-02 1.773929999999999951e-02
9.667244606999999545e-01 1.784774700000000061e-02 3.782230000000000140e-04 1.000000000000000000e+00 1.776490000000000014e-02 1.779649999999999982e-02
9.670467021999999968e-01 1.791299899999999889e-02 3.788800000000000045e-04 1.000000000000000000e+00 1.782550000000000107e-02 1.785720000000000016e-02
9.673690511000000436e-01 1.797830400000000051e-02 3.795630000000000249e-04 1.000000000000000000e+00 1.788829999999999934e-02 1.792020000000000071e-02
9.676915073999999839e-01 1.804095199999999899e-02 3.802529999999999929e-04 1.000000000000000000e+00 1.795149999999999871e-02 1.798349999999999949e-02
9.680140712999999453e-01 1.809827500000000047e-02 3.809260000000000185e-04 1.000000000000000000e+00 1.801289999999999836e-02 1.804510000000000142e-02
9.683367426000000222e-01 1.814813599999999874e-02 3.815550000000000018e-04 1.000000000000000000e+00 1.807020000000000154e-02 1.810250000000000054e-02
9.686595216000000175e-01 1.818919700000000070e-02 3.821200000000000074e-04 1.000000000000000000e+00 1.812129999999999991e-02 1.815380000000000119e-02
9.689824081000000255e-01 1.822098899999999994e-02 3.826050000000000002e-04 1.000000000000000000e+00 1.816490000000000118e-02 1.819749999999999840e-02
9.693054022000000547e-01 1.824375799999999881e-02 3.829990000000000239e-04 1.000000000000000000e+00 1.820019999999999971e-02 1.823289999999999980e-02
9.696285040000000022e-01 1.825821299999999883e-02 3.833020000000000242e-04 1.000000000000000000e+00 1.822709999999999955e-02 1.825999999999999845e-02
9.699517134999999790e-01 1.826523199999999930e-02 3.835159999999999784e-04 1.000000000000000000e+00 1.824610000000000121e-02 1.827900000000000011e-02
9.702750306999999852e-01 1.826562400000000114e-02 3.836450000000000038e-04 1.000000000000000000e+00 1.825770000000000171e-02 1.829060000000000061e-02
9.705984557000000290e-01 1.825999000000000025e-02 3.836959999999999937e-04 1.000000000000000000e+00 1.826240000000000155e-02 1.829530000000000045e-02
9.709219886000000077e-01 1.824871299999999974e-02 3.836740000000000267e-04 1.000000000000000000e+00 1.826080000000000064e-02 1.829350000000000073e-02
9.712456292000000158e-01 1.823204200000000039e-02 3.835840000000000191e-04 1.000000000000000000e+00 1.825299999999999839e-02 1.828569999999999848e-02
9.715693777999999670e-01 1.821025500000000158e-02 3.834320000000000111e-04 1.000000000000000000e+00 1.823929999999999996e-02 1.827180000000000124e-02
9.718932341999999558e-01 1.818383800000000078e-02 3.832260000000000202e-04 1.000000000000000000e+00 1.821990000000000068e-02 1.825239999999999849e-02
9.722171985999999988e-01 1.815364300000000056e-02 3.829719999999999782e-04 1.000000000000000000e+00 1.819540000000000046e-02 1.822769999999999946e-02
9.725412709999999850e-01 1.812097899999999887e-02 3.826839999999999973e-04 1.000000000000000000e+00 1.816660000000000150e-02 1.819890000000000049e-02
9.728654515000000336e-01 1.808760300000000071e-02 3.823750000000000109e-04 1.000000000000000000e+00 1.813479999999999953e-02 1.816709999999999853e-02
9.731897399000000171e-01 1.805558999999999983e-02 3.820629999999999773e-04 1.000000000000000000e+00 1.810190000000000063e-02 1.813410000000000022e-02
9.735141364999999603e-01 1.802712100000000012e-02 3.817669999999999788e-04 1.000000000000000000e+00 1.806980000000000045e-02 1.810200000000000004e-02
9.738386411999999659e-01 1.800420599999999829e-02 3.815070000000000050e-04 1.000000000000000000e+00 1.804069999999999979e-02 1.807289999999999938e-02
9.741632541000000423e-01 1.798848100000000061e-02 3.813010000000000141e-04 1.000000000000000000e+00 1.801650000000000126e-02 1.804880000000000026e-02
9.744879751999999673e-01 1.798106400000000146e-02 3.811630000000000096e-04 1.000000000000000000e+00 1.799879999999999883e-02 1.803130000000000011e-02
9.748128044999999631e-01 1.798250300000000038e-02 3.811040000000000022e-04 1.000000000000000000e+00 1.798889999999999864e-02 1.802139999999999992e-02
9.751377421000000378e-01 1.799272999999999845e-02 3.811309999999999937e-04 1.000000000000000000e+00 1.798719999999999833e-02 1.801989999999999842e-02
9.754627879999999696e-01 1.801100699999999902e-02 3.812439999999999839e-04 1.000000000000000000e+00 1.799390000000000017e-02 1.802669999999999967e-02
9.757879422999999885e-01 1.803584299999999932e-02 3.814369999999999870e-04 1.000000000000000000e+00 1.800840000000000080e-02 1.804129999999999970e-02
9.761132049999999838e-01 1.806501699999999919e-02 3.817000000000000080e-04 1.000000000000000000e+00 1.802940000000000098e-02 1.806239999999999929e-02
9.764385759999999470e-01 1.809576699999999871e-02 3.820110000000000259e-04 1.000000000000000000e+00 1.805510000000000101e-02 1.808819999999999872e-02
9.767640555000000058e-01 1.812522000000000091e-02 3.823470000000000037e-04 1.000000000000000000e+00 1.808310000000000126e-02 1.811629999999999838e-02
9.770896435999999463e-01 1.815095799999999829e-02 3.826799999999999885e-04 1.000000000000000000e+00 1.811089999999999922e-02 1.814429999999999862e-02
9.774153400999999741e-01 1.817157100000000094e-02 3.829880000000000133e-04 1.000000000000000000e+00 1.813630000000000103e-02 1.816979999999999984e-02
9.777411451999999947e-01 1.818697299999999864e-02 3.832549999999999889e-04 1.000000000000000000e+00 1.815790000000000112e-02 1.819149999999999934e-02
9.780670589000000081e-01 1.819838500000000095e-02 3.834759999999999992e-04 1.000000000000000000e+00 1.817529999999999840e-02 1.820909999999999890e-02
9.783930813000000226e-01 1.820798300000000050e-02 3.836590000000000074e-04 1.000000000000000000e+00 1.818919999999999912e-02 1.822309999999999902e-02
9.787192123000000299e-01 1.821831900000000018e-02 3.838189999999999788e-04 1.000000000000000000e+00 1.820130000000000012e-02 1.823520000000000002e-02
9.790454521000000465e-01 1.823168799999999937e-02 3.839770000000000271e-04 1.000000000000000000e+00 1.821340000000000112e-02 1.824740000000000043e-02
9.793718004999999449e-01 1.824958900000000009e-02 3.841539999999999950e-04 1.000000000000000000e+00 1.822750000000000065e-02 1.826159999999999936e-02
9.796982577999999720e-01 1.827240800000000040e-02 3.843639999999999947e-04 1.000000000000000000e+00 1.824500000000000080e-02 1.827919999999999892e-02
9.800248239000000083e-01 1.829937200000000125e-02 3.846139999999999737e-04 1.000000000000000000e+00 1.826650000000000149e-02 1.830079999999999901e-02
9.803514988000000541e-01 1.832877999999999938e-02 3.848999999999999774e-04 1.000000000000000000e+00 1.829160000000000161e-02 1.832589999999999913e-02
9.806782827000000147e-01 1.835845300000000027e-02 3.852109999999999953e-04 1.000000000000000000e+00 1.831889999999999907e-02 1.835329999999999948e-02
9.810051753999999846e-01 1.838628900000000010e-02 3.855299999999999764e-04 1.000000000000000000e+00 1.834679999999999991e-02 1.838139999999999913e-02
9.813321771999999887e-01 1.841073400000000151e-02 3.858409999999999943e-04 1.000000000000000000e+00 1.837360000000000035e-02 1.840829999999999897e-02
9.816592879000000105e-01 1.843107600000000110e-02 3.861280000000000137e-04 1.000000000000000000e+00 1.839789999999999828e-02 1.843260000000000037e-02
9.819865075999999471e-01 1.844743999999999898e-02 3.863849999999999945e-04 1.000000000000000000e+00 1.841869999999999966e-02 1.845360000000000056e-02
9.823138365000000372e-01 1.846055799999999844e-02 3.866089999999999978e-04 1.000000000000000000e+00 1.843610000000000040e-02 1.847110000000000071e-02
9.826412744000000421e-01 1.847140599999999924e-02 3.868049999999999939e-04 1.000000000000000000e+00 1.845039999999999875e-02 1.848560000000000134e-02
9.829688214999999785e-01 1.848087699999999972e-02 3.869799999999999846e-04 1.000000000000000000e+00 1.846230000000000093e-02 1.849759999999999946e-02
9.832964777999999573e-01 1.848958200000000093e-02 3.871419999999999874e-04 1.000000000000000000e+00 1.847239999999999993e-02 1.850780000000000133e-02
9.836242432999999785e-01 1.849782499999999899e-02 3.872960000000000270e-04 1.000000000000000000e+00 1.848129999999999912e-02 1.851699999999999874e-02
9.839521180000000422e-01 1.850568299999999847e-02 3.874470000000000192e-04 1.000000000000000000e+00 1.848949999999999899e-02 1.852530000000000149e-02
9.842801021000000539e-01 1.851312700000000075e-02 3.875969999999999958e-04 1.000000000000000000e+00 1.849699999999999955e-02 1.853310000000000027e-02
9.846081953999999969e-01 1.852009699999999925e-02 3.877460000000000108e-04 1.000000000000000000e+00 1.850409999999999902e-02 1.854039999999999855e-02
9.849363982000000073e-01 1.852652200000000013e-02 3.878929999999999943e-04 1.000000000000000000e+00 1.851080000000000086e-02 1.854739999999999861e-02
9.852647102999999573e-01 1.853229799999999913e-02 3.880380000000000005e-04 1.000000000000000000e+00 1.851710000000000161e-02 1.855390000000000164e-02
9.855931318999999746e-01 1.853729000000000141e-02 3.881789999999999980e-04 1.000000000000000000e+00 1.852279999999999899e-02 1.855990000000000070e-02
9.859216629000000509e-01 1.854135300000000000e-02 3.883140000000000094e-04 1.000000000000000000e+00 1.852789999999999992e-02 1.856529999999999986e-02
9.862503034999999807e-01 1.854438400000000056e-02 3.884390000000000260e-04 1.000000000000000000e+00 1.853230000000000155e-02 1.856990000000000030e-02
9.865790535999999777e-01 1.854636299999999974e-02 3.885550000000000093e-04 1.000000000000000000e+00 1.853580000000000158e-02 1.857359999999999914e-02
9.869079133000000503e-01 1.854735899999999937e-02 3.886599999999999821e-04 1.000000000000000000e+00 1.853830000000000061e-02 1.857630000000000045e-02
9.872368825999999764e-01 1.854750499999999885e-02 3.887539999999999984e-04 1.000000000000000000e+00 1.853979999999999864e-02 1.857810000000000017e-02
9.875659614999999780e-01 1.854694800000000060e-02 3.888389999999999815e-04 1.000000000000000000e+00 1.854039999999999855e-02 1.857899999999999829e-02
9.878951501999999607e-01 1.854581699999999916e-02 3.889160000000000013e-04 1.000000000000000000e+00 1.854029999999999914e-02 1.857910000000000117e-02
9.882244486000000272e-01 1.854421800000000120e-02 3.889860000000000192e-04 1.000000000000000000e+00 1.853959999999999983e-02 1.857860000000000067e-02
9.885538566999999555e-01 1.854225500000000054e-02 3.890510000000000127e-04 1.000000000000000000e+00 1.853849999999999942e-02 1.857769999999999908e-02
9.888833746999999841e-01 1.854005400000000026e-02 3.891090000000000044e-04 1.000000000000000000e+00 1.853700000000000139e-02 1.857639999999999986e-02
9.892130024999999938e-01 1.853777300000000045e-02 3.891629999999999872e-04 1.000000000000000000e+00 1.853530000000000108e-02 1.857500000000000123e-02
9.895427400999999845e-01 1.853558500000000026e-02 3.892139999999999771e-04 1.000000000000000000e+00 1.853360000000000077e-02 1.857340000000000033e-02
9.898725876999999729e-01 1.853363900000000106e-02 3.892610000000000124e-04 1.000000000000000000e+00 1.853190000000000046e-02 1.857200000000000170e-02
9.902025451999999506e-01 1.853203900000000015e-02 3.893069999999999777e-04 1.000000000000000000e+00 1.853049999999999836e-02 1.857069999999999901e-02
9.905326127000000369e-01 1.853083599999999845e-02 3.893519999999999815e-04 1.000000000000000000e+00 1.852929999999999855e-02 1.856970000000000148e-02
9.908627903000000181e-01 1.853005599999999961e-02 3.893969999999999853e-04 1.000000000000000000e+00 1.852849999999999983e-02 1.856910000000000158e-02
9.911930778999999969e-01 1.852973000000000120e-02 3.894419999999999891e-04 1.000000000000000000e+00 1.852820000000000161e-02 1.856889999999999930e-02
9.915234755999999816e-01 1.852991999999999834e-02 3.894869999999999929e-04 1.000000000000000000e+00 1.852830000000000102e-02 1.856910000000000158e-02
9.918539833999999722e-01 1.853069900000000117e-02 3.895330000000000125e-04 1.000000000000000000e+00 1.852900000000000033e-02 1.856990000000000030e-02
9.921846013999999769e-01 1.853211299999999936e-02 3.895789999999999778e-04 1.000000000000000000e+00 1.853020000000000014e-02 1.857119999999999951e-02
9.925153295999999958e-01 1.853412200000000010e-02 3.896269999999999747e-04 1.000000000000000000e+00 1.853199999999999986e-02 1.857299999999999923e-02
9.928461680000000289e-01 1.853656899999999927e-02 3.896770000000000030e-04 1.000000000000000000e+00 1.853420000000000067e-02 1.857529999999999945e-02
9.931771167999999816e-01 1.853918599999999917e-02 3.897290000000000086e-04 1.000000000000000000e+00 1.853650000000000089e-02 1.857769999999999908e-02
9.935081757999999486e-01 1.854164900000000032e-02 3.897819999999999757e-04 1.000000000000000000e+00 1.853880000000000111e-02 1.857999999999999929e-02
9.938393451999999462e-01 1.854365300000000022e-02 3.898360000000000128e-04 1.000000000000000000e+00 1.854079999999999964e-02 1.858200000000000129e-02
9.941706249999999745e-01 1.854497800000000016e-02 3.898910000000000114e-04 1.000000000000000000e+00 1.854219999999999827e-02 1.858349999999999932e-02
9.945020152000000335e-01 1.854552199999999831e-02 3.899449999999999943e-04 1.000000000000000000e+00 1.854290000000000105e-02 1.858430000000000151e-02
9.948335159000000205e-01 1.854528800000000005e-02 3.899969999999999999e-04 1.000000000000000000e+00 1.854300000000000045e-02 1.858450000000000032e-02
9.951651270000000382e-01 1.854434500000000027e-02 3.900469999999999740e-04 1.000000000000000000e+00 1.854240000000000055e-02 1.858409999999999923e-02
9.954968486999999921e-01 1.854278300000000018e-02 3.900940000000000093e-04 1.000000000000000000e+00 1.854120000000000074e-02 1.858310000000000170e-02
9.958286809999999933e-01 1.854069100000000150e-02 3.901379999999999974e-04 1.000000000000000000e+00 1.853950000000000042e-02 1.858150000000000079e-02
9.961606239000000418e-01 1.853815199999999871e-02 3.901800000000000082e-04 1.000000000000000000e+00 1.853729999999999961e-02 1.857949999999999879e-02
9.964926775000000347e-01 1.853526299999999974e-02 3.902210000000000032e-04 1.000000000000000000e+00 1.853470000000000117e-02 1.857709999999999917e-02
9.968248416999999639e-01 1.853214799999999829e-02 3.902590000000000052e-04 1.000000000000000000e+00 1.853180000000000105e-02 1.857440000000000133e-02
9.971571165999999486e-01 1.852896500000000141e-02 3.902959999999999915e-04 1.000000000000000000e+00 1.852880000000000152e-02 1.857160000000000061e-02
9.974895022999999972e-01 1.852588200000000046e-02 3.903320000000000162e-04 1.000000000000000000e+00 1.852590000000000139e-02 1.856889999999999930e-02
9.978219987999999985e-01 1.852304199999999998e-02 3.903670000000000252e-04 1.000000000000000000e+00 1.852320000000000008e-02 1.856640000000000026e-02
9.981546061999999608e-01 1.852052100000000159e-02 3.904000000000000027e-04 1.000000000000000000e+00 1.852080000000000046e-02 1.856419999999999945e-02
9.984873243999999870e-01 1.851830399999999932e-02 3.904329999999999802e-04 1.000000000000000000e+00 1.851869999999999905e-02 1.856230000000000033e-02
9.988201534999999742e-01 1.851628899999999828e-02 3.904639999999999804e-04 1.000000000000000000e+00 1.851679999999999993e-02 1.856050000000000061e-02
9.991530935000000335e-01 1.851431900000000130e-02 3.904949999999999806e-04 1.000000000000000000e+00 1.851509999999999961e-02 1.855889999999999970e-02
9.994861445999999594e-01 1.851224300000000114e-02 3.905229999999999878e-04 1.000000000000000000e+00 1.851320000000000049e-02 1.855719999999999939e-02
9.998193065999999574e-01 1.850997500000000143e-02 3.905509999999999949e-04 1.000000000000000000e+00 1.851119999999999849e-02 1.855530000000000027e-02
1.000152579999999958e+00 1.850754300000000130e-02 3.905760000000000091e-04 1.000000000000000000e+00 1.850900000000000115e-02 1.855319999999999886e-02
1.000485963999999894e+00 1.850509599999999866e-02 3.906000000000000075e-04 1.000000000000000000e+00 1.850670000000000093e-02 1.855100000000000152e-02
1.000819458999999911e+00 1.850287499999999849e-02 3.906240000000000059e-04 1.000000000000000000e+00 1.850440000000000071e-02 1.854890000000000011e-02
1.001153066000000091e+00 1.850113800000000031e-02 3.906480000000000044e-04 1.000000000000000000e+00 1.850250000000000158e-02 1.854700000000000099e-02
1.001486783000000047e+00 1.850007799999999966e-02 3.906749999999999958e-04 1.000000000000000000e+00 1.850100000000000008e-02 1.854559999999999889e-02
1.001820611999999944e+00 1.849973900000000115e-02 3.907059999999999960e-04 1.000000000000000000e+00 1.849999999999999908e-02 1.854480000000000017e-02
1.002154553000000003e+00 1.849998799999999846e-02 3.907410000000000050e-04 1.000000000000000000e+00 1.849960000000000146e-02 1.854449999999999849e-02
1.002488604000000061e+00 1.850053800000000040e-02 3.907809999999999843e-04 1.000000000000000000e+00 1.849949999999999858e-02 1.854439999999999908e-02
1.002822767000000059e+00 1.850102500000000080e-02 3.908259999999999881e-04 1.000000000000000000e+00 1.849949999999999858e-02 1.854449999999999849e-02
1.003157040999999916e+00 1.850112099999999885e-02 3.908739999999999849e-04 1.000000000000000000e+00 1.849920000000000037e-02 1.854439999999999908e-02
1.003491426999999936e+00 1.850062400000000024e-02 3.909240000000000132e-04 1.000000000000000000e+00 1.849860000000000046e-02 1.854400000000000145e-02
1.003825924000000036e+00 1.849951099999999973e-02 3.909739999999999873e-04 1.000000000000000000e+00 1.849750000000000005e-02 1.854309999999999986e-02
1.004160533000000077e+00 1.849792100000000050e-02 3.910240000000000157e-04 1.000000000000000000e+00 1.849610000000000143e-02 1.854180000000000064e-02
1.004495252999999977e+00 1.849608200000000049e-02 3.910720000000000125e-04 1.000000000000000000e+00 1.849450000000000052e-02 1.854039999999999855e-02
1.004830085000000039e+00 1.849421199999999946e-02 3.911189999999999936e-04 1.000000000000000000e+00 1.849280000000000021e-02 1.853890000000000052e-02
1.005165027999999960e+00 1.849243299999999909e-02 3.911629999999999816e-04 1.000000000000000000e+00 1.849129999999999871e-02 1.853760000000000130e-02
1.005500083000000044e+00 1.849072699999999847e-02 3.912060000000000082e-04 1.000000000000000000e+00 1.848990000000000009e-02 1.853640000000000149e-02
1.005835250000000070e+00 1.848894300000000074e-02 3.912459999999999874e-04 1.000000000000000000e+00 1.848850000000000146e-02 1.853509999999999880e-02
1.006170527999999953e+00 1.848685400000000048e-02 3.912839999999999895e-04 1.000000000000000000e+00 1.848680000000000115e-02 1.853360000000000077e-02
1.006505917999999999e+00 1.848423600000000111e-02 3.913189999999999984e-04 1.000000000000000000e+00 1.848469999999999974e-02 1.853159999999999877e-02
1.006841419999999987e+00 1.848094200000000020e-02 3.913499999999999986e-04 1.000000000000000000e+00 1.848189999999999902e-02 1.852890000000000092e-02
1.007177033999999916e+00 1.847695300000000082e-02 3.913780000000000058e-04 1.000000000000000000e+00 1.847829999999999959e-02 1.852559999999999971e-02
1.007512760000000007e+00 1.847239599999999857e-02 3.914030000000000200e-04 1.000000000000000000e+00 1.847410000000000024e-02 1.852159999999999918e-02
1.007848596999999957e+00 1.846751900000000168e-02 3.914260000000000027e-04 1.000000000000000000e+00 1.846940000000000040e-02 1.851699999999999874e-02
1.008184546999999931e+00 1.846265000000000059e-02 3.914500000000000011e-04 1.000000000000000000e+00 1.846439999999999887e-02 1.851229999999999890e-02
1.008520607999999985e+00 1.845813599999999999e-02 3.914750000000000152e-04 1.000000000000000000e+00 1.845950000000000021e-02 1.850759999999999905e-02
1.008856782000000063e+00 1.845427499999999915e-02 3.915030000000000224e-04 1.000000000000000000e+00 1.845509999999999859e-02 1.850339999999999971e-02
1.009193066999999999e+00 1.845125699999999869e-02 3.915370000000000157e-04 1.000000000000000000e+00 1.845130000000000034e-02 1.849980000000000027e-02
1.009529464999999959e+00 1.844913399999999898e-02 3.915759999999999792e-04 1.000000000000000000e+00 1.844830000000000081e-02 1.849699999999999955e-02
1.009865975000000082e+00 1.844780400000000167e-02 3.916209999999999830e-04 1.000000000000000000e+00 1.844629999999999881e-02 1.849519999999999983e-02
1.010202596999999924e+00 1.844704499999999872e-02 3.916710000000000113e-04 1.000000000000000000e+00 1.844490000000000018e-02 1.849400000000000002e-02
1.010539330999999930e+00 1.844656399999999863e-02 3.917239999999999785e-04 1.000000000000000000e+00 1.844410000000000147e-02 1.849340000000000012e-02
1.010876177999999959e+00 1.844607900000000064e-02 3.917780000000000156e-04 1.000000000000000000e+00 1.844350000000000156e-02 1.849299999999999902e-02
1.011213136000000068e+00 1.844537400000000049e-02 3.918330000000000142e-04 1.000000000000000000e+00 1.844290000000000165e-02 1.849249999999999852e-02
1.011550206999999979e+00 1.844434899999999877e-02 3.918859999999999813e-04 1.000000000000000000e+00 1.844209999999999947e-02 1.849189999999999862e-02
1.011887390999999914e+00 1.844302100000000041e-02 3.919379999999999869e-04 1.000000000000000000e+00 1.844099999999999906e-02 1.849100000000000049e-02
1.012224687000000012e+00 1.844149000000000135e-02 3.919880000000000152e-04 1.000000000000000000e+00 1.843979999999999925e-02 1.848990000000000009e-02
1.012562095000000051e+00 1.843989099999999992e-02 3.920369999999999736e-04 1.000000000000000000e+00 1.843840000000000062e-02 1.848870000000000027e-02
1.012899615000000031e+00 1.843832600000000141e-02 3.920829999999999932e-04 1.000000000000000000e+00 1.843699999999999853e-02 1.848759999999999987e-02
1.013237248999999895e+00 1.843683200000000022e-02 3.921290000000000127e-04 1.000000000000000000e+00 1.843579999999999872e-02 1.848649999999999946e-02
1.013574994000000062e+00 1.843537500000000037e-02 3.921730000000000008e-04 1.000000000000000000e+00 1.843449999999999950e-02 1.848539999999999905e-02
1.013912852999999892e+00 1.843387999999999971e-02 3.922150000000000115e-04 1.000000000000000000e+00 1.843310000000000087e-02 1.848419999999999924e-02
1.014250824000000106e+00 1.843228599999999912e-02 3.922570000000000223e-04 1.000000000000000000e+00 1.843169999999999878e-02 1.848290000000000002e-02
1.014588907000000040e+00 1.843059699999999995e-02 3.922980000000000174e-04 1.000000000000000000e+00 1.843010000000000134e-02 1.848139999999999852e-02
1.014927104000000080e+00 1.842890499999999890e-02 3.923390000000000124e-04 1.000000000000000000e+00 1.842840000000000103e-02 1.847999999999999990e-02
1.015265413000000061e+00 1.842736999999999847e-02 3.923789999999999917e-04 1.000000000000000000e+00 1.842689999999999953e-02 1.847860000000000127e-02
1.015603833999999983e+00 1.842616000000000046e-02 3.924190000000000252e-04 1.000000000000000000e+00 1.842569999999999972e-02 1.847760000000000027e-02
1.015942369000000012e+00 1.842538599999999846e-02 3.924600000000000202e-04 1.000000000000000000e+00 1.842490000000000100e-02 1.847690000000000096e-02
1.016281017000000064e+00 1.842503699999999828e-02 3.924999999999999995e-04 1.000000000000000000e+00 1.842459999999999931e-02 1.847669999999999868e-02
1.016619777000000058e+00 1.842497400000000021e-02 3.925390000000000173e-04 1.000000000000000000e+00 1.842469999999999872e-02 1.847680000000000156e-02
1.016958650000000075e+00 1.842496600000000095e-02 3.925779999999999808e-04 1.000000000000000000e+00 1.842480000000000159e-02 1.847700000000000037e-02
1.017297635999999894e+00 1.842475699999999994e-02 3.926159999999999828e-04 1.000000000000000000e+00 1.842469999999999872e-02 1.847709999999999977e-02
1.017636736000000042e+00 1.842414499999999941e-02 3.926530000000000233e-04 1.000000000000000000e+00 1.842420000000000169e-02 1.847669999999999868e-02
1.017975947999999908e+00 1.842303699999999975e-02 3.926889999999999938e-04 1.000000000000000000e+00 1.842320000000000069e-02 1.847580000000000056e-02
1.018315273000000021e+00 1.842145400000000030e-02 3.927250000000000185e-04 1.000000000000000000e+00 1.842159999999999978e-02 1.847429999999999906e-02
1.018654712000000018e+00 1.841950300000000026e-02 3.927609999999999890e-04 1.000000000000000000e+00 1.841960000000000125e-02 1.847239999999999993e-02
1.018994262999999956e+00 1.841732800000000017e-02 3.927989999999999910e-04 1.000000000000000000e+00 1.841730000000000103e-02 1.847029999999999852e-02
1.019333928000000000e+00 1.841505900000000098e-02 3.928369999999999931e-04 1.000000000000000000e+00 1.841479999999999853e-02 1.846799999999999831e-02
1.019673706000000069e+00 1.841278999999999832e-02 3.928770000000000265e-04 1.000000000000000000e+00 1.841239999999999891e-02 1.846580000000000096e-02
1.020013596999999939e+00 1.841058099999999878e-02 3.929180000000000216e-04 1.000000000000000000e+00 1.841009999999999869e-02 1.846369999999999956e-02
1.020353601999999915e+00 1.840846700000000127e-02 3.929599999999999782e-04 1.000000000000000000e+00 1.840800000000000075e-02 1.846180000000000043e-02
1.020693719000000055e+00 1.840647999999999937e-02 3.930009999999999732e-04 1.000000000000000000e+00 1.840610000000000163e-02 1.846010000000000012e-02
1.021033950999999940e+00 1.840464299999999831e-02 3.930410000000000067e-04 1.000000000000000000e+00 1.840450000000000072e-02 1.845859999999999862e-02
1.021374294999999988e+00 1.840297399999999903e-02 3.930790000000000087e-04 1.000000000000000000e+00 1.840299999999999922e-02 1.845739999999999881e-02
1.021714752999999920e+00 1.840146499999999880e-02 3.931149999999999792e-04 1.000000000000000000e+00 1.840179999999999941e-02 1.845629999999999840e-02
1.022055324999999959e+00 1.840008900000000142e-02 3.931499999999999882e-04 1.000000000000000000e+00 1.840059999999999960e-02 1.845520000000000146e-02
1.022396010000000022e+00 1.839880099999999935e-02 3.931830000000000199e-04 1.000000000000000000e+00 1.839939999999999978e-02 1.845410000000000106e-02
1.022736808999999969e+00 1.839755900000000083e-02 3.932170000000000131e-04 1.000000000000000000e+00 1.839800000000000116e-02 1.845290000000000125e-02
1.023077720999999940e+00 1.839632700000000051e-02 3.932520000000000221e-04 1.000000000000000000e+00 1.839659999999999906e-02 1.845159999999999856e-02
1.023418747000000018e+00 1.839508299999999957e-02 3.932900000000000241e-04 1.000000000000000000e+00 1.839489999999999875e-02 1.845010000000000053e-02
1.023759886999999980e+00 1.839380800000000107e-02 3.933310000000000192e-04 1.000000000000000000e+00 1.839319999999999844e-02 1.844859999999999903e-02
1.024101139999999965e+00 1.839247700000000083e-02 3.933750000000000072e-04 1.000000000000000000e+00 1.839150000000000160e-02 1.844700000000000159e-02
1.024442507000000058e+00 1.839104999999999907e-02 3.934210000000000268e-04 1.000000000000000000e+00 1.838980000000000128e-02 1.844550000000000009e-02
1.024783988000000035e+00 1.838948099999999919e-02 3.934690000000000236e-04 1.000000000000000000e+00 1.838800000000000157e-02 1.844399999999999859e-02
1.025125582000000035e+00 1.838772099999999923e-02 3.935179999999999820e-04 1.000000000000000000e+00 1.838630000000000125e-02 1.844250000000000056e-02
1.025467291000000003e+00 1.838573699999999922e-02 3.935659999999999788e-04 1.000000000000000000e+00 1.838439999999999866e-02 1.844080000000000025e-02
1.025809112999999995e+00 1.838351800000000147e-02 3.936130000000000141e-04 1.000000000000000000e+00 1.838240000000000013e-02 1.843900000000000053e-02
1.026151049999999953e+00 1.838108100000000050e-02 3.936589999999999794e-04 1.000000000000000000e+00 1.838019999999999932e-02 1.843699999999999853e-02
1.026493099999999936e+00 1.837846300000000113e-02 3.937030000000000217e-04 1.000000000000000000e+00 1.837779999999999969e-02 1.843480000000000119e-02
1.026835264000000025e+00 1.837571199999999891e-02 3.937459999999999940e-04 1.000000000000000000e+00 1.837509999999999838e-02 1.843240000000000156e-02
1.027177543000000082e+00 1.837287799999999874e-02 3.937890000000000205e-04 1.000000000000000000e+00 1.837230000000000113e-02 1.842979999999999965e-02
1.027519934999999940e+00 1.837000299999999933e-02 3.938319999999999928e-04 1.000000000000000000e+00 1.836940000000000101e-02 1.842709999999999834e-02
1.027862441999999987e+00 1.836712399999999856e-02 3.938759999999999809e-04 1.000000000000000000e+00 1.836640000000000147e-02 1.842430000000000109e-02
1.028205062999999919e+00 1.836427900000000071e-02 3.939209999999999847e-04 1.000000000000000000e+00 1.836339999999999847e-02 1.842159999999999978e-02
1.028547797999999958e+00 1.836150900000000155e-02 3.939670000000000043e-04 1.000000000000000000e+00 1.836049999999999835e-02 1.841900000000000134e-02
1.028890647000000103e+00 1.835886999999999936e-02 3.940130000000000238e-04 1.000000000000000000e+00 1.835789999999999991e-02 1.841649999999999884e-02
1.029233610999999993e+00 1.835642100000000124e-02 3.940589999999999891e-04 1.000000000000000000e+00 1.835540000000000088e-02 1.841430000000000150e-02
1.029576688999999989e+00 1.835421599999999959e-02 3.941050000000000087e-04 1.000000000000000000e+00 1.835320000000000007e-02 1.841239999999999891e-02
1.029919881000000093e+00 1.835227700000000017e-02 3.941509999999999740e-04 1.000000000000000000e+00 1.835140000000000035e-02 1.841069999999999859e-02
1.030263187000000080e+00 1.835058300000000017e-02 3.941959999999999778e-04 1.000000000000000000e+00 1.834979999999999944e-02 1.840929999999999997e-02
1.030606608999999896e+00 1.834906000000000037e-02 3.942400000000000201e-04 1.000000000000000000e+00 1.834830000000000141e-02 1.840810000000000016e-02
1.030950143999999957e+00 1.834759199999999937e-02 3.942840000000000082e-04 1.000000000000000000e+00 1.834699999999999873e-02 1.840690000000000034e-02
1.031293793999999986e+00 1.834603900000000148e-02 3.943269999999999805e-04 1.000000000000000000e+00 1.834550000000000070e-02 1.840560000000000113e-02
1.031637558999999982e+00 1.834427099999999880e-02 3.943710000000000227e-04 1.000000000000000000e+00 1.834370000000000098e-02 1.840400000000000022e-02
1.031981438000000084e+00 1.834220199999999842e-02 3.944139999999999951e-04 1.000000000000000000e+00 1.834169999999999898e-02 1.840220000000000050e-02
1.032325431999999932e+00 1.833980799999999911e-02 3.944570000000000216e-04 1.000000000000000000e+00 1.833929999999999935e-02 1.839999999999999969e-02
1.032669540000000108e+00 1.833713400000000146e-02 3.944999999999999939e-04 1.000000000000000000e+00 1.833660000000000151e-02 1.839760000000000006e-02
1.033013763000000029e+00 1.833428299999999983e-02 3.945430000000000204e-04 1.000000000000000000e+00 1.833380000000000079e-02 1.839500000000000163e-02
1.033358100999999918e+00 1.833138299999999971e-02 3.945849999999999770e-04 1.000000000000000000e+00 1.833100000000000007e-02 1.839239999999999972e-02
1.033702553999999996e+00 1.832854600000000111e-02 3.946269999999999878e-04 1.000000000000000000e+00 1.832819999999999935e-02 1.838990000000000069e-02
1.034047120999999958e+00 1.832583100000000076e-02 3.946689999999999986e-04 1.000000000000000000e+00 1.832560000000000092e-02 1.838740000000000166e-02
1.034391803999999970e+00 1.832322899999999991e-02 3.947099999999999936e-04 1.000000000000000000e+00 1.832309999999999842e-02 1.838520000000000085e-02
1.034736601000000089e+00 1.832066799999999829e-02 3.947500000000000271e-04 1.000000000000000000e+00 1.832059999999999939e-02 1.838290000000000063e-02
1.035081512999999953e+00 1.831804799999999997e-02 3.947889999999999906e-04 1.000000000000000000e+00 1.831810000000000035e-02 1.838060000000000041e-02
1.035426540000000006e+00 1.831529299999999985e-02 3.948280000000000084e-04 1.000000000000000000e+00 1.831549999999999845e-02 1.837810000000000138e-02
1.035771683000000110e+00 1.831238899999999836e-02 3.948670000000000261e-04 1.000000000000000000e+00 1.831259999999999832e-02 1.837540000000000007e-02
1.036116940000000097e+00 1.830941200000000060e-02 3.949049999999999739e-04 1.000000000000000000e+00 1.830959999999999879e-02 1.837269999999999875e-02
1.036462312000000052e+00 1.830650500000000069e-02 3.949429999999999759e-04 1.000000000000000000e+00 1.830669999999999867e-02 1.836990000000000151e-02
1.036807800000000057e+00 1.830383199999999905e-02 3.949819999999999937e-04 1.000000000000000000e+00 1.830390000000000142e-02 1.836739999999999901e-02
1.037153401999999947e+00 1.830151699999999979e-02 3.950219999999999730e-04 1.000000000000000000e+00 1.830149999999999832e-02 1.836520000000000166e-02
1.037499120000000108e+00 1.829958900000000152e-02 3.950620000000000065e-04 1.000000000000000000e+00 1.829949999999999979e-02 1.836329999999999907e-02
1.037844953000000014e+00 1.829795999999999853e-02 3.951030000000000015e-04 1.000000000000000000e+00 1.829779999999999948e-02 1.836180000000000104e-02
1.038190901000000110e+00 1.829645200000000124e-02 3.951439999999999965e-04 1.000000000000000000e+00 1.829630000000000145e-02 1.836049999999999835e-02
1.038536965000000034e+00 1.829483700000000129e-02 3.951849999999999916e-04 1.000000000000000000e+00 1.829470000000000054e-02 1.835909999999999972e-02
1.038883143999999925e+00 1.829291300000000092e-02 3.952259999999999866e-04 1.000000000000000000e+00 1.829290000000000083e-02 1.835739999999999941e-02
1.039229438000000005e+00 1.829054499999999833e-02 3.952660000000000201e-04 1.000000000000000000e+00 1.829079999999999942e-02 1.835550000000000029e-02
1.039575847999999914e+00 1.828769900000000101e-02 3.953030000000000064e-04 1.000000000000000000e+00 1.828830000000000039e-02 1.835320000000000007e-02
1.039922374000000094e+00 1.828443100000000029e-02 3.953380000000000154e-04 1.000000000000000000e+00 1.828549999999999967e-02 1.835060000000000163e-02
1.040269013999999936e+00 1.828086500000000031e-02 3.953679999999999998e-04 1.000000000000000000e+00 1.828250000000000014e-02 1.834790000000000032e-02
1.040615770999999912e+00 1.827714999999999895e-02 3.953939999999999755e-04 1.000000000000000000e+00 1.827950000000000061e-02 1.834509999999999960e-02
1.040962643000000076e+00 1.827343199999999918e-02 3.954140000000000194e-04 1.000000000000000000e+00 1.827660000000000048e-02 1.834229999999999888e-02
1.041309629999999986e+00 1.826982599999999943e-02 3.954289999999999845e-04 1.000000000000000000e+00 1.827379999999999977e-02 1.833960000000000104e-02
1.041656732999999946e+00 1.826640100000000155e-02 3.954389999999999793e-04 1.000000000000000000e+00 1.827099999999999905e-02 1.833689999999999973e-02
1.042003951999999956e+00 1.826318000000000039e-02 3.954440000000000038e-04 1.000000000000000000e+00 1.826819999999999833e-02 1.833419999999999842e-02
1.042351287000000015e+00 1.826013400000000078e-02 3.954469999999999969e-04 1.000000000000000000e+00 1.826540000000000108e-02 1.833150000000000057e-02
1.042698737000000042e+00 1.825719500000000037e-02 3.954489999999999741e-04 1.000000000000000000e+00 1.826250000000000095e-02 1.832860000000000045e-02
1.043046303999999980e+00 1.825426399999999921e-02 3.954529999999999829e-04 1.000000000000000000e+00 1.825929999999999914e-02 1.832550000000000151e-02
1.043393986000000107e+00 1.825123799999999949e-02 3.954580000000000074e-04 1.000000000000000000e+00 1.825579999999999911e-02 1.832220000000000029e-02
1.043741784000000061e+00 1.824802899999999894e-02 3.954680000000000023e-04 1.000000000000000000e+00 1.825210000000000027e-02 1.831860000000000085e-02
1.044089698000000066e+00 1.824459200000000045e-02 3.954809999999999901e-04 1.000000000000000000e+00 1.824809999999999974e-02 1.831479999999999914e-02
1.044437727000000038e+00 1.824093800000000168e-02 3.954990000000000025e-04 1.000000000000000000e+00 1.824399999999999980e-02 1.831079999999999861e-02
1.044785872999999921e+00 1.823713399999999860e-02 3.955189999999999921e-04 1.000000000000000000e+00 1.823980000000000046e-02 1.830680000000000154e-02
1.045134135000000075e+00 1.823329200000000164e-02 3.955419999999999748e-04 1.000000000000000000e+00 1.823570000000000052e-02 1.830290000000000042e-02
1.045482513000000058e+00 1.822953899999999947e-02 3.955669999999999889e-04 1.000000000000000000e+00 1.823169999999999999e-02 1.829920000000000158e-02
1.045831007999999951e+00 1.822598200000000168e-02 3.955920000000000031e-04 1.000000000000000000e+00 1.822810000000000055e-02 1.829580000000000095e-02
1.046179618000000033e+00 1.822267899999999857e-02 3.956179999999999788e-04 1.000000000000000000e+00 1.822489999999999874e-02 1.829269999999999854e-02
1.046528343999999944e+00 1.821961600000000098e-02 3.956419999999999772e-04 1.000000000000000000e+00 1.822199999999999862e-02 1.828990000000000130e-02
1.046877186999999987e+00 1.821670300000000076e-02 3.956650000000000141e-04 1.000000000000000000e+00 1.821930000000000077e-02 1.828739999999999880e-02
1.047226146000000080e+00 1.821379700000000032e-02 3.956869999999999810e-04 1.000000000000000000e+00 1.821659999999999946e-02 1.828489999999999976e-02
1.047575222000000084e+00 1.821073800000000062e-02 3.957060000000000091e-04 1.000000000000000000e+00 1.821379999999999874e-02 1.828219999999999845e-02
1.047924413000000055e+00 1.820739399999999827e-02 3.957240000000000215e-04 1.000000000000000000e+00 1.821069999999999980e-02 1.827919999999999892e-02
1.048273722000000019e+00 1.820370199999999869e-02 3.957410000000000181e-04 1.000000000000000000e+00 1.820710000000000037e-02 1.827579999999999830e-02
1.048623145999999950e+00 1.819968500000000017e-02 3.957580000000000147e-04 1.000000000000000000e+00 1.820319999999999924e-02 1.827200000000000005e-02
1.048972687000000015e+00 1.819544299999999865e-02 3.957739999999999956e-04 1.000000000000000000e+00 1.819880000000000109e-02 1.826790000000000011e-02
1.049322344999999990e+00 1.819112800000000085e-02 3.957920000000000080e-04 1.000000000000000000e+00 1.819439999999999946e-02 1.826360000000000136e-02
1.049672119000000015e+00 1.818689600000000101e-02 3.958109999999999819e-04 1.000000000000000000e+00 1.818989999999999843e-02 1.825929999999999914e-02
1.050022009999999950e+00 1.818287299999999870e-02 3.958310000000000257e-04 1.000000000000000000e+00 1.818569999999999909e-02 1.825529999999999861e-02
1.050372016999999936e+00 1.817913499999999904e-02 3.958529999999999926e-04 1.000000000000000000e+00 1.818169999999999856e-02 1.825150000000000036e-02
1.050722141000000054e+00 1.817569900000000002e-02 3.958759999999999753e-04 1.000000000000000000e+00 1.817819999999999853e-02 1.824819999999999914e-02
1.051072382000000083e+00 1.817253400000000060e-02 3.958999999999999737e-04 1.000000000000000000e+00 1.817500000000000018e-02 1.824510000000000021e-02
1.051422738999999940e+00 1.816957099999999894e-02 3.959240000000000263e-04 1.000000000000000000e+00 1.817200000000000065e-02 1.824229999999999949e-02
1.051773212999999929e+00 1.816671499999999995e-02 3.959480000000000248e-04 1.000000000000000000e+00 1.816919999999999993e-02 1.823970000000000105e-02
1.052123804000000051e+00 1.816385100000000169e-02 3.959710000000000074e-04 1.000000000000000000e+00 1.816639999999999922e-02 1.823699999999999974e-02
1.052474512000000084e+00 1.816085699999999900e-02 3.959939999999999901e-04 1.000000000000000000e+00 1.816349999999999909e-02 1.823419999999999902e-02
1.052825337000000028e+00 1.815761000000000111e-02 3.960160000000000112e-04 1.000000000000000000e+00 1.816030000000000075e-02 1.823119999999999949e-02
1.053176279000000104e+00 1.815400799999999926e-02 3.960379999999999782e-04 1.000000000000000000e+00 1.815680000000000072e-02 1.822789999999999827e-02
1.053527338000000091e+00 1.814999000000000126e-02 3.960589999999999835e-04 1.000000000000000000e+00 1.815289999999999959e-02 1.822410000000000002e-02
1.053878512999999906e+00 1.814555299999999829e-02 3.960799999999999889e-04 1.000000000000000000e+00 1.814860000000000084e-02 1.822000000000000008e-02
1.054229805999999936e+00 1.814075700000000041e-02 3.960999999999999786e-04 1.000000000000000000e+00 1.814390000000000100e-02 1.821559999999999846e-02
1.054581216000000099e+00 1.813572899999999974e-02 3.961190000000000067e-04 1.000000000000000000e+00 1.813909999999999828e-02 1.821089999999999862e-02
1.054932742999999951e+00 1.813064400000000131e-02 3.961360000000000033e-04 1.000000000000000000e+00 1.813419999999999963e-02 1.820619999999999877e-02
1.055284388000000018e+00 1.812570100000000101e-02 3.961519999999999842e-04 1.000000000000000000e+00 1.812940000000000038e-02 1.820159999999999834e-02
1.055636148999999913e+00 1.812109400000000078e-02 3.961670000000000035e-04 1.000000000000000000e+00 1.812499999999999875e-02 1.819739999999999899e-02
1.055988028000000023e+00 1.811697500000000044e-02 3.961799999999999914e-04 1.000000000000000000e+00 1.812110000000000110e-02 1.819360000000000074e-02
1.056340024000000044e+00 1.811342399999999950e-02 3.961910000000000019e-04 1.000000000000000000e+00 1.811770000000000047e-02 1.819039999999999893e-02
1.056692136999999976e+00 1.811042200000000102e-02 3.962020000000000125e-04 1.000000000000000000e+00 1.811489999999999975e-02 1.818760000000000168e-02
1.057044367999999901e+00 1.810784299999999847e-02 3.962109999999999916e-04 1.000000000000000000e+00 1.811250000000000013e-02 1.818530000000000146e-02
1.057396715999999959e+00 1.810546999999999851e-02 3.962190000000000091e-04 1.000000000000000000e+00 1.811019999999999991e-02 1.818310000000000065e-02
1.057749182000000010e+00 1.810302999999999912e-02 3.962260000000000109e-04 1.000000000000000000e+00 1.810789999999999969e-02 1.818080000000000043e-02
1.058101764999999972e+00 1.810024899999999881e-02 3.962330000000000127e-04 1.000000000000000000e+00 1.810519999999999838e-02 1.817819999999999853e-02
1.058454465000000067e+00 1.809691000000000077e-02 3.962400000000000145e-04 1.000000000000000000e+00 1.810190000000000063e-02 1.817500000000000018e-02
1.058807282999999932e+00 1.809289299999999878e-02 3.962460000000000006e-04 1.000000000000000000e+00 1.809790000000000010e-02 1.817109999999999906e-02
1.059160219000000014e+00 1.808819700000000030e-02 3.962530000000000024e-04 1.000000000000000000e+00 1.809320000000000025e-02 1.816660000000000150e-02
1.059513272000000006e+00 1.808293299999999895e-02 3.962589999999999884e-04 1.000000000000000000e+00 1.808790000000000051e-02 1.816150000000000056e-02
1.059866444000000074e+00 1.807728700000000091e-02 3.962659999999999902e-04 1.000000000000000000e+00 1.808229999999999907e-02 1.815610000000000140e-02
1.060219731999999970e+00 1.807148299999999930e-02 3.962729999999999920e-04 1.000000000000000000e+00 1.807649999999999882e-02 1.815049999999999997e-02
1.060573138999999943e+00 1.806573900000000080e-02 3.962789999999999781e-04 1.000000000000000000e+00 1.807080000000000145e-02 1.814500000000000141e-02
1.060926663000000048e+00 1.806023299999999845e-02 3.962850000000000183e-04 1.000000000000000000e+00 1.806529999999999941e-02 1.813970000000000166e-02
1.061280306000000007e+00 1.805508600000000144e-02 3.962920000000000201e-04 1.000000000000000000e+00 1.806019999999999848e-02 1.813479999999999953e-02
1.061634066000000098e+00 1.805036299999999982e-02 3.962980000000000062e-04 1.000000000000000000e+00 1.805539999999999923e-02 1.813019999999999909e-02
1.061987943999999962e+00 1.804608499999999990e-02 3.963050000000000080e-04 1.000000000000000000e+00 1.805100000000000107e-02 1.812599999999999975e-02
1.062341940000000040e+00 1.804225699999999905e-02 3.963120000000000098e-04 1.000000000000000000e+00 1.804709999999999995e-02 1.812209999999999863e-02
1.062696053999999890e+00 1.803888600000000050e-02 3.963209999999999888e-04 1.000000000000000000e+00 1.804340000000000110e-02 1.811859999999999860e-02
1.063050285999999955e+00 1.803599499999999911e-02 3.963319999999999994e-04 1.000000000000000000e+00 1.804019999999999929e-02 1.811549999999999966e-02
1.063404636000000014e+00 1.803362099999999968e-02 3.963460000000000030e-04 1.000000000000000000e+00 1.803739999999999857e-02 1.811279999999999835e-02
1.063759104000000066e+00 1.803179800000000166e-02 3.963629999999999996e-04 1.000000000000000000e+00 1.803499999999999895e-02 1.811050000000000160e-02
1.064113689999999890e+00 1.803053199999999842e-02 3.963850000000000207e-04 1.000000000000000000e+00 1.803309999999999982e-02 1.810869999999999841e-02
1.064468395000000012e+00 1.802978599999999904e-02 3.964120000000000122e-04 1.000000000000000000e+00 1.803159999999999832e-02 1.810739999999999919e-02
1.064823217999999905e+00 1.802948099999999998e-02 3.964439999999999739e-04 1.000000000000000000e+00 1.803060000000000079e-02 1.810640000000000166e-02
1.065178159000000013e+00 1.802952000000000027e-02 3.964810000000000144e-04 1.000000000000000000e+00 1.802979999999999861e-02 1.810579999999999828e-02
1.065533217999999893e+00 1.802981199999999923e-02 3.965239999999999867e-04 1.000000000000000000e+00 1.802940000000000098e-02 1.810550000000000007e-02
1.065888396000000071e+00 1.803031299999999920e-02 3.965729999999999993e-04 1.000000000000000000e+00 1.802919999999999870e-02 1.810540000000000066e-02
1.066243692000000021e+00 1.803103299999999840e-02 3.966260000000000206e-04 1.000000000000000000e+00 1.802919999999999870e-02 1.810569999999999888e-02
1.066599107000000046e+00 1.803203899999999971e-02 3.966840000000000123e-04 1.000000000000000000e+00 1.802959999999999979e-02 1.810619999999999938e-02
1.066954640000000065e+00 1.803342399999999929e-02 3.967469999999999743e-04 1.000000000000000000e+00 1.803029999999999911e-02 1.810700000000000157e-02
1.067310291000000078e+00 1.803528299999999918e-02 3.968150000000000149e-04 1.000000000000000000e+00 1.803139999999999951e-02 1.810840000000000019e-02
1.067666060999999944e+00 1.803768700000000016e-02 3.968889999999999875e-04 1.000000000000000000e+00 1.803309999999999982e-02 1.811019999999999991e-02
1.068021950000000109e+00 1.804067000000000170e-02 3.969670000000000230e-04 1.000000000000000000e+00 1.803530000000000064e-02 1.811259999999999953e-02
1.068377957000000045e+00 1.804423200000000033e-02 3.970509999999999903e-04 1.000000000000000000e+00 1.803810000000000136e-02 1.811559999999999906e-02
1.068734083000000057e+00 1.804834900000000172e-02 3.971399999999999822e-04 1.000000000000000000e+00 1.804160000000000139e-02 1.811919999999999850e-02
1.069090327999999923e+00 1.805297200000000046e-02 3.972329999999999828e-04 1.000000000000000000e+00 1.804580000000000073e-02 1.812350000000000072e-02
1.069446691000000005e+00 1.805802299999999944e-02 3.973289999999999765e-04 1.000000000000000000e+00 1.805050000000000057e-02 1.812839999999999938e-02
1.069803174000000023e+00 1.806338099999999988e-02 3.974259999999999859e-04 1.000000000000000000e+00 1.805570000000000092e-02 1.813369999999999913e-02
1.070159775000000035e+00 1.806887399999999866e-02 3.975240000000000110e-04 1.000000000000000000e+00 1.806129999999999888e-02 1.813939999999999997e-02
1.070516494999999901e+00 1.807428700000000138e-02 3.976200000000000047e-04 1.000000000000000000e+00 1.806699999999999973e-02 1.814520000000000022e-02
1.070873332999999983e+00 1.807939100000000021e-02 3.977140000000000211e-04 1.000000000000000000e+00 1.807239999999999888e-02 1.815069999999999878e-02
1.071230291000000001e+00 1.808398300000000139e-02 3.978060000000000060e-04 1.000000000000000000e+00 1.807740000000000041e-02 1.815579999999999972e-02
1.071587368000000096e+00 1.808793599999999890e-02 3.978939999999999821e-04 1.000000000000000000e+00 1.808179999999999857e-02 1.816030000000000075e-02
1.071944564000000044e+00 1.809123600000000012e-02 3.979799999999999809e-04 1.000000000000000000e+00 1.808560000000000029e-02 1.816419999999999840e-02
1.072301879000000069e+00 1.809399399999999866e-02 3.980620000000000252e-04 1.000000000000000000e+00 1.808879999999999863e-02 1.816749999999999962e-02
1.072659312999999948e+00 1.809642300000000037e-02 3.981410000000000222e-04 1.000000000000000000e+00 1.809159999999999935e-02 1.817039999999999975e-02
1.073016865999999903e+00 1.809878900000000054e-02 3.982179999999999878e-04 1.000000000000000000e+00 1.809430000000000066e-02 1.817320000000000046e-02
1.073374537999999934e+00 1.810134500000000132e-02 3.982920000000000145e-04 1.000000000000000000e+00 1.809720000000000079e-02 1.817610000000000059e-02
1.073732329000000041e+00 1.810426600000000080e-02 3.983650000000000255e-04 1.000000000000000000e+00 1.810029999999999972e-02 1.817929999999999893e-02
1.074090240000000085e+00 1.810760200000000042e-02 3.984360000000000050e-04 1.000000000000000000e+00 1.810379999999999975e-02 1.818279999999999896e-02
1.074448269999999983e+00 1.811127200000000118e-02 3.985060000000000230e-04 1.000000000000000000e+00 1.810760000000000147e-02 1.818670000000000009e-02
1.074806420000000040e+00 1.811508599999999899e-02 3.985750000000000252e-04 1.000000000000000000e+00 1.811149999999999913e-02 1.819070000000000062e-02
1.075164688999999951e+00 1.811880399999999877e-02 3.986430000000000117e-04 1.000000000000000000e+00 1.811549999999999966e-02 1.819470000000000115e-02
1.075523076999999939e+00 1.812219300000000172e-02 3.987099999999999824e-04 1.000000000000000000e+00 1.811909999999999910e-02 1.819849999999999940e-02
1.075881584000000002e+00 1.812507400000000143e-02 3.987740000000000143e-04 1.000000000000000000e+00 1.812240000000000031e-02 1.820190000000000002e-02
1.076240212000000085e+00 1.812733600000000084e-02 3.988360000000000147e-04 1.000000000000000000e+00 1.812489999999999934e-02 1.820460000000000134e-02
1.076598957999999939e+00 1.812891200000000050e-02 3.988959999999999837e-04 1.000000000000000000e+00 1.812679999999999847e-02 1.820669999999999927e-02
1.076957825000000035e+00 1.812975099999999951e-02 3.989539999999999753e-04 1.000000000000000000e+00 1.812779999999999947e-02 1.820789999999999909e-02
1.077316810999999985e+00 1.812979400000000116e-02 3.990120000000000212e-04 1.000000000000000000e+00 1.812810000000000116e-02 1.820839999999999959e-02
1.077675916000000012e+00 1.812899299999999950e-02 3.990670000000000198e-04 1.000000000000000000e+00 1.812760000000000066e-02 1.820810000000000137e-02
1.078035142000000057e+00 1.812736100000000156e-02 3.991210000000000027e-04 1.000000000000000000e+00 1.812630000000000144e-02 1.820710000000000037e-02
1.078394486999999957e+00 1.812504499999999935e-02 3.991709999999999768e-04 1.000000000000000000e+00 1.812460000000000113e-02 1.820559999999999887e-02
1.078753950999999933e+00 1.812236600000000086e-02 3.992169999999999963e-04 1.000000000000000000e+00 1.812249999999999972e-02 1.820379999999999915e-02
1.079113535999999929e+00 1.811979999999999841e-02 3.992579999999999914e-04 1.000000000000000000e+00 1.812039999999999831e-02 1.820190000000000002e-02
1.079473241000000083e+00 1.811789000000000108e-02 3.992970000000000091e-04 1.000000000000000000e+00 1.811870000000000147e-02 1.820029999999999912e-02
1.079833065000000092e+00 1.811709900000000109e-02 3.993369999999999884e-04 1.000000000000000000e+00 1.811770000000000047e-02 1.819940000000000099e-02
1.080193009000000037e+00 1.811766799999999997e-02 3.993779999999999834e-04 1.000000000000000000e+00 1.811770000000000047e-02 1.819950000000000040e-02
1.080553074000000002e+00 1.811952999999999828e-02 3.994250000000000187e-04 1.000000000000000000e+00 1.811880000000000088e-02 1.820060000000000081e-02
1.080913258000000043e+00 1.812232100000000026e-02 3.994760000000000086e-04 1.000000000000000000e+00 1.812100000000000169e-02 1.820280000000000162e-02
1.081273563000000104e+00 1.812548699999999915e-02 3.995310000000000072e-04 1.000000000000000000e+00 1.812389999999999834e-02 1.820569999999999827e-02
1.081633987000000019e+00 1.812845299999999923e-02 3.995870000000000216e-04 1.000000000000000000e+00 1.812700000000000075e-02 1.820880000000000068e-02
1.081994531999999953e+00 1.813078599999999943e-02 3.996380000000000115e-04 1.000000000000000000e+00 1.813019999999999909e-02 1.821189999999999962e-02
1.082355197000000047e+00 1.813229200000000124e-02 3.996830000000000153e-04 1.000000000000000000e+00 1.813290000000000041e-02 1.821460000000000093e-02
1.082715982000000077e+00 1.813303000000000137e-02 3.997180000000000242e-04 1.000000000000000000e+00 1.813520000000000063e-02 1.821679999999999827e-02
1.083076887000000044e+00 1.813325199999999901e-02 3.997410000000000069e-04 1.000000000000000000e+00 1.813700000000000034e-02 1.821860000000000146e-02
1.083437913000000030e+00 1.813331799999999897e-02 3.997520000000000175e-04 1.000000000000000000e+00 1.813870000000000066e-02 1.822019999999999890e-02
1.083799058999999954e+00 1.813364599999999979e-02 3.997529999999999790e-04 1.000000000000000000e+00 1.814040000000000097e-02 1.822179999999999980e-02
1.084160325000000036e+00 1.813470000000000013e-02 3.997439999999999999e-04 1.000000000000000000e+00 1.814259999999999831e-02 1.822379999999999833e-02
1.084521711999999916e+00 1.813701100000000149e-02 3.997280000000000191e-04 1.000000000000000000e+00 1.814539999999999903e-02 1.822640000000000024e-02
1.084883218999999954e+00 1.814117499999999897e-02 3.997119999999999840e-04 1.000000000000000000e+00 1.814930000000000015e-02 1.823009999999999908e-02
1.085244847000000012e+00 1.814777199999999951e-02 3.997000000000000119e-04 1.000000000000000000e+00 1.815469999999999931e-02 1.823510000000000061e-02
1.085606595000000008e+00 1.815723299999999832e-02 3.997000000000000119e-04 1.000000000000000000e+00 1.816190000000000165e-02 1.824189999999999839e-02
1.085968464000000022e+00 1.816966600000000098e-02 3.997200000000000015e-04 1.000000000000000000e+00 1.817140000000000075e-02 1.825099999999999986e-02
1.086330452999999974e+00 1.818474000000000132e-02 3.997609999999999966e-04 1.000000000000000000e+00 1.818320000000000006e-02 1.826240000000000155e-02
1.086692562999999945e+00 1.820169799999999879e-02 3.998249999999999743e-04 1.000000000000000000e+00 1.819739999999999899e-02 1.827609999999999998e-02
1.087054793999999935e+00 1.821949800000000064e-02 3.999049999999999870e-04 1.000000000000000000e+00 1.821340000000000112e-02 1.829170000000000101e-02
1.087417145999999946e+00 1.823706199999999833e-02 3.999920000000000016e-04 1.000000000000000000e+00 1.823069999999999899e-02 1.830849999999999839e-02
1.087779617999999893e+00 1.825353199999999940e-02 4.000769999999999847e-04 1.000000000000000000e+00 1.824840000000000143e-02 1.832560000000000092e-02
1.088142211000000081e+00 1.826844600000000068e-02 4.001480000000000184e-04 1.000000000000000000e+00 1.826569999999999930e-02 1.834219999999999948e-02
1.088504925999999928e+00 1.828176999999999927e-02 4.002000000000000240e-04 1.000000000000000000e+00 1.828190000000000023e-02 1.835780000000000051e-02
1.088867760999999934e+00 1.829380099999999842e-02 4.002310000000000242e-04 1.000000000000000000e+00 1.829669999999999908e-02 1.837190000000000004e-02
1.089230716000000099e+00 1.830497199999999922e-02 4.002449999999999736e-04 1.000000000000000000e+00 1.831019999999999870e-02 1.838460000000000094e-02
1.089593792999999922e+00 1.831566199999999991e-02 4.002440000000000121e-04 1.000000000000000000e+00 1.832239999999999910e-02 1.839609999999999856e-02
1.089956990999999986e+00 1.832609199999999869e-02 4.002349999999999788e-04 1.000000000000000000e+00 1.833370000000000138e-02 1.840670000000000153e-02
1.090320310000000070e+00 1.833632199999999865e-02 4.002200000000000137e-04 1.000000000000000000e+00 1.834449999999999970e-02 1.841670000000000113e-02
1.090683749999999952e+00 1.834636099999999853e-02 4.002030000000000171e-04 1.000000000000000000e+00 1.835490000000000038e-02 1.842639999999999903e-02
1.091047311999999936e+00 1.835628799999999838e-02 4.001829999999999732e-04 1.000000000000000000e+00 1.836520000000000166e-02 1.843579999999999872e-02
1.091410994000000079e+00 1.836631099999999975e-02 4.001610000000000063e-04 1.000000000000000000e+00 1.837530000000000066e-02 1.844519999999999840e-02
1.091774798000000102e+00 1.837671199999999991e-02 4.001400000000000009e-04 1.000000000000000000e+00 1.838549999999999907e-02 1.845460000000000156e-02
1.092138722999999922e+00 1.838769200000000062e-02 4.001210000000000270e-04 1.000000000000000000e+00 1.839589999999999975e-02 1.846420000000000006e-02
1.092502768999999985e+00 1.839919599999999961e-02 4.001079999999999849e-04 1.000000000000000000e+00 1.840639999999999984e-02 1.847400000000000084e-02
1.092866936000000067e+00 1.841083699999999934e-02 4.001030000000000146e-04 1.000000000000000000e+00 1.841699999999999934e-02 1.848380000000000162e-02
1.093231225000000029e+00 1.842195300000000133e-02 4.001049999999999919e-04 1.000000000000000000e+00 1.842730000000000062e-02 1.849340000000000012e-02
1.093595636000000093e+00 1.843181799999999912e-02 4.001119999999999937e-04 1.000000000000000000e+00 1.843670000000000031e-02 1.850219999999999990e-02
1.093960167999999955e+00 1.843986400000000025e-02 4.001219999999999885e-04 1.000000000000000000e+00 1.844470000000000137e-02 1.850970000000000046e-02
1.094324821000000059e+00 1.844581899999999872e-02 4.001300000000000061e-04 1.000000000000000000e+00 1.845089999999999925e-02 1.851550000000000071e-02
1.094689596000000043e+00 1.844968500000000039e-02 4.001370000000000079e-04 1.000000000000000000e+00 1.845509999999999859e-02 1.851929999999999896e-02
1.095054492999999907e+00 1.845156599999999911e-02 4.001419999999999782e-04 1.000000000000000000e+00 1.845729999999999940e-02 1.852130000000000096e-02
1.095419511000000012e+00 1.845144500000000035e-02 4.001459999999999869e-04 1.000000000000000000e+00 1.845750000000000168e-02 1.852130000000000096e-02
1.095784650999999998e+00 1.844905399999999945e-02 4.001459999999999869e-04 1.000000000000000000e+00 1.845580000000000137e-02 1.851960000000000064e-02
1.096149912000000004e+00 1.844389700000000076e-02 4.001380000000000236e-04 1.000000000000000000e+00 1.845230000000000134e-02 1.851610000000000061e-02
1.096515294999999890e+00 1.843544399999999875e-02 4.001160000000000025e-04 1.000000000000000000e+00 1.844650000000000109e-02 1.851039999999999977e-02
1.096880800999999961e+00 1.842340799999999876e-02 4.000699999999999829e-04 1.000000000000000000e+00 1.843830000000000122e-02 1.850229999999999930e-02
1.097246428000000051e+00 1.840797799999999845e-02 3.999939999999999789e-04 1.000000000000000000e+00 1.842749999999999944e-02 1.849150000000000099e-02
1.097612175999999939e+00 1.838992399999999847e-02 3.998839999999999817e-04 1.000000000000000000e+00 1.841419999999999862e-02 1.847820000000000018e-02
1.097978047000000013e+00 1.837050800000000067e-02 3.997420000000000227e-04 1.000000000000000000e+00 1.839870000000000047e-02 1.846269999999999856e-02
1.098344039999999966e+00 1.835124299999999972e-02 3.995760000000000110e-04 1.000000000000000000e+00 1.838189999999999963e-02 1.844569999999999890e-02
1.098710153999999939e+00 1.833357500000000126e-02 3.994000000000000046e-04 1.000000000000000000e+00 1.836470000000000116e-02 1.842850000000000044e-02
1.099076391000000097e+00 1.831856899999999982e-02 3.992259999999999754e-04 1.000000000000000000e+00 1.834819999999999854e-02 1.841179999999999900e-02
1.099442749999999913e+00 1.830670499999999951e-02 3.990700000000000128e-04 1.000000000000000000e+00 1.833320000000000088e-02 1.839669999999999847e-02
1.099809231000000054e+00 1.829781899999999989e-02 3.989390000000000102e-04 1.000000000000000000e+00 1.832030000000000117e-02 1.838369999999999935e-02
1.100175834000000075e+00 1.829121100000000166e-02 3.988379999999999920e-04 1.000000000000000000e+00 1.830959999999999879e-02 1.837290000000000104e-02
1.100542558999999976e+00 1.828587900000000141e-02 3.987649999999999810e-04 1.000000000000000000e+00 1.830069999999999961e-02 1.836399999999999838e-02
1.100909407000000062e+00 1.828079599999999846e-02 3.987139999999999912e-04 1.000000000000000000e+00 1.829309999999999964e-02 1.835639999999999841e-02
1.101276377000000029e+00 1.827512200000000128e-02 3.986770000000000049e-04 1.000000000000000000e+00 1.828600000000000017e-02 1.834950000000000123e-02
1.101643469000000097e+00 1.826832499999999845e-02 3.986470000000000204e-04 1.000000000000000000e+00 1.827890000000000070e-02 1.834239999999999829e-02
1.102010683000000046e+00 1.826014999999999930e-02 3.986179999999999975e-04 1.000000000000000000e+00 1.827099999999999905e-02 1.833469999999999892e-02
1.102378019999999959e+00 1.825053199999999987e-02 3.985840000000000043e-04 1.000000000000000000e+00 1.826219999999999927e-02 1.832599999999999854e-02
1.102745478999999973e+00 1.823949899999999930e-02 3.985440000000000250e-04 1.000000000000000000e+00 1.825219999999999967e-02 1.831620000000000123e-02
1.103113060999999950e+00 1.822712099999999891e-02 3.984950000000000124e-04 1.000000000000000000e+00 1.824119999999999908e-02 1.830539999999999945e-02
1.103480765999999891e+00 1.821353900000000081e-02 3.984360000000000050e-04 1.000000000000000000e+00 1.822920000000000096e-02 1.829360000000000014e-02
1.103848592000000073e+00 1.819901200000000052e-02 3.983640000000000098e-04 1.000000000000000000e+00 1.821640000000000065e-02 1.828110000000000152e-02
1.104216542000000079e+00 1.818393999999999913e-02 3.982790000000000267e-04 1.000000000000000000e+00 1.820329999999999865e-02 1.826809999999999892e-02
1.104584613999999965e+00 1.816883099999999987e-02 3.981810000000000015e-04 1.000000000000000000e+00 1.818989999999999843e-02 1.825480000000000158e-02
1.104952809000000036e+00 1.815417199999999967e-02 3.980710000000000043e-04 1.000000000000000000e+00 1.817660000000000109e-02 1.824150000000000077e-02
1.105321127000000070e+00 1.814027500000000084e-02 3.979519999999999737e-04 1.000000000000000000e+00 1.816359999999999850e-02 1.822850000000000165e-02
1.105689566999999984e+00 1.812713000000000171e-02 3.978270000000000113e-04 1.000000000000000000e+00 1.815109999999999987e-02 1.821580000000000074e-02
1.106058130000000084e+00 1.811438099999999884e-02 3.976990000000000017e-04 1.000000000000000000e+00 1.813880000000000006e-02 1.820350000000000093e-02
1.106426815999999924e+00 1.810136500000000120e-02 3.975660000000000218e-04 1.000000000000000000e+00 1.812659999999999966e-02 1.819110000000000171e-02
1.106795624999999950e+00 1.808727400000000041e-02 3.974259999999999859e-04 1.000000000000000000e+00 1.811389999999999875e-02 1.817819999999999853e-02
1.107164556999999938e+00 1.807126599999999902e-02 3.972709999999999848e-04 1.000000000000000000e+00 1.810029999999999972e-02 1.816430000000000128e-02
1.107533611999999890e+00 1.805251500000000162e-02 3.970970000000000099e-04 1.000000000000000000e+00 1.808490000000000097e-02 1.814879999999999965e-02
1.107902790000000026e+00 1.803015000000000173e-02 3.968929999999999962e-04 1.000000000000000000e+00 1.806719999999999854e-02 1.813079999999999900e-02
1.108272090999999904e+00 1.800317599999999921e-02 3.966509999999999806e-04 1.000000000000000000e+00 1.804619999999999835e-02 1.810960000000000000e-02
1.108641514999999966e+00 1.797038000000000108e-02 3.963589999999999908e-04 1.000000000000000000e+00 1.802099999999999883e-02 1.808399999999999938e-02
1.109011061999999992e+00 1.793039899999999964e-02 3.960069999999999779e-04 1.000000000000000000e+00 1.799020000000000133e-02 1.805299999999999960e-02
1.109380731999999981e+00 1.788188900000000151e-02 3.955830000000000240e-04 1.000000000000000000e+00 1.795249999999999971e-02 1.801499999999999976e-02
1.109750526000000015e+00 1.782366300000000001e-02 3.950730000000000170e-04 1.000000000000000000e+00 1.790649999999999881e-02 1.796870000000000064e-02
1.110120443000000012e+00 1.775476499999999874e-02 3.944700000000000094e-04 1.000000000000000000e+00 1.785099999999999881e-02 1.791289999999999896e-02
1.110490482999999973e+00 1.767448799999999862e-02 3.937650000000000221e-04 1.000000000000000000e+00 1.778520000000000101e-02 1.784679999999999947e-02
1.110860645999999896e+00 1.758233000000000018e-02 3.929499999999999833e-04 1.000000000000000000e+00 1.770829999999999974e-02 1.776959999999999998e-02
1.111230933000000087e+00 1.747804299999999866e-02 3.920179999999999997e-04 1.000000000000000000e+00 1.762000000000000025e-02 1.768110000000000168e-02
1.111601344000000102e+00 1.736158700000000124e-02 3.909639999999999925e-04 1.000000000000000000e+00 1.752029999999999907e-02 1.758099999999999941e-02
1.111971876999999997e+00 1.723306000000000143e-02 3.897819999999999757e-04 1.000000000000000000e+00 1.740900000000000086e-02 1.746939999999999951e-02
1.112342535000000021e+00 1.709236800000000014e-02 3.884669999999999790e-04 1.000000000000000000e+00 1.728609999999999869e-02 1.734619999999999912e-02
1.112713314999999925e+00 1.693876299999999904e-02 3.870100000000000233e-04 1.000000000000000000e+00 1.715140000000000067e-02 1.721100000000000060e-02
1.113084219999999958e+00 1.677069100000000076e-02 3.854010000000000053e-04 1.000000000000000000e+00 1.700399999999999828e-02 1.706310000000000118e-02
1.113455247999999953e+00 1.658621500000000137e-02 3.836220000000000211e-04 1.000000000000000000e+00 1.684249999999999983e-02 1.690109999999999876e-02
1.113826399999999994e+00 1.638419899999999860e-02 3.816530000000000269e-04 1.000000000000000000e+00 1.666530000000000095e-02 1.672339999999999938e-02
1.114197674999999998e+00 1.616611800000000015e-02 3.794839999999999737e-04 1.000000000000000000e+00 1.647180000000000172e-02 1.652920000000000084e-02
1.114569074000000048e+00 1.593752299999999858e-02 3.771269999999999961e-04 1.000000000000000000e+00 1.626330000000000137e-02 1.631989999999999830e-02
1.114940596999999922e+00 1.570851800000000117e-02 3.746350000000000071e-04 1.000000000000000000e+00 1.604440000000000033e-02 1.610019999999999854e-02
1.115312244000000064e+00 1.549242099999999928e-02 3.720999999999999915e-04 1.000000000000000000e+00 1.582340000000000135e-02 1.587850000000000025e-02
1.115684015000000029e+00 1.530288699999999939e-02 3.696509999999999748e-04 1.000000000000000000e+00 1.561139999999999924e-02 1.566570000000000115e-02
1.116055910000000040e+00 1.515022700000000049e-02 3.674249999999999999e-04 1.000000000000000000e+00 1.541980000000000087e-02 1.547330000000000060e-02
1.116427928000000014e+00 1.503847300000000012e-02 3.655390000000000115e-04 1.000000000000000000e+00 1.525800000000000073e-02 1.531090000000000055e-02
1.116800070999999894e+00 1.496419499999999958e-02 3.640550000000000101e-04 1.000000000000000000e+00 1.513079999999999981e-02 1.518320000000000086e-02
1.117172338000000043e+00 1.491756200000000053e-02 3.629670000000000097e-04 1.000000000000000000e+00 1.503709999999999943e-02 1.508920000000000053e-02
1.117544727999999932e+00 1.488521299999999957e-02 3.622019999999999992e-04 1.000000000000000000e+00 1.497079999999999939e-02 1.502260000000000054e-02
1.117917242999999949e+00 1.485359399999999948e-02 3.616439999999999954e-04 1.000000000000000000e+00 1.492169999999999955e-02 1.497330000000000015e-02
1.118289882000000013e+00 1.481156999999999960e-02 3.611579999999999869e-04 1.000000000000000000e+00 1.487879999999999932e-02 1.493019999999999937e-02
1.118662645999999983e+00 1.475144500000000018e-02 3.606239999999999815e-04 1.000000000000000000e+00 1.483160000000000034e-02 1.488289999999999925e-02
1.119035532999999916e+00 1.466870500000000063e-02 3.599419999999999768e-04 1.000000000000000000e+00 1.477209999999999981e-02 1.482310000000000051e-02
1.119408544999999977e+00 1.456132499999999996e-02 3.590450000000000022e-04 1.000000000000000000e+00 1.469449999999999923e-02 1.474529999999999938e-02
1.119781681000000084e+00 1.442962799999999990e-02 3.578920000000000083e-04 1.000000000000000000e+00 1.459539999999999969e-02 1.464589999999999989e-02
1.120154942000000098e+00 1.427704100000000073e-02 3.564740000000000161e-04 1.000000000000000000e+00 1.447430000000000071e-02 1.452449999999999922e-02
1.120528326999999935e+00 1.411119599999999946e-02 3.548140000000000083e-04 1.000000000000000000e+00 1.433360000000000016e-02 1.438339999999999931e-02
1.120901836000000040e+00 1.394431800000000068e-02 3.529869999999999731e-04 1.000000000000000000e+00 1.417939999999999999e-02 1.422889999999999919e-02
1.121275470000000052e+00 1.379183600000000003e-02 3.511119999999999953e-04 1.000000000000000000e+00 1.402199999999999974e-02 1.407100000000000017e-02
1.121649228999999970e+00 1.366903600000000073e-02 3.493470000000000147e-04 1.000000000000000000e+00 1.387410000000000032e-02 1.392280000000000080e-02
1.122023111999999934e+00 1.358681399999999914e-02 3.478569999999999731e-04 1.000000000000000000e+00 1.374880000000000026e-02 1.379720000000000078e-02
1.122397120000000026e+00 1.354809700000000026e-02 3.467690000000000269e-04 1.000000000000000000e+00 1.365590000000000033e-02 1.370410000000000031e-02
1.122771251999999942e+00 1.354682500000000019e-02 3.461399999999999894e-04 1.000000000000000000e+00 1.359959999999999988e-02 1.364779999999999986e-02
1.123145508999999986e+00 1.357010399999999950e-02 3.459369999999999915e-04 1.000000000000000000e+00 1.357719999999999934e-02 1.362550000000000046e-02
1.123519890999999937e+00 1.360288999999999943e-02 3.460539999999999905e-04 1.000000000000000000e+00 1.358009999999999946e-02 1.362859999999999940e-02
1.123894396999999934e+00 1.363333199999999974e-02 3.463510000000000048e-04 1.000000000000000000e+00 1.359729999999999966e-02 1.364609999999999955e-02
1.124269028999999920e+00 1.365650799999999949e-02 3.467049999999999950e-04 1.000000000000000000e+00 1.361919999999999971e-02 1.366820000000000014e-02
1.124643784999999951e+00 1.367500999999999960e-02 3.470479999999999746e-04 1.000000000000000000e+00 1.364040000000000044e-02 1.368959999999999969e-02
1.125018666999999972e+00 1.369635899999999996e-02 3.473780000000000205e-04 1.000000000000000000e+00 1.366080000000000072e-02 1.371029999999999992e-02
1.125393673000000039e+00 1.372871999999999981e-02 3.477449999999999986e-04 1.000000000000000000e+00 1.368450000000000048e-02 1.373420000000000023e-02
1.125768804000000012e+00 1.377699100000000058e-02 3.482150000000000262e-04 1.000000000000000000e+00 1.371690000000000062e-02 1.376679999999999918e-02
1.126144059999999891e+00 1.384119800000000074e-02 3.488329999999999990e-04 1.000000000000000000e+00 1.376169999999999997e-02 1.381180000000000081e-02
1.126519441999999982e+00 1.391768799999999924e-02 3.496090000000000200e-04 1.000000000000000000e+00 1.381989999999999955e-02 1.387030000000000034e-02
1.126894947999999896e+00 1.400223899999999966e-02 3.505189999999999825e-04 1.000000000000000000e+00 1.388990000000000016e-02 1.394059999999999917e-02
1.127270580000000022e+00 1.409343899999999927e-02 3.515340000000000261e-04 1.000000000000000000e+00 1.396939999999999987e-02 1.402029999999999943e-02
1.127646337000000054e+00 1.419458399999999967e-02 3.526429999999999777e-04 1.000000000000000000e+00 1.405759999999999996e-02 1.410879999999999947e-02
1.128022218999999993e+00 1.431298200000000014e-02 3.538750000000000229e-04 1.000000000000000000e+00 1.415699999999999945e-02 1.420839999999999950e-02
1.128398226000000060e+00 1.445689999999999996e-02 3.552930000000000151e-04 1.000000000000000000e+00 1.427269999999999928e-02 1.432429999999999988e-02
1.128774358999999894e+00 1.463117000000000063e-02 3.569700000000000195e-04 1.000000000000000000e+00 1.441040000000000029e-02 1.446240000000000026e-02
1.129150617000000079e+00 1.483268199999999981e-02 3.589469999999999770e-04 1.000000000000000000e+00 1.457379999999999960e-02 1.462609999999999952e-02
1.129526999999999948e+00 1.504747900000000076e-02 3.611889999999999871e-04 1.000000000000000000e+00 1.476019999999999936e-02 1.481299999999999978e-02
1.129903509000000028e+00 1.525040400000000039e-02 3.635619999999999997e-04 1.000000000000000000e+00 1.495870000000000012e-02 1.501189999999999990e-02
1.130280144000000098e+00 1.540792000000000030e-02 3.658210000000000064e-04 1.000000000000000000e+00 1.514880000000000046e-02 1.520239999999999959e-02
1.130656904000000074e+00 1.548374599999999962e-02 3.676390000000000083e-04 1.000000000000000000e+00 1.530300000000000063e-02 1.535689999999999972e-02
1.131033790000000039e+00 1.544633999999999938e-02 3.686569999999999908e-04 1.000000000000000000e+00 1.539019999999999971e-02 1.544419999999999994e-02
1.131410800999999910e+00 1.527674300000000061e-02 3.685459999999999778e-04 1.000000000000000000e+00 1.538239999999999920e-02 1.543600000000000007e-02
1.131787937999999993e+00 1.497488999999999938e-02 3.670780000000000115e-04 1.000000000000000000e+00 1.526049999999999976e-02 1.531339999999999958e-02
1.132165201000000065e+00 1.456298399999999930e-02 3.641879999999999900e-04 1.000000000000000000e+00 1.502060000000000027e-02 1.507239999999999969e-02
1.132542589000000044e+00 1.408477799999999919e-02 3.600179999999999808e-04 1.000000000000000000e+00 1.467749999999999957e-02 1.472760000000000041e-02
1.132920103000000012e+00 1.360050099999999922e-02 3.549350000000000161e-04 1.000000000000000000e+00 1.426430000000000059e-02 1.431259999999999998e-02
1.133297742999999969e+00 1.317778699999999983e-02 3.495099999999999791e-04 1.000000000000000000e+00 1.382989999999999914e-02 1.387629999999999940e-02
1.133675508999999915e+00 1.288024500000000024e-02 3.444589999999999761e-04 1.000000000000000000e+00 1.343169999999999954e-02 1.347620000000000068e-02
1.134053401000000072e+00 1.275562199999999945e-02 3.405309999999999826e-04 1.000000000000000000e+00 1.312639999999999987e-02 1.316920000000000070e-02
1.134431418999999996e+00 1.282658000000000062e-02 3.383619999999999835e-04 1.000000000000000000e+00 1.296010000000000044e-02 1.300180000000000086e-02
1.134809562999999910e+00 1.308629099999999990e-02 3.383360000000000078e-04 1.000000000000000000e+00 1.295989999999999989e-02 1.300089999999999926e-02
1.135187831999999952e+00 1.350036100000000065e-02 3.404929999999999806e-04 1.000000000000000000e+00 1.312890000000000064e-02 1.316969999999999946e-02
1.135566228000000066e+00 1.401465600000000034e-02 3.445260000000000011e-04 1.000000000000000000e+00 1.344640000000000071e-02 1.348740000000000008e-02
1.135944749999999948e+00 1.456691199999999957e-02 3.498710000000000253e-04 1.000000000000000000e+00 1.387269999999999996e-02 1.391419999999999983e-02
1.136323398999999901e+00 1.509891799999999937e-02 3.558540000000000119e-04 1.000000000000000000e+00 1.435759999999999988e-02 1.439969999999999965e-02
1.136702172999999982e+00 1.556605299999999983e-02 3.618270000000000037e-04 1.000000000000000000e+00 1.485009999999999976e-02 1.489270000000000004e-02
1.137081073999999914e+00 1.594212500000000143e-02 3.672789999999999779e-04 1.000000000000000000e+00 1.530710000000000057e-02 1.535010000000000020e-02
1.137460101000000057e+00 1.621906899999999915e-02 3.718840000000000058e-04 1.000000000000000000e+00 1.569840000000000124e-02 1.574160000000000142e-02
1.137839253999999967e+00 1.640299699999999902e-02 3.754939999999999797e-04 1.000000000000000000e+00 1.600870000000000071e-02 1.605200000000000030e-02
1.138218533999999948e+00 1.650859299999999849e-02 3.781139999999999783e-04 1.000000000000000000e+00 1.623549999999999993e-02 1.627889999999999893e-02
1.138597939999999920e+00 1.655398699999999917e-02 3.798469999999999971e-04 1.000000000000000000e+00 1.638610000000000066e-02 1.642930000000000085e-02
1.138977472999999963e+00 1.655719099999999888e-02 3.808509999999999760e-04 1.000000000000000000e+00 1.647269999999999984e-02 1.651599999999999943e-02
1.139357131999999995e+00 1.653427400000000158e-02 3.813029999999999913e-04 1.000000000000000000e+00 1.651029999999999859e-02 1.655360000000000165e-02
1.139736918000000099e+00 1.649835399999999980e-02 3.813770000000000181e-04 1.000000000000000000e+00 1.651340000000000099e-02 1.655689999999999940e-02
1.140116829999999970e+00 1.645877999999999924e-02 3.812220000000000170e-04 1.000000000000000000e+00 1.649509999999999865e-02 1.653889999999999874e-02
1.140496868999999913e+00 1.642011000000000165e-02 3.809560000000000030e-04 1.000000000000000000e+00 1.646529999999999869e-02 1.650980000000000156e-02
1.140877034999999928e+00 1.638124399999999967e-02 3.806460000000000008e-04 1.000000000000000000e+00 1.643019999999999897e-02 1.647550000000000056e-02
1.141257326999999933e+00 1.633552500000000005e-02 3.803020000000000055e-04 1.000000000000000000e+00 1.639080000000000051e-02 1.643709999999999963e-02
1.141637746000000009e+00 1.627246599999999932e-02 3.798790000000000131e-04 1.000000000000000000e+00 1.634350000000000039e-02 1.639080000000000051e-02
1.142018291999999935e+00 1.618090399999999943e-02 3.792860000000000003e-04 1.000000000000000000e+00 1.628100000000000033e-02 1.632940000000000086e-02
1.142398964999999933e+00 1.605302399999999907e-02 3.784200000000000259e-04 1.000000000000000000e+00 1.619490000000000166e-02 1.624420000000000031e-02
1.142779763999999920e+00 1.588765099999999916e-02 3.771989999999999913e-04 1.000000000000000000e+00 1.607839999999999964e-02 1.612850000000000047e-02
1.143160691000000062e+00 1.569176300000000093e-02 3.755949999999999979e-04 1.000000000000000000e+00 1.592980000000000090e-02 1.598050000000000165e-02
1.143541743999999971e+00 1.547960500000000045e-02 3.736540000000000109e-04 1.000000000000000000e+00 1.575340000000000074e-02 1.580449999999999910e-02
1.143922925000000035e+00 1.526981799999999924e-02 3.714929999999999751e-04 1.000000000000000000e+00 1.555959999999999982e-02 1.561090000000000047e-02
1.144304232999999948e+00 1.508163400000000001e-02 3.692829999999999811e-04 1.000000000000000000e+00 1.536320000000000047e-02 1.541469999999999993e-02
1.144685667000000073e+00 1.493146499999999967e-02 3.672179999999999932e-04 1.000000000000000000e+00 1.518049999999999955e-02 1.523210000000000015e-02
1.145067228999999909e+00 1.483055699999999942e-02 3.654829999999999971e-04 1.000000000000000000e+00 1.502649999999999993e-02 1.507829999999999934e-02
1.145448918000000038e+00 1.478411999999999955e-02 3.642210000000000217e-04 1.000000000000000000e+00 1.491289999999999977e-02 1.496489999999999973e-02
1.145830735000000100e+00 1.479126000000000052e-02 3.635229999999999820e-04 1.000000000000000000e+00 1.484659999999999973e-02 1.489880000000000024e-02
1.146212677999999929e+00 1.484560400000000009e-02 3.634099999999999917e-04 1.000000000000000000e+00 1.482909999999999957e-02 1.488180000000000058e-02
1.146594748999999913e+00 1.493631100000000073e-02 3.638410000000000017e-04 1.000000000000000000e+00 1.485700000000000041e-02 1.491020000000000019e-02
1.146976946999999969e+00 1.504962200000000035e-02 3.647179999999999866e-04 1.000000000000000000e+00 1.492229999999999945e-02 1.497609999999999914e-02
1.147359272999999957e+00 1.517105900000000063e-02 3.659070000000000052e-04 1.000000000000000000e+00 1.501399999999999957e-02 1.506859999999999970e-02
1.147741726000000018e+00 1.528803299999999948e-02 3.672540000000000179e-04 1.000000000000000000e+00 1.511990000000000035e-02 1.517510000000000039e-02
1.148124307000000011e+00 1.539208599999999927e-02 3.686219999999999818e-04 1.000000000000000000e+00 1.522850000000000072e-02 1.528430000000000066e-02
1.148507015000000075e+00 1.547999199999999971e-02 3.699069999999999941e-04 1.000000000000000000e+00 1.533119999999999969e-02 1.538759999999999954e-02
1.148889851000000073e+00 1.555310900000000073e-02 3.710520000000000246e-04 1.000000000000000000e+00 1.542329999999999916e-02 1.548010000000000011e-02
1.149272813999999920e+00 1.561546699999999920e-02 3.720460000000000086e-04 1.000000000000000000e+00 1.550379999999999987e-02 1.556100000000000018e-02
1.149655904999999922e+00 1.567132099999999847e-02 3.729070000000000128e-04 1.000000000000000000e+00 1.557440000000000040e-02 1.563180000000000125e-02
1.150039122999999996e+00 1.572350499999999873e-02 3.736669999999999987e-04 1.000000000000000000e+00 1.563739999999999922e-02 1.569510000000000002e-02
1.150422470000000086e+00 1.577313500000000063e-02 3.743519999999999964e-04 1.000000000000000000e+00 1.569519999999999943e-02 1.575299999999999964e-02
1.150805944000000025e+00 1.582056899999999960e-02 3.749800000000000182e-04 1.000000000000000000e+00 1.574899999999999911e-02 1.580679999999999932e-02
1.151189545999999897e+00 1.586684299999999853e-02 3.755650000000000134e-04 1.000000000000000000e+00 1.579969999999999986e-02 1.585759999999999947e-02
1.151573275999999924e+00 1.591462000000000085e-02 3.761260000000000102e-04 1.000000000000000000e+00 1.584850000000000148e-02 1.590650000000000050e-02
1.151957133000000022e+00 1.596801200000000018e-02 3.766959999999999861e-04 1.000000000000000000e+00 1.589789999999999953e-02 1.595589999999999856e-02
1.152341118999999914e+00 1.603147799999999831e-02 3.773189999999999834e-04 1.000000000000000000e+00 1.595119999999999871e-02 1.600930000000000061e-02
1.152725232999999960e+00 1.610831199999999963e-02 3.780429999999999988e-04 1.000000000000000000e+00 1.601199999999999846e-02 1.607039999999999857e-02
1.153109474999999939e+00 1.619953799999999944e-02 3.789059999999999802e-04 1.000000000000000000e+00 1.608340000000000117e-02 1.614209999999999950e-02
1.153493843999999990e+00 1.630362399999999920e-02 3.799240000000000169e-04 1.000000000000000000e+00 1.616690000000000141e-02 1.622600000000000084e-02
1.153878342000000057e+00 1.641699900000000156e-02 3.810910000000000144e-04 1.000000000000000000e+00 1.626220000000000096e-02 1.632180000000000089e-02
1.154262968999999917e+00 1.653503300000000106e-02 3.823760000000000266e-04 1.000000000000000000e+00 1.636699999999999960e-02 1.642729999999999885e-02
1.154647723000000070e+00 1.665299300000000135e-02 3.837350000000000114e-04 1.000000000000000000e+00 1.647809999999999900e-02 1.653910000000000102e-02
1.155032604999999934e+00 1.676674599999999904e-02 3.851169999999999789e-04 1.000000000000000000e+00 1.659149999999999861e-02 1.665319999999999995e-02
1.155417616000000036e+00 1.687305999999999875e-02 3.864760000000000179e-04 1.000000000000000000e+00 1.670340000000000019e-02 1.676580000000000084e-02
1.155802755999999931e+00 1.696974199999999947e-02 3.877700000000000092e-04 1.000000000000000000e+00 1.681030000000000024e-02 1.687330000000000080e-02
1.156188022999999898e+00 1.705567599999999878e-02 3.889720000000000157e-04 1.000000000000000000e+00 1.690960000000000032e-02 1.697320000000000079e-02
1.156573419000000102e+00 1.713086000000000123e-02 3.900640000000000249e-04 1.000000000000000000e+00 1.699960000000000013e-02 1.706370000000000109e-02
1.156958944000000100e+00 1.719638999999999890e-02 3.910429999999999896e-04 1.000000000000000000e+00 1.707960000000000034e-02 1.714440000000000061e-02
1.157344597000000030e+00 1.725432299999999849e-02 3.919169999999999815e-04 1.000000000000000000e+00 1.715039999999999967e-02 1.721570000000000045e-02
1.157730377999999893e+00 1.730736500000000164e-02 3.927040000000000131e-04 1.000000000000000000e+00 1.721349999999999963e-02 1.727920000000000150e-02
1.158116287999999994e+00 1.735847700000000063e-02 3.934259999999999971e-04 1.000000000000000000e+00 1.727120000000000044e-02 1.733739999999999934e-02
1.158502327000000109e+00 1.741045899999999966e-02 3.941120000000000105e-04 1.000000000000000000e+00 1.732619999999999993e-02 1.739279999999999993e-02
1.158888493999999936e+00 1.746561599999999978e-02 3.947870000000000133e-04 1.000000000000000000e+00 1.738100000000000062e-02 1.744800000000000170e-02
1.159274791000000082e+00 1.752554699999999896e-02 3.954739999999999883e-04 1.000000000000000000e+00 1.743789999999999923e-02 1.750519999999999854e-02
1.159661215999999939e+00 1.759101500000000151e-02 3.961899999999999862e-04 1.000000000000000000e+00 1.749830000000000135e-02 1.756589999999999888e-02
1.160047768999999951e+00 1.766187099999999913e-02 3.969460000000000176e-04 1.000000000000000000e+00 1.756299999999999875e-02 1.763100000000000084e-02
1.160434452000000061e+00 1.773705100000000021e-02 3.977469999999999986e-04 1.000000000000000000e+00 1.763210000000000124e-02 1.770029999999999867e-02
1.160821263000000103e+00 1.781460899999999861e-02 3.985869999999999973e-04 1.000000000000000000e+00 1.770479999999999970e-02 1.777340000000000170e-02
1.161208204000000022e+00 1.789188200000000131e-02 3.994539999999999875e-04 1.000000000000000000e+00 1.777959999999999957e-02 1.784849999999999978e-02
1.161595273000000095e+00 1.796571900000000152e-02 4.003249999999999864e-04 1.000000000000000000e+00 1.785449999999999884e-02 1.792370000000000074e-02
1.161982472000000044e+00 1.803286200000000020e-02 4.011740000000000184e-04 1.000000000000000000e+00 1.792679999999999968e-02 1.799639999999999920e-02
1.162369798999999926e+00 1.809037900000000018e-02 4.019679999999999976e-04 1.000000000000000000e+00 1.799390000000000017e-02 1.806400000000000020e-02
1.162757255999999906e+00 1.813613999999999851e-02 4.026759999999999780e-04 1.000000000000000000e+00 1.805319999999999842e-02 1.812369999999999953e-02
1.163144841000000040e+00 1.816925100000000085e-02 4.032749999999999768e-04 1.000000000000000000e+00 1.810269999999999935e-02 1.817360000000000156e-02
1.163532556000000051e+00 1.819036400000000053e-02 4.037490000000000133e-04 1.000000000000000000e+00 1.814119999999999969e-02 1.821240000000000012e-02
1.163920400999999938e+00 1.820170600000000152e-02 4.040989999999999947e-04 1.000000000000000000e+00 1.816890000000000172e-02 1.824030000000000096e-02
1.164308373999999979e+00 1.820680900000000088e-02 4.043410000000000103e-04 1.000000000000000000e+00 1.818699999999999831e-02 1.825850000000000042e-02
1.164696476999999897e+00 1.820989699999999920e-02 4.045060000000000062e-04 1.000000000000000000e+00 1.819809999999999831e-02 1.826979999999999923e-02
1.165084709000000052e+00 1.821509699999999954e-02 4.046319999999999843e-04 1.000000000000000000e+00 1.820569999999999827e-02 1.827749999999999861e-02
1.165473071000000083e+00 1.822561199999999867e-02 4.047610000000000097e-04 1.000000000000000000e+00 1.821330000000000171e-02 1.828520000000000145e-02
1.165861561999999907e+00 1.824313799999999902e-02 4.049260000000000055e-04 1.000000000000000000e+00 1.822390000000000121e-02 1.829599999999999976e-02
1.166250181999999969e+00 1.826764499999999902e-02 4.051489999999999931e-04 1.000000000000000000e+00 1.823960000000000164e-02 1.831179999999999961e-02
1.166638931999999906e+00 1.829759200000000141e-02 4.054349999999999968e-04 1.000000000000000000e+00 1.826099999999999945e-02 1.833339999999999970e-02
1.167027811999999942e+00 1.833045499999999897e-02 4.057770000000000148e-04 1.000000000000000000e+00 1.828750000000000167e-02 1.836010000000000073e-02
1.167416820999999993e+00 1.836340599999999879e-02 4.061539999999999877e-04 1.000000000000000000e+00 1.831730000000000164e-02 1.839009999999999950e-02
1.167805959999999921e+00 1.839391199999999837e-02 4.065410000000000096e-04 1.000000000000000000e+00 1.834809999999999913e-02 1.842109999999999928e-02
1.168195228999999946e+00 1.842012800000000089e-02 4.069139999999999736e-04 1.000000000000000000e+00 1.837770000000000029e-02 1.845089999999999925e-02
1.168584626999999987e+00 1.844097899999999970e-02 4.072559999999999917e-04 1.000000000000000000e+00 1.840409999999999963e-02 1.847750000000000087e-02
1.168974154999999904e+00 1.845603399999999963e-02 4.075519999999999902e-04 1.000000000000000000e+00 1.842589999999999853e-02 1.849949999999999858e-02
1.169363812999999919e+00 1.846522499999999831e-02 4.077969999999999989e-04 1.000000000000000000e+00 1.844250000000000056e-02 1.851639999999999883e-02
1.169753601000000032e+00 1.846857299999999855e-02 4.079880000000000247e-04 1.000000000000000000e+00 1.845350000000000115e-02 1.852770000000000111e-02
1.170143519000000021e+00 1.846605000000000121e-02 4.081229999999999819e-04 1.000000000000000000e+00 1.845890000000000031e-02 1.853339999999999849e-02
1.170533567000000108e+00 1.845759300000000130e-02 4.082000000000000016e-04 1.000000000000000000e+00 1.845880000000000090e-02 1.853350000000000136e-02
1.170923745000000071e+00 1.844335000000000072e-02 4.082150000000000210e-04 1.000000000000000000e+00 1.845329999999999887e-02 1.852820000000000161e-02
1.171314052999999911e+00 1.842402300000000118e-02 4.081679999999999857e-04 1.000000000000000000e+00 1.844250000000000056e-02 1.851759999999999864e-02
1.171704491000000070e+00 1.840120199999999845e-02 4.080609999999999815e-04 1.000000000000000000e+00 1.842730000000000062e-02 1.850250000000000158e-02
1.172095059000000106e+00 1.837750200000000042e-02 4.079069999999999961e-04 1.000000000000000000e+00 1.840889999999999888e-02 1.848409999999999984e-02
1.172485757000000017e+00 1.835632400000000025e-02 4.077260000000000194e-04 1.000000000000000000e+00 1.838940000000000019e-02 1.846439999999999887e-02
1.172876586000000110e+00 1.834123099999999951e-02 4.075479999999999815e-04 1.000000000000000000e+00 1.837139999999999954e-02 1.844619999999999940e-02
1.173267545000000078e+00 1.833504400000000173e-02 4.074079999999999997e-04 1.000000000000000000e+00 1.835760000000000169e-02 1.843219999999999928e-02
1.173658633999999923e+00 1.833894299999999991e-02 4.073360000000000045e-04 1.000000000000000000e+00 1.835049999999999876e-02 1.842490000000000100e-02
1.174049853000000088e+00 1.835189400000000054e-02 4.073489999999999923e-04 1.000000000000000000e+00 1.835109999999999866e-02 1.842529999999999862e-02
1.174441202999999989e+00 1.837072699999999989e-02 4.074470000000000175e-04 1.000000000000000000e+00 1.835909999999999972e-02 1.843320000000000028e-02
1.174832684000000071e+00 1.839086300000000035e-02 4.076120000000000134e-04 1.000000000000000000e+00 1.837220000000000172e-02 1.844619999999999940e-02
1.175224295000000030e+00 1.840756899999999863e-02 4.078099999999999867e-04 1.000000000000000000e+00 1.838709999999999997e-02 1.846120000000000053e-02
1.175616036000000086e+00 1.841729400000000072e-02 4.080019999999999741e-04 1.000000000000000000e+00 1.840019999999999850e-02 1.847429999999999906e-02
1.176007908000000102e+00 1.841864000000000001e-02 4.081579999999999909e-04 1.000000000000000000e+00 1.840839999999999838e-02 1.848280000000000062e-02
1.176399911000000076e+00 1.841259500000000035e-02 4.082590000000000090e-04 1.000000000000000000e+00 1.841030000000000097e-02 1.848489999999999855e-02
1.176792043999999926e+00 1.840195500000000109e-02 4.083070000000000059e-04 1.000000000000000000e+00 1.840620000000000103e-02 1.848119999999999971e-02
1.177184307999999957e+00 1.839014200000000168e-02 4.083159999999999849e-04 1.000000000000000000e+00 1.839810000000000056e-02 1.847350000000000034e-02
1.177576702999999947e+00 1.837987799999999880e-02 4.083110000000000146e-04 1.000000000000000000e+00 1.838839999999999919e-02 1.846410000000000065e-02
1.177969228000000035e+00 1.837219199999999900e-02 4.083089999999999832e-04 1.000000000000000000e+00 1.837930000000000119e-02 1.845530000000000087e-02
1.178361884999999942e+00 1.836612099999999914e-02 4.083189999999999780e-04 1.000000000000000000e+00 1.837180000000000063e-02 1.844799999999999912e-02
1.178754671999999948e+00 1.835918500000000009e-02 4.083329999999999816e-04 1.000000000000000000e+00 1.836530000000000107e-02 1.844180000000000125e-02
1.179147589999999912e+00 1.834844799999999984e-02 4.083329999999999816e-04 1.000000000000000000e+00 1.835830000000000101e-02 1.843490000000000059e-02
1.179540639999999918e+00 1.833178300000000080e-02 4.082949999999999796e-04 1.000000000000000000e+00 1.834830000000000141e-02 1.842509999999999981e-02
1.179933820000000022e+00 1.830887600000000170e-02 4.082019999999999789e-04 1.000000000000000000e+00 1.833359999999999851e-02 1.841049999999999978e-02
1.180327131000000085e+00 1.828163000000000010e-02 4.080530000000000181e-04 1.000000000000000000e+00 1.831349999999999992e-02 1.839050000000000060e-02
1.180720573000000106e+00 1.825379400000000027e-02 4.078609999999999766e-04 1.000000000000000000e+00 1.828940000000000080e-02 1.836650000000000088e-02
1.181114146999999948e+00 1.822994000000000003e-02 4.076610000000000259e-04 1.000000000000000000e+00 1.826389999999999958e-02 1.834119999999999848e-02
1.181507851999999970e+00 1.821415599999999871e-02 4.074929999999999828e-04 1.000000000000000000e+00 1.824080000000000146e-02 1.831829999999999917e-02
1.181901687999999950e+00 1.820893999999999985e-02 4.073959999999999734e-04 1.000000000000000000e+00 1.822359999999999952e-02 1.830139999999999892e-02
1.182295654999999890e+00 1.821466100000000005e-02 4.073950000000000119e-04 1.000000000000000000e+00 1.821499999999999855e-02 1.829319999999999904e-02
1.182689753000000010e+00 1.822974899999999995e-02 4.074990000000000231e-04 1.000000000000000000e+00 1.821599999999999955e-02 1.829460000000000114e-02
1.183083982999999950e+00 1.825137799999999866e-02 4.076959999999999807e-04 1.000000000000000000e+00 1.822609999999999855e-02 1.830499999999999836e-02
1.183478344999999932e+00 1.827628699999999870e-02 4.079640000000000263e-04 1.000000000000000000e+00 1.824330000000000049e-02 1.832249999999999851e-02
1.183872837000000011e+00 1.830135100000000042e-02 4.082730000000000126e-04 1.000000000000000000e+00 1.826499999999999999e-02 1.834449999999999970e-02
1.184267461999999993e+00 1.832380100000000067e-02 4.085900000000000165e-04 1.000000000000000000e+00 1.828839999999999980e-02 1.836809999999999832e-02
1.184662217999999934e+00 1.834121699999999994e-02 4.088860000000000151e-04 1.000000000000000000e+00 1.831059999999999979e-02 1.839050000000000060e-02
1.185057105000000055e+00 1.835162400000000041e-02 4.091359999999999940e-04 1.000000000000000000e+00 1.832900000000000154e-02 1.840899999999999828e-02
1.185452123999999996e+00 1.835383299999999995e-02 4.093190000000000023e-04 1.000000000000000000e+00 1.834159999999999957e-02 1.842169999999999919e-02
1.185847274999999978e+00 1.834800300000000162e-02 4.094230000000000135e-04 1.000000000000000000e+00 1.834710000000000160e-02 1.842709999999999834e-02
1.186242556999999920e+00 1.833608499999999850e-02 4.094479999999999734e-04 1.000000000000000000e+00 1.834529999999999841e-02 1.842540000000000150e-02
1.186637970999999903e+00 1.832180099999999867e-02 4.094100000000000256e-04 1.000000000000000000e+00 1.833780000000000132e-02 1.841780000000000153e-02
1.187033516999999927e+00 1.830998600000000032e-02 4.093410000000000234e-04 1.000000000000000000e+00 1.832740000000000063e-02 1.840730000000000144e-02
1.187429194999999993e+00 1.830539299999999966e-02 4.092850000000000090e-04 1.000000000000000000e+00 1.831790000000000154e-02 1.839779999999999888e-02
1.187825005000000100e+00 1.831139099999999978e-02 4.092829999999999776e-04 1.000000000000000000e+00 1.831340000000000051e-02 1.839330000000000132e-02
1.188220947000000027e+00 1.832904399999999920e-02 4.093729999999999852e-04 1.000000000000000000e+00 1.831690000000000054e-02 1.839680000000000135e-02
1.188617019999999913e+00 1.835689199999999965e-02 4.095689999999999813e-04 1.000000000000000000e+00 1.832970000000000085e-02 1.840980000000000047e-02
1.189013225999999923e+00 1.839148200000000066e-02 4.098680000000000270e-04 1.000000000000000000e+00 1.835140000000000035e-02 1.843169999999999878e-02
1.189409563999999975e+00 1.842839300000000125e-02 4.102469999999999771e-04 1.000000000000000000e+00 1.837959999999999941e-02 1.846019999999999953e-02
1.189806032999999985e+00 1.846334300000000012e-02 4.106709999999999853e-04 1.000000000000000000e+00 1.841100000000000028e-02 1.849200000000000149e-02
1.190202634999999898e+00 1.849303500000000142e-02 4.111019999999999952e-04 1.000000000000000000e+00 1.844219999999999887e-02 1.852370000000000058e-02
1.190599369999999935e+00 1.851554999999999868e-02 4.115069999999999752e-04 1.000000000000000000e+00 1.847019999999999912e-02 1.855220000000000133e-02
1.190996235999999930e+00 1.853034300000000120e-02 4.118640000000000126e-04 1.000000000000000000e+00 1.849280000000000021e-02 1.857529999999999945e-02
1.191393235000000050e+00 1.853796500000000000e-02 4.121619999999999884e-04 1.000000000000000000e+00 1.850910000000000055e-02 1.859219999999999970e-02
1.191790365999999990e+00 1.853969499999999840e-02 4.123970000000000023e-04 1.000000000000000000e+00 1.851910000000000014e-02 1.860289999999999860e-02
1.192187628999999971e+00 1.853718299999999874e-02 4.125770000000000175e-04 1.000000000000000000e+00 1.852370000000000058e-02 1.860819999999999835e-02
1.192585025000000076e+00 1.853215000000000071e-02 4.127110000000000132e-04 1.000000000000000000e+00 1.852420000000000108e-02 1.860929999999999876e-02
1.192982554000000084e+00 1.852613300000000018e-02 4.128119999999999771e-04 1.000000000000000000e+00 1.852190000000000086e-02 1.860759999999999845e-02
1.193380214000000050e+00 1.852028000000000008e-02 4.128909999999999742e-04 1.000000000000000000e+00 1.851840000000000083e-02 1.860459999999999892e-02
1.193778008000000002e+00 1.851521000000000070e-02 4.129569999999999834e-04 1.000000000000000000e+00 1.851459999999999911e-02 1.860119999999999829e-02
1.194175933999999994e+00 1.851095499999999908e-02 4.130159999999999908e-04 1.000000000000000000e+00 1.851119999999999849e-02 1.859819999999999876e-02
1.194573992999999890e+00 1.850699899999999967e-02 4.130690000000000121e-04 1.000000000000000000e+00 1.850819999999999896e-02 1.859550000000000092e-02
1.194972184000000048e+00 1.850242399999999995e-02 4.131119999999999844e-04 1.000000000000000000e+00 1.850529999999999883e-02 1.859279999999999961e-02
1.195370508000000109e+00 1.849614100000000066e-02 4.131399999999999916e-04 1.000000000000000000e+00 1.850159999999999999e-02 1.858929999999999957e-02
1.195768965000000073e+00 1.848717999999999889e-02 4.131450000000000161e-04 1.000000000000000000e+00 1.849639999999999965e-02 1.858419999999999864e-02
1.196167554000000077e+00 1.847500599999999868e-02 4.131200000000000020e-04 1.000000000000000000e+00 1.848870000000000027e-02 1.857649999999999926e-02
1.196566277000000067e+00 1.845975500000000130e-02 4.130620000000000103e-04 1.000000000000000000e+00 1.847800000000000137e-02 1.856589999999999976e-02
1.196965132000000098e+00 1.844232000000000163e-02 4.129739999999999800e-04 1.000000000000000000e+00 1.846449999999999828e-02 1.855249999999999955e-02
1.197364120999999892e+00 1.842423099999999925e-02 4.128620000000000055e-04 1.000000000000000000e+00 1.844869999999999843e-02 1.853669999999999971e-02
1.197763241999999950e+00 1.840727899999999861e-02 4.127420000000000134e-04 1.000000000000000000e+00 1.843180000000000165e-02 1.851999999999999827e-02
1.198162496999999993e+00 1.839301200000000025e-02 4.126280000000000074e-04 1.000000000000000000e+00 1.841539999999999844e-02 1.850370000000000140e-02
1.198561884000000077e+00 1.838222200000000014e-02 4.125369999999999840e-04 1.000000000000000000e+00 1.840079999999999841e-02 1.848920000000000077e-02
1.198961404999999925e+00 1.837462000000000123e-02 4.124759999999999993e-04 1.000000000000000000e+00 1.838870000000000088e-02 1.847729999999999859e-02
1.199361058000000035e+00 1.836879400000000079e-02 4.124460000000000149e-04 1.000000000000000000e+00 1.837909999999999891e-02 1.846789999999999890e-02
1.199760844999999909e+00 1.836248500000000131e-02 4.124369999999999816e-04 1.000000000000000000e+00 1.837110000000000132e-02 1.846010000000000012e-02
1.200160765999999990e+00 1.835309400000000035e-02 4.124299999999999798e-04 1.000000000000000000e+00 1.836300000000000085e-02 1.845230000000000134e-02
1.200560818999999890e+00 1.833831699999999981e-02 4.124010000000000111e-04 1.000000000000000000e+00 1.835289999999999838e-02 1.844250000000000056e-02
1.200961005999999998e+00 1.831675799999999896e-02 4.123290000000000158e-04 1.000000000000000000e+00 1.833879999999999885e-02 1.842859999999999984e-02
1.201361327000000090e+00 1.828843999999999956e-02 4.121969999999999974e-04 1.000000000000000000e+00 1.831930000000000017e-02 1.840929999999999997e-02
1.201761780000000002e+00 1.825506899999999877e-02 4.120029999999999786e-04 1.000000000000000000e+00 1.829410000000000064e-02 1.838439999999999866e-02
1.202162367999999981e+00 1.821998099999999968e-02 4.117570000000000084e-04 1.000000000000000000e+00 1.826430000000000067e-02 1.835480000000000098e-02
1.202563088000000002e+00 1.818765699999999944e-02 4.114899999999999786e-04 1.000000000000000000e+00 1.823239999999999930e-02 1.832299999999999901e-02
1.202963943000000091e+00 1.816283499999999870e-02 4.112410000000000154e-04 1.000000000000000000e+00 1.820180000000000062e-02 1.829269999999999854e-02
1.203364931000000082e+00 1.814939100000000083e-02 4.110550000000000141e-04 1.000000000000000000e+00 1.817650000000000168e-02 1.826770000000000130e-02
1.203766051999999975e+00 1.814930299999999858e-02 4.109709999999999926e-04 1.000000000000000000e+00 1.816020000000000134e-02 1.825169999999999917e-02
1.204167307999999936e+00 1.816206899999999944e-02 4.110140000000000191e-04 1.000000000000000000e+00 1.815490000000000159e-02 1.824680000000000052e-02
1.204568697000000022e+00 1.818482100000000032e-02 4.111830000000000237e-04 1.000000000000000000e+00 1.816109999999999947e-02 1.825349999999999889e-02
1.204970220000000092e+00 1.821312400000000067e-02 4.114589999999999784e-04 1.000000000000000000e+00 1.817720000000000100e-02 1.827000000000000152e-02
1.205371876000000064e+00 1.824220099999999956e-02 4.118020000000000122e-04 1.000000000000000000e+00 1.820010000000000031e-02 1.829329999999999845e-02
1.205773667000000104e+00 1.826813899999999921e-02 4.121689999999999902e-04 1.000000000000000000e+00 1.822580000000000033e-02 1.831939999999999957e-02
1.206175591999999908e+00 1.828869799999999907e-02 4.125199999999999874e-04 1.000000000000000000e+00 1.825080000000000105e-02 1.834480000000000138e-02
1.206577650000000057e+00 1.830351100000000147e-02 4.128280000000000122e-04 1.000000000000000000e+00 1.827250000000000055e-02 1.836679999999999910e-02
1.206979843000000052e+00 1.831371199999999935e-02 4.130839999999999772e-04 1.000000000000000000e+00 1.828979999999999842e-02 1.838439999999999866e-02
1.207382168999999950e+00 1.832123100000000032e-02 4.132939999999999769e-04 1.000000000000000000e+00 1.830280000000000101e-02 1.839760000000000006e-02
1.207784629999999915e+00 1.832803800000000136e-02 4.134729999999999764e-04 1.000000000000000000e+00 1.831259999999999832e-02 1.840769999999999906e-02
1.208187225000000087e+00 1.833557499999999979e-02 4.136389999999999880e-04 1.000000000000000000e+00 1.832080000000000167e-02 1.841620000000000063e-02
1.208589954000000022e+00 1.834450899999999843e-02 4.138069999999999769e-04 1.000000000000000000e+00 1.832869999999999985e-02 1.842440000000000050e-02
1.208992816999999942e+00 1.835479799999999856e-02 4.139850000000000149e-04 1.000000000000000000e+00 1.833720000000000142e-02 1.843329999999999969e-02
1.209395814999999930e+00 1.836595400000000031e-02 4.141759999999999864e-04 1.000000000000000000e+00 1.834679999999999991e-02 1.844329999999999928e-02
1.209798946999999902e+00 1.837737399999999841e-02 4.143759999999999913e-04 1.000000000000000000e+00 1.835749999999999882e-02 1.845429999999999987e-02
1.210202213000000082e+00 1.838858700000000138e-02 4.145779999999999734e-04 1.000000000000000000e+00 1.836870000000000169e-02 1.846580000000000096e-02
1.210605614000000108e+00 1.839933800000000119e-02 4.147789999999999941e-04 1.000000000000000000e+00 1.838000000000000050e-02 1.847740000000000146e-02
1.211009148999999896e+00 1.840951700000000024e-02 4.149739999999999744e-04 1.000000000000000000e+00 1.839090000000000169e-02 1.848870000000000027e-02
1.211412818999999974e+00 1.841900100000000082e-02 4.151650000000000002e-04 1.000000000000000000e+00 1.840110000000000010e-02 1.849920000000000037e-02
1.211816623000000037e+00 1.842755500000000171e-02 4.153499999999999857e-04 1.000000000000000000e+00 1.841030000000000097e-02 1.850879999999999886e-02
1.212220561999999946e+00 1.843484800000000021e-02 4.155310000000000167e-04 1.000000000000000000e+00 1.841829999999999856e-02 1.851720000000000102e-02
1.212624635999999922e+00 1.844060299999999986e-02 4.157070000000000231e-04 1.000000000000000000e+00 1.842490000000000100e-02 1.852439999999999989e-02
1.213028844000000106e+00 1.844478100000000037e-02 4.158750000000000120e-04 1.000000000000000000e+00 1.843030000000000015e-02 1.853029999999999955e-02
1.213433186999999913e+00 1.844767300000000124e-02 4.160340000000000218e-04 1.000000000000000000e+00 1.843449999999999950e-02 1.853509999999999880e-02
1.213837663999999927e+00 1.844982900000000092e-02 4.161829999999999826e-04 1.000000000000000000e+00 1.843799999999999953e-02 1.853919999999999874e-02
1.214242277000000092e+00 1.845180600000000115e-02 4.163239999999999801e-04 1.000000000000000000e+00 1.844109999999999847e-02 1.854280000000000164e-02
1.214647024000000020e+00 1.845387799999999995e-02 4.164559999999999985e-04 1.000000000000000000e+00 1.844420000000000087e-02 1.854630000000000167e-02
1.215051907000000098e+00 1.845582299999999967e-02 4.165810000000000151e-04 1.000000000000000000e+00 1.844739999999999921e-02 1.854980000000000170e-02
1.215456923999999939e+00 1.845692700000000144e-02 4.166959999999999826e-04 1.000000000000000000e+00 1.845010000000000053e-02 1.855290000000000064e-02
1.215862076000000069e+00 1.845622200000000129e-02 4.167959999999999851e-04 1.000000000000000000e+00 1.845180000000000084e-02 1.855499999999999858e-02
1.216267363999999906e+00 1.845285400000000117e-02 4.168759999999999979e-04 1.000000000000000000e+00 1.845170000000000143e-02 1.855510000000000145e-02
1.216672785999999951e+00 1.844647599999999985e-02 4.169309999999999965e-04 1.000000000000000000e+00 1.844900000000000012e-02 1.855280000000000123e-02
1.217078343999999923e+00 1.843746900000000147e-02 4.169590000000000037e-04 1.000000000000000000e+00 1.844370000000000037e-02 1.854779999999999970e-02
1.217484036999999963e+00 1.842692300000000130e-02 4.169639999999999740e-04 1.000000000000000000e+00 1.843600000000000100e-02 1.854039999999999855e-02
1.217889865000000071e+00 1.841636899999999841e-02 4.169520000000000019e-04 1.000000000000000000e+00 1.842689999999999953e-02 1.853170000000000164e-02
1.218295828000000025e+00 1.840735300000000130e-02 4.169350000000000053e-04 1.000000000000000000e+00 1.841769999999999866e-02 1.852279999999999899e-02
1.218701926000000046e+00 1.840099499999999985e-02 4.169250000000000104e-04 1.000000000000000000e+00 1.840970000000000106e-02 1.851509999999999961e-02
1.219108159999999996e+00 1.839771899999999988e-02 4.169299999999999807e-04 1.000000000000000000e+00 1.840390000000000081e-02 1.850950000000000165e-02
1.219514530000000097e+00 1.839720800000000170e-02 4.169549999999999949e-04 1.000000000000000000e+00 1.840059999999999960e-02 1.850629999999999983e-02
1.219921035000000042e+00 1.839861300000000116e-02 4.169980000000000214e-04 1.000000000000000000e+00 1.839959999999999860e-02 1.850550000000000112e-02
1.220327675000000056e+00 1.840091799999999875e-02 4.170560000000000131e-04 1.000000000000000000e+00 1.840030000000000138e-02 1.850620000000000043e-02
1.220734450999999998e+00 1.840329799999999849e-02 4.171229999999999838e-04 1.000000000000000000e+00 1.840179999999999941e-02 1.850780000000000133e-02
1.221141362000000008e+00 1.840536699999999887e-02 4.171949999999999791e-04 1.000000000000000000e+00 1.840330000000000091e-02 1.850939999999999877e-02
1.221548410000000029e+00 1.840720900000000076e-02 4.172709999999999831e-04 1.000000000000000000e+00 1.840450000000000072e-02 1.851070000000000146e-02
1.221955592000000035e+00 1.840924199999999927e-02 4.173539999999999889e-04 1.000000000000000000e+00 1.840520000000000003e-02 1.851169999999999899e-02
1.222362911000000052e+00 1.841196999999999973e-02 4.174499999999999825e-04 1.000000000000000000e+00 1.840599999999999875e-02 1.851279999999999940e-02
1.222770364999999915e+00 1.841574400000000125e-02 4.175620000000000113e-04 1.000000000000000000e+00 1.840719999999999856e-02 1.851449999999999971e-02
1.223177954999999928e+00 1.842061899999999919e-02 4.176930000000000139e-04 1.000000000000000000e+00 1.840939999999999938e-02 1.851720000000000102e-02
1.223585681000000092e+00 1.842634099999999886e-02 4.178429999999999905e-04 1.000000000000000000e+00 1.841280000000000000e-02 1.852120000000000155e-02
1.223993542999999962e+00 1.843245300000000142e-02 4.180060000000000091e-04 1.000000000000000000e+00 1.841740000000000044e-02 1.852639999999999842e-02
1.224401540999999982e+00 1.843846199999999921e-02 4.181780000000000067e-04 1.000000000000000000e+00 1.842289999999999900e-02 1.853250000000000036e-02
1.224809674999999931e+00 1.844399799999999964e-02 4.183489999999999887e-04 1.000000000000000000e+00 1.842890000000000153e-02 1.853899999999999992e-02
1.225217945000000030e+00 1.844891300000000081e-02 4.185150000000000003e-04 1.000000000000000000e+00 1.843490000000000059e-02 1.854549999999999949e-02
1.225626351000000058e+00 1.845327500000000162e-02 4.186710000000000171e-04 1.000000000000000000e+00 1.844060000000000143e-02 1.855160000000000142e-02
1.226034893000000014e+00 1.845729600000000151e-02 4.188190000000000164e-04 1.000000000000000000e+00 1.844579999999999831e-02 1.855729999999999880e-02
1.226443570999999899e+00 1.846120299999999895e-02 4.189579999999999823e-04 1.000000000000000000e+00 1.845070000000000043e-02 1.856249999999999914e-02
1.226852386000000017e+00 1.846513799999999900e-02 4.190919999999999780e-04 1.000000000000000000e+00 1.845520000000000146e-02 1.856740000000000126e-02
1.227261335999999980e+00 1.846910400000000008e-02 4.192229999999999806e-04 1.000000000000000000e+00 1.845940000000000081e-02 1.857200000000000170e-02
1.227670424000000038e+00 1.847298600000000027e-02 4.193530000000000217e-04 1.000000000000000000e+00 1.846350000000000074e-02 1.857649999999999926e-02
1.228079646999999941e+00 1.847661299999999937e-02 4.194800000000000156e-04 1.000000000000000000e+00 1.846750000000000128e-02 1.858080000000000148e-02
1.228489007000000077e+00 1.847983200000000159e-02 4.196049999999999780e-04 1.000000000000000000e+00 1.847129999999999952e-02 1.858490000000000142e-02
1.228898502999999920e+00 1.848255299999999879e-02 4.197240000000000085e-04 1.000000000000000000e+00 1.847479999999999956e-02 1.858879999999999907e-02
1.229308135999999996e+00 1.848474500000000034e-02 4.198369999999999988e-04 1.000000000000000000e+00 1.847800000000000137e-02 1.859229999999999910e-02
1.229717905000000000e+00 1.848640799999999931e-02 4.199429999999999873e-04 1.000000000000000000e+00 1.848069999999999921e-02 1.859529999999999864e-02
1.230127811000000015e+00 1.848753800000000128e-02 4.200399999999999967e-04 1.000000000000000000e+00 1.848299999999999943e-02 1.859780000000000114e-02
1.230537854000000042e+00 1.848811200000000099e-02 4.201300000000000043e-04 1.000000000000000000e+00 1.848469999999999974e-02 1.859970000000000026e-02
1.230948032999999997e+00 1.848810400000000173e-02 4.202109999999999786e-04 1.000000000000000000e+00 1.848570000000000074e-02 1.860099999999999948e-02
1.231358348999999963e+00 1.848751699999999845e-02 4.202860000000000211e-04 1.000000000000000000e+00 1.848599999999999896e-02 1.860149999999999998e-02
1.231768801999999940e+00 1.848640799999999931e-02 4.203550000000000233e-04 1.000000000000000000e+00 1.848560000000000134e-02 1.860130000000000117e-02
1.232179391999999929e+00 1.848488599999999898e-02 4.204200000000000168e-04 1.000000000000000000e+00 1.848450000000000093e-02 1.860049999999999898e-02
1.232590118000000068e+00 1.848308699999999874e-02 4.204829999999999787e-04 1.000000000000000000e+00 1.848290000000000002e-02 1.859919999999999976e-02
1.233000982000000079e+00 1.848113100000000134e-02 4.205459999999999949e-04 1.000000000000000000e+00 1.848090000000000149e-02 1.859759999999999885e-02
1.233411982000000018e+00 1.847908599999999874e-02 4.206100000000000268e-04 1.000000000000000000e+00 1.847870000000000068e-02 1.859569999999999973e-02
1.233823118999999968e+00 1.847695099999999840e-02 4.206750000000000203e-04 1.000000000000000000e+00 1.847640000000000046e-02 1.859380000000000061e-02
1.234234394000000012e+00 1.847466700000000017e-02 4.207409999999999753e-04 1.000000000000000000e+00 1.847400000000000084e-02 1.859190000000000148e-02
1.234645804999999985e+00 1.847214599999999832e-02 4.208069999999999844e-04 1.000000000000000000e+00 1.847160000000000121e-02 1.858980000000000007e-02
1.235057354000000052e+00 1.846929900000000152e-02 4.208719999999999779e-04 1.000000000000000000e+00 1.846899999999999931e-02 1.858759999999999926e-02
1.235469039000000047e+00 1.846606300000000131e-02 4.209339999999999783e-04 1.000000000000000000e+00 1.846609999999999918e-02 1.858519999999999964e-02
1.235880861999999913e+00 1.846241100000000149e-02 4.209940000000000015e-04 1.000000000000000000e+00 1.846290000000000084e-02 1.858239999999999892e-02
1.236292823000000096e+00 1.845835700000000162e-02 4.210519999999999931e-04 1.000000000000000000e+00 1.845919999999999853e-02 1.857920000000000058e-02
1.236704919999999985e+00 1.845395000000000021e-02 4.211059999999999760e-04 1.000000000000000000e+00 1.845509999999999859e-02 1.857560000000000114e-02
1.237117154999999968e+00 1.844927799999999951e-02 4.211589999999999973e-04 1.000000000000000000e+00 1.845079999999999984e-02 1.857170000000000001e-02
1.237529528000000045e+00 1.844446099999999880e-02 4.212090000000000257e-04 1.000000000000000000e+00 1.844619999999999940e-02 1.856760000000000008e-02
1.237942037999999911e+00 1.843964600000000051e-02 4.212579999999999840e-04 1.000000000000000000e+00 1.844169999999999837e-02 1.856350000000000014e-02
1.238354685000000011e+00 1.843498400000000148e-02 4.213040000000000036e-04 1.000000000000000000e+00 1.843730000000000022e-02 1.855959999999999901e-02
1.238767469999999982e+00 1.843060599999999868e-02 4.213490000000000074e-04 1.000000000000000000e+00 1.843320000000000028e-02 1.855580000000000077e-02
1.239180391999999964e+00 1.842659099999999911e-02 4.213910000000000182e-04 1.000000000000000000e+00 1.842939999999999856e-02 1.855249999999999955e-02
1.239593452000000040e+00 1.842294200000000118e-02 4.214320000000000132e-04 1.000000000000000000e+00 1.842600000000000141e-02 1.854930000000000120e-02
1.240006649999999988e+00 1.841956399999999938e-02 4.214700000000000152e-04 1.000000000000000000e+00 1.842289999999999900e-02 1.854640000000000108e-02
1.240419986000000030e+00 1.841627800000000120e-02 4.215080000000000172e-04 1.000000000000000000e+00 1.841980000000000006e-02 1.854360000000000036e-02
1.240833459000000083e+00 1.841284600000000007e-02 4.215439999999999877e-04 1.000000000000000000e+00 1.841649999999999884e-02 1.854050000000000142e-02
1.241247070000000008e+00 1.840900900000000048e-02 4.215800000000000125e-04 1.000000000000000000e+00 1.841270000000000059e-02 1.853710000000000080e-02
1.241660819000000027e+00 1.840453900000000101e-02 4.216140000000000057e-04 1.000000000000000000e+00 1.840839999999999838e-02 1.853310000000000027e-02
1.242074705999999917e+00 1.839928099999999997e-02 4.216479999999999989e-04 1.000000000000000000e+00 1.840330000000000091e-02 1.852840000000000042e-02
1.242488730999999902e+00 1.839318499999999940e-02 4.216809999999999764e-04 1.000000000000000000e+00 1.839750000000000066e-02 1.852300000000000127e-02
1.242902893999999980e+00 1.838631599999999977e-02 4.217110000000000151e-04 1.000000000000000000e+00 1.839100000000000110e-02 1.851689999999999933e-02
1.243317194999999931e+00 1.837883900000000098e-02 4.217390000000000223e-04 1.000000000000000000e+00 1.838390000000000163e-02 1.851030000000000036e-02
1.243731633999999975e+00 1.837098699999999835e-02 4.217639999999999822e-04 1.000000000000000000e+00 1.837640000000000107e-02 1.850339999999999971e-02
1.244146210999999891e+00 1.836301099999999853e-02 4.217860000000000034e-04 1.000000000000000000e+00 1.836890000000000051e-02 1.849639999999999965e-02
1.244560926999999984e+00 1.835512200000000149e-02 4.218040000000000157e-04 1.000000000000000000e+00 1.836149999999999935e-02 1.848939999999999959e-02
1.244975780000000087e+00 1.834743900000000011e-02 4.218189999999999809e-04 1.000000000000000000e+00 1.835439999999999988e-02 1.848270000000000121e-02
1.245390771999999924e+00 1.833995799999999995e-02 4.218289999999999757e-04 1.000000000000000000e+00 1.834749999999999923e-02 1.847620000000000165e-02
1.245805902999999937e+00 1.833253500000000050e-02 4.218350000000000159e-04 1.000000000000000000e+00 1.834080000000000085e-02 1.846969999999999862e-02
1.246221170999999961e+00 1.832491500000000065e-02 4.218350000000000159e-04 1.000000000000000000e+00 1.833390000000000020e-02 1.846309999999999965e-02
1.246636577999999940e+00 1.831676600000000169e-02 4.218289999999999757e-04 1.000000000000000000e+00 1.832659999999999845e-02 1.845600000000000018e-02
1.247052124000000095e+00 1.830774799999999869e-02 4.218180000000000193e-04 1.000000000000000000e+00 1.831850000000000145e-02 1.844820000000000140e-02
1.247467807999999900e+00 1.829756600000000122e-02 4.218000000000000070e-04 1.000000000000000000e+00 1.830920000000000117e-02 1.843919999999999934e-02
1.247883630000000021e+00 1.828603300000000015e-02 4.217749999999999928e-04 1.000000000000000000e+00 1.829870000000000108e-02 1.842910000000000034e-02
1.248299591999999958e+00 1.827310399999999835e-02 4.217429999999999768e-04 1.000000000000000000e+00 1.828679999999999889e-02 1.841759999999999925e-02
1.248715690999999905e+00 1.825889199999999879e-02 4.217040000000000133e-04 1.000000000000000000e+00 1.827370000000000036e-02 1.840489999999999834e-02
1.249131929999999890e+00 1.824364900000000067e-02 4.216569999999999780e-04 1.000000000000000000e+00 1.825950000000000142e-02 1.839129999999999932e-02
1.249548306999999969e+00 1.822773199999999996e-02 4.216019999999999794e-04 1.000000000000000000e+00 1.824469999999999911e-02 1.837700000000000097e-02
1.249964823000000003e+00 1.821153600000000039e-02 4.215390000000000174e-04 1.000000000000000000e+00 1.822949999999999918e-02 1.836230000000000154e-02
1.250381477999999991e+00 1.819542600000000065e-02 4.214689999999999995e-04 1.000000000000000000e+00 1.821439999999999865e-02 1.834759999999999863e-02
1.250798271999999933e+00 1.817966400000000163e-02 4.213910000000000182e-04 1.000000000000000000e+00 1.819959999999999981e-02 1.833299999999999860e-02
1.251215205000000052e+00 1.816436700000000071e-02 4.213069999999999966e-04 1.000000000000000000e+00 1.818509999999999918e-02 1.831879999999999967e-02
1.251632276999999904e+00 1.814947700000000066e-02 4.212169999999999890e-04 1.000000000000000000e+00 1.817090000000000025e-02 1.830479999999999954e-02
1.252049487000000072e+00 1.813477800000000070e-02 4.211220000000000111e-04 1.000000000000000000e+00 1.815690000000000012e-02 1.829079999999999942e-02
1.252466837000000055e+00 1.811994299999999947e-02 4.210220000000000086e-04 1.000000000000000000e+00 1.814280000000000059e-02 1.827679999999999930e-02
1.252884325999999993e+00 1.810460200000000089e-02 4.209160000000000202e-04 1.000000000000000000e+00 1.812829999999999997e-02 1.826229999999999867e-02
1.253301954000000107e+00 1.808841900000000141e-02 4.208029999999999757e-04 1.000000000000000000e+00 1.811310000000000003e-02 1.824720000000000161e-02
1.253719722000000036e+00 1.807114599999999974e-02 4.206829999999999836e-04 1.000000000000000000e+00 1.809699999999999850e-02 1.823110000000000008e-02
1.254137628000000060e+00 1.805263799999999932e-02 4.205529999999999967e-04 1.000000000000000000e+00 1.807989999999999944e-02 1.821410000000000043e-02
1.254555673999999899e+00 1.803282599999999833e-02 4.204119999999999992e-04 1.000000000000000000e+00 1.806179999999999938e-02 1.819609999999999977e-02
1.254973858999999914e+00 1.801163500000000153e-02 4.202569999999999982e-04 1.000000000000000000e+00 1.804269999999999832e-02 1.817699999999999871e-02
1.255392183999999967e+00 1.798887700000000034e-02 4.200860000000000163e-04 1.000000000000000000e+00 1.802250000000000033e-02 1.815680000000000072e-02
1.255810647999999974e+00 1.796415200000000059e-02 4.198919999999999974e-04 1.000000000000000000e+00 1.800109999999999905e-02 1.813530000000000003e-02
1.256229252000000018e+00 1.793679700000000085e-02 4.196720000000000029e-04 1.000000000000000000e+00 1.797790000000000152e-02 1.811209999999999903e-02
1.256647995000000018e+00 1.790587100000000029e-02 4.194159999999999837e-04 1.000000000000000000e+00 1.795240000000000030e-02 1.808629999999999960e-02
1.257066876999999971e+00 1.787026300000000081e-02 4.191180000000000079e-04 1.000000000000000000e+00 1.792329999999999965e-02 1.805700000000000013e-02
1.257485900000000045e+00 1.782882200000000111e-02 4.187659999999999950e-04 1.000000000000000000e+00 1.788980000000000084e-02 1.802310000000000023e-02
1.257905062000000074e+00 1.778057699999999880e-02 4.183519999999999817e-04 1.000000000000000000e+00 1.785049999999999831e-02 1.798359999999999889e-02
1.258324363000000057e+00 1.772490200000000071e-02 4.178680000000000046e-04 1.000000000000000000e+00 1.780479999999999910e-02 1.793749999999999858e-02
1.258743804999999938e+00 1.766168900000000125e-02 4.173089999999999851e-04 1.000000000000000000e+00 1.775200000000000042e-02 1.788440000000000168e-02
1.259163385999999996e+00 1.759138899999999894e-02 4.166730000000000000e-04 1.000000000000000000e+00 1.769199999999999939e-02 1.782409999999999897e-02
1.259583107000000091e+00 1.751499999999999932e-02 4.159620000000000266e-04 1.000000000000000000e+00 1.762520000000000059e-02 1.775710000000000136e-02
1.260002968000000001e+00 1.743391500000000122e-02 4.151830000000000125e-04 1.000000000000000000e+00 1.755249999999999866e-02 1.768399999999999833e-02
1.260422968999999949e+00 1.734978599999999899e-02 4.143460000000000068e-04 1.000000000000000000e+00 1.747500000000000095e-02 1.760619999999999893e-02
1.260843109999999934e+00 1.726438400000000067e-02 4.134650000000000131e-04 1.000000000000000000e+00 1.739419999999999855e-02 1.752499999999999891e-02
1.261263390999999956e+00 1.717950099999999980e-02 4.125560000000000121e-04 1.000000000000000000e+00 1.731150000000000050e-02 1.744189999999999977e-02
1.261683812000000016e+00 1.709694499999999881e-02 4.116379999999999779e-04 1.000000000000000000e+00 1.722850000000000076e-02 1.735849999999999893e-02
1.262104373999999973e+00 1.701853399999999836e-02 4.107299999999999927e-04 1.000000000000000000e+00 1.714689999999999964e-02 1.727630000000000138e-02
1.262525075000000108e+00 1.694600699999999904e-02 4.098540000000000234e-04 1.000000000000000000e+00 1.706819999999999865e-02 1.719719999999999929e-02
1.262945916999999918e+00 1.688073199999999899e-02 4.090319999999999828e-04 1.000000000000000000e+00 1.699420000000000097e-02 1.712270000000000111e-02
1.263366898999999988e+00 1.682320799999999922e-02 4.082800000000000144e-04 1.000000000000000000e+00 1.692619999999999889e-02 1.705430000000000140e-02
1.263788021000000095e+00 1.677244899999999830e-02 4.076080000000000046e-04 1.000000000000000000e+00 1.686479999999999924e-02 1.699250000000000066e-02
1.264209284000000100e+00 1.672548399999999880e-02 4.070079999999999900e-04 1.000000000000000000e+00 1.680939999999999865e-02 1.693679999999999838e-02
1.264630686999999920e+00 1.667732699999999874e-02 4.064529999999999792e-04 1.000000000000000000e+00 1.675779999999999978e-02 1.688500000000000070e-02
1.265052230000000000e+00 1.662170500000000051e-02 4.058980000000000227e-04 1.000000000000000000e+00 1.670620000000000091e-02 1.683310000000000015e-02
1.265473913999999978e+00 1.655267800000000122e-02 4.052799999999999957e-04 1.000000000000000000e+00 1.664950000000000110e-02 1.677609999999999865e-02
1.265895739000000075e+00 1.646694799999999861e-02 4.045419999999999767e-04 1.000000000000000000e+00 1.658269999999999883e-02 1.670889999999999875e-02
1.266317703999999988e+00 1.636618800000000026e-02 4.036469999999999793e-04 1.000000000000000000e+00 1.650290000000000090e-02 1.662869999999999973e-02
1.266739810000000022e+00 1.625854599999999872e-02 4.026030000000000212e-04 1.000000000000000000e+00 1.641089999999999910e-02 1.653620000000000090e-02
1.267162056999999953e+00 1.615839100000000111e-02 4.014830000000000048e-04 1.000000000000000000e+00 1.631260000000000002e-02 1.643729999999999844e-02
1.267584443999999921e+00 1.608390399999999956e-02 4.004190000000000028e-04 1.000000000000000000e+00 1.621910000000000018e-02 1.634330000000000158e-02
1.268006972000000010e+00 1.605289500000000105e-02 3.995879999999999831e-04 1.000000000000000000e+00 1.614480000000000082e-02 1.626870000000000052e-02
1.268429640999999997e+00 1.607799999999999854e-02 3.991740000000000240e-04 1.000000000000000000e+00 1.610469999999999957e-02 1.622859999999999928e-02
1.268852451000000103e+00 1.616290199999999982e-02 3.993189999999999761e-04 1.000000000000000000e+00 1.611049999999999982e-02 1.623480000000000062e-02
1.269275402000000108e+00 1.630096500000000059e-02 4.000869999999999795e-04 1.000000000000000000e+00 1.616750000000000131e-02 1.629260000000000083e-02
1.269698494000000011e+00 1.647680400000000114e-02 4.014420000000000098e-04 1.000000000000000000e+00 1.627320000000000155e-02 1.639940000000000148e-02
1.270121727000000034e+00 1.667024699999999915e-02 4.032560000000000029e-04 1.000000000000000000e+00 1.641729999999999925e-02 1.654490000000000127e-02
1.270545100000000094e+00 1.686123499999999872e-02 4.053430000000000119e-04 1.000000000000000000e+00 1.658489999999999964e-02 1.671409999999999910e-02
1.270968615999999995e+00 1.703403399999999998e-02 4.075029999999999777e-04 1.000000000000000000e+00 1.675959999999999950e-02 1.689039999999999986e-02
1.271392271999999934e+00 1.717958699999999964e-02 4.095610000000000179e-04 1.000000000000000000e+00 1.692690000000000167e-02 1.705910000000000065e-02
1.271816068999999993e+00 1.729566600000000121e-02 4.114000000000000252e-04 1.000000000000000000e+00 1.707650000000000140e-02 1.721009999999999901e-02
1.272240008000000033e+00 1.738530099999999884e-02 4.129630000000000236e-04 1.000000000000000000e+00 1.720340000000000064e-02 1.733820000000000153e-02
1.272664087999999971e+00 1.745441500000000090e-02 4.142500000000000132e-04 1.000000000000000000e+00 1.730719999999999828e-02 1.744290000000000077e-02
1.273088309000000029e+00 1.750956099999999988e-02 4.153000000000000116e-04 1.000000000000000000e+00 1.739059999999999911e-02 1.752719999999999972e-02
1.273512672000000068e+00 1.755636799999999928e-02 4.161650000000000245e-04 1.000000000000000000e+00 1.745800000000000129e-02 1.759540000000000062e-02
1.273937176000000004e+00 1.759884399999999890e-02 4.169029999999999893e-04 1.000000000000000000e+00 1.751399999999999832e-02 1.765210000000000043e-02
1.274361821999999922e+00 1.763940300000000141e-02 4.175620000000000113e-04 1.000000000000000000e+00 1.756260000000000113e-02 1.770149999999999849e-02
1.274786608999999959e+00 1.767928200000000102e-02 4.181739999999999980e-04 1.000000000000000000e+00 1.760690000000000172e-02 1.774649999999999839e-02
1.275211537999999978e+00 1.771905500000000092e-02 4.187630000000000020e-04 1.000000000000000000e+00 1.764879999999999921e-02 1.778930000000000095e-02
1.275636608999999977e+00 1.775899900000000101e-02 4.193399999999999797e-04 1.000000000000000000e+00 1.768979999999999858e-02 1.783099999999999963e-02
1.276061821000000096e+00 1.779927900000000118e-02 4.199110000000000256e-04 1.000000000000000000e+00 1.773059999999999914e-02 1.787259999999999890e-02
1.276487174999999974e+00 1.783993199999999932e-02 4.204780000000000084e-04 1.000000000000000000e+00 1.777159999999999851e-02 1.791440000000000046e-02
1.276912669999999972e+00 1.788079100000000005e-02 4.210409999999999825e-04 1.000000000000000000e+00 1.781309999999999838e-02 1.795650000000000024e-02
1.277338308000000033e+00 1.792142899999999914e-02 4.215970000000000091e-04 1.000000000000000000e+00 1.785480000000000053e-02 1.799879999999999883e-02
1.277764086999999993e+00 1.796118999999999841e-02 4.221429999999999866e-04 1.000000000000000000e+00 1.789620000000000100e-02 1.804079999999999920e-02
1.278190009000000016e+00 1.799930799999999859e-02 4.226739999999999989e-04 1.000000000000000000e+00 1.793679999999999927e-02 1.808179999999999857e-02
1.278616071999999937e+00 1.803506399999999996e-02 4.231850000000000217e-04 1.000000000000000000e+00 1.797560000000000130e-02 1.812110000000000110e-02
1.279042277999999921e+00 1.806793099999999888e-02 4.236709999999999760e-04 1.000000000000000000e+00 1.801200000000000023e-02 1.815800000000000053e-02
1.279468625000000026e+00 1.809764700000000143e-02 4.241289999999999774e-04 1.000000000000000000e+00 1.804559999999999845e-02 1.819209999999999924e-02
1.279895113999999889e+00 1.812422400000000128e-02 4.245590000000000258e-04 1.000000000000000000e+00 1.807610000000000119e-02 1.822309999999999902e-02
1.280321746000000038e+00 1.814788000000000165e-02 4.249610000000000128e-04 1.000000000000000000e+00 1.810360000000000094e-02 1.825119999999999867e-02
1.280748519999999946e+00 1.816895799999999894e-02 4.253349999999999926e-04 1.000000000000000000e+00 1.812849999999999878e-02 1.827660000000000048e-02
1.281175436000000056e+00 1.818783499999999942e-02 4.256819999999999810e-04 1.000000000000000000e+00 1.815100000000000047e-02 1.829959999999999920e-02
1.281602495000000008e+00 1.820484699999999970e-02 4.260029999999999937e-04 1.000000000000000000e+00 1.817150000000000015e-02 1.832059999999999939e-02
1.282029695999999941e+00 1.822025999999999854e-02 4.262979999999999764e-04 1.000000000000000000e+00 1.819029999999999953e-02 1.833979999999999985e-02
1.282457039000000076e+00 1.823426200000000108e-02 4.265699999999999765e-04 1.000000000000000000e+00 1.820750000000000146e-02 1.835739999999999941e-02
1.282884523999999971e+00 1.824698900000000165e-02 4.268179999999999782e-04 1.000000000000000000e+00 1.822330000000000130e-02 1.837340000000000154e-02
1.283312153000000011e+00 1.825856500000000091e-02 4.270459999999999903e-04 1.000000000000000000e+00 1.823759999999999964e-02 1.838810000000000097e-02
1.283739922999999949e+00 1.826912099999999928e-02 4.272540000000000127e-04 1.000000000000000000e+00 1.825070000000000164e-02 1.840139999999999831e-02
1.284167837000000034e+00 1.827879199999999857e-02 4.274440000000000227e-04 1.000000000000000000e+00 1.826279999999999917e-02 1.841349999999999931e-02
1.284595893000000100e+00 1.828768899999999933e-02 4.276179999999999977e-04 1.000000000000000000e+00 1.827389999999999917e-02 1.842480000000000159e-02
1.285024090999999924e+00 1.829585900000000112e-02 4.277759999999999918e-04 1.000000000000000000e+00 1.828420000000000045e-02 1.843509999999999940e-02
1.285452432999999894e+00 1.830326300000000017e-02 4.279180000000000050e-04 1.000000000000000000e+00 1.829360000000000014e-02 1.844459999999999850e-02
1.285880917000000068e+00 1.830979599999999971e-02 4.280469999999999761e-04 1.000000000000000000e+00 1.830210000000000170e-02 1.845300000000000065e-02
1.286309544000000082e+00 1.831532900000000172e-02 4.281609999999999821e-04 1.000000000000000000e+00 1.830939999999999998e-02 1.846029999999999893e-02
1.286738313999999939e+00 1.831978800000000004e-02 4.282649999999999933e-04 1.000000000000000000e+00 1.831529999999999964e-02 1.846619999999999859e-02
1.287167225999999998e+00 1.832319799999999888e-02 4.283590000000000097e-04 1.000000000000000000e+00 1.831970000000000126e-02 1.847069999999999962e-02
1.287596281999999981e+00 1.832571699999999831e-02 4.284469999999999858e-04 1.000000000000000000e+00 1.832280000000000020e-02 1.847390000000000143e-02
1.288025481000000028e+00 1.832760300000000134e-02 4.285340000000000004e-04 1.000000000000000000e+00 1.832490000000000160e-02 1.847620000000000165e-02
1.288454822999999916e+00 1.832916600000000090e-02 4.286199999999999993e-04 1.000000000000000000e+00 1.832630000000000023e-02 1.847779999999999909e-02
1.288884308000000090e+00 1.833068900000000070e-02 4.287079999999999754e-04 1.000000000000000000e+00 1.832750000000000004e-02 1.847930000000000059e-02
1.289313936000000105e+00 1.833237000000000061e-02 4.287989999999999987e-04 1.000000000000000000e+00 1.832889999999999867e-02 1.848110000000000031e-02
1.289743706999999961e+00 1.833426900000000026e-02 4.288909999999999836e-04 1.000000000000000000e+00 1.833069999999999838e-02 1.848309999999999884e-02
1.290173621999999964e+00 1.833628400000000130e-02 4.289830000000000227e-04 1.000000000000000000e+00 1.833279999999999979e-02 1.848539999999999905e-02
1.290603678999999948e+00 1.833816300000000107e-02 4.290739999999999919e-04 1.000000000000000000e+00 1.833490000000000120e-02 1.848779999999999868e-02
1.291033880999999939e+00 1.833953699999999951e-02 4.291629999999999837e-04 1.000000000000000000e+00 1.833660000000000151e-02 1.848970000000000127e-02
1.291464224999999910e+00 1.833999500000000130e-02 4.292489999999999826e-04 1.000000000000000000e+00 1.833749999999999963e-02 1.849090000000000109e-02
1.291894713000000028e+00 1.833916600000000049e-02 4.293319999999999884e-04 1.000000000000000000e+00 1.833730000000000082e-02 1.849100000000000049e-02
1.292325345000000070e+00 1.833682299999999862e-02 4.294100000000000239e-04 1.000000000000000000e+00 1.833579999999999932e-02 1.848990000000000009e-02
1.292756119999999953e+00 1.833295600000000095e-02 4.294810000000000034e-04 1.000000000000000000e+00 1.833310000000000148e-02 1.848769999999999927e-02
1.293187038999999983e+00 1.832780200000000068e-02 4.295430000000000038e-04 1.000000000000000000e+00 1.832949999999999857e-02 1.848450000000000093e-02
1.293618101000000076e+00 1.832181999999999908e-02 4.295920000000000164e-04 1.000000000000000000e+00 1.832529999999999923e-02 1.848079999999999862e-02
1.294049307000000093e+00 1.831560900000000006e-02 4.296260000000000096e-04 1.000000000000000000e+00 1.832109999999999989e-02 1.847690000000000096e-02
1.294480657000000035e+00 1.830978700000000098e-02 4.296470000000000150e-04 1.000000000000000000e+00 1.831709999999999935e-02 1.847309999999999924e-02
1.294912150999999900e+00 1.830486200000000160e-02 4.296549999999999783e-04 1.000000000000000000e+00 1.831359999999999932e-02 1.846949999999999981e-02
1.295343788000000051e+00 1.830112799999999984e-02 4.296559999999999941e-04 1.000000000000000000e+00 1.831059999999999979e-02 1.846650000000000028e-02
1.295775568999999905e+00 1.829859199999999894e-02 4.296519999999999853e-04 1.000000000000000000e+00 1.830820000000000017e-02 1.846389999999999837e-02
1.296207493999999905e+00 1.829697200000000162e-02 4.296489999999999923e-04 1.000000000000000000e+00 1.830630000000000104e-02 1.846180000000000043e-02
1.296639563999999911e+00 1.829574000000000131e-02 4.296489999999999923e-04 1.000000000000000000e+00 1.830460000000000073e-02 1.845990000000000131e-02
1.297071776999999981e+00 1.829424699999999959e-02 4.296530000000000011e-04 1.000000000000000000e+00 1.830280000000000101e-02 1.845789999999999931e-02
1.297504133999999976e+00 1.829188600000000026e-02 4.296580000000000256e-04 1.000000000000000000e+00 1.830050000000000079e-02 1.845549999999999968e-02
1.297936634999999894e+00 1.828825400000000032e-02 4.296600000000000029e-04 1.000000000000000000e+00 1.829750000000000126e-02 1.845240000000000075e-02
1.298369281000000042e+00 1.828326499999999993e-02 4.296559999999999941e-04 1.000000000000000000e+00 1.829350000000000073e-02 1.844840000000000022e-02
1.298802070999999891e+00 1.827713400000000044e-02 4.296440000000000220e-04 1.000000000000000000e+00 1.828859999999999861e-02 1.844350000000000156e-02
1.299235005000000109e+00 1.827022199999999916e-02 4.296239999999999781e-04 1.000000000000000000e+00 1.828279999999999836e-02 1.843770000000000131e-02
1.299668083000000030e+00 1.826280900000000137e-02 4.295960000000000252e-04 1.000000000000000000e+00 1.827629999999999880e-02 1.843119999999999828e-02
1.300101305999999957e+00 1.825486200000000017e-02 4.295619999999999777e-04 1.000000000000000000e+00 1.826929999999999873e-02 1.842420000000000169e-02
1.300534673000000030e+00 1.824596100000000151e-02 4.295200000000000211e-04 1.000000000000000000e+00 1.826149999999999995e-02 1.841639999999999944e-02
1.300968184000000027e+00 1.823542300000000060e-02 4.294680000000000155e-04 1.000000000000000000e+00 1.825270000000000017e-02 1.840759999999999966e-02
1.301401840000000032e+00 1.822261299999999862e-02 4.294009999999999906e-04 1.000000000000000000e+00 1.824229999999999949e-02 1.839719999999999897e-02
1.301835641000000043e+00 1.820728599999999961e-02 4.293149999999999918e-04 1.000000000000000000e+00 1.822990000000000027e-02 1.838479999999999975e-02
1.302269585999999979e+00 1.818981999999999891e-02 4.292070000000000260e-04 1.000000000000000000e+00 1.821539999999999965e-02 1.837019999999999972e-02
1.302703675999999922e+00 1.817117199999999932e-02 4.290799999999999779e-04 1.000000000000000000e+00 1.819899999999999990e-02 1.835379999999999998e-02
1.303137911000000093e+00 1.815261199999999853e-02 4.289389999999999805e-04 1.000000000000000000e+00 1.818159999999999915e-02 1.833639999999999923e-02
1.303572289999999967e+00 1.813531000000000171e-02 4.287949999999999900e-04 1.000000000000000000e+00 1.816419999999999840e-02 1.831889999999999907e-02
1.304006814000000070e+00 1.812001099999999837e-02 4.286550000000000082e-04 1.000000000000000000e+00 1.814769999999999925e-02 1.830230000000000051e-02
1.304441482999999957e+00 1.810690400000000005e-02 4.285259999999999829e-04 1.000000000000000000e+00 1.813290000000000041e-02 1.828729999999999939e-02
1.304876297000000074e+00 1.809574499999999989e-02 4.284089999999999838e-04 1.000000000000000000e+00 1.812010000000000010e-02 1.827420000000000086e-02
1.305311255999999975e+00 1.808612299999999909e-02 4.283019999999999796e-04 1.000000000000000000e+00 1.810919999999999891e-02 1.826300000000000145e-02
1.305746359000000023e+00 1.807766400000000023e-02 4.282029999999999929e-04 1.000000000000000000e+00 1.809989999999999863e-02 1.825320000000000067e-02
1.306181607999999938e+00 1.807011500000000118e-02 4.281089999999999765e-04 1.000000000000000000e+00 1.809180000000000163e-02 1.824459999999999971e-02
1.306617002000000083e+00 1.806327599999999964e-02 4.280190000000000231e-04 1.000000000000000000e+00 1.808440000000000047e-02 1.823659999999999864e-02
1.307052541000000012e+00 1.805687900000000137e-02 4.279320000000000086e-04 1.000000000000000000e+00 1.807740000000000041e-02 1.822910000000000155e-02
1.307488224999999948e+00 1.805054999999999854e-02 4.278500000000000185e-04 1.000000000000000000e+00 1.807049999999999976e-02 1.822170000000000040e-02
1.307924054999999974e+00 1.804386900000000057e-02 4.277719999999999830e-04 1.000000000000000000e+00 1.806330000000000088e-02 1.821400000000000102e-02
1.308360028999999924e+00 1.803646199999999963e-02 4.276980000000000105e-04 1.000000000000000000e+00 1.805539999999999923e-02 1.820569999999999827e-02
1.308796148999999964e+00 1.802803099999999992e-02 4.276279999999999925e-04 1.000000000000000000e+00 1.804650000000000004e-02 1.819660000000000027e-02
1.309232415000000094e+00 1.801820800000000083e-02 4.275600000000000060e-04 1.000000000000000000e+00 1.803650000000000045e-02 1.818650000000000128e-02
1.309668824999999925e+00 1.800638300000000080e-02 4.274929999999999811e-04 1.000000000000000000e+00 1.802520000000000164e-02 1.817519999999999900e-02
1.310105381999999929e+00 1.799166699999999938e-02 4.274169999999999771e-04 1.000000000000000000e+00 1.801219999999999904e-02 1.816239999999999868e-02
1.310542083999999941e+00 1.797313600000000067e-02 4.273239999999999764e-04 1.000000000000000000e+00 1.799709999999999852e-02 1.814759999999999984e-02
1.310978930999999958e+00 1.795038399999999978e-02 4.271990000000000141e-04 1.000000000000000000e+00 1.797939999999999955e-02 1.813009999999999969e-02
1.311415924000000066e+00 1.792412499999999909e-02 4.270330000000000024e-04 1.000000000000000000e+00 1.795889999999999986e-02 1.810969999999999941e-02
1.311853063000000041e+00 1.789656800000000159e-02 4.268270000000000115e-04 1.000000000000000000e+00 1.793609999999999996e-02 1.808689999999999951e-02
1.312290347000000024e+00 1.787115200000000126e-02 4.265939999999999750e-04 1.000000000000000000e+00 1.791260000000000074e-02 1.806330000000000088e-02
1.312727777000000096e+00 1.785172299999999990e-02 4.263609999999999926e-04 1.000000000000000000e+00 1.789079999999999837e-02 1.804100000000000148e-02
1.313165353000000035e+00 1.784134500000000151e-02 4.261630000000000192e-04 1.000000000000000000e+00 1.787319999999999881e-02 1.802300000000000083e-02
1.313603075000000064e+00 1.784118000000000162e-02 4.260310000000000008e-04 1.000000000000000000e+00 1.786230000000000109e-02 1.801159999999999914e-02
1.314040942000000101e+00 1.784992300000000018e-02 4.259840000000000198e-04 1.000000000000000000e+00 1.785919999999999869e-02 1.800799999999999970e-02
1.314478956000000087e+00 1.786395699999999975e-02 4.260199999999999903e-04 1.000000000000000000e+00 1.786309999999999981e-02 1.801140000000000033e-02
1.314917115999999941e+00 1.787820899999999907e-02 4.261169999999999997e-04 1.000000000000000000e+00 1.787170000000000078e-02 1.801969999999999961e-02
1.315355421000000025e+00 1.788733600000000021e-02 4.262329999999999830e-04 1.000000000000000000e+00 1.788150000000000156e-02 1.802909999999999929e-02
1.315793873000000058e+00 1.788697499999999940e-02 4.263210000000000133e-04 1.000000000000000000e+00 1.788819999999999993e-02 1.803559999999999885e-02
1.316232470999999959e+00 1.787462500000000162e-02 4.263369999999999942e-04 1.000000000000000000e+00 1.788829999999999934e-02 1.803530000000000064e-02
1.316671214999999950e+00 1.785010700000000047e-02 4.262499999999999796e-04 1.000000000000000000e+00 1.787909999999999847e-02 1.802580000000000154e-02
1.317110105999999892e+00 1.781553099999999903e-02 4.260469999999999817e-04 1.000000000000000000e+00 1.785979999999999859e-02 1.800619999999999998e-02
1.317549142000000062e+00 1.777482799999999946e-02 4.257409999999999884e-04 1.000000000000000000e+00 1.783140000000000072e-02 1.797740000000000102e-02
1.317988324999999961e+00 1.773296499999999984e-02 4.253610000000000225e-04 1.000000000000000000e+00 1.779649999999999982e-02 1.794209999999999902e-02
1.318427655000000032e+00 1.769496300000000105e-02 4.249519999999999795e-04 1.000000000000000000e+00 1.775900000000000048e-02 1.790419999999999859e-02
1.318867130999999970e+00 1.766492999999999883e-02 4.245620000000000188e-04 1.000000000000000000e+00 1.772299999999999917e-02 1.786779999999999965e-02
1.319306752999999999e+00 1.764530099999999865e-02 4.242340000000000043e-04 1.000000000000000000e+00 1.769249999999999989e-02 1.783689999999999928e-02
1.319746521999999977e+00 1.763652500000000012e-02 4.240000000000000062e-04 1.000000000000000000e+00 1.766989999999999880e-02 1.781399999999999997e-02
1.320186437999999907e+00 1.763730000000000159e-02 4.238700000000000193e-04 1.000000000000000000e+00 1.765660000000000146e-02 1.780040000000000094e-02
1.320626499999999925e+00 1.764529299999999939e-02 4.238399999999999807e-04 1.000000000000000000e+00 1.765219999999999984e-02 1.779580000000000051e-02
1.321066708999999895e+00 1.765804799999999911e-02 4.238919999999999863e-04 1.000000000000000000e+00 1.765529999999999877e-02 1.779870000000000063e-02
1.321507063999999954e+00 1.767376299999999859e-02 4.240049999999999765e-04 1.000000000000000000e+00 1.766409999999999855e-02 1.780730000000000160e-02
1.321947567000000046e+00 1.769158100000000136e-02 4.241630000000000248e-04 1.000000000000000000e+00 1.767699999999999827e-02 1.781989999999999963e-02
1.322388216000000005e+00 1.771126300000000139e-02 4.243529999999999807e-04 1.000000000000000000e+00 1.769280000000000158e-02 1.783560000000000006e-02
1.322829011999999915e+00 1.773243199999999936e-02 4.245690000000000206e-04 1.000000000000000000e+00 1.771090000000000164e-02 1.785350000000000131e-02
1.323269954999999998e+00 1.775369200000000147e-02 4.248030000000000187e-04 1.000000000000000000e+00 1.773049999999999973e-02 1.787300000000000000e-02
1.323711045000000031e+00 1.777207700000000071e-02 4.250400000000000098e-04 1.000000000000000000e+00 1.775030000000000011e-02 1.789260000000000156e-02
1.324152282000000014e+00 1.778316300000000114e-02 4.252489999999999938e-04 1.000000000000000000e+00 1.776780000000000026e-02 1.790999999999999884e-02
1.324593665999999947e+00 1.778179800000000144e-02 4.253869999999999982e-04 1.000000000000000000e+00 1.777959999999999957e-02 1.792149999999999993e-02
1.325035197000000053e+00 1.776331999999999911e-02 4.254020000000000175e-04 1.000000000000000000e+00 1.778129999999999988e-02 1.792279999999999915e-02
1.325476875000000110e+00 1.772482499999999961e-02 4.252449999999999850e-04 1.000000000000000000e+00 1.776900000000000007e-02 1.790999999999999884e-02
1.325918700999999977e+00 1.766598700000000105e-02 4.248769999999999912e-04 1.000000000000000000e+00 1.773980000000000001e-02 1.788000000000000006e-02
1.326360674000000017e+00 1.758928200000000122e-02 4.242860000000000099e-04 1.000000000000000000e+00 1.769280000000000158e-02 1.783200000000000063e-02
1.326802794000000008e+00 1.749939500000000092e-02 4.234800000000000044e-04 1.000000000000000000e+00 1.762939999999999993e-02 1.776720000000000035e-02
1.327245062000000031e+00 1.740208799999999958e-02 4.224949999999999995e-04 1.000000000000000000e+00 1.755260000000000153e-02 1.768880000000000105e-02
1.327687477000000005e+00 1.730296900000000138e-02 4.213779999999999761e-04 1.000000000000000000e+00 1.746690000000000048e-02 1.760120000000000087e-02
1.328130038999999929e+00 1.720645599999999845e-02 4.201820000000000099e-04 1.000000000000000000e+00 1.737680000000000127e-02 1.750909999999999966e-02
1.328572749000000108e+00 1.711548200000000131e-02 4.189549999999999893e-04 1.000000000000000000e+00 1.728640000000000038e-02 1.741639999999999855e-02
1.329015607000000099e+00 1.703189199999999986e-02 4.177370000000000020e-04 1.000000000000000000e+00 1.719889999999999960e-02 1.732660000000000103e-02
1.329458612000000040e+00 1.695733899999999836e-02 4.165579999999999782e-04 1.000000000000000000e+00 1.711669999999999858e-02 1.724190000000000098e-02
1.329901765000000013e+00 1.689413999999999846e-02 4.154459999999999794e-04 1.000000000000000000e+00 1.704189999999999872e-02 1.716470000000000148e-02
1.330345066000000021e+00 1.684565500000000104e-02 4.144360000000000144e-04 1.000000000000000000e+00 1.697720000000000132e-02 1.709750000000000159e-02
1.330788513999999978e+00 1.681584300000000046e-02 4.135680000000000085e-04 1.000000000000000000e+00 1.692549999999999957e-02 1.704349999999999962e-02
1.331232109999999969e+00 1.680811499999999847e-02 4.128870000000000196e-04 1.000000000000000000e+00 1.689039999999999986e-02 1.700600000000000028e-02
1.331675853999999992e+00 1.682397199999999954e-02 4.124299999999999798e-04 1.000000000000000000e+00 1.687479999999999883e-02 1.698830000000000132e-02
1.332119746000000049e+00 1.686192400000000036e-02 4.122209999999999958e-04 1.000000000000000000e+00 1.688030000000000086e-02 1.699180000000000135e-02
1.332563785999999917e+00 1.691714600000000096e-02 4.122530000000000118e-04 1.000000000000000000e+00 1.690600000000000089e-02 1.701570000000000166e-02
1.333007974000000040e+00 1.698211999999999985e-02 4.124889999999999872e-04 1.000000000000000000e+00 1.694839999999999888e-02 1.705639999999999934e-02
1.333452309999999974e+00 1.704796600000000120e-02 4.128639999999999827e-04 1.000000000000000000e+00 1.700130000000000044e-02 1.710800000000000168e-02
1.333896793999999941e+00 1.710621199999999911e-02 4.132979999999999857e-04 1.000000000000000000e+00 1.705730000000000093e-02 1.716279999999999889e-02
1.334341425999999942e+00 1.715047100000000047e-02 4.137139999999999763e-04 1.000000000000000000e+00 1.710889999999999980e-02 1.721349999999999963e-02
1.334786207000000058e+00 1.717755400000000113e-02 4.140470000000000153e-04 1.000000000000000000e+00 1.714979999999999977e-02 1.725379999999999969e-02
1.335231135999999985e+00 1.718773300000000018e-02 4.142630000000000010e-04 1.000000000000000000e+00 1.717650000000000080e-02 1.728019999999999903e-02
1.335676212999999946e+00 1.718409300000000098e-02 4.143549999999999859e-04 1.000000000000000000e+00 1.718830000000000011e-02 1.729179999999999953e-02
1.336121437999999939e+00 1.717120399999999894e-02 4.143430000000000138e-04 1.000000000000000000e+00 1.718690000000000148e-02 1.729040000000000091e-02
1.336566812000000048e+00 1.715355699999999983e-02 4.142619999999999853e-04 1.000000000000000000e+00 1.717590000000000089e-02 1.727969999999999853e-02
1.337012333999999969e+00 1.713447499999999971e-02 4.141470000000000177e-04 1.000000000000000000e+00 1.715929999999999886e-02 1.726329999999999879e-02
1.337458005000000005e+00 1.711568299999999959e-02 4.140230000000000169e-04 1.000000000000000000e+00 1.714040000000000008e-02 1.724470000000000169e-02
1.337903824000000075e+00 1.709770000000000040e-02 4.139050000000000021e-04 1.000000000000000000e+00 1.712150000000000130e-02 1.722600000000000173e-02
1.338349792000000038e+00 1.708046300000000059e-02 4.137920000000000118e-04 1.000000000000000000e+00 1.710379999999999887e-02 1.720839999999999870e-02
1.338795908999999895e+00 1.706369699999999920e-02 4.136799999999999831e-04 1.000000000000000000e+00 1.708749999999999852e-02 1.719220000000000123e-02
1.339242174000000007e+00 1.704663500000000095e-02 4.135569999999999980e-04 1.000000000000000000e+00 1.707250000000000087e-02 1.717700000000000130e-02
1.339688588000000014e+00 1.702691799999999853e-02 4.134100000000000144e-04 1.000000000000000000e+00 1.705749999999999975e-02 1.716169999999999848e-02
1.340135150999999913e+00 1.699952199999999955e-02 4.132089999999999938e-04 1.000000000000000000e+00 1.703980000000000078e-02 1.714359999999999842e-02
1.340581862999999929e+00 1.695635399999999987e-02 4.129040000000000162e-04 1.000000000000000000e+00 1.701460000000000125e-02 1.711789999999999839e-02
1.341028722999999978e+00 1.688720800000000077e-02 4.124180000000000077e-04 1.000000000000000000e+00 1.697490000000000110e-02 1.707759999999999834e-02
1.341475733000000004e+00 1.678212100000000054e-02 4.116570000000000060e-04 1.000000000000000000e+00 1.691190000000000054e-02 1.701389999999999847e-02
1.341922891000000062e+00 1.663430399999999906e-02 4.105229999999999860e-04 1.000000000000000000e+00 1.681730000000000030e-02 1.691849999999999951e-02
1.342370199000000097e+00 1.644227700000000167e-02 4.089440000000000067e-04 1.000000000000000000e+00 1.668470000000000023e-02 1.678500000000000131e-02
1.342817656000000026e+00 1.621023400000000045e-02 4.068890000000000137e-04 1.000000000000000000e+00 1.651199999999999890e-02 1.661129999999999898e-02
1.343265262000000071e+00 1.594623499999999958e-02 4.043739999999999878e-04 1.000000000000000000e+00 1.630130000000000121e-02 1.639950000000000088e-02
1.343713017000000010e+00 1.565889800000000096e-02 4.014549999999999976e-04 1.000000000000000000e+00 1.605789999999999995e-02 1.615489999999999982e-02
1.344160921000000064e+00 1.535424500000000074e-02 3.981960000000000209e-04 1.000000000000000000e+00 1.578840000000000104e-02 1.588410000000000169e-02
1.344608975000000095e+00 1.503427700000000040e-02 3.946490000000000089e-04 1.000000000000000000e+00 1.549790000000000022e-02 1.559220000000000050e-02
1.345057178000000020e+00 1.469792500000000057e-02 3.908369999999999986e-04 1.000000000000000000e+00 1.518929999999999933e-02 1.528200000000000044e-02
1.345505530000000061e+00 1.434399299999999933e-02 3.867540000000000040e-04 1.000000000000000000e+00 1.486329999999999943e-02 1.495420000000000083e-02
1.345954032000000078e+00 1.397444800000000042e-02 3.823969999999999778e-04 1.000000000000000000e+00 1.452009999999999933e-02 1.460919999999999927e-02
1.346402682999999989e+00 1.359607699999999982e-02 3.777839999999999866e-04 1.000000000000000000e+00 1.416219999999999979e-02 1.424929999999999947e-02
1.346851484000000099e+00 1.321940599999999952e-02 3.729790000000000080e-04 1.000000000000000000e+00 1.379490000000000056e-02 1.387979999999999943e-02
1.347300434999999963e+00 1.285532099999999942e-02 3.680849999999999834e-04 1.000000000000000000e+00 1.342639999999999979e-02 1.350909999999999958e-02
1.347749534999999943e+00 1.251073899999999989e-02 3.632159999999999729e-04 1.000000000000000000e+00 1.306520000000000077e-02 1.314569999999999975e-02
1.348198784999999900e+00 1.218559900000000008e-02 3.584570000000000139e-04 1.000000000000000000e+00 1.271740000000000023e-02 1.279570000000000013e-02
1.348648183999999972e+00 1.187255299999999923e-02 3.538319999999999963e-04 1.000000000000000000e+00 1.238430000000000086e-02 1.246039999999999995e-02
1.349097734000000104e+00 1.155927300000000012e-02 3.492859999999999758e-04 1.000000000000000000e+00 1.206149999999999931e-02 1.213550000000000045e-02
1.349547432999999907e+00 1.123216299999999987e-02 3.446969999999999830e-04 1.000000000000000000e+00 1.174030000000000039e-02 1.181220000000000013e-02
1.349997281999999910e+00 1.087989600000000001e-02 3.399130000000000098e-04 1.000000000000000000e+00 1.141029999999999996e-02 1.148000000000000062e-02
1.350447281000000110e+00 1.049538600000000065e-02 3.347809999999999783e-04 1.000000000000000000e+00 1.106140000000000075e-02 1.112879999999999946e-02
1.350897430000000066e+00 1.007635500000000038e-02 3.291750000000000188e-04 1.000000000000000000e+00 1.068629999999999927e-02 1.075120000000000069e-02
1.351347728999999998e+00 9.625050499999999315e-03 3.230180000000000030e-04 1.000000000000000000e+00 1.028130000000000016e-02 1.034370000000000081e-02
1.351798178999999989e+00 9.148086600000000790e-03 3.162819999999999781e-04 1.000000000000000000e+00 9.846660000000000135e-03 9.906339999999999590e-03
1.352248778000000096e+00 8.656631200000000637e-03 3.090050000000000002e-04 1.000000000000000000e+00 9.386999999999999511e-03 9.443840000000000220e-03
1.352699528000000040e+00 8.166279099999999846e-03 3.012930000000000035e-04 1.000000000000000000e+00 8.911179999999999449e-03 8.965129999999999974e-03
1.353150427000000100e+00 7.695796100000000008e-03 2.933319999999999894e-04 1.000000000000000000e+00 8.432270000000000390e-03 8.483350000000000612e-03
1.353601478000000080e+00 7.264162600000000428e-03 2.853789999999999929e-04 1.000000000000000000e+00 7.966300000000000811e-03 8.014610000000000137e-03
1.354052677999999954e+00 6.886397300000000367e-03 2.777319999999999897e-04 1.000000000000000000e+00 7.529890000000000021e-03 7.575629999999999864e-03
1.354504029000000109e+00 6.569398100000000199e-03 2.706680000000000045e-04 1.000000000000000000e+00 7.136950000000000412e-03 7.180390000000000036e-03
1.354955530000000019e+00 6.309588599999999860e-03 2.643810000000000019e-04 1.000000000000000000e+00 6.795409999999999992e-03 6.836850000000000219e-03
1.355407181999999988e+00 6.093369300000000058e-03 2.589220000000000258e-04 1.000000000000000000e+00 6.504979999999999617e-03 6.544709999999999590e-03
1.355858985000000017e+00 5.900387099999999593e-03 2.541719999999999917e-04 1.000000000000000000e+00 6.257060000000000052e-03 6.295320000000000082e-03
1.356310938000000021e+00 5.708515400000000080e-03 2.498760000000000044e-04 1.000000000000000000e+00 6.036719999999999760e-03 6.073630000000000001e-03
1.356763041000000003e+00 5.498861300000000389e-03 2.456979999999999776e-04 1.000000000000000000e+00 5.826180000000000248e-03 5.861779999999999595e-03
1.357215295999999904e+00 5.259302799999999826e-03 2.413009999999999992e-04 1.000000000000000000e+00 5.608710000000000258e-03 5.642949999999999876e-03
1.357667701000000005e+00 4.986062299999999975e-03 2.364140000000000035e-04 1.000000000000000000e+00 5.371929999999999587e-03 5.404670000000000307e-03
1.358120256999999942e+00 4.683489400000000018e-03 2.308749999999999876e-04 1.000000000000000000e+00 5.109690000000000065e-03 5.140790000000000116e-03
1.358572963000000078e+00 4.362869299999999791e-03 2.246539999999999941e-04 1.000000000000000000e+00 4.822769999999999661e-03 4.852089999999999875e-03
1.359025820999999912e+00 4.040898999999999706e-03 2.178589999999999889e-04 1.000000000000000000e+00 4.518480000000000066e-03 4.545940000000000050e-03
1.359478830000000027e+00 3.737817999999999957e-03 2.107359999999999962e-04 1.000000000000000000e+00 4.209680000000000366e-03 4.235260000000000240e-03
1.359931988999999897e+00 3.475029000000000139e-03 2.036610000000000005e-04 1.000000000000000000e+00 3.913190000000000418e-03 3.936969999999999706e-03
1.360385299999999908e+00 3.271827000000000155e-03 1.971080000000000108e-04 1.000000000000000000e+00 3.647619999999999856e-03 3.669799999999999972e-03
1.360838761999999980e+00 3.141645499999999938e-03 1.915859999999999915e-04 1.000000000000000000e+00 3.430540000000000152e-03 3.451399999999999867e-03
1.361292375000000110e+00 3.088968499999999832e-03 1.875419999999999876e-04 1.000000000000000000e+00 3.275290000000000146e-03 3.295209999999999806e-03
1.361746139000000078e+00 3.107927500000000082e-03 1.852470000000000104e-04 1.000000000000000000e+00 3.188269999999999993e-03 3.207649999999999824e-03
1.362200054000000105e+00 3.183649099999999801e-03 1.847159999999999980e-04 1.000000000000000000e+00 3.167559999999999820e-03 3.186800000000000049e-03
1.362654121000000051e+00 3.295837499999999982e-03 1.857060000000000004e-04 1.000000000000000000e+00 3.203450000000000047e-03 3.222889999999999956e-03
1.363108339000000058e+00 3.423277199999999812e-03 1.877919999999999937e-04 1.000000000000000000e+00 3.280749999999999812e-03 3.300640000000000084e-03
1.363562707999999901e+00 3.547595800000000014e-03 1.904809999999999945e-04 1.000000000000000000e+00 3.382000000000000024e-03 3.402490000000000202e-03
1.364017229000000109e+00 3.655015599999999944e-03 1.933190000000000104e-04 1.000000000000000000e+00 3.490479999999999798e-03 3.511620000000000019e-03
1.364471902000000014e+00 3.736418799999999870e-03 1.959399999999999976e-04 1.000000000000000000e+00 3.592080000000000099e-03 3.613830000000000167e-03
1.364926725999999979e+00 3.786582100000000176e-03 1.980840000000000096e-04 1.000000000000000000e+00 3.676120000000000169e-03 3.698369999999999869e-03
1.365381701000000003e+00 3.803887299999999822e-03 1.995880000000000007e-04 1.000000000000000000e+00 3.735459999999999909e-03 3.758060000000000133e-03
1.365836827999999947e+00 3.790872199999999886e-03 2.003809999999999912e-04 1.000000000000000000e+00 3.766620000000000038e-03 3.789410000000000001e-03
1.366292107000000033e+00 3.754908400000000080e-03 2.004859999999999910e-04 1.000000000000000000e+00 3.770270000000000045e-03 3.793079999999999889e-03
1.366747538000000040e+00 3.707765100000000053e-03 2.000329999999999871e-04 1.000000000000000000e+00 3.751459999999999864e-03 3.774149999999999987e-03
1.367203120000000105e+00 3.663734200000000156e-03 1.992429999999999896e-04 1.000000000000000000e+00 3.719249999999999900e-03 3.741739999999999910e-03
1.367658854999999951e+00 3.636438000000000084e-03 1.984040000000000066e-04 1.000000000000000000e+00 3.685159999999999825e-03 3.707440000000000214e-03
1.368114741000000079e+00 3.636071800000000107e-03 1.978120000000000095e-04 1.000000000000000000e+00 3.660959999999999995e-03 3.683089999999999975e-03
1.368570778999999904e+00 3.668406500000000094e-03 1.977159999999999888e-04 1.000000000000000000e+00 3.656500000000000028e-03 3.678600000000000186e-03
1.369026969999999954e+00 3.735882800000000104e-03 1.982940000000000093e-04 1.000000000000000000e+00 3.678750000000000162e-03 3.700960000000000100e-03
1.369483312000000064e+00 3.840134499999999992e-03 1.996500000000000011e-04 1.000000000000000000e+00 3.732159999999999991e-03 3.754679999999999823e-03
1.369939806000000093e+00 3.984062499999999757e-03 2.018549999999999978e-04 1.000000000000000000e+00 3.820120000000000200e-03 3.843150000000000038e-03
1.370396452999999903e+00 4.171976200000000051e-03 2.049660000000000024e-04 1.000000000000000000e+00 3.946149999999999831e-03 3.969920000000000046e-03
1.370853252000000078e+00 4.407561499999999681e-03 2.090390000000000022e-04 1.000000000000000000e+00 4.114070000000000053e-03 4.138840000000000401e-03
1.371310202999999950e+00 4.690716200000000224e-03 2.140880000000000007e-04 1.000000000000000000e+00 4.326799999999999570e-03 4.352830000000000241e-03
1.371767305999999964e+00 5.014869899999999797e-03 2.200460000000000003e-04 1.000000000000000000e+00 4.584180000000000199e-03 4.611760000000000338e-03
1.372224561999999981e+00 5.366323800000000373e-03 2.267330000000000127e-04 1.000000000000000000e+00 4.881120000000000077e-03 4.910509999999999875e-03
1.372681969999999918e+00 5.725999800000000119e-03 2.338580000000000097e-04 1.000000000000000000e+00 5.206889999999999609e-03 5.238269999999999732e-03
1.373139531000000080e+00 6.073061499999999995e-03 2.410660000000000125e-04 1.000000000000000000e+00 5.546169999999999572e-03 5.579660000000000175e-03
1.373597243999999939e+00 6.388787899999999811e-03 2.479960000000000020e-04 1.000000000000000000e+00 5.881449999999999873e-03 5.917030000000000206e-03
1.374055110000000024e+00 6.659325399999999930e-03 2.543380000000000033e-04 1.000000000000000000e+00 6.195830000000000261e-03 6.233390000000000111e-03
1.374513128000000028e+00 6.876357500000000213e-03 2.598640000000000043e-04 1.000000000000000000e+00 6.475370000000000258e-03 6.514719999999999886e-03
1.374971299000000036e+00 7.035866200000000063e-03 2.644309999999999760e-04 1.000000000000000000e+00 6.710050000000000389e-03 6.750909999999999724e-03
1.375429623000000046e+00 7.135645900000000229e-03 2.679639999999999843e-04 1.000000000000000000e+00 6.893279999999999894e-03 6.935339999999999908e-03
1.375888100000000058e+00 7.172904899999999785e-03 2.704140000000000168e-04 1.000000000000000000e+00 7.020519999999999712e-03 7.063439999999999823e-03
1.376346728999999991e+00 7.143067399999999609e-03 2.717309999999999908e-04 1.000000000000000000e+00 7.087600000000000323e-03 7.131010000000000126e-03
1.376805510999999926e+00 7.040243800000000121e-03 2.718420000000000038e-04 1.000000000000000000e+00 7.089729999999999817e-03 7.133220000000000012e-03
1.377264446000000087e+00 6.859390600000000136e-03 2.706499999999999921e-04 1.000000000000000000e+00 7.021669999999999821e-03 7.064800000000000420e-03
1.377723534000000027e+00 6.599351699999999633e-03 2.680550000000000077e-04 1.000000000000000000e+00 6.879149999999999675e-03 6.921469999999999879e-03
1.378182776000000054e+00 6.265595300000000208e-03 2.639930000000000184e-04 1.000000000000000000e+00 6.661010000000000195e-03 6.702050000000000195e-03
1.378642170000000000e+00 5.871749800000000165e-03 2.584740000000000193e-04 1.000000000000000000e+00 6.371319999999999761e-03 6.410660000000000316e-03
1.379101716999999949e+00 5.439402500000000036e-03 2.516150000000000092e-04 1.000000000000000000e+00 6.020890000000000096e-03 6.058149999999999993e-03
1.379561417999999984e+00 4.996102399999999798e-03 2.436659999999999944e-04 1.000000000000000000e+00 5.627319999999999892e-03 5.662259999999999689e-03
1.380021272000000021e+00 4.572151200000000061e-03 2.350130000000000079e-04 1.000000000000000000e+00 5.213849999999999908e-03 5.246340000000000378e-03
1.380481279000000061e+00 4.197003399999999634e-03 2.261660000000000027e-04 1.000000000000000000e+00 4.806999999999999641e-03 4.837079999999999678e-03
1.380941439000000104e+00 3.896080100000000150e-03 2.177269999999999976e-04 1.000000000000000000e+00 4.433770000000000072e-03 4.461640000000000224e-03
1.381401753000000010e+00 3.688302200000000142e-03 2.103370000000000023e-04 1.000000000000000000e+00 4.118750000000000015e-03 4.144759999999999937e-03
1.381862219999999919e+00 3.584780399999999787e-03 2.046039999999999946e-04 1.000000000000000000e+00 3.881819999999999802e-03 3.906439999999999739e-03
1.382322840999999913e+00 3.588493999999999799e-03 2.010159999999999877e-04 1.000000000000000000e+00 3.736479999999999923e-03 3.760270000000000019e-03
1.382783614999999910e+00 3.694782499999999924e-03 1.998559999999999920e-04 1.000000000000000000e+00 3.689200000000000118e-03 3.712759999999999845e-03
1.383244542999999993e+00 3.892568999999999804e-03 2.011580000000000009e-04 1.000000000000000000e+00 3.739380000000000048e-03 3.763330000000000061e-03
1.383705624999999939e+00 4.166033500000000146e-03 2.047119999999999875e-04 1.000000000000000000e+00 3.880150000000000179e-03 3.905060000000000128e-03
1.384166860000000110e+00 4.496605699999999678e-03 2.101209999999999894e-04 1.000000000000000000e+00 4.099570000000000297e-03 4.125949999999999757e-03
1.384628248999999922e+00 4.865254900000000153e-03 2.168930000000000120e-04 1.000000000000000000e+00 4.382389999999999897e-03 4.410670000000000215e-03
1.385089792000000042e+00 5.254818999999999983e-03 2.245290000000000046e-04 1.000000000000000000e+00 4.712000000000000043e-03 4.742490000000000247e-03
1.385551487999999942e+00 5.651840600000000193e-03 2.325969999999999958e-04 1.000000000000000000e+00 5.072509999999999693e-03 5.105410000000000330e-03
1.386013339000000011e+00 6.047524700000000107e-03 2.407649999999999894e-04 1.000000000000000000e+00 5.450430000000000032e-03 5.485860000000000389e-03
1.386475343000000082e+00 6.436945000000000340e-03 2.488120000000000023e-04 1.000000000000000000e+00 5.835619999999999696e-03 5.873609999999999595e-03
1.386937502000000100e+00 6.816597300000000297e-03 2.566010000000000187e-04 1.000000000000000000e+00 6.220899999999999694e-03 6.261420000000000180e-03
1.387399813999999898e+00 7.180815600000000319e-03 2.640389999999999838e-04 1.000000000000000000e+00 6.600410000000000131e-03 6.643379999999999945e-03
1.387862281000000086e+00 7.518549999999999713e-03 2.710200000000000174e-04 1.000000000000000000e+00 6.967000000000000103e-03 7.012299999999999957e-03
1.388324901000000056e+00 7.812224000000000425e-03 2.773799999999999768e-04 1.000000000000000000e+00 7.309859999999999622e-03 7.357299999999999778e-03
1.388787675999999971e+00 8.039673500000000389e-03 2.828880000000000196e-04 1.000000000000000000e+00 7.613499999999999608e-03 7.662809999999999934e-03
1.389250606000000055e+00 8.179057400000000130e-03 2.872640000000000198e-04 1.000000000000000000e+00 7.859039999999999429e-03 7.909839999999999580e-03
1.389713688999999919e+00 8.214848300000000825e-03 2.902310000000000068e-04 1.000000000000000000e+00 8.027569999999999498e-03 8.079360000000000708e-03
1.390176926999999951e+00 8.142516199999999885e-03 2.915829999999999898e-04 1.000000000000000000e+00 8.104490000000000652e-03 8.156719999999999249e-03
1.390640319000000069e+00 7.969970099999999433e-03 2.912319999999999926e-04 1.000000000000000000e+00 8.083339999999999623e-03 8.135409999999999170e-03
1.391103865999999911e+00 7.715216900000000308e-03 2.892269999999999737e-04 1.000000000000000000e+00 7.967349999999999779e-03 8.018680000000000252e-03
1.391567567000000061e+00 7.401835300000000374e-03 2.857469999999999867e-04 1.000000000000000000e+00 7.768539999999999994e-03 7.818630000000000024e-03
1.392031422999999934e+00 7.054717299999999948e-03 2.810590000000000072e-04 1.000000000000000000e+00 7.504979999999999637e-03 7.553429999999999866e-03
1.392495433999999976e+00 6.698239299999999598e-03 2.754920000000000112e-04 1.000000000000000000e+00 7.197920000000000013e-03 7.244460000000000309e-03
1.392959599000000104e+00 6.357322799999999725e-03 2.694160000000000240e-04 1.000000000000000000e+00 6.870160000000000156e-03 6.914649999999999616e-03
1.393423918999999955e+00 6.059672599999999659e-03 2.632670000000000257e-04 1.000000000000000000e+00 6.546109999999999950e-03 6.588590000000000071e-03
1.393888392999999892e+00 5.836356699999999814e-03 2.575690000000000271e-04 1.000000000000000000e+00 6.252650000000000222e-03 6.293309999999999876e-03
1.394353023000000080e+00 5.718127499999999669e-03 2.529380000000000235e-04 1.000000000000000000e+00 6.018810000000000306e-03 6.058039999999999779e-03
1.394817806999999910e+00 5.727193200000000282e-03 2.500049999999999755e-04 1.000000000000000000e+00 5.872589999999999581e-03 5.910949999999999885e-03
1.395282745999999907e+00 5.867215400000000414e-03 2.492579999999999774e-04 1.000000000000000000e+00 5.834820000000000111e-03 5.872999999999999748e-03
1.395747840999999934e+00 6.115895300000000201e-03 2.508440000000000127e-04 1.000000000000000000e+00 5.911579999999999613e-03 5.950330000000000202e-03
1.396213090000000046e+00 6.424882699999999620e-03 2.544350000000000127e-04 1.000000000000000000e+00 6.088510000000000102e-03 6.128480000000000386e-03
1.396678494000000104e+00 6.728831999999999695e-03 2.592510000000000018e-04 1.000000000000000000e+00 6.330070000000000141e-03 6.371639999999999596e-03
1.397144053999999969e+00 6.962086299999999811e-03 2.642540000000000080e-04 1.000000000000000000e+00 6.585599999999999614e-03 6.628880000000000189e-03
1.397609769000000002e+00 7.077662499999999926e-03 2.684140000000000224e-04 1.000000000000000000e+00 6.801399999999999980e-03 6.846099999999999929e-03
1.398075637999999898e+00 7.061925600000000351e-03 2.709750000000000136e-04 1.000000000000000000e+00 6.935130000000000287e-03 6.980720000000000154e-03
1.398541663999999907e+00 6.939138400000000213e-03 2.716279999999999953e-04 1.000000000000000000e+00 6.968039999999999998e-03 7.013850000000000293e-03
1.399007844000000000e+00 6.763742500000000275e-03 2.705760000000000196e-04 1.000000000000000000e+00 6.910239999999999785e-03 6.955700000000000424e-03
1.399474179999999901e+00 6.602906100000000000e-03 2.684739999999999913e-04 1.000000000000000000e+00 6.797179999999999889e-03 6.841930000000000407e-03
1.399940672000000053e+00 6.515059400000000264e-03 2.662389999999999830e-04 1.000000000000000000e+00 6.678049999999999611e-03 6.722080000000000069e-03
1.400407318000000068e+00 6.532108499999999748e-03 2.647850000000000203e-04 1.000000000000000000e+00 6.600189999999999703e-03 6.643790000000000112e-03
1.400874120999999972e+00 6.651355400000000424e-03 2.647260000000000130e-04 1.000000000000000000e+00 6.594749999999999918e-03 6.638400000000000030e-03
1.401341079000000045e+00 6.839496900000000337e-03 2.661920000000000020e-04 1.000000000000000000e+00 6.668399999999999675e-03 6.712639999999999753e-03
1.401808192999999925e+00 7.046583200000000428e-03 2.688279999999999815e-04 1.000000000000000000e+00 6.803739999999999961e-03 6.848960000000000291e-03
1.402275461999999973e+00 7.224137400000000403e-03 2.719749999999999837e-04 1.000000000000000000e+00 6.967479999999999854e-03 7.013860000000000233e-03
1.402742887000000049e+00 7.340419800000000210e-03 2.749319999999999759e-04 1.000000000000000000e+00 7.122869999999999896e-03 7.170339999999999873e-03
1.403210467999999933e+00 7.387828899999999803e-03 2.771839999999999807e-04 1.000000000000000000e+00 7.241720000000000101e-03 7.290010000000000413e-03
1.403678205000000068e+00 7.380730999999999750e-03 2.785169999999999898e-04 1.000000000000000000e+00 7.311559999999999934e-03 7.360320000000000057e-03
1.404146098000000009e+00 7.346149800000000007e-03 2.790170000000000020e-04 1.000000000000000000e+00 7.336470000000000317e-03 7.385390000000000357e-03
1.404614145999999897e+00 7.312259699999999578e-03 2.789790000000000000e-04 1.000000000000000000e+00 7.332240000000000285e-03 7.381099999999999814e-03
1.405082350999999896e+00 7.299365599999999704e-03 2.787679999999999846e-04 1.000000000000000000e+00 7.318800000000000305e-03 7.367519999999999798e-03
1.405550711999999924e+00 7.316427099999999947e-03 2.786999999999999981e-04 1.000000000000000000e+00 7.313349999999999712e-03 7.361989999999999680e-03
1.406019228999999982e+00 7.363084899999999648e-03 2.789709999999999824e-04 1.000000000000000000e+00 7.326570000000000131e-03 7.375259999999999802e-03
1.406487902000000068e+00 7.435016000000000021e-03 2.796569999999999959e-04 1.000000000000000000e+00 7.362610000000000335e-03 7.411509999999999626e-03
1.406956730999999960e+00 7.529470699999999718e-03 2.807609999999999772e-04 1.000000000000000000e+00 7.421760000000000336e-03 7.471039999999999973e-03
1.407425716999999965e+00 7.648503200000000141e-03 2.822799999999999875e-04 1.000000000000000000e+00 7.504020000000000135e-03 7.553869999999999856e-03
1.407894858999999999e+00 7.798748799999999717e-03 2.842470000000000044e-04 1.000000000000000000e+00 7.611640000000000246e-03 7.662239999999999850e-03
1.408364157000000061e+00 7.988038399999999525e-03 2.867430000000000022e-04 1.000000000000000000e+00 7.749449999999999741e-03 7.801019999999999656e-03
1.408833612000000013e+00 8.220400900000000843e-03 2.898509999999999867e-04 1.000000000000000000e+00 7.922939999999999844e-03 7.975720000000000379e-03
1.409303222999999994e+00 8.491401100000000451e-03 2.936020000000000123e-04 1.000000000000000000e+00 8.134860000000000702e-03 8.189119999999999386e-03
1.409772991000000086e+00 8.785957500000000225e-03 2.979149999999999962e-04 1.000000000000000000e+00 8.381809999999999955e-03 8.437780000000000627e-03
1.410242914999999986e+00 9.079792399999999861e-03 3.025729999999999913e-04 1.000000000000000000e+00 8.652299999999999922e-03 8.710129999999999956e-03
1.410712995999999997e+00 9.344645500000000118e-03 3.072449999999999899e-04 1.000000000000000000e+00 8.927449999999999969e-03 8.987149999999999306e-03
1.411183233999999898e+00 9.556018799999999730e-03 3.115549999999999808e-04 1.000000000000000000e+00 9.184529999999999778e-03 9.245990000000000805e-03
1.411653628000000049e+00 9.701087900000000472e-03 3.151790000000000125e-04 1.000000000000000000e+00 9.402749999999999650e-03 9.465700000000000502e-03
1.412124179000000090e+00 9.783770799999999199e-03 3.179309999999999753e-04 1.000000000000000000e+00 9.569319999999999216e-03 9.633420000000000177e-03
1.412594887000000021e+00 9.824886899999999562e-03 3.198259999999999970e-04 1.000000000000000000e+00 9.683960000000000137e-03 9.748859999999999817e-03
1.413065752000000064e+00 9.856413499999999370e-03 3.210870000000000109e-04 1.000000000000000000e+00 9.759659999999999863e-03 9.825109999999999746e-03
1.413536773999999996e+00 9.911210300000000695e-03 3.220820000000000106e-04 1.000000000000000000e+00 9.819170000000000328e-03 9.885069999999999274e-03
1.414007953000000040e+00 1.001138199999999923e-02 3.232159999999999764e-04 1.000000000000000000e+00 9.887740000000000765e-03 9.954160000000000091e-03
1.414479288999999973e+00 1.015951399999999970e-02 3.247869999999999924e-04 1.000000000000000000e+00 9.984269999999999951e-03 1.005140000000000026e-02
1.414950782000000018e+00 1.033648399999999995e-02 3.268740000000000014e-04 1.000000000000000000e+00 1.011420000000000027e-02 1.018230000000000003e-02
1.415422431999999953e+00 1.050712200000000068e-02 3.293009999999999969e-04 1.000000000000000000e+00 1.026670000000000013e-02 1.033590000000000030e-02
1.415894240000000082e+00 1.063243300000000016e-02 3.316869999999999975e-04 1.000000000000000000e+00 1.041770000000000022e-02 1.048789999999999965e-02
1.416366205000000100e+00 1.068396599999999960e-02 3.335869999999999894e-04 1.000000000000000000e+00 1.053809999999999990e-02 1.060919999999999919e-02
1.416838327000000008e+00 1.065511300000000078e-02 3.346490000000000142e-04 1.000000000000000000e+00 1.060439999999999994e-02 1.067610000000000087e-02
1.417310606000000028e+00 1.056494300000000025e-02 3.347469999999999851e-04 1.000000000000000000e+00 1.060789999999999997e-02 1.067970000000000030e-02
1.417783043000000021e+00 1.045319400000000072e-02 3.340400000000000205e-04 1.000000000000000000e+00 1.055889999999999954e-02 1.063039999999999992e-02
1.418255636999999902e+00 1.036812999999999971e-02 3.329459999999999798e-04 1.000000000000000000e+00 1.048450000000000076e-02 1.055550000000000065e-02
1.418728388999999979e+00 1.035162899999999934e-02 3.320229999999999753e-04 1.000000000000000000e+00 1.042110000000000085e-02 1.049169999999999964e-02
1.419201299000000027e+00 1.042675900000000072e-02 3.318080000000000053e-04 1.000000000000000000e+00 1.040310000000000019e-02 1.047370000000000072e-02
1.419674365999999965e+00 1.059198299999999926e-02 3.326529999999999743e-04 1.000000000000000000e+00 1.045349999999999925e-02 1.052439999999999973e-02
1.420147591000000098e+00 1.082362000000000081e-02 3.346310000000000018e-04 1.000000000000000000e+00 1.057740000000000069e-02 1.064919999999999929e-02
1.420620972999999898e+00 1.108514199999999922e-02 3.375270000000000093e-04 1.000000000000000000e+00 1.076240000000000009e-02 1.083549999999999965e-02
1.421094512999999893e+00 1.133960600000000034e-02 3.409469999999999732e-04 1.000000000000000000e+00 1.098389999999999957e-02 1.105839999999999948e-02
1.421568211999999942e+00 1.156045099999999937e-02 3.444519999999999743e-04 1.000000000000000000e+00 1.121349999999999951e-02 1.128969999999999974e-02
1.422042068000000103e+00 1.173727199999999998e-02 3.476919999999999772e-04 1.000000000000000000e+00 1.142800000000000066e-02 1.150559999999999951e-02
1.422516082000000015e+00 1.187492199999999956e-02 3.504819999999999962e-04 1.000000000000000000e+00 1.161410000000000046e-02 1.169309999999999967e-02
1.422990253999999899e+00 1.198732299999999938e-02 3.528070000000000121e-04 1.000000000000000000e+00 1.176999999999999921e-02 1.185010000000000056e-02
1.423464583999999977e+00 1.208929800000000006e-02 3.547669999999999730e-04 1.000000000000000000e+00 1.190199999999999939e-02 1.198310000000000000e-02
1.423939072000000028e+00 1.218978700000000054e-02 3.565010000000000076e-04 1.000000000000000000e+00 1.201909999999999958e-02 1.210100000000000064e-02
1.424413718000000051e+00 1.228910100000000019e-02 3.581109999999999871e-04 1.000000000000000000e+00 1.212809999999999930e-02 1.221080000000000082e-02
1.424888522999999907e+00 1.238059700000000013e-02 3.596240000000000114e-04 1.000000000000000000e+00 1.223080000000000001e-02 1.231430000000000025e-02
1.425363485999999957e+00 1.245514500000000080e-02 3.609980000000000155e-04 1.000000000000000000e+00 1.232390000000000048e-02 1.240819999999999944e-02
1.425838606999999980e+00 1.250566999999999998e-02 3.621569999999999954e-04 1.000000000000000000e+00 1.240179999999999928e-02 1.248679999999999929e-02
1.426313887000000058e+00 1.252964900000000034e-02 3.630300000000000258e-04 1.000000000000000000e+00 1.245929999999999954e-02 1.254480000000000005e-02
1.426789324000000025e+00 1.252831800000000009e-02 3.635830000000000051e-04 1.000000000000000000e+00 1.249339999999999999e-02 1.257929999999999986e-02
1.427264920999999909e+00 1.250362099999999949e-02 3.638129999999999945e-04 1.000000000000000000e+00 1.250360000000000013e-02 1.258979999999999995e-02
1.427740675999999986e+00 1.245479000000000031e-02 3.637220000000000253e-04 1.000000000000000000e+00 1.248999999999999937e-02 1.257639999999999973e-02
1.428216589000000036e+00 1.237714099999999949e-02 3.632940000000000084e-04 1.000000000000000000e+00 1.245160000000000017e-02 1.253800000000000053e-02
1.428692662000000002e+00 1.226428000000000067e-02 3.624739999999999993e-04 1.000000000000000000e+00 1.238490000000000077e-02 1.247119999999999999e-02
1.429168892999999940e+00 1.211304600000000058e-02 3.611929999999999958e-04 1.000000000000000000e+00 1.228609999999999945e-02 1.237199999999999932e-02
1.429645282000000073e+00 1.192910500000000061e-02 3.594149999999999732e-04 1.000000000000000000e+00 1.215369999999999992e-02 1.223890000000000047e-02
1.430121830999999899e+00 1.172993200000000021e-02 3.571940000000000228e-04 1.000000000000000000e+00 1.199260000000000083e-02 1.207689999999999979e-02
1.430598537999999920e+00 1.154313799999999966e-02 3.547129999999999901e-04 1.000000000000000000e+00 1.181639999999999947e-02 1.189950000000000035e-02
1.431075403999999995e+00 1.139989200000000001e-02 3.522800000000000085e-04 1.000000000000000000e+00 1.164630000000000006e-02 1.172830000000000053e-02
1.431552428999999904e+00 1.132583399999999990e-02 3.502660000000000105e-04 1.000000000000000000e+00 1.150709999999999927e-02 1.158799999999999934e-02
1.432029613000000090e+00 1.133287799999999935e-02 3.490090000000000054e-04 1.000000000000000000e+00 1.142040000000000069e-02 1.150059999999999971e-02
1.432506956999999970e+00 1.141529500000000065e-02 3.487140000000000226e-04 1.000000000000000000e+00 1.139869999999999946e-02 1.147869999999999967e-02
1.432984459000000044e+00 1.155136200000000078e-02 3.493850000000000167e-04 1.000000000000000000e+00 1.144159999999999969e-02 1.152169999999999930e-02
1.433462119999999951e+00 1.170998600000000035e-02 3.508259999999999916e-04 1.000000000000000000e+00 1.153560000000000002e-02 1.161640000000000068e-02
1.433939940999999996e+00 1.185978499999999942e-02 3.527059999999999939e-04 1.000000000000000000e+00 1.165869999999999927e-02 1.174030000000000039e-02
1.434417921000000096e+00 1.197739400000000058e-02 3.546560000000000142e-04 1.000000000000000000e+00 1.178620000000000015e-02 1.186889999999999994e-02
1.434896060000000029e+00 1.205281100000000008e-02 3.563740000000000137e-04 1.000000000000000000e+00 1.189770000000000064e-02 1.198119999999999914e-02
1.435374359000000100e+00 1.209051300000000065e-02 3.576890000000000104e-04 1.000000000000000000e+00 1.198130000000000028e-02 1.206559999999999924e-02
1.435852817000000003e+00 1.210641299999999990e-02 3.585880000000000165e-04 1.000000000000000000e+00 1.203629999999999978e-02 1.212129999999999978e-02
1.436331435000000045e+00 1.212212499999999922e-02 3.592019999999999805e-04 1.000000000000000000e+00 1.207160000000000004e-02 1.215710000000000054e-02
1.436810211999999920e+00 1.215816400000000082e-02 3.597440000000000034e-04 1.000000000000000000e+00 1.210209999999999932e-02 1.218819999999999973e-02
1.437289148999999933e+00 1.222820699999999962e-02 3.604449999999999820e-04 1.000000000000000000e+00 1.214389999999999914e-02 1.223059999999999946e-02
1.437768245000000000e+00 1.233605400000000081e-02 3.614789999999999995e-04 1.000000000000000000e+00 1.220929999999999932e-02 1.229680000000000009e-02
1.438247500999999984e+00 1.247581300000000053e-02 3.629260000000000146e-04 1.000000000000000000e+00 1.230389999999999956e-02 1.239239999999999960e-02
1.438726917000000105e+00 1.263493199999999976e-02 3.647549999999999729e-04 1.000000000000000000e+00 1.242590000000000014e-02 1.251559999999999999e-02
1.439206492999999920e+00 1.279865900000000042e-02 3.668529999999999925e-04 1.000000000000000000e+00 1.256759999999999995e-02 1.265849999999999961e-02
1.439686228000000012e+00 1.295406200000000056e-02 3.690650000000000180e-04 1.000000000000000000e+00 1.271820000000000069e-02 1.281030000000000016e-02
1.440166123000000020e+00 1.309221200000000064e-02 3.712389999999999874e-04 1.000000000000000000e+00 1.286690000000000056e-02 1.296019999999999985e-02
1.440646179000000027e+00 1.320817900000000045e-02 3.732540000000000011e-04 1.000000000000000000e+00 1.300480000000000039e-02 1.309929999999999949e-02
1.441126394000000088e+00 1.329947899999999947e-02 3.750259999999999835e-04 1.000000000000000000e+00 1.312589999999999937e-02 1.322130000000000007e-02
1.441606769999999926e+00 1.336449200000000039e-02 3.764999999999999901e-04 1.000000000000000000e+00 1.322609999999999932e-02 1.332230000000000046e-02
1.442087305000000041e+00 1.340208199999999919e-02 3.776380000000000188e-04 1.000000000000000000e+00 1.330259999999999949e-02 1.339940000000000055e-02
1.442568000999999933e+00 1.341309899999999951e-02 3.784190000000000101e-04 1.000000000000000000e+00 1.335369999999999960e-02 1.345090000000000001e-02
1.443048856999999963e+00 1.340315499999999993e-02 3.788539999999999746e-04 1.000000000000000000e+00 1.338010000000000067e-02 1.347759999999999930e-02
1.443529872999999908e+00 1.338469800000000043e-02 3.790080000000000142e-04 1.000000000000000000e+00 1.338639999999999969e-02 1.348410000000000060e-02
1.444011050000000074e+00 1.337671699999999977e-02 3.790250000000000108e-04 1.000000000000000000e+00 1.338259999999999970e-02 1.348040000000000002e-02
1.444492386999999933e+00 1.340073299999999974e-02 3.791180000000000114e-04 1.000000000000000000e+00 1.338379999999999952e-02 1.348180000000000038e-02
1.444973883999999931e+00 1.347379800000000037e-02 3.795320000000000247e-04 1.000000000000000000e+00 1.340739999999999987e-02 1.350580000000000010e-02
1.445455541999999927e+00 1.360083100000000073e-02 3.804710000000000101e-04 1.000000000000000000e+00 1.346780000000000026e-02 1.356699999999999920e-02
1.445937360999999921e+00 1.376975299999999916e-02 3.820100000000000101e-04 1.000000000000000000e+00 1.357069999999999978e-02 1.367100000000000086e-02
1.446419340000000053e+00 1.395205899999999929e-02 3.840450000000000135e-04 1.000000000000000000e+00 1.370919999999999951e-02 1.381089999999999922e-02
1.446901479999999962e+00 1.410987300000000021e-02 3.862949999999999869e-04 1.000000000000000000e+00 1.386339999999999968e-02 1.396659999999999915e-02
1.447383780000000009e+00 1.420760599999999936e-02 3.883660000000000150e-04 1.000000000000000000e+00 1.400490000000000068e-02 1.410950000000000051e-02
1.447866241999999914e+00 1.422445699999999938e-02 3.898689999999999903e-04 1.000000000000000000e+00 1.410520000000000003e-02 1.421099999999999967e-02
1.448348863999999958e+00 1.416313999999999941e-02 3.905499999999999792e-04 1.000000000000000000e+00 1.414550000000000009e-02 1.425189999999999964e-02
1.448831647000000000e+00 1.405134899999999944e-02 3.903789999999999973e-04 1.000000000000000000e+00 1.412330000000000009e-02 1.422990000000000019e-02
1.449314591000000041e+00 1.393518099999999961e-02 3.895829999999999866e-04 1.000000000000000000e+00 1.405580000000000024e-02 1.416219999999999979e-02
1.449797694999999997e+00 1.386635599999999982e-02 3.886049999999999834e-04 1.000000000000000000e+00 1.397570000000000062e-02 1.408170000000000081e-02
1.450280961000000035e+00 1.388755700000000003e-02 3.879919999999999810e-04 1.000000000000000000e+00 1.392299999999999961e-02 1.402890000000000040e-02
1.450764388000000071e+00 1.402072899999999914e-02 3.882429999999999757e-04 1.000000000000000000e+00 1.393390000000000080e-02 1.404019999999999921e-02
1.451247976000000106e+00 1.426216299999999958e-02 3.896719999999999785e-04 1.000000000000000000e+00 1.403150000000000057e-02 1.413879999999999998e-02
1.451731726000000000e+00 1.458535400000000003e-02 3.923229999999999773e-04 1.000000000000000000e+00 1.422000000000000000e-02 1.432890000000000032e-02
1.452215636000000032e+00 1.495031399999999927e-02 3.959829999999999795e-04 1.000000000000000000e+00 1.448499999999999961e-02 1.459620000000000015e-02
1.452699707999999923e+00 1.531541999999999973e-02 4.002629999999999860e-04 1.000000000000000000e+00 1.479920000000000020e-02 1.491310000000000031e-02
1.453183941000000035e+00 1.564787899999999995e-02 4.047219999999999919e-04 1.000000000000000000e+00 1.513040000000000045e-02 1.524709999999999954e-02
1.453668336000000005e+00 1.592965600000000037e-02 4.089799999999999772e-04 1.000000000000000000e+00 1.544949999999999969e-02 1.556899999999999951e-02
1.454152891999999975e+00 1.615779700000000152e-02 4.127910000000000260e-04 1.000000000000000000e+00 1.573690000000000158e-02 1.585900000000000157e-02
1.454637610000000025e+00 1.634012199999999859e-02 4.160549999999999730e-04 1.000000000000000000e+00 1.598389999999999880e-02 1.610819999999999960e-02
1.455122489000000074e+00 1.648870800000000122e-02 4.187920000000000249e-04 1.000000000000000000e+00 1.619069999999999884e-02 1.631700000000000164e-02
1.455607529999999983e+00 1.661366599999999916e-02 4.210840000000000091e-04 1.000000000000000000e+00 1.636330000000000076e-02 1.649120000000000100e-02
1.456092731999999890e+00 1.671935000000000088e-02 4.230200000000000258e-04 1.000000000000000000e+00 1.650799999999999837e-02 1.663740000000000011e-02
1.456578096999999961e+00 1.680349700000000057e-02 4.246489999999999792e-04 1.000000000000000000e+00 1.662879999999999914e-02 1.675930000000000128e-02
1.457063623000000030e+00 1.685924999999999924e-02 4.259690000000000004e-04 1.000000000000000000e+00 1.672529999999999850e-02 1.685669999999999877e-02
1.457549310000000098e+00 1.687881100000000051e-02 4.269310000000000227e-04 1.000000000000000000e+00 1.679390000000000049e-02 1.692600000000000007e-02
1.458035160000000108e+00 1.685718199999999833e-02 4.274680000000000211e-04 1.000000000000000000e+00 1.682950000000000071e-02 1.696179999999999910e-02
1.458521171999999977e+00 1.679484399999999975e-02 4.275300000000000216e-04 1.000000000000000000e+00 1.682820000000000149e-02 1.696059999999999929e-02
1.459007345999999927e+00 1.669838900000000098e-02 4.271130000000000152e-04 1.000000000000000000e+00 1.678989999999999996e-02 1.692199999999999954e-02
1.459493681000000098e+00 1.657903200000000049e-02 4.262649999999999989e-04 1.000000000000000000e+00 1.671860000000000013e-02 1.685009999999999980e-02
1.459980178999999989e+00 1.644956300000000038e-02 4.250859999999999752e-04 1.000000000000000000e+00 1.662210000000000076e-02 1.675290000000000112e-02
1.460466838999999961e+00 1.632087899999999994e-02 4.237010000000000147e-04 1.000000000000000000e+00 1.651019999999999918e-02 1.664010000000000142e-02
1.460953662000000097e+00 1.619915699999999875e-02 4.222319999999999784e-04 1.000000000000000000e+00 1.639180000000000151e-02 1.652090000000000156e-02
1.461440646000000010e+00 1.608489100000000047e-02 4.207640000000000121e-04 1.000000000000000000e+00 1.627320000000000155e-02 1.640149999999999941e-02
1.461927793000000086e+00 1.597376899999999877e-02 4.193329999999999779e-04 1.000000000000000000e+00 1.615689999999999835e-02 1.628430000000000155e-02
1.462415102000000022e+00 1.585921200000000100e-02 4.179259999999999963e-04 1.000000000000000000e+00 1.604130000000000139e-02 1.616799999999999835e-02
1.462902573999999900e+00 1.573576800000000067e-02 4.164959999999999778e-04 1.000000000000000000e+00 1.592319999999999847e-02 1.604910000000000017e-02
1.463390208000000081e+00 1.560201100000000070e-02 4.149980000000000270e-04 1.000000000000000000e+00 1.579919999999999936e-02 1.592419999999999947e-02
1.463878004999999982e+00 1.546209100000000072e-02 4.134100000000000144e-04 1.000000000000000000e+00 1.566849999999999840e-02 1.579260000000000039e-02
1.464365963999999964e+00 1.532510899999999995e-02 4.117610000000000172e-04 1.000000000000000000e+00 1.553399999999999920e-02 1.565719999999999959e-02
1.464854086000000111e+00 1.520220000000000078e-02 4.101269999999999851e-04 1.000000000000000000e+00 1.540230000000000071e-02 1.552450000000000011e-02
1.465342370999999977e+00 1.510217500000000067e-02 4.086089999999999904e-04 1.000000000000000000e+00 1.528140000000000054e-02 1.540270000000000007e-02
1.465830819000000007e+00 1.502720899999999971e-02 4.072929999999999780e-04 1.000000000000000000e+00 1.517809999999999993e-02 1.529860000000000074e-02
1.466319428999999896e+00 1.497053800000000025e-02 4.062119999999999793e-04 1.000000000000000000e+00 1.509450000000000028e-02 1.521420000000000064e-02
1.466808201999999950e+00 1.491749300000000042e-02 4.053150000000000047e-04 1.000000000000000000e+00 1.502599999999999943e-02 1.514509999999999988e-02
1.467297137999999945e+00 1.485013500000000042e-02 4.044720000000000129e-04 1.000000000000000000e+00 1.496210000000000075e-02 1.508059999999999956e-02
1.467786237000000105e+00 1.475419099999999983e-02 4.035139999999999994e-04 1.000000000000000000e+00 1.488940000000000055e-02 1.500720000000000005e-02
1.468275498999999984e+00 1.462571099999999957e-02 4.022969999999999736e-04 1.000000000000000000e+00 1.479639999999999948e-02 1.491340000000000027e-02
1.468764924000000027e+00 1.447493799999999969e-02 4.007699999999999999e-04 1.000000000000000000e+00 1.467899999999999934e-02 1.479510000000000026e-02
1.469254513000000095e+00 1.432553800000000051e-02 3.990190000000000230e-04 1.000000000000000000e+00 1.454360000000000028e-02 1.465870000000000020e-02
1.469744264000000022e+00 1.420928299999999964e-02 3.972709999999999848e-04 1.000000000000000000e+00 1.440740000000000076e-02 1.452160000000000083e-02
1.470234178999999974e+00 1.415776200000000082e-02 3.958580000000000172e-04 1.000000000000000000e+00 1.429509999999999982e-02 1.440860000000000057e-02
1.470724257000000090e+00 1.419369699999999991e-02 3.951299999999999930e-04 1.000000000000000000e+00 1.423269999999999917e-02 1.434589999999999997e-02
1.471214497999999926e+00 1.432465100000000074e-02 3.953690000000000156e-04 1.000000000000000000e+00 1.424100000000000019e-02 1.435460000000000035e-02
1.471704903000000009e+00 1.454052500000000032e-02 3.967020000000000247e-04 1.000000000000000000e+00 1.433019999999999954e-02 1.444480000000000069e-02
1.472195471000000033e+00 1.481563099999999925e-02 3.990630000000000110e-04 1.000000000000000000e+00 1.449620000000000075e-02 1.461250000000000049e-02
1.472686203000000082e+00 1.511423500000000017e-02 4.022030000000000115e-04 1.000000000000000000e+00 1.472210000000000012e-02 1.484049999999999953e-02
1.473177098999999934e+00 1.539812599999999983e-02 4.057469999999999762e-04 1.000000000000000000e+00 1.498060000000000017e-02 1.510139999999999920e-02
1.473668157999999950e+00 1.563432199999999911e-02 4.092739999999999985e-04 1.000000000000000000e+00 1.524039999999999943e-02 1.536359999999999983e-02
1.474159379999999908e+00 1.580107000000000039e-02 4.124029999999999883e-04 1.000000000000000000e+00 1.547180000000000083e-02 1.559720000000000030e-02
1.474650766999999973e+00 1.589084699999999961e-02 4.148579999999999911e-04 1.000000000000000000e+00 1.565269999999999856e-02 1.577980000000000008e-02
1.475142316999999981e+00 1.590993400000000058e-02 4.165029999999999796e-04 1.000000000000000000e+00 1.577140000000000139e-02 1.589979999999999866e-02
1.475634031000000013e+00 1.587482100000000076e-02 4.173460000000000255e-04 1.000000000000000000e+00 1.582760000000000070e-02 1.595680000000000015e-02
1.476125909000000069e+00 1.580696700000000163e-02 4.175119999999999830e-04 1.000000000000000000e+00 1.583079999999999904e-02 1.596030000000000018e-02
1.476617950999999929e+00 1.572750900000000063e-02 4.171970000000000105e-04 1.000000000000000000e+00 1.579610000000000042e-02 1.592580000000000037e-02
1.477110157000000035e+00 1.565369299999999977e-02 4.166169999999999856e-04 1.000000000000000000e+00 1.574100000000000152e-02 1.587049999999999919e-02
1.477602526999999943e+00 1.559765299999999952e-02 4.159739999999999987e-04 1.000000000000000000e+00 1.568129999999999871e-02 1.581079999999999985e-02
1.478095061000000099e+00 1.556730899999999966e-02 4.154310000000000142e-04 1.000000000000000000e+00 1.563020000000000034e-02 1.575959999999999861e-02
1.478587759999999918e+00 1.556818500000000001e-02 4.151150000000000261e-04 1.000000000000000000e+00 1.559729999999999971e-02 1.572679999999999911e-02
1.479080621999999900e+00 1.560465200000000011e-02 4.151189999999999806e-04 1.000000000000000000e+00 1.559010000000000083e-02 1.571979999999999905e-02
1.479573648999999991e+00 1.567971199999999843e-02 4.155170000000000131e-04 1.000000000000000000e+00 1.561390000000000000e-02 1.574400000000000105e-02
1.480066840000000106e+00 1.579341100000000025e-02 4.163589999999999891e-04 1.000000000000000000e+00 1.567230000000000012e-02 1.580310000000000048e-02
1.480560196000000106e+00 1.594077699999999972e-02 4.176539999999999962e-04 1.000000000000000000e+00 1.576599999999999877e-02 1.589770000000000072e-02
1.481053715999999909e+00 1.611073099999999966e-02 4.193569999999999763e-04 1.000000000000000000e+00 1.589130000000000056e-02 1.602429999999999827e-02
1.481547401000000042e+00 1.628699899999999992e-02 4.213579999999999865e-04 1.000000000000000000e+00 1.603979999999999989e-02 1.617419999999999969e-02
1.482041249999999977e+00 1.645111399999999932e-02 4.234899999999999992e-04 1.000000000000000000e+00 1.619879999999999931e-02 1.633480000000000001e-02
1.482535264000000019e+00 1.658663900000000024e-02 4.255589999999999959e-04 1.000000000000000000e+00 1.635340000000000057e-02 1.649079999999999990e-02
1.483029442000000087e+00 1.668325699999999995e-02 4.273829999999999838e-04 1.000000000000000000e+00 1.648909999999999959e-02 1.662790000000000101e-02
1.483523785000000039e+00 1.673925100000000013e-02 4.288329999999999920e-04 1.000000000000000000e+00 1.659580000000000083e-02 1.673579999999999859e-02
1.484018293000000099e+00 1.676167699999999913e-02 4.298630000000000007e-04 1.000000000000000000e+00 1.666950000000000029e-02 1.681030000000000024e-02
1.484512966000000045e+00 1.676428699999999924e-02 4.305119999999999737e-04 1.000000000000000000e+00 1.671330000000000038e-02 1.685470000000000024e-02
1.485007804000000098e+00 1.676395899999999842e-02 4.308970000000000183e-04 1.000000000000000000e+00 1.673610000000000028e-02 1.687800000000000064e-02
1.485502805999999953e+00 1.677680599999999828e-02 4.311790000000000132e-04 1.000000000000000000e+00 1.675070000000000031e-02 1.689310000000000117e-02
1.485997973999999999e+00 1.681486700000000070e-02 4.315260000000000016e-04 1.000000000000000000e+00 1.677060000000000009e-02 1.691339999999999857e-02
1.486493306000000070e+00 1.688414200000000129e-02 4.320810000000000124e-04 1.000000000000000000e+00 1.680689999999999962e-02 1.695030000000000148e-02
1.486988804000000108e+00 1.698411299999999860e-02 4.329320000000000217e-04 1.000000000000000000e+00 1.686669999999999836e-02 1.701110000000000122e-02
1.487484467000000032e+00 1.710865899999999828e-02 4.341029999999999737e-04 1.000000000000000000e+00 1.695220000000000060e-02 1.709760000000000099e-02
1.487980295000000064e+00 1.724800500000000028e-02 4.355550000000000133e-04 1.000000000000000000e+00 1.706039999999999987e-02 1.720700000000000007e-02
1.488476289000000063e+00 1.739115000000000105e-02 4.372040000000000106e-04 1.000000000000000000e+00 1.718480000000000008e-02 1.733269999999999950e-02
1.488972447000000088e+00 1.752819400000000041e-02 4.389439999999999770e-04 1.000000000000000000e+00 1.731680000000000025e-02 1.746599999999999889e-02
1.489468771999999941e+00 1.765203599999999942e-02 4.406689999999999783e-04 1.000000000000000000e+00 1.744810000000000111e-02 1.759859999999999897e-02
1.489965261000000041e+00 1.775909100000000115e-02 4.422930000000000156e-04 1.000000000000000000e+00 1.757169999999999913e-02 1.772330000000000086e-02
1.490461916000000109e+00 1.784893599999999927e-02 4.437609999999999819e-04 1.000000000000000000e+00 1.768310000000000021e-02 1.783579999999999888e-02
1.490958736999999923e+00 1.792316099999999995e-02 4.450500000000000029e-04 1.000000000000000000e+00 1.778029999999999888e-02 1.793399999999999855e-02
1.491455723000000066e+00 1.798400600000000030e-02 4.461600000000000244e-04 1.000000000000000000e+00 1.786319999999999922e-02 1.801780000000000048e-02
1.491952874999999956e+00 1.803329899999999916e-02 4.471049999999999959e-04 1.000000000000000000e+00 1.793259999999999993e-02 1.808799999999999991e-02
1.492450193000000036e+00 1.807220199999999902e-02 4.478989999999999751e-04 1.000000000000000000e+00 1.798960000000000142e-02 1.814580000000000012e-02
1.492947676000000001e+00 1.810165999999999858e-02 4.485590000000000128e-04 1.000000000000000000e+00 1.803530000000000064e-02 1.819219999999999865e-02
1.493445324999999935e+00 1.812327700000000014e-02 4.491030000000000130e-04 1.000000000000000000e+00 1.807069999999999857e-02 1.822829999999999936e-02
1.493943140000000058e+00 1.814001100000000102e-02 4.495519999999999811e-04 1.000000000000000000e+00 1.809759999999999841e-02 1.825600000000000139e-02
1.494441120999999928e+00 1.815626199999999940e-02 4.499409999999999803e-04 1.000000000000000000e+00 1.811880000000000088e-02 1.827789999999999970e-02
1.494939269000000071e+00 1.817718899999999985e-02 4.503150000000000143e-04 1.000000000000000000e+00 1.813820000000000016e-02 1.829799999999999829e-02
1.495437582000000099e+00 1.820753799999999881e-02 4.507269999999999961e-04 1.000000000000000000e+00 1.816030000000000075e-02 1.832090000000000107e-02
1.495936061000000095e+00 1.825035699999999830e-02 4.512240000000000153e-04 1.000000000000000000e+00 1.818940000000000140e-02 1.835070000000000104e-02
1.496434706000000059e+00 1.830613899999999905e-02 4.518389999999999950e-04 1.000000000000000000e+00 1.822860000000000105e-02 1.839079999999999881e-02
1.496933518000000074e+00 1.837257499999999863e-02 4.525810000000000228e-04 1.000000000000000000e+00 1.827900000000000011e-02 1.844200000000000006e-02
1.497432496000000057e+00 1.844495700000000141e-02 4.534319999999999779e-04 1.000000000000000000e+00 1.833950000000000163e-02 1.850339999999999971e-02
1.497931640000000009e+00 1.851700900000000094e-02 4.543479999999999806e-04 1.000000000000000000e+00 1.840670000000000153e-02 1.857139999999999833e-02
1.498430949999999928e+00 1.858191699999999988e-02 4.552679999999999921e-04 1.000000000000000000e+00 1.847559999999999827e-02 1.864100000000000132e-02
1.498930426999999899e+00 1.863338399999999936e-02 4.561219999999999945e-04 1.000000000000000000e+00 1.854000000000000092e-02 1.870609999999999981e-02
1.499430070999999920e+00 1.866658300000000048e-02 4.568460000000000099e-04 1.000000000000000000e+00 1.859430000000000111e-02 1.876090000000000049e-02
1.499929880999999909e+00 1.867896000000000140e-02 4.573860000000000013e-04 1.000000000000000000e+00 1.863340000000000135e-02 1.880039999999999836e-02
1.500429857000000089e+00 1.867085099999999873e-02 4.577130000000000001e-04 1.000000000000000000e+00 1.865419999999999925e-02 1.882160000000000083e-02
1.500930000999999958e+00 1.864571599999999968e-02 4.578240000000000131e-04 1.000000000000000000e+00 1.865620000000000125e-02 1.882380000000000164e-02
1.501430311000000017e+00 1.860988100000000173e-02 4.577480000000000090e-04 1.000000000000000000e+00 1.864170000000000063e-02 1.880940000000000042e-02
1.501930787000000045e+00 1.857163300000000059e-02 4.575420000000000181e-04 1.000000000000000000e+00 1.861530000000000129e-02 1.878319999999999990e-02
1.502431430999999984e+00 1.853973999999999900e-02 4.572870000000000146e-04 1.000000000000000000e+00 1.858409999999999923e-02 1.875210000000000071e-02
1.502932241999999974e+00 1.852162799999999832e-02 4.570679999999999817e-04 1.000000000000000000e+00 1.855549999999999908e-02 1.872359999999999997e-02
1.503433218999999932e+00 1.852171099999999973e-02 4.569640000000000247e-04 1.000000000000000000e+00 1.853640000000000149e-02 1.870470000000000119e-02
1.503934362999999941e+00 1.854035999999999879e-02 4.570260000000000251e-04 1.000000000000000000e+00 1.853130000000000055e-02 1.869989999999999847e-02
1.504435675000000083e+00 1.857393400000000028e-02 4.572709999999999796e-04 1.000000000000000000e+00 1.854170000000000124e-02 1.871070000000000025e-02
1.504937152999999972e+00 1.861593099999999876e-02 4.576749999999999981e-04 1.000000000000000000e+00 1.856589999999999976e-02 1.873539999999999928e-02
1.505438798999999994e+00 1.865896200000000116e-02 4.581869999999999823e-04 1.000000000000000000e+00 1.859919999999999976e-02 1.876929999999999918e-02
1.505940612000000067e+00 1.869691600000000092e-02 4.587390000000000001e-04 1.000000000000000000e+00 1.863609999999999919e-02 1.880690000000000139e-02
1.506442591999999969e+00 1.872656799999999899e-02 4.592740000000000212e-04 1.000000000000000000e+00 1.867129999999999831e-02 1.884279999999999983e-02
1.506944740000000005e+00 1.874811800000000112e-02 4.597520000000000122e-04 1.000000000000000000e+00 1.870149999999999937e-02 1.887360000000000079e-02
1.507447055000000091e+00 1.876451200000000055e-02 4.601639999999999940e-04 1.000000000000000000e+00 1.872580000000000078e-02 1.889870000000000091e-02
1.507949537000000007e+00 1.877988699999999858e-02 4.605279999999999790e-04 1.000000000000000000e+00 1.874570000000000056e-02 1.891920000000000060e-02
1.508452187000000055e+00 1.879779700000000150e-02 4.608729999999999901e-04 1.000000000000000000e+00 1.876380000000000062e-02 1.893799999999999997e-02
1.508955003999999933e+00 1.881989400000000021e-02 4.612309999999999891e-04 1.000000000000000000e+00 1.878279999999999880e-02 1.895770000000000094e-02
1.509457988999999944e+00 1.884550899999999987e-02 4.616159999999999795e-04 1.000000000000000000e+00 1.880439999999999889e-02 1.897990000000000094e-02
1.509961142000000089e+00 1.887217199999999956e-02 4.620289999999999770e-04 1.000000000000000000e+00 1.882839999999999861e-02 1.900459999999999997e-02
1.510464462000000063e+00 1.889671199999999954e-02 4.624510000000000079e-04 1.000000000000000000e+00 1.885339999999999933e-02 1.903020000000000059e-02
1.510967949999999949e+00 1.891645200000000027e-02 4.628559999999999879e-04 1.000000000000000000e+00 1.887700000000000142e-02 1.905449999999999852e-02
1.511471605999999968e+00 1.893000499999999975e-02 4.632220000000000044e-04 1.000000000000000000e+00 1.889710000000000001e-02 1.907510000000000108e-02
1.511975429999999898e+00 1.893747299999999981e-02 4.635320000000000065e-04 1.000000000000000000e+00 1.891220000000000054e-02 1.909080000000000152e-02
1.512479421999999962e+00 1.894010700000000116e-02 4.637859999999999943e-04 1.000000000000000000e+00 1.892200000000000132e-02 1.910119999999999874e-02
1.512983581999999938e+00 1.893968299999999882e-02 4.639910000000000236e-04 1.000000000000000000e+00 1.892730000000000107e-02 1.910699999999999898e-02
1.513487910000000047e+00 1.893790399999999846e-02 4.641599999999999741e-04 1.000000000000000000e+00 1.892929999999999960e-02 1.910960000000000089e-02
1.513992406000000068e+00 1.893604999999999941e-02 4.643070000000000118e-04 1.000000000000000000e+00 1.892960000000000129e-02 1.911049999999999902e-02
1.514497070000000001e+00 1.893491599999999955e-02 4.644410000000000075e-04 1.000000000000000000e+00 1.892960000000000129e-02 1.911099999999999952e-02
1.515001902000000067e+00 1.893497400000000025e-02 4.645690000000000171e-04 1.000000000000000000e+00 1.893009999999999832e-02 1.911200000000000052e-02
1.515506902999999905e+00 1.893658200000000041e-02 4.646949999999999952e-04 1.000000000000000000e+00 1.893169999999999922e-02 1.911399999999999905e-02
1.516012072000000099e+00 1.894012000000000126e-02 4.648230000000000048e-04 1.000000000000000000e+00 1.893459999999999935e-02 1.911720000000000086e-02
1.516517408999999983e+00 1.894598600000000146e-02 4.649599999999999935e-04 1.000000000000000000e+00 1.893879999999999869e-02 1.912169999999999842e-02
1.517022915000000083e+00 1.895448699999999903e-02 4.651120000000000016e-04 1.000000000000000000e+00 1.894459999999999894e-02 1.912770000000000095e-02
1.517528589000000094e+00 1.896568900000000085e-02 4.652899999999999853e-04 1.000000000000000000e+00 1.895190000000000069e-02 1.913540000000000033e-02
1.518034432000000100e+00 1.897931699999999902e-02 4.655010000000000007e-04 1.000000000000000000e+00 1.896110000000000156e-02 1.914480000000000001e-02
1.518540444000000100e+00 1.899473800000000059e-02 4.657449999999999936e-04 1.000000000000000000e+00 1.897199999999999928e-02 1.915609999999999882e-02
1.519046624000000012e+00 1.901103300000000010e-02 4.660220000000000183e-04 1.000000000000000000e+00 1.898450000000000137e-02 1.916910000000000142e-02
1.519552972999999918e+00 1.902714499999999878e-02 4.663240000000000028e-04 1.000000000000000000e+00 1.899819999999999981e-02 1.918339999999999976e-02
1.520059489999999958e+00 1.904203599999999830e-02 4.666359999999999822e-04 1.000000000000000000e+00 1.901260000000000103e-02 1.919830000000000148e-02
1.520566177000000074e+00 1.905483399999999966e-02 4.669450000000000228e-04 1.000000000000000000e+00 1.902689999999999937e-02 1.921310000000000032e-02
1.521073032000000103e+00 1.906494900000000117e-02 4.672349999999999811e-04 1.000000000000000000e+00 1.904039999999999899e-02 1.922700000000000103e-02
1.521580056999999986e+00 1.907213099999999911e-02 4.674950000000000091e-04 1.000000000000000000e+00 1.905230000000000118e-02 1.923930000000000085e-02
1.522087250000000003e+00 1.907646299999999837e-02 4.677150000000000036e-04 1.000000000000000000e+00 1.906230000000000077e-02 1.924959999999999866e-02
1.522594612000000014e+00 1.907831200000000005e-02 4.678910000000000100e-04 1.000000000000000000e+00 1.906990000000000074e-02 1.925730000000000150e-02
1.523102144000000102e+00 1.907822899999999863e-02 4.680239999999999899e-04 1.000000000000000000e+00 1.907510000000000108e-02 1.926260000000000125e-02
1.523609844999999963e+00 1.907684100000000063e-02 4.681220000000000151e-04 1.000000000000000000e+00 1.907789999999999833e-02 1.926539999999999850e-02
1.524117715000000040e+00 1.907473200000000049e-02 4.681929999999999946e-04 1.000000000000000000e+00 1.907860000000000111e-02 1.926610000000000128e-02
1.524625754000000111e+00 1.907235800000000106e-02 4.682479999999999932e-04 1.000000000000000000e+00 1.907740000000000130e-02 1.926500000000000087e-02
1.525133961999999954e+00 1.906999300000000036e-02 4.682999999999999988e-04 1.000000000000000000e+00 1.907489999999999880e-02 1.926260000000000125e-02
1.525642340000000097e+00 1.906772500000000065e-02 4.683579999999999905e-04 1.000000000000000000e+00 1.907139999999999877e-02 1.925939999999999944e-02
1.526150888000000094e+00 1.906550099999999859e-02 4.684280000000000084e-04 1.000000000000000000e+00 1.906729999999999883e-02 1.925580000000000000e-02
1.526659605000000086e+00 1.906318699999999880e-02 4.685129999999999915e-04 1.000000000000000000e+00 1.906309999999999949e-02 1.925220000000000056e-02
1.527168491000000072e+00 1.906064899999999895e-02 4.686100000000000009e-04 1.000000000000000000e+00 1.905919999999999837e-02 1.924889999999999934e-02
1.527677546999999914e+00 1.905779299999999996e-02 4.687149999999999737e-04 1.000000000000000000e+00 1.905580000000000121e-02 1.924609999999999863e-02
1.528186773000000054e+00 1.905457099999999931e-02 4.688210000000000164e-04 1.000000000000000000e+00 1.905290000000000109e-02 1.924379999999999841e-02
1.528696169000000049e+00 1.905093999999999885e-02 4.689210000000000188e-04 1.000000000000000000e+00 1.905060000000000087e-02 1.924189999999999928e-02
1.529205734000000039e+00 1.904679000000000094e-02 4.690079999999999792e-04 1.000000000000000000e+00 1.904849999999999946e-02 1.924009999999999956e-02
1.529715469999999966e+00 1.904189599999999913e-02 4.690769999999999814e-04 1.000000000000000000e+00 1.904609999999999984e-02 1.923789999999999875e-02
1.530225375000000110e+00 1.903591699999999942e-02 4.691259999999999940e-04 1.000000000000000000e+00 1.904279999999999862e-02 1.923470000000000041e-02
1.530735450000000109e+00 1.902848099999999987e-02 4.691550000000000169e-04 1.000000000000000000e+00 1.903809999999999877e-02 1.922990000000000116e-02
1.531245694999999962e+00 1.901935100000000031e-02 4.691650000000000117e-04 1.000000000000000000e+00 1.903130000000000099e-02 1.922319999999999932e-02
1.531756109999999893e+00 1.900859599999999913e-02 4.691590000000000257e-04 1.000000000000000000e+00 1.902229999999999893e-02 1.921430000000000013e-02
1.532266695999999984e+00 1.899672100000000113e-02 4.691429999999999906e-04 1.000000000000000000e+00 1.901129999999999834e-02 1.920349999999999835e-02
1.532777451000000069e+00 1.898466299999999884e-02 4.691240000000000167e-04 1.000000000000000000e+00 1.899899999999999853e-02 1.919150000000000023e-02
1.533288377000000091e+00 1.897363999999999995e-02 4.691119999999999904e-04 1.000000000000000000e+00 1.898649999999999990e-02 1.917929999999999982e-02
1.533799472999999969e+00 1.896485800000000110e-02 4.691159999999999991e-04 1.000000000000000000e+00 1.897489999999999941e-02 1.916819999999999982e-02
1.534310740000000006e+00 1.895918900000000129e-02 4.691450000000000221e-04 1.000000000000000000e+00 1.896549999999999972e-02 1.915920000000000123e-02
1.534822176000000038e+00 1.895691199999999937e-02 4.692049999999999910e-04 1.000000000000000000e+00 1.895890000000000075e-02 1.915299999999999989e-02
1.535333784000000090e+00 1.895761199999999869e-02 4.692979999999999916e-04 1.000000000000000000e+00 1.895540000000000072e-02 1.915000000000000036e-02
1.535845561999999997e+00 1.896029100000000064e-02 4.694200000000000152e-04 1.000000000000000000e+00 1.895459999999999853e-02 1.914969999999999867e-02
1.536357509999999982e+00 1.896365399999999993e-02 4.695640000000000057e-04 1.000000000000000000e+00 1.895590000000000122e-02 1.915139999999999898e-02
1.536869628999999904e+00 1.896647900000000136e-02 4.697179999999999910e-04 1.000000000000000000e+00 1.895809999999999856e-02 1.915410000000000029e-02
1.537381918999999986e+00 1.896795500000000162e-02 4.698719999999999763e-04 1.000000000000000000e+00 1.896029999999999938e-02 1.915680000000000160e-02
1.537894380000000005e+00 1.896787999999999946e-02 4.700169999999999825e-04 1.000000000000000000e+00 1.896180000000000088e-02 1.915880000000000014e-02
1.538407011000000102e+00 1.896666400000000113e-02 4.701479999999999852e-04 1.000000000000000000e+00 1.896250000000000019e-02 1.915990000000000054e-02
1.538919813999999997e+00 1.896515999999999827e-02 4.702660000000000000e-04 1.000000000000000000e+00 1.896240000000000078e-02 1.916030000000000164e-02
1.539432786999999969e+00 1.896437100000000070e-02 4.703759999999999972e-04 1.000000000000000000e+00 1.896219999999999850e-02 1.916040000000000104e-02
1.539945931000000101e+00 1.896515500000000090e-02 4.704870000000000102e-04 1.000000000000000000e+00 1.896230000000000138e-02 1.916090000000000154e-02
1.540459247000000031e+00 1.896800599999999906e-02 4.706070000000000023e-04 1.000000000000000000e+00 1.896329999999999891e-02 1.916239999999999957e-02
1.540972733000000039e+00 1.897295099999999832e-02 4.707439999999999910e-04 1.000000000000000000e+00 1.896559999999999913e-02 1.916510000000000088e-02
1.541486391000000067e+00 1.897959700000000083e-02 4.709030000000000008e-04 1.000000000000000000e+00 1.896930000000000144e-02 1.916930000000000023e-02
1.542000218999999950e+00 1.898726300000000075e-02 4.710839999999999776e-04 1.000000000000000000e+00 1.897410000000000069e-02 1.917459999999999998e-02
1.542514219000000075e+00 1.899516700000000030e-02 4.712849999999999982e-04 1.000000000000000000e+00 1.897969999999999866e-02 1.918080000000000132e-02
1.543028390999999999e+00 1.900260000000000143e-02 4.715030000000000154e-04 1.000000000000000000e+00 1.898549999999999890e-02 1.918730000000000088e-02
1.543542734000000083e+00 1.900904900000000008e-02 4.717289999999999960e-04 1.000000000000000000e+00 1.899110000000000034e-02 1.919370000000000104e-02
1.544057248000000104e+00 1.901426100000000105e-02 4.719600000000000010e-04 1.000000000000000000e+00 1.899630000000000069e-02 1.919970000000000010e-02
1.544571933999999924e+00 1.901822599999999919e-02 4.721880000000000131e-04 1.000000000000000000e+00 1.900090000000000112e-02 1.920519999999999866e-02
1.545086790999999904e+00 1.902111000000000079e-02 4.724090000000000233e-04 1.000000000000000000e+00 1.900500000000000106e-02 1.921010000000000079e-02
1.545601819999999904e+00 1.902316500000000160e-02 4.726199999999999846e-04 1.000000000000000000e+00 1.900860000000000050e-02 1.921459999999999835e-02
1.546117020999999925e+00 1.902463600000000102e-02 4.728169999999999964e-04 1.000000000000000000e+00 1.901190000000000171e-02 1.921859999999999888e-02
1.546632393000000105e+00 1.902570300000000145e-02 4.730000000000000046e-04 1.000000000000000000e+00 1.901490000000000125e-02 1.922230000000000119e-02
1.547147937000000084e+00 1.902644900000000083e-02 4.731690000000000093e-04 1.000000000000000000e+00 1.901749999999999968e-02 1.922559999999999894e-02
1.547663653000000084e+00 1.902687100000000076e-02 4.733229999999999946e-04 1.000000000000000000e+00 1.901979999999999990e-02 1.922839999999999966e-02
1.548179541000000103e+00 1.902690199999999832e-02 4.734639999999999921e-04 1.000000000000000000e+00 1.902140000000000081e-02 1.923069999999999988e-02
1.548695600999999922e+00 1.902644100000000157e-02 4.735939999999999790e-04 1.000000000000000000e+00 1.902239999999999834e-02 1.923220000000000138e-02
1.549211832999999983e+00 1.902538499999999883e-02 4.737130000000000095e-04 1.000000000000000000e+00 1.902260000000000062e-02 1.923280000000000128e-02
1.549728237000000064e+00 1.902365400000000095e-02 4.738249999999999840e-04 1.000000000000000000e+00 1.902169999999999903e-02 1.923249999999999960e-02
1.550244812999999944e+00 1.902123000000000008e-02 4.739310000000000267e-04 1.000000000000000000e+00 1.901989999999999931e-02 1.923120000000000038e-02
1.550761561000000066e+00 1.901818599999999942e-02 4.740330000000000064e-04 1.000000000000000000e+00 1.901720000000000146e-02 1.922909999999999897e-02
1.551278480999999987e+00 1.901471399999999853e-02 4.741340000000000246e-04 1.000000000000000000e+00 1.901390000000000025e-02 1.922630000000000172e-02
1.551795574000000011e+00 1.901112400000000077e-02 4.742349999999999886e-04 1.000000000000000000e+00 1.901020000000000140e-02 1.922329999999999872e-02
1.552312839000000055e+00 1.900780499999999915e-02 4.743360000000000068e-04 1.000000000000000000e+00 1.900680000000000078e-02 1.922039999999999860e-02
1.552830276999999981e+00 1.900515800000000116e-02 4.744379999999999865e-04 1.000000000000000000e+00 1.900400000000000006e-02 1.921820000000000125e-02
1.553347886999999927e+00 1.900349800000000061e-02 4.745419999999999977e-04 1.000000000000000000e+00 1.900220000000000034e-02 1.921689999999999857e-02
1.553865669999999977e+00 1.900296699999999908e-02 4.746449999999999931e-04 1.000000000000000000e+00 1.900160000000000043e-02 1.921660000000000035e-02
1.554383625000000047e+00 1.900347399999999937e-02 4.747490000000000043e-04 1.000000000000000000e+00 1.900220000000000034e-02 1.921739999999999907e-02
1.554901752999999998e+00 1.900468599999999980e-02 4.748519999999999998e-04 1.000000000000000000e+00 1.900349999999999956e-02 1.921899999999999997e-02
1.555420052999999969e+00 1.900607500000000075e-02 4.749530000000000180e-04 1.000000000000000000e+00 1.900510000000000047e-02 1.922070000000000028e-02
1.555938526999999905e+00 1.900701399999999916e-02 4.750530000000000204e-04 1.000000000000000000e+00 1.900630000000000028e-02 1.922199999999999950e-02
1.556457173000000083e+00 1.900690299999999860e-02 4.751520000000000071e-04 1.000000000000000000e+00 1.900639999999999968e-02 1.922240000000000060e-02
1.556975991999999920e+00 1.900529100000000055e-02 4.752480000000000007e-04 1.000000000000000000e+00 1.900510000000000047e-02 1.922149999999999900e-02
1.557494984000000082e+00 1.900196300000000019e-02 4.753429999999999787e-04 1.000000000000000000e+00 1.900210000000000093e-02 1.921899999999999997e-02
1.558014148999999904e+00 1.899697700000000170e-02 4.754359999999999793e-04 1.000000000000000000e+00 1.899730000000000169e-02 1.921490000000000004e-02
1.558533487000000051e+00 1.899064099999999908e-02 4.755280000000000184e-04 1.000000000000000000e+00 1.899119999999999975e-02 1.920960000000000029e-02
1.559052998000000079e+00 1.898343699999999884e-02 4.756180000000000260e-04 1.000000000000000000e+00 1.898419999999999969e-02 1.920339999999999894e-02
1.559572683000000071e+00 1.897592400000000165e-02 4.757070000000000179e-04 1.000000000000000000e+00 1.897690000000000141e-02 1.919699999999999879e-02
1.560092540000000083e+00 1.896863500000000105e-02 4.757949999999999940e-04 1.000000000000000000e+00 1.896979999999999847e-02 1.919080000000000091e-02
1.560612571000000059e+00 1.896198500000000065e-02 4.758809999999999928e-04 1.000000000000000000e+00 1.896329999999999891e-02 1.918519999999999948e-02
1.561132774999999917e+00 1.895619800000000049e-02 4.759650000000000144e-04 1.000000000000000000e+00 1.895770000000000094e-02 1.918040000000000023e-02
1.561653152999999961e+00 1.895123400000000083e-02 4.760470000000000044e-04 1.000000000000000000e+00 1.895319999999999991e-02 1.917649999999999910e-02
1.562173704000000107e+00 1.894672000000000023e-02 4.761240000000000242e-04 1.000000000000000000e+00 1.894950000000000107e-02 1.917330000000000076e-02
1.562694427999999913e+00 1.894186800000000059e-02 4.761930000000000264e-04 1.000000000000000000e+00 1.894610000000000044e-02 1.917030000000000123e-02
1.563215326999999988e+00 1.893542900000000015e-02 4.762470000000000093e-04 1.000000000000000000e+00 1.894209999999999991e-02 1.916659999999999892e-02
1.563736398000000083e+00 1.892566199999999935e-02 4.762769999999999938e-04 1.000000000000000000e+00 1.893629999999999966e-02 1.916100000000000095e-02
1.564257644000000003e+00 1.891040100000000029e-02 4.762699999999999920e-04 1.000000000000000000e+00 1.892709999999999879e-02 1.915209999999999829e-02
1.564779063000000026e+00 1.888718299999999836e-02 4.762079999999999915e-04 1.000000000000000000e+00 1.891260000000000163e-02 1.913779999999999995e-02
1.565300656000000012e+00 1.885348099999999832e-02 4.760680000000000098e-04 1.000000000000000000e+00 1.889079999999999926e-02 1.911629999999999927e-02
1.565822422999999963e+00 1.880700000000000080e-02 4.758249999999999784e-04 1.000000000000000000e+00 1.885970000000000008e-02 1.908539999999999889e-02
1.566344364000000100e+00 1.874603500000000117e-02 4.754509999999999986e-04 1.000000000000000000e+00 1.881740000000000149e-02 1.904339999999999852e-02
1.566866477999999896e+00 1.866985000000000172e-02 4.749239999999999950e-04 1.000000000000000000e+00 1.876260000000000081e-02 1.898860000000000131e-02
1.567388766999999961e+00 1.857904299999999995e-02 4.742260000000000095e-04 1.000000000000000000e+00 1.869449999999999931e-02 1.892040000000000041e-02
1.567911229999999989e+00 1.847584899999999905e-02 4.733539999999999948e-04 1.000000000000000000e+00 1.861319999999999988e-02 1.883879999999999930e-02
1.568433866999999982e+00 1.836430099999999954e-02 4.723220000000000088e-04 1.000000000000000000e+00 1.852010000000000114e-02 1.874520000000000006e-02
1.568956679000000021e+00 1.825013699999999961e-02 4.711660000000000219e-04 1.000000000000000000e+00 1.841819999999999916e-02 1.864249999999999935e-02
1.569479663999999941e+00 1.814039799999999855e-02 4.699430000000000100e-04 1.000000000000000000e+00 1.831170000000000020e-02 1.853520000000000167e-02
1.570002823999999908e+00 1.804264800000000141e-02 4.687310000000000088e-04 1.000000000000000000e+00 1.820650000000000046e-02 1.842919999999999975e-02
1.570526158000000061e+00 1.796390800000000065e-02 4.676150000000000011e-04 1.000000000000000000e+00 1.810900000000000010e-02 1.833100000000000007e-02
1.571049667000000039e+00 1.790943700000000027e-02 4.666830000000000175e-04 1.000000000000000000e+00 1.802549999999999986e-02 1.824720000000000161e-02
1.571573349999999980e+00 1.788165800000000166e-02 4.660040000000000059e-04 1.000000000000000000e+00 1.796149999999999830e-02 1.818310000000000065e-02
1.572097207999999968e+00 1.787949700000000114e-02 4.656220000000000085e-04 1.000000000000000000e+00 1.792010000000000131e-02 1.814210000000000128e-02
1.572621239999999920e+00 1.789839000000000013e-02 4.655419999999999957e-04 1.000000000000000000e+00 1.790189999999999837e-02 1.812439999999999884e-02
1.573145448000000002e+00 1.793105999999999867e-02 4.657299999999999743e-04 1.000000000000000000e+00 1.790409999999999918e-02 1.812770000000000006e-02
1.573669828999999964e+00 1.796893399999999891e-02 4.661189999999999735e-04 1.000000000000000000e+00 1.792190000000000102e-02 1.814659999999999884e-02
1.574194386000000057e+00 1.800390600000000008e-02 4.666210000000000171e-04 1.000000000000000000e+00 1.794839999999999977e-02 1.817449999999999968e-02
1.574719116999999891e+00 1.803001699999999888e-02 4.671449999999999735e-04 1.000000000000000000e+00 1.797699999999999992e-02 1.820429999999999965e-02
1.575244024000000076e+00 1.804460100000000039e-02 4.676190000000000099e-04 1.000000000000000000e+00 1.800179999999999836e-02 1.823040000000000077e-02
1.575769105000000003e+00 1.804861500000000049e-02 4.679969999999999985e-04 1.000000000000000000e+00 1.801940000000000139e-02 1.824910000000000074e-02
1.576294360999999977e+00 1.804609199999999969e-02 4.682709999999999759e-04 1.000000000000000000e+00 1.802919999999999870e-02 1.825989999999999905e-02
1.576819793000000081e+00 1.804289800000000166e-02 4.684660000000000104e-04 1.000000000000000000e+00 1.803319999999999923e-02 1.826480000000000117e-02
1.577345400000000009e+00 1.804517900000000147e-02 4.686320000000000221e-04 1.000000000000000000e+00 1.803520000000000123e-02 1.826759999999999842e-02
1.577871180999999901e+00 1.805792300000000003e-02 4.688289999999999797e-04 1.000000000000000000e+00 1.804009999999999989e-02 1.827319999999999986e-02
1.578397137999999922e+00 1.808399499999999854e-02 4.691130000000000061e-04 1.000000000000000000e+00 1.805199999999999860e-02 1.828600000000000017e-02
1.578923271000000073e+00 1.812381500000000145e-02 4.695230000000000107e-04 1.000000000000000000e+00 1.807399999999999979e-02 1.830889999999999948e-02
1.579449579000000048e+00 1.817564199999999880e-02 4.700749999999999742e-04 1.000000000000000000e+00 1.810749999999999860e-02 1.834339999999999929e-02
1.579976062000000070e+00 1.823627499999999971e-02 4.707630000000000191e-04 1.000000000000000000e+00 1.815189999999999859e-02 1.838889999999999969e-02
1.580502719999999917e+00 1.830189399999999911e-02 4.715629999999999843e-04 1.000000000000000000e+00 1.820520000000000124e-02 1.844339999999999868e-02
1.581029554999999975e+00 1.836880000000000110e-02 4.724390000000000078e-04 1.000000000000000000e+00 1.826469999999999830e-02 1.850409999999999902e-02
1.581556563999999998e+00 1.843389600000000170e-02 4.733529999999999791e-04 1.000000000000000000e+00 1.832719999999999835e-02 1.856789999999999830e-02
1.582083750000000011e+00 1.849488999999999994e-02 4.742689999999999818e-04 1.000000000000000000e+00 1.838990000000000069e-02 1.863199999999999926e-02
1.582611111000000070e+00 1.855028099999999833e-02 4.751579999999999931e-04 1.000000000000000000e+00 1.845039999999999875e-02 1.869370000000000059e-02
1.583138648000000037e+00 1.859921900000000017e-02 4.759960000000000146e-04 1.000000000000000000e+00 1.850680000000000033e-02 1.875140000000000140e-02
1.583666360999999911e+00 1.864135499999999834e-02 4.767710000000000199e-04 1.000000000000000000e+00 1.855789999999999870e-02 1.880379999999999899e-02
1.584194249999999915e+00 1.867671400000000051e-02 4.774730000000000142e-04 1.000000000000000000e+00 1.860289999999999860e-02 1.885010000000000158e-02
1.584722315000000048e+00 1.870561899999999972e-02 4.781000000000000202e-04 1.000000000000000000e+00 1.864170000000000063e-02 1.889009999999999995e-02
1.585250555000000006e+00 1.872862399999999927e-02 4.786510000000000222e-04 1.000000000000000000e+00 1.867430000000000131e-02 1.892390000000000044e-02
1.585778971999999953e+00 1.874645299999999973e-02 4.791309999999999905e-04 1.000000000000000000e+00 1.870109999999999828e-02 1.895190000000000069e-02
1.586307565000000031e+00 1.875992099999999885e-02 4.795450000000000038e-04 1.000000000000000000e+00 1.872280000000000125e-02 1.897470000000000059e-02
1.586836335000000098e+00 1.876984300000000133e-02 4.798989999999999940e-04 1.000000000000000000e+00 1.873999999999999971e-02 1.899290000000000006e-02
1.587365279999999990e+00 1.877695700000000037e-02 4.802000000000000170e-04 1.000000000000000000e+00 1.875339999999999993e-02 1.900719999999999840e-02
1.587894402000000094e+00 1.878186000000000092e-02 4.804569999999999978e-04 1.000000000000000000e+00 1.876359999999999834e-02 1.901819999999999899e-02
1.588423700000000105e+00 1.878498199999999868e-02 4.806769999999999923e-04 1.000000000000000000e+00 1.877119999999999830e-02 1.902649999999999827e-02
1.588953174000000024e+00 1.878659499999999968e-02 4.808659999999999866e-04 1.000000000000000000e+00 1.877639999999999865e-02 1.903240000000000140e-02
1.589482824999999933e+00 1.878684099999999857e-02 4.810300000000000209e-04 1.000000000000000000e+00 1.877960000000000046e-02 1.903619999999999965e-02
1.590012653000000054e+00 1.878577700000000003e-02 4.811740000000000114e-04 1.000000000000000000e+00 1.878080000000000027e-02 1.903809999999999877e-02
1.590542657000000082e+00 1.878339899999999923e-02 4.813020000000000210e-04 1.000000000000000000e+00 1.878029999999999977e-02 1.903840000000000046e-02
1.591072838000000100e+00 1.877966400000000147e-02 4.814169999999999886e-04 1.000000000000000000e+00 1.877819999999999837e-02 1.903699999999999837e-02
1.591603196000000109e+00 1.877447100000000091e-02 4.815209999999999998e-04 1.000000000000000000e+00 1.877449999999999952e-02 1.903420000000000112e-02
1.592133730000000025e+00 1.876761700000000033e-02 4.816129999999999847e-04 1.000000000000000000e+00 1.876929999999999918e-02 1.902989999999999890e-02
1.592664440999999931e+00 1.875872799999999882e-02 4.816900000000000045e-04 1.000000000000000000e+00 1.876260000000000081e-02 1.902409999999999865e-02
1.593195329999999910e+00 1.874717899999999923e-02 4.817490000000000118e-04 1.000000000000000000e+00 1.875399999999999984e-02 1.901660000000000156e-02
1.593726395000000018e+00 1.873200900000000085e-02 4.817800000000000121e-04 1.000000000000000000e+00 1.874320000000000153e-02 1.900670000000000137e-02
1.594257636999999894e+00 1.871186500000000114e-02 4.817700000000000172e-04 1.000000000000000000e+00 1.872940000000000021e-02 1.899380000000000165e-02
1.594789055999999983e+00 1.868501399999999979e-02 4.817040000000000080e-04 1.000000000000000000e+00 1.871120000000000075e-02 1.897650000000000031e-02
1.595320652000000061e+00 1.864943200000000051e-02 4.815600000000000176e-04 1.000000000000000000e+00 1.868730000000000044e-02 1.895329999999999931e-02
1.595852425999999991e+00 1.860303099999999904e-02 4.813150000000000089e-04 1.000000000000000000e+00 1.865570000000000075e-02 1.892220000000000013e-02
1.596384376999999910e+00 1.854399600000000009e-02 4.809449999999999836e-04 1.000000000000000000e+00 1.861439999999999970e-02 1.888130000000000017e-02
1.596916505000000042e+00 1.847123599999999852e-02 4.804289999999999906e-04 1.000000000000000000e+00 1.856170000000000042e-02 1.882879999999999970e-02
1.597448809999999941e+00 1.838485499999999856e-02 4.797509999999999947e-04 1.000000000000000000e+00 1.849649999999999905e-02 1.876359999999999834e-02
1.597981292999999914e+00 1.828656799999999957e-02 4.789099999999999802e-04 1.000000000000000000e+00 1.841860000000000025e-02 1.868560000000000013e-02
1.598513953999999959e+00 1.817993600000000071e-02 4.779200000000000050e-04 1.000000000000000000e+00 1.832920000000000035e-02 1.859579999999999914e-02
1.599046791999999995e+00 1.807032899999999956e-02 4.768129999999999764e-04 1.000000000000000000e+00 1.823110000000000008e-02 1.849719999999999837e-02
1.599579807000000020e+00 1.796453500000000023e-02 4.756429999999999859e-04 1.000000000000000000e+00 1.812860000000000166e-02 1.839419999999999944e-02
1.600113000999999979e+00 1.787001499999999951e-02 4.744780000000000200e-04 1.000000000000000000e+00 1.802760000000000126e-02 1.829249999999999973e-02
1.600646371999999928e+00 1.779384599999999858e-02 4.734019999999999916e-04 1.000000000000000000e+00 1.793430000000000024e-02 1.819849999999999940e-02
1.601179920000000090e+00 1.774151800000000126e-02 4.724950000000000222e-04 1.000000000000000000e+00 1.785499999999999934e-02 1.811870000000000147e-02
1.601713646999999963e+00 1.771583100000000133e-02 4.718270000000000211e-04 1.000000000000000000e+00 1.779499999999999832e-02 1.805829999999999935e-02
1.602247551999999908e+00 1.771613500000000091e-02 4.714429999999999923e-04 1.000000000000000000e+00 1.775759999999999839e-02 1.802060000000000120e-02
1.602781634000000066e+00 1.773820499999999994e-02 4.713550000000000162e-04 1.000000000000000000e+00 1.774310000000000123e-02 1.800629999999999939e-02
1.603315894999999935e+00 1.777485499999999913e-02 4.715340000000000156e-04 1.000000000000000000e+00 1.774919999999999970e-02 1.801269999999999954e-02
1.603850333000000017e+00 1.781724999999999975e-02 4.719190000000000060e-04 1.000000000000000000e+00 1.777079999999999979e-02 1.803499999999999895e-02
1.604384950000000032e+00 1.785664799999999927e-02 4.724230000000000269e-04 1.000000000000000000e+00 1.780100000000000085e-02 1.806610000000000160e-02
1.604919744999999898e+00 1.788614499999999913e-02 4.729550000000000008e-04 1.000000000000000000e+00 1.783279999999999935e-02 1.809880000000000169e-02
1.605454718000000058e+00 1.790198200000000031e-02 4.734340000000000076e-04 1.000000000000000000e+00 1.785969999999999919e-02 1.812679999999999847e-02
1.605989869999999931e+00 1.790408500000000014e-02 4.738039999999999786e-04 1.000000000000000000e+00 1.787769999999999984e-02 1.814580000000000012e-02
1.606525200000000098e+00 1.789574000000000026e-02 4.740459999999999943e-04 1.000000000000000000e+00 1.788539999999999922e-02 1.815450000000000050e-02
1.607060707999999893e+00 1.788257399999999830e-02 4.741759999999999812e-04 1.000000000000000000e+00 1.788419999999999940e-02 1.815409999999999940e-02
1.607596395000000067e+00 1.787116099999999999e-02 4.742360000000000043e-04 1.000000000000000000e+00 1.787779999999999925e-02 1.814850000000000144e-02
1.608132260999999952e+00 1.786763800000000166e-02 4.742880000000000099e-04 1.000000000000000000e+00 1.787110000000000087e-02 1.814249999999999891e-02
1.608668304999999910e+00 1.787661899999999984e-02 4.743950000000000142e-04 1.000000000000000000e+00 1.786899999999999947e-02 1.814119999999999969e-02
1.609204526999999940e+00 1.790057399999999896e-02 4.746139999999999929e-04 1.000000000000000000e+00 1.787599999999999953e-02 1.814889999999999906e-02
1.609740928999999987e+00 1.793966799999999889e-02 4.749810000000000251e-04 1.000000000000000000e+00 1.789469999999999950e-02 1.816850000000000062e-02
1.610277509000000107e+00 1.799200800000000031e-02 4.755110000000000218e-04 1.000000000000000000e+00 1.792619999999999977e-02 1.820099999999999843e-02
1.610814267999999938e+00 1.805417000000000133e-02 4.761969999999999810e-04 1.000000000000000000e+00 1.796970000000000164e-02 1.824579999999999952e-02
1.611351207000000008e+00 1.812187999999999993e-02 4.770129999999999813e-04 1.000000000000000000e+00 1.802319999999999964e-02 1.830069999999999961e-02
1.611888323999999928e+00 1.819072899999999923e-02 4.779179999999999735e-04 1.000000000000000000e+00 1.808330000000000007e-02 1.836240000000000094e-02
1.612425620000000004e+00 1.825679300000000033e-02 4.788689999999999852e-04 1.000000000000000000e+00 1.814649999999999944e-02 1.842730000000000062e-02
1.612963095000000013e+00 1.831706799999999885e-02 4.798199999999999969e-04 1.000000000000000000e+00 1.820930000000000118e-02 1.849189999999999862e-02
1.613500748999999956e+00 1.836968599999999965e-02 4.807340000000000224e-04 1.000000000000000000e+00 1.826869999999999883e-02 1.855309999999999945e-02
1.614038582999999916e+00 1.841389900000000093e-02 4.815819999999999845e-04 1.000000000000000000e+00 1.832270000000000079e-02 1.860890000000000113e-02
1.614576596000000031e+00 1.844991199999999887e-02 4.823469999999999949e-04 1.000000000000000000e+00 1.836990000000000151e-02 1.865790000000000157e-02
1.615114788000000079e+00 1.847860100000000075e-02 4.830230000000000135e-04 1.000000000000000000e+00 1.841009999999999869e-02 1.869989999999999847e-02
1.615653159999999922e+00 1.850122200000000119e-02 4.836110000000000018e-04 1.000000000000000000e+00 1.844370000000000037e-02 1.873500000000000165e-02
1.616191710999999920e+00 1.851912500000000086e-02 4.841180000000000158e-04 1.000000000000000000e+00 1.847139999999999893e-02 1.876420000000000171e-02
1.616730441000000074e+00 1.853353500000000029e-02 4.845539999999999960e-04 1.000000000000000000e+00 1.849430000000000171e-02 1.878820000000000143e-02
1.617269351000000022e+00 1.854538799999999946e-02 4.849300000000000073e-04 1.000000000000000000e+00 1.851310000000000108e-02 1.880810000000000121e-02
1.617808440999999986e+00 1.855526399999999840e-02 4.852559999999999903e-04 1.000000000000000000e+00 1.852869999999999864e-02 1.882460000000000036e-02
1.618347710999999967e+00 1.856338600000000116e-02 4.855430000000000097e-04 1.000000000000000000e+00 1.854149999999999895e-02 1.883819999999999939e-02
1.618887160000000103e+00 1.856970499999999885e-02 4.857980000000000132e-04 1.000000000000000000e+00 1.855149999999999855e-02 1.884910000000000058e-02
1.619426789000000033e+00 1.857402000000000011e-02 4.860260000000000253e-04 1.000000000000000000e+00 1.855899999999999911e-02 1.885739999999999986e-02
1.619966597999999980e+00 1.857613799999999898e-02 4.862329999999999777e-04 1.000000000000000000e+00 1.856369999999999895e-02 1.886310000000000070e-02
1.620506586999999943e+00 1.857599600000000087e-02 4.864199999999999947e-04 1.000000000000000000e+00 1.856599999999999917e-02 1.886650000000000132e-02
1.621046755000000061e+00 1.857373999999999831e-02 4.865909999999999767e-04 1.000000000000000000e+00 1.856580000000000036e-02 1.886760000000000173e-02
1.621587104000000057e+00 1.856972399999999926e-02 4.867459999999999777e-04 1.000000000000000000e+00 1.856379999999999836e-02 1.886689999999999895e-02
1.622127633000000069e+00 1.856445500000000054e-02 4.868860000000000137e-04 1.000000000000000000e+00 1.856029999999999833e-02 1.886490000000000042e-02
1.622668342999999957e+00 1.855848599999999904e-02 4.870130000000000075e-04 1.000000000000000000e+00 1.855609999999999898e-02 1.886200000000000029e-02
1.623209232000000002e+00 1.855230700000000052e-02 4.871270000000000135e-04 1.000000000000000000e+00 1.855149999999999855e-02 1.885869999999999908e-02
1.623750301999999923e+00 1.854627400000000148e-02 4.872289999999999933e-04 1.000000000000000000e+00 1.854690000000000158e-02 1.885519999999999904e-02
1.624291552000000083e+00 1.854057400000000064e-02 4.873190000000000009e-04 1.000000000000000000e+00 1.854259999999999936e-02 1.885169999999999901e-02
1.624832982000000037e+00 1.853524999999999964e-02 4.873999999999999752e-04 1.000000000000000000e+00 1.853849999999999942e-02 1.884829999999999839e-02
1.625374593000000090e+00 1.853025499999999895e-02 4.874720000000000246e-04 1.000000000000000000e+00 1.853449999999999889e-02 1.884490000000000123e-02
1.625916385000000020e+00 1.852550600000000061e-02 4.875360000000000023e-04 1.000000000000000000e+00 1.853070000000000064e-02 1.884140000000000120e-02
1.626458356999999966e+00 1.852092400000000111e-02 4.875939999999999940e-04 1.000000000000000000e+00 1.852679999999999952e-02 1.883790000000000117e-02
1.627000510000000011e+00 1.851645000000000027e-02 4.876470000000000153e-04 1.000000000000000000e+00 1.852279999999999899e-02 1.883419999999999886e-02
1.627542843000000072e+00 1.851203400000000013e-02 4.876969999999999895e-04 1.000000000000000000e+00 1.851879999999999846e-02 1.883050000000000002e-02
1.628085358000000094e+00 1.850761100000000020e-02 4.877440000000000248e-04 1.000000000000000000e+00 1.851459999999999911e-02 1.882659999999999889e-02
1.628628052999999909e+00 1.850307500000000077e-02 4.877889999999999743e-04 1.000000000000000000e+00 1.851030000000000036e-02 1.882249999999999895e-02
1.629170929000000045e+00 1.849827700000000047e-02 4.878330000000000166e-04 1.000000000000000000e+00 1.850560000000000052e-02 1.881810000000000080e-02
1.629713986000000059e+00 1.849302499999999974e-02 4.878770000000000047e-04 1.000000000000000000e+00 1.850049999999999958e-02 1.881340000000000096e-02
1.630257223999999949e+00 1.848711100000000052e-02 4.879190000000000155e-04 1.000000000000000000e+00 1.849479999999999874e-02 1.880820000000000061e-02
1.630800642999999939e+00 1.848033699999999946e-02 4.879589999999999947e-04 1.000000000000000000e+00 1.848839999999999859e-02 1.880220000000000155e-02
1.631344243000000027e+00 1.847253999999999910e-02 4.879969999999999967e-04 1.000000000000000000e+00 1.848100000000000090e-02 1.879549999999999971e-02
1.631888025000000075e+00 1.846360099999999962e-02 4.880309999999999900e-04 1.000000000000000000e+00 1.847270000000000162e-02 1.878799999999999915e-02
1.632431986999999918e+00 1.845345199999999866e-02 4.880589999999999972e-04 1.000000000000000000e+00 1.846340000000000134e-02 1.877950000000000105e-02
1.632976130999999942e+00 1.844203900000000035e-02 4.880800000000000026e-04 1.000000000000000000e+00 1.845310000000000006e-02 1.877010000000000137e-02
1.633520456999999926e+00 1.842931199999999978e-02 4.880910000000000131e-04 1.000000000000000000e+00 1.844180000000000125e-02 1.875970000000000068e-02
1.634064962999999926e+00 1.841520699999999941e-02 4.880899999999999974e-04 1.000000000000000000e+00 1.842929999999999915e-02 1.874819999999999959e-02
1.634609651999999969e+00 1.839967099999999939e-02 4.880759999999999938e-04 1.000000000000000000e+00 1.841579999999999953e-02 1.873560000000000156e-02
1.635154522000000110e+00 1.838270900000000055e-02 4.880439999999999778e-04 1.000000000000000000e+00 1.840100000000000069e-02 1.872170000000000084e-02
1.635699572999999907e+00 1.836443000000000103e-02 4.879959999999999810e-04 1.000000000000000000e+00 1.838510000000000144e-02 1.870660000000000031e-02
1.636244806000000107e+00 1.834508500000000056e-02 4.879290000000000103e-04 1.000000000000000000e+00 1.836809999999999832e-02 1.869029999999999997e-02
1.636790221000000045e+00 1.832506899999999939e-02 4.878439999999999730e-04 1.000000000000000000e+00 1.835020000000000054e-02 1.867310000000000150e-02
1.637335817999999943e+00 1.830487899999999959e-02 4.877430000000000090e-04 1.000000000000000000e+00 1.833179999999999879e-02 1.865529999999999966e-02
1.637881597000000022e+00 1.828506499999999965e-02 4.876309999999999803e-04 1.000000000000000000e+00 1.831320000000000170e-02 1.863710000000000019e-02
1.638427556999999979e+00 1.826614799999999941e-02 4.875109999999999882e-04 1.000000000000000000e+00 1.829479999999999995e-02 1.861900000000000013e-02
1.638973699999999978e+00 1.824858299999999878e-02 4.873890000000000188e-04 1.000000000000000000e+00 1.827700000000000158e-02 1.860140000000000057e-02
1.639520024000000076e+00 1.823273099999999855e-02 4.872720000000000198e-04 1.000000000000000000e+00 1.826010000000000133e-02 1.858450000000000032e-02
1.640066530999999994e+00 1.821883599999999867e-02 4.871680000000000086e-04 1.000000000000000000e+00 1.824409999999999921e-02 1.856870000000000048e-02
1.640613220000000094e+00 1.820702399999999874e-02 4.870820000000000097e-04 1.000000000000000000e+00 1.822949999999999918e-02 1.855419999999999986e-02
1.641160090999999932e+00 1.819728199999999865e-02 4.870210000000000251e-04 1.000000000000000000e+00 1.821619999999999837e-02 1.854120000000000074e-02
1.641707143999999952e+00 1.818945500000000021e-02 4.869890000000000091e-04 1.000000000000000000e+00 1.820449999999999846e-02 1.852989999999999846e-02
1.642254380000000014e+00 1.818324500000000066e-02 4.869890000000000091e-04 1.000000000000000000e+00 1.819420000000000065e-02 1.852029999999999996e-02
1.642801798000000035e+00 1.817824399999999965e-02 4.870200000000000093e-04 1.000000000000000000e+00 1.818550000000000028e-02 1.851229999999999890e-02
1.643349399000000099e+00 1.817398699999999909e-02 4.870780000000000010e-04 1.000000000000000000e+00 1.817809999999999912e-02 1.850589999999999874e-02
1.643897181999999901e+00 1.817001700000000011e-02 4.871569999999999980e-04 1.000000000000000000e+00 1.817190000000000125e-02 1.850069999999999840e-02
1.644445147000000107e+00 1.816595400000000152e-02 4.872499999999999987e-04 1.000000000000000000e+00 1.816660000000000150e-02 1.849649999999999905e-02
1.644993295999999994e+00 1.816156299999999862e-02 4.873489999999999853e-04 1.000000000000000000e+00 1.816190000000000165e-02 1.849289999999999962e-02
1.645541627000000062e+00 1.815681200000000134e-02 4.874470000000000105e-04 1.000000000000000000e+00 1.815769999999999884e-02 1.848959999999999840e-02
1.646090140999999951e+00 1.815191400000000163e-02 4.875389999999999954e-04 1.000000000000000000e+00 1.815369999999999831e-02 1.848649999999999946e-02
1.646638838000000105e+00 1.814733600000000002e-02 4.876239999999999785e-04 1.000000000000000000e+00 1.814999999999999947e-02 1.848349999999999993e-02
1.647187716999999996e+00 1.814376100000000130e-02 4.877039999999999913e-04 1.000000000000000000e+00 1.814680000000000112e-02 1.848090000000000149e-02
1.647736780000000012e+00 1.814197999999999852e-02 4.877829999999999883e-04 1.000000000000000000e+00 1.814460000000000031e-02 1.847899999999999890e-02
1.648286024999999988e+00 1.814274000000000095e-02 4.878689999999999871e-04 1.000000000000000000e+00 1.814369999999999872e-02 1.847849999999999840e-02
1.648835454000000089e+00 1.814657100000000023e-02 4.879729999999999983e-04 1.000000000000000000e+00 1.814469999999999972e-02 1.847970000000000168e-02
1.649385066000000011e+00 1.815365899999999907e-02 4.881029999999999852e-04 1.000000000000000000e+00 1.814800000000000094e-02 1.848309999999999884e-02
1.649934860999999975e+00 1.816379499999999994e-02 4.882660000000000038e-04 1.000000000000000000e+00 1.815359999999999890e-02 1.848899999999999849e-02
1.650484838999999981e+00 1.817642499999999953e-02 4.884660000000000087e-04 1.000000000000000000e+00 1.816150000000000056e-02 1.849730000000000124e-02
1.651035000999999891e+00 1.819077900000000067e-02 4.887020000000000383e-04 1.000000000000000000e+00 1.817150000000000015e-02 1.850780000000000133e-02
1.651585346000000065e+00 1.820604699999999951e-02 4.889690000000000139e-04 1.000000000000000000e+00 1.818310000000000065e-02 1.852020000000000055e-02
1.652135874000000060e+00 1.822153699999999946e-02 4.892619999999999652e-04 1.000000000000000000e+00 1.819590000000000096e-02 1.853389999999999899e-02
1.652686585999999958e+00 1.823679200000000167e-02 4.895719999999999673e-04 1.000000000000000000e+00 1.820949999999999999e-02 1.854839999999999961e-02
1.653237481999999980e+00 1.825161499999999881e-02 4.898920000000000184e-04 1.000000000000000000e+00 1.822340000000000071e-02 1.856340000000000073e-02
1.653788561000000046e+00 1.826602999999999907e-02 4.902170000000000399e-04 1.000000000000000000e+00 1.823750000000000024e-02 1.857860000000000067e-02
1.654339824000000014e+00 1.828017900000000057e-02 4.905439999999999844e-04 1.000000000000000000e+00 1.825169999999999917e-02 1.859399999999999942e-02
1.654891270000000025e+00 1.829422199999999887e-02 4.908679999999999901e-04 1.000000000000000000e+00 1.826600000000000099e-02 1.860940000000000163e-02
1.655442901000000022e+00 1.830823399999999962e-02 4.911889999999999486e-04 1.000000000000000000e+00 1.828060000000000102e-02 1.862499999999999920e-02
1.655994715000000062e+00 1.832212399999999866e-02 4.915050000000000452e-04 1.000000000000000000e+00 1.829530000000000045e-02 1.864069999999999963e-02
1.656546713000000004e+00 1.833559099999999831e-02 4.918120000000000000e-04 1.000000000000000000e+00 1.831019999999999870e-02 1.865630000000000066e-02
1.657098895000000072e+00 1.834808300000000114e-02 4.921059999999999671e-04 1.000000000000000000e+00 1.832469999999999932e-02 1.867140000000000119e-02
1.657651261999999903e+00 1.835878300000000005e-02 4.923809999999999602e-04 1.000000000000000000e+00 1.833840000000000123e-02 1.868560000000000013e-02
1.658203811999999999e+00 1.836656600000000084e-02 4.926270000000000388e-04 1.000000000000000000e+00 1.835039999999999935e-02 1.869799999999999934e-02
1.658756547000000081e+00 1.836998100000000050e-02 4.928359999999999685e-04 1.000000000000000000e+00 1.835950000000000082e-02 1.870739999999999903e-02
1.659309466000000066e+00 1.836722899999999881e-02 4.929939999999999626e-04 1.000000000000000000e+00 1.836420000000000066e-02 1.871249999999999997e-02
1.659862568999999954e+00 1.835621900000000001e-02 4.930849999999999860e-04 1.000000000000000000e+00 1.836300000000000085e-02 1.871170000000000125e-02
1.660415855999999968e+00 1.833476499999999940e-02 4.930909999999999720e-04 1.000000000000000000e+00 1.835389999999999938e-02 1.870310000000000028e-02
1.660969327999999967e+00 1.830100200000000024e-02 4.929910000000000238e-04 1.000000000000000000e+00 1.833519999999999942e-02 1.868500000000000022e-02
1.661522984999999952e+00 1.825402799999999853e-02 4.927650000000000433e-04 1.000000000000000000e+00 1.830530000000000004e-02 1.865589999999999957e-02
1.662076826000000063e+00 1.819469099999999895e-02 4.924029999999999813e-04 1.000000000000000000e+00 1.826360000000000136e-02 1.861490000000000020e-02
1.662630851000000076e+00 1.812625000000000000e-02 4.919079999999999937e-04 1.000000000000000000e+00 1.821089999999999862e-02 1.856299999999999964e-02
1.663185061999999936e+00 1.805460899999999924e-02 4.913059999999999476e-04 1.000000000000000000e+00 1.814970000000000125e-02 1.850250000000000158e-02
1.663739456999999922e+00 1.798781299999999833e-02 4.906510000000000428e-04 1.000000000000000000e+00 1.808490000000000097e-02 1.843819999999999834e-02
1.664294036000000032e+00 1.793472700000000100e-02 4.900199999999999738e-04 1.000000000000000000e+00 1.802279999999999854e-02 1.837640000000000107e-02
1.664848800999999989e+00 1.790315199999999857e-02 4.895019999999999493e-04 1.000000000000000000e+00 1.797069999999999917e-02 1.832459999999999992e-02
1.665403750999999932e+00 1.789789799999999889e-02 4.891850000000000538e-04 1.000000000000000000e+00 1.793509999999999896e-02 1.828930000000000139e-02
1.665958885000000000e+00 1.791948599999999836e-02 4.891309999999999625e-04 1.000000000000000000e+00 1.792059999999999834e-02 1.827540000000000067e-02
1.666514204999999915e+00 1.796394700000000094e-02 4.893649999999999606e-04 1.000000000000000000e+00 1.792900000000000049e-02 1.828449999999999867e-02
1.667069710000000038e+00 1.802383600000000141e-02 4.898660000000000427e-04 1.000000000000000000e+00 1.795810000000000115e-02 1.831469999999999973e-02
1.667625399999999924e+00 1.809008599999999828e-02 4.905740000000000231e-04 1.000000000000000000e+00 1.800320000000000045e-02 1.836120000000000113e-02
1.668181275000000019e+00 1.815407900000000005e-02 4.914049999999999885e-04 1.000000000000000000e+00 1.805760000000000004e-02 1.841699999999999934e-02
1.668737335000000099e+00 1.820928600000000161e-02 4.922680000000000241e-04 1.000000000000000000e+00 1.811420000000000044e-02 1.847520000000000065e-02
1.669293581000000026e+00 1.825205400000000019e-02 4.930849999999999860e-04 1.000000000000000000e+00 1.816689999999999972e-02 1.852960000000000024e-02
1.669850011999999939e+00 1.828152400000000039e-02 4.938009999999999839e-04 1.000000000000000000e+00 1.821160000000000140e-02 1.857579999999999995e-02
1.670406628999999921e+00 1.829893000000000144e-02 4.943880000000000106e-04 1.000000000000000000e+00 1.824610000000000121e-02 1.861180000000000126e-02
1.670963431000000110e+00 1.830666099999999838e-02 4.948430000000000190e-04 1.000000000000000000e+00 1.827020000000000033e-02 1.863719999999999960e-02
1.671520418999999924e+00 1.830742600000000164e-02 4.951779999999999810e-04 1.000000000000000000e+00 1.828489999999999976e-02 1.865299999999999944e-02
1.672077591999999946e+00 1.830369399999999883e-02 4.954169999999999494e-04 1.000000000000000000e+00 1.829180000000000042e-02 1.866109999999999991e-02
1.672634951000000036e+00 1.829743500000000078e-02 4.955849999999999925e-04 1.000000000000000000e+00 1.829319999999999904e-02 1.866340000000000013e-02
1.673192495999999974e+00 1.829007599999999886e-02 4.957040000000000231e-04 1.000000000000000000e+00 1.829070000000000001e-02 1.866179999999999922e-02
1.673750226999999979e+00 1.828256699999999957e-02 4.957930000000000149e-04 1.000000000000000000e+00 1.828590000000000076e-02 1.865800000000000097e-02
1.674308144000000054e+00 1.827549499999999924e-02 4.958669999999999875e-04 1.000000000000000000e+00 1.828010000000000052e-02 1.865299999999999944e-02
1.674866246999999975e+00 1.826918400000000081e-02 4.959349999999999739e-04 1.000000000000000000e+00 1.827410000000000145e-02 1.864779999999999910e-02
1.675424535000000104e+00 1.826378099999999977e-02 4.960029999999999604e-04 1.000000000000000000e+00 1.826840000000000061e-02 1.864280000000000104e-02
1.675983009999999940e+00 1.825929600000000125e-02 4.960750000000000099e-04 1.000000000000000000e+00 1.826310000000000086e-02 1.863820000000000060e-02
1.676541671000000067e+00 1.825561399999999987e-02 4.961549999999999684e-04 1.000000000000000000e+00 1.825850000000000042e-02 1.863429999999999948e-02
1.677100518999999901e+00 1.825247500000000064e-02 4.962420000000000372e-04 1.000000000000000000e+00 1.825430000000000108e-02 1.863079999999999944e-02
1.677659551999999943e+00 1.824949400000000152e-02 4.963370000000000152e-04 1.000000000000000000e+00 1.825039999999999996e-02 1.862779999999999991e-02
1.678218771999999914e+00 1.824621699999999860e-02 4.964379999999999791e-04 1.000000000000000000e+00 1.824670000000000111e-02 1.862489999999999979e-02
1.678778177999999954e+00 1.824223999999999984e-02 4.965399999999999588e-04 1.000000000000000000e+00 1.824289999999999939e-02 1.862199999999999966e-02
1.679337770999999924e+00 1.823734499999999856e-02 4.966389999999999997e-04 1.000000000000000000e+00 1.823879999999999946e-02 1.861880000000000132e-02
1.679897549999999962e+00 1.823162099999999994e-02 4.967290000000000073e-04 1.000000000000000000e+00 1.823429999999999843e-02 1.861519999999999841e-02
1.680457515999999929e+00 1.822548300000000066e-02 4.968089999999999659e-04 1.000000000000000000e+00 1.822959999999999858e-02 1.861120000000000135e-02
1.681017667999999965e+00 1.821960400000000035e-02 4.968769999999999524e-04 1.000000000000000000e+00 1.822489999999999874e-02 1.860710000000000142e-02
1.681578008000000013e+00 1.821475800000000103e-02 4.969389999999999528e-04 1.000000000000000000e+00 1.822059999999999999e-02 1.860320000000000029e-02
1.682138533999999908e+00 1.821163400000000085e-02 4.969990000000000302e-04 1.000000000000000000e+00 1.821719999999999937e-02 1.860010000000000135e-02
1.682699246999999954e+00 1.821065200000000078e-02 4.970639999999999694e-04 1.000000000000000000e+00 1.821510000000000143e-02 1.859809999999999935e-02
1.683260146000000068e+00 1.821186099999999933e-02 4.971409999999999892e-04 1.000000000000000000e+00 1.821450000000000152e-02 1.859759999999999885e-02
1.683821232999999973e+00 1.821491500000000166e-02 4.972330000000000283e-04 1.000000000000000000e+00 1.821549999999999905e-02 1.859859999999999985e-02
1.684382507000000029e+00 1.821914700000000151e-02 4.973409999999999940e-04 1.000000000000000000e+00 1.821789999999999868e-02 1.860099999999999948e-02
1.684943968000000014e+00 1.822371199999999955e-02 4.974610000000000403e-04 1.000000000000000000e+00 1.822119999999999990e-02 1.860430000000000070e-02
1.685505615999999929e+00 1.822776300000000099e-02 4.975889999999999957e-04 1.000000000000000000e+00 1.822469999999999993e-02 1.860790000000000013e-02
1.686067450999999995e+00 1.823059299999999980e-02 4.977169999999999511e-04 1.000000000000000000e+00 1.822789999999999827e-02 1.861130000000000076e-02
1.686629472999999990e+00 1.823175599999999827e-02 4.978400000000000446e-04 1.000000000000000000e+00 1.823019999999999849e-02 1.861379999999999979e-02
1.687191682999999998e+00 1.823111300000000018e-02 4.979519999999999650e-04 1.000000000000000000e+00 1.823110000000000008e-02 1.861509999999999901e-02
1.687754079999999934e+00 1.822886300000000140e-02 4.980520000000000216e-04 1.000000000000000000e+00 1.823059999999999958e-02 1.861490000000000020e-02
1.688316665000000105e+00 1.822552300000000042e-02 4.981389999999999820e-04 1.000000000000000000e+00 1.822870000000000046e-02 1.861350000000000157e-02
1.688879436999999983e+00 1.822186099999999892e-02 4.982149999999999860e-04 1.000000000000000000e+00 1.822609999999999855e-02 1.861130000000000076e-02
1.689442397000000096e+00 1.821875800000000156e-02 4.982870000000000354e-04 1.000000000000000000e+00 1.822319999999999843e-02 1.860880000000000173e-02
1.690005544999999998e+00 1.821702199999999938e-02 4.983599999999999922e-04 1.000000000000000000e+00 1.822100000000000108e-02 1.860689999999999913e-02
1.690568880000000052e+00 1.821718699999999927e-02 4.984390000000000435e-04 1.000000000000000000e+00 1.821990000000000068e-02 1.860600000000000101e-02
1.691132402999999895e+00 1.821938400000000166e-02 4.985290000000000511e-04 1.000000000000000000e+00 1.822050000000000058e-02 1.860670000000000032e-02
1.691696112999999890e+00 1.822332000000000118e-02 4.986320000000000465e-04 1.000000000000000000e+00 1.822299999999999962e-02 1.860909999999999995e-02
1.692260011999999980e+00 1.822839199999999951e-02 4.987439999999999669e-04 1.000000000000000000e+00 1.822709999999999955e-02 1.861300000000000107e-02
1.692824099000000082e+00 1.823387300000000114e-02 4.988609999999999659e-04 1.000000000000000000e+00 1.823239999999999930e-02 1.861789999999999973e-02
1.693388373999999974e+00 1.823911500000000019e-02 4.989760000000000419e-04 1.000000000000000000e+00 1.823819999999999955e-02 1.862329999999999888e-02
1.693952836000000017e+00 1.824368999999999991e-02 4.990840000000000077e-04 1.000000000000000000e+00 1.824409999999999921e-02 1.862859999999999863e-02
1.694517486999999933e+00 1.824743200000000093e-02 4.991789999999999856e-04 1.000000000000000000e+00 1.824949999999999836e-02 1.863329999999999848e-02
1.695082326000000084e+00 1.825039800000000101e-02 4.992609999999999756e-04 1.000000000000000000e+00 1.825409999999999880e-02 1.863710000000000019e-02
1.695647354000000107e+00 1.825274600000000025e-02 4.993330000000000251e-04 1.000000000000000000e+00 1.825759999999999883e-02 1.864000000000000032e-02
1.696212569999999920e+00 1.825462099999999865e-02 4.993979999999999643e-04 1.000000000000000000e+00 1.825999999999999845e-02 1.864180000000000004e-02
1.696777973999999967e+00 1.825605500000000020e-02 4.994619999999999962e-04 1.000000000000000000e+00 1.826130000000000114e-02 1.864270000000000163e-02
1.697343567000000109e+00 1.825693800000000033e-02 4.995279999999999512e-04 1.000000000000000000e+00 1.826159999999999936e-02 1.864280000000000104e-02
1.697909348000000040e+00 1.825707799999999950e-02 4.996010000000000164e-04 1.000000000000000000e+00 1.826109999999999886e-02 1.864220000000000113e-02
1.698475316999999984e+00 1.825629000000000141e-02 4.996780000000000362e-04 1.000000000000000000e+00 1.825979999999999964e-02 1.864110000000000072e-02
1.699041476000000106e+00 1.825449900000000042e-02 4.997579999999999948e-04 1.000000000000000000e+00 1.825790000000000052e-02 1.863959999999999922e-02
1.699607823000000018e+00 1.825179299999999880e-02 4.998379999999999533e-04 1.000000000000000000e+00 1.825550000000000089e-02 1.863760000000000069e-02
1.700174359000000024e+00 1.824839799999999901e-02 4.999130000000000500e-04 1.000000000000000000e+00 1.825289999999999899e-02 1.863530000000000048e-02
1.700741083999999903e+00 1.824458400000000119e-02 4.999810000000000365e-04 1.000000000000000000e+00 1.825020000000000114e-02 1.863280000000000144e-02
1.701307998000000099e+00 1.824053900000000006e-02 5.000379999999999582e-04 1.000000000000000000e+00 1.824759999999999924e-02 1.863029999999999894e-02
1.701875100000000085e+00 1.823628700000000033e-02 5.000820000000000005e-04 1.000000000000000000e+00 1.824519999999999961e-02 1.862760000000000110e-02
1.702442392000000027e+00 1.823166099999999970e-02 5.001110000000000234e-04 1.000000000000000000e+00 1.824270000000000058e-02 1.862480000000000038e-02
1.703009873000000063e+00 1.822639300000000045e-02 5.001199999999999483e-04 1.000000000000000000e+00 1.823999999999999927e-02 1.862149999999999916e-02
1.703577542999999972e+00 1.822027600000000053e-02 5.001089999999999919e-04 1.000000000000000000e+00 1.823649999999999924e-02 1.861729999999999982e-02
1.704145401999999976e+00 1.821335899999999841e-02 5.000760000000000144e-04 1.000000000000000000e+00 1.823220000000000049e-02 1.861209999999999948e-02
1.704713450000000075e+00 1.820612300000000114e-02 5.000259999999999861e-04 1.000000000000000000e+00 1.822690000000000074e-02 1.860579999999999873e-02
1.705281687999999907e+00 1.819955499999999921e-02 4.999639999999999857e-04 1.000000000000000000e+00 1.822090000000000168e-02 1.859890000000000154e-02
1.705850115000000056e+00 1.819507199999999963e-02 4.999050000000000325e-04 1.000000000000000000e+00 1.821510000000000143e-02 1.859219999999999970e-02
1.706418731999999938e+00 1.819428000000000017e-02 4.998640000000000375e-04 1.000000000000000000e+00 1.821079999999999921e-02 1.858689999999999995e-02
1.706987537999999915e+00 1.819860499999999964e-02 4.998609999999999902e-04 1.000000000000000000e+00 1.820919999999999830e-02 1.858450000000000032e-02
1.707556534000000070e+00 1.820888999999999841e-02 4.999110000000000185e-04 1.000000000000000000e+00 1.821189999999999962e-02 1.858639999999999945e-02
1.708125719999999959e+00 1.822507799999999872e-02 5.000239999999999546e-04 1.000000000000000000e+00 1.821969999999999840e-02 1.859349999999999892e-02
1.708695094999999942e+00 1.824609599999999984e-02 5.002029999999999541e-04 1.000000000000000000e+00 1.823289999999999980e-02 1.860600000000000101e-02
1.709264660000000102e+00 1.827001500000000056e-02 5.004379999999999679e-04 1.000000000000000000e+00 1.825090000000000046e-02 1.862319999999999948e-02
1.709834414999999996e+00 1.829445799999999955e-02 5.007090000000000065e-04 1.000000000000000000e+00 1.827219999999999886e-02 1.864379999999999857e-02
1.710404360000000068e+00 1.831717600000000098e-02 5.009920000000000172e-04 1.000000000000000000e+00 1.829510000000000164e-02 1.866579999999999975e-02
1.710974494000000012e+00 1.833658700000000141e-02 5.012620000000000400e-04 1.000000000000000000e+00 1.831750000000000045e-02 1.868730000000000044e-02
1.711544818999999995e+00 1.835215000000000110e-02 5.015010000000000084e-04 1.000000000000000000e+00 1.833800000000000013e-02 1.870669999999999972e-02
1.712115333999999933e+00 1.836443499999999840e-02 5.016979999999999660e-04 1.000000000000000000e+00 1.835550000000000029e-02 1.872309999999999947e-02
1.712686039000000049e+00 1.837485999999999980e-02 5.018559999999999601e-04 1.000000000000000000e+00 1.837019999999999972e-02 1.873649999999999968e-02
1.713256934999999981e+00 1.838517900000000149e-02 5.019889999999999942e-04 1.000000000000000000e+00 1.838269999999999835e-02 1.874779999999999849e-02
1.713828020000000008e+00 1.839687200000000161e-02 5.021129999999999951e-04 1.000000000000000000e+00 1.839419999999999944e-02 1.875809999999999977e-02
1.714399296000000072e+00 1.841060400000000055e-02 5.022470000000000450e-04 1.000000000000000000e+00 1.840589999999999934e-02 1.876869999999999927e-02
1.714970762999999954e+00 1.842591099999999968e-02 5.024009999999999761e-04 1.000000000000000000e+00 1.841840000000000144e-02 1.878029999999999977e-02
1.715542420000000012e+00 1.844118999999999967e-02 5.025760000000000210e-04 1.000000000000000000e+00 1.843169999999999878e-02 1.879279999999999839e-02
1.716114267000000027e+00 1.845400100000000113e-02 5.027589999999999750e-04 1.000000000000000000e+00 1.844470000000000137e-02 1.880530000000000049e-02
1.716686305000000079e+00 1.846160900000000035e-02 5.029280000000000339e-04 1.000000000000000000e+00 1.845580000000000137e-02 1.881599999999999939e-02
1.717258533999999948e+00 1.846163600000000002e-02 5.030570000000000050e-04 1.000000000000000000e+00 1.846269999999999856e-02 1.882259999999999836e-02
1.717830952999999994e+00 1.845268400000000045e-02 5.031210000000000369e-04 1.000000000000000000e+00 1.846350000000000074e-02 1.882309999999999886e-02
1.718403563999999939e+00 1.843475300000000164e-02 5.031010000000000473e-04 1.000000000000000000e+00 1.845669999999999950e-02 1.881609999999999880e-02
1.718976365000000062e+00 1.840936300000000150e-02 5.029939999999999889e-04 1.000000000000000000e+00 1.844209999999999947e-02 1.880139999999999936e-02
1.719549357000000001e+00 1.837932999999999928e-02 5.028069999999999718e-04 1.000000000000000000e+00 1.842080000000000106e-02 1.878000000000000155e-02
1.720122539999999978e+00 1.834825699999999976e-02 5.025649999999999562e-04 1.000000000000000000e+00 1.839479999999999935e-02 1.875380000000000102e-02
1.720695913999999993e+00 1.831986500000000115e-02 5.022989999999999964e-04 1.000000000000000000e+00 1.836700000000000138e-02 1.872580000000000078e-02
1.721269479999999907e+00 1.829738300000000040e-02 5.020450000000000086e-04 1.000000000000000000e+00 1.834070000000000145e-02 1.869919999999999916e-02
1.721843235999999999e+00 1.828305900000000081e-02 5.018369999999999862e-04 1.000000000000000000e+00 1.831860000000000085e-02 1.867680000000000035e-02
1.722417183999999990e+00 1.827793200000000021e-02 5.017020000000000290e-04 1.000000000000000000e+00 1.830299999999999983e-02 1.866090000000000110e-02
1.722991323000000019e+00 1.828181599999999934e-02 5.016550000000000479e-04 1.000000000000000000e+00 1.829499999999999876e-02 1.865249999999999894e-02
1.723565653000000086e+00 1.829344299999999951e-02 5.017030000000000448e-04 1.000000000000000000e+00 1.829489999999999936e-02 1.865199999999999844e-02
1.724140175000000053e+00 1.831070900000000140e-02 5.018400000000000334e-04 1.000000000000000000e+00 1.830189999999999942e-02 1.865870000000000029e-02
1.724714888999999918e+00 1.833098400000000155e-02 5.020499999999999789e-04 1.000000000000000000e+00 1.831440000000000151e-02 1.867100000000000010e-02
1.725289794000000043e+00 1.835145100000000126e-02 5.023099999999999527e-04 1.000000000000000000e+00 1.833040000000000017e-02 1.868699999999999875e-02
1.725864889999999985e+00 1.836945699999999876e-02 5.025919999999999476e-04 1.000000000000000000e+00 1.834739999999999982e-02 1.870410000000000128e-02
1.726440178999999908e+00 1.838281599999999974e-02 5.028679999999999565e-04 1.000000000000000000e+00 1.836339999999999847e-02 1.872029999999999875e-02
1.727015659000000092e+00 1.839005999999999974e-02 5.031109999999999879e-04 1.000000000000000000e+00 1.837619999999999879e-02 1.873340000000000075e-02
1.727591330999999952e+00 1.839060199999999895e-02 5.033010000000000522e-04 1.000000000000000000e+00 1.838460000000000094e-02 1.874200000000000171e-02
1.728167194000000073e+00 1.838482199999999858e-02 5.034230000000000215e-04 1.000000000000000000e+00 1.838779999999999928e-02 1.874529999999999946e-02
1.728743249999999954e+00 1.837406399999999898e-02 5.034739999999999572e-04 1.000000000000000000e+00 1.838580000000000075e-02 1.874320000000000153e-02
1.729319497999999955e+00 1.836049600000000045e-02 5.034599999999999536e-04 1.000000000000000000e+00 1.837950000000000000e-02 1.873659999999999909e-02
1.729895938000000077e+00 1.834678699999999982e-02 5.033989999999999689e-04 1.000000000000000000e+00 1.837019999999999972e-02 1.872690000000000118e-02
1.730472570000000099e+00 1.833560899999999924e-02 5.033159999999999631e-04 1.000000000000000000e+00 1.835979999999999904e-02 1.871609999999999940e-02
1.731049394000000019e+00 1.832899099999999934e-02 5.032399999999999591e-04 1.000000000000000000e+00 1.835039999999999935e-02 1.870600000000000041e-02
1.731626410000000060e+00 1.832780200000000068e-02 5.031979999999999483e-04 1.000000000000000000e+00 1.834349999999999870e-02 1.869859999999999925e-02
1.732203619000000083e+00 1.833153200000000108e-02 5.032079999999999973e-04 1.000000000000000000e+00 1.834010000000000154e-02 1.869480000000000100e-02
1.732781020000000005e+00 1.833853300000000061e-02 5.032759999999999838e-04 1.000000000000000000e+00 1.834020000000000095e-02 1.869480000000000100e-02
1.733358613999999909e+00 1.834665599999999938e-02 5.033950000000000143e-04 1.000000000000000000e+00 1.834289999999999879e-02 1.869760000000000172e-02
1.733936399999999933e+00 1.835397899999999943e-02 5.035470000000000224e-04 1.000000000000000000e+00 1.834720000000000101e-02 1.870219999999999869e-02
1.734514378999999940e+00 1.835933999999999830e-02 5.037169999999999885e-04 1.000000000000000000e+00 1.835159999999999916e-02 1.870720000000000022e-02
1.735092550000000067e+00 1.836242500000000166e-02 5.038869999999999547e-04 1.000000000000000000e+00 1.835530000000000148e-02 1.871159999999999837e-02
1.735670915000000036e+00 1.836345899999999864e-02 5.040490000000000118e-04 1.000000000000000000e+00 1.835789999999999991e-02 1.871499999999999900e-02
1.736249471999999905e+00 1.836271800000000010e-02 5.041960000000000495e-04 1.000000000000000000e+00 1.835929999999999854e-02 1.871729999999999922e-02
1.736828220999999894e+00 1.836016999999999857e-02 5.043229999999999892e-04 1.000000000000000000e+00 1.835960000000000023e-02 1.871820000000000081e-02
1.737407163999999948e+00 1.835548999999999861e-02 5.044249999999999689e-04 1.000000000000000000e+00 1.835849999999999982e-02 1.871770000000000031e-02
1.737986299999999984e+00 1.834835300000000127e-02 5.044949999999999869e-04 1.000000000000000000e+00 1.835559999999999969e-02 1.871530000000000069e-02
1.738565629000000001e+00 1.833881000000000053e-02 5.045299999999999958e-04 1.000000000000000000e+00 1.835049999999999876e-02 1.871050000000000144e-02
1.739145149999999918e+00 1.832744199999999934e-02 5.045310000000000116e-04 1.000000000000000000e+00 1.834310000000000107e-02 1.870339999999999850e-02
1.739724865999999981e+00 1.831512799999999996e-02 5.045050000000000359e-04 1.000000000000000000e+00 1.833349999999999910e-02 1.869399999999999881e-02
1.740304773999999943e+00 1.830255700000000055e-02 5.044609999999999936e-04 1.000000000000000000e+00 1.832239999999999910e-02 1.868310000000000110e-02
1.740884875000000109e+00 1.828966300000000114e-02 5.044099999999999496e-04 1.000000000000000000e+00 1.831019999999999870e-02 1.867129999999999831e-02
1.741465169999999896e+00 1.827542600000000086e-02 5.043520000000000121e-04 1.000000000000000000e+00 1.829719999999999958e-02 1.865860000000000088e-02
1.742045658999999969e+00 1.825818200000000127e-02 5.042789999999999469e-04 1.000000000000000000e+00 1.828290000000000123e-02 1.864460000000000076e-02
1.742626341000000023e+00 1.823643700000000117e-02 5.041719999999999969e-04 1.000000000000000000e+00 1.826650000000000149e-02 1.862839999999999982e-02
1.743207216000000059e+00 1.820989699999999920e-02 5.040140000000000028e-04 1.000000000000000000e+00 1.824709999999999874e-02 1.860900000000000054e-02
1.743788284999999938e+00 1.818026899999999890e-02 5.037969999999999471e-04 1.000000000000000000e+00 1.822440000000000171e-02 1.858610000000000123e-02
1.744369548000000103e+00 1.815140000000000156e-02 5.035340000000000345e-04 1.000000000000000000e+00 1.819950000000000040e-02 1.856069999999999942e-02
1.744951004000000028e+00 1.812857600000000041e-02 5.032599999999999487e-04 1.000000000000000000e+00 1.817480000000000137e-02 1.853540000000000049e-02
1.745532655000000100e+00 1.811710500000000140e-02 5.030289999999999978e-04 1.000000000000000000e+00 1.815409999999999940e-02 1.851409999999999861e-02
1.746114498999999931e+00 1.812064799999999962e-02 5.028990000000000109e-04 1.000000000000000000e+00 1.814150000000000137e-02 1.850080000000000127e-02
1.746696537000000049e+00 1.813990000000000047e-02 5.029190000000000006e-04 1.000000000000000000e+00 1.814009999999999928e-02 1.849889999999999868e-02
1.747278769000000009e+00 1.817218699999999937e-02 5.031109999999999879e-04 1.000000000000000000e+00 1.815109999999999987e-02 1.850970000000000046e-02
1.747861195999999895e+00 1.821214900000000039e-02 5.034630000000000008e-04 1.000000000000000000e+00 1.817339999999999928e-02 1.853219999999999867e-02
1.748443815999999984e+00 1.825323599999999907e-02 5.039309999999999970e-04 1.000000000000000000e+00 1.820379999999999915e-02 1.856290000000000023e-02
1.749026630999999998e+00 1.828941900000000120e-02 5.044550000000000076e-04 1.000000000000000000e+00 1.823740000000000083e-02 1.859709999999999835e-02
1.749609638999999994e+00 1.831646199999999863e-02 5.049679999999999534e-04 1.000000000000000000e+00 1.826969999999999983e-02 1.862990000000000132e-02
1.750192842999999998e+00 1.833235999999999893e-02 5.054150000000000526e-04 1.000000000000000000e+00 1.829659999999999967e-02 1.865740000000000107e-02
1.750776239999999984e+00 1.833698699999999904e-02 5.057580000000000322e-04 1.000000000000000000e+00 1.831570000000000073e-02 1.867689999999999975e-02
1.751359831999999894e+00 1.833139900000000169e-02 5.059790000000000424e-04 1.000000000000000000e+00 1.832589999999999913e-02 1.868739999999999984e-02
1.751943618999999952e+00 1.831726100000000135e-02 5.060719999999999889e-04 1.000000000000000000e+00 1.832750000000000004e-02 1.868890000000000134e-02
1.752527600000000074e+00 1.829669600000000118e-02 5.060439999999999817e-04 1.000000000000000000e+00 1.832109999999999989e-02 1.868210000000000010e-02
1.753111775999999900e+00 1.827249699999999866e-02 5.059109999999999475e-04 1.000000000000000000e+00 1.830829999999999957e-02 1.866850000000000107e-02
1.753696147000000094e+00 1.824833699999999989e-02 5.057030000000000336e-04 1.000000000000000000e+00 1.829100000000000170e-02 1.865030000000000160e-02
1.754280711999999909e+00 1.822858499999999854e-02 5.054620000000000337e-04 1.000000000000000000e+00 1.827200000000000005e-02 1.863029999999999894e-02
1.754865472000000093e+00 1.821758500000000142e-02 5.052420000000000392e-04 1.000000000000000000e+00 1.825459999999999930e-02 1.861190000000000067e-02
1.755450426999999980e+00 1.821844499999999978e-02 5.050999999999999717e-04 1.000000000000000000e+00 1.824249999999999830e-02 1.859900000000000095e-02
1.756035578000000097e+00 1.823192499999999952e-02 5.050820000000000136e-04 1.000000000000000000e+00 1.823839999999999836e-02 1.859449999999999992e-02
1.756620923000000056e+00 1.825580799999999837e-02 5.052130000000000162e-04 1.000000000000000000e+00 1.824390000000000039e-02 1.859999999999999848e-02
1.757206462999999941e+00 1.828513000000000013e-02 5.054830000000000391e-04 1.000000000000000000e+00 1.825819999999999874e-02 1.861459999999999851e-02
1.757792199000000055e+00 1.831321799999999916e-02 5.058480000000000398e-04 1.000000000000000000e+00 1.827849999999999961e-02 1.863559999999999869e-02
1.758378129000000012e+00 1.833320999999999909e-02 5.062390000000000162e-04 1.000000000000000000e+00 1.830029999999999851e-02 1.865829999999999919e-02
1.758964254999999977e+00 1.833948599999999859e-02 5.065760000000000098e-04 1.000000000000000000e+00 1.831839999999999857e-02 1.867709999999999856e-02
1.759550576999999949e+00 1.832858799999999982e-02 5.067820000000000007e-04 1.000000000000000000e+00 1.832780000000000173e-02 1.868679999999999994e-02
1.760137094000000069e+00 1.829940399999999828e-02 5.068019999999999903e-04 1.000000000000000000e+00 1.832440000000000110e-02 1.868339999999999931e-02
1.760723805999999891e+00 1.825284599999999965e-02 5.066030000000000012e-04 1.000000000000000000e+00 1.830580000000000054e-02 1.866430000000000172e-02
1.761310713999999944e+00 1.819141399999999950e-02 5.061790000000000473e-04 1.000000000000000000e+00 1.827130000000000074e-02 1.862890000000000032e-02
1.761897816999999922e+00 1.811902400000000093e-02 5.055510000000000255e-04 1.000000000000000000e+00 1.822179999999999980e-02 1.857810000000000017e-02
1.762485116999999990e+00 1.804115900000000106e-02 5.047609999999999467e-04 1.000000000000000000e+00 1.815999999999999906e-02 1.851490000000000080e-02
1.763072611999999983e+00 1.796508900000000006e-02 5.038739999999999669e-04 1.000000000000000000e+00 1.809070000000000122e-02 1.844389999999999918e-02
1.763660302999999985e+00 1.789954599999999882e-02 5.029750000000000150e-04 1.000000000000000000e+00 1.802010000000000070e-02 1.837170000000000122e-02
1.764248188999999911e+00 1.785355200000000170e-02 5.021659999999999622e-04 1.000000000000000000e+00 1.795599999999999974e-02 1.830609999999999876e-02
1.764836271999999928e+00 1.783444500000000085e-02 5.015529999999999598e-04 1.000000000000000000e+00 1.790660000000000168e-02 1.825550000000000089e-02
1.765424550999999953e+00 1.784568699999999897e-02 5.012239999999999838e-04 1.000000000000000000e+00 1.787860000000000144e-02 1.822669999999999846e-02
1.766013025999999986e+00 1.788545100000000013e-02 5.012330000000000171e-04 1.000000000000000000e+00 1.787599999999999953e-02 1.822369999999999893e-02
1.766601697000000026e+00 1.794667100000000085e-02 5.015780000000000282e-04 1.000000000000000000e+00 1.789850000000000121e-02 1.824630000000000002e-02
1.767190564000000075e+00 1.801867500000000136e-02 5.022040000000000184e-04 1.000000000000000000e+00 1.794190000000000021e-02 1.829010000000000011e-02
1.767779627999999992e+00 1.808982599999999982e-02 5.030090000000000082e-04 1.000000000000000000e+00 1.799840000000000120e-02 1.834730000000000041e-02
1.768368887000000056e+00 1.815003899999999976e-02 5.038720000000000438e-04 1.000000000000000000e+00 1.805920000000000095e-02 1.840879999999999947e-02
1.768958344000000071e+00 1.819240600000000124e-02 5.046760000000000178e-04 1.000000000000000000e+00 1.811530000000000085e-02 1.846570000000000156e-02
1.769547996000000012e+00 1.821349200000000126e-02 5.053259999999999523e-04 1.000000000000000000e+00 1.816009999999999847e-02 1.851099999999999968e-02
1.770137845999999904e+00 1.821270700000000159e-02 5.057580000000000322e-04 1.000000000000000000e+00 1.818880000000000149e-02 1.853990000000000152e-02
1.770727892000000026e+00 1.819127300000000086e-02 5.059389999999999547e-04 1.000000000000000000e+00 1.819919999999999871e-02 1.855000000000000052e-02
1.771318133999999933e+00 1.815155599999999925e-02 5.058620000000000434e-04 1.000000000000000000e+00 1.819070000000000062e-02 1.854089999999999905e-02
1.771908574000000014e+00 1.809681600000000168e-02 5.055399999999999608e-04 1.000000000000000000e+00 1.816430000000000128e-02 1.851349999999999871e-02
1.772499210000000103e+00 1.803118299999999924e-02 5.050049999999999938e-04 1.000000000000000000e+00 1.812209999999999863e-02 1.846990000000000090e-02
1.773090043000000060e+00 1.795946099999999948e-02 5.043029999999999995e-04 1.000000000000000000e+00 1.806730000000000141e-02 1.841359999999999872e-02
1.773681073000000108e+00 1.788660099999999850e-02 5.034910000000000080e-04 1.000000000000000000e+00 1.800380000000000036e-02 1.834859999999999963e-02
1.774272300000000024e+00 1.781678399999999871e-02 5.026300000000000039e-04 1.000000000000000000e+00 1.793600000000000055e-02 1.827940000000000120e-02
1.774863724000000031e+00 1.775273200000000023e-02 5.017749999999999858e-04 1.000000000000000000e+00 1.786799999999999847e-02 1.821000000000000049e-02
1.775455344999999907e+00 1.769542299999999832e-02 5.009689999999999803e-04 1.000000000000000000e+00 1.780270000000000116e-02 1.814359999999999931e-02
1.776047163999999956e+00 1.764449100000000173e-02 5.002350000000000243e-04 1.000000000000000000e+00 1.774210000000000023e-02 1.808200000000000085e-02
1.776639180000000096e+00 1.759891900000000106e-02 4.995800000000000110e-04 1.000000000000000000e+00 1.768679999999999905e-02 1.802609999999999976e-02
1.777231393000000104e+00 1.755774300000000065e-02 4.990010000000000018e-04 1.000000000000000000e+00 1.763690000000000049e-02 1.797560000000000130e-02
1.777823802999999980e+00 1.752024599999999974e-02 4.984879999999999476e-04 1.000000000000000000e+00 1.759200000000000000e-02 1.793029999999999971e-02
1.778416411000000030e+00 1.748555400000000037e-02 4.980300000000000005e-04 1.000000000000000000e+00 1.755129999999999885e-02 1.788930000000000034e-02
1.779009217000000032e+00 1.745193000000000091e-02 4.976130000000000483e-04 1.000000000000000000e+00 1.751379999999999951e-02 1.785159999999999872e-02
1.779602219999999901e+00 1.741621299999999983e-02 4.972139999999999459e-04 1.000000000000000000e+00 1.747780000000000167e-02 1.781539999999999860e-02
1.780195420000000084e+00 1.737399099999999835e-02 4.967969999999999938e-04 1.000000000000000000e+00 1.744060000000000055e-02 1.777799999999999866e-02
1.780788819000000078e+00 1.732076100000000049e-02 4.963119999999999468e-04 1.000000000000000000e+00 1.739850000000000077e-02 1.773560000000000067e-02
1.781382414999999941e+00 1.725387299999999943e-02 4.957110000000000249e-04 1.000000000000000000e+00 1.734820000000000112e-02 1.768480000000000052e-02
1.781976208999999978e+00 1.717459099999999947e-02 4.949569999999999708e-04 1.000000000000000000e+00 1.728750000000000078e-02 1.762319999999999859e-02
1.782570200999999965e+00 1.708932900000000032e-02 4.940570000000000031e-04 1.000000000000000000e+00 1.721719999999999848e-02 1.755169999999999994e-02
1.783164390999999904e+00 1.700911999999999910e-02 4.930660000000000121e-04 1.000000000000000000e+00 1.714150000000000049e-02 1.747459999999999986e-02
1.783758779000000017e+00 1.694717000000000098e-02 4.920950000000000107e-04 1.000000000000000000e+00 1.706859999999999974e-02 1.740010000000000168e-02
1.784353365999999941e+00 1.691482399999999844e-02 4.912830000000000192e-04 1.000000000000000000e+00 1.700820000000000110e-02 1.733809999999999865e-02
1.784948149999999956e+00 1.691742499999999982e-02 4.907660000000000104e-04 1.000000000000000000e+00 1.696920000000000026e-02 1.729800000000000088e-02
1.785543133000000005e+00 1.695150700000000107e-02 4.906280000000000059e-04 1.000000000000000000e+00 1.695680000000000104e-02 1.728489999999999888e-02
1.786138314000000005e+00 1.700447700000000048e-02 4.908650000000000513e-04 1.000000000000000000e+00 1.696989999999999957e-02 1.729800000000000088e-02
1.786733692999999956e+00 1.705724999999999950e-02 4.913720000000000110e-04 1.000000000000000000e+00 1.700079999999999994e-02 1.732919999999999947e-02
1.787329270999999942e+00 1.708885200000000160e-02 4.919640000000000081e-04 1.000000000000000000e+00 1.703609999999999847e-02 1.736520000000000077e-02
1.787925047999999961e+00 1.708168499999999923e-02 4.924120000000000146e-04 1.000000000000000000e+00 1.705989999999999937e-02 1.738970000000000099e-02
1.788521022999999932e+00 1.702586700000000008e-02 4.925010000000000065e-04 1.000000000000000000e+00 1.705769999999999856e-02 1.738769999999999899e-02
1.789117196000000076e+00 1.692133499999999915e-02 4.920770000000000526e-04 1.000000000000000000e+00 1.701930000000000109e-02 1.734880000000000103e-02
1.789713568999999893e+00 1.677745400000000067e-02 4.910840000000000300e-04 1.000000000000000000e+00 1.694139999999999882e-02 1.726950000000000013e-02
1.790310140000000105e+00 1.661031099999999913e-02 4.895709999999999515e-04 1.000000000000000000e+00 1.682799999999999921e-02 1.715399999999999911e-02
1.790906909999999908e+00 1.643875800000000123e-02 4.876750000000000225e-04 1.000000000000000000e+00 1.668899999999999897e-02 1.701240000000000044e-02
1.791503878999999966e+00 1.628010699999999852e-02 4.855929999999999839e-04 1.000000000000000000e+00 1.653829999999999883e-02 1.685870000000000077e-02
1.792101047000000058e+00 1.614655099999999857e-02 4.835309999999999890e-04 1.000000000000000000e+00 1.638960000000000070e-02 1.670709999999999903e-02
1.792698413999999962e+00 1.604286099999999854e-02 4.816639999999999745e-04 1.000000000000000000e+00 1.625450000000000159e-02 1.656960000000000030e-02
1.793295979999999901e+00 1.596563299999999991e-02 4.800960000000000058e-04 1.000000000000000000e+00 1.613950000000000107e-02 1.645260000000000125e-02
1.793893745000000095e+00 1.590385000000000063e-02 4.788379999999999850e-04 1.000000000000000000e+00 1.604500000000000023e-02 1.635669999999999832e-02
1.794491709999999962e+00 1.584063000000000138e-02 4.778030000000000059e-04 1.000000000000000000e+00 1.596480000000000121e-02 1.627549999999999830e-02
1.795089874000000085e+00 1.575573699999999883e-02 4.768160000000000237e-04 1.000000000000000000e+00 1.588720000000000063e-02 1.619709999999999900e-02
1.795688237000000020e+00 1.562877099999999964e-02 4.756389999999999772e-04 1.000000000000000000e+00 1.579670000000000032e-02 1.610549999999999829e-02
1.796286800000000072e+00 1.544316500000000002e-02 4.740130000000000168e-04 1.000000000000000000e+00 1.567630000000000065e-02 1.598329999999999890e-02
1.796885561999999936e+00 1.519038200000000054e-02 4.717009999999999888e-04 1.000000000000000000e+00 1.551089999999999934e-02 1.581509999999999860e-02
1.797484523999999917e+00 1.487378800000000063e-02 4.685439999999999917e-04 1.000000000000000000e+00 1.529110000000000018e-02 1.559119999999999950e-02
1.798083686000000014e+00 1.451054700000000038e-02 4.645140000000000185e-04 1.000000000000000000e+00 1.501629999999999979e-02 1.531099999999999996e-02
1.798683046999999924e+00 1.413027600000000064e-02 4.597490000000000192e-04 1.000000000000000000e+00 1.469699999999999999e-02 1.498520000000000060e-02
1.799282607999999950e+00 1.376982399999999995e-02 4.545519999999999942e-04 1.000000000000000000e+00 1.435400000000000044e-02 1.463519999999999925e-02
1.799882369000000093e+00 1.346474100000000056e-02 4.493559999999999850e-04 1.000000000000000000e+00 1.401559999999999959e-02 1.428980000000000007e-02
1.800482329000000048e+00 1.324004999999999974e-02 4.446289999999999878e-04 1.000000000000000000e+00 1.371089999999999982e-02 1.397890000000000070e-02
1.801082489999999980e+00 1.310346100000000027e-02 4.407670000000000034e-04 1.000000000000000000e+00 1.346349999999999977e-02 1.372639999999999971e-02
1.801682851000000030e+00 1.304376600000000004e-02 4.379850000000000019e-04 1.000000000000000000e+00 1.328520000000000048e-02 1.354449999999999925e-02
1.802283411999999974e+00 1.303527099999999932e-02 4.362689999999999797e-04 1.000000000000000000e+00 1.317369999999999999e-02 1.343079999999999968e-02
1.802884173000000034e+00 1.304671200000000024e-02 4.353970000000000192e-04 1.000000000000000000e+00 1.311449999999999942e-02 1.337059999999999985e-02
1.803485135000000072e+00 1.305122899999999926e-02 4.350250000000000167e-04 1.000000000000000000e+00 1.308649999999999917e-02 1.334210000000000083e-02
1.804086295999999923e+00 1.303338199999999961e-02 4.348069999999999995e-04 1.000000000000000000e+00 1.306840000000000085e-02 1.332370000000000082e-02
1.804687657999999972e+00 1.299051300000000041e-02 4.344899999999999956e-04 1.000000000000000000e+00 1.304459999999999995e-02 1.329959999999999996e-02
1.805289221000000000e+00 1.292850700000000054e-02 4.339489999999999884e-04 1.000000000000000000e+00 1.300770000000000051e-02 1.326190000000000008e-02
1.805890983999999921e+00 1.285440000000000020e-02 4.331709999999999901e-04 1.000000000000000000e+00 1.295660000000000041e-02 1.320969999999999957e-02
1.806492948000000043e+00 1.276969199999999915e-02 4.321799999999999991e-04 1.000000000000000000e+00 1.289260000000000059e-02 1.314440000000000053e-02
1.807095112000000059e+00 1.266805600000000046e-02 4.309739999999999838e-04 1.000000000000000000e+00 1.281520000000000055e-02 1.306530000000000018e-02
1.807697477000000053e+00 1.253813099999999923e-02 4.294829999999999807e-04 1.000000000000000000e+00 1.271970000000000045e-02 1.296789999999999922e-02
1.808300043000000024e+00 1.237033199999999951e-02 4.275880000000000132e-04 1.000000000000000000e+00 1.259859999999999973e-02 1.284450000000000001e-02
1.808902809999999972e+00 1.216375299999999937e-02 4.251799999999999915e-04 1.000000000000000000e+00 1.244549999999999997e-02 1.268870000000000067e-02
1.809505777000000037e+00 1.192947800000000030e-02 4.222389999999999802e-04 1.000000000000000000e+00 1.225940000000000016e-02 1.249940000000000079e-02
1.810108945999999941e+00 1.168860099999999985e-02 4.188729999999999992e-04 1.000000000000000000e+00 1.204769999999999973e-02 1.228409999999999919e-02
1.810712314999999961e+00 1.146567199999999967e-02 4.153180000000000240e-04 1.000000000000000000e+00 1.182500000000000044e-02 1.205789999999999987e-02
1.811315886000000042e+00 1.128060900000000047e-02 4.118799999999999935e-04 1.000000000000000000e+00 1.161000000000000053e-02 1.183960000000000047e-02
1.811919658000000100e+00 1.114250699999999941e-02 4.088410000000000113e-04 1.000000000000000000e+00 1.141960000000000024e-02 1.164650000000000060e-02
1.812523630999999913e+00 1.104772099999999993e-02 4.063760000000000137e-04 1.000000000000000000e+00 1.126410000000000085e-02 1.148899999999999921e-02
1.813127806000000009e+00 1.098210300000000000e-02 4.045030000000000132e-04 1.000000000000000000e+00 1.114500000000000039e-02 1.136840000000000073e-02
1.813732182000000082e+00 1.092549399999999914e-02 4.030889999999999755e-04 1.000000000000000000e+00 1.105470000000000064e-02 1.127700000000000057e-02
1.814336758999999910e+00 1.085623299999999986e-02 4.018849999999999918e-04 1.000000000000000000e+00 1.097949999999999968e-02 1.120059999999999979e-02
1.814941538000000021e+00 1.075429500000000052e-02 4.005829999999999829e-04 1.000000000000000000e+00 1.090200000000000023e-02 1.112149999999999944e-02
1.815546518999999970e+00 1.060317199999999925e-02 3.988679999999999765e-04 1.000000000000000000e+00 1.080389999999999996e-02 1.102110000000000069e-02
1.816151700999999896e+00 1.039202699999999986e-02 3.964530000000000072e-04 1.000000000000000000e+00 1.066869999999999971e-02 1.088270000000000036e-02
1.816757085000000105e+00 1.011906400000000053e-02 3.931259999999999898e-04 1.000000000000000000e+00 1.048450000000000076e-02 1.069409999999999979e-02
1.817362670000000069e+00 9.795629000000000142e-03 3.888030000000000110e-04 1.000000000000000000e+00 1.024680000000000035e-02 1.045090000000000081e-02
1.817968457999999954e+00 9.448840199999999218e-03 3.835889999999999894e-04 1.000000000000000000e+00 9.962159999999999418e-03 1.015989999999999949e-02
1.818574447000000038e+00 9.120264100000000790e-03 3.778300000000000061e-04 1.000000000000000000e+00 9.650409999999999891e-03 9.841469999999999732e-03
1.819180639000000044e+00 8.858544100000000782e-03 3.721160000000000266e-04 1.000000000000000000e+00 9.343610000000000457e-03 9.528369999999999548e-03
1.819787032000000027e+00 8.707096500000000711e-03 3.672039999999999896e-04 1.000000000000000000e+00 9.080939999999999152e-03 9.260549999999999338e-03
1.820393627999999930e+00 8.689969299999999314e-03 3.638410000000000017e-04 1.000000000000000000e+00 8.899550000000000863e-03 9.075889999999999652e-03
1.821000425999999894e+00 8.801421999999999718e-03 3.625370000000000155e-04 1.000000000000000000e+00 8.823889999999999165e-03 8.999250000000000305e-03
1.821607425999999919e+00 9.003272399999999800e-03 3.633579999999999861e-04 1.000000000000000000e+00 8.856799999999999742e-03 9.033470000000000041e-03
1.822214629000000086e+00 9.232246600000000580e-03 3.658450000000000048e-04 1.000000000000000000e+00 8.975920000000000079e-03 9.155659999999999493e-03
1.822822034000000091e+00 9.415426799999999583e-03 3.691100000000000218e-04 1.000000000000000000e+00 9.137170000000000014e-03 9.320770000000000791e-03
1.823429640999999934e+00 9.488856099999999974e-03 3.720659999999999983e-04 1.000000000000000000e+00 9.284680000000000016e-03 9.471780000000000824e-03
1.824037450999999921e+00 9.413057699999999653e-03 3.736909999999999971e-04 1.000000000000000000e+00 9.364139999999999964e-03 9.553270000000000858e-03
1.824645462999999967e+00 9.180779199999999224e-03 3.732440000000000063e-04 1.000000000000000000e+00 9.335509999999999989e-03 9.524380000000000693e-03
1.825253677999999935e+00 8.815200800000000739e-03 3.703849999999999851e-04 1.000000000000000000e+00 9.181119999999999212e-03 9.367119999999999613e-03
1.825862096000000045e+00 8.360643500000000672e-03 3.651880000000000143e-04 1.000000000000000000e+00 8.907409999999999287e-03 9.088099999999999998e-03
1.826470717000000077e+00 7.869785699999999606e-03 3.580759999999999781e-04 1.000000000000000000e+00 8.540650000000000325e-03 8.714110000000000605e-03
1.827079541000000029e+00 7.391733000000000157e-03 3.497010000000000049e-04 1.000000000000000000e+00 8.118739999999999291e-03 8.283850000000000588e-03
1.827688567000000042e+00 6.963766599999999911e-03 3.408129999999999775e-04 1.000000000000000000e+00 7.682220000000000021e-03 7.838650000000000825e-03
1.828297797000000058e+00 6.607439799999999946e-03 3.321250000000000092e-04 1.000000000000000000e+00 7.266520000000000271e-03 7.414640000000000120e-03
1.828907228999999912e+00 6.327983100000000166e-03 3.241970000000000268e-04 1.000000000000000000e+00 6.896799999999999806e-03 7.037459999999999723e-03
1.829516864999999992e+00 6.115837199999999904e-03 3.173609999999999994e-04 1.000000000000000000e+00 6.585439999999999697e-03 6.719740000000000088e-03
1.830126703999999993e+00 5.949648400000000226e-03 3.116719999999999799e-04 1.000000000000000000e+00 6.331749999999999705e-03 6.460750000000000347e-03
1.830736745999999915e+00 5.800492499999999711e-03 3.069160000000000139e-04 1.000000000000000000e+00 6.123469999999999781e-03 6.248019999999999963e-03
1.831346992000000062e+00 5.637465300000000026e-03 3.026600000000000058e-04 1.000000000000000000e+00 5.939950000000000264e-03 6.060499999999999915e-03
1.831957440999999909e+00 5.434419900000000102e-03 2.983500000000000149e-04 1.000000000000000000e+00 5.756700000000000012e-03 5.873259999999999939e-03
1.832568092999999898e+00 5.176319100000000006e-03 2.934410000000000252e-04 1.000000000000000000e+00 5.551010000000000319e-03 5.663170000000000356e-03
1.833178948999999891e+00 4.863553500000000231e-03 2.875250000000000093e-04 1.000000000000000000e+00 5.307390000000000371e-03 5.414440000000000398e-03
1.833790009000000110e+00 4.512458399999999710e-03 2.804300000000000239e-04 1.000000000000000000e+00 5.021590000000000255e-03 5.122759999999999640e-03
1.834401272000000027e+00 4.151462199999999929e-03 2.722779999999999840e-04 1.000000000000000000e+00 4.701999999999999583e-03 4.796700000000000096e-03
1.835012738999999948e+00 3.813938599999999995e-03 2.634819999999999957e-04 1.000000000000000000e+00 4.367710000000000342e-03 4.455709999999999879e-03
1.835624410000000095e+00 3.530063300000000053e-03 2.546730000000000196e-04 1.000000000000000000e+00 4.043820000000000053e-03 4.125379999999999672e-03
1.836236285000000024e+00 3.320593499999999892e-03 2.465740000000000011e-04 1.000000000000000000e+00 3.755580000000000116e-03 3.831479999999999955e-03
1.836848363999999956e+00 3.194620500000000182e-03 2.398620000000000016e-04 1.000000000000000000e+00 3.523360000000000120e-03 3.594759999999999796e-03
1.837460646999999891e+00 3.151661400000000182e-03 2.350409999999999880e-04 1.000000000000000000e+00 3.359879999999999985e-03 3.428169999999999915e-03
1.838073132999999970e+00 3.186475700000000050e-03 2.323939999999999979e-04 1.000000000000000000e+00 3.270460000000000207e-03 3.337150000000000099e-03
1.838685823999999913e+00 3.293978999999999831e-03 2.320079999999999918e-04 1.000000000000000000e+00 3.255549999999999850e-03 3.322129999999999962e-03
1.839298719999999943e+00 3.471366999999999942e-03 2.338499999999999921e-04 1.000000000000000000e+00 3.313640000000000075e-03 3.381560000000000035e-03
1.839911818999999893e+00 3.716049600000000119e-03 2.378090000000000130e-04 1.000000000000000000e+00 3.442820000000000082e-03 3.513500000000000130e-03
1.840525122999999930e+00 4.020181599999999612e-03 2.436869999999999997e-04 1.000000000000000000e+00 3.639859999999999970e-03 3.714620000000000075e-03
1.841138632000000053e+00 4.364478300000000296e-03 2.511260000000000076e-04 1.000000000000000000e+00 3.896800000000000177e-03 3.976819999999999834e-03
1.841752344999999957e+00 4.714767800000000189e-03 2.595329999999999968e-04 1.000000000000000000e+00 4.196860000000000174e-03 4.282979999999999600e-03
1.842366262000000088e+00 5.024384699999999600e-03 2.680790000000000061e-04 1.000000000000000000e+00 4.512010000000000326e-03 4.604500000000000086e-03
1.842980384000000083e+00 5.243078800000000247e-03 2.757769999999999991e-04 1.000000000000000000e+00 4.804369999999999648e-03 4.902749999999999990e-03
1.843594710999999942e+00 5.330496799999999945e-03 2.816459999999999797e-04 1.000000000000000000e+00 5.032250000000000265e-03 5.135210000000000295e-03
1.844209242000000026e+00 5.269652399999999806e-03 2.849060000000000264e-04 1.000000000000000000e+00 5.159849999999999680e-03 5.265350000000000238e-03
1.844823979000000058e+00 5.075324400000000118e-03 2.851549999999999896e-04 1.000000000000000000e+00 5.167539999999999981e-03 5.273169999999999767e-03
1.845438920000000094e+00 4.793300399999999607e-03 2.824969999999999890e-04 1.000000000000000000e+00 5.059209999999999749e-03 5.162639999999999590e-03
1.846054065999999994e+00 4.489944400000000189e-03 2.775820000000000132e-04 1.000000000000000000e+00 4.863440000000000124e-03 4.962920000000000005e-03
1.846669418000000062e+00 4.234809800000000242e-03 2.715330000000000174e-04 1.000000000000000000e+00 4.627540000000000299e-03 4.722320000000000337e-03
1.847284973999999913e+00 4.082011299999999641e-03 2.657359999999999779e-04 1.000000000000000000e+00 4.405880000000000039e-03 4.496290000000000009e-03
1.847900735999999933e+00 4.056426099999999729e-03 2.615110000000000243e-04 1.000000000000000000e+00 4.245960000000000012e-03 4.333329999999999821e-03
1.848516703000000039e+00 4.148998800000000368e-03 2.597359999999999947e-04 1.000000000000000000e+00 4.176710000000000145e-03 4.262949999999999726e-03
1.849132875000000009e+00 4.322327299999999609e-03 2.605789999999999864e-04 1.000000000000000000e+00 4.202509999999999579e-03 4.289610000000000124e-03
1.849749252999999927e+00 4.524002800000000331e-03 2.635010000000000238e-04 1.000000000000000000e+00 4.304500000000000166e-03 4.394040000000000099e-03
1.850365835999999931e+00 4.702866800000000264e-03 2.675099999999999917e-04 1.000000000000000000e+00 4.448279999999999769e-03 4.541110000000000112e-03
1.850982624000000021e+00 4.822878899999999934e-03 2.715279999999999929e-04 1.000000000000000000e+00 4.595120000000000281e-03 4.691250000000000107e-03
1.851599618999999919e+00 4.870375599999999909e-03 2.747080000000000268e-04 1.000000000000000000e+00 4.712809999999999569e-03 4.811560000000000316e-03
1.852216818999999903e+00 4.853492800000000322e-03 2.765959999999999925e-04 1.000000000000000000e+00 4.782989999999999985e-03 4.883290000000000200e-03
1.852834223999999974e+00 4.795155300000000266e-03 2.771529999999999805e-04 1.000000000000000000e+00 4.803230000000000346e-03 4.903959999999999743e-03
1.853451836000000075e+00 4.723097400000000022e-03 2.766609999999999859e-04 1.000000000000000000e+00 4.784110000000000272e-03 4.884359999999999917e-03
1.854069653000000040e+00 4.660855099999999807e-03 2.755769999999999943e-04 1.000000000000000000e+00 4.743149999999999797e-03 4.842400000000000176e-03
1.854687675999999952e+00 4.622773999999999633e-03 2.743740000000000263e-04 1.000000000000000000e+00 4.698429999999999968e-03 4.796560000000000060e-03
1.855305905000000033e+00 4.613866000000000321e-03 2.734279999999999849e-04 1.000000000000000000e+00 4.663920000000000218e-03 4.761129999999999703e-03
1.855924340999999922e+00 4.633381899999999658e-03 2.729709999999999992e-04 1.000000000000000000e+00 4.647939999999999711e-03 4.744629999999999681e-03
1.856542981999999897e+00 4.679725499999999767e-03 2.731149999999999897e-04 1.000000000000000000e+00 4.654300000000000104e-03 4.750970000000000193e-03
1.857161829999999902e+00 4.754200499999999829e-03 2.739199999999999795e-04 1.000000000000000000e+00 4.684989999999999988e-03 4.782230000000000161e-03
1.857780884000000077e+00 4.861870899999999780e-03 2.754580000000000179e-04 1.000000000000000000e+00 4.742719999999999748e-03 4.841159999999999734e-03
1.858400143999999976e+00 5.009114099999999875e-03 2.778300000000000149e-04 1.000000000000000000e+00 4.831819999999999692e-03 4.932200000000000299e-03
1.859019610999999905e+00 5.199067400000000061e-03 2.811390000000000200e-04 1.000000000000000000e+00 4.957060000000000112e-03 5.060209999999999882e-03
1.859639284000000004e+00 5.426985799999999895e-03 2.854070000000000001e-04 1.000000000000000000e+00 5.120770000000000183e-03 5.227550000000000079e-03
1.860259163999999910e+00 5.677646100000000202e-03 2.905040000000000226e-04 1.000000000000000000e+00 5.319619999999999731e-03 5.430810000000000325e-03
1.860879249999999985e+00 5.926165500000000336e-03 2.961099999999999822e-04 1.000000000000000000e+00 5.542400000000000278e-03 5.658520000000000216e-03
1.861499543000000090e+00 6.141916300000000405e-03 3.017350000000000240e-04 1.000000000000000000e+00 5.770100000000000229e-03 5.891229999999999904e-03
1.862120043000000003e+00 6.293950000000000412e-03 3.067960000000000218e-04 1.000000000000000000e+00 5.978029999999999629e-03 6.103749999999999801e-03
1.862740749999999945e+00 6.355845799999999997e-03 3.106970000000000239e-04 1.000000000000000000e+00 6.139539999999999755e-03 6.268840000000000350e-03
1.863361663000000057e+00 6.308773200000000227e-03 3.129089999999999953e-04 1.000000000000000000e+00 6.229819999999999629e-03 6.361180000000000133e-03
1.863982784000000059e+00 6.142680699999999994e-03 3.130039999999999732e-04 1.000000000000000000e+00 6.228850000000000185e-03 6.360310000000000095e-03
1.864604111000000009e+00 5.856659699999999975e-03 3.106739999999999871e-04 1.000000000000000000e+00 6.123359999999999567e-03 6.252709999999999865e-03
1.865225646000000070e+00 5.459477299999999575e-03 3.057369999999999901e-04 1.000000000000000000e+00 5.908100000000000331e-03 6.033000000000000168e-03
1.865847387999999940e+00 4.970222499999999571e-03 2.981460000000000013e-04 1.000000000000000000e+00 5.586699999999999999e-03 5.704909999999999669e-03
1.866469337000000062e+00 4.418243999999999991e-03 2.880210000000000127e-04 1.000000000000000000e+00 5.172419999999999622e-03 5.281949999999999666e-03
1.867091492999999991e+00 3.840976199999999920e-03 2.756710000000000107e-04 1.000000000000000000e+00 4.687909999999999994e-03 4.787269999999999720e-03
1.867713857000000033e+00 3.279531500000000196e-03 2.616229999999999988e-04 1.000000000000000000e+00 4.163680000000000332e-03 4.252019999999999585e-03
1.868336428999999965e+00 2.772668900000000141e-03 2.466139999999999804e-04 1.000000000000000000e+00 3.634689999999999883e-03 3.711869999999999926e-03
1.868959207000000067e+00 2.351245000000000071e-03 2.315519999999999948e-04 1.000000000000000000e+00 3.135849999999999922e-03 3.202519999999999933e-03
1.869582193999999919e+00 2.034729700000000117e-03 2.174439999999999869e-04 1.000000000000000000e+00 2.697510000000000185e-03 2.754939999999999993e-03
1.870205388000000024e+00 1.830826100000000059e-03 2.052889999999999923e-04 1.000000000000000000e+00 2.342129999999999993e-03 2.392060000000000106e-03
1.870828790000000019e+00 1.737963400000000058e-03 1.959540000000000012e-04 1.000000000000000000e+00 2.083039999999999978e-03 2.127509999999999991e-03
1.871452399000000044e+00 1.749322100000000020e-03 1.900570000000000135e-04 1.000000000000000000e+00 1.925349999999999935e-03 1.966519999999999813e-03
1.872076217000000042e+00 1.857032399999999916e-03 1.879030000000000067e-04 1.000000000000000000e+00 1.868389999999999938e-03 1.908399999999999984e-03
1.872700242000000070e+00 2.055019700000000182e-03 1.894870000000000105e-04 1.000000000000000000e+00 1.908559999999999901e-03 1.949479999999999963e-03
1.873324476000000072e+00 2.339905499999999933e-03 1.945720000000000067e-04 1.000000000000000000e+00 2.041789999999999924e-03 2.085619999999999835e-03
1.873948917000000103e+00 2.709834600000000145e-03 2.027809999999999953e-04 1.000000000000000000e+00 2.264799999999999973e-03 2.313480000000000137e-03
1.874573567000000107e+00 3.161565600000000066e-03 2.136630000000000040e-04 1.000000000000000000e+00 2.574700000000000079e-03 2.630130000000000055e-03
1.875198425000000002e+00 3.686906499999999948e-03 2.267079999999999985e-04 1.000000000000000000e+00 2.967360000000000050e-03 3.031369999999999811e-03
1.875823491000000010e+00 4.269626200000000392e-03 2.413360000000000082e-04 1.000000000000000000e+00 3.434899999999999846e-03 3.509149999999999943e-03
1.876448764999999907e+00 4.884379700000000130e-03 2.568889999999999997e-04 1.000000000000000000e+00 3.963350000000000033e-03 4.049239999999999957e-03
1.877074248000000001e+00 5.498386299999999741e-03 2.726539999999999953e-04 1.000000000000000000e+00 4.531659999999999855e-03 4.630129999999999663e-03
1.877699938999999985e+00 6.075947899999999818e-03 2.879110000000000154e-04 1.000000000000000000e+00 5.112529999999999679e-03 5.223929999999999893e-03
1.878325838999999942e+00 6.584648700000000042e-03 3.020019999999999996e-04 1.000000000000000000e+00 5.675490000000000049e-03 5.799499999999999968e-03
1.878951948000000094e+00 7.001309800000000104e-03 3.144050000000000230e-04 1.000000000000000000e+00 6.191320000000000157e-03 6.326970000000000337e-03
1.879578264999999915e+00 7.316093099999999676e-03 3.247829999999999836e-04 1.000000000000000000e+00 6.636829999999999813e-03 6.782630000000000429e-03
1.880204790999999931e+00 7.533719399999999622e-03 3.330210000000000223e-04 1.000000000000000000e+00 6.998569999999999965e-03 7.152689999999999743e-03
1.880831525999999920e+00 7.671673700000000186e-03 3.392199999999999946e-04 1.000000000000000000e+00 7.274639999999999752e-03 7.435179999999999567e-03
1.881458470000000105e+00 7.756331400000000126e-03 3.436760000000000075e-04 1.000000000000000000e+00 7.474279999999999813e-03 7.639520000000000338e-03
1.882085623000000041e+00 7.817815699999999465e-03 3.468270000000000185e-04 1.000000000000000000e+00 7.615580000000000266e-03 7.784160000000000038e-03
1.882712984999999950e+00 7.884146599999999200e-03 3.491899999999999822e-04 1.000000000000000000e+00 7.721699999999999744e-03 7.892760000000000400e-03
1.883340556000000054e+00 7.975274200000000147e-03 3.512689999999999736e-04 1.000000000000000000e+00 7.816089999999999496e-03 7.989319999999999408e-03
1.883968335999999910e+00 8.097859699999999591e-03 3.534610000000000096e-04 1.000000000000000000e+00 7.917439999999999548e-03 8.092919999999999975e-03
1.884596326000000044e+00 8.242137300000000610e-03 3.559589999999999846e-04 1.000000000000000000e+00 8.034950000000000772e-03 8.213009999999999755e-03
1.885224524000000068e+00 8.382496899999999571e-03 3.586940000000000050e-04 1.000000000000000000e+00 8.165220000000000811e-03 8.346120000000000275e-03
1.885852933000000009e+00 8.482931100000000446e-03 3.613360000000000248e-04 1.000000000000000000e+00 8.292000000000000759e-03 8.475659999999999444e-03
1.886481550000000063e+00 8.506560899999999689e-03 3.633670000000000194e-04 1.000000000000000000e+00 8.389469999999999567e-03 8.575259999999999480e-03
1.887110376999999950e+00 8.427254900000000215e-03 3.642200000000000060e-04 1.000000000000000000e+00 8.429070000000000312e-03 8.615700000000000441e-03
1.887739413999999893e+00 8.239557099999999384e-03 3.634439999999999850e-04 1.000000000000000000e+00 8.388079999999999148e-03 8.573789999999999537e-03
1.888368660999999893e+00 7.963551600000000341e-03 3.608460000000000075e-04 1.000000000000000000e+00 8.257810000000000844e-03 8.440619999999999373e-03
1.888998117000000088e+00 7.642553899999999720e-03 3.565950000000000239e-04 1.000000000000000000e+00 8.048470000000000277e-03 8.226640000000000341e-03
1.889627782999999894e+00 7.333759599999999795e-03 3.512400000000000049e-04 1.000000000000000000e+00 7.789110000000000131e-03 7.961539999999999589e-03
1.890257658999999979e+00 7.094323799999999874e-03 3.456350000000000069e-04 1.000000000000000000e+00 7.522080000000000433e-03 7.688610000000000236e-03
1.890887744999999898e+00 6.966675099999999898e-03 3.407679999999999737e-04 1.000000000000000000e+00 7.293370000000000408e-03 7.454869999999999726e-03
1.891518041000000094e+00 6.966811100000000305e-03 3.375140000000000215e-04 1.000000000000000000e+00 7.141279999999999850e-03 7.299469999999999743e-03
1.892148546999999903e+00 7.078771700000000000e-03 3.363759999999999927e-04 1.000000000000000000e+00 7.086280000000000356e-03 7.243359999999999903e-03
1.892779262999999990e+00 7.256792500000000361e-03 3.373040000000000218e-04 1.000000000000000000e+00 7.124909999999999924e-03 7.282979999999999662e-03
1.893410188999999910e+00 7.434793900000000177e-03 3.396739999999999872e-04 1.000000000000000000e+00 7.229099999999999589e-03 7.389660000000000152e-03
1.894041325999999970e+00 7.541300699999999718e-03 3.424389999999999921e-04 1.000000000000000000e+00 7.351650000000000372e-03 7.515159999999999896e-03
1.894672673000000085e+00 7.516560099999999855e-03 3.443879999999999966e-04 1.000000000000000000e+00 7.436589999999999867e-03 7.602239999999999692e-03
1.895304230999999895e+00 7.327443999999999798e-03 3.444209999999999741e-04 1.000000000000000000e+00 7.432239999999999680e-03 7.598070000000000171e-03
1.895935998999999983e+00 6.976126899999999902e-03 3.417779999999999928e-04 1.000000000000000000e+00 7.303729999999999598e-03 7.466989999999999739e-03
1.896567976999999905e+00 6.499854900000000095e-03 3.361840000000000054e-04 1.000000000000000000e+00 7.041699999999999696e-03 7.199439999999999659e-03
1.897200167000000048e+00 5.961357999999999935e-03 3.279000000000000014e-04 1.000000000000000000e+00 6.664630000000000380e-03 6.814279999999999816e-03
1.897832567000000026e+00 5.432645699999999640e-03 3.176799999999999806e-04 1.000000000000000000e+00 6.213960000000000143e-03 6.353870000000000177e-03
1.898465177999999920e+00 4.977032999999999631e-03 3.066340000000000190e-04 1.000000000000000000e+00 5.743540000000000104e-03 5.873269999999999880e-03
1.899097999000000092e+00 4.634793600000000104e-03 2.959999999999999849e-04 1.000000000000000000e+00 5.306360000000000417e-03 5.426629999999999995e-03
1.899731032000000042e+00 4.416875599999999999e-03 2.868650000000000258e-04 1.000000000000000000e+00 4.942580000000000237e-03 5.055020000000000346e-03
1.900364275999999908e+00 4.307892600000000002e-03 2.799160000000000081e-04 1.000000000000000000e+00 4.672469999999999749e-03 4.779150000000000238e-03
1.900997730000000052e+00 4.276928999999999627e-03 2.753139999999999732e-04 1.000000000000000000e+00 4.495850000000000020e-03 4.598819999999999991e-03
1.901631395999999974e+00 4.291717999999999922e-03 2.727709999999999944e-04 1.000000000000000000e+00 4.397690000000000106e-03 4.498669999999999752e-03
1.902265273000000034e+00 4.331058999999999951e-03 2.717840000000000121e-04 1.000000000000000000e+00 4.357439999999999751e-03 4.457690000000000263e-03
1.902899362000000094e+00 4.391183199999999960e-03 2.719139999999999990e-04 1.000000000000000000e+00 4.358299999999999848e-03 4.458730000000000158e-03
1.903533662000000071e+00 4.484016399999999659e-03 2.729769999999999853e-04 1.000000000000000000e+00 4.393369999999999741e-03 4.494739999999999673e-03
1.904168172999999964e+00 4.628495300000000368e-03 2.750690000000000188e-04 1.000000000000000000e+00 4.466419999999999592e-03 4.569590000000000110e-03
1.904802896000000079e+00 4.838156799999999980e-03 2.784339999999999840e-04 1.000000000000000000e+00 4.587299999999999885e-03 4.693390000000000409e-03
1.905437830000000110e+00 5.110069800000000342e-03 2.832380000000000011e-04 1.000000000000000000e+00 4.763960000000000243e-03 4.874260000000000051e-03
1.906072975999999919e+00 5.419585099999999801e-03 2.893530000000000060e-04 1.000000000000000000e+00 4.994290000000000188e-03 5.110039999999999721e-03
1.906708333999999949e+00 5.723247699999999688e-03 2.962640000000000217e-04 1.000000000000000000e+00 5.261209999999999672e-03 5.383220000000000192e-03
1.907343902999999896e+00 5.969458900000000276e-03 3.031350000000000038e-04 1.000000000000000000e+00 5.533220000000000152e-03 5.661560000000000377e-03
1.907979684000000065e+00 6.113270599999999846e-03 3.090069999999999774e-04 1.000000000000000000e+00 5.770700000000000135e-03 5.904519999999999907e-03
1.908615678000000093e+00 6.130315100000000364e-03 3.130370000000000049e-04 1.000000000000000000e+00 5.936030000000000126e-03 6.073600000000000179e-03
1.909251883000000038e+00 6.025146000000000321e-03 3.147029999999999988e-04 1.000000000000000000e+00 6.004279999999999860e-03 6.143339999999999738e-03
1.909888299999999983e+00 5.831354399999999667e-03 3.139400000000000198e-04 1.000000000000000000e+00 5.970950000000000042e-03 6.109149999999999824e-03
1.910524928999999927e+00 5.603814000000000364e-03 3.111780000000000080e-04 1.000000000000000000e+00 5.854299999999999782e-03 5.989730000000000401e-03
1.911161770999999954e+00 5.405706799999999979e-03 3.072829999999999919e-04 1.000000000000000000e+00 5.691709999999999998e-03 5.823380000000000396e-03
1.911798824999999979e+00 5.294458600000000355e-03 3.034140000000000057e-04 1.000000000000000000e+00 5.531460000000000196e-03 5.659499999999999600e-03
1.912436091000000005e+00 5.309813400000000169e-03 3.007940000000000071e-04 1.000000000000000000e+00 5.422190000000000343e-03 5.547850000000000004e-03
1.913073569999999890e+00 5.466534700000000128e-03 3.004269999999999749e-04 1.000000000000000000e+00 5.402719999999999745e-03 5.528159999999999845e-03
1.913711260999999997e+00 5.752605899999999918e-03 3.028579999999999792e-04 1.000000000000000000e+00 5.494599999999999658e-03 5.622440000000000250e-03
1.914349164999999964e+00 6.132501099999999872e-03 3.080289999999999743e-04 1.000000000000000000e+00 5.698299999999999893e-03 5.831170000000000103e-03
1.914987280999999930e+00 6.555032500000000303e-03 3.153289999999999891e-04 1.000000000000000000e+00 5.993889999999999982e-03 6.133940000000000052e-03
1.915625609999999979e+00 6.964184499999999736e-03 3.237830000000000135e-04 1.000000000000000000e+00 6.345619999999999733e-03 6.494190000000000379e-03
1.916264152000000109e+00 7.311645400000000433e-03 3.323150000000000192e-04 1.000000000000000000e+00 6.709999999999999819e-03 6.867370000000000245e-03
1.916902907000000100e+00 7.567998099999999860e-03 3.399969999999999772e-04 1.000000000000000000e+00 7.045489999999999739e-03 7.211030000000000217e-03
1.917541874999999951e+00 7.729615399999999713e-03 3.462289999999999812e-04 1.000000000000000000e+00 7.322150000000000360e-03 7.494500000000000293e-03
1.918181055000000024e+00 7.818657700000000363e-03 3.508340000000000091e-04 1.000000000000000000e+00 7.528319999999999804e-03 7.705860000000000140e-03
1.918820449000000039e+00 7.875194300000000827e-03 3.540489999999999978e-04 1.000000000000000000e+00 7.672370000000000405e-03 7.853670000000000095e-03
1.919460055999999915e+00 7.943570400000000628e-03 3.564239999999999878e-04 1.000000000000000000e+00 7.778590000000000157e-03 7.962769999999999224e-03
1.920099876000000094e+00 8.057569800000000809e-03 3.586330000000000203e-04 1.000000000000000000e+00 7.878249999999999836e-03 8.065160000000000037e-03
1.920739908999999912e+00 8.229856199999999872e-03 3.612569999999999735e-04 1.000000000000000000e+00 7.998919999999999642e-03 8.189019999999999980e-03
1.921380155999999895e+00 8.449129700000000340e-03 3.646000000000000261e-04 1.000000000000000000e+00 8.155529999999999377e-03 8.349610000000000365e-03
1.922020615999999960e+00 8.685772600000000662e-03 3.686079999999999782e-04 1.000000000000000000e+00 8.346420000000000228e-03 8.545209999999999265e-03
1.922661289000000107e+00 8.902746399999999713e-03 3.729259999999999867e-04 1.000000000000000000e+00 8.554970000000000283e-03 8.758800000000000613e-03
1.923302175999999974e+00 9.067518899999999979e-03 3.770399999999999815e-04 1.000000000000000000e+00 8.756009999999999835e-03 8.964629999999999474e-03
1.923943277000000007e+00 9.160857099999999281e-03 3.804500000000000048e-04 1.000000000000000000e+00 8.923999999999999641e-03 9.136540000000000286e-03
1.924584591999999983e+00 9.180573900000000773e-03 3.828090000000000138e-04 1.000000000000000000e+00 9.040309999999999319e-03 9.255489999999999898e-03
1.925226120000000041e+00 9.140292300000000050e-03 3.839940000000000237e-04 1.000000000000000000e+00 9.097650000000000528e-03 9.314070000000000682e-03
1.925867862000000041e+00 9.065148400000000439e-03 3.841180000000000245e-04 1.000000000000000000e+00 9.101230000000000084e-03 9.317610000000000475e-03
1.926509817999999985e+00 8.985898799999999381e-03 3.834959999999999888e-04 1.000000000000000000e+00 9.066859999999999503e-03 9.282320000000000154e-03
1.927151988000000093e+00 8.933376399999999953e-03 3.825769999999999930e-04 1.000000000000000000e+00 9.017360000000000306e-03 9.231599999999999528e-03
1.927794371999999923e+00 8.933743299999999735e-03 3.818660000000000197e-04 1.000000000000000000e+00 8.978250000000000119e-03 9.191559999999999661e-03
1.928436969999999917e+00 9.005117800000000255e-03 3.818410000000000055e-04 1.000000000000000000e+00 8.973470000000000751e-03 9.186720000000000649e-03
1.929079782000000076e+00 9.155555600000000321e-03 3.828789999999999776e-04 1.000000000000000000e+00 9.021940000000000862e-03 9.236489999999999978e-03
1.929722809000000039e+00 9.382045500000000052e-03 3.851969999999999917e-04 1.000000000000000000e+00 9.135000000000000758e-03 9.352469999999999881e-03
1.930366049999999944e+00 9.670630899999999378e-03 3.888179999999999761e-04 1.000000000000000000e+00 9.314779999999999935e-03 9.536829999999999613e-03
1.931009505000000015e+00 9.997548000000000198e-03 3.935640000000000015e-04 1.000000000000000000e+00 9.553670000000000218e-03 9.781830000000000039e-03
1.931653174999999889e+00 1.033175799999999991e-02 3.990770000000000146e-04 1.000000000000000000e+00 9.834960000000000230e-03 1.007030000000000078e-02
1.932297058999999928e+00 1.063898700000000079e-02 4.048750000000000157e-04 1.000000000000000000e+00 1.013460000000000055e-02 1.037760000000000071e-02
1.932941157999999993e+00 1.088697899999999975e-02 4.104180000000000133e-04 1.000000000000000000e+00 1.042410000000000038e-02 1.067470000000000051e-02
1.933585472000000083e+00 1.105132500000000073e-02 4.151900000000000143e-04 1.000000000000000000e+00 1.067530000000000041e-02 1.093260000000000065e-02
1.934229999999999894e+00 1.112058299999999986e-02 4.187829999999999916e-04 1.000000000000000000e+00 1.086460000000000030e-02 1.112699999999999974e-02
1.934874744000000035e+00 1.109948200000000079e-02 4.209600000000000082e-04 1.000000000000000000e+00 1.097769999999999996e-02 1.124340000000000062e-02
1.935519701999999898e+00 1.100906999999999927e-02 4.217049999999999748e-04 1.000000000000000000e+00 1.101309999999999963e-02 1.128000000000000010e-02
1.936164875000000007e+00 1.088351000000000075e-02 4.212350000000000014e-04 1.000000000000000000e+00 1.098239999999999980e-02 1.124889999999999918e-02
1.936810264000000004e+00 1.076374100000000028e-02 4.199769999999999805e-04 1.000000000000000000e+00 1.090939999999999965e-02 1.117429999999999986e-02
1.937455866999999943e+00 1.068919899999999992e-02 4.184990000000000194e-04 1.000000000000000000e+00 1.082529999999999951e-02 1.108830000000000059e-02
1.938101685999999990e+00 1.068938000000000006e-02 4.174059999999999945e-04 1.000000000000000000e+00 1.076290000000000059e-02 1.102449999999999958e-02
1.938747720000000063e+00 1.077735299999999993e-02 4.172159999999999844e-04 1.000000000000000000e+00 1.074969999999999919e-02 1.101099999999999995e-02
1.939393968999999940e+00 1.094701399999999970e-02 4.182379999999999757e-04 1.000000000000000000e+00 1.080200000000000084e-02 1.106460000000000082e-02
1.940040433000000064e+00 1.117525100000000063e-02 4.205079999999999929e-04 1.000000000000000000e+00 1.092190000000000001e-02 1.118749999999999953e-02
1.940687113999999935e+00 1.142835399999999994e-02 4.237929999999999996e-04 1.000000000000000000e+00 1.109740000000000032e-02 1.136739999999999973e-02
1.941334008999999972e+00 1.167098899999999967e-02 4.276649999999999788e-04 1.000000000000000000e+00 1.130600000000000008e-02 1.158129999999999923e-02
1.941981120999999977e+00 1.187489000000000079e-02 4.316309999999999743e-04 1.000000000000000000e+00 1.152099999999999999e-02 1.180190000000000058e-02
1.942628448000000008e+00 1.202454799999999949e-02 4.352529999999999745e-04 1.000000000000000000e+00 1.171799999999999925e-02 1.200389999999999964e-02
1.943275990000000064e+00 1.211836099999999937e-02 4.382359999999999966e-04 1.000000000000000000e+00 1.187979999999999939e-02 1.217009999999999967e-02
1.943923749000000090e+00 1.216542600000000002e-02 4.404620000000000258e-04 1.000000000000000000e+00 1.199919999999999980e-02 1.229279999999999956e-02
1.944571724000000001e+00 1.217977599999999980e-02 4.419630000000000238e-04 1.000000000000000000e+00 1.207760000000000083e-02 1.237360000000000022e-02
1.945219913999999939e+00 1.217439900000000068e-02 4.428680000000000160e-04 1.000000000000000000e+00 1.212210000000000024e-02 1.241959999999999939e-02
1.945868321000000067e+00 1.215705299999999926e-02 4.433279999999999946e-04 1.000000000000000000e+00 1.214110000000000016e-02 1.243949999999999917e-02
1.946516944000000082e+00 1.212863299999999978e-02 4.434570000000000200e-04 1.000000000000000000e+00 1.214130000000000070e-02 1.244010000000000081e-02
1.947165782999999983e+00 1.208372899999999965e-02 4.432990000000000259e-04 1.000000000000000000e+00 1.212489999999999922e-02 1.242380000000000047e-02
1.947814837999999993e+00 1.201245800000000016e-02 4.428130000000000174e-04 1.000000000000000000e+00 1.208970000000000010e-02 1.238810000000000085e-02
1.948464109999999971e+00 1.190298499999999961e-02 4.418909999999999744e-04 1.000000000000000000e+00 1.202940000000000086e-02 1.232680000000000060e-02
1.949113598000000058e+00 1.174416000000000002e-02 4.403760000000000270e-04 1.000000000000000000e+00 1.193540000000000052e-02 1.223080000000000001e-02
1.949763302000000031e+00 1.152843999999999917e-02 4.381009999999999852e-04 1.000000000000000000e+00 1.179859999999999937e-02 1.209110000000000046e-02
1.950413222999999974e+00 1.125467500000000044e-02 4.349299999999999846e-04 1.000000000000000000e+00 1.161230000000000075e-02 1.190060000000000076e-02
1.951063361000000107e+00 1.093025599999999931e-02 4.307979999999999774e-04 1.000000000000000000e+00 1.137419999999999924e-02 1.165689999999999955e-02
1.951713714999999905e+00 1.057187799999999983e-02 4.257509999999999832e-04 1.000000000000000000e+00 1.108839999999999999e-02 1.136440000000000020e-02
1.952364286999999976e+00 1.020451300000000013e-02 4.199760000000000190e-04 1.000000000000000000e+00 1.076700000000000053e-02 1.103520000000000022e-02
1.953015074999999934e+00 9.858534099999999994e-03 4.137990000000000136e-04 1.000000000000000000e+00 1.042900000000000077e-02 1.068919999999999940e-02
1.953666080000000083e+00 9.565685600000000191e-03 4.076749999999999753e-04 1.000000000000000000e+00 1.009909999999999974e-02 1.035140000000000018e-02
1.954317301999999978e+00 9.354618500000000045e-03 4.021350000000000250e-04 1.000000000000000000e+00 9.804659999999999764e-03 1.004990000000000050e-02
1.954968741000000065e+00 9.246858900000000034e-03 3.977189999999999914e-04 1.000000000000000000e+00 9.571939999999999268e-03 9.811679999999999707e-03
1.955620396999999899e+00 9.253686199999999751e-03 3.948980000000000263e-04 1.000000000000000000e+00 9.422810000000000213e-03 9.659159999999999968e-03
1.956272271000000007e+00 9.374163799999999866e-03 3.939880000000000096e-04 1.000000000000000000e+00 9.371499999999999622e-03 9.606919999999999696e-03
1.956924361000000001e+00 9.594711400000000695e-03 3.950900000000000137e-04 1.000000000000000000e+00 9.422420000000000795e-03 9.659479999999999802e-03
1.957576669000000047e+00 9.890437199999999388e-03 3.980610000000000094e-04 1.000000000000000000e+00 9.569039999999999144e-03 9.810170000000000001e-03
1.958229194999999923e+00 1.022849600000000012e-02 4.025340000000000190e-04 1.000000000000000000e+00 9.794449999999999684e-03 1.004159999999999948e-02
1.958881937999999989e+00 1.057332799999999989e-02 4.079870000000000089e-04 1.000000000000000000e+00 1.007360000000000026e-02 1.032830000000000033e-02
1.959534899000000108e+00 1.089292400000000001e-02 4.138340000000000226e-04 1.000000000000000000e+00 1.037740000000000017e-02 1.064009999999999956e-02
1.960188076999999973e+00 1.116475500000000017e-02 4.195359999999999758e-04 1.000000000000000000e+00 1.067730000000000068e-02 1.094799999999999940e-02
1.960841472999999890e+00 1.137972200000000010e-02 4.246869999999999812e-04 1.000000000000000000e+00 1.095080000000000012e-02 1.122880000000000059e-02
1.961495087000000082e+00 1.154289699999999988e-02 4.290699999999999831e-04 1.000000000000000000e+00 1.118470000000000054e-02 1.146909999999999943e-02
1.962148919000000102e+00 1.167071899999999954e-02 4.326730000000000094e-04 1.000000000000000000e+00 1.137720000000000051e-02 1.166689999999999915e-02
1.962802968000000092e+00 1.178566600000000020e-02 4.356590000000000245e-04 1.000000000000000000e+00 1.153629999999999933e-02 1.183050000000000074e-02
1.963457235999999995e+00 1.191006699999999988e-02 4.382999999999999743e-04 1.000000000000000000e+00 1.167690000000000047e-02 1.197499999999999953e-02
1.964111721999999949e+00 1.206095800000000010e-02 4.409039999999999921e-04 1.000000000000000000e+00 1.181590000000000071e-02 1.211800000000000030e-02
1.964766425999999955e+00 1.224732800000000003e-02 4.437369999999999834e-04 1.000000000000000000e+00 1.196849999999999997e-02 1.227480000000000064e-02
1.965421348000000012e+00 1.247005900000000035e-02 4.469750000000000090e-04 1.000000000000000000e+00 1.214490000000000014e-02 1.245620000000000061e-02
1.966076487999999900e+00 1.272392699999999946e-02 4.506910000000000256e-04 1.000000000000000000e+00 1.234979999999999932e-02 1.266680000000000063e-02
1.966731846999999922e+00 1.300056999999999949e-02 4.548590000000000033e-04 1.000000000000000000e+00 1.258240000000000053e-02 1.290589999999999966e-02
1.967387423999999996e+00 1.329135600000000070e-02 4.593940000000000133e-04 1.000000000000000000e+00 1.283849999999999922e-02 1.316909999999999956e-02
1.968043219999999982e+00 1.358933300000000031e-02 4.641849999999999882e-04 1.000000000000000000e+00 1.311230000000000034e-02 1.345050000000000065e-02
1.968699234000000020e+00 1.389015300000000057e-02 4.691249999999999782e-04 1.000000000000000000e+00 1.339800000000000019e-02 1.374419999999999982e-02
1.969355468000000053e+00 1.419201299999999985e-02 4.741309999999999774e-04 1.000000000000000000e+00 1.369139999999999940e-02 1.404569999999999950e-02
1.970011919000000056e+00 1.449495599999999981e-02 4.791509999999999801e-04 1.000000000000000000e+00 1.398950000000000020e-02 1.435200000000000017e-02
1.970668590000000053e+00 1.479975700000000019e-02 4.841620000000000038e-04 1.000000000000000000e+00 1.429090000000000048e-02 1.466169999999999973e-02
1.971325479999999963e+00 1.510667199999999981e-02 4.891550000000000151e-04 1.000000000000000000e+00 1.459500000000000033e-02 1.497399999999999946e-02
1.971982587999999925e+00 1.541425499999999997e-02 4.941239999999999738e-04 1.000000000000000000e+00 1.490099999999999932e-02 1.528820000000000005e-02
1.972639916000000104e+00 1.571849300000000005e-02 4.990489999999999987e-04 1.000000000000000000e+00 1.520709999999999944e-02 1.560259999999999946e-02
1.973297461999999891e+00 1.601248799999999833e-02 5.038840000000000159e-04 1.000000000000000000e+00 1.550990000000000008e-02 1.591369999999999937e-02
1.973955227999999895e+00 1.628698400000000088e-02 5.085520000000000058e-04 1.000000000000000000e+00 1.580389999999999920e-02 1.621560000000000015e-02
1.974613213000000034e+00 1.653192499999999940e-02 5.129489999999999571e-04 1.000000000000000000e+00 1.608149999999999857e-02 1.650099999999999831e-02
1.975271417000000085e+00 1.673878300000000013e-02 5.169569999999999634e-04 1.000000000000000000e+00 1.633480000000000001e-02 1.676129999999999981e-02
1.975929840999999909e+00 1.690321900000000058e-02 5.204720000000000136e-04 1.000000000000000000e+00 1.655649999999999830e-02 1.698929999999999885e-02
1.976588484999999951e+00 1.702716599999999983e-02 5.234299999999999673e-04 1.000000000000000000e+00 1.674240000000000103e-02 1.718039999999999845e-02
1.977247347000000044e+00 1.711934500000000109e-02 5.258349999999999960e-04 1.000000000000000000e+00 1.689270000000000008e-02 1.733490000000000031e-02
1.977906429999999993e+00 1.719369299999999948e-02 5.277650000000000266e-04 1.000000000000000000e+00 1.701259999999999925e-02 1.745820000000000011e-02
1.978565732000000077e+00 1.726578900000000014e-02 5.293630000000000340e-04 1.000000000000000000e+00 1.711179999999999993e-02 1.756009999999999863e-02
1.979225253999999934e+00 1.734840600000000024e-02 5.308030000000000474e-04 1.000000000000000000e+00 1.720179999999999973e-02 1.765250000000000152e-02
1.979884996000000008e+00 1.744765100000000152e-02 5.322470000000000152e-04 1.000000000000000000e+00 1.729299999999999934e-02 1.774610000000000076e-02
1.980544956999999995e+00 1.756117299999999937e-02 5.337949999999999943e-04 1.000000000000000000e+00 1.739160000000000011e-02 1.784739999999999938e-02
1.981205139000000059e+00 1.767914400000000080e-02 5.354630000000000197e-04 1.000000000000000000e+00 1.749809999999999907e-02 1.795690000000000133e-02
1.981865540999999897e+00 1.778767100000000143e-02 5.371809999999999649e-04 1.000000000000000000e+00 1.760739999999999875e-02 1.806929999999999994e-02
1.982526162999999952e+00 1.787333699999999956e-02 5.388199999999999674e-04 1.000000000000000000e+00 1.771040000000000114e-02 1.817550000000000068e-02
1.983187005000000003e+00 1.792731200000000080e-02 5.402370000000000522e-04 1.000000000000000000e+00 1.779740000000000141e-02 1.826530000000000167e-02
1.983848067000000048e+00 1.794769200000000120e-02 5.413180000000000509e-04 1.000000000000000000e+00 1.786089999999999900e-02 1.833100000000000007e-02
1.984509349999999950e+00 1.793952199999999941e-02 5.420130000000000434e-04 1.000000000000000000e+00 1.789759999999999962e-02 1.836930000000000160e-02
1.985170853000000069e+00 1.791283200000000006e-02 5.423399999999999879e-04 1.000000000000000000e+00 1.790939999999999893e-02 1.838199999999999903e-02
1.985832575999999960e+00 1.787955999999999920e-02 5.423830000000000144e-04 1.000000000000000000e+00 1.790239999999999887e-02 1.837530000000000066e-02
1.986494521000000013e+00 1.785037800000000008e-02 5.422600000000000293e-04 1.000000000000000000e+00 1.788479999999999931e-02 1.835770000000000110e-02
1.987156684999999978e+00 1.783220199999999839e-02 5.420919999999999862e-04 1.000000000000000000e+00 1.786509999999999834e-02 1.833790000000000073e-02
1.987819071000000104e+00 1.782679800000000134e-02 5.419780000000000344e-04 1.000000000000000000e+00 1.784960000000000019e-02 1.832239999999999910e-02
1.988481677000000003e+00 1.783024899999999940e-02 5.419630000000000150e-04 1.000000000000000000e+00 1.784109999999999863e-02 1.831419999999999923e-02
1.989144505000000063e+00 1.783318000000000056e-02 5.420340000000000488e-04 1.000000000000000000e+00 1.783809999999999910e-02 1.831150000000000139e-02
1.989807552999999896e+00 1.782136499999999874e-02 5.421039999999999583e-04 1.000000000000000000e+00 1.783409999999999856e-02 1.830800000000000136e-02
1.990470822000000028e+00 1.777675700000000067e-02 5.420219999999999682e-04 1.000000000000000000e+00 1.781860000000000041e-02 1.829290000000000083e-02
1.991134312000000017e+00 1.767893200000000137e-02 5.415770000000000089e-04 1.000000000000000000e+00 1.777719999999999995e-02 1.825109999999999927e-02
1.991798023999999945e+00 1.750699600000000036e-02 5.405110000000000296e-04 1.000000000000000000e+00 1.769269999999999871e-02 1.816519999999999940e-02
1.992461956000000090e+00 1.724186299999999963e-02 5.385430000000000512e-04 1.000000000000000000e+00 1.754680000000000129e-02 1.801629999999999898e-02
1.993126109999999951e+00 1.686858299999999949e-02 5.353919999999999860e-04 1.000000000000000000e+00 1.732179999999999831e-02 1.778609999999999913e-02
1.993790485999999973e+00 1.637838399999999930e-02 5.308020000000000316e-04 1.000000000000000000e+00 1.700259999999999966e-02 1.745920000000000111e-02
1.994455081999999990e+00 1.577014499999999930e-02 5.245679999999999961e-04 1.000000000000000000e+00 1.657859999999999889e-02 1.702460000000000084e-02
1.995119901000000029e+00 1.505107500000000056e-02 5.165569999999999537e-04 1.000000000000000000e+00 1.604550000000000073e-02 1.647790000000000019e-02
1.995784940999999924e+00 1.423659300000000051e-02 5.067230000000000475e-04 1.000000000000000000e+00 1.540599999999999956e-02 1.582160000000000163e-02
1.996450201999999896e+00 1.334935400000000078e-02 4.951209999999999509e-04 1.000000000000000000e+00 1.466989999999999961e-02 1.506610000000000067e-02
1.997115685999999890e+00 1.241764300000000078e-02 4.819070000000000059e-04 1.000000000000000000e+00 1.385450000000000050e-02 1.422900000000000033e-02
1.997781390999999962e+00 1.147323500000000003e-02 4.673410000000000238e-04 1.000000000000000000e+00 1.298279999999999920e-02 1.333389999999999923e-02
1.998447317999999973e+00 1.054911000000000043e-02 4.517799999999999876e-04 1.000000000000000000e+00 1.208200000000000073e-02 1.240890000000000049e-02
1.999113466999999922e+00 9.677349499999999757e-03 4.356669999999999879e-04 1.000000000000000000e+00 1.118189999999999983e-02 1.148449999999999992e-02
1.999779838000000032e+00 8.887438100000000576e-03 4.195180000000000176e-04 1.000000000000000000e+00 1.031289999999999984e-02 1.059210000000000013e-02
2.000446431999999941e+00 8.205021099999999443e-03 4.039070000000000073e-04 1.000000000000000000e+00 9.504129999999999523e-03 9.761389999999999997e-03
2.001113247000000150e+00 7.650993400000000166e-03 3.894470000000000137e-04 1.000000000000000000e+00 8.782069999999999460e-03 9.019809999999999633e-03
2.001780285000000159e+00 7.240638599999999966e-03 3.767509999999999848e-04 1.000000000000000000e+00 8.169469999999999857e-03 8.390669999999999379e-03
2.002447544999999884e+00 6.982571800000000189e-03 3.663919999999999981e-04 1.000000000000000000e+00 7.684179999999999656e-03 7.892309999999999603e-03
2.003115027999999853e+00 6.877422900000000096e-03 3.588390000000000113e-04 1.000000000000000000e+00 7.338019999999999786e-03 7.536880000000000142e-03
2.003782732999999983e+00 6.916403800000000060e-03 3.543749999999999808e-04 1.000000000000000000e+00 7.135530000000000171e-03 7.329040000000000207e-03
2.004450659999999829e+00 7.080256099999999650e-03 3.530289999999999839e-04 1.000000000000000000e+00 7.072720000000000222e-03 7.264709999999999744e-03
2.005118809999999918e+00 7.339288999999999709e-03 3.545390000000000152e-04 1.000000000000000000e+00 7.136149999999999959e-03 7.330060000000000221e-03
2.005787182999999807e+00 7.655218499999999829e-03 3.583600000000000045e-04 1.000000000000000000e+00 7.302870000000000368e-03 7.501520000000000236e-03
2.006455778999999939e+00 7.985248599999999683e-03 3.637390000000000219e-04 1.000000000000000000e+00 7.541710000000000080e-03 7.747069999999999998e-03
2.007124597999999871e+00 8.288026299999999222e-03 3.698260000000000197e-04 1.000000000000000000e+00 7.816369999999999568e-03 8.029430000000000595e-03
2.007793638999999963e+00 8.530305800000000452e-03 3.758020000000000045e-04 1.000000000000000000e+00 8.089990000000000028e-03 8.310700000000000726e-03
2.008462903999999938e+00 8.692582699999999718e-03 3.809999999999999910e-04 1.000000000000000000e+00 8.330469999999999542e-03 8.557910000000000170e-03
2.009132391000000073e+00 8.771935200000000737e-03 3.849829999999999832e-04 1.000000000000000000e+00 8.515319999999999834e-03 8.747980000000000686e-03
2.009802102000000090e+00 8.781143800000000207e-03 3.875840000000000079e-04 1.000000000000000000e+00 8.634779999999999886e-03 8.870869999999999450e-03
2.010472035999999907e+00 8.744470199999999915e-03 3.888990000000000047e-04 1.000000000000000000e+00 8.692230000000000442e-03 8.930079999999999962e-03
2.011142194000000050e+00 8.691477099999999137e-03 3.892349999999999825e-04 1.000000000000000000e+00 8.702009999999999607e-03 8.940339999999999746e-03
2.011812573999999909e+00 8.650972399999999965e-03 3.890289999999999916e-04 1.000000000000000000e+00 8.685359999999999608e-03 8.923489999999999200e-03
2.012483178000000095e+00 8.646647400000000497e-03 3.887650000000000090e-04 1.000000000000000000e+00 8.665839999999999307e-03 8.903740000000000265e-03
2.013154006000000162e+00 8.695183100000000026e-03 3.888949999999999959e-04 1.000000000000000000e+00 8.665420000000000067e-03 8.903640000000000859e-03
2.013825058000000112e+00 8.806392799999999965e-03 3.897850000000000230e-04 1.000000000000000000e+00 8.701979999999999785e-03 8.941559999999999439e-03
2.014496332999999861e+00 8.984501699999999577e-03 3.916939999999999940e-04 1.000000000000000000e+00 8.788320000000000506e-03 9.030639999999999501e-03
2.015167830999999854e+00 9.229574000000000805e-03 3.947690000000000010e-04 1.000000000000000000e+00 8.932270000000000834e-03 9.178910000000000194e-03
2.015839553999999811e+00 9.538547700000000323e-03 3.990560000000000092e-04 1.000000000000000000e+00 9.137299999999999242e-03 9.389949999999999339e-03
2.016511500000000012e+00 9.905876699999999896e-03 4.045200000000000098e-04 1.000000000000000000e+00 9.403289999999999912e-03 9.663619999999999502e-03
2.017183671000000178e+00 1.032400900000000031e-02 4.110610000000000002e-04 1.000000000000000000e+00 9.727110000000000617e-03 9.996750000000000427e-03
2.017856065000000143e+00 1.078398099999999978e-02 4.185279999999999881e-04 1.000000000000000000e+00 1.010330000000000082e-02 1.038380000000000032e-02
2.018528684000000073e+00 1.127608000000000082e-02 4.267410000000000127e-04 1.000000000000000000e+00 1.052469999999999968e-02 1.081730000000000018e-02
2.019201526999999885e+00 1.179044999999999919e-02 4.355070000000000165e-04 1.000000000000000000e+00 1.098310000000000085e-02 1.128879999999999988e-02
2.019874594000000023e+00 1.231747000000000050e-02 4.446300000000000035e-04 1.000000000000000000e+00 1.146959999999999993e-02 1.178930000000000082e-02
2.020547886000000126e+00 1.284791300000000074e-02 4.539249999999999882e-04 1.000000000000000000e+00 1.197520000000000008e-02 1.230949999999999926e-02
2.021221402000000111e+00 1.337299999999999947e-02 4.632199999999999729e-04 1.000000000000000000e+00 1.249109999999999977e-02 1.284030000000000067e-02
2.021895141999999979e+00 1.388455599999999929e-02 4.723570000000000177e-04 1.000000000000000000e+00 1.300860000000000037e-02 1.337269999999999952e-02
2.022569106999999811e+00 1.437530899999999931e-02 4.812010000000000029e-04 1.000000000000000000e+00 1.351929999999999972e-02 1.389810000000000004e-02
2.023243297000000052e+00 1.483927099999999936e-02 4.896359999999999992e-04 1.000000000000000000e+00 1.401559999999999959e-02 1.440869999999999998e-02
2.023917711000000175e+00 1.527202700000000052e-02 4.975739999999999764e-04 1.000000000000000000e+00 1.449089999999999927e-02 1.489749999999999928e-02
2.024592350999999901e+00 1.567080900000000082e-02 5.049539999999999498e-04 1.000000000000000000e+00 1.493960000000000080e-02 1.535899999999999939e-02
2.025267214999999954e+00 1.603432000000000121e-02 5.117410000000000188e-04 1.000000000000000000e+00 1.535779999999999958e-02 1.578910000000000036e-02
2.025942303999999972e+00 1.636237399999999897e-02 5.179260000000000417e-04 1.000000000000000000e+00 1.574290000000000064e-02 1.618520000000000028e-02
2.026617617999999954e+00 1.665547900000000081e-02 5.235150000000000046e-04 1.000000000000000000e+00 1.609369999999999898e-02 1.654600000000000168e-02
2.027293156999999901e+00 1.691448900000000130e-02 5.285280000000000056e-04 1.000000000000000000e+00 1.640979999999999869e-02 1.687119999999999939e-02
2.027968921999999896e+00 1.714039100000000135e-02 5.329889999999999888e-04 1.000000000000000000e+00 1.669139999999999860e-02 1.716120000000000145e-02
2.028644911000000217e+00 1.733427900000000105e-02 5.369240000000000384e-04 1.000000000000000000e+00 1.693959999999999910e-02 1.741670000000000024e-02
2.029321126000000142e+00 1.749748300000000117e-02 5.403590000000000216e-04 1.000000000000000000e+00 1.715519999999999892e-02 1.763879999999999962e-02
2.029997566000000031e+00 1.763176099999999927e-02 5.433190000000000068e-04 1.000000000000000000e+00 1.733979999999999896e-02 1.782910000000000050e-02
2.030674231999999968e+00 1.773941700000000038e-02 5.458340000000000327e-04 1.000000000000000000e+00 1.749490000000000073e-02 1.798910000000000092e-02
2.031351123999999952e+00 1.782324600000000092e-02 5.479350000000000453e-04 1.000000000000000000e+00 1.762280000000000096e-02 1.812120000000000050e-02
2.032028240999999902e+00 1.788627500000000009e-02 5.496599999999999923e-04 1.000000000000000000e+00 1.772589999999999930e-02 1.822769999999999946e-02
2.032705583999999899e+00 1.793137499999999940e-02 5.510499999999999773e-04 1.000000000000000000e+00 1.780670000000000169e-02 1.831139999999999851e-02
2.033383151999999860e+00 1.796087999999999851e-02 5.521420000000000407e-04 1.000000000000000000e+00 1.786789999999999906e-02 1.837480000000000016e-02
2.034060945999999870e+00 1.797640600000000033e-02 5.529719999999999904e-04 1.000000000000000000e+00 1.791159999999999974e-02 1.842039999999999997e-02
2.034738967000000009e+00 1.797895000000000049e-02 5.535670000000000347e-04 1.000000000000000000e+00 1.793979999999999880e-02 1.844990000000000172e-02
2.035417213000000114e+00 1.796921300000000124e-02 5.539450000000000233e-04 1.000000000000000000e+00 1.795389999999999833e-02 1.846489999999999937e-02
2.036095685999999905e+00 1.794808800000000093e-02 5.541230000000000070e-04 1.000000000000000000e+00 1.795479999999999993e-02 1.846640000000000087e-02
2.036774384000000104e+00 1.791704100000000160e-02 5.541160000000000052e-04 1.000000000000000000e+00 1.794389999999999874e-02 1.845559999999999909e-02
2.037453308999999990e+00 1.787827300000000008e-02 5.539450000000000233e-04 1.000000000000000000e+00 1.792240000000000152e-02 1.843399999999999900e-02
2.038132459999999924e+00 1.783453000000000122e-02 5.536379999999999600e-04 1.000000000000000000e+00 1.789220000000000046e-02 1.840330000000000091e-02
2.038811836999999905e+00 1.778858700000000154e-02 5.532300000000000412e-04 1.000000000000000000e+00 1.785540000000000044e-02 1.836600000000000038e-02
2.039491441000000016e+00 1.774246800000000082e-02 5.527579999999999820e-04 1.000000000000000000e+00 1.781450000000000047e-02 1.832430000000000170e-02
2.040171271999999814e+00 1.769660199999999878e-02 5.522530000000000537e-04 1.000000000000000000e+00 1.777110000000000148e-02 1.828029999999999933e-02
2.040851329000000103e+00 1.764910999999999910e-02 5.517270000000000117e-04 1.000000000000000000e+00 1.772610000000000158e-02 1.823460000000000011e-02
2.041531613000000078e+00 1.759537400000000043e-02 5.511669999999999764e-04 1.000000000000000000e+00 1.767840000000000036e-02 1.818610000000000018e-02
2.042212123000000101e+00 1.752808100000000091e-02 5.505240000000000437e-04 1.000000000000000000e+00 1.762470000000000009e-02 1.813160000000000119e-02
2.042892860999999893e+00 1.743783999999999959e-02 5.497139999999999752e-04 1.000000000000000000e+00 1.755949999999999872e-02 1.806520000000000001e-02
2.043573825000000177e+00 1.731437799999999833e-02 5.486199999999999887e-04 1.000000000000000000e+00 1.747519999999999976e-02 1.797920000000000074e-02
2.044255016000000147e+00 1.714819899999999939e-02 5.471109999999999732e-04 1.000000000000000000e+00 1.736340000000000106e-02 1.786480000000000012e-02
2.044936434999999886e+00 1.693243700000000157e-02 5.450509999999999557e-04 1.000000000000000000e+00 1.721550000000000163e-02 1.771319999999999839e-02
2.045618080000000116e+00 1.666448300000000077e-02 5.423290000000000315e-04 1.000000000000000000e+00 1.702479999999999966e-02 1.751749999999999835e-02
2.046299953000000116e+00 1.634698299999999896e-02 5.388749999999999660e-04 1.000000000000000000e+00 1.678769999999999915e-02 1.727400000000000116e-02
2.046982052999999802e+00 1.598793399999999879e-02 5.346780000000000196e-04 1.000000000000000000e+00 1.650470000000000062e-02 1.698320000000000038e-02
2.047664380000000062e+00 1.559984399999999986e-02 5.297939999999999898e-04 1.000000000000000000e+00 1.618059999999999984e-02 1.665000000000000160e-02
2.048346935000000091e+00 1.519820799999999951e-02 5.243430000000000313e-04 1.000000000000000000e+00 1.582449999999999829e-02 1.628390000000000046e-02
2.049029716999999806e+00 1.479969499999999986e-02 5.185040000000000352e-04 1.000000000000000000e+00 1.544859999999999983e-02 1.589739999999999903e-02
2.049712727000000179e+00 1.442054100000000026e-02 5.124930000000000414e-04 1.000000000000000000e+00 1.506700000000000053e-02 1.550490000000000028e-02
2.050395964999999876e+00 1.407546699999999949e-02 5.065469999999999869e-04 1.000000000000000000e+00 1.469419999999999928e-02 1.512160000000000067e-02
2.051079430000000148e+00 1.377724699999999941e-02 5.009079999999999956e-04 1.000000000000000000e+00 1.434460000000000075e-02 1.476200000000000082e-02
2.051763123000000189e+00 1.353677600000000036e-02 4.958109999999999731e-04 1.000000000000000000e+00 1.403109999999999948e-02 1.443979999999999916e-02
2.052447043999999998e+00 1.336325499999999923e-02 4.914770000000000380e-04 1.000000000000000000e+00 1.376540000000000055e-02 1.416680000000000023e-02
2.053131193000000021e+00 1.326404800000000050e-02 4.881059999999999783e-04 1.000000000000000000e+00 1.355770000000000065e-02 1.395360000000000003e-02
2.053815569999999813e+00 1.324382999999999984e-02 4.858649999999999840e-04 1.000000000000000000e+00 1.341640000000000020e-02 1.380879999999999955e-02
2.054500174999999818e+00 1.330300499999999969e-02 4.848760000000000244e-04 1.000000000000000000e+00 1.334729999999999944e-02 1.373839999999999957e-02
2.055185009000000118e+00 1.343580800000000047e-02 4.851820000000000178e-04 1.000000000000000000e+00 1.335270000000000033e-02 1.374470000000000032e-02
2.055870070000000105e+00 1.362887800000000052e-02 4.867259999999999881e-04 1.000000000000000000e+00 1.342959999999999987e-02 1.382470000000000053e-02
2.056555361000000026e+00 1.386122099999999996e-02 4.893280000000000286e-04 1.000000000000000000e+00 1.356860000000000011e-02 1.396859999999999942e-02
2.057240879000000078e+00 1.410614900000000012e-02 4.926929999999999938e-04 1.000000000000000000e+00 1.375380000000000005e-02 1.416000000000000071e-02
2.057926625999999981e+00 1.433515999999999957e-02 4.964369999999999634e-04 1.000000000000000000e+00 1.396380000000000017e-02 1.437680000000000034e-02
2.058612601000000097e+00 1.452292399999999956e-02 5.001429999999999852e-04 1.000000000000000000e+00 1.417430000000000079e-02 1.459410000000000047e-02
2.059298806000000148e+00 1.465203399999999954e-02 5.034250000000000530e-04 1.000000000000000000e+00 1.436229999999999972e-02 1.478810000000000020e-02
2.059985238999999968e+00 1.471609699999999916e-02 5.059930000000000460e-04 1.000000000000000000e+00 1.450940000000000042e-02 1.494000000000000015e-02
2.060671900000000001e+00 1.472020400000000062e-02 5.076940000000000489e-04 1.000000000000000000e+00 1.460539999999999929e-02 1.503909999999999969e-02
2.061358790999999968e+00 1.467872299999999942e-02 5.085250000000000143e-04 1.000000000000000000e+00 1.464889999999999942e-02 1.508430000000000014e-02
2.062045910999999787e+00 1.461116699999999956e-02 5.086160000000000377e-04 1.000000000000000000e+00 1.464730000000000025e-02 1.508289999999999978e-02
2.062733258999999819e+00 1.453751999999999996e-02 5.081909999999999596e-04 1.000000000000000000e+00 1.461340000000000035e-02 1.504839999999999997e-02
2.063420836999999786e+00 1.447441799999999931e-02 5.075080000000000476e-04 1.000000000000000000e+00 1.456290000000000015e-02 1.499690000000000051e-02
2.064108644000000048e+00 1.443312000000000067e-02 5.068159999999999939e-04 1.000000000000000000e+00 1.451080000000000078e-02 1.494389999999999954e-02
2.064796680000000162e+00 1.441944400000000001e-02 5.063129999999999888e-04 1.000000000000000000e+00 1.446929999999999918e-02 1.490179999999999977e-02
2.065484946000000210e+00 1.443517199999999959e-02 5.061339999999999893e-04 1.000000000000000000e+00 1.444669999999999982e-02 1.487929999999999982e-02
2.066173441000000111e+00 1.447999300000000003e-02 5.063560000000000153e-04 1.000000000000000000e+00 1.444800000000000077e-02 1.488139999999999949e-02
2.066862164999999862e+00 1.455311500000000015e-02 5.070120000000000442e-04 1.000000000000000000e+00 1.447559999999999993e-02 1.491059999999999955e-02
2.067551118999999993e+00 1.465398400000000011e-02 5.081120000000000168e-04 1.000000000000000000e+00 1.453040000000000061e-02 1.496770000000000045e-02
2.068240303000000058e+00 1.478209800000000046e-02 5.096560000000000413e-04 1.000000000000000000e+00 1.461269999999999930e-02 1.505319999999999922e-02
2.068929715999999974e+00 1.493625800000000087e-02 5.116349999999999761e-04 1.000000000000000000e+00 1.472210000000000012e-02 1.516660000000000057e-02
2.069619359999999908e+00 1.511381000000000009e-02 5.140260000000000011e-04 1.000000000000000000e+00 1.485760000000000032e-02 1.530669999999999947e-02
2.070309233000000138e+00 1.531035600000000066e-02 5.167890000000000287e-04 1.000000000000000000e+00 1.501680000000000029e-02 1.547139999999999974e-02
2.070999335999999857e+00 1.552014300000000013e-02 5.198639999999999815e-04 1.000000000000000000e+00 1.519619999999999999e-02 1.565669999999999909e-02
2.071689668999999956e+00 1.573701300000000108e-02 5.231730000000000408e-04 1.000000000000000000e+00 1.539100000000000017e-02 1.585790000000000116e-02
2.072380231999999989e+00 1.595552500000000165e-02 5.266319999999999682e-04 1.000000000000000000e+00 1.559600000000000049e-02 1.606959999999999986e-02
2.073071026000000039e+00 1.617178099999999966e-02 5.301630000000000535e-04 1.000000000000000000e+00 1.580619999999999942e-02 1.628680000000000058e-02
2.073762048999999941e+00 1.638360999999999984e-02 5.337029999999999552e-04 1.000000000000000000e+00 1.601759999999999989e-02 1.650520000000000112e-02
2.074453302999999860e+00 1.659002000000000046e-02 5.372079999999999564e-04 1.000000000000000000e+00 1.622749999999999887e-02 1.672200000000000075e-02
2.075144787999999796e+00 1.679016499999999926e-02 5.406500000000000498e-04 1.000000000000000000e+00 1.643390000000000128e-02 1.693539999999999976e-02
2.075836503000000111e+00 1.698228200000000132e-02 5.440020000000000272e-04 1.000000000000000000e+00 1.663550000000000098e-02 1.714380000000000071e-02
2.076528447999999916e+00 1.716305900000000134e-02 5.472330000000000510e-04 1.000000000000000000e+00 1.683020000000000002e-02 1.734520000000000159e-02
2.077220624000000182e+00 1.732773400000000089e-02 5.502960000000000317e-04 1.000000000000000000e+00 1.701509999999999828e-02 1.753659999999999941e-02
2.077913031000000021e+00 1.747092700000000068e-02 5.531289999999999688e-04 1.000000000000000000e+00 1.718640000000000098e-02 1.771390000000000117e-02
2.078605668999999878e+00 1.758791999999999994e-02 5.556660000000000158e-04 1.000000000000000000e+00 1.733940000000000134e-02 1.787230000000000069e-02
2.079298537000000113e+00 1.767596000000000098e-02 5.578440000000000482e-04 1.000000000000000000e+00 1.746970000000000120e-02 1.800749999999999920e-02
2.079991637000000004e+00 1.773517100000000096e-02 5.596250000000000096e-04 1.000000000000000000e+00 1.757440000000000044e-02 1.811619999999999897e-02
2.080684966999999830e+00 1.776881900000000167e-02 5.609989999999999595e-04 1.000000000000000000e+00 1.765260000000000093e-02 1.819770000000000068e-02
2.081378529000000199e+00 1.778285599999999966e-02 5.619979999999999681e-04 1.000000000000000000e+00 1.770590000000000011e-02 1.825359999999999830e-02
2.082072322000000142e+00 1.778489700000000090e-02 5.626840000000000357e-04 1.000000000000000000e+00 1.773850000000000079e-02 1.828820000000000098e-02
2.082766346000000102e+00 1.778289900000000132e-02 5.631450000000000301e-04 1.000000000000000000e+00 1.775619999999999976e-02 1.830729999999999857e-02
2.083460601000000079e+00 1.778385899999999908e-02 5.634820000000000237e-04 1.000000000000000000e+00 1.776550000000000004e-02 1.831790000000000154e-02
2.084155088000000156e+00 1.779281099999999866e-02 5.637879999999999628e-04 1.000000000000000000e+00 1.777290000000000120e-02 1.832639999999999963e-02
2.084849806999999888e+00 1.781230599999999997e-02 5.641409999999999914e-04 1.000000000000000000e+00 1.778350000000000070e-02 1.833809999999999954e-02
2.085544757000000082e+00 1.784244899999999981e-02 5.645939999999999683e-04 1.000000000000000000e+00 1.780050000000000035e-02 1.835639999999999841e-02
2.086239937999999849e+00 1.788138800000000153e-02 5.651680000000000072e-04 1.000000000000000000e+00 1.782540000000000166e-02 1.838290000000000063e-02
2.086935351999999799e+00 1.792611399999999994e-02 5.658609999999999682e-04 1.000000000000000000e+00 1.785780000000000006e-02 1.841709999999999875e-02
2.087630997000000210e+00 1.797332899999999969e-02 5.666500000000000313e-04 1.000000000000000000e+00 1.789589999999999931e-02 1.845729999999999940e-02
2.088326873999999833e+00 1.802020500000000094e-02 5.674999999999999706e-04 1.000000000000000000e+00 1.793770000000000087e-02 1.850150000000000058e-02
2.089022983000000000e+00 1.806484599999999899e-02 5.683790000000000413e-04 1.000000000000000000e+00 1.798100000000000045e-02 1.854719999999999980e-02
2.089719323999999823e+00 1.810643099999999922e-02 5.692559999999999721e-04 1.000000000000000000e+00 1.802410000000000123e-02 1.859279999999999961e-02
2.090415897000000189e+00 1.814503300000000138e-02 5.701099999999999744e-04 1.000000000000000000e+00 1.806599999999999873e-02 1.863719999999999960e-02
2.091112702000000212e+00 1.818120999999999973e-02 5.709320000000000150e-04 1.000000000000000000e+00 1.810619999999999938e-02 1.867979999999999988e-02
2.091809739999999973e+00 1.821552800000000166e-02 5.717159999999999994e-04 1.000000000000000000e+00 1.814479999999999912e-02 1.872050000000000103e-02
2.092507009000000195e+00 1.824815200000000012e-02 5.724639999999999590e-04 1.000000000000000000e+00 1.818159999999999915e-02 1.875949999999999840e-02
2.093204511999999795e+00 1.827864800000000151e-02 5.731729999999999551e-04 1.000000000000000000e+00 1.821650000000000005e-02 1.879629999999999843e-02
2.093902246999999939e+00 1.830606099999999847e-02 5.738400000000000488e-04 1.000000000000000000e+00 1.824900000000000133e-02 1.883069999999999883e-02
2.094600214000000182e+00 1.832923399999999980e-02 5.744600000000000531e-04 1.000000000000000000e+00 1.827830000000000080e-02 1.886159999999999920e-02
2.095298414000000164e+00 1.834726000000000065e-02 5.750220000000000114e-04 1.000000000000000000e+00 1.830330000000000151e-02 1.888830000000000023e-02
2.095996846999999885e+00 1.835989700000000002e-02 5.755209999999999536e-04 1.000000000000000000e+00 1.832340000000000010e-02 1.890999999999999973e-02
2.096695512999999789e+00 1.836779599999999874e-02 5.759549999999999566e-04 1.000000000000000000e+00 1.833850000000000063e-02 1.892670000000000116e-02
2.097394410999999792e+00 1.837244299999999872e-02 5.763320000000000378e-04 1.000000000000000000e+00 1.834910000000000013e-02 1.893879999999999869e-02
2.098093543000000061e+00 1.837583500000000009e-02 5.766659999999999842e-04 1.000000000000000000e+00 1.835629999999999901e-02 1.894759999999999847e-02
2.098792906999999985e+00 1.837999400000000019e-02 5.769759999999999863e-04 1.000000000000000000e+00 1.836199999999999985e-02 1.895470000000000141e-02
2.099492505000000175e+00 1.838646099999999978e-02 5.772830000000000496e-04 1.000000000000000000e+00 1.836760000000000129e-02 1.896180000000000088e-02
2.100192336000000104e+00 1.839593700000000109e-02 5.776050000000000238e-04 1.000000000000000000e+00 1.837470000000000075e-02 1.897029999999999897e-02
2.100892400000000215e+00 1.840814799999999918e-02 5.779500000000000349e-04 1.000000000000000000e+00 1.838400000000000103e-02 1.898110000000000075e-02
2.101592697000000065e+00 1.842197099999999879e-02 5.783189999999999902e-04 1.000000000000000000e+00 1.839549999999999866e-02 1.899400000000000047e-02
2.102293228000000180e+00 1.843575500000000159e-02 5.787010000000000418e-04 1.000000000000000000e+00 1.840860000000000066e-02 1.900829999999999881e-02
2.102993992000000034e+00 1.844774100000000014e-02 5.790819999999999692e-04 1.000000000000000000e+00 1.842190000000000147e-02 1.902289999999999884e-02
2.103694990000000153e+00 1.845647499999999996e-02 5.794419999999999996e-04 1.000000000000000000e+00 1.843409999999999840e-02 1.903629999999999906e-02
2.104396222000000094e+00 1.846108899999999997e-02 5.797639999999999738e-04 1.000000000000000000e+00 1.844379999999999978e-02 1.904720000000000024e-02
2.105097687000000217e+00 1.846142699999999900e-02 5.800379999999999512e-04 1.000000000000000000e+00 1.845010000000000053e-02 1.905460000000000140e-02
2.105799386999999800e+00 1.845799299999999893e-02 5.802589999999999614e-04 1.000000000000000000e+00 1.845269999999999896e-02 1.905810000000000143e-02
2.106501320000000010e+00 1.845177400000000065e-02 5.804319999999999749e-04 1.000000000000000000e+00 1.845149999999999915e-02 1.905779999999999974e-02
2.107203487000000042e+00 1.844401000000000027e-02 5.805679999999999478e-04 1.000000000000000000e+00 1.844720000000000040e-02 1.905439999999999912e-02
2.107905887999999894e+00 1.843595300000000145e-02 5.806820000000000081e-04 1.000000000000000000e+00 1.844060000000000143e-02 1.904880000000000115e-02
2.108608523000000012e+00 1.842867000000000116e-02 5.807920000000000053e-04 1.000000000000000000e+00 1.843289999999999859e-02 1.904209999999999930e-02
2.109311393000000034e+00 1.842289999999999900e-02 5.809129999999999589e-04 1.000000000000000000e+00 1.842500000000000041e-02 1.903550000000000034e-02
2.110014496999999878e+00 1.841896200000000053e-02 5.810569999999999494e-04 1.000000000000000000e+00 1.841800000000000034e-02 1.902970000000000009e-02
2.110717834999999987e+00 1.841674899999999962e-02 5.812309999999999786e-04 1.000000000000000000e+00 1.841229999999999950e-02 1.902560000000000015e-02
2.111421406999999917e+00 1.841577200000000039e-02 5.814330000000000149e-04 1.000000000000000000e+00 1.840839999999999838e-02 1.902320000000000053e-02
2.112125214999999834e+00 1.841530099999999850e-02 5.816569999999999640e-04 1.000000000000000000e+00 1.840610000000000163e-02 1.902250000000000121e-02
2.112829255999999933e+00 1.841456600000000027e-02 5.818890000000000390e-04 1.000000000000000000e+00 1.840510000000000063e-02 1.902310000000000112e-02
2.113533533000000020e+00 1.841296799999999831e-02 5.821179999999999584e-04 1.000000000000000000e+00 1.840479999999999894e-02 1.902420000000000153e-02
2.114238043999999928e+00 1.841028100000000056e-02 5.823300000000000438e-04 1.000000000000000000e+00 1.840450000000000072e-02 1.902529999999999846e-02
2.114942790000000183e+00 1.840672900000000015e-02 5.825179999999999681e-04 1.000000000000000000e+00 1.840390000000000081e-02 1.902579999999999896e-02
2.115647770999999899e+00 1.840293999999999958e-02 5.826810000000000409e-04 1.000000000000000000e+00 1.840260000000000160e-02 1.902540000000000134e-02
2.116352986999999963e+00 1.839977400000000068e-02 5.828279999999999702e-04 1.000000000000000000e+00 1.840069999999999900e-02 1.902440000000000034e-02
2.117058437999999931e+00 1.839805300000000102e-02 5.829700000000000376e-04 1.000000000000000000e+00 1.839860000000000106e-02 1.902310000000000112e-02
2.117764123999999804e+00 1.839829700000000096e-02 5.831220000000000457e-04 1.000000000000000000e+00 1.839690000000000075e-02 1.902210000000000012e-02
2.118470045000000024e+00 1.840055200000000057e-02 5.832969999999999822e-04 1.000000000000000000e+00 1.839589999999999975e-02 1.902200000000000071e-02
2.119176201999999787e+00 1.840436800000000081e-02 5.835039999999999888e-04 1.000000000000000000e+00 1.839599999999999916e-02 1.902320000000000053e-02
2.119882593999999898e+00 1.840893000000000043e-02 5.837420000000000499e-04 1.000000000000000000e+00 1.839729999999999838e-02 1.902560000000000015e-02
2.120589221999999996e+00 1.841331499999999954e-02 5.840039999999999468e-04 1.000000000000000000e+00 1.839959999999999860e-02 1.902919999999999959e-02
2.121296084999999998e+00 1.841676500000000161e-02 5.842790000000000483e-04 1.000000000000000000e+00 1.840229999999999991e-02 1.903339999999999893e-02
2.122003182999999904e+00 1.841890300000000036e-02 5.845540000000000415e-04 1.000000000000000000e+00 1.840520000000000003e-02 1.903770000000000115e-02
2.122710517999999880e+00 1.841982799999999920e-02 5.848179999999999698e-04 1.000000000000000000e+00 1.840769999999999906e-02 1.904170000000000168e-02
2.123418088000000203e+00 1.842006300000000041e-02 5.850669999999999872e-04 1.000000000000000000e+00 1.840989999999999988e-02 1.904520000000000171e-02
2.124125894000000070e+00 1.842039100000000124e-02 5.852989999999999539e-04 1.000000000000000000e+00 1.841179999999999900e-02 1.904830000000000065e-02
2.124833935999999923e+00 1.842163800000000060e-02 5.855209999999999798e-04 1.000000000000000000e+00 1.841370000000000159e-02 1.905139999999999958e-02
2.125542214000000207e+00 1.842444600000000057e-02 5.857430000000000058e-04 1.000000000000000000e+00 1.841599999999999834e-02 1.905480000000000021e-02
2.126250728000000034e+00 1.842909200000000108e-02 5.859749999999999725e-04 1.000000000000000000e+00 1.841889999999999847e-02 1.905899999999999955e-02
2.126959477999999848e+00 1.843538999999999942e-02 5.862239999999999899e-04 1.000000000000000000e+00 1.842279999999999959e-02 1.906419999999999990e-02
2.127668465000000175e+00 1.844270400000000074e-02 5.864969999999999515e-04 1.000000000000000000e+00 1.842740000000000003e-02 1.907040000000000124e-02
2.128377688000000045e+00 1.845007300000000086e-02 5.867929999999999501e-04 1.000000000000000000e+00 1.843250000000000097e-02 1.907729999999999843e-02
2.129087146999999902e+00 1.845642000000000116e-02 5.871039999999999679e-04 1.000000000000000000e+00 1.843759999999999843e-02 1.908429999999999849e-02
2.129796842000000190e+00 1.846080799999999869e-02 5.874219999999999876e-04 1.000000000000000000e+00 1.844200000000000006e-02 1.909080000000000152e-02
2.130506775000000186e+00 1.846265399999999848e-02 5.877340000000000212e-04 1.000000000000000000e+00 1.844530000000000128e-02 1.909610000000000127e-02
2.131216944000000169e+00 1.846185700000000166e-02 5.880279999999999882e-04 1.000000000000000000e+00 1.844700000000000159e-02 1.909989999999999952e-02
2.131927349000000138e+00 1.845879799999999848e-02 5.882980000000000110e-04 1.000000000000000000e+00 1.844720000000000040e-02 1.910200000000000092e-02
2.132637991999999816e+00 1.845422899999999908e-02 5.885379999999999952e-04 1.000000000000000000e+00 1.844600000000000059e-02 1.910250000000000142e-02
2.133348870999999924e+00 1.844908799999999890e-02 5.887499999999999721e-04 1.000000000000000000e+00 1.844389999999999918e-02 1.910200000000000092e-02
2.134059987000000103e+00 1.844429200000000102e-02 5.889380000000000049e-04 1.000000000000000000e+00 1.844140000000000015e-02 1.910090000000000052e-02
2.134771340999999989e+00 1.844054800000000105e-02 5.891089999999999868e-04 1.000000000000000000e+00 1.843919999999999934e-02 1.909970000000000070e-02
2.135482930999999862e+00 1.843822300000000011e-02 5.892700000000000281e-04 1.000000000000000000e+00 1.843749999999999903e-02 1.909910000000000080e-02
2.136194758999999888e+00 1.843728400000000170e-02 5.894270000000000065e-04 1.000000000000000000e+00 1.843670000000000031e-02 1.909910000000000080e-02
2.136906823999999983e+00 1.843730799999999947e-02 5.895850000000000006e-04 1.000000000000000000e+00 1.843660000000000090e-02 1.909980000000000011e-02
2.137619126000000147e+00 1.843757400000000171e-02 5.897429999999999947e-04 1.000000000000000000e+00 1.843679999999999972e-02 1.910070000000000170e-02
2.138331666000000020e+00 1.843719200000000155e-02 5.899020000000000045e-04 1.000000000000000000e+00 1.843660000000000090e-02 1.910140000000000102e-02
2.139044442999999962e+00 1.843527400000000149e-02 5.900579999999999671e-04 1.000000000000000000e+00 1.843519999999999881e-02 1.910099999999999992e-02
2.139757458000000057e+00 1.843107700000000057e-02 5.902080000000000520e-04 1.000000000000000000e+00 1.843200000000000047e-02 1.909889999999999852e-02
2.140470710000000221e+00 1.842412499999999953e-02 5.903479999999999795e-04 1.000000000000000000e+00 1.842639999999999903e-02 1.909469999999999917e-02
2.141184200000000093e+00 1.841425899999999879e-02 5.904760000000000434e-04 1.000000000000000000e+00 1.841819999999999916e-02 1.908819999999999961e-02
2.141897929000000200e+00 1.840162799999999974e-02 5.905889999999999794e-04 1.000000000000000000e+00 1.840759999999999966e-02 1.907930000000000043e-02
2.142611894999999933e+00 1.838661899999999988e-02 5.906820000000000343e-04 1.000000000000000000e+00 1.839489999999999875e-02 1.906849999999999865e-02
2.143326098999999818e+00 1.836976300000000076e-02 5.907529999999999596e-04 1.000000000000000000e+00 1.838089999999999863e-02 1.905619999999999883e-02
2.144040540999999855e+00 1.835163100000000019e-02 5.907980000000000176e-04 1.000000000000000000e+00 1.836609999999999979e-02 1.904279999999999862e-02
2.144755221000000045e+00 1.833274999999999835e-02 5.908110000000000054e-04 1.000000000000000000e+00 1.835089999999999985e-02 1.902879999999999849e-02
2.145470138999999943e+00 1.831356899999999829e-02 5.907889999999999843e-04 1.000000000000000000e+00 1.833569999999999992e-02 1.901419999999999846e-02
2.146185296000000076e+00 1.829447699999999996e-02 5.907319999999999542e-04 1.000000000000000000e+00 1.832049999999999998e-02 1.899920000000000081e-02
2.146900690999999917e+00 1.827585500000000057e-02 5.906429999999999623e-04 1.000000000000000000e+00 1.830520000000000064e-02 1.898369999999999919e-02
2.147616323999999910e+00 1.825816200000000139e-02 5.905290000000000105e-04 1.000000000000000000e+00 1.828959999999999961e-02 1.896770000000000053e-02
2.148332197000000221e+00 1.824198299999999981e-02 5.904029999999999782e-04 1.000000000000000000e+00 1.827389999999999917e-02 1.895149999999999960e-02
2.149048307000000158e+00 1.822800999999999935e-02 5.902810000000000088e-04 1.000000000000000000e+00 1.825830000000000161e-02 1.893540000000000154e-02
2.149764656999999968e+00 1.821695400000000048e-02 5.901829999999999837e-04 1.000000000000000000e+00 1.824349999999999930e-02 1.892030000000000101e-02
2.150481244999999930e+00 1.820936100000000030e-02 5.901259999999999535e-04 1.000000000000000000e+00 1.823019999999999849e-02 1.890700000000000019e-02
2.151198072000000128e+00 1.820541999999999994e-02 5.901259999999999535e-04 1.000000000000000000e+00 1.821920000000000137e-02 1.889640000000000070e-02
2.151915138000000116e+00 1.820479700000000173e-02 5.901899999999999855e-04 1.000000000000000000e+00 1.821110000000000090e-02 1.888899999999999954e-02
2.152632442999999896e+00 1.820657999999999999e-02 5.903189999999999566e-04 1.000000000000000000e+00 1.820599999999999996e-02 1.888489999999999960e-02
2.153349986999999910e+00 1.820936500000000166e-02 5.905030000000000348e-04 1.000000000000000000e+00 1.820340000000000152e-02 1.888369999999999979e-02
2.154067770999999798e+00 1.821146400000000012e-02 5.907249999999999524e-04 1.000000000000000000e+00 1.820249999999999993e-02 1.888439999999999910e-02
2.154785792999999838e+00 1.821120099999999978e-02 5.909630000000000135e-04 1.000000000000000000e+00 1.820190000000000002e-02 1.888559999999999892e-02
2.155504055000000196e+00 1.820722500000000049e-02 5.911910000000000255e-04 1.000000000000000000e+00 1.820039999999999852e-02 1.888600000000000001e-02
2.156222555999999901e+00 1.819876999999999953e-02 5.913869999999999674e-04 1.000000000000000000e+00 1.819669999999999968e-02 1.888410000000000089e-02
2.156941296999999924e+00 1.818581099999999964e-02 5.915350000000000209e-04 1.000000000000000000e+00 1.819000000000000131e-02 1.887899999999999995e-02
2.157660277999999821e+00 1.816908799999999991e-02 5.916260000000000442e-04 1.000000000000000000e+00 1.817979999999999943e-02 1.887039999999999898e-02
2.158379497999999952e+00 1.814998699999999937e-02 5.916629999999999763e-04 1.000000000000000000e+00 1.816639999999999922e-02 1.885850000000000026e-02
2.159098957999999957e+00 1.813030699999999829e-02 5.916549999999999587e-04 1.000000000000000000e+00 1.815069999999999878e-02 1.884409999999999905e-02
2.159818657000000197e+00 1.811193499999999915e-02 5.916229999999999970e-04 1.000000000000000000e+00 1.813390000000000141e-02 1.882839999999999861e-02
2.160538596999999950e+00 1.809651099999999915e-02 5.915869999999999723e-04 1.000000000000000000e+00 1.811739999999999878e-02 1.881290000000000046e-02
2.161258775999999937e+00 1.808513499999999871e-02 5.915719999999999529e-04 1.000000000000000000e+00 1.810250000000000054e-02 1.879899999999999974e-02
2.161979195999999881e+00 1.807820599999999944e-02 5.915960000000000055e-04 1.000000000000000000e+00 1.809030000000000013e-02 1.878789999999999974e-02
2.162699856000000143e+00 1.807542700000000155e-02 5.916699999999999781e-04 1.000000000000000000e+00 1.808150000000000035e-02 1.878020000000000037e-02
2.163420755999999834e+00 1.807597600000000054e-02 5.917970000000000261e-04 1.000000000000000000e+00 1.807620000000000060e-02 1.877600000000000102e-02
2.164141895999999843e+00 1.807878300000000105e-02 5.919729999999999784e-04 1.000000000000000000e+00 1.807390000000000038e-02 1.877509999999999943e-02
2.164863276999999808e+00 1.808282699999999923e-02 5.921890000000000183e-04 1.000000000000000000e+00 1.807409999999999919e-02 1.877670000000000033e-02
2.165584898000000091e+00 1.808732000000000048e-02 5.924329999999999570e-04 1.000000000000000000e+00 1.807610000000000119e-02 1.878010000000000096e-02
2.166306758999999804e+00 1.809174499999999935e-02 5.926930000000000393e-04 1.000000000000000000e+00 1.807929999999999954e-02 1.878470000000000140e-02
2.167028862000000000e+00 1.809577700000000039e-02 5.929610000000000306e-04 1.000000000000000000e+00 1.808310000000000126e-02 1.879000000000000115e-02
2.167751205000000070e+00 1.809915999999999955e-02 5.932259999999999747e-04 1.000000000000000000e+00 1.808720000000000119e-02 1.879540000000000030e-02
2.168473788000000013e+00 1.810163500000000134e-02 5.934819999999999939e-04 1.000000000000000000e+00 1.809109999999999885e-02 1.880060000000000064e-02
2.169196612999999996e+00 1.810298600000000147e-02 5.937219999999999781e-04 1.000000000000000000e+00 1.809449999999999947e-02 1.880520000000000108e-02
2.169919677999999852e+00 1.810316199999999903e-02 5.939419999999999726e-04 1.000000000000000000e+00 1.809699999999999850e-02 1.880880000000000052e-02
2.170642985000000191e+00 1.810235699999999948e-02 5.941409999999999617e-04 1.000000000000000000e+00 1.809850000000000000e-02 1.881120000000000014e-02
2.171366533000000043e+00 1.810101799999999997e-02 5.943230000000000084e-04 1.000000000000000000e+00 1.809890000000000110e-02 1.881259999999999877e-02
2.172090321000000213e+00 1.809969599999999845e-02 5.944929999999999746e-04 1.000000000000000000e+00 1.809850000000000000e-02 1.881319999999999867e-02
2.172814352000000060e+00 1.809884499999999882e-02 5.946589999999999862e-04 1.000000000000000000e+00 1.809780000000000069e-02 1.881350000000000036e-02
2.173538622999999781e+00 1.809865100000000032e-02 5.948260000000000136e-04 1.000000000000000000e+00 1.809720000000000079e-02 1.881400000000000086e-02
2.174263135999999985e+00 1.809898399999999852e-02 5.949980000000000113e-04 1.000000000000000000e+00 1.809689999999999910e-02 1.881479999999999958e-02
2.174987890000000146e+00 1.809946200000000019e-02 5.951729999999999477e-04 1.000000000000000000e+00 1.809710000000000138e-02 1.881589999999999999e-02
2.175712885999999902e+00 1.809958399999999842e-02 5.953510000000000399e-04 1.000000000000000000e+00 1.809730000000000019e-02 1.881700000000000039e-02
2.176438124000000141e+00 1.809882800000000083e-02 5.955249999999999606e-04 1.000000000000000000e+00 1.809710000000000138e-02 1.881779999999999911e-02
2.177163602999999892e+00 1.809667599999999904e-02 5.956919999999999880e-04 1.000000000000000000e+00 1.809619999999999979e-02 1.881779999999999911e-02
2.177889324000000126e+00 1.809261100000000150e-02 5.958450000000000118e-04 1.000000000000000000e+00 1.809389999999999957e-02 1.881640000000000049e-02
2.178615288000000039e+00 1.808616500000000127e-02 5.959809999999999847e-04 1.000000000000000000e+00 1.808989999999999904e-02 1.881340000000000096e-02
2.179341492999999907e+00 1.807709399999999841e-02 5.960919999999999977e-04 1.000000000000000000e+00 1.808399999999999938e-02 1.880839999999999942e-02
2.180067939999999815e+00 1.806562999999999919e-02 5.961729999999999721e-04 1.000000000000000000e+00 1.807599999999999832e-02 1.880120000000000055e-02
2.180794629000000207e+00 1.805272499999999863e-02 5.962260000000000476e-04 1.000000000000000000e+00 1.806610000000000160e-02 1.879219999999999849e-02
2.181521560999999831e+00 1.804006600000000043e-02 5.962569999999999936e-04 1.000000000000000000e+00 1.805510000000000101e-02 1.878190000000000068e-02
2.182248734999999940e+00 1.802979999999999861e-02 5.962819999999999536e-04 1.000000000000000000e+00 1.804400000000000101e-02 1.877169999999999880e-02
2.182976151000000087e+00 1.802401500000000087e-02 5.963270000000000116e-04 1.000000000000000000e+00 1.803449999999999845e-02 1.876289999999999902e-02
2.183703808999999829e+00 1.802413300000000121e-02 5.964180000000000349e-04 1.000000000000000000e+00 1.802799999999999889e-02 1.875730000000000106e-02
2.184431711000000220e+00 1.803050399999999928e-02 5.965770000000000448e-04 1.000000000000000000e+00 1.802580000000000154e-02 1.875620000000000065e-02
2.185159855000000206e+00 1.804231900000000111e-02 5.968160000000000132e-04 1.000000000000000000e+00 1.802839999999999998e-02 1.876009999999999830e-02
2.185888240999999788e+00 1.805789799999999931e-02 5.971340000000000328e-04 1.000000000000000000e+00 1.803570000000000173e-02 1.876900000000000096e-02
2.186616871000000017e+00 1.807515499999999900e-02 5.975159999999999760e-04 1.000000000000000000e+00 1.804690000000000114e-02 1.878200000000000008e-02
2.187345742999999842e+00 1.809204600000000052e-02 5.979390000000000226e-04 1.000000000000000000e+00 1.806079999999999838e-02 1.879770000000000052e-02
2.188074857999999789e+00 1.810681299999999938e-02 5.983749999999999486e-04 1.000000000000000000e+00 1.807570000000000010e-02 1.881450000000000136e-02
2.188804216999999941e+00 1.811798200000000122e-02 5.987949999999999480e-04 1.000000000000000000e+00 1.809020000000000072e-02 1.883059999999999942e-02
2.189533818000000132e+00 1.812416799999999953e-02 5.991730000000000450e-04 1.000000000000000000e+00 1.810269999999999935e-02 1.884450000000000014e-02
2.190263663000000083e+00 1.812385999999999858e-02 5.994830000000000471e-04 1.000000000000000000e+00 1.811139999999999972e-02 1.885430000000000092e-02
2.190993750000000073e+00 1.811526399999999898e-02 5.996999999999999944e-04 1.000000000000000000e+00 1.811449999999999866e-02 1.885830000000000145e-02
2.191724081999999907e+00 1.809629499999999835e-02 5.997970000000000038e-04 1.000000000000000000e+00 1.811010000000000050e-02 1.885440000000000033e-02
2.192454655999999780e+00 1.806469800000000056e-02 5.997469999999999754e-04 1.000000000000000000e+00 1.809579999999999869e-02 1.884059999999999901e-02
2.193185474999999940e+00 1.801828100000000057e-02 5.995170000000000403e-04 1.000000000000000000e+00 1.806949999999999876e-02 1.881439999999999849e-02
2.193916536000000139e+00 1.795525300000000088e-02 5.990719999999999726e-04 1.000000000000000000e+00 1.802890000000000048e-02 1.877349999999999852e-02
2.194647842000000182e+00 1.787465200000000129e-02 5.983790000000000116e-04 1.000000000000000000e+00 1.797210000000000127e-02 1.871609999999999940e-02
2.195379390999999902e+00 1.777679899999999938e-02 5.974090000000000259e-04 1.000000000000000000e+00 1.789759999999999962e-02 1.864040000000000141e-02
2.196111183999999827e+00 1.766366299999999959e-02 5.961449999999999649e-04 1.000000000000000000e+00 1.780510000000000079e-02 1.854619999999999880e-02
2.196843220999999957e+00 1.753894900000000159e-02 5.945889999999999682e-04 1.000000000000000000e+00 1.769549999999999942e-02 1.843430000000000069e-02
2.197575501999999847e+00 1.740780100000000052e-02 5.927709999999999663e-04 1.000000000000000000e+00 1.757159999999999972e-02 1.830760000000000026e-02
2.198308028000000025e+00 1.727611700000000056e-02 5.907490000000000050e-04 1.000000000000000000e+00 1.743779999999999983e-02 1.817049999999999915e-02
2.199040796999999881e+00 1.714967800000000153e-02 5.886069999999999974e-04 1.000000000000000000e+00 1.730009999999999881e-02 1.802919999999999870e-02
2.199773811000000023e+00 1.703335599999999950e-02 5.864429999999999686e-04 1.000000000000000000e+00 1.716499999999999970e-02 1.789050000000000015e-02
