8.000000000000000444e-01 1.988125699999999940e-02 3.747670000000000255e-04 1.000000000000000000e+00 1.988059999999999827e-02 1.988590000000000149e-02
8.002666667000000178e-01 1.988233500000000098e-02 3.747269999999999920e-04 1.000000000000000000e+00 1.988149999999999987e-02 1.988689999999999902e-02
8.005334222000000111e-01 1.988350900000000060e-02 3.746469999999999792e-04 1.000000000000000000e+00 1.988260000000000027e-02 1.988790000000000002e-02
8.008002667000000407e-01 1.988477900000000173e-02 3.745900000000000033e-04 1.000000000000000000e+00 1.988370000000000068e-02 1.988909999999999983e-02
8.010672000999999876e-01 1.988614799999999933e-02 3.745520000000000013e-04 1.000000000000000000e+00 1.988499999999999990e-02 1.989029999999999965e-02
8.013342224999999708e-01 1.988762599999999853e-02 3.745299999999999801e-04 1.000000000000000000e+00 1.988629999999999912e-02 1.989169999999999827e-02
8.016013338999999904e-01 1.988921700000000070e-02 3.745210000000000010e-04 1.000000000000000000e+00 1.988780000000000062e-02 1.989319999999999977e-02
8.018685344000000548e-01 1.989092599999999975e-02 3.745210000000000010e-04 1.000000000000000000e+00 1.988940000000000152e-02 1.989470000000000127e-02
8.021358239000000445e-01 1.989276400000000028e-02 3.745290000000000186e-04 1.000000000000000000e+00 1.989109999999999837e-02 1.989640000000000158e-02
8.024032024999999679e-01 1.989474999999999924e-02 3.745420000000000064e-04 1.000000000000000000e+00 1.989290000000000155e-02 1.989830000000000071e-02
8.026706702000000471e-01 1.989691700000000008e-02 3.745579999999999873e-04 1.000000000000000000e+00 1.989490000000000008e-02 1.990029999999999924e-02
8.029382270999999571e-01 1.989931099999999939e-02 3.745779999999999769e-04 1.000000000000000000e+00 1.989700000000000149e-02 1.990240000000000065e-02
8.032058732000000312e-01 1.990198400000000103e-02 3.746010000000000138e-04 1.000000000000000000e+00 1.989940000000000112e-02 1.990480000000000027e-02
8.034736085000000472e-01 1.990497999999999920e-02 3.746259999999999738e-04 1.000000000000000000e+00 1.990199999999999955e-02 1.990750000000000158e-02
8.037414330000000051e-01 1.990832500000000102e-02 3.746549999999999967e-04 1.000000000000000000e+00 1.990499999999999908e-02 1.991040000000000171e-02
8.040093468000000243e-01 1.991200499999999998e-02 3.746870000000000127e-04 1.000000000000000000e+00 1.990830000000000030e-02 1.991369999999999946e-02
8.042773498999999937e-01 1.991595700000000149e-02 3.747210000000000059e-04 1.000000000000000000e+00 1.991189999999999974e-02 1.991739999999999830e-02
8.045454424000000326e-01 1.992006699999999964e-02 3.747579999999999922e-04 1.000000000000000000e+00 1.991580000000000086e-02 1.992129999999999942e-02
8.048136242000000218e-01 1.992417599999999830e-02 3.747959999999999942e-04 1.000000000000000000e+00 1.991990000000000080e-02 1.992529999999999996e-02
8.050818953999999694e-01 1.992810999999999888e-02 3.748339999999999962e-04 1.000000000000000000e+00 1.992400000000000074e-02 1.992939999999999989e-02
8.053502559999999866e-01 1.993170400000000148e-02 3.748690000000000052e-04 1.000000000000000000e+00 1.992789999999999839e-02 1.993340000000000042e-02
8.056187060999999705e-01 1.993483199999999955e-02 3.749019999999999827e-04 1.000000000000000000e+00 1.993160000000000071e-02 1.993699999999999986e-02
8.058872457000000322e-01 1.993742299999999926e-02 3.749289999999999741e-04 1.000000000000000000e+00 1.993479999999999905e-02 1.994030000000000108e-02
8.061558747999999497e-01 1.993945899999999966e-02 3.749520000000000110e-04 1.000000000000000000e+00 1.993759999999999977e-02 1.994299999999999892e-02
8.064245933999999449e-01 1.994096299999999905e-02 3.749690000000000076e-04 1.000000000000000000e+00 1.993980000000000058e-02 1.994519999999999973e-02
8.066934016000000263e-01 1.994197600000000015e-02 3.749809999999999797e-04 1.000000000000000000e+00 1.994150000000000089e-02 1.994690000000000005e-02
8.069622993999999716e-01 1.994254200000000060e-02 3.749879999999999815e-04 1.000000000000000000e+00 1.994270000000000070e-02 1.994819999999999927e-02
8.072312868000000030e-01 1.994269799999999829e-02 3.749889999999999972e-04 1.000000000000000000e+00 1.994349999999999942e-02 1.994889999999999858e-02
8.075003639000000177e-01 1.994246800000000139e-02 3.749870000000000200e-04 1.000000000000000000e+00 1.994380000000000111e-02 1.994929999999999967e-02
8.077695307000000158e-01 1.994187399999999832e-02 3.749790000000000024e-04 1.000000000000000000e+00 1.994380000000000111e-02 1.994929999999999967e-02
8.080387871999999971e-01 1.994093200000000149e-02 3.749679999999999918e-04 1.000000000000000000e+00 1.994340000000000002e-02 1.994889999999999858e-02
8.083081334999999701e-01 1.993965300000000163e-02 3.749520000000000110e-04 1.000000000000000000e+00 1.994270000000000070e-02 1.994809999999999986e-02
8.085775695000000374e-01 1.993803599999999926e-02 3.749320000000000213e-04 1.000000000000000000e+00 1.994160000000000030e-02 1.994699999999999945e-02
8.088470953999999935e-01 1.993605799999999956e-02 3.749080000000000229e-04 1.000000000000000000e+00 1.994009999999999880e-02 1.994550000000000142e-02
8.091167111000000522e-01 1.993366300000000077e-02 3.748809999999999773e-04 1.000000000000000000e+00 1.993819999999999967e-02 1.994359999999999883e-02
8.093864166999999998e-01 1.993075500000000139e-02 3.748499999999999771e-04 1.000000000000000000e+00 1.993580000000000005e-02 1.994119999999999920e-02
8.096562121000000500e-01 1.992719399999999877e-02 3.748150000000000223e-04 1.000000000000000000e+00 1.993280000000000052e-02 1.993819999999999967e-02
8.099260974999999974e-01 1.992280399999999882e-02 3.747749999999999888e-04 1.000000000000000000e+00 1.992910000000000167e-02 1.993450000000000083e-02
8.101960728999999528e-01 1.991736800000000127e-02 3.747290000000000234e-04 1.000000000000000000e+00 1.992460000000000064e-02 1.992999999999999980e-02
8.104661383000000274e-01 1.991062999999999861e-02 3.746749999999999864e-04 1.000000000000000000e+00 1.991899999999999921e-02 1.992439999999999836e-02
8.107362935999999909e-01 1.990228700000000114e-02 3.746110000000000087e-04 1.000000000000000000e+00 1.991220000000000143e-02 1.991750000000000118e-02
8.110065390999999790e-01 1.989198000000000008e-02 3.745350000000000046e-04 1.000000000000000000e+00 1.990369999999999986e-02 1.990909999999999902e-02
8.112768745999999753e-01 1.987930200000000147e-02 3.744420000000000040e-04 1.000000000000000000e+00 1.989339999999999858e-02 1.989880000000000121e-02
8.115473001999999880e-01 1.986382500000000162e-02 3.743290000000000137e-04 1.000000000000000000e+00 1.988089999999999996e-02 1.988619999999999971e-02
8.118178160000000254e-01 1.984514299999999912e-02 3.741910000000000093e-04 1.000000000000000000e+00 1.986560000000000062e-02 1.987099999999999977e-02
8.120884218999999682e-01 1.982296000000000058e-02 3.740249999999999977e-04 1.000000000000000000e+00 1.984740000000000115e-02 1.985270000000000090e-02
8.123591181000000550e-01 1.979714900000000000e-02 3.738279999999999858e-04 1.000000000000000000e+00 1.982580000000000106e-02 1.983110000000000081e-02
8.126299044000000471e-01 1.976780200000000098e-02 3.735979999999999965e-04 1.000000000000000000e+00 1.980070000000000094e-02 1.980600000000000069e-02
8.129007810999999695e-01 1.973522299999999965e-02 3.733349999999999755e-04 1.000000000000000000e+00 1.977220000000000019e-02 1.977759999999999935e-02
8.131717480000000275e-01 1.969986300000000148e-02 3.730420000000000242e-04 1.000000000000000000e+00 1.974060000000000051e-02 1.974590000000000026e-02
8.134428052000000076e-01 1.966222899999999982e-02 3.727219999999999730e-04 1.000000000000000000e+00 1.970610000000000070e-02 1.971140000000000045e-02
8.137139528000000288e-01 1.962279600000000138e-02 3.723789999999999934e-04 1.000000000000000000e+00 1.966930000000000067e-02 1.967450000000000102e-02
8.139851907999999803e-01 1.958196900000000115e-02 3.720180000000000015e-04 1.000000000000000000e+00 1.963060000000000152e-02 1.963579999999999839e-02
8.142565191999999730e-01 1.954011099999999890e-02 3.716419999999999902e-04 1.000000000000000000e+00 1.959030000000000146e-02 1.959549999999999834e-02
8.145279381000000152e-01 1.949764099999999958e-02 3.712550000000000225e-04 1.000000000000000000e+00 1.954900000000000040e-02 1.955420000000000075e-02
8.147994473999999876e-01 1.945519399999999857e-02 3.708609999999999988e-04 1.000000000000000000e+00 1.950719999999999885e-02 1.951229999999999978e-02
8.150710472000000095e-01 1.941376400000000002e-02 3.704649999999999979e-04 1.000000000000000000e+00 1.946540000000000076e-02 1.947050000000000169e-02
8.153427374999999699e-01 1.937477400000000086e-02 3.700749999999999830e-04 1.000000000000000000e+00 1.942479999999999901e-02 1.942989999999999995e-02
8.156145184999999964e-01 1.934002300000000132e-02 3.697050000000000119e-04 1.000000000000000000e+00 1.938669999999999977e-02 1.939170000000000130e-02
8.158863899999999614e-01 1.931148400000000029e-02 3.693670000000000026e-04 1.000000000000000000e+00 1.935279999999999986e-02 1.935780000000000139e-02
8.161583520999999841e-01 1.929096699999999914e-02 3.690790000000000216e-04 1.000000000000000000e+00 1.932489999999999902e-02 1.932980000000000115e-02
8.164304048999999619e-01 1.927976199999999890e-02 3.688540000000000026e-04 1.000000000000000000e+00 1.930460000000000162e-02 1.930940000000000087e-02
8.167025482999999975e-01 1.927834999999999965e-02 3.687049999999999876e-04 1.000000000000000000e+00 1.929300000000000112e-02 1.929780000000000037e-02
8.169747824999999963e-01 1.928630300000000117e-02 3.686359999999999854e-04 1.000000000000000000e+00 1.929070000000000090e-02 1.929540000000000075e-02
8.172471074999999585e-01 1.930240000000000081e-02 3.686450000000000187e-04 1.000000000000000000e+00 1.929720000000000046e-02 1.930180000000000090e-02
8.175195231999999868e-01 1.932493299999999900e-02 3.687240000000000157e-04 1.000000000000000000e+00 1.931129999999999999e-02 1.931580000000000102e-02
8.177920296999999783e-01 1.935211599999999907e-02 3.688629999999999817e-04 1.000000000000000000e+00 1.933160000000000087e-02 1.933609999999999843e-02
8.180646270000000442e-01 1.938244700000000056e-02 3.690499999999999987e-04 1.000000000000000000e+00 1.935639999999999930e-02 1.936080000000000093e-02
8.183373151999999706e-01 1.941494200000000100e-02 3.692780000000000108e-04 1.000000000000000000e+00 1.938420000000000074e-02 1.938859999999999889e-02
8.186100942999999797e-01 1.944913499999999934e-02 3.695390000000000003e-04 1.000000000000000000e+00 1.941419999999999951e-02 1.941850000000000173e-02
8.188829643999999686e-01 1.948485999999999968e-02 3.698339999999999831e-04 1.000000000000000000e+00 1.944569999999999979e-02 1.945010000000000142e-02
8.191559253000000318e-01 1.952181600000000086e-02 3.701600000000000203e-04 1.000000000000000000e+00 1.947870000000000157e-02 1.948309999999999972e-02
8.194289772999999721e-01 1.955908599999999983e-02 3.705150000000000262e-04 1.000000000000000000e+00 1.951280000000000028e-02 1.951719999999999844e-02
8.197021203000000034e-01 1.959471999999999950e-02 3.708879999999999903e-04 1.000000000000000000e+00 1.954720000000000069e-02 1.955170000000000172e-02
8.199753544000000227e-01 1.962559399999999968e-02 3.712599999999999928e-04 1.000000000000000000e+00 1.958009999999999959e-02 1.958470000000000003e-02
8.202486795000000219e-01 1.964764499999999831e-02 3.715980000000000021e-04 1.000000000000000000e+00 1.960879999999999915e-02 1.961349999999999899e-02
8.205220957000000093e-01 1.965654199999999907e-02 3.718659999999999934e-04 1.000000000000000000e+00 1.962969999999999993e-02 1.963449999999999918e-02
8.207956030999999930e-01 1.964868499999999907e-02 3.720209999999999945e-04 1.000000000000000000e+00 1.963890000000000080e-02 1.964379999999999946e-02
8.210692015999999649e-01 1.962236100000000136e-02 3.720299999999999736e-04 1.000000000000000000e+00 1.963310000000000055e-02 1.963809999999999861e-02
8.213428913000000442e-01 1.957872100000000032e-02 3.718759999999999882e-04 1.000000000000000000e+00 1.961080000000000115e-02 1.961589999999999862e-02
8.216166723000000172e-01 1.952228300000000139e-02 3.715659999999999861e-04 1.000000000000000000e+00 1.957280000000000131e-02 1.957800000000000165e-02
8.218905444999999865e-01 1.946065199999999842e-02 3.711349999999999762e-04 1.000000000000000000e+00 1.952299999999999869e-02 1.952819999999999903e-02
8.221645079999999606e-01 1.940337300000000154e-02 3.706469999999999904e-04 1.000000000000000000e+00 1.946789999999999979e-02 1.947329999999999894e-02
8.224385628999999476e-01 1.936008300000000015e-02 3.701819999999999872e-04 1.000000000000000000e+00 1.941599999999999923e-02 1.942139999999999839e-02
8.227127091000000503e-01 1.933839600000000075e-02 3.698220000000000110e-04 1.000000000000000000e+00 1.937559999999999977e-02 1.938109999999999833e-02
8.229869466000000466e-01 1.934215099999999840e-02 3.696349999999999940e-04 1.000000000000000000e+00 1.935390000000000027e-02 1.935939999999999883e-02
8.232612755999999532e-01 1.937057500000000099e-02 3.696579999999999766e-04 1.000000000000000000e+00 1.935430000000000136e-02 1.935989999999999933e-02
8.235356959999999837e-01 1.941862800000000028e-02 3.698910000000000132e-04 1.000000000000000000e+00 1.937699999999999839e-02 1.938259999999999983e-02
8.238102079000000355e-01 1.947843000000000144e-02 3.702980000000000247e-04 1.000000000000000000e+00 1.941800000000000123e-02 1.942369999999999861e-02
8.240848112999999975e-01 1.954122900000000024e-02 3.708170000000000108e-04 1.000000000000000000e+00 1.947079999999999991e-02 1.947660000000000016e-02
8.243595062999999890e-01 1.959932400000000130e-02 3.713769999999999918e-04 1.000000000000000000e+00 1.952809999999999963e-02 1.953389999999999987e-02
8.246342928000000017e-01 1.964733899999999978e-02 3.719129999999999745e-04 1.000000000000000000e+00 1.958280000000000090e-02 1.958870000000000056e-02
8.249091709000000439e-01 1.968266000000000113e-02 3.723760000000000004e-04 1.000000000000000000e+00 1.963000000000000161e-02 1.963590000000000127e-02
8.251841406000000045e-01 1.970505999999999994e-02 3.727369999999999924e-04 1.000000000000000000e+00 1.966640000000000055e-02 1.967239999999999961e-02
8.254592020000000030e-01 1.971587699999999971e-02 3.729890000000000028e-04 1.000000000000000000e+00 1.969140000000000126e-02 1.969740000000000033e-02
8.257343550000000310e-01 1.971709899999999835e-02 3.731370000000000021e-04 1.000000000000000000e+00 1.970540000000000139e-02 1.971149999999999985e-02
8.260095997999999939e-01 1.971070200000000008e-02 3.731939999999999780e-04 1.000000000000000000e+00 1.970989999999999895e-02 1.971600000000000089e-02
8.262849364000000030e-01 1.969837300000000166e-02 3.731750000000000041e-04 1.000000000000000000e+00 1.970639999999999892e-02 1.971260000000000026e-02
8.265603647000000498e-01 1.968157800000000165e-02 3.730949999999999913e-04 1.000000000000000000e+00 1.969660000000000161e-02 1.970279999999999948e-02
8.268358848000000316e-01 1.966182099999999947e-02 3.729679999999999974e-04 1.000000000000000000e+00 1.968189999999999870e-02 1.968810000000000004e-02
8.271114967999999568e-01 1.964088300000000134e-02 3.728110000000000191e-04 1.000000000000000000e+00 1.966400000000000092e-02 1.967019999999999880e-02
8.273872006000000390e-01 1.962085699999999849e-02 3.726390000000000214e-04 1.000000000000000000e+00 1.964460000000000164e-02 1.965089999999999892e-02
8.276629962999999535e-01 1.960397900000000054e-02 3.724709999999999783e-04 1.000000000000000000e+00 1.962579999999999880e-02 1.963209999999999955e-02
8.279388840000000416e-01 1.959227399999999980e-02 3.723280000000000036e-04 1.000000000000000000e+00 1.960970000000000074e-02 1.961600000000000149e-02
8.282148635999999620e-01 1.958718099999999865e-02 3.722260000000000239e-04 1.000000000000000000e+00 1.959810000000000024e-02 1.960440000000000099e-02
8.284909351999999449e-01 1.958927599999999922e-02 3.721810000000000201e-04 1.000000000000000000e+00 1.959239999999999940e-02 1.959870000000000015e-02
8.287670988999999988e-01 1.959818799999999903e-02 3.721959999999999852e-04 1.000000000000000000e+00 1.959320000000000159e-02 1.959959999999999827e-02
8.290433546000000042e-01 1.961270799999999953e-02 3.722719999999999892e-04 1.000000000000000000e+00 1.960040000000000046e-02 1.960680000000000062e-02
8.293197023999999695e-01 1.963104499999999975e-02 3.723980000000000215e-04 1.000000000000000000e+00 1.961289999999999908e-02 1.961929999999999924e-02
8.295961423000000057e-01 1.965116199999999980e-02 3.725620000000000017e-04 1.000000000000000000e+00 1.962929999999999883e-02 1.963569999999999899e-02
8.298726743000000017e-01 1.967111300000000049e-02 3.727460000000000257e-04 1.000000000000000000e+00 1.964770000000000058e-02 1.965410000000000074e-02
8.301492984999999658e-01 1.968933299999999983e-02 3.729350000000000200e-04 1.000000000000000000e+00 1.966640000000000055e-02 1.967290000000000011e-02
8.304260150000000174e-01 1.970484399999999914e-02 3.731130000000000037e-04 1.000000000000000000e+00 1.968390000000000070e-02 1.969049999999999967e-02
8.307028236000000287e-01 1.971736899999999848e-02 3.732729999999999750e-04 1.000000000000000000e+00 1.969929999999999945e-02 1.970589999999999842e-02
8.309797246000000248e-01 1.972731700000000116e-02 3.734090000000000022e-04 1.000000000000000000e+00 1.971219999999999917e-02 1.971890000000000101e-02
8.312567177999999890e-01 1.973566200000000104e-02 3.735249999999999855e-04 1.000000000000000000e+00 1.972290000000000154e-02 1.972959999999999992e-02
8.315338034000000489e-01 1.974369700000000102e-02 3.736270000000000194e-04 1.000000000000000000e+00 1.973219999999999835e-02 1.973890000000000020e-02
8.318109812999999741e-01 1.975272900000000012e-02 3.737239999999999746e-04 1.000000000000000000e+00 1.974100000000000160e-02 1.974779999999999938e-02
8.320882517000000034e-01 1.976377699999999973e-02 3.738279999999999858e-04 1.000000000000000000e+00 1.975060000000000010e-02 1.975740000000000135e-02
8.323656144000000090e-01 1.977736600000000108e-02 3.739460000000000006e-04 1.000000000000000000e+00 1.976189999999999891e-02 1.976870000000000016e-02
8.326430696000000076e-01 1.979345299999999905e-02 3.740840000000000051e-04 1.000000000000000000e+00 1.977529999999999913e-02 1.978210000000000038e-02
8.329206172999999991e-01 1.981151000000000093e-02 3.742419999999999991e-04 1.000000000000000000e+00 1.979090000000000016e-02 1.979770000000000141e-02
8.331982574999999835e-01 1.983069999999999972e-02 3.744169999999999898e-04 1.000000000000000000e+00 1.980830000000000091e-02 1.981520000000000156e-02
8.334759902999999692e-01 1.985007299999999933e-02 3.746010000000000138e-04 1.000000000000000000e+00 1.982679999999999859e-02 1.983369999999999925e-02
8.337538155999999478e-01 1.986873299999999953e-02 3.747879999999999766e-04 1.000000000000000000e+00 1.984570000000000084e-02 1.985260000000000150e-02
8.340317335000000387e-01 1.988594100000000073e-02 3.749700000000000233e-04 1.000000000000000000e+00 1.986399999999999971e-02 1.987099999999999977e-02
8.343097441000000281e-01 1.990117300000000117e-02 3.751399999999999895e-04 1.000000000000000000e+00 1.988120000000000165e-02 1.988820000000000171e-02
8.345878474000000269e-01 1.991414700000000010e-02 3.752939999999999748e-04 1.000000000000000000e+00 1.989660000000000040e-02 1.990360000000000046e-02
8.348660433000000269e-01 1.992482500000000017e-02 3.754280000000000247e-04 1.000000000000000000e+00 1.990990000000000121e-02 1.991700000000000068e-02
8.351443320000000448e-01 1.993340199999999937e-02 3.755419999999999765e-04 1.000000000000000000e+00 1.992110000000000061e-02 1.992820000000000008e-02
8.354227133999999610e-01 1.994024700000000122e-02 3.756370000000000087e-04 1.000000000000000000e+00 1.993019999999999861e-02 1.993730000000000155e-02
8.357011877000000144e-01 1.994582699999999931e-02 3.757160000000000057e-04 1.000000000000000000e+00 1.993759999999999977e-02 1.994479999999999864e-02
8.359797546999999662e-01 1.995061000000000057e-02 3.757839999999999922e-04 1.000000000000000000e+00 1.994370000000000170e-02 1.995090000000000058e-02
8.362584146999999524e-01 1.995498199999999958e-02 3.758440000000000153e-04 1.000000000000000000e+00 1.994879999999999917e-02 1.995600000000000152e-02
8.365371674999999563e-01 1.995920299999999828e-02 3.758990000000000139e-04 1.000000000000000000e+00 1.995339999999999961e-02 1.996059999999999848e-02
8.368160131999999862e-01 1.996340799999999846e-02 3.759529999999999968e-04 1.000000000000000000e+00 1.995780000000000123e-02 1.996500000000000011e-02
8.370949518000000422e-01 1.996762900000000063e-02 3.760069999999999797e-04 1.000000000000000000e+00 1.996200000000000058e-02 1.996919999999999945e-02
8.373739835000000298e-01 1.997183699999999923e-02 3.760600000000000010e-04 1.000000000000000000e+00 1.996619999999999992e-02 1.997350000000000167e-02
8.376531082000000517e-01 1.997597799999999840e-02 3.761139999999999839e-04 1.000000000000000000e+00 1.997029999999999986e-02 1.997770000000000101e-02
8.379323258999999968e-01 1.997998700000000113e-02 3.761670000000000053e-04 1.000000000000000000e+00 1.997449999999999920e-02 1.998180000000000095e-02
8.382116365999999763e-01 1.998379600000000159e-02 3.762190000000000109e-04 1.000000000000000000e+00 1.997849999999999973e-02 1.998590000000000089e-02
8.384910405000000067e-01 1.998733399999999896e-02 3.762689999999999850e-04 1.000000000000000000e+00 1.998240000000000086e-02 1.998979999999999854e-02
8.387705374999999686e-01 1.999052999999999941e-02 3.763160000000000203e-04 1.000000000000000000e+00 1.998600000000000029e-02 1.999340000000000145e-02
8.390501276999999813e-01 1.999333000000000013e-02 3.763600000000000083e-04 1.000000000000000000e+00 1.998930000000000151e-02 1.999679999999999860e-02
8.393298111000000450e-01 1.999570900000000040e-02 3.763990000000000261e-04 1.000000000000000000e+00 1.999230000000000104e-02 1.999969999999999873e-02
8.396095877000000485e-01 1.999768999999999852e-02 3.764339999999999809e-04 1.000000000000000000e+00 1.999480000000000007e-02 2.000230000000000063e-02
8.398894576000000001e-01 1.999934600000000118e-02 3.764649999999999811e-04 1.000000000000000000e+00 1.999700000000000089e-02 2.000450000000000145e-02
8.401694207000000025e-01 2.000079299999999935e-02 3.764929999999999883e-04 1.000000000000000000e+00 1.999880000000000060e-02 2.000630000000000117e-02
8.404494771999999614e-01 2.000216599999999831e-02 3.765190000000000182e-04 1.000000000000000000e+00 2.000040000000000151e-02 2.000800000000000148e-02
8.407296269999999794e-01 2.000358699999999976e-02 3.765430000000000166e-04 1.000000000000000000e+00 2.000189999999999954e-02 2.000949999999999951e-02
8.410098701999999538e-01 2.000513699999999923e-02 3.765679999999999765e-04 1.000000000000000000e+00 2.000340000000000104e-02 2.001100000000000101e-02
8.412902067999999955e-01 2.000683099999999923e-02 3.765929999999999907e-04 1.000000000000000000e+00 2.000489999999999907e-02 2.001249999999999904e-02
8.415706369000000020e-01 2.000862399999999916e-02 3.766199999999999821e-04 1.000000000000000000e+00 2.000649999999999998e-02 2.001419999999999935e-02
8.418511604999999731e-01 2.001042700000000077e-02 3.766469999999999736e-04 1.000000000000000000e+00 2.000829999999999970e-02 2.001589999999999966e-02
8.421317775000000116e-01 2.001214200000000012e-02 3.766759999999999965e-04 1.000000000000000000e+00 2.001000000000000001e-02 2.001769999999999938e-02
8.424124881000000231e-01 2.001369899999999938e-02 3.767029999999999879e-04 1.000000000000000000e+00 2.001160000000000092e-02 2.001930000000000029e-02
8.426932923000000075e-01 2.001508200000000001e-02 3.767299999999999794e-04 1.000000000000000000e+00 2.001309999999999895e-02 2.002090000000000120e-02
8.429741899999999566e-01 2.001633800000000157e-02 3.767560000000000093e-04 1.000000000000000000e+00 2.001450000000000104e-02 2.002229999999999982e-02
8.432551813999999979e-01 2.001755599999999885e-02 3.767810000000000234e-04 1.000000000000000000e+00 2.001580000000000026e-02 2.002359999999999904e-02
8.435362665000000204e-01 2.001883299999999977e-02 3.768059999999999834e-04 1.000000000000000000e+00 2.001709999999999948e-02 2.002490000000000173e-02
8.438174452000000159e-01 2.002024399999999954e-02 3.768309999999999976e-04 1.000000000000000000e+00 2.001839999999999870e-02 2.002630000000000035e-02
8.440987177000000008e-01 2.002180900000000152e-02 3.768569999999999733e-04 1.000000000000000000e+00 2.001990000000000020e-02 2.002769999999999898e-02
8.443800839999999752e-01 2.002349299999999985e-02 3.768840000000000189e-04 1.000000000000000000e+00 2.002140000000000170e-02 2.002929999999999988e-02
8.446615440000000419e-01 2.002521100000000109e-02 3.769120000000000261e-04 1.000000000000000000e+00 2.002309999999999854e-02 2.003100000000000019e-02
8.449430977999999870e-01 2.002686500000000133e-02 3.769399999999999791e-04 1.000000000000000000e+00 2.002479999999999885e-02 2.003270000000000051e-02
8.452247455000000409e-01 2.002835999999999853e-02 3.769670000000000247e-04 1.000000000000000000e+00 2.002639999999999976e-02 2.003440000000000082e-02
8.455064870999999815e-01 2.002963400000000102e-02 3.769930000000000004e-04 1.000000000000000000e+00 2.002790000000000126e-02 2.003589999999999885e-02
8.457883226000000310e-01 2.003065299999999896e-02 3.770169999999999988e-04 1.000000000000000000e+00 2.002920000000000048e-02 2.003720000000000154e-02
8.460702520999999754e-01 2.003141400000000086e-02 3.770390000000000200e-04 1.000000000000000000e+00 2.003030000000000088e-02 2.003829999999999847e-02
8.463522755000000286e-01 2.003192200000000062e-02 3.770590000000000096e-04 1.000000000000000000e+00 2.003109999999999960e-02 2.003910000000000066e-02
8.466343928999999768e-01 2.003218999999999833e-02 3.770770000000000220e-04 1.000000000000000000e+00 2.003169999999999951e-02 2.003970000000000057e-02
8.469166044000000504e-01 2.003222899999999862e-02 3.770919999999999871e-04 1.000000000000000000e+00 2.003200000000000119e-02 2.004010000000000166e-02
8.471989099000000190e-01 2.003205699999999895e-02 3.771049999999999749e-04 1.000000000000000000e+00 2.003210000000000060e-02 2.004020000000000107e-02
8.474813095000000018e-01 2.003169800000000056e-02 3.771170000000000013e-04 1.000000000000000000e+00 2.003189999999999832e-02 2.004010000000000166e-02
8.477638033000000073e-01 2.003118699999999891e-02 3.771269999999999961e-04 1.000000000000000000e+00 2.003160000000000010e-02 2.003970000000000057e-02
8.480463912000000271e-01 2.003056400000000070e-02 3.771359999999999752e-04 1.000000000000000000e+00 2.003109999999999960e-02 2.003929999999999947e-02
8.483290733999999667e-01 2.002986099999999950e-02 3.771450000000000084e-04 1.000000000000000000e+00 2.003049999999999969e-02 2.003869999999999957e-02
8.486118497000000316e-01 2.002909699999999918e-02 3.771530000000000260e-04 1.000000000000000000e+00 2.002970000000000098e-02 2.003800000000000026e-02
8.488947203000000163e-01 2.002826900000000132e-02 3.771609999999999893e-04 1.000000000000000000e+00 2.002889999999999879e-02 2.003720000000000154e-02
8.491776852000000320e-01 2.002736000000000099e-02 3.771690000000000069e-04 1.000000000000000000e+00 2.002810000000000007e-02 2.003629999999999994e-02
8.494607444999999757e-01 2.002634999999999832e-02 3.771760000000000087e-04 1.000000000000000000e+00 2.002709999999999907e-02 2.003539999999999835e-02
8.497438980999999503e-01 2.002523399999999940e-02 3.771830000000000105e-04 1.000000000000000000e+00 2.002610000000000154e-02 2.003440000000000082e-02
8.500271459999999557e-01 2.002403800000000095e-02 3.771889999999999965e-04 1.000000000000000000e+00 2.002500000000000113e-02 2.003339999999999982e-02
8.503104884000000085e-01 2.002282099999999967e-02 3.771940000000000210e-04 1.000000000000000000e+00 2.002380000000000132e-02 2.003220000000000001e-02
8.505939251999999895e-01 2.002167399999999972e-02 3.772000000000000071e-04 1.000000000000000000e+00 2.002270000000000091e-02 2.003109999999999960e-02
8.508774565000000178e-01 2.002069899999999944e-02 3.772059999999999931e-04 1.000000000000000000e+00 2.002160000000000051e-02 2.002999999999999919e-02
8.511610823999999909e-01 2.001998400000000108e-02 3.772129999999999949e-04 1.000000000000000000e+00 2.002069999999999891e-02 2.002910000000000107e-02
8.514448027000000030e-01 2.001958499999999946e-02 3.772219999999999740e-04 1.000000000000000000e+00 2.001999999999999960e-02 2.002850000000000116e-02
8.517286176999999681e-01 2.001950900000000130e-02 3.772329999999999846e-04 1.000000000000000000e+00 2.001959999999999851e-02 2.002810000000000007e-02
8.520125271999999805e-01 2.001971400000000095e-02 3.772460000000000266e-04 1.000000000000000000e+00 2.001959999999999851e-02 2.002810000000000007e-02
8.522965313999999459e-01 2.002012599999999920e-02 3.772620000000000075e-04 1.000000000000000000e+00 2.001970000000000138e-02 2.002829999999999888e-02
8.525806301999999670e-01 2.002066200000000157e-02 3.772790000000000041e-04 1.000000000000000000e+00 2.002009999999999901e-02 2.002860000000000057e-02
8.528648237999999493e-01 2.002125100000000033e-02 3.772970000000000165e-04 1.000000000000000000e+00 2.002050000000000010e-02 2.002910000000000107e-02
8.531491119999999873e-01 2.002185100000000023e-02 3.773159999999999904e-04 1.000000000000000000e+00 2.002110000000000001e-02 2.002970000000000098e-02
8.534334950999999947e-01 2.002245700000000045e-02 3.773359999999999800e-04 1.000000000000000000e+00 2.002160000000000051e-02 2.003020000000000148e-02
8.537179728999999551e-01 2.002308400000000002e-02 3.773560000000000239e-04 1.000000000000000000e+00 2.002220000000000041e-02 2.003080000000000138e-02
8.540025455999999959e-01 2.002375799999999914e-02 3.773769999999999751e-04 1.000000000000000000e+00 2.002270000000000091e-02 2.003140000000000129e-02
8.542872130999999980e-01 2.002449499999999979e-02 3.773989999999999962e-04 1.000000000000000000e+00 2.002340000000000023e-02 2.003210000000000060e-02
8.545719754999999695e-01 2.002529200000000009e-02 3.774210000000000173e-04 1.000000000000000000e+00 2.002409999999999954e-02 2.003279999999999991e-02
8.548568328000000216e-01 2.002612399999999931e-02 3.774450000000000157e-04 1.000000000000000000e+00 2.002479999999999885e-02 2.003349999999999922e-02
8.551417851000000514e-01 2.002695100000000117e-02 3.774690000000000142e-04 1.000000000000000000e+00 2.002550000000000163e-02 2.003430000000000141e-02
8.554268323000000507e-01 2.002773000000000053e-02 3.774939999999999741e-04 1.000000000000000000e+00 2.002630000000000035e-02 2.003510000000000013e-02
8.557119746000000360e-01 2.002842999999999984e-02 3.775189999999999883e-04 1.000000000000000000e+00 2.002699999999999966e-02 2.003579999999999944e-02
8.559972118999999990e-01 2.002903699999999954e-02 3.775440000000000024e-04 1.000000000000000000e+00 2.002759999999999957e-02 2.003649999999999876e-02
8.562825442999999481e-01 2.002956300000000023e-02 3.775690000000000166e-04 1.000000000000000000e+00 2.002819999999999948e-02 2.003709999999999866e-02
8.565679719000000025e-01 2.003003700000000054e-02 3.775930000000000150e-04 1.000000000000000000e+00 2.002869999999999998e-02 2.003759999999999916e-02
8.568534945000000347e-01 2.003049700000000127e-02 3.776179999999999749e-04 1.000000000000000000e+00 2.002920000000000048e-02 2.003809999999999966e-02
8.571391123999999584e-01 2.003098500000000115e-02 3.776419999999999734e-04 1.000000000000000000e+00 2.002970000000000098e-02 2.003869999999999957e-02
8.574248253999999791e-01 2.003153300000000067e-02 3.776660000000000260e-04 1.000000000000000000e+00 2.003020000000000148e-02 2.003920000000000007e-02
8.577106337000000025e-01 2.003216099999999972e-02 3.776909999999999859e-04 1.000000000000000000e+00 2.003080000000000138e-02 2.003989999999999938e-02
8.579965372000000201e-01 2.003287700000000102e-02 3.777149999999999844e-04 1.000000000000000000e+00 2.003150000000000069e-02 2.004059999999999869e-02
8.582825361000000486e-01 2.003367699999999973e-02 3.777399999999999985e-04 1.000000000000000000e+00 2.003229999999999941e-02 2.004140000000000088e-02
8.585686301999999603e-01 2.003455200000000061e-02 3.777639999999999969e-04 1.000000000000000000e+00 2.003320000000000101e-02 2.004229999999999901e-02
8.588548198000000022e-01 2.003548800000000060e-02 3.777890000000000111e-04 1.000000000000000000e+00 2.003409999999999913e-02 2.004330000000000001e-02
8.591411047000000467e-01 2.003647000000000067e-02 3.778130000000000095e-04 1.000000000000000000e+00 2.003510000000000013e-02 2.004430000000000101e-02
8.594274850999999993e-01 2.003747900000000040e-02 3.778380000000000237e-04 1.000000000000000000e+00 2.003620000000000054e-02 2.004540000000000141e-02
8.597139608999999627e-01 2.003849499999999992e-02 3.778620000000000221e-04 1.000000000000000000e+00 2.003720000000000154e-02 2.004649999999999835e-02
8.600005321999999452e-01 2.003949600000000039e-02 3.778860000000000205e-04 1.000000000000000000e+00 2.003829999999999847e-02 2.004749999999999935e-02
8.602871990999999552e-01 2.004046199999999847e-02 3.779100000000000189e-04 1.000000000000000000e+00 2.003929999999999947e-02 2.004859999999999975e-02
8.605739614999999842e-01 2.004137900000000153e-02 3.779330000000000016e-04 1.000000000000000000e+00 2.004020000000000107e-02 2.004950000000000135e-02
8.608608195000000407e-01 2.004223700000000094e-02 3.779559999999999842e-04 1.000000000000000000e+00 2.004109999999999919e-02 2.005049999999999888e-02
8.611477731000000135e-01 2.004303400000000124e-02 3.779790000000000211e-04 1.000000000000000000e+00 2.004200000000000079e-02 2.005130000000000107e-02
8.614348223000000138e-01 2.004376999999999895e-02 3.780020000000000038e-04 1.000000000000000000e+00 2.004270000000000010e-02 2.005209999999999979e-02
8.617219672999999469e-01 2.004445100000000132e-02 3.780249999999999865e-04 1.000000000000000000e+00 2.004339999999999941e-02 2.005279999999999910e-02
8.620092079000000185e-01 2.004508099999999932e-02 3.780480000000000233e-04 1.000000000000000000e+00 2.004399999999999932e-02 2.005349999999999841e-02
8.622965443000000230e-01 2.004566899999999860e-02 3.780710000000000060e-04 1.000000000000000000e+00 2.004459999999999922e-02 2.005409999999999832e-02
8.625839764999999604e-01 2.004622199999999896e-02 3.780939999999999887e-04 1.000000000000000000e+00 2.004509999999999972e-02 2.005459999999999882e-02
8.628715045000000528e-01 2.004675100000000154e-02 3.781179999999999871e-04 1.000000000000000000e+00 2.004560000000000022e-02 2.005509999999999932e-02
8.631591282999999670e-01 2.004726700000000056e-02 3.781410000000000240e-04 1.000000000000000000e+00 2.004610000000000072e-02 2.005559999999999982e-02
8.634468480000000445e-01 2.004777900000000168e-02 3.781650000000000224e-04 1.000000000000000000e+00 2.004660000000000122e-02 2.005619999999999972e-02
8.637346636999999605e-01 2.004829400000000122e-02 3.781890000000000208e-04 1.000000000000000000e+00 2.004710000000000172e-02 2.005670000000000022e-02
8.640225752000000314e-01 2.004881199999999919e-02 3.782130000000000192e-04 1.000000000000000000e+00 2.004770000000000163e-02 2.005730000000000013e-02
8.643105827000000518e-01 2.004932900000000115e-02 3.782370000000000176e-04 1.000000000000000000e+00 2.004819999999999866e-02 2.005790000000000003e-02
8.645986863000000300e-01 2.004984199999999828e-02 3.782610000000000161e-04 1.000000000000000000e+00 2.004879999999999857e-02 2.005849999999999994e-02
8.648868857999999493e-01 2.005034799999999909e-02 3.782839999999999987e-04 1.000000000000000000e+00 2.004929999999999907e-02 2.005909999999999985e-02
8.651751814999999457e-01 2.005084700000000011e-02 3.783069999999999814e-04 1.000000000000000000e+00 2.004989999999999897e-02 2.005960000000000035e-02
8.654635732000000026e-01 2.005134700000000061e-02 3.783290000000000025e-04 1.000000000000000000e+00 2.005039999999999947e-02 2.006020000000000025e-02
8.657520610000000172e-01 2.005185899999999827e-02 3.783519999999999852e-04 1.000000000000000000e+00 2.005099999999999938e-02 2.006080000000000016e-02
8.660406451000000061e-01 2.005239600000000011e-02 3.783740000000000063e-04 1.000000000000000000e+00 2.005149999999999988e-02 2.006130000000000066e-02
8.663293252999999527e-01 2.005296399999999951e-02 3.783959999999999733e-04 1.000000000000000000e+00 2.005209999999999979e-02 2.006190000000000057e-02
8.666181016999999764e-01 2.005356399999999942e-02 3.784179999999999944e-04 1.000000000000000000e+00 2.005269999999999969e-02 2.006259999999999988e-02
8.669069743999999744e-01 2.005418399999999921e-02 3.784400000000000155e-04 1.000000000000000000e+00 2.005329999999999960e-02 2.006319999999999978e-02
8.671959433999999467e-01 2.005480700000000088e-02 3.784619999999999825e-04 1.000000000000000000e+00 2.005399999999999891e-02 2.006389999999999910e-02
8.674850087000000043e-01 2.005541099999999868e-02 3.784840000000000036e-04 1.000000000000000000e+00 2.005459999999999882e-02 2.006449999999999900e-02
8.677741704000000444e-01 2.005597799999999861e-02 3.785060000000000247e-04 1.000000000000000000e+00 2.005519999999999872e-02 2.006509999999999891e-02
8.680634284999999561e-01 2.005649600000000005e-02 3.785279999999999916e-04 1.000000000000000000e+00 2.005569999999999922e-02 2.006569999999999881e-02
8.683527828999999532e-01 2.005696300000000057e-02 3.785500000000000128e-04 1.000000000000000000e+00 2.005619999999999972e-02 2.006619999999999931e-02
8.686422338999999493e-01 2.005738500000000049e-02 3.785710000000000182e-04 1.000000000000000000e+00 2.005670000000000022e-02 2.006669999999999981e-02
8.689317813000000390e-01 2.005777599999999938e-02 3.785929999999999851e-04 1.000000000000000000e+00 2.005710000000000132e-02 2.006720000000000032e-02
8.692214252000000085e-01 2.005814900000000081e-02 3.786139999999999905e-04 1.000000000000000000e+00 2.005749999999999894e-02 2.006760000000000141e-02
8.695111656999999772e-01 2.005851599999999846e-02 3.786349999999999959e-04 1.000000000000000000e+00 2.005780000000000063e-02 2.006799999999999903e-02
8.698010027000000477e-01 2.005888299999999957e-02 3.786560000000000013e-04 1.000000000000000000e+00 2.005820000000000172e-02 2.006840000000000013e-02
8.700909364000000146e-01 2.005925000000000069e-02 3.786780000000000224e-04 1.000000000000000000e+00 2.005859999999999935e-02 2.006880000000000122e-02
8.703809666999999806e-01 2.005961399999999992e-02 3.786989999999999736e-04 1.000000000000000000e+00 2.005900000000000044e-02 2.006919999999999885e-02
8.706710936999999539e-01 2.005997099999999936e-02 3.787199999999999790e-04 1.000000000000000000e+00 2.005929999999999866e-02 2.006959999999999994e-02
8.709613174000000457e-01 2.006031499999999870e-02 3.787409999999999844e-04 1.000000000000000000e+00 2.005969999999999975e-02 2.006990000000000163e-02
8.712516378000000339e-01 2.006064200000000006e-02 3.787619999999999897e-04 1.000000000000000000e+00 2.006000000000000144e-02 2.007029999999999925e-02
8.715420550000000377e-01 2.006094900000000153e-02 3.787840000000000109e-04 1.000000000000000000e+00 2.006029999999999966e-02 2.007060000000000094e-02
8.718325690999999544e-01 2.006123500000000018e-02 3.788059999999999778e-04 1.000000000000000000e+00 2.006060000000000135e-02 2.007089999999999916e-02
8.721231798999999896e-01 2.006149900000000000e-02 3.788269999999999832e-04 1.000000000000000000e+00 2.006080000000000016e-02 2.007120000000000085e-02
8.724138876000000486e-01 2.006174499999999888e-02 3.788490000000000043e-04 1.000000000000000000e+00 2.006109999999999838e-02 2.007149999999999906e-02
8.727046923000000289e-01 2.006197300000000031e-02 3.788710000000000255e-04 1.000000000000000000e+00 2.006130000000000066e-02 2.007180000000000075e-02
8.729955938000000248e-01 2.006218599999999921e-02 3.788919999999999766e-04 1.000000000000000000e+00 2.006159999999999888e-02 2.007199999999999956e-02
8.732865923999999502e-01 2.006238299999999961e-02 3.789139999999999978e-04 1.000000000000000000e+00 2.006180000000000116e-02 2.007230000000000125e-02
8.735776879000000106e-01 2.006256400000000148e-02 3.789350000000000032e-04 1.000000000000000000e+00 2.006199999999999997e-02 2.007250000000000006e-02
8.738688805000000004e-01 2.006272400000000053e-02 3.789549999999999928e-04 1.000000000000000000e+00 2.006219999999999878e-02 2.007279999999999828e-02
8.741601701000000224e-01 2.006285799999999939e-02 3.789759999999999982e-04 1.000000000000000000e+00 2.006240000000000107e-02 2.007300000000000056e-02
8.744515567999999739e-01 2.006296000000000121e-02 3.789959999999999878e-04 1.000000000000000000e+00 2.006250000000000047e-02 2.007309999999999997e-02
8.747430406999999741e-01 2.006302199999999980e-02 3.790159999999999775e-04 1.000000000000000000e+00 2.006259999999999988e-02 2.007319999999999938e-02
8.750346217000000149e-01 2.006304199999999968e-02 3.790360000000000213e-04 1.000000000000000000e+00 2.006269999999999928e-02 2.007329999999999878e-02
8.753262998999999933e-01 2.006302000000000085e-02 3.790560000000000110e-04 1.000000000000000000e+00 2.006269999999999928e-02 2.007340000000000166e-02
8.756180753000000205e-01 2.006296000000000121e-02 3.790760000000000006e-04 1.000000000000000000e+00 2.006259999999999988e-02 2.007340000000000166e-02
8.759099479999999938e-01 2.006287500000000085e-02 3.790949999999999745e-04 1.000000000000000000e+00 2.006259999999999988e-02 2.007329999999999878e-02
8.762019180000000240e-01 2.006277899999999934e-02 3.791150000000000184e-04 1.000000000000000000e+00 2.006250000000000047e-02 2.007329999999999878e-02
8.764939853000000003e-01 2.006269200000000003e-02 3.791339999999999923e-04 1.000000000000000000e+00 2.006250000000000047e-02 2.007329999999999878e-02
8.767861500000000419e-01 2.006262899999999849e-02 3.791530000000000204e-04 1.000000000000000000e+00 2.006240000000000107e-02 2.007329999999999878e-02
8.770784120000000295e-01 2.006260099999999935e-02 3.791719999999999943e-04 1.000000000000000000e+00 2.006240000000000107e-02 2.007329999999999878e-02
8.773707714999999796e-01 2.006260899999999861e-02 3.791900000000000067e-04 1.000000000000000000e+00 2.006250000000000047e-02 2.007340000000000166e-02
8.776632283999999951e-01 2.006263999999999964e-02 3.792089999999999806e-04 1.000000000000000000e+00 2.006250000000000047e-02 2.007340000000000166e-02
8.779557827999999731e-01 2.006267299999999962e-02 3.792269999999999929e-04 1.000000000000000000e+00 2.006259999999999988e-02 2.007350000000000106e-02
8.782484347000000247e-01 2.006267499999999857e-02 3.792450000000000053e-04 1.000000000000000000e+00 2.006269999999999928e-02 2.007360000000000047e-02
8.785411842000000471e-01 2.006261000000000155e-02 3.792620000000000019e-04 1.000000000000000000e+00 2.006269999999999928e-02 2.007360000000000047e-02
8.788340313000000403e-01 2.006244299999999925e-02 3.792789999999999985e-04 1.000000000000000000e+00 2.006259999999999988e-02 2.007360000000000047e-02
8.791269760000000044e-01 2.006214900000000134e-02 3.792959999999999951e-04 1.000000000000000000e+00 2.006240000000000107e-02 2.007340000000000166e-02
8.794200183000000504e-01 2.006171199999999891e-02 3.793119999999999760e-04 1.000000000000000000e+00 2.006199999999999997e-02 2.007309999999999997e-02
8.797131582999999644e-01 2.006113099999999941e-02 3.793269999999999953e-04 1.000000000000000000e+00 2.006159999999999888e-02 2.007269999999999888e-02
8.800063959999999685e-01 2.006041299999999916e-02 3.793409999999999989e-04 1.000000000000000000e+00 2.006099999999999897e-02 2.007209999999999897e-02
8.802997314999999601e-01 2.005958000000000047e-02 3.793539999999999868e-04 1.000000000000000000e+00 2.006029999999999966e-02 2.007149999999999906e-02
8.805931647000000417e-01 2.005865999999999899e-02 3.793660000000000131e-04 1.000000000000000000e+00 2.005950000000000094e-02 2.007070000000000035e-02
8.808866958000000080e-01 2.005768800000000060e-02 3.793770000000000237e-04 1.000000000000000000e+00 2.005859999999999935e-02 2.006979999999999875e-02
8.811803246999999617e-01 2.005670600000000053e-02 3.793879999999999800e-04 1.000000000000000000e+00 2.005770000000000122e-02 2.006890000000000063e-02
8.814740515000000221e-01 2.005575999999999887e-02 3.793989999999999906e-04 1.000000000000000000e+00 2.005679999999999963e-02 2.006799999999999903e-02
8.817678760999999588e-01 2.005489400000000019e-02 3.794100000000000012e-04 1.000000000000000000e+00 2.005590000000000150e-02 2.006710000000000091e-02
8.820617988000000187e-01 2.005414399999999944e-02 3.794210000000000117e-04 1.000000000000000000e+00 2.005499999999999991e-02 2.006629999999999872e-02
8.823558193999999633e-01 2.005353299999999839e-02 3.794329999999999838e-04 1.000000000000000000e+00 2.005430000000000060e-02 2.006559999999999941e-02
8.826499380000000228e-01 2.005306700000000081e-02 3.794460000000000259e-04 1.000000000000000000e+00 2.005370000000000069e-02 2.006499999999999950e-02
8.829441545999999752e-01 2.005272599999999988e-02 3.794609999999999910e-04 1.000000000000000000e+00 2.005320000000000019e-02 2.006459999999999841e-02
8.832384693000000508e-01 2.005246999999999932e-02 3.794770000000000261e-04 1.000000000000000000e+00 2.005279999999999910e-02 2.006420000000000078e-02
8.835328822000000359e-01 2.005224200000000137e-02 3.794930000000000070e-04 1.000000000000000000e+00 2.005250000000000088e-02 2.006389999999999910e-02
8.838273931000000250e-01 2.005197800000000155e-02 3.795100000000000036e-04 1.000000000000000000e+00 2.005219999999999919e-02 2.006370000000000028e-02
8.841220022000000345e-01 2.005162200000000158e-02 3.795259999999999845e-04 1.000000000000000000e+00 2.005200000000000038e-02 2.006350000000000147e-02
8.844167095999999617e-01 2.005114200000000096e-02 3.795410000000000038e-04 1.000000000000000000e+00 2.005169999999999869e-02 2.006319999999999978e-02
8.847115151000000122e-01 2.005053899999999917e-02 3.795550000000000074e-04 1.000000000000000000e+00 2.005130000000000107e-02 2.006279999999999869e-02
8.850064189999999886e-01 2.004985399999999890e-02 3.795669999999999795e-04 1.000000000000000000e+00 2.005080000000000057e-02 2.006240000000000107e-02
8.853014210999999856e-01 2.004915499999999906e-02 3.795779999999999901e-04 1.000000000000000000e+00 2.005020000000000066e-02 2.006180000000000116e-02
8.855965216000000195e-01 2.004852299999999865e-02 3.795890000000000006e-04 1.000000000000000000e+00 2.004970000000000016e-02 2.006130000000000066e-02
8.858917203999999712e-01 2.004803600000000172e-02 3.795989999999999955e-04 1.000000000000000000e+00 2.004919999999999966e-02 2.006080000000000016e-02
8.861870176999999682e-01 2.004774999999999960e-02 3.796100000000000060e-04 1.000000000000000000e+00 2.004869999999999916e-02 2.006039999999999907e-02
8.864824134000000022e-01 2.004769699999999974e-02 3.796219999999999781e-04 1.000000000000000000e+00 2.004850000000000035e-02 2.006020000000000025e-02
8.867779074999999622e-01 2.004788799999999982e-02 3.796350000000000202e-04 1.000000000000000000e+00 2.004840000000000094e-02 2.006020000000000025e-02
8.870735000999999675e-01 2.004831899999999847e-02 3.796510000000000011e-04 1.000000000000000000e+00 2.004859999999999975e-02 2.006029999999999966e-02
8.873691913000000264e-01 2.004897799999999855e-02 3.796690000000000134e-04 1.000000000000000000e+00 2.004900000000000085e-02 2.006080000000000016e-02
8.876649810000000196e-01 2.004985100000000048e-02 3.796879999999999873e-04 1.000000000000000000e+00 2.004970000000000016e-02 2.006140000000000007e-02
8.879608693999999636e-01 2.005091499999999902e-02 3.797089999999999927e-04 1.000000000000000000e+00 2.005049999999999888e-02 2.006230000000000166e-02
8.882568562999999529e-01 2.005213999999999955e-02 3.797319999999999754e-04 1.000000000000000000e+00 2.005159999999999929e-02 2.006339999999999860e-02
8.885529419000000040e-01 2.005348599999999884e-02 3.797550000000000123e-04 1.000000000000000000e+00 2.005289999999999850e-02 2.006470000000000128e-02
8.888491262000000059e-01 2.005491300000000060e-02 3.797779999999999949e-04 1.000000000000000000e+00 2.005440000000000000e-02 2.006619999999999931e-02
8.891454092999999670e-01 2.005637700000000023e-02 3.798000000000000161e-04 1.000000000000000000e+00 2.005600000000000091e-02 2.006789999999999963e-02
8.894417910999999899e-01 2.005782500000000135e-02 3.798200000000000057e-04 1.000000000000000000e+00 2.005780000000000063e-02 2.006959999999999994e-02
8.897382716999999719e-01 2.005917499999999853e-02 3.798380000000000181e-04 1.000000000000000000e+00 2.005969999999999975e-02 2.007149999999999906e-02
8.900348511000000240e-01 2.006029000000000145e-02 3.798499999999999902e-04 1.000000000000000000e+00 2.006149999999999947e-02 2.007329999999999878e-02
8.903315294000000435e-01 2.006095199999999995e-02 3.798580000000000077e-04 1.000000000000000000e+00 2.006300000000000097e-02 2.007480000000000028e-02
8.906283066000000304e-01 2.006084799999999918e-02 3.798569999999999920e-04 1.000000000000000000e+00 2.006410000000000138e-02 2.007580000000000128e-02
8.909251826999999846e-01 2.005959400000000004e-02 3.798469999999999971e-04 1.000000000000000000e+00 2.006430000000000019e-02 2.007600000000000010e-02
8.912221577000000172e-01 2.005676199999999881e-02 3.798259999999999918e-04 1.000000000000000000e+00 2.006319999999999978e-02 2.007480000000000028e-02
8.915192318000000338e-01 2.005192399999999875e-02 3.797909999999999828e-04 1.000000000000000000e+00 2.006029999999999966e-02 2.007190000000000016e-02
8.918164049000000260e-01 2.004469700000000021e-02 3.797399999999999929e-04 1.000000000000000000e+00 2.005530000000000160e-02 2.006689999999999863e-02
8.921136769999999938e-01 2.003474900000000100e-02 3.796730000000000222e-04 1.000000000000000000e+00 2.004780000000000104e-02 2.005929999999999866e-02
8.924110481999999456e-01 2.002177499999999860e-02 3.795879999999999849e-04 1.000000000000000000e+00 2.003749999999999976e-02 2.004900000000000085e-02
8.927085186000000006e-01 2.000546300000000111e-02 3.794809999999999807e-04 1.000000000000000000e+00 2.002419999999999894e-02 2.003579999999999944e-02
8.930060881000000395e-01 1.998544000000000015e-02 3.793509999999999938e-04 1.000000000000000000e+00 2.000769999999999979e-02 2.001930000000000029e-02
8.933037567999999595e-01 1.996128000000000138e-02 3.791929999999999997e-04 1.000000000000000000e+00 1.998760000000000120e-02 1.999930000000000110e-02
8.936015246999999828e-01 1.993254599999999890e-02 3.790019999999999739e-04 1.000000000000000000e+00 1.996380000000000030e-02 1.997550000000000020e-02
8.938993919000000066e-01 1.989887699999999884e-02 3.787719999999999846e-04 1.000000000000000000e+00 1.993570000000000064e-02 1.994740000000000055e-02
8.941973583000000225e-01 1.986011700000000005e-02 3.784990000000000229e-04 1.000000000000000000e+00 1.990300000000000055e-02 1.991479999999999986e-02
8.944954241000000472e-01 1.981642499999999862e-02 3.781799999999999875e-04 1.000000000000000000e+00 1.986570000000000003e-02 1.987749999999999934e-02
8.947935892999999696e-01 1.976831000000000074e-02 3.778130000000000095e-04 1.000000000000000000e+00 1.982369999999999965e-02 1.983549999999999897e-02
8.950918538000000035e-01 1.971658600000000122e-02 3.774030000000000050e-04 1.000000000000000000e+00 1.977749999999999994e-02 1.978929999999999925e-02
8.953902177000000462e-01 1.966222399999999898e-02 3.769549999999999984e-04 1.000000000000000000e+00 1.972770000000000079e-02 1.973950000000000010e-02
8.956886810999999948e-01 1.960613500000000023e-02 3.764770000000000074e-04 1.000000000000000000e+00 1.967510000000000092e-02 1.968690000000000023e-02
8.959872439999999605e-01 1.954892700000000066e-02 3.759750000000000180e-04 1.000000000000000000e+00 1.962039999999999965e-02 1.963219999999999896e-02
8.962859064999999514e-01 1.949077100000000048e-02 3.754569999999999934e-04 1.000000000000000000e+00 1.956420000000000034e-02 1.957599999999999965e-02
8.965846683999999511e-01 1.943139699999999956e-02 3.749229999999999880e-04 1.000000000000000000e+00 1.950669999999999835e-02 1.951850000000000113e-02
8.968835299999999844e-01 1.937037399999999923e-02 3.743740000000000175e-04 1.000000000000000000e+00 1.944769999999999832e-02 1.945950000000000110e-02
8.971824912000000429e-01 1.930760899999999988e-02 3.738090000000000119e-04 1.000000000000000000e+00 1.938700000000000145e-02 1.939880000000000076e-02
8.974815520000000157e-01 1.924391099999999896e-02 3.732300000000000027e-04 1.000000000000000000e+00 1.932479999999999962e-02 1.933649999999999952e-02
8.977807125000000221e-01 1.918141900000000163e-02 3.726439999999999917e-04 1.000000000000000000e+00 1.926179999999999906e-02 1.927359999999999837e-02
8.980799726999999510e-01 1.912359599999999965e-02 3.720719999999999843e-04 1.000000000000000000e+00 1.920020000000000060e-02 1.921199999999999991e-02
8.983793327000000328e-01 1.907468500000000095e-02 3.715440000000000192e-04 1.000000000000000000e+00 1.914309999999999970e-02 1.915479999999999960e-02
8.986787925000000454e-01 1.903871199999999930e-02 3.710949999999999969e-04 1.000000000000000000e+00 1.909399999999999986e-02 1.910569999999999977e-02
8.989783520999999888e-01 1.901836200000000046e-02 3.707590000000000191e-04 1.000000000000000000e+00 1.905659999999999993e-02 1.906829999999999983e-02
8.992780115999999824e-01 1.901415899999999923e-02 3.705609999999999915e-04 1.000000000000000000e+00 1.903329999999999952e-02 1.904509999999999884e-02
8.995777709000000177e-01 1.902430100000000041e-02 3.705059999999999929e-04 1.000000000000000000e+00 1.902480000000000143e-02 1.903660000000000074e-02
8.998776302000000005e-01 1.904523300000000169e-02 3.705830000000000127e-04 1.000000000000000000e+00 1.902989999999999890e-02 1.904180000000000109e-02
9.001775894000000333e-01 1.907276700000000089e-02 3.707639999999999894e-04 1.000000000000000000e+00 1.904580000000000162e-02 1.905770000000000033e-02
9.004776486000000135e-01 1.910335000000000158e-02 3.710170000000000156e-04 1.000000000000000000e+00 1.906909999999999855e-02 1.908100000000000074e-02
9.007778078000000521e-01 1.913503299999999921e-02 3.713119999999999984e-04 1.000000000000000000e+00 1.909670000000000117e-02 1.910869999999999930e-02
9.010780670000000381e-01 1.916783700000000007e-02 3.716309999999999796e-04 1.000000000000000000e+00 1.912679999999999936e-02 1.913890000000000036e-02
9.013784263999999880e-01 1.920344499999999954e-02 3.719700000000000046e-04 1.000000000000000000e+00 1.915920000000000123e-02 1.917129999999999876e-02
9.016788859000000045e-01 1.924433399999999836e-02 3.723409999999999914e-04 1.000000000000000000e+00 1.919480000000000144e-02 1.920699999999999838e-02
9.019794454999999767e-01 1.929266500000000051e-02 3.727599999999999750e-04 1.000000000000000000e+00 1.923539999999999972e-02 1.924769999999999953e-02
9.022801053000000238e-01 1.934925800000000112e-02 3.732419999999999748e-04 1.000000000000000000e+00 1.928279999999999925e-02 1.929509999999999906e-02
9.025808654000000431e-01 1.941299200000000044e-02 3.737939999999999926e-04 1.000000000000000000e+00 1.933740000000000112e-02 1.934989999999999974e-02
9.028817256000000180e-01 1.948071599999999862e-02 3.744050000000000177e-04 1.000000000000000000e+00 1.939839999999999967e-02 1.941089999999999829e-02
9.031826861999999734e-01 1.954775300000000104e-02 3.750509999999999977e-04 1.000000000000000000e+00 1.946310000000000054e-02 1.947569999999999857e-02
9.034837471000000120e-01 1.960872599999999993e-02 3.756920000000000073e-04 1.000000000000000000e+00 1.952759999999999913e-02 1.954030000000000003e-02
9.037849084000000310e-01 1.965851000000000057e-02 3.762850000000000201e-04 1.000000000000000000e+00 1.958700000000000024e-02 1.959980000000000055e-02
9.040861700000000223e-01 1.969301000000000038e-02 3.767840000000000165e-04 1.000000000000000000e+00 1.963679999999999939e-02 1.964959999999999971e-02
9.043875321000000023e-01 1.970965300000000059e-02 3.771539999999999875e-04 1.000000000000000000e+00 1.967299999999999952e-02 1.968589999999999923e-02
9.046889945999999627e-01 1.970752599999999952e-02 3.773679999999999960e-04 1.000000000000000000e+00 1.969299999999999870e-02 1.970600000000000129e-02
9.049905576000000229e-01 1.968729799999999891e-02 3.774149999999999771e-04 1.000000000000000000e+00 1.969550000000000120e-02 1.970850000000000032e-02
9.052922210999999608e-01 1.965101400000000137e-02 3.772970000000000165e-04 1.000000000000000000e+00 1.968079999999999830e-02 1.969380000000000089e-02
9.055939852000000068e-01 1.960185600000000083e-02 3.770290000000000251e-04 1.000000000000000000e+00 1.965029999999999902e-02 1.966330000000000161e-02
9.058958498000000414e-01 1.954388500000000042e-02 3.766369999999999787e-04 1.000000000000000000e+00 1.960680000000000062e-02 1.961989999999999915e-02
9.061978150999999704e-01 1.948173500000000002e-02 3.761549999999999790e-04 1.000000000000000000e+00 1.955399999999999847e-02 1.956700000000000106e-02
9.064998810000000073e-01 1.942021199999999920e-02 3.756240000000000208e-04 1.000000000000000000e+00 1.949609999999999885e-02 1.950910000000000144e-02
9.068020476999999469e-01 1.936381200000000108e-02 3.750860000000000066e-04 1.000000000000000000e+00 1.943759999999999932e-02 1.945059999999999845e-02
9.071043149999999944e-01 1.931622499999999937e-02 3.745810000000000242e-04 1.000000000000000000e+00 1.938279999999999864e-02 1.939569999999999836e-02
9.074066831000000555e-01 1.927996599999999908e-02 3.741460000000000055e-04 1.000000000000000000e+00 1.933520000000000030e-02 1.934819999999999943e-02
9.077091520000000191e-01 1.925615300000000155e-02 3.738050000000000032e-04 1.000000000000000000e+00 1.929749999999999868e-02 1.931050000000000127e-02
9.080117216999999963e-01 1.924458299999999913e-02 3.735720000000000208e-04 1.000000000000000000e+00 1.927109999999999934e-02 1.928409999999999846e-02
9.083143922999999953e-01 1.924396499999999829e-02 3.734480000000000200e-04 1.000000000000000000e+00 1.925620000000000109e-02 1.926920000000000022e-02
9.086171638000000161e-01 1.925231399999999954e-02 3.734259999999999988e-04 1.000000000000000000e+00 1.925179999999999947e-02 1.926479999999999859e-02
9.089200361999999478e-01 1.926734500000000169e-02 3.734909999999999923e-04 1.000000000000000000e+00 1.925649999999999931e-02 1.926960000000000131e-02
9.092230095000000123e-01 1.928677100000000116e-02 3.736230000000000107e-04 1.000000000000000000e+00 1.926829999999999862e-02 1.928140000000000062e-02
9.095260837999999959e-01 1.930845399999999920e-02 3.738020000000000101e-04 1.000000000000000000e+00 1.928500000000000006e-02 1.929809999999999859e-02
9.098292592000000178e-01 1.933039199999999833e-02 3.740080000000000010e-04 1.000000000000000000e+00 1.930470000000000103e-02 1.931779999999999956e-02
9.101325355999999589e-01 1.935063299999999903e-02 3.742220000000000095e-04 1.000000000000000000e+00 1.932530000000000012e-02 1.933839999999999865e-02
9.104359131000000493e-01 1.936721200000000170e-02 3.744239999999999916e-04 1.000000000000000000e+00 1.934469999999999940e-02 1.935790000000000080e-02
9.107393917999999644e-01 1.937825099999999912e-02 3.745949999999999736e-04 1.000000000000000000e+00 1.936119999999999855e-02 1.937439999999999996e-02
9.110429716000000289e-01 1.938225799999999943e-02 3.747180000000000129e-04 1.000000000000000000e+00 1.937279999999999905e-02 1.938600000000000045e-02
9.113466526000000290e-01 1.937856099999999901e-02 3.747789999999999976e-04 1.000000000000000000e+00 1.937799999999999939e-02 1.939130000000000020e-02
9.116504347999999647e-01 1.936771699999999957e-02 3.747709999999999800e-04 1.000000000000000000e+00 1.937639999999999849e-02 1.938959999999999989e-02
9.119543182999999553e-01 1.935168599999999989e-02 3.746989999999999848e-04 1.000000000000000000e+00 1.936809999999999921e-02 1.938130000000000061e-02
9.122583029999999926e-01 1.933358599999999983e-02 3.745800000000000084e-04 1.000000000000000000e+00 1.935479999999999839e-02 1.936799999999999980e-02
9.125623890999999821e-01 1.931703400000000029e-02 3.744379999999999952e-04 1.000000000000000000e+00 1.933910000000000143e-02 1.935229999999999936e-02
9.128665766000000348e-01 1.930521899999999846e-02 3.743050000000000153e-04 1.000000000000000000e+00 1.932419999999999971e-02 1.933740000000000112e-02
9.131708654000000314e-01 1.930001699999999917e-02 3.742069999999999902e-04 1.000000000000000000e+00 1.931269999999999862e-02 1.932590000000000002e-02
9.134752556999999884e-01 1.930150500000000005e-02 3.741619999999999864e-04 1.000000000000000000e+00 1.930660000000000015e-02 1.931980000000000156e-02
9.137797475000000169e-01 1.930809600000000029e-02 3.741740000000000127e-04 1.000000000000000000e+00 1.930609999999999965e-02 1.931930000000000106e-02
9.140843406999999976e-01 1.931726599999999960e-02 3.742309999999999886e-04 1.000000000000000000e+00 1.931029999999999899e-02 1.932350000000000040e-02
9.143890354999999470e-01 1.932656400000000094e-02 3.743150000000000101e-04 1.000000000000000000e+00 1.931729999999999906e-02 1.933050000000000046e-02
9.146938318999999762e-01 1.933448999999999932e-02 3.744080000000000108e-04 1.000000000000000000e+00 1.932520000000000071e-02 1.933850000000000152e-02
9.149987297999999658e-01 1.934085300000000160e-02 3.744959999999999869e-04 1.000000000000000000e+00 1.933270000000000127e-02 1.934599999999999861e-02
9.153037294000000434e-01 1.934651800000000005e-02 3.745759999999999997e-04 1.000000000000000000e+00 1.933930000000000024e-02 1.935270000000000046e-02
9.156088305999999788e-01 1.935277900000000051e-02 3.746509999999999879e-04 1.000000000000000000e+00 1.934560000000000099e-02 1.935889999999999833e-02
9.159140336000000104e-01 1.936075500000000033e-02 3.747310000000000007e-04 1.000000000000000000e+00 1.935229999999999936e-02 1.936569999999999958e-02
9.162193382000000108e-01 1.937113600000000060e-02 3.748240000000000014e-04 1.000000000000000000e+00 1.936039999999999983e-02 1.937380000000000005e-02
9.165247447000000047e-01 1.938435000000000158e-02 3.749369999999999916e-04 1.000000000000000000e+00 1.937049999999999883e-02 1.938389999999999905e-02
9.168302528999999756e-01 1.940093700000000004e-02 3.750760000000000118e-04 1.000000000000000000e+00 1.938319999999999974e-02 1.939659999999999995e-02
9.171358630000000511e-01 1.942177200000000034e-02 3.752480000000000095e-04 1.000000000000000000e+00 1.939909999999999898e-02 1.941259999999999861e-02
9.174415750000000092e-01 1.944793200000000111e-02 3.754610000000000022e-04 1.000000000000000000e+00 1.941910000000000164e-02 1.943260000000000126e-02
9.177473887999999524e-01 1.948021600000000159e-02 3.757230000000000075e-04 1.000000000000000000e+00 1.944419999999999829e-02 1.945770000000000138e-02
9.180533046000000086e-01 1.951858600000000096e-02 3.760409999999999729e-04 1.000000000000000000e+00 1.947489999999999985e-02 1.948849999999999888e-02
9.183593223999999555e-01 1.956183800000000153e-02 3.764129999999999755e-04 1.000000000000000000e+00 1.951129999999999878e-02 1.952490000000000128e-02
9.186654422000000153e-01 1.960768200000000128e-02 3.768299999999999818e-04 1.000000000000000000e+00 1.955219999999999875e-02 1.956590000000000065e-02
9.189716639999999659e-01 1.965320499999999998e-02 3.772720000000000023e-04 1.000000000000000000e+00 1.959570000000000062e-02 1.960949999999999846e-02
9.192779879000000376e-01 1.969550700000000099e-02 3.777170000000000158e-04 1.000000000000000000e+00 1.963940000000000130e-02 1.965329999999999855e-02
9.195844139000000084e-01 1.973227400000000104e-02 3.781389999999999925e-04 1.000000000000000000e+00 1.968079999999999830e-02 1.969469999999999901e-02
9.198909419999999892e-01 1.976213300000000117e-02 3.785190000000000126e-04 1.000000000000000000e+00 1.971749999999999892e-02 1.973159999999999845e-02
9.201975722999999885e-01 1.978473299999999879e-02 3.788409999999999868e-04 1.000000000000000000e+00 1.974839999999999929e-02 1.976249999999999882e-02
9.205043049000000144e-01 1.980061199999999869e-02 3.791019999999999763e-04 1.000000000000000000e+00 1.977270000000000069e-02 1.978689999999999963e-02
9.208111396000000504e-01 1.981092200000000164e-02 3.793019999999999812e-04 1.000000000000000000e+00 1.979080000000000075e-02 1.980499999999999969e-02
9.211180767000000102e-01 1.981708999999999901e-02 3.794499999999999804e-04 1.000000000000000000e+00 1.980339999999999878e-02 1.981770000000000059e-02
9.214251159999999885e-01 1.982048100000000090e-02 3.795550000000000074e-04 1.000000000000000000e+00 1.981180000000000094e-02 1.982609999999999928e-02
9.217322577000000017e-01 1.982213299999999873e-02 3.796299999999999957e-04 1.000000000000000000e+00 1.981710000000000069e-02 1.983139999999999903e-02
9.220395018000000498e-01 1.982261999999999913e-02 3.796809999999999855e-04 1.000000000000000000e+00 1.982019999999999962e-02 1.983460000000000084e-02
9.223468483000000218e-01 1.982211500000000126e-02 3.797149999999999788e-04 1.000000000000000000e+00 1.982180000000000053e-02 1.983619999999999828e-02
9.226542973000000369e-01 1.982056800000000021e-02 3.797340000000000069e-04 1.000000000000000000e+00 1.982209999999999875e-02 1.983649999999999997e-02
9.229618486999999760e-01 1.981799500000000144e-02 3.797410000000000087e-04 1.000000000000000000e+00 1.982130000000000003e-02 1.983570000000000125e-02
9.232695026999999666e-01 1.981467400000000087e-02 3.797350000000000226e-04 1.000000000000000000e+00 1.981950000000000031e-02 1.983390000000000153e-02
9.235772592000000003e-01 1.981120899999999976e-02 3.797200000000000033e-04 1.000000000000000000e+00 1.981689999999999841e-02 1.983129999999999962e-02
9.238851181999999662e-01 1.980838700000000022e-02 3.797009999999999752e-04 1.000000000000000000e+00 1.981410000000000116e-02 1.982849999999999890e-02
9.241930798999999919e-01 1.980685999999999905e-02 3.796860000000000100e-04 1.000000000000000000e+00 1.981180000000000094e-02 1.982619999999999869e-02
9.245011442999999662e-01 1.980680300000000130e-02 3.796779999999999925e-04 1.000000000000000000e+00 1.981050000000000172e-02 1.982489999999999947e-02
9.248093114000000003e-01 1.980759099999999939e-02 3.796779999999999925e-04 1.000000000000000000e+00 1.981050000000000172e-02 1.982480000000000006e-02
9.251175810999999749e-01 1.980768200000000007e-02 3.796790000000000082e-04 1.000000000000000000e+00 1.981110000000000163e-02 1.982539999999999997e-02
9.254259536000000175e-01 1.980471400000000104e-02 3.796699999999999750e-04 1.000000000000000000e+00 1.981099999999999875e-02 1.982520000000000115e-02
9.257344290000000253e-01 1.979576799999999831e-02 3.796270000000000026e-04 1.000000000000000000e+00 1.980820000000000150e-02 1.982230000000000103e-02
9.260430070999999819e-01 1.977786600000000158e-02 3.795280000000000160e-04 1.000000000000000000e+00 1.979989999999999875e-02 1.981389999999999887e-02
9.263516881000000147e-01 1.974840400000000065e-02 3.793450000000000077e-04 1.000000000000000000e+00 1.978339999999999960e-02 1.979730000000000031e-02
9.266604720000000128e-01 1.970554700000000034e-02 3.790579999999999883e-04 1.000000000000000000e+00 1.975620000000000154e-02 1.976999999999999938e-02
9.269693587999999762e-01 1.964838000000000001e-02 3.786479999999999837e-04 1.000000000000000000e+00 1.971629999999999910e-02 1.972990000000000160e-02
9.272783486000000241e-01 1.957670499999999980e-02 3.781090000000000080e-04 1.000000000000000000e+00 1.966249999999999942e-02 1.967599999999999905e-02
9.275874414000000456e-01 1.949062099999999964e-02 3.774359999999999825e-04 1.000000000000000000e+00 1.959429999999999852e-02 1.960769999999999874e-02
9.278966372000000407e-01 1.938993199999999861e-02 3.766309999999999927e-04 1.000000000000000000e+00 1.951160000000000047e-02 1.952479999999999841e-02
9.282059361000000175e-01 1.927366999999999969e-02 3.756890000000000143e-04 1.000000000000000000e+00 1.941379999999999842e-02 1.942690000000000042e-02
9.285153380999999762e-01 1.913992100000000071e-02 3.746029999999999911e-04 1.000000000000000000e+00 1.930010000000000059e-02 1.931319999999999912e-02
9.288248432000000276e-01 1.898616599999999877e-02 3.733550000000000193e-04 1.000000000000000000e+00 1.916899999999999854e-02 1.918200000000000113e-02
9.291344514999999582e-01 1.880989799999999851e-02 3.719230000000000235e-04 1.000000000000000000e+00 1.901840000000000128e-02 1.903130000000000099e-02
9.294441629999999899e-01 1.860955699999999879e-02 3.702830000000000054e-04 1.000000000000000000e+00 1.884629999999999986e-02 1.885910000000000017e-02
9.297539777000000116e-01 1.838539900000000019e-02 3.684159999999999909e-04 1.000000000000000000e+00 1.865150000000000141e-02 1.866419999999999885e-02
9.300638957000000318e-01 1.813999900000000040e-02 3.663210000000000186e-04 1.000000000000000000e+00 1.843420000000000128e-02 1.844679999999999931e-02
9.303739170000000502e-01 1.787825599999999862e-02 3.640110000000000220e-04 1.000000000000000000e+00 1.819660000000000027e-02 1.820909999999999890e-02
9.306840415999999561e-01 1.760687299999999858e-02 3.615229999999999876e-04 1.000000000000000000e+00 1.794290000000000121e-02 1.795530000000000043e-02
9.309942695999999795e-01 1.733339000000000060e-02 3.589099999999999908e-04 1.000000000000000000e+00 1.767890000000000086e-02 1.769120000000000067e-02
9.313046010000000097e-01 1.706504099999999954e-02 3.562370000000000250e-04 1.000000000000000000e+00 1.741130000000000108e-02 1.742339999999999861e-02
9.316150359000000547e-01 1.680776999999999965e-02 3.535699999999999911e-04 1.000000000000000000e+00 1.714660000000000142e-02 1.715850000000000014e-02
9.319255743000000036e-01 1.656575000000000061e-02 3.509669999999999890e-04 1.000000000000000000e+00 1.689049999999999926e-02 1.690229999999999858e-02
9.322362160999999592e-01 1.634161900000000167e-02 3.484779999999999931e-04 1.000000000000000000e+00 1.664739999999999970e-02 1.665900000000000020e-02
9.325469615000000490e-01 1.613729200000000100e-02 3.461369999999999963e-04 1.000000000000000000e+00 1.642040000000000166e-02 1.643179999999999988e-02
9.328578105000000509e-01 1.595496100000000014e-02 3.439769999999999764e-04 1.000000000000000000e+00 1.621210000000000012e-02 1.622329999999999953e-02
9.331687630999999650e-01 1.579780799999999999e-02 3.420300000000000033e-04 1.000000000000000000e+00 1.602510000000000046e-02 1.603620000000000045e-02
9.334798194000000215e-01 1.566995399999999983e-02 3.403330000000000092e-04 1.000000000000000000e+00 1.586260000000000100e-02 1.587360000000000160e-02
9.337909792999999903e-01 1.557560799999999947e-02 3.389329999999999752e-04 1.000000000000000000e+00 1.572849999999999943e-02 1.573950000000000002e-02
9.341022429999999988e-01 1.551774700000000014e-02 3.378720000000000204e-04 1.000000000000000000e+00 1.562660000000000091e-02 1.563760000000000150e-02
9.344136104000000387e-01 1.549688200000000002e-02 3.371819999999999982e-04 1.000000000000000000e+00 1.555950000000000041e-02 1.557049999999999927e-02
9.347250816000000073e-01 1.551049200000000072e-02 3.368709999999999804e-04 1.000000000000000000e+00 1.552790000000000073e-02 1.553880000000000018e-02
9.350366566000000157e-01 1.555337300000000055e-02 3.369189999999999772e-04 1.000000000000000000e+00 1.552970000000000045e-02 1.554069999999999931e-02
9.353483354999999611e-01 1.561885099999999957e-02 3.372800000000000234e-04 1.000000000000000000e+00 1.556079999999999963e-02 1.557180000000000022e-02
9.356601182999999544e-01 1.570040699999999956e-02 3.378939999999999873e-04 1.000000000000000000e+00 1.561560000000000031e-02 1.562670000000000031e-02
9.359720049999999958e-01 1.579336599999999965e-02 3.386980000000000155e-04 1.000000000000000000e+00 1.568850000000000106e-02 1.569970000000000046e-02
9.362839955999999741e-01 1.589610400000000118e-02 3.396469999999999958e-04 1.000000000000000000e+00 1.577519999999999964e-02 1.578649999999999845e-02
9.365960903000000171e-01 1.601048500000000138e-02 3.407190000000000153e-04 1.000000000000000000e+00 1.587399999999999922e-02 1.588530000000000150e-02
9.369082890000000052e-01 1.614129499999999995e-02 3.419270000000000078e-04 1.000000000000000000e+00 1.598580000000000140e-02 1.599729999999999902e-02
9.372205917999999469e-01 1.629461600000000135e-02 3.433059999999999823e-04 1.000000000000000000e+00 1.611440000000000095e-02 1.612600000000000144e-02
9.375329985999999449e-01 1.647537899999999833e-02 3.449039999999999897e-04 1.000000000000000000e+00 1.626429999999999890e-02 1.627599999999999880e-02
9.378455096000000157e-01 1.668476699999999965e-02 3.467580000000000163e-04 1.000000000000000000e+00 1.643949999999999925e-02 1.645129999999999856e-02
9.381581248000000484e-01 1.691826000000000094e-02 3.488720000000000167e-04 1.000000000000000000e+00 1.664059999999999845e-02 1.665260000000000004e-02
9.384708442000000428e-01 1.716507600000000133e-02 3.512020000000000029e-04 1.000000000000000000e+00 1.686369999999999883e-02 1.687599999999999864e-02
9.387836677999999990e-01 1.740931800000000002e-02 3.536489999999999881e-04 1.000000000000000000e+00 1.709959999999999952e-02 1.711199999999999874e-02
9.390965957000000364e-01 1.763267899999999833e-02 3.560710000000000134e-04 1.000000000000000000e+00 1.733459999999999862e-02 1.734720000000000012e-02
9.394096279000000438e-01 1.781785199999999861e-02 3.583060000000000216e-04 1.000000000000000000e+00 1.755260000000000153e-02 1.756539999999999838e-02
9.397227644000000213e-01 1.795161300000000168e-02 3.602009999999999891e-04 1.000000000000000000e+00 1.773800000000000029e-02 1.775099999999999942e-02
9.400360052999999771e-01 1.802667900000000031e-02 3.616350000000000163e-04 1.000000000000000000e+00 1.787829999999999975e-02 1.789139999999999828e-02
9.403493507000000307e-01 1.804210399999999978e-02 3.625349999999999840e-04 1.000000000000000000e+00 1.796549999999999883e-02 1.797879999999999964e-02
9.406628004999999515e-01 1.800228099999999845e-02 3.628789999999999794e-04 1.000000000000000000e+00 1.799730000000000080e-02 1.801060000000000161e-02
9.409763546999999617e-01 1.791537699999999969e-02 3.626929999999999781e-04 1.000000000000000000e+00 1.797599999999999892e-02 1.798929999999999974e-02
9.412900134999999668e-01 1.779178500000000093e-02 3.620399999999999964e-04 1.000000000000000000e+00 1.790780000000000149e-02 1.792120000000000171e-02
9.416037768999999669e-01 1.764300599999999927e-02 3.610040000000000015e-04 1.000000000000000000e+00 1.780170000000000016e-02 1.781500000000000097e-02
9.419176447999999535e-01 1.748099300000000023e-02 3.596890000000000048e-04 1.000000000000000000e+00 1.766799999999999968e-02 1.768130000000000049e-02
9.422316173000000461e-01 1.731774999999999981e-02 3.582050000000000034e-04 1.000000000000000000e+00 1.751810000000000173e-02 1.753129999999999966e-02
9.425456945000000308e-01 1.716481900000000130e-02 3.566679999999999807e-04 1.000000000000000000e+00 1.736359999999999987e-02 1.737669999999999840e-02
9.428598764000000187e-01 1.703246900000000147e-02 3.551909999999999811e-04 1.000000000000000000e+00 1.721560000000000104e-02 1.722860000000000016e-02
9.431741631000000181e-01 1.692871599999999990e-02 3.538780000000000159e-04 1.000000000000000000e+00 1.708420000000000077e-02 1.709719999999999990e-02
9.434885544000000124e-01 1.685839500000000171e-02 3.528140000000000139e-04 1.000000000000000000e+00 1.697759999999999894e-02 1.699049999999999866e-02
9.438030506000000264e-01 1.682259200000000079e-02 3.520530000000000122e-04 1.000000000000000000e+00 1.690089999999999995e-02 1.691379999999999967e-02
9.441176516000000518e-01 1.681870699999999871e-02 3.516179999999999935e-04 1.000000000000000000e+00 1.685590000000000005e-02 1.686879999999999977e-02
9.444323574999999860e-01 1.684129900000000055e-02 3.514960000000000241e-04 1.000000000000000000e+00 1.684130000000000002e-02 1.685419999999999974e-02
9.447471683000000509e-01 1.688341399999999937e-02 3.516430000000000076e-04 1.000000000000000000e+00 1.685290000000000052e-02 1.686589999999999964e-02
9.450620840000000245e-01 1.693812499999999832e-02 3.520010000000000066e-04 1.000000000000000000e+00 1.688500000000000070e-02 1.689809999999999923e-02
9.453771047000000260e-01 1.699965999999999977e-02 3.525080000000000205e-04 1.000000000000000000e+00 1.693160000000000151e-02 1.694470000000000004e-02
9.456922303999999446e-01 1.706379300000000071e-02 3.531060000000000036e-04 1.000000000000000000e+00 1.698720000000000091e-02 1.700039999999999885e-02
9.460074612000000105e-01 1.712752199999999919e-02 3.537510000000000220e-04 1.000000000000000000e+00 1.704740000000000075e-02 1.706059999999999868e-02
9.463227969999999933e-01 1.718832899999999872e-02 3.544059999999999810e-04 1.000000000000000000e+00 1.710880000000000040e-02 1.712210000000000121e-02
9.466382379000000125e-01 1.724357199999999868e-02 3.550410000000000046e-04 1.000000000000000000e+00 1.716830000000000092e-02 1.718180000000000054e-02
9.469537839999999651e-01 1.729036999999999935e-02 3.556270000000000156e-04 1.000000000000000000e+00 1.722320000000000101e-02 1.723670000000000063e-02
9.472694352999999623e-01 1.732603699999999899e-02 3.561360000000000068e-04 1.000000000000000000e+00 1.727060000000000053e-02 1.728419999999999956e-02
9.475851916999999958e-01 1.734882399999999880e-02 3.565400000000000253e-04 1.000000000000000000e+00 1.730790000000000106e-02 1.732150000000000009e-02
9.479010534999999793e-01 1.735870999999999942e-02 3.568259999999999748e-04 1.000000000000000000e+00 1.733350000000000168e-02 1.734720000000000012e-02
9.482170205000000074e-01 1.735787399999999883e-02 3.569910000000000249e-04 1.000000000000000000e+00 1.734729999999999953e-02 1.736100000000000143e-02
9.485330927999999773e-01 1.735074500000000075e-02 3.570550000000000026e-04 1.000000000000000000e+00 1.735110000000000124e-02 1.736489999999999909e-02
9.488492705000000083e-01 1.734338900000000072e-02 3.570550000000000026e-04 1.000000000000000000e+00 1.734870000000000162e-02 1.736240000000000006e-02
9.491655535999999893e-01 1.734226200000000065e-02 3.570439999999999920e-04 1.000000000000000000e+00 1.734509999999999871e-02 1.735890000000000002e-02
9.494819421000000315e-01 1.735249700000000145e-02 3.570790000000000010e-04 1.000000000000000000e+00 1.734600000000000031e-02 1.735990000000000102e-02
9.497984361000000320e-01 1.737625500000000017e-02 3.572059999999999949e-04 1.000000000000000000e+00 1.735590000000000049e-02 1.736980000000000121e-02
9.501150355999999908e-01 1.741187699999999922e-02 3.574469999999999948e-04 1.000000000000000000e+00 1.737690000000000068e-02 1.739080000000000140e-02
9.504317406000000190e-01 1.745445300000000172e-02 3.577920000000000059e-04 1.000000000000000000e+00 1.740799999999999986e-02 1.742199999999999999e-02
9.507485512000000138e-01 1.749780000000000085e-02 3.582039999999999877e-04 1.000000000000000000e+00 1.744570000000000148e-02 1.745980000000000101e-02
9.510654673999999753e-01 1.753698399999999852e-02 3.586360000000000134e-04 1.000000000000000000e+00 1.748540000000000164e-02 1.749950000000000117e-02
9.513824892000000144e-01 1.757027800000000167e-02 3.590479999999999952e-04 1.000000000000000000e+00 1.752290000000000098e-02 1.753719999999999932e-02
9.516996167000000284e-01 1.759948299999999910e-02 3.594229999999999908e-04 1.000000000000000000e+00 1.755680000000000088e-02 1.757109999999999922e-02
9.520168499000000173e-01 1.762852499999999906e-02 3.597690000000000176e-04 1.000000000000000000e+00 1.758790000000000006e-02 1.760230000000000128e-02
9.523341888999999894e-01 1.766111100000000017e-02 3.601139999999999745e-04 1.000000000000000000e+00 1.761880000000000043e-02 1.763320000000000165e-02
9.526516336000000473e-01 1.769863199999999887e-02 3.604820000000000225e-04 1.000000000000000000e+00 1.765210000000000043e-02 1.766660000000000105e-02
9.529691840999999775e-01 1.773947000000000024e-02 3.608840000000000095e-04 1.000000000000000000e+00 1.768890000000000046e-02 1.770350000000000049e-02
9.532868405000000100e-01 1.777986399999999939e-02 3.613070000000000019e-04 1.000000000000000000e+00 1.772800000000000070e-02 1.774260000000000073e-02
9.536046028000000341e-01 1.781574400000000141e-02 3.617250000000000239e-04 1.000000000000000000e+00 1.776669999999999985e-02 1.778149999999999870e-02
9.539224710000000496e-01 1.784460900000000086e-02 3.621060000000000056e-04 1.000000000000000000e+00 1.780210000000000126e-02 1.781690000000000010e-02
9.542404451999999537e-01 1.786656199999999903e-02 3.624300000000000113e-04 1.000000000000000000e+00 1.783200000000000063e-02 1.784679999999999947e-02
9.545585252999999604e-01 1.788426599999999936e-02 3.626960000000000253e-04 1.000000000000000000e+00 1.785629999999999856e-02 1.787120000000000028e-02
9.548767114999999750e-01 1.790197799999999895e-02 3.629239999999999832e-04 1.000000000000000000e+00 1.787690000000000112e-02 1.789179999999999937e-02
9.551950036999999893e-01 1.792419300000000146e-02 3.631460000000000092e-04 1.000000000000000000e+00 1.789719999999999853e-02 1.791210000000000024e-02
9.555134021000000200e-01 1.795429499999999859e-02 3.634019999999999742e-04 1.000000000000000000e+00 1.792080000000000062e-02 1.793569999999999887e-02
9.558319065000000503e-01 1.799356599999999903e-02 3.637199999999999938e-04 1.000000000000000000e+00 1.795050000000000118e-02 1.796549999999999883e-02
9.561505171999999941e-01 1.804072799999999893e-02 3.641130000000000018e-04 1.000000000000000000e+00 1.798780000000000170e-02 1.800279999999999936e-02
9.564692339999999460e-01 1.809213499999999877e-02 3.645750000000000119e-04 1.000000000000000000e+00 1.803170000000000120e-02 1.804680000000000173e-02
9.567880571000000334e-01 1.814269300000000140e-02 3.650759999999999856e-04 1.000000000000000000e+00 1.807960000000000123e-02 1.809480000000000116e-02
9.571069864000000260e-01 1.818733200000000050e-02 3.655759999999999977e-04 1.000000000000000000e+00 1.812729999999999897e-02 1.814249999999999891e-02
9.574260221000000515e-01 1.822267600000000015e-02 3.660329999999999834e-04 1.000000000000000000e+00 1.817070000000000143e-02 1.818590000000000137e-02
9.577451640999999904e-01 1.824832100000000137e-02 3.664179999999999738e-04 1.000000000000000000e+00 1.820669999999999927e-02 1.822199999999999862e-02
9.580644124999999622e-01 1.826719599999999943e-02 3.667240000000000213e-04 1.000000000000000000e+00 1.823500000000000121e-02 1.825030000000000055e-02
9.583837672999999668e-01 1.828473799999999830e-02 3.669740000000000003e-04 1.000000000000000000e+00 1.825749999999999942e-02 1.827290000000000164e-02
9.587032285000000043e-01 1.830718099999999876e-02 3.672090000000000141e-04 1.000000000000000000e+00 1.827859999999999902e-02 1.829400000000000123e-02
9.590227962999999800e-01 1.833949099999999943e-02 3.674789999999999827e-04 1.000000000000000000e+00 1.830309999999999923e-02 1.831860000000000085e-02
9.593424705999999968e-01 1.838377199999999961e-02 3.678239999999999938e-04 1.000000000000000000e+00 1.833529999999999882e-02 1.835089999999999985e-02
9.596622514000000548e-01 1.843868099999999843e-02 3.682669999999999759e-04 1.000000000000000000e+00 1.837729999999999919e-02 1.839290000000000022e-02
9.599821388000000510e-01 1.850000099999999856e-02 3.687979999999999882e-04 1.000000000000000000e+00 1.842830000000000162e-02 1.844399999999999859e-02
9.603021327999999857e-01 1.856212299999999982e-02 3.693899999999999853e-04 1.000000000000000000e+00 1.848520000000000024e-02 1.850100000000000008e-02
9.606222334999999779e-01 1.861977999999999897e-02 3.699970000000000017e-04 1.000000000000000000e+00 1.854369999999999977e-02 1.855959999999999901e-02
9.609424410000000361e-01 1.866947500000000135e-02 3.705779999999999881e-04 1.000000000000000000e+00 1.859939999999999857e-02 1.861540000000000070e-02
9.612627551000000325e-01 1.871012500000000106e-02 3.711000000000000214e-04 1.000000000000000000e+00 1.864909999999999832e-02 1.866519999999999985e-02
9.615831759999999839e-01 1.874283699999999830e-02 3.715500000000000053e-04 1.000000000000000000e+00 1.869140000000000038e-02 1.870760000000000131e-02
9.619037038000000095e-01 1.877004399999999962e-02 3.719330000000000184e-04 1.000000000000000000e+00 1.872679999999999831e-02 1.874309999999999865e-02
9.622243382999999817e-01 1.879448800000000155e-02 3.722619999999999944e-04 1.000000000000000000e+00 1.875689999999999996e-02 1.877320000000000030e-02
9.625450798000000363e-01 1.881841500000000153e-02 3.725590000000000086e-04 1.000000000000000000e+00 1.878379999999999980e-02 1.880019999999999955e-02
9.628659281000000458e-01 1.884328099999999992e-02 3.728429999999999809e-04 1.000000000000000000e+00 1.880940000000000042e-02 1.882589999999999958e-02
9.631868834000000268e-01 1.886989299999999870e-02 3.731259999999999915e-04 1.000000000000000000e+00 1.883519999999999986e-02 1.885169999999999901e-02
9.635079456999999792e-01 1.889874299999999910e-02 3.734200000000000128e-04 1.000000000000000000e+00 1.886219999999999911e-02 1.887880000000000114e-02
9.638291150000000140e-01 1.893026600000000115e-02 3.737300000000000149e-04 1.000000000000000000e+00 1.889100000000000154e-02 1.890760000000000010e-02
9.641503914000000286e-01 1.896488600000000024e-02 3.740629999999999997e-04 1.000000000000000000e+00 1.892220000000000013e-02 1.893890000000000157e-02
9.644717749000000229e-01 1.900291800000000059e-02 3.744229999999999759e-04 1.000000000000000000e+00 1.895629999999999885e-02 1.897300000000000028e-02
9.647932654999999968e-01 1.904450599999999924e-02 3.748140000000000065e-04 1.000000000000000000e+00 1.899359999999999937e-02 1.901030000000000081e-02
9.651148631999999505e-01 1.908970499999999848e-02 3.752369999999999989e-04 1.000000000000000000e+00 1.903420000000000112e-02 1.905099999999999849e-02
9.654365682000000115e-01 1.913866300000000020e-02 3.756950000000000003e-04 1.000000000000000000e+00 1.907839999999999883e-02 1.909529999999999908e-02
9.657583803999999494e-01 1.919173299999999902e-02 3.761880000000000107e-04 1.000000000000000000e+00 1.912629999999999886e-02 1.914329999999999851e-02
9.660802997999999864e-01 1.924936799999999934e-02 3.767210000000000003e-04 1.000000000000000000e+00 1.917829999999999882e-02 1.919540000000000135e-02
9.664023266000000278e-01 1.931177499999999977e-02 3.772960000000000007e-04 1.000000000000000000e+00 1.923479999999999981e-02 1.925189999999999887e-02
9.667244606999999545e-01 1.937849000000000169e-02 3.779139999999999735e-04 1.000000000000000000e+00 1.929569999999999896e-02 1.931280000000000149e-02
9.670467021999999968e-01 1.944809700000000099e-02 3.785710000000000182e-04 1.000000000000000000e+00 1.936059999999999864e-02 1.937780000000000058e-02
9.673690511000000436e-01 1.951825800000000014e-02 3.792530000000000228e-04 1.000000000000000000e+00 1.942819999999999964e-02 1.944560000000000038e-02
9.676915073999999839e-01 1.958608100000000171e-02 3.799429999999999908e-04 1.000000000000000000e+00 1.949669999999999875e-02 1.951409999999999950e-02
9.680140712999999453e-01 1.964863799999999952e-02 3.806150000000000006e-04 1.000000000000000000e+00 1.956329999999999875e-02 1.958079999999999890e-02
9.683367426000000222e-01 1.970349600000000090e-02 3.812439999999999839e-04 1.000000000000000000e+00 1.962550000000000058e-02 1.964319999999999955e-02
9.686595216000000175e-01 1.974903199999999970e-02 3.818089999999999895e-04 1.000000000000000000e+00 1.968109999999999998e-02 1.969889999999999836e-02
9.689824081000000255e-01 1.978453200000000051e-02 3.822930000000000208e-04 1.000000000000000000e+00 1.972840000000000010e-02 1.974619999999999848e-02
9.693054022000000547e-01 1.981004299999999940e-02 3.826869999999999903e-04 1.000000000000000000e+00 1.976649999999999935e-02 1.978430000000000119e-02
9.696285040000000022e-01 1.982611800000000021e-02 3.829899999999999906e-04 1.000000000000000000e+00 1.979500000000000010e-02 1.981300000000000075e-02
9.699517134999999790e-01 1.983352799999999957e-02 3.832039999999999991e-04 1.000000000000000000e+00 1.981439999999999937e-02 1.983240000000000003e-02
9.702750306999999852e-01 1.983303599999999833e-02 3.833330000000000244e-04 1.000000000000000000e+00 1.982509999999999828e-02 1.984309999999999893e-02
9.705984557000000290e-01 1.982528500000000152e-02 3.833840000000000143e-04 1.000000000000000000e+00 1.982770000000000019e-02 1.984580000000000025e-02
9.709219886000000077e-01 1.981079900000000046e-02 3.833619999999999931e-04 1.000000000000000000e+00 1.982290000000000094e-02 1.984090000000000159e-02
9.712456292000000158e-01 1.979007500000000072e-02 3.832730000000000013e-04 1.000000000000000000e+00 1.981110000000000163e-02 1.982909999999999881e-02
9.715693777999999670e-01 1.976371500000000114e-02 3.831230000000000247e-04 1.000000000000000000e+00 1.979279999999999928e-02 1.981079999999999994e-02
9.718932341999999558e-01 1.973256899999999842e-02 3.829169999999999796e-04 1.000000000000000000e+00 1.976870000000000016e-02 1.978670000000000082e-02
9.722171985999999988e-01 1.969783500000000034e-02 3.826640000000000076e-04 1.000000000000000000e+00 1.973959999999999951e-02 1.975760000000000016e-02
9.725412709999999850e-01 1.966109900000000132e-02 3.823760000000000266e-04 1.000000000000000000e+00 1.970670000000000061e-02 1.972480000000000067e-02
9.728654515000000336e-01 1.962430199999999972e-02 3.820669999999999861e-04 1.000000000000000000e+00 1.967150000000000148e-02 1.968960000000000155e-02
9.731897399000000171e-01 1.958960100000000162e-02 3.817560000000000224e-04 1.000000000000000000e+00 1.963590000000000127e-02 1.965389999999999845e-02
9.735141364999999603e-01 1.955916900000000125e-02 3.814600000000000239e-04 1.000000000000000000e+00 1.960179999999999909e-02 1.961989999999999915e-02
9.738386411999999659e-01 1.953495800000000157e-02 3.811999999999999959e-04 1.000000000000000000e+00 1.957139999999999921e-02 1.958949999999999927e-02
9.741632541000000423e-01 1.951853200000000163e-02 3.809940000000000050e-04 1.000000000000000000e+00 1.954650000000000137e-02 1.956460000000000143e-02
9.744879751999999673e-01 1.951096199999999975e-02 3.808549999999999848e-04 1.000000000000000000e+00 1.952869999999999953e-02 1.954689999999999900e-02
9.748128044999999631e-01 1.951278500000000124e-02 3.807959999999999774e-04 1.000000000000000000e+00 1.951920000000000044e-02 1.953730000000000050e-02
9.751377421000000378e-01 1.952396199999999887e-02 3.808230000000000230e-04 1.000000000000000000e+00 1.951850000000000113e-02 1.953670000000000059e-02
9.754627879999999696e-01 1.954379100000000133e-02 3.809360000000000133e-04 1.000000000000000000e+00 1.952670000000000100e-02 1.954499999999999987e-02
9.757879422999999885e-01 1.957079700000000089e-02 3.811290000000000164e-04 1.000000000000000000e+00 1.954339999999999897e-02 1.956170000000000131e-02
9.761132049999999838e-01 1.960270000000000068e-02 3.813910000000000217e-04 1.000000000000000000e+00 1.956710000000000046e-02 1.958549999999999874e-02
9.764385759999999470e-01 1.963660399999999848e-02 3.817019999999999853e-04 1.000000000000000000e+00 1.959589999999999943e-02 1.961440000000000058e-02
9.767640555000000058e-01 1.966942400000000132e-02 3.820370000000000016e-04 1.000000000000000000e+00 1.962730000000000030e-02 1.964580000000000146e-02
9.770896435999999463e-01 1.969850199999999968e-02 3.823699999999999864e-04 1.000000000000000000e+00 1.965839999999999949e-02 1.967700000000000005e-02
9.774153400999999741e-01 1.972219799999999981e-02 3.826780000000000112e-04 1.000000000000000000e+00 1.968690000000000023e-02 1.970560000000000020e-02
9.777411451999999947e-01 1.974025899999999958e-02 3.829440000000000253e-04 1.000000000000000000e+00 1.971120000000000164e-02 1.972990000000000160e-02
9.780670589000000081e-01 1.975383299999999842e-02 3.831649999999999813e-04 1.000000000000000000e+00 1.973079999999999973e-02 1.974959999999999910e-02
9.783930813000000226e-01 1.976511400000000029e-02 3.833469999999999738e-04 1.000000000000000000e+00 1.974640000000000076e-02 1.976520000000000013e-02
9.787192123000000299e-01 1.977675099999999866e-02 3.835069999999999994e-04 1.000000000000000000e+00 1.975970000000000157e-02 1.977860000000000035e-02
9.790454521000000465e-01 1.979118900000000070e-02 3.836660000000000092e-04 1.000000000000000000e+00 1.977289999999999950e-02 1.979179999999999828e-02
9.793718004999999449e-01 1.981009400000000031e-02 3.838420000000000156e-04 1.000000000000000000e+00 1.978800000000000003e-02 1.980700000000000169e-02
9.796982577999999720e-01 1.983400800000000019e-02 3.840520000000000153e-04 1.000000000000000000e+00 1.980660000000000059e-02 1.982570000000000165e-02
9.800248239000000083e-01 1.986227600000000162e-02 3.843019999999999943e-04 1.000000000000000000e+00 1.982940000000000050e-02 1.984860000000000096e-02
9.803514988000000541e-01 1.989326300000000131e-02 3.845879999999999980e-04 1.000000000000000000e+00 1.985610000000000153e-02 1.987529999999999852e-02
9.806782827000000147e-01 1.992479700000000103e-02 3.848990000000000159e-04 1.000000000000000000e+00 1.988530000000000159e-02 1.990449999999999858e-02
9.810051753999999846e-01 1.995473199999999933e-02 3.852179999999999971e-04 1.000000000000000000e+00 1.991530000000000036e-02 1.993460000000000024e-02
9.813321771999999887e-01 1.998144500000000046e-02 3.855279999999999992e-04 1.000000000000000000e+00 1.994430000000000161e-02 1.996370000000000089e-02
9.816592879000000105e-01 2.000415300000000021e-02 3.858150000000000186e-04 1.000000000000000000e+00 1.997089999999999976e-02 1.999039999999999845e-02
9.819865075999999471e-01 2.002293700000000107e-02 3.860709999999999836e-04 1.000000000000000000e+00 1.999420000000000017e-02 2.001380000000000173e-02
9.823138365000000372e-01 2.003852500000000147e-02 3.862949999999999869e-04 1.000000000000000000e+00 2.001409999999999995e-02 2.003370000000000151e-02
9.826412744000000421e-01 2.005193200000000148e-02 3.864909999999999830e-04 1.000000000000000000e+00 2.003090000000000079e-02 2.005059999999999829e-02
9.829688214999999785e-01 2.006411899999999832e-02 3.866659999999999737e-04 1.000000000000000000e+00 2.004550000000000082e-02 2.006530000000000119e-02
9.832964777999999573e-01 2.007578000000000140e-02 3.868270000000000150e-04 1.000000000000000000e+00 2.005859999999999935e-02 2.007839999999999972e-02
9.836242432999999785e-01 2.008728499999999986e-02 3.869799999999999846e-04 1.000000000000000000e+00 2.007079999999999975e-02 2.009069999999999953e-02
9.839521180000000422e-01 2.009875399999999993e-02 3.871309999999999769e-04 1.000000000000000000e+00 2.008249999999999966e-02 2.010249999999999884e-02
9.842801021000000539e-01 2.011015999999999845e-02 3.872799999999999919e-04 1.000000000000000000e+00 2.009410000000000016e-02 2.011409999999999934e-02
9.846081953999999969e-01 2.012140200000000004e-02 3.874279999999999911e-04 1.000000000000000000e+00 2.010539999999999897e-02 2.012560000000000043e-02
9.849363982000000073e-01 2.013233099999999984e-02 3.875749999999999747e-04 1.000000000000000000e+00 2.011659999999999837e-02 2.013679999999999984e-02
9.852647102999999573e-01 2.014274599999999957e-02 3.877190000000000194e-04 1.000000000000000000e+00 2.012749999999999956e-02 2.014780000000000043e-02
9.855931318999999746e-01 2.015240600000000118e-02 3.878590000000000011e-04 1.000000000000000000e+00 2.013790000000000024e-02 2.015830000000000052e-02
9.859216629000000509e-01 2.016107400000000105e-02 3.879919999999999810e-04 1.000000000000000000e+00 2.014760000000000162e-02 2.016810000000000130e-02
9.862503034999999807e-01 2.016858100000000140e-02 3.881169999999999976e-04 1.000000000000000000e+00 2.015650000000000081e-02 2.017700000000000049e-02
9.865790535999999777e-01 2.017487999999999920e-02 3.882320000000000194e-04 1.000000000000000000e+00 2.016429999999999959e-02 2.018489999999999868e-02
9.869079133000000503e-01 2.018004600000000009e-02 3.883359999999999763e-04 1.000000000000000000e+00 2.017089999999999855e-02 2.019160000000000052e-02
9.872368825999999764e-01 2.018423700000000071e-02 3.884299999999999927e-04 1.000000000000000000e+00 2.017649999999999999e-02 2.019730000000000136e-02
9.875659614999999780e-01 2.018762799999999913e-02 3.885140000000000143e-04 1.000000000000000000e+00 2.018110000000000043e-02 2.020200000000000121e-02
9.878951501999999607e-01 2.019035799999999853e-02 3.885900000000000183e-04 1.000000000000000000e+00 2.018489999999999868e-02 2.020579999999999946e-02
9.882244486000000272e-01 2.019251299999999874e-02 3.886599999999999821e-04 1.000000000000000000e+00 2.018790000000000168e-02 2.020889999999999839e-02
9.885538566999999555e-01 2.019415399999999888e-02 3.887229999999999982e-04 1.000000000000000000e+00 2.019040000000000071e-02 2.021140000000000089e-02
9.888833746999999841e-01 2.019535100000000027e-02 3.887809999999999899e-04 1.000000000000000000e+00 2.019229999999999983e-02 2.021339999999999942e-02
9.892130024999999938e-01 2.019620800000000022e-02 3.888350000000000270e-04 1.000000000000000000e+00 2.019369999999999846e-02 2.021490000000000092e-02
9.895427400999999845e-01 2.019685900000000103e-02 3.888839999999999853e-04 1.000000000000000000e+00 2.019479999999999886e-02 2.021610000000000074e-02
9.898725876999999729e-01 2.019743900000000106e-02 3.889310000000000206e-04 1.000000000000000000e+00 2.019570000000000046e-02 2.021709999999999827e-02
9.902025451999999506e-01 2.019805400000000001e-02 3.889769999999999860e-04 1.000000000000000000e+00 2.019649999999999918e-02 2.021790000000000045e-02
9.905326127000000369e-01 2.019876199999999858e-02 3.890209999999999740e-04 1.000000000000000000e+00 2.019719999999999849e-02 2.021869999999999917e-02
9.908627903000000181e-01 2.019958200000000065e-02 3.890659999999999778e-04 1.000000000000000000e+00 2.019810000000000008e-02 2.021960000000000077e-02
9.911930778999999969e-01 2.020052099999999906e-02 3.891100000000000201e-04 1.000000000000000000e+00 2.019900000000000168e-02 2.022059999999999830e-02
9.915234755999999816e-01 2.020159900000000064e-02 3.891550000000000239e-04 1.000000000000000000e+00 2.019999999999999921e-02 2.022159999999999930e-02
9.918539833999999722e-01 2.020286400000000093e-02 3.892009999999999892e-04 1.000000000000000000e+00 2.020109999999999961e-02 2.022289999999999852e-02
9.921846013999999769e-01 2.020437099999999875e-02 3.892480000000000245e-04 1.000000000000000000e+00 2.020250000000000171e-02 2.022420000000000120e-02
9.925153295999999958e-01 2.020616100000000026e-02 3.892950000000000056e-04 1.000000000000000000e+00 2.020399999999999974e-02 2.022579999999999864e-02
9.928461680000000289e-01 2.020821800000000001e-02 3.893449999999999797e-04 1.000000000000000000e+00 2.020579999999999946e-02 2.022770000000000123e-02
9.931771167999999816e-01 2.021046500000000037e-02 3.893969999999999853e-04 1.000000000000000000e+00 2.020780000000000146e-02 2.022969999999999977e-02
9.935081757999999486e-01 2.021277000000000143e-02 3.894510000000000224e-04 1.000000000000000000e+00 2.020989999999999939e-02 2.023190000000000058e-02
9.938393451999999462e-01 2.021497800000000150e-02 3.895050000000000053e-04 1.000000000000000000e+00 2.021210000000000021e-02 2.023410000000000139e-02
9.941706249999999745e-01 2.021694400000000058e-02 3.895589999999999882e-04 1.000000000000000000e+00 2.021409999999999874e-02 2.023619999999999933e-02
9.945020152000000335e-01 2.021857100000000115e-02 3.896130000000000253e-04 1.000000000000000000e+00 2.021600000000000133e-02 2.023799999999999905e-02
9.948335159000000205e-01 2.021981000000000125e-02 3.896649999999999767e-04 1.000000000000000000e+00 2.021749999999999936e-02 2.023969999999999936e-02
9.951651270000000382e-01 2.022066499999999878e-02 3.897139999999999892e-04 1.000000000000000000e+00 2.021869999999999917e-02 2.024089999999999917e-02
9.954968486999999921e-01 2.022116599999999875e-02 3.897610000000000245e-04 1.000000000000000000e+00 2.021960000000000077e-02 2.024190000000000017e-02
9.958286809999999933e-01 2.022136100000000020e-02 3.898050000000000126e-04 1.000000000000000000e+00 2.022020000000000067e-02 2.024250000000000008e-02
9.961606239000000418e-01 2.022129900000000161e-02 3.898470000000000234e-04 1.000000000000000000e+00 2.022039999999999949e-02 2.024279999999999829e-02
9.964926775000000347e-01 2.022102599999999958e-02 3.898859999999999869e-04 1.000000000000000000e+00 2.022039999999999949e-02 2.024290000000000117e-02
9.968248416999999639e-01 2.022058900000000062e-02 3.899239999999999889e-04 1.000000000000000000e+00 2.022020000000000067e-02 2.024269999999999889e-02
9.971571165999999486e-01 2.022003699999999973e-02 3.899609999999999752e-04 1.000000000000000000e+00 2.021989999999999899e-02 2.024250000000000008e-02
9.974895022999999972e-01 2.021941199999999911e-02 3.899959999999999842e-04 1.000000000000000000e+00 2.021939999999999849e-02 2.024209999999999898e-02
9.978219987999999985e-01 2.021875100000000008e-02 3.900299999999999774e-04 1.000000000000000000e+00 2.021890000000000145e-02 2.024159999999999848e-02
9.981546061999999608e-01 2.021806699999999929e-02 3.900630000000000091e-04 1.000000000000000000e+00 2.021830000000000155e-02 2.024110000000000145e-02
9.984873243999999870e-01 2.021734899999999904e-02 3.900950000000000251e-04 1.000000000000000000e+00 2.021770000000000164e-02 2.024060000000000095e-02
9.988201534999999742e-01 2.021656000000000147e-02 3.901269999999999868e-04 1.000000000000000000e+00 2.021709999999999827e-02 2.024000000000000105e-02
9.991530935000000335e-01 2.021564299999999842e-02 3.901570000000000255e-04 1.000000000000000000e+00 2.021639999999999895e-02 2.023940000000000114e-02
9.994861445999999594e-01 2.021454500000000043e-02 3.901849999999999785e-04 1.000000000000000000e+00 2.021550000000000083e-02 2.023859999999999895e-02
9.998193065999999574e-01 2.021324799999999963e-02 3.902120000000000241e-04 1.000000000000000000e+00 2.021449999999999983e-02 2.023760000000000142e-02
1.000152579999999958e+00 2.021178900000000084e-02 3.902369999999999841e-04 1.000000000000000000e+00 2.021320000000000061e-02 2.023640000000000161e-02
1.000485963999999894e+00 2.021027900000000113e-02 3.902609999999999825e-04 1.000000000000000000e+00 2.021190000000000139e-02 2.023509999999999892e-02
1.000819458999999911e+00 2.020889500000000102e-02 3.902849999999999809e-04 1.000000000000000000e+00 2.021049999999999930e-02 2.023370000000000030e-02
1.001153066000000091e+00 2.020783599999999985e-02 3.903089999999999793e-04 1.000000000000000000e+00 2.020920000000000008e-02 2.023250000000000048e-02
1.001486783000000047e+00 2.020727900000000160e-02 3.903360000000000250e-04 1.000000000000000000e+00 2.020819999999999908e-02 2.023149999999999948e-02
1.001820611999999944e+00 2.020732000000000084e-02 3.903660000000000094e-04 1.000000000000000000e+00 2.020759999999999917e-02 2.023099999999999898e-02
1.002154553000000003e+00 2.020794100000000010e-02 3.904019999999999799e-04 1.000000000000000000e+00 2.020759999999999917e-02 2.023099999999999898e-02
1.002488604000000061e+00 2.020901900000000168e-02 3.904420000000000134e-04 1.000000000000000000e+00 2.020800000000000027e-02 2.023149999999999948e-02
1.002822767000000059e+00 2.021035499999999929e-02 3.904860000000000015e-04 1.000000000000000000e+00 2.020879999999999899e-02 2.023240000000000108e-02
1.003157040999999916e+00 2.021173799999999993e-02 3.905339999999999983e-04 1.000000000000000000e+00 2.020979999999999999e-02 2.023350000000000148e-02
1.003491426999999936e+00 2.021299500000000096e-02 3.905830000000000109e-04 1.000000000000000000e+00 2.021099999999999980e-02 2.023470000000000130e-02
1.003825924000000036e+00 2.021403000000000089e-02 3.906329999999999850e-04 1.000000000000000000e+00 2.021200000000000080e-02 2.023580000000000170e-02
1.004160533000000077e+00 2.021482000000000140e-02 3.906819999999999976e-04 1.000000000000000000e+00 2.021299999999999833e-02 2.023679999999999923e-02
1.004495252999999977e+00 2.021539300000000164e-02 3.907299999999999944e-04 1.000000000000000000e+00 2.021380000000000052e-02 2.023770000000000083e-02
1.004830085000000039e+00 2.021579000000000084e-02 3.907760000000000140e-04 1.000000000000000000e+00 2.021440000000000042e-02 2.023840000000000014e-02
1.005165027999999960e+00 2.021602499999999858e-02 3.908210000000000178e-04 1.000000000000000000e+00 2.021490000000000092e-02 2.023900000000000005e-02
1.005500083000000044e+00 2.021606899999999971e-02 3.908629999999999743e-04 1.000000000000000000e+00 2.021529999999999855e-02 2.023940000000000114e-02
1.005835250000000070e+00 2.021585500000000132e-02 3.909030000000000078e-04 1.000000000000000000e+00 2.021540000000000142e-02 2.023959999999999995e-02
1.006170527999999953e+00 2.021529400000000171e-02 3.909399999999999941e-04 1.000000000000000000e+00 2.021529999999999855e-02 2.023950000000000055e-02
1.006505917999999999e+00 2.021431400000000059e-02 3.909750000000000031e-04 1.000000000000000000e+00 2.021480000000000152e-02 2.023900000000000005e-02
1.006841419999999987e+00 2.021289100000000019e-02 3.910049999999999876e-04 1.000000000000000000e+00 2.021380000000000052e-02 2.023820000000000133e-02
1.007177033999999916e+00 2.021107600000000143e-02 3.910329999999999947e-04 1.000000000000000000e+00 2.021250000000000130e-02 2.023689999999999864e-02
1.007512760000000007e+00 2.020900299999999969e-02 3.910569999999999932e-04 1.000000000000000000e+00 2.021070000000000158e-02 2.023519999999999833e-02
1.007848596999999957e+00 2.020687499999999914e-02 3.910799999999999758e-04 1.000000000000000000e+00 2.020869999999999958e-02 2.023329999999999920e-02
1.008184546999999931e+00 2.020493799999999868e-02 3.911030000000000127e-04 1.000000000000000000e+00 2.020670000000000105e-02 2.023130000000000067e-02
1.008520607999999985e+00 2.020343200000000033e-02 3.911270000000000111e-04 1.000000000000000000e+00 2.020479999999999846e-02 2.022950000000000095e-02
1.008856782000000063e+00 2.020254599999999831e-02 3.911550000000000183e-04 1.000000000000000000e+00 2.020330000000000042e-02 2.022809999999999886e-02
1.009193066999999999e+00 2.020237500000000158e-02 3.911879999999999958e-04 1.000000000000000000e+00 2.020239999999999883e-02 2.022720000000000073e-02
1.009529464999999959e+00 2.020289899999999986e-02 3.912270000000000135e-04 1.000000000000000000e+00 2.020210000000000061e-02 2.022699999999999845e-02
1.009865975000000082e+00 2.020399200000000048e-02 3.912710000000000016e-04 1.000000000000000000e+00 2.020250000000000171e-02 2.022749999999999895e-02
1.010202596999999924e+00 2.020545400000000116e-02 3.913209999999999757e-04 1.000000000000000000e+00 2.020339999999999983e-02 2.022840000000000055e-02
1.010539330999999930e+00 2.020705999999999891e-02 3.913729999999999813e-04 1.000000000000000000e+00 2.020459999999999964e-02 2.022979999999999917e-02
1.010876177999999959e+00 2.020861200000000080e-02 3.914270000000000184e-04 1.000000000000000000e+00 2.020610000000000114e-02 2.023130000000000067e-02
1.011213136000000068e+00 2.020997500000000155e-02 3.914810000000000013e-04 1.000000000000000000e+00 2.020749999999999977e-02 2.023279999999999870e-02
1.011550206999999979e+00 2.021109100000000047e-02 3.915340000000000226e-04 1.000000000000000000e+00 2.020879999999999899e-02 2.023420000000000080e-02
1.011887390999999914e+00 2.021196299999999946e-02 3.915859999999999740e-04 1.000000000000000000e+00 2.020999999999999880e-02 2.023540000000000061e-02
1.012224687000000012e+00 2.021263400000000016e-02 3.916349999999999866e-04 1.000000000000000000e+00 2.021090000000000039e-02 2.023640000000000161e-02
1.012562095000000051e+00 2.021315200000000159e-02 3.916829999999999834e-04 1.000000000000000000e+00 2.021169999999999911e-02 2.023720000000000033e-02
1.012899615000000031e+00 2.021355199999999921e-02 3.917300000000000187e-04 1.000000000000000000e+00 2.021229999999999902e-02 2.023789999999999964e-02
1.013237248999999895e+00 2.021385100000000143e-02 3.917750000000000225e-04 1.000000000000000000e+00 2.021279999999999952e-02 2.023849999999999955e-02
1.013574994000000062e+00 2.021405199999999971e-02 3.918179999999999948e-04 1.000000000000000000e+00 2.021320000000000061e-02 2.023890000000000064e-02
1.013912852999999892e+00 2.021415799999999943e-02 3.918600000000000056e-04 1.000000000000000000e+00 2.021339999999999942e-02 2.023919999999999886e-02
1.014250824000000106e+00 2.021418300000000015e-02 3.919020000000000164e-04 1.000000000000000000e+00 2.021360000000000171e-02 2.023950000000000055e-02
1.014588907000000040e+00 2.021415799999999943e-02 3.919430000000000114e-04 1.000000000000000000e+00 2.021360000000000171e-02 2.023959999999999995e-02
1.014927104000000080e+00 2.021412599999999893e-02 3.919829999999999907e-04 1.000000000000000000e+00 2.021360000000000171e-02 2.023969999999999936e-02
1.015265413000000061e+00 2.021412800000000135e-02 3.920230000000000242e-04 1.000000000000000000e+00 2.021370000000000111e-02 2.023979999999999876e-02
1.015603833999999983e+00 2.021419199999999888e-02 3.920630000000000035e-04 1.000000000000000000e+00 2.021370000000000111e-02 2.023990000000000164e-02
1.015942369000000012e+00 2.021431699999999901e-02 3.921029999999999828e-04 1.000000000000000000e+00 2.021389999999999992e-02 2.024010000000000045e-02
1.016281017000000064e+00 2.021447300000000016e-02 3.921430000000000163e-04 1.000000000000000000e+00 2.021409999999999874e-02 2.024029999999999926e-02
1.016619777000000058e+00 2.021460200000000165e-02 3.921819999999999798e-04 1.000000000000000000e+00 2.021430000000000102e-02 2.024060000000000095e-02
1.016958650000000075e+00 2.021464499999999984e-02 3.922209999999999976e-04 1.000000000000000000e+00 2.021449999999999983e-02 2.024079999999999976e-02
1.017297635999999894e+00 2.021455399999999916e-02 3.922589999999999996e-04 1.000000000000000000e+00 2.021449999999999983e-02 2.024089999999999917e-02
1.017636736000000042e+00 2.021431699999999901e-02 3.922950000000000243e-04 1.000000000000000000e+00 2.021440000000000042e-02 2.024089999999999917e-02
1.017975947999999908e+00 2.021396099999999904e-02 3.923320000000000106e-04 1.000000000000000000e+00 2.021409999999999874e-02 2.024070000000000036e-02
1.018315273000000021e+00 2.021355000000000027e-02 3.923670000000000196e-04 1.000000000000000000e+00 2.021370000000000111e-02 2.024029999999999926e-02
1.018654712000000018e+00 2.021316100000000032e-02 3.924029999999999901e-04 1.000000000000000000e+00 2.021330000000000002e-02 2.023990000000000164e-02
1.018994262999999956e+00 2.021285899999999969e-02 3.924399999999999764e-04 1.000000000000000000e+00 2.021279999999999952e-02 2.023959999999999995e-02
1.019333928000000000e+00 2.021267399999999992e-02 3.924779999999999784e-04 1.000000000000000000e+00 2.021250000000000130e-02 2.023930000000000173e-02
1.019673706000000069e+00 2.021259200000000145e-02 3.925180000000000119e-04 1.000000000000000000e+00 2.021219999999999961e-02 2.023909999999999945e-02
1.020013596999999939e+00 2.021255699999999905e-02 3.925579999999999911e-04 1.000000000000000000e+00 2.021210000000000021e-02 2.023900000000000005e-02
1.020353601999999915e+00 2.021249500000000046e-02 3.925989999999999862e-04 1.000000000000000000e+00 2.021200000000000080e-02 2.023900000000000005e-02
1.020693719000000055e+00 2.021233100000000005e-02 3.926399999999999812e-04 1.000000000000000000e+00 2.021190000000000139e-02 2.023900000000000005e-02
1.021033950999999940e+00 2.021201400000000037e-02 3.926800000000000147e-04 1.000000000000000000e+00 2.021179999999999852e-02 2.023900000000000005e-02
1.021374294999999988e+00 2.021153300000000028e-02 3.927180000000000167e-04 1.000000000000000000e+00 2.021159999999999970e-02 2.023880000000000123e-02
1.021714752999999920e+00 2.021091800000000133e-02 3.927539999999999872e-04 1.000000000000000000e+00 2.021119999999999861e-02 2.023859999999999895e-02
1.022055324999999959e+00 2.021024000000000084e-02 3.927879999999999805e-04 1.000000000000000000e+00 2.021080000000000099e-02 2.023809999999999845e-02
1.022396010000000022e+00 2.020960000000000117e-02 3.928219999999999737e-04 1.000000000000000000e+00 2.021020000000000108e-02 2.023760000000000142e-02
1.022736808999999969e+00 2.020910700000000046e-02 3.928550000000000054e-04 1.000000000000000000e+00 2.020960000000000117e-02 2.023710000000000092e-02
1.023077720999999940e+00 2.020885600000000074e-02 3.928900000000000144e-04 1.000000000000000000e+00 2.020910000000000067e-02 2.023660000000000042e-02
1.023418747000000018e+00 2.020890200000000081e-02 3.929280000000000164e-04 1.000000000000000000e+00 2.020879999999999899e-02 2.023640000000000161e-02
1.023759886999999980e+00 2.020924199999999879e-02 3.929679999999999957e-04 1.000000000000000000e+00 2.020869999999999958e-02 2.023640000000000161e-02
1.024101139999999965e+00 2.020981399999999956e-02 3.930110000000000222e-04 1.000000000000000000e+00 2.020879999999999899e-02 2.023660000000000042e-02
1.024442507000000058e+00 2.021050799999999856e-02 3.930569999999999876e-04 1.000000000000000000e+00 2.020920000000000008e-02 2.023710000000000092e-02
1.024783988000000035e+00 2.021119700000000019e-02 3.931049999999999844e-04 1.000000000000000000e+00 2.020979999999999999e-02 2.023770000000000083e-02
1.025125582000000035e+00 2.021176699999999854e-02 3.931529999999999812e-04 1.000000000000000000e+00 2.021030000000000049e-02 2.023830000000000073e-02
1.025467291000000003e+00 2.021214500000000081e-02 3.932009999999999780e-04 1.000000000000000000e+00 2.021090000000000039e-02 2.023890000000000064e-02
1.025809112999999995e+00 2.021230900000000122e-02 3.932480000000000133e-04 1.000000000000000000e+00 2.021119999999999861e-02 2.023940000000000114e-02
1.026151049999999953e+00 2.021228900000000134e-02 3.932930000000000171e-04 1.000000000000000000e+00 2.021140000000000089e-02 2.023969999999999936e-02
1.026493099999999936e+00 2.021214699999999975e-02 3.933370000000000052e-04 1.000000000000000000e+00 2.021150000000000030e-02 2.023979999999999876e-02
1.026835264000000025e+00 2.021196100000000051e-02 3.933790000000000160e-04 1.000000000000000000e+00 2.021140000000000089e-02 2.023979999999999876e-02
1.027177543000000082e+00 2.021179999999999852e-02 3.934219999999999883e-04 1.000000000000000000e+00 2.021119999999999861e-02 2.023969999999999936e-02
1.027519934999999940e+00 2.021170900000000131e-02 3.934639999999999991e-04 1.000000000000000000e+00 2.021109999999999920e-02 2.023959999999999995e-02
1.027862441999999987e+00 2.021170799999999837e-02 3.935070000000000256e-04 1.000000000000000000e+00 2.021099999999999980e-02 2.023959999999999995e-02
1.028205062999999919e+00 2.021179199999999926e-02 3.935519999999999752e-04 1.000000000000000000e+00 2.021090000000000039e-02 2.023959999999999995e-02
1.028547797999999958e+00 2.021193599999999979e-02 3.935969999999999790e-04 1.000000000000000000e+00 2.021099999999999980e-02 2.023979999999999876e-02
1.028890647000000103e+00 2.021211499999999925e-02 3.936419999999999828e-04 1.000000000000000000e+00 2.021109999999999920e-02 2.024000000000000105e-02
1.029233610999999993e+00 2.021230200000000143e-02 3.936880000000000024e-04 1.000000000000000000e+00 2.021130000000000149e-02 2.024029999999999926e-02
1.029576688999999989e+00 2.021248100000000089e-02 3.937330000000000062e-04 1.000000000000000000e+00 2.021150000000000030e-02 2.024060000000000095e-02
1.029919881000000093e+00 2.021264099999999994e-02 3.937790000000000257e-04 1.000000000000000000e+00 2.021169999999999911e-02 2.024089999999999917e-02
1.030263187000000080e+00 2.021277999999999964e-02 3.938230000000000138e-04 1.000000000000000000e+00 2.021200000000000080e-02 2.024120000000000086e-02
1.030606608999999896e+00 2.021289299999999914e-02 3.938670000000000018e-04 1.000000000000000000e+00 2.021219999999999961e-02 2.024149999999999908e-02
1.030950143999999957e+00 2.021297700000000003e-02 3.939109999999999899e-04 1.000000000000000000e+00 2.021229999999999902e-02 2.024170000000000136e-02
1.031293793999999986e+00 2.021302300000000010e-02 3.939540000000000164e-04 1.000000000000000000e+00 2.021239999999999842e-02 2.024190000000000017e-02
1.031637558999999982e+00 2.021301899999999874e-02 3.939969999999999887e-04 1.000000000000000000e+00 2.021250000000000130e-02 2.024199999999999958e-02
1.031981438000000084e+00 2.021295600000000067e-02 3.940389999999999995e-04 1.000000000000000000e+00 2.021239999999999842e-02 2.024199999999999958e-02
1.032325431999999932e+00 2.021282500000000024e-02 3.940820000000000260e-04 1.000000000000000000e+00 2.021229999999999902e-02 2.024199999999999958e-02
1.032669540000000108e+00 2.021262899999999932e-02 3.941239999999999826e-04 1.000000000000000000e+00 2.021210000000000021e-02 2.024190000000000017e-02
1.033013763000000029e+00 2.021237199999999928e-02 3.941670000000000091e-04 1.000000000000000000e+00 2.021190000000000139e-02 2.024170000000000136e-02
1.033358100999999918e+00 2.021206399999999834e-02 3.942090000000000199e-04 1.000000000000000000e+00 2.021169999999999911e-02 2.024159999999999848e-02
1.033702553999999996e+00 2.021171299999999921e-02 3.942500000000000149e-04 1.000000000000000000e+00 2.021140000000000089e-02 2.024139999999999967e-02
1.034047120999999958e+00 2.021131799999999895e-02 3.942910000000000100e-04 1.000000000000000000e+00 2.021109999999999920e-02 2.024120000000000086e-02
1.034391803999999970e+00 2.021087300000000073e-02 3.943320000000000050e-04 1.000000000000000000e+00 2.021070000000000158e-02 2.024089999999999917e-02
1.034736601000000089e+00 2.021036600000000044e-02 3.943710000000000227e-04 1.000000000000000000e+00 2.021030000000000049e-02 2.024060000000000095e-02
1.035081512999999953e+00 2.020978899999999884e-02 3.944099999999999863e-04 1.000000000000000000e+00 2.020989999999999939e-02 2.024019999999999986e-02
1.035426540000000006e+00 2.020914899999999917e-02 3.944490000000000040e-04 1.000000000000000000e+00 2.020929999999999949e-02 2.023969999999999936e-02
1.035771683000000110e+00 2.020847099999999869e-02 3.944870000000000061e-04 1.000000000000000000e+00 2.020869999999999958e-02 2.023909999999999945e-02
1.036116940000000097e+00 2.020779899999999851e-02 3.945239999999999923e-04 1.000000000000000000e+00 2.020800000000000027e-02 2.023849999999999955e-02
1.036462312000000052e+00 2.020718599999999851e-02 3.945630000000000101e-04 1.000000000000000000e+00 2.020740000000000036e-02 2.023799999999999905e-02
1.036807800000000057e+00 2.020668000000000117e-02 3.946010000000000121e-04 1.000000000000000000e+00 2.020680000000000046e-02 2.023749999999999855e-02
1.037153401999999947e+00 2.020630699999999974e-02 3.946399999999999756e-04 1.000000000000000000e+00 2.020629999999999996e-02 2.023710000000000092e-02
1.037499120000000108e+00 2.020606299999999980e-02 3.946800000000000091e-04 1.000000000000000000e+00 2.020599999999999827e-02 2.023679999999999923e-02
1.037844953000000014e+00 2.020590599999999917e-02 3.947199999999999884e-04 1.000000000000000000e+00 2.020570000000000005e-02 2.023660000000000042e-02
1.038190901000000110e+00 2.020576300000000158e-02 3.947609999999999834e-04 1.000000000000000000e+00 2.020560000000000064e-02 2.023650000000000101e-02
1.038536965000000034e+00 2.020554199999999995e-02 3.948019999999999785e-04 1.000000000000000000e+00 2.020539999999999836e-02 2.023640000000000161e-02
1.038883143999999925e+00 2.020514299999999833e-02 3.948429999999999735e-04 1.000000000000000000e+00 2.020510000000000014e-02 2.023619999999999933e-02
1.039229438000000005e+00 2.020446799999999973e-02 3.948819999999999913e-04 1.000000000000000000e+00 2.020469999999999905e-02 2.023590000000000111e-02
1.039575847999999914e+00 2.020342699999999950e-02 3.949189999999999775e-04 1.000000000000000000e+00 2.020399999999999974e-02 2.023530000000000120e-02
1.039922374000000094e+00 2.020194200000000051e-02 3.949530000000000250e-04 1.000000000000000000e+00 2.020299999999999874e-02 2.023439999999999961e-02
1.040269013999999936e+00 2.019995600000000155e-02 3.949830000000000094e-04 1.000000000000000000e+00 2.020160000000000011e-02 2.023310000000000039e-02
1.040615770999999912e+00 2.019744399999999843e-02 3.950089999999999851e-04 1.000000000000000000e+00 2.019980000000000039e-02 2.023140000000000008e-02
1.040962643000000076e+00 2.019442200000000007e-02 3.950289999999999748e-04 1.000000000000000000e+00 2.019759999999999958e-02 2.022919999999999927e-02
1.041309629999999986e+00 2.019095699999999896e-02 3.950429999999999784e-04 1.000000000000000000e+00 2.019489999999999827e-02 2.022650000000000142e-02
1.041656732999999946e+00 2.018717000000000081e-02 3.950529999999999732e-04 1.000000000000000000e+00 2.019179999999999933e-02 2.022349999999999842e-02
1.042003951999999956e+00 2.018321699999999982e-02 3.950590000000000135e-04 1.000000000000000000e+00 2.018829999999999930e-02 2.021999999999999839e-02
1.042351287000000015e+00 2.017927099999999863e-02 3.950620000000000065e-04 1.000000000000000000e+00 2.018460000000000046e-02 2.021639999999999895e-02
1.042698737000000042e+00 2.017549000000000078e-02 3.950639999999999838e-04 1.000000000000000000e+00 2.018069999999999933e-02 2.021260000000000071e-02
1.043046303999999980e+00 2.017198699999999886e-02 3.950669999999999768e-04 1.000000000000000000e+00 2.017700000000000049e-02 2.020889999999999839e-02
1.043393986000000107e+00 2.016882399999999839e-02 3.950730000000000170e-04 1.000000000000000000e+00 2.017340000000000105e-02 2.020539999999999836e-02
1.043741784000000061e+00 2.016600299999999832e-02 3.950830000000000119e-04 1.000000000000000000e+00 2.017009999999999983e-02 2.020210000000000061e-02
1.044089698000000066e+00 2.016348499999999835e-02 3.950959999999999997e-04 1.000000000000000000e+00 2.016700000000000090e-02 2.019910000000000108e-02
1.044437727000000038e+00 2.016120600000000096e-02 3.951129999999999963e-04 1.000000000000000000e+00 2.016420000000000018e-02 2.019639999999999977e-02
1.044785872999999921e+00 2.015909700000000082e-02 3.951329999999999860e-04 1.000000000000000000e+00 2.016170000000000115e-02 2.019400000000000014e-02
1.045134135000000075e+00 2.015709400000000040e-02 3.951560000000000229e-04 1.000000000000000000e+00 2.015950000000000034e-02 2.019179999999999933e-02
1.045482513000000058e+00 2.015514200000000089e-02 3.951800000000000213e-04 1.000000000000000000e+00 2.015729999999999952e-02 2.018980000000000080e-02
1.045831007999999951e+00 2.015319100000000085e-02 3.952049999999999812e-04 1.000000000000000000e+00 2.015540000000000040e-02 2.018779999999999880e-02
1.046179618000000033e+00 2.015119599999999969e-02 3.952299999999999954e-04 1.000000000000000000e+00 2.015339999999999840e-02 2.018599999999999908e-02
1.046528343999999944e+00 2.014910699999999943e-02 3.952539999999999938e-04 1.000000000000000000e+00 2.015149999999999927e-02 2.018409999999999996e-02
1.046877186999999987e+00 2.014687999999999896e-02 3.952769999999999765e-04 1.000000000000000000e+00 2.014950000000000074e-02 2.018220000000000083e-02
1.047226146000000080e+00 2.014447800000000038e-02 3.952979999999999819e-04 1.000000000000000000e+00 2.014729999999999993e-02 2.018009999999999943e-02
1.047575222000000084e+00 2.014188999999999910e-02 3.953180000000000257e-04 1.000000000000000000e+00 2.014499999999999971e-02 2.017779999999999921e-02
1.047924413000000055e+00 2.013913599999999846e-02 3.953350000000000223e-04 1.000000000000000000e+00 2.014240000000000128e-02 2.017530000000000018e-02
1.048273722000000019e+00 2.013627299999999967e-02 3.953520000000000189e-04 1.000000000000000000e+00 2.013969999999999996e-02 2.017269999999999827e-02
1.048623145999999950e+00 2.013338199999999828e-02 3.953679999999999998e-04 1.000000000000000000e+00 2.013689999999999924e-02 2.016990000000000102e-02
1.048972687000000015e+00 2.013055000000000053e-02 3.953839999999999807e-04 1.000000000000000000e+00 2.013399999999999912e-02 2.016710000000000030e-02
1.049322344999999990e+00 2.012785400000000058e-02 3.954019999999999931e-04 1.000000000000000000e+00 2.013109999999999900e-02 2.016429999999999959e-02
1.049672119000000015e+00 2.012533600000000061e-02 3.954200000000000054e-04 1.000000000000000000e+00 2.012840000000000115e-02 2.016159999999999827e-02
1.050022009999999950e+00 2.012299799999999958e-02 3.954399999999999951e-04 1.000000000000000000e+00 2.012579999999999925e-02 2.015909999999999924e-02
1.050372016999999936e+00 2.012080899999999992e-02 3.954620000000000162e-04 1.000000000000000000e+00 2.012339999999999962e-02 2.015679999999999902e-02
1.050722141000000054e+00 2.011871800000000071e-02 3.954849999999999989e-04 1.000000000000000000e+00 2.012119999999999881e-02 2.015470000000000109e-02
1.051072382000000083e+00 2.011667099999999916e-02 3.955079999999999815e-04 1.000000000000000000e+00 2.011910000000000087e-02 2.015269999999999909e-02
1.051422738999999940e+00 2.011462199999999867e-02 3.955319999999999800e-04 1.000000000000000000e+00 2.011709999999999887e-02 2.015070000000000056e-02
1.051773212999999929e+00 2.011253899999999872e-02 3.955550000000000168e-04 1.000000000000000000e+00 2.011500000000000093e-02 2.014869999999999856e-02
1.052123804000000051e+00 2.011040000000000050e-02 3.955779999999999995e-04 1.000000000000000000e+00 2.011299999999999893e-02 2.014670000000000002e-02
1.052474512000000084e+00 2.010818600000000012e-02 3.956009999999999822e-04 1.000000000000000000e+00 2.011080000000000159e-02 2.014470000000000149e-02
1.052825337000000028e+00 2.010587700000000116e-02 3.956230000000000033e-04 1.000000000000000000e+00 2.010860000000000078e-02 2.014250000000000068e-02
1.053176279000000104e+00 2.010344999999999840e-02 3.956450000000000244e-04 1.000000000000000000e+00 2.010630000000000056e-02 2.014020000000000046e-02
1.053527338000000091e+00 2.010088299999999994e-02 3.956659999999999756e-04 1.000000000000000000e+00 2.010380000000000153e-02 2.013790000000000024e-02
1.053878512999999906e+00 2.009815900000000086e-02 3.956860000000000195e-04 1.000000000000000000e+00 2.010119999999999962e-02 2.013529999999999834e-02
1.054229805999999936e+00 2.009527200000000083e-02 3.957049999999999934e-04 1.000000000000000000e+00 2.009839999999999891e-02 2.013269999999999990e-02
1.054581216000000099e+00 2.009222999999999912e-02 3.957230000000000057e-04 1.000000000000000000e+00 2.009560000000000166e-02 2.012989999999999918e-02
1.054932742999999951e+00 2.008905199999999960e-02 3.957400000000000024e-04 1.000000000000000000e+00 2.009259999999999866e-02 2.012699999999999906e-02
1.055284388000000018e+00 2.008577199999999827e-02 3.957559999999999832e-04 1.000000000000000000e+00 2.008949999999999972e-02 2.012390000000000012e-02
1.055636148999999913e+00 2.008242299999999855e-02 3.957699999999999868e-04 1.000000000000000000e+00 2.008640000000000078e-02 2.012090000000000059e-02
1.055988028000000023e+00 2.007903899999999991e-02 3.957829999999999747e-04 1.000000000000000000e+00 2.008319999999999897e-02 2.011780000000000165e-02
1.056340024000000044e+00 2.007564599999999908e-02 3.957950000000000010e-04 1.000000000000000000e+00 2.008000000000000063e-02 2.011459999999999984e-02
1.056692136999999976e+00 2.007225500000000065e-02 3.958049999999999958e-04 1.000000000000000000e+00 2.007669999999999941e-02 2.011140000000000150e-02
1.057044367999999901e+00 2.006886000000000086e-02 3.958139999999999749e-04 1.000000000000000000e+00 2.007350000000000106e-02 2.010829999999999909e-02
1.057396715999999959e+00 2.006544199999999931e-02 3.958219999999999924e-04 1.000000000000000000e+00 2.007019999999999985e-02 2.010500000000000134e-02
1.057749182000000010e+00 2.006197100000000136e-02 3.958300000000000100e-04 1.000000000000000000e+00 2.006679999999999922e-02 2.010170000000000012e-02
1.058101764999999972e+00 2.005841499999999958e-02 3.958370000000000118e-04 1.000000000000000000e+00 2.006329999999999919e-02 2.009820000000000009e-02
1.058454465000000067e+00 2.005474599999999830e-02 3.958429999999999978e-04 1.000000000000000000e+00 2.005969999999999975e-02 2.009470000000000006e-02
1.058807282999999932e+00 2.005095100000000088e-02 3.958499999999999996e-04 1.000000000000000000e+00 2.005590000000000150e-02 2.009100000000000122e-02
1.059160219000000014e+00 2.004703099999999988e-02 3.958559999999999857e-04 1.000000000000000000e+00 2.005200000000000038e-02 2.008710000000000009e-02
1.059513272000000006e+00 2.004300300000000021e-02 3.958629999999999875e-04 1.000000000000000000e+00 2.004799999999999985e-02 2.008319999999999897e-02
1.059866444000000074e+00 2.003889400000000154e-02 3.958689999999999735e-04 1.000000000000000000e+00 2.004389999999999991e-02 2.007919999999999844e-02
1.060219731999999970e+00 2.003473899999999933e-02 3.958750000000000138e-04 1.000000000000000000e+00 2.003979999999999997e-02 2.007509999999999850e-02
1.060573138999999943e+00 2.003057800000000027e-02 3.958809999999999998e-04 1.000000000000000000e+00 2.003560000000000063e-02 2.007110000000000144e-02
1.060926663000000048e+00 2.002645000000000119e-02 3.958869999999999859e-04 1.000000000000000000e+00 2.003150000000000069e-02 2.006710000000000091e-02
1.061280306000000007e+00 2.002239399999999891e-02 3.958930000000000261e-04 1.000000000000000000e+00 2.002750000000000016e-02 2.006310000000000038e-02
1.061634066000000098e+00 2.001845199999999908e-02 3.958990000000000122e-04 1.000000000000000000e+00 2.002349999999999963e-02 2.005919999999999925e-02
1.061987943999999962e+00 2.001466999999999830e-02 3.959049999999999982e-04 1.000000000000000000e+00 2.001959999999999851e-02 2.005540000000000100e-02
1.062341940000000040e+00 2.001110000000000042e-02 3.959130000000000158e-04 1.000000000000000000e+00 2.001589999999999966e-02 2.005169999999999869e-02
1.062696053999999890e+00 2.000780300000000109e-02 3.959219999999999949e-04 1.000000000000000000e+00 2.001239999999999963e-02 2.004819999999999866e-02
1.063050285999999955e+00 2.000485200000000005e-02 3.959330000000000054e-04 1.000000000000000000e+00 2.000909999999999841e-02 2.004500000000000032e-02
1.063404636000000014e+00 2.000232099999999999e-02 3.959459999999999933e-04 1.000000000000000000e+00 2.000609999999999888e-02 2.004210000000000019e-02
1.063759104000000066e+00 2.000027999999999875e-02 3.959640000000000056e-04 1.000000000000000000e+00 2.000350000000000045e-02 2.003960000000000116e-02
1.064113689999999890e+00 1.999878399999999862e-02 3.959850000000000110e-04 1.000000000000000000e+00 2.000129999999999963e-02 2.003749999999999976e-02
1.064468395000000012e+00 1.999785999999999925e-02 3.960120000000000025e-04 1.000000000000000000e+00 1.999969999999999873e-02 2.003589999999999885e-02
1.064823217999999905e+00 1.999750299999999981e-02 3.960440000000000184e-04 1.000000000000000000e+00 1.999859999999999832e-02 2.003479999999999844e-02
1.065178159000000013e+00 1.999768299999999874e-02 3.960820000000000204e-04 1.000000000000000000e+00 1.999799999999999842e-02 2.003430000000000141e-02
1.065533217999999893e+00 1.999835599999999838e-02 3.961249999999999927e-04 1.000000000000000000e+00 1.999789999999999901e-02 2.003430000000000141e-02
1.065888396000000071e+00 1.999948099999999951e-02 3.961729999999999896e-04 1.000000000000000000e+00 1.999830000000000010e-02 2.003479999999999844e-02
1.066243692000000021e+00 2.000103900000000171e-02 3.962260000000000109e-04 1.000000000000000000e+00 1.999920000000000170e-02 2.003579999999999944e-02
1.066599107000000046e+00 2.000304300000000160e-02 3.962840000000000026e-04 1.000000000000000000e+00 2.000060000000000032e-02 2.003720000000000154e-02
1.066954640000000065e+00 2.000553100000000001e-02 3.963470000000000187e-04 1.000000000000000000e+00 2.000240000000000004e-02 2.003910000000000066e-02
1.067310291000000078e+00 2.000854900000000047e-02 3.964150000000000052e-04 1.000000000000000000e+00 2.000470000000000026e-02 2.004150000000000029e-02
1.067666060999999944e+00 2.001213500000000034e-02 3.964880000000000162e-04 1.000000000000000000e+00 2.000750000000000098e-02 2.004440000000000041e-02
1.068021950000000109e+00 2.001629300000000097e-02 3.965659999999999975e-04 1.000000000000000000e+00 2.001090000000000160e-02 2.004790000000000044e-02
1.068377957000000045e+00 2.002098299999999914e-02 3.966500000000000191e-04 1.000000000000000000e+00 2.001489999999999866e-02 2.005190000000000097e-02
1.068734083000000057e+00 2.002612000000000142e-02 3.967379999999999952e-04 1.000000000000000000e+00 2.001939999999999970e-02 2.005650000000000141e-02
1.069090327999999923e+00 2.003158099999999969e-02 3.968309999999999958e-04 1.000000000000000000e+00 2.002440000000000123e-02 2.006159999999999888e-02
1.069446691000000005e+00 2.003721799999999900e-02 3.969269999999999895e-04 1.000000000000000000e+00 2.002970000000000098e-02 2.006700000000000150e-02
1.069803174000000023e+00 2.004287800000000008e-02 3.970239999999999989e-04 1.000000000000000000e+00 2.003519999999999954e-02 2.007259999999999947e-02
1.070159775000000035e+00 2.004841799999999841e-02 3.971220000000000240e-04 1.000000000000000000e+00 2.004080000000000097e-02 2.007830000000000031e-02
1.070516494999999901e+00 2.005371400000000026e-02 3.972180000000000177e-04 1.000000000000000000e+00 2.004639999999999894e-02 2.008389999999999828e-02
1.070873332999999983e+00 2.005867799999999992e-02 3.973119999999999799e-04 1.000000000000000000e+00 2.005169999999999869e-02 2.008930000000000091e-02
1.071230291000000001e+00 2.006325299999999964e-02 3.974040000000000190e-04 1.000000000000000000e+00 2.005670000000000022e-02 2.009439999999999837e-02
1.071587368000000096e+00 2.006741999999999901e-02 3.974919999999999951e-04 1.000000000000000000e+00 2.006130000000000066e-02 2.009899999999999881e-02
1.071944564000000044e+00 2.007118999999999917e-02 3.975779999999999939e-04 1.000000000000000000e+00 2.006550000000000000e-02 2.010330000000000103e-02
1.072301879000000069e+00 2.007460399999999937e-02 3.976599999999999840e-04 1.000000000000000000e+00 2.006940000000000113e-02 2.010730000000000156e-02
1.072659312999999948e+00 2.007772700000000007e-02 3.977389999999999810e-04 1.000000000000000000e+00 2.007290000000000116e-02 2.011090000000000100e-02
1.073016865999999903e+00 2.008064600000000061e-02 3.978149999999999850e-04 1.000000000000000000e+00 2.007619999999999891e-02 2.011419999999999875e-02
1.073374537999999934e+00 2.008345599999999953e-02 3.978899999999999733e-04 1.000000000000000000e+00 2.007930000000000131e-02 2.011740000000000056e-02
1.073732329000000041e+00 2.008624100000000121e-02 3.979620000000000228e-04 1.000000000000000000e+00 2.008230000000000084e-02 2.012040000000000009e-02
1.074090240000000085e+00 2.008904400000000035e-02 3.980330000000000023e-04 1.000000000000000000e+00 2.008520000000000097e-02 2.012339999999999962e-02
1.074448269999999983e+00 2.009185000000000137e-02 3.981039999999999818e-04 1.000000000000000000e+00 2.008820000000000050e-02 2.012639999999999915e-02
1.074806420000000040e+00 2.009458800000000003e-02 3.981729999999999840e-04 1.000000000000000000e+00 2.009100000000000122e-02 2.012939999999999868e-02
1.075164688999999951e+00 2.009714900000000165e-02 3.982410000000000247e-04 1.000000000000000000e+00 2.009379999999999847e-02 2.013219999999999940e-02
1.075523076999999939e+00 2.009943900000000019e-02 3.983079999999999954e-04 1.000000000000000000e+00 2.009640000000000037e-02 2.013490000000000071e-02
1.075881584000000002e+00 2.010140800000000116e-02 3.983719999999999731e-04 1.000000000000000000e+00 2.009870000000000059e-02 2.013720000000000093e-02
1.076240212000000085e+00 2.010306900000000119e-02 3.984339999999999735e-04 1.000000000000000000e+00 2.010069999999999912e-02 2.013929999999999887e-02
1.076598957999999939e+00 2.010446999999999929e-02 3.984939999999999967e-04 1.000000000000000000e+00 2.010230000000000003e-02 2.014109999999999859e-02
1.076957825000000035e+00 2.010564499999999838e-02 3.985530000000000041e-04 1.000000000000000000e+00 2.010369999999999865e-02 2.014260000000000009e-02
1.077316810999999985e+00 2.010656300000000091e-02 3.986099999999999800e-04 1.000000000000000000e+00 2.010479999999999906e-02 2.014379999999999990e-02
1.077675916000000012e+00 2.010712900000000136e-02 3.986649999999999786e-04 1.000000000000000000e+00 2.010570000000000065e-02 2.014470000000000149e-02
1.078035142000000057e+00 2.010721700000000015e-02 3.987179999999999999e-04 1.000000000000000000e+00 2.010620000000000115e-02 2.014530000000000140e-02
1.078394486999999957e+00 2.010676700000000108e-02 3.987679999999999740e-04 1.000000000000000000e+00 2.010630000000000056e-02 2.014550000000000021e-02
1.078753950999999933e+00 2.010585200000000045e-02 3.988129999999999778e-04 1.000000000000000000e+00 2.010599999999999887e-02 2.014530000000000140e-02
1.079113535999999929e+00 2.010471800000000059e-02 3.988549999999999886e-04 1.000000000000000000e+00 2.010539999999999897e-02 2.014470000000000149e-02
1.079473241000000083e+00 2.010373500000000105e-02 3.988940000000000064e-04 1.000000000000000000e+00 2.010460000000000025e-02 2.014399999999999871e-02
1.079833065000000092e+00 2.010327900000000168e-02 3.989330000000000241e-04 1.000000000000000000e+00 2.010390000000000094e-02 2.014339999999999881e-02
1.080193009000000037e+00 2.010359499999999841e-02 3.989740000000000192e-04 1.000000000000000000e+00 2.010359999999999925e-02 2.014319999999999999e-02
1.080553074000000002e+00 2.010468899999999851e-02 3.990210000000000003e-04 1.000000000000000000e+00 2.010400000000000034e-02 2.014360000000000109e-02
1.080913258000000043e+00 2.010630700000000035e-02 3.990730000000000059e-04 1.000000000000000000e+00 2.010500000000000134e-02 2.014470000000000149e-02
1.081273563000000104e+00 2.010800000000000087e-02 3.991280000000000045e-04 1.000000000000000000e+00 2.010639999999999997e-02 2.014610000000000012e-02
1.081633987000000019e+00 2.010925699999999844e-02 3.991840000000000188e-04 1.000000000000000000e+00 2.010790000000000147e-02 2.014770000000000102e-02
1.081994531999999953e+00 2.010964499999999891e-02 3.992360000000000245e-04 1.000000000000000000e+00 2.010899999999999840e-02 2.014890000000000084e-02
1.082355197000000047e+00 2.010889500000000163e-02 3.992809999999999740e-04 1.000000000000000000e+00 2.010949999999999890e-02 2.014940000000000134e-02
1.082715982000000077e+00 2.010692600000000066e-02 3.993159999999999830e-04 1.000000000000000000e+00 2.010910000000000128e-02 2.014900000000000024e-02
1.083076887000000044e+00 2.010380499999999890e-02 3.993399999999999814e-04 1.000000000000000000e+00 2.010759999999999978e-02 2.014749999999999874e-02
1.083437913000000030e+00 2.009969799999999918e-02 3.993520000000000078e-04 1.000000000000000000e+00 2.010510000000000075e-02 2.014509999999999912e-02
1.083799058999999954e+00 2.009485499999999827e-02 3.993530000000000235e-04 1.000000000000000000e+00 2.010160000000000072e-02 2.014169999999999849e-02
1.084160325000000036e+00 2.008963700000000047e-02 3.993450000000000060e-04 1.000000000000000000e+00 2.009750000000000078e-02 2.013759999999999856e-02
1.084521711999999916e+00 2.008457699999999929e-02 3.993320000000000181e-04 1.000000000000000000e+00 2.009299999999999975e-02 2.013300000000000159e-02
1.084883218999999954e+00 2.008038499999999921e-02 3.993169999999999988e-04 1.000000000000000000e+00 2.008860000000000159e-02 2.012859999999999996e-02
1.085244847000000012e+00 2.007786599999999977e-02 3.993070000000000040e-04 1.000000000000000000e+00 2.008479999999999988e-02 2.012480000000000172e-02
1.085606595000000008e+00 2.007772700000000007e-02 3.993089999999999812e-04 1.000000000000000000e+00 2.008240000000000025e-02 2.012250000000000150e-02
1.085968464000000022e+00 2.008033899999999913e-02 3.993299999999999866e-04 1.000000000000000000e+00 2.008209999999999856e-02 2.012210000000000040e-02
1.086330452999999974e+00 2.008553999999999895e-02 3.993730000000000131e-04 1.000000000000000000e+00 2.008400000000000116e-02 2.012399999999999953e-02
1.086692562999999945e+00 2.009259500000000129e-02 3.994390000000000223e-04 1.000000000000000000e+00 2.008829999999999991e-02 2.012819999999999887e-02
1.087054793999999935e+00 2.010034100000000074e-02 3.995210000000000124e-04 1.000000000000000000e+00 2.009429999999999897e-02 2.013420000000000140e-02
1.087417145999999946e+00 2.010747699999999860e-02 3.996110000000000200e-04 1.000000000000000000e+00 2.010110000000000022e-02 2.014099999999999918e-02
1.087779617999999893e+00 2.011291700000000099e-02 3.996970000000000189e-04 1.000000000000000000e+00 2.010779999999999859e-02 2.014760000000000162e-02
1.088142211000000081e+00 2.011605299999999832e-02 3.997709999999999914e-04 1.000000000000000000e+00 2.011330000000000062e-02 2.015310000000000018e-02
1.088504925999999928e+00 2.011684299999999884e-02 3.998259999999999900e-04 1.000000000000000000e+00 2.011699999999999947e-02 2.015669999999999962e-02
1.088867760999999934e+00 2.011571100000000140e-02 3.998599999999999832e-04 1.000000000000000000e+00 2.011860000000000037e-02 2.015830000000000052e-02
1.089230716000000099e+00 2.011330999999999883e-02 3.998760000000000183e-04 1.000000000000000000e+00 2.011850000000000097e-02 2.015810000000000171e-02
1.089593792999999922e+00 2.011024499999999882e-02 3.998779999999999956e-04 1.000000000000000000e+00 2.011699999999999947e-02 2.015650000000000081e-02
1.089956990999999986e+00 2.010690000000000047e-02 3.998709999999999938e-04 1.000000000000000000e+00 2.011459999999999984e-02 2.015399999999999830e-02
1.090320310000000070e+00 2.010340000000000044e-02 3.998599999999999832e-04 1.000000000000000000e+00 2.011160000000000031e-02 2.015089999999999937e-02
1.090683749999999952e+00 2.009972700000000126e-02 3.998450000000000181e-04 1.000000000000000000e+00 2.010829999999999909e-02 2.014760000000000162e-02
1.091047311999999936e+00 2.009589599999999851e-02 3.998270000000000057e-04 1.000000000000000000e+00 2.010479999999999906e-02 2.014389999999999931e-02
1.091410994000000079e+00 2.009208100000000122e-02 3.998089999999999934e-04 1.000000000000000000e+00 2.010110000000000022e-02 2.014020000000000046e-02
1.091774798000000102e+00 2.008860900000000033e-02 3.997900000000000195e-04 1.000000000000000000e+00 2.009740000000000137e-02 2.013639999999999874e-02
1.092138722999999922e+00 2.008582700000000054e-02 3.997739999999999844e-04 1.000000000000000000e+00 2.009400000000000075e-02 2.013289999999999871e-02
1.092502768999999985e+00 2.008390599999999859e-02 3.997639999999999896e-04 1.000000000000000000e+00 2.009110000000000062e-02 2.012989999999999918e-02
1.092866936000000067e+00 2.008273000000000003e-02 3.997609999999999966e-04 1.000000000000000000e+00 2.008889999999999981e-02 2.012759999999999896e-02
1.093231225000000029e+00 2.008190400000000111e-02 3.997660000000000211e-04 1.000000000000000000e+00 2.008719999999999950e-02 2.012589999999999865e-02
1.093595636000000093e+00 2.008092599999999894e-02 3.997750000000000001e-04 1.000000000000000000e+00 2.008580000000000088e-02 2.012440000000000062e-02
1.093960167999999955e+00 2.007940799999999998e-02 3.997860000000000107e-04 1.000000000000000000e+00 2.008419999999999997e-02 2.012279999999999971e-02
1.094324821000000059e+00 2.007720799999999917e-02 3.997960000000000055e-04 1.000000000000000000e+00 2.008230000000000084e-02 2.012080000000000118e-02
1.094689596000000043e+00 2.007440099999999866e-02 3.998040000000000231e-04 1.000000000000000000e+00 2.007979999999999834e-02 2.011829999999999868e-02
1.095054492999999907e+00 2.007110399999999933e-02 3.998100000000000091e-04 1.000000000000000000e+00 2.007679999999999881e-02 2.011529999999999915e-02
1.095419511000000012e+00 2.006722600000000051e-02 3.998149999999999794e-04 1.000000000000000000e+00 2.007329999999999878e-02 2.011179999999999912e-02
1.095784650999999998e+00 2.006230700000000144e-02 3.998149999999999794e-04 1.000000000000000000e+00 2.006909999999999944e-02 2.010769999999999919e-02
1.096149912000000004e+00 2.005553599999999881e-02 3.998079999999999776e-04 1.000000000000000000e+00 2.006389999999999910e-02 2.010249999999999884e-02
1.096515294999999890e+00 2.004596399999999945e-02 3.997860000000000107e-04 1.000000000000000000e+00 2.005699999999999844e-02 2.009570000000000106e-02
1.096880800999999961e+00 2.003282899999999853e-02 3.997399999999999912e-04 1.000000000000000000e+00 2.004780000000000104e-02 2.008650000000000019e-02
1.097246428000000051e+00 2.001587499999999895e-02 3.996639999999999871e-04 1.000000000000000000e+00 2.003539999999999835e-02 2.007420000000000038e-02
1.097612175999999939e+00 1.999553800000000020e-02 3.995539999999999899e-04 1.000000000000000000e+00 2.001980000000000079e-02 2.005859999999999935e-02
1.097978047000000013e+00 1.997292399999999954e-02 3.994119999999999767e-04 1.000000000000000000e+00 2.000110000000000082e-02 2.003999999999999879e-02
1.098344039999999966e+00 1.994959600000000000e-02 3.992479999999999966e-04 1.000000000000000000e+00 1.998020000000000004e-02 2.001910000000000148e-02
1.098710153999999939e+00 1.992724200000000126e-02 3.990719999999999901e-04 1.000000000000000000e+00 1.995830000000000173e-02 1.999719999999999970e-02
1.099076391000000097e+00 1.990729200000000004e-02 3.988989999999999767e-04 1.000000000000000000e+00 1.993690000000000045e-02 1.997579999999999842e-02
1.099442749999999913e+00 1.989062700000000100e-02 3.987430000000000141e-04 1.000000000000000000e+00 1.991710000000000008e-02 1.995600000000000152e-02
1.099809231000000054e+00 1.987743000000000149e-02 3.986129999999999730e-04 1.000000000000000000e+00 1.989990000000000162e-02 1.993879999999999958e-02
1.100175834000000075e+00 1.986723699999999940e-02 3.985130000000000248e-04 1.000000000000000000e+00 1.988559999999999980e-02 1.992450000000000124e-02
1.100542558999999976e+00 1.985914500000000166e-02 3.984400000000000138e-04 1.000000000000000000e+00 1.987399999999999931e-02 1.991290000000000074e-02
1.100909407000000062e+00 1.985211300000000109e-02 3.983899999999999855e-04 1.000000000000000000e+00 1.986440000000000081e-02 1.990340000000000165e-02
1.101276377000000029e+00 1.984522700000000001e-02 3.983529999999999992e-04 1.000000000000000000e+00 1.985610000000000153e-02 1.989519999999999830e-02
1.101643469000000097e+00 1.983786200000000124e-02 3.983230000000000147e-04 1.000000000000000000e+00 1.984839999999999868e-02 1.988749999999999893e-02
1.102010683000000046e+00 1.982968099999999831e-02 3.982929999999999761e-04 1.000000000000000000e+00 1.984050000000000050e-02 1.987970000000000015e-02
1.102378019999999959e+00 1.982053599999999971e-02 3.982599999999999986e-04 1.000000000000000000e+00 1.983220000000000122e-02 1.987140000000000087e-02
1.102745478999999973e+00 1.981033600000000131e-02 3.982190000000000035e-04 1.000000000000000000e+00 1.982300000000000034e-02 1.986239999999999881e-02
1.103113060999999950e+00 1.979895599999999950e-02 3.981699999999999910e-04 1.000000000000000000e+00 1.981300000000000075e-02 1.985239999999999921e-02
1.103480765999999891e+00 1.978626699999999974e-02 3.981109999999999836e-04 1.000000000000000000e+00 1.980190000000000075e-02 1.984139999999999862e-02
1.103848592000000073e+00 1.977220299999999861e-02 3.980389999999999883e-04 1.000000000000000000e+00 1.978960000000000094e-02 1.982920000000000169e-02
1.104216542000000079e+00 1.975685699999999920e-02 3.979540000000000052e-04 1.000000000000000000e+00 1.977620000000000072e-02 1.981580000000000147e-02
1.104584613999999965e+00 1.974052399999999888e-02 3.978550000000000185e-04 1.000000000000000000e+00 1.976160000000000069e-02 1.980130000000000084e-02
1.104952809000000036e+00 1.972360999999999906e-02 3.977450000000000213e-04 1.000000000000000000e+00 1.974599999999999966e-02 1.978579999999999922e-02
1.105321127000000070e+00 1.970649500000000096e-02 3.976270000000000065e-04 1.000000000000000000e+00 1.972990000000000160e-02 1.976959999999999829e-02
1.105689566999999984e+00 1.968934500000000046e-02 3.975030000000000056e-04 1.000000000000000000e+00 1.971329999999999957e-02 1.975309999999999913e-02
1.106058130000000084e+00 1.967201899999999892e-02 3.973760000000000118e-04 1.000000000000000000e+00 1.969649999999999873e-02 1.973629999999999829e-02
1.106426815999999924e+00 1.965403799999999868e-02 3.972439999999999934e-04 1.000000000000000000e+00 1.967930000000000026e-02 1.971909999999999982e-02
1.106795624999999950e+00 1.963470000000000146e-02 3.971040000000000117e-04 1.000000000000000000e+00 1.966139999999999902e-02 1.970119999999999857e-02
1.107164556999999938e+00 1.961317500000000005e-02 3.969509999999999879e-04 1.000000000000000000e+00 1.964219999999999855e-02 1.968189999999999870e-02
1.107533611999999890e+00 1.958856900000000012e-02 3.967770000000000129e-04 1.000000000000000000e+00 1.962099999999999955e-02 1.966069999999999970e-02
1.107902790000000026e+00 1.955991199999999874e-02 3.965740000000000150e-04 1.000000000000000000e+00 1.959690000000000043e-02 1.963669999999999999e-02
1.108272090999999904e+00 1.952612100000000045e-02 3.963330000000000151e-04 1.000000000000000000e+00 1.956909999999999900e-02 1.960889999999999855e-02
1.108641514999999966e+00 1.948595800000000114e-02 3.960430000000000027e-04 1.000000000000000000e+00 1.953649999999999831e-02 1.957619999999999846e-02
1.109011061999999992e+00 1.943812300000000159e-02 3.956930000000000213e-04 1.000000000000000000e+00 1.949789999999999857e-02 1.953749999999999931e-02
1.109380731999999981e+00 1.938142400000000126e-02 3.952690000000000131e-04 1.000000000000000000e+00 1.945200000000000054e-02 1.949160000000000129e-02
1.109750526000000015e+00 1.931487800000000060e-02 3.947609999999999834e-04 1.000000000000000000e+00 1.939770000000000036e-02 1.943720000000000170e-02
1.110120443000000012e+00 1.923771700000000140e-02 3.941589999999999916e-04 1.000000000000000000e+00 1.933400000000000049e-02 1.937339999999999895e-02
1.110490482999999973e+00 1.914933699999999892e-02 3.934550000000000200e-04 1.000000000000000000e+00 1.925999999999999934e-02 1.929929999999999840e-02
1.110860645999999896e+00 1.904919199999999951e-02 3.926409999999999970e-04 1.000000000000000000e+00 1.917519999999999988e-02 1.921430000000000013e-02
1.111230933000000087e+00 1.893684199999999887e-02 3.917099999999999749e-04 1.000000000000000000e+00 1.907879999999999993e-02 1.911790000000000017e-02
1.111601344000000102e+00 1.881194099999999869e-02 3.906569999999999834e-04 1.000000000000000000e+00 1.897060000000000066e-02 1.900949999999999862e-02
1.111971876999999997e+00 1.867424399999999957e-02 3.894759999999999824e-04 1.000000000000000000e+00 1.885010000000000158e-02 1.888880000000000073e-02
1.112342535000000021e+00 1.852335100000000040e-02 3.881609999999999856e-04 1.000000000000000000e+00 1.871710000000000040e-02 1.875560000000000074e-02
1.112713314999999925e+00 1.835828499999999849e-02 3.867060000000000072e-04 1.000000000000000000e+00 1.857090000000000130e-02 1.860909999999999995e-02
1.113084219999999958e+00 1.817733699999999827e-02 3.850990000000000207e-04 1.000000000000000000e+00 1.841059999999999919e-02 1.844859999999999903e-02
1.113455247999999953e+00 1.797846900000000039e-02 3.833209999999999981e-04 1.000000000000000000e+00 1.823469999999999952e-02 1.827240000000000114e-02
1.113826399999999994e+00 1.776048699999999841e-02 3.813539999999999812e-04 1.000000000000000000e+00 1.804160000000000139e-02 1.807889999999999844e-02
1.114197674999999998e+00 1.752489200000000025e-02 3.791870000000000136e-04 1.000000000000000000e+00 1.783059999999999853e-02 1.786750000000000144e-02
1.114569074000000048e+00 1.727741500000000083e-02 3.768329999999999748e-04 1.000000000000000000e+00 1.760310000000000000e-02 1.763970000000000121e-02
1.114940596999999922e+00 1.702859300000000159e-02 3.743430000000000173e-04 1.000000000000000000e+00 1.736450000000000146e-02 1.740049999999999930e-02
1.115312244000000064e+00 1.679246300000000053e-02 3.718099999999999791e-04 1.000000000000000000e+00 1.712349999999999983e-02 1.715910000000000005e-02
1.115684015000000029e+00 1.658362600000000062e-02 3.693629999999999938e-04 1.000000000000000000e+00 1.689210000000000017e-02 1.692729999999999929e-02
1.116055910000000040e+00 1.641339799999999918e-02 3.671400000000000119e-04 1.000000000000000000e+00 1.668299999999999991e-02 1.671769999999999853e-02
1.116427928000000014e+00 1.628663699999999964e-02 3.652549999999999851e-04 1.000000000000000000e+00 1.650609999999999924e-02 1.654059999999999905e-02
1.116800070999999894e+00 1.620034399999999847e-02 3.637730000000000152e-04 1.000000000000000000e+00 1.636690000000000020e-02 1.640109999999999832e-02
1.117172338000000043e+00 1.614461000000000021e-02 3.626859999999999763e-04 1.000000000000000000e+00 1.626419999999999949e-02 1.629819999999999880e-02
1.117544727999999932e+00 1.610551899999999870e-02 3.619219999999999816e-04 1.000000000000000000e+00 1.619109999999999994e-02 1.622499999999999984e-02
1.117917242999999949e+00 1.606866100000000144e-02 3.613639999999999778e-04 1.000000000000000000e+00 1.613679999999999976e-02 1.617069999999999966e-02
1.118289882000000013e+00 1.602198000000000164e-02 3.608800000000000007e-04 1.000000000000000000e+00 1.608920000000000142e-02 1.612299999999999844e-02
1.118662645999999983e+00 1.595698099999999856e-02 3.603459999999999953e-04 1.000000000000000000e+00 1.603720000000000145e-02 1.607089999999999907e-02
1.119035532999999916e+00 1.586857699999999829e-02 3.596650000000000064e-04 1.000000000000000000e+00 1.597200000000000009e-02 1.600559999999999830e-02
1.119408544999999977e+00 1.575439000000000006e-02 3.587679999999999775e-04 1.000000000000000000e+00 1.588749999999999885e-02 1.592110000000000053e-02
1.119781681000000084e+00 1.561456100000000076e-02 3.576170000000000152e-04 1.000000000000000000e+00 1.578039999999999998e-02 1.581369999999999998e-02
1.120154942000000098e+00 1.545248599999999965e-02 3.561990000000000230e-04 1.000000000000000000e+00 1.564979999999999843e-02 1.568289999999999962e-02
1.120528326999999935e+00 1.527595399999999957e-02 3.545409999999999924e-04 1.000000000000000000e+00 1.549829999999999958e-02 1.553120000000000021e-02
1.120901836000000040e+00 1.509762000000000083e-02 3.527149999999999730e-04 1.000000000000000000e+00 1.533269999999999945e-02 1.536539999999999954e-02
1.121275470000000052e+00 1.493366399999999927e-02 3.508410000000000109e-04 1.000000000000000000e+00 1.516389999999999925e-02 1.519619999999999999e-02
1.121649228999999970e+00 1.480038200000000082e-02 3.490780000000000076e-04 1.000000000000000000e+00 1.500549999999999974e-02 1.503759999999999993e-02
1.122023111999999934e+00 1.470973599999999930e-02 3.475880000000000202e-04 1.000000000000000000e+00 1.487169999999999985e-02 1.490359999999999949e-02
1.122397120000000026e+00 1.466548999999999978e-02 3.465009999999999813e-04 1.000000000000000000e+00 1.477329999999999963e-02 1.480500000000000045e-02
1.122771251999999942e+00 1.466193300000000026e-02 3.458709999999999823e-04 1.000000000000000000e+00 1.471470000000000070e-02 1.474639999999999979e-02
1.123145508999999986e+00 1.468590799999999925e-02 3.456679999999999844e-04 1.000000000000000000e+00 1.469299999999999946e-02 1.472470000000000029e-02
1.123519890999999937e+00 1.472159800000000067e-02 3.457840000000000219e-04 1.000000000000000000e+00 1.469879999999999971e-02 1.473059999999999994e-02
1.123894396999999934e+00 1.475614299999999934e-02 3.460809999999999820e-04 1.000000000000000000e+00 1.472009999999999985e-02 1.475199999999999949e-02
1.124269028999999920e+00 1.478372199999999914e-02 3.464340000000000106e-04 1.000000000000000000e+00 1.474639999999999979e-02 1.477849999999999997e-02
1.124643784999999951e+00 1.480640199999999976e-02 3.467759999999999745e-04 1.000000000000000000e+00 1.477170000000000046e-02 1.480390000000000005e-02
1.125018666999999972e+00 1.483164200000000078e-02 3.471050000000000047e-04 1.000000000000000000e+00 1.479609999999999953e-02 1.482840000000000026e-02
1.125393673000000039e+00 1.486788099999999946e-02 3.474719999999999827e-04 1.000000000000000000e+00 1.482370000000000042e-02 1.485619999999999996e-02
1.125768804000000012e+00 1.492038300000000060e-02 3.479399999999999789e-04 1.000000000000000000e+00 1.486029999999999990e-02 1.489290000000000058e-02
1.126144059999999891e+00 1.498938099999999954e-02 3.485580000000000058e-04 1.000000000000000000e+00 1.490990000000000024e-02 1.494260000000000033e-02
1.126519441999999982e+00 1.507116399999999974e-02 3.493330000000000111e-04 1.000000000000000000e+00 1.497339999999999956e-02 1.500630000000000019e-02
1.126894947999999896e+00 1.516124599999999975e-02 3.502429999999999736e-04 1.000000000000000000e+00 1.504890000000000047e-02 1.508209999999999933e-02
1.127270580000000022e+00 1.525793299999999957e-02 3.512570000000000015e-04 1.000000000000000000e+00 1.513390000000000048e-02 1.516729999999999988e-02
1.127646337000000054e+00 1.536444300000000020e-02 3.523649999999999916e-04 1.000000000000000000e+00 1.522749999999999972e-02 1.526120000000000081e-02
1.128022218999999993e+00 1.548833500000000064e-02 3.535969999999999825e-04 1.000000000000000000e+00 1.533239999999999950e-02 1.536629999999999940e-02
1.128398226000000060e+00 1.563842400000000146e-02 3.550149999999999747e-04 1.000000000000000000e+00 1.545419999999999953e-02 1.548839999999999939e-02
1.128774358999999894e+00 1.582019100000000081e-02 3.566910000000000176e-04 1.000000000000000000e+00 1.559939999999999938e-02 1.563399999999999859e-02
1.129150617000000079e+00 1.603097300000000044e-02 3.586670000000000136e-04 1.000000000000000000e+00 1.577210000000000070e-02 1.580700000000000160e-02
1.129526999999999948e+00 1.625674100000000163e-02 3.609090000000000236e-04 1.000000000000000000e+00 1.596950000000000106e-02 1.600489999999999899e-02
1.129903509000000028e+00 1.647152099999999939e-02 3.632800000000000048e-04 1.000000000000000000e+00 1.617980000000000113e-02 1.621569999999999956e-02
1.130280144000000098e+00 1.664016000000000106e-02 3.655379999999999957e-04 1.000000000000000000e+00 1.638109999999999913e-02 1.641739999999999866e-02
1.130656904000000074e+00 1.672410300000000058e-02 3.673559999999999976e-04 1.000000000000000000e+00 1.654339999999999977e-02 1.658000000000000099e-02
1.131033790000000039e+00 1.668922700000000092e-02 3.683739999999999801e-04 1.000000000000000000e+00 1.663310000000000136e-02 1.667000000000000079e-02
1.131410800999999910e+00 1.651418799999999909e-02 3.682639999999999829e-04 1.000000000000000000e+00 1.661980000000000054e-02 1.665669999999999998e-02
1.131787937999999993e+00 1.619729300000000149e-02 3.667979999999999938e-04 1.000000000000000000e+00 1.648290000000000172e-02 1.651940000000000006e-02
1.132165201000000065e+00 1.576037200000000166e-02 3.639119999999999812e-04 1.000000000000000000e+00 1.621799999999999978e-02 1.625400000000000109e-02
1.132542589000000044e+00 1.524839400000000018e-02 3.597469999999999965e-04 1.000000000000000000e+00 1.584110000000000032e-02 1.587620000000000003e-02
1.132920103000000012e+00 1.472443200000000084e-02 3.546690000000000021e-04 1.000000000000000000e+00 1.538819999999999945e-02 1.542229999999999990e-02
1.133297742999999969e+00 1.426030200000000074e-02 3.492500000000000053e-04 1.000000000000000000e+00 1.491239999999999927e-02 1.494539999999999931e-02
1.133675508999999915e+00 1.392452299999999941e-02 3.442049999999999884e-04 1.000000000000000000e+00 1.447599999999999928e-02 1.450790000000000066e-02
1.134053401000000072e+00 1.376964399999999929e-02 3.402810000000000036e-04 1.000000000000000000e+00 1.414039999999999915e-02 1.417159999999999948e-02
1.134431418999999996e+00 1.382214200000000080e-02 3.381149999999999976e-04 1.000000000000000000e+00 1.395560000000000030e-02 1.398630000000000012e-02
1.134809562999999910e+00 1.407729700000000077e-02 3.380899999999999834e-04 1.000000000000000000e+00 1.395090000000000045e-02 1.398149999999999914e-02
1.135187831999999952e+00 1.450074699999999960e-02 3.402459999999999946e-04 1.000000000000000000e+00 1.412929999999999915e-02 1.416019999999999952e-02
1.135566228000000066e+00 1.503639499999999928e-02 3.442760000000000221e-04 1.000000000000000000e+00 1.446820000000000050e-02 1.449980000000000019e-02
1.135944749999999948e+00 1.561851799999999964e-02 3.496179999999999991e-04 1.000000000000000000e+00 1.492429999999999972e-02 1.495690000000000040e-02
1.136323398999999901e+00 1.618471200000000040e-02 3.555969999999999769e-04 1.000000000000000000e+00 1.544339999999999949e-02 1.547699999999999944e-02
1.136702172999999982e+00 1.668626299999999979e-02 3.615660000000000141e-04 1.000000000000000000e+00 1.597029999999999977e-02 1.600489999999999899e-02
1.137081073999999914e+00 1.709364500000000106e-02 3.670160000000000111e-04 1.000000000000000000e+00 1.645860000000000031e-02 1.649410000000000112e-02
1.137460101000000057e+00 1.739659899999999870e-02 3.716169999999999760e-04 1.000000000000000000e+00 1.687589999999999923e-02 1.691219999999999876e-02
1.137839253999999967e+00 1.760024699999999942e-02 3.752259999999999884e-04 1.000000000000000000e+00 1.720589999999999967e-02 1.724289999999999851e-02
1.138218533999999948e+00 1.771931900000000074e-02 3.778440000000000097e-04 1.000000000000000000e+00 1.744630000000000139e-02 1.748370000000000132e-02
1.138597939999999920e+00 1.777271999999999880e-02 3.795760000000000128e-04 1.000000000000000000e+00 1.760480000000000031e-02 1.764249999999999846e-02
1.138977472999999963e+00 1.777967800000000015e-02 3.805799999999999917e-04 1.000000000000000000e+00 1.769520000000000121e-02 1.773320000000000105e-02
1.139357131999999995e+00 1.775765500000000066e-02 3.810330000000000227e-04 1.000000000000000000e+00 1.773370000000000155e-02 1.777170000000000138e-02
1.139736918000000099e+00 1.772114600000000012e-02 3.811069999999999952e-04 1.000000000000000000e+00 1.773620000000000058e-02 1.777439999999999923e-02
1.140116829999999970e+00 1.768069599999999922e-02 3.809519999999999942e-04 1.000000000000000000e+00 1.771700000000000011e-02 1.775519999999999876e-02
1.140496868999999913e+00 1.764173499999999867e-02 3.806850000000000186e-04 1.000000000000000000e+00 1.768689999999999846e-02 1.772529999999999939e-02
1.140877034999999928e+00 1.760356899999999947e-02 3.803750000000000165e-04 1.000000000000000000e+00 1.765250000000000152e-02 1.769099999999999839e-02
1.141257326999999933e+00 1.755942599999999951e-02 3.800310000000000211e-04 1.000000000000000000e+00 1.761470000000000050e-02 1.765339999999999965e-02
1.141637746000000009e+00 1.749820800000000121e-02 3.796059999999999972e-04 1.000000000000000000e+00 1.756929999999999950e-02 1.760810000000000153e-02
1.142018291999999935e+00 1.740781200000000167e-02 3.790129999999999845e-04 1.000000000000000000e+00 1.750789999999999985e-02 1.754690000000000069e-02
1.142398964999999933e+00 1.727941399999999988e-02 3.781459999999999943e-04 1.000000000000000000e+00 1.742120000000000127e-02 1.746030000000000151e-02
1.142779763999999920e+00 1.711106100000000033e-02 3.769250000000000139e-04 1.000000000000000000e+00 1.730179999999999912e-02 1.734089999999999937e-02
1.143160691000000062e+00 1.690941799999999898e-02 3.753210000000000205e-04 1.000000000000000000e+00 1.714740000000000014e-02 1.718640000000000098e-02
1.143541743999999971e+00 1.668900699999999876e-02 3.733809999999999950e-04 1.000000000000000000e+00 1.696280000000000010e-02 1.700149999999999925e-02
1.143922925000000035e+00 1.646928500000000017e-02 3.712200000000000135e-04 1.000000000000000000e+00 1.675909999999999900e-02 1.679759999999999934e-02
1.144304232999999948e+00 1.627066500000000013e-02 3.690109999999999810e-04 1.000000000000000000e+00 1.655229999999999896e-02 1.659050000000000108e-02
1.144685667000000073e+00 1.611086899999999988e-02 3.669470000000000088e-04 1.000000000000000000e+00 1.635990000000000014e-02 1.639789999999999998e-02
1.145067228999999909e+00 1.600234700000000010e-02 3.652109999999999970e-04 1.000000000000000000e+00 1.619829999999999881e-02 1.623609999999999984e-02
1.145448918000000038e+00 1.595123099999999974e-02 3.639499999999999832e-04 1.000000000000000000e+00 1.608009999999999995e-02 1.611769999999999869e-02
1.145830735000000100e+00 1.595716700000000127e-02 3.632509999999999819e-04 1.000000000000000000e+00 1.601249999999999896e-02 1.605010000000000117e-02
1.146212677999999929e+00 1.601389500000000021e-02 3.631369999999999759e-04 1.000000000000000000e+00 1.599739999999999843e-02 1.603510000000000005e-02
1.146594748999999913e+00 1.611027699999999924e-02 3.635670000000000243e-04 1.000000000000000000e+00 1.603090000000000070e-02 1.606890000000000054e-02
1.146976946999999969e+00 1.623188700000000040e-02 3.644440000000000093e-04 1.000000000000000000e+00 1.610460000000000017e-02 1.614279999999999882e-02
1.147359272999999957e+00 1.636331400000000033e-02 3.656299999999999806e-04 1.000000000000000000e+00 1.620629999999999987e-02 1.624489999999999962e-02
1.147741726000000018e+00 1.649091800000000024e-02 3.669769999999999933e-04 1.000000000000000000e+00 1.632279999999999842e-02 1.636179999999999926e-02
1.148124307000000011e+00 1.660524299999999870e-02 3.683429999999999799e-04 1.000000000000000000e+00 1.644170000000000006e-02 1.648109999999999853e-02
1.148507015000000075e+00 1.670228199999999885e-02 3.696269999999999764e-04 1.000000000000000000e+00 1.655349999999999877e-02 1.659329999999999833e-02
1.148889851000000073e+00 1.678292600000000009e-02 3.707709999999999912e-04 1.000000000000000000e+00 1.665310000000000054e-02 1.669319999999999832e-02
1.149272813999999920e+00 1.685104399999999905e-02 3.717640000000000137e-04 1.000000000000000000e+00 1.673940000000000150e-02 1.677970000000000156e-02
1.149655904999999922e+00 1.691096699999999897e-02 3.726250000000000178e-04 1.000000000000000000e+00 1.681399999999999909e-02 1.685460000000000083e-02
1.150039122999999996e+00 1.696572099999999958e-02 3.733850000000000038e-04 1.000000000000000000e+00 1.687970000000000095e-02 1.692050000000000151e-02
1.150422470000000086e+00 1.701665000000000122e-02 3.740700000000000015e-04 1.000000000000000000e+00 1.693870000000000098e-02 1.697970000000000035e-02
1.150805944000000025e+00 1.706435699999999875e-02 3.746989999999999848e-04 1.000000000000000000e+00 1.699279999999999888e-02 1.703390000000000112e-02
1.151189545999999897e+00 1.711018900000000134e-02 3.752839999999999800e-04 1.000000000000000000e+00 1.704299999999999912e-02 1.708430000000000018e-02
1.151573275999999924e+00 1.715724100000000016e-02 3.758449999999999768e-04 1.000000000000000000e+00 1.709120000000000084e-02 1.713260000000000130e-02
1.151957133000000022e+00 1.721020200000000083e-02 3.764160000000000227e-04 1.000000000000000000e+00 1.714009999999999839e-02 1.718180000000000054e-02
1.152341118999999914e+00 1.727419999999999997e-02 3.770390000000000200e-04 1.000000000000000000e+00 1.719390000000000154e-02 1.723569999999999963e-02
1.152725232999999960e+00 1.735316699999999920e-02 3.777629999999999812e-04 1.000000000000000000e+00 1.725689999999999863e-02 1.729889999999999900e-02
1.153109474999999939e+00 1.744858499999999910e-02 3.786250000000000011e-04 1.000000000000000000e+00 1.733250000000000068e-02 1.737479999999999927e-02
1.153493843999999990e+00 1.755908100000000069e-02 3.796429999999999835e-04 1.000000000000000000e+00 1.742240000000000108e-02 1.746500000000000136e-02
1.153878342000000057e+00 1.768090300000000128e-02 3.808080000000000037e-04 1.000000000000000000e+00 1.752609999999999932e-02 1.756900000000000128e-02
1.154262968999999917e+00 1.780895199999999942e-02 3.820920000000000002e-04 1.000000000000000000e+00 1.764090000000000102e-02 1.768430000000000002e-02
1.154647723000000070e+00 1.793785000000000171e-02 3.834500000000000235e-04 1.000000000000000000e+00 1.776300000000000101e-02 1.780670000000000169e-02
1.155032604999999934e+00 1.806279900000000091e-02 3.848309999999999752e-04 1.000000000000000000e+00 1.788760000000000003e-02 1.793169999999999834e-02
1.155417616000000036e+00 1.818001500000000076e-02 3.861879999999999827e-04 1.000000000000000000e+00 1.801039999999999933e-02 1.805489999999999873e-02
1.155802755999999931e+00 1.828694299999999995e-02 3.874810000000000125e-04 1.000000000000000000e+00 1.812750000000000125e-02 1.817250000000000115e-02
1.156188022999999898e+00 1.838232000000000060e-02 3.886809999999999874e-04 1.000000000000000000e+00 1.823620000000000102e-02 1.828159999999999855e-02
1.156573419000000102e+00 1.846615799999999988e-02 3.897719999999999809e-04 1.000000000000000000e+00 1.833490000000000120e-02 1.838060000000000041e-02
1.156958944000000100e+00 1.853965399999999916e-02 3.907499999999999841e-04 1.000000000000000000e+00 1.842289999999999900e-02 1.846889999999999990e-02
1.157344597000000030e+00 1.860496500000000109e-02 3.916230000000000145e-04 1.000000000000000000e+00 1.850109999999999949e-02 1.854739999999999861e-02
1.157730377999999893e+00 1.866483799999999957e-02 3.924089999999999761e-04 1.000000000000000000e+00 1.857100000000000070e-02 1.861760000000000151e-02
1.158116287999999994e+00 1.872220700000000113e-02 3.931310000000000143e-04 1.000000000000000000e+00 1.863489999999999938e-02 1.868179999999999841e-02
1.158502327000000109e+00 1.877980400000000064e-02 3.938160000000000120e-04 1.000000000000000000e+00 1.869550000000000031e-02 1.874270000000000103e-02
1.158888493999999936e+00 1.883988699999999961e-02 3.944899999999999991e-04 1.000000000000000000e+00 1.875529999999999906e-02 1.880269999999999858e-02
1.159274791000000082e+00 1.890409599999999871e-02 3.951760000000000125e-04 1.000000000000000000e+00 1.881640000000000049e-02 1.886410000000000170e-02
1.159661215999999939e+00 1.897335099999999941e-02 3.958920000000000104e-04 1.000000000000000000e+00 1.888060000000000085e-02 1.892850000000000088e-02
1.160047768999999951e+00 1.904776600000000070e-02 3.966479999999999876e-04 1.000000000000000000e+00 1.894890000000000116e-02 1.899709999999999940e-02
1.160434452000000061e+00 1.912658899999999940e-02 3.974480000000000070e-04 1.000000000000000000e+00 1.902169999999999903e-02 1.907009999999999955e-02
1.160821263000000103e+00 1.920814900000000075e-02 3.982880000000000057e-04 1.000000000000000000e+00 1.909840000000000149e-02 1.914710000000000023e-02
1.161208204000000022e+00 1.928993799999999953e-02 3.991539999999999802e-04 1.000000000000000000e+00 1.917769999999999891e-02 1.922669999999999935e-02
1.161595273000000095e+00 1.936878499999999947e-02 4.000249999999999791e-04 1.000000000000000000e+00 1.925750000000000031e-02 1.930679999999999896e-02
1.161982472000000044e+00 1.944122300000000053e-02 4.008729999999999954e-04 1.000000000000000000e+00 1.933520000000000030e-02 1.938470000000000124e-02
1.162369798999999926e+00 1.950396899999999947e-02 4.016669999999999746e-04 1.000000000000000000e+00 1.940750000000000114e-02 1.945730000000000029e-02
1.162757255999999906e+00 1.955447199999999983e-02 4.023750000000000091e-04 1.000000000000000000e+00 1.947159999999999863e-02 1.952160000000000006e-02
1.163144841000000040e+00 1.959146000000000151e-02 4.029729999999999922e-04 1.000000000000000000e+00 1.952490000000000128e-02 1.957530000000000034e-02
1.163532556000000051e+00 1.961533500000000110e-02 4.034460000000000129e-04 1.000000000000000000e+00 1.956619999999999887e-02 1.961680000000000021e-02
1.163920400999999938e+00 1.962827899999999848e-02 4.037959999999999943e-04 1.000000000000000000e+00 1.959539999999999893e-02 1.964619999999999908e-02
1.164308373999999979e+00 1.963399299999999889e-02 4.040390000000000257e-04 1.000000000000000000e+00 1.961419999999999830e-02 1.966499999999999845e-02
1.164696476999999897e+00 1.963704599999999828e-02 4.042040000000000216e-04 1.000000000000000000e+00 1.962529999999999830e-02 1.967620000000000133e-02
1.165084709000000052e+00 1.964198899999999859e-02 4.043299999999999997e-04 1.000000000000000000e+00 1.963260000000000005e-02 1.968369999999999842e-02
1.165473071000000083e+00 1.965242899999999904e-02 4.044580000000000094e-04 1.000000000000000000e+00 1.964010000000000061e-02 1.969129999999999839e-02
1.165861561999999907e+00 1.967034299999999986e-02 4.046230000000000052e-04 1.000000000000000000e+00 1.965110000000000121e-02 1.970239999999999839e-02
1.166250181999999969e+00 1.969581299999999952e-02 4.048459999999999928e-04 1.000000000000000000e+00 1.966769999999999977e-02 1.971919999999999923e-02
1.166638931999999906e+00 1.972724500000000089e-02 4.051330000000000122e-04 1.000000000000000000e+00 1.969069999999999848e-02 1.974220000000000141e-02
1.167027811999999942e+00 1.976195099999999982e-02 4.054740000000000145e-04 1.000000000000000000e+00 1.971900000000000042e-02 1.977069999999999869e-02
1.167416820999999993e+00 1.979690900000000142e-02 4.058509999999999874e-04 1.000000000000000000e+00 1.975079999999999891e-02 1.980269999999999947e-02
1.167805959999999921e+00 1.982943699999999837e-02 4.062369999999999935e-04 1.000000000000000000e+00 1.978359999999999841e-02 1.983570000000000125e-02
1.168195228999999946e+00 1.985761999999999944e-02 4.066109999999999733e-04 1.000000000000000000e+00 1.981520000000000156e-02 1.986740000000000034e-02
1.168584626999999987e+00 1.988040699999999925e-02 4.069519999999999756e-04 1.000000000000000000e+00 1.984350000000000003e-02 1.989590000000000108e-02
1.168974154999999904e+00 1.989743399999999857e-02 4.072479999999999742e-04 1.000000000000000000e+00 1.986730000000000093e-02 1.991990000000000080e-02
1.169363812999999919e+00 1.990869300000000161e-02 4.074929999999999828e-04 1.000000000000000000e+00 1.988600000000000090e-02 1.993870000000000017e-02
1.169753601000000032e+00 1.991419800000000101e-02 4.076840000000000086e-04 1.000000000000000000e+00 1.989909999999999943e-02 1.995210000000000039e-02
1.170143519000000021e+00 1.991380300000000075e-02 4.078180000000000043e-04 1.000000000000000000e+00 1.990669999999999940e-02 1.995979999999999976e-02
1.170533567000000108e+00 1.990721399999999947e-02 4.078940000000000083e-04 1.000000000000000000e+00 1.990849999999999911e-02 1.996159999999999948e-02
1.170923745000000071e+00 1.989426099999999989e-02 4.079089999999999734e-04 1.000000000000000000e+00 1.990420000000000036e-02 1.995749999999999955e-02
1.171314052999999911e+00 1.987531000000000020e-02 4.078619999999999923e-04 1.000000000000000000e+00 1.989379999999999968e-02 1.994719999999999827e-02
1.171704491000000070e+00 1.985168500000000086e-02 4.077549999999999881e-04 1.000000000000000000e+00 1.987780000000000102e-02 1.993129999999999902e-02
1.172095059000000106e+00 1.982588500000000142e-02 4.076010000000000028e-04 1.000000000000000000e+00 1.985730000000000134e-02 1.991079999999999933e-02
1.172485757000000017e+00 1.980140400000000162e-02 4.074200000000000261e-04 1.000000000000000000e+00 1.983450000000000144e-02 1.988799999999999943e-02
1.172876586000000110e+00 1.978210799999999964e-02 4.072430000000000039e-04 1.000000000000000000e+00 1.981219999999999856e-02 1.986570000000000003e-02
1.173267545000000078e+00 1.977128900000000092e-02 4.071039999999999837e-04 1.000000000000000000e+00 1.979380000000000028e-02 1.984729999999999828e-02
1.173658633999999923e+00 1.977066300000000082e-02 4.070319999999999884e-04 1.000000000000000000e+00 1.978219999999999978e-02 1.983570000000000125e-02
1.174049853000000088e+00 1.977970299999999917e-02 4.070459999999999920e-04 1.000000000000000000e+00 1.977889999999999857e-02 1.983249999999999943e-02
1.174441202999999989e+00 1.979561599999999852e-02 4.071449999999999787e-04 1.000000000000000000e+00 1.978399999999999950e-02 1.983760000000000037e-02
1.174832684000000071e+00 1.981402700000000142e-02 4.073099999999999746e-04 1.000000000000000000e+00 1.979540000000000119e-02 1.984910000000000146e-02
1.175224295000000030e+00 1.983022499999999994e-02 4.075080000000000022e-04 1.000000000000000000e+00 1.980979999999999894e-02 1.986359999999999862e-02
1.175616036000000086e+00 1.984054500000000110e-02 4.077010000000000052e-04 1.000000000000000000e+00 1.982340000000000144e-02 1.987730000000000052e-02
1.176007908000000102e+00 1.984338899999999947e-02 4.078570000000000220e-04 1.000000000000000000e+00 1.983309999999999934e-02 1.988710000000000130e-02
1.176399911000000076e+00 1.983951200000000012e-02 4.079570000000000245e-04 1.000000000000000000e+00 1.983719999999999928e-02 1.989140000000000005e-02
1.176792043999999926e+00 1.983148900000000076e-02 4.080040000000000056e-04 1.000000000000000000e+00 1.983580000000000065e-02 1.989010000000000083e-02
1.177184307999999957e+00 1.982253200000000035e-02 4.080129999999999846e-04 1.000000000000000000e+00 1.983050000000000090e-02 1.988499999999999990e-02
1.177576702999999947e+00 1.981517000000000001e-02 4.080069999999999986e-04 1.000000000000000000e+00 1.982369999999999965e-02 1.987830000000000152e-02
1.177969228000000035e+00 1.981023399999999948e-02 4.080040000000000056e-04 1.000000000000000000e+00 1.981729999999999950e-02 1.987200000000000077e-02
1.178361884999999942e+00 1.980656199999999978e-02 4.080129999999999846e-04 1.000000000000000000e+00 1.981219999999999856e-02 1.986699999999999924e-02
1.178754671999999948e+00 1.980149399999999935e-02 4.080269999999999882e-04 1.000000000000000000e+00 1.980760000000000159e-02 1.986260000000000109e-02
1.179147589999999912e+00 1.979196800000000006e-02 4.080269999999999882e-04 1.000000000000000000e+00 1.980180000000000134e-02 1.985680000000000084e-02
1.179540639999999918e+00 1.977583000000000119e-02 4.079889999999999862e-04 1.000000000000000000e+00 1.979240000000000166e-02 1.984740000000000115e-02
1.179933820000000022e+00 1.975287400000000013e-02 4.078959999999999856e-04 1.000000000000000000e+00 1.977759999999999935e-02 1.983270000000000172e-02
1.180327131000000085e+00 1.972524999999999973e-02 4.077460000000000090e-04 1.000000000000000000e+00 1.975719999999999907e-02 1.981240000000000084e-02
1.180720573000000106e+00 1.969705299999999909e-02 4.075549999999999833e-04 1.000000000000000000e+00 1.973269999999999885e-02 1.978790000000000063e-02
1.181114146999999948e+00 1.967322800000000094e-02 4.073540000000000169e-04 1.000000000000000000e+00 1.970720000000000111e-02 1.976249999999999882e-02
1.181507851999999970e+00 1.965817200000000153e-02 4.071859999999999737e-04 1.000000000000000000e+00 1.968479999999999883e-02 1.974019999999999941e-02
1.181901687999999950e+00 1.965453699999999970e-02 4.070880000000000028e-04 1.000000000000000000e+00 1.966920000000000127e-02 1.972470000000000126e-02
1.182295654999999890e+00 1.966265899999999900e-02 4.070869999999999871e-04 1.000000000000000000e+00 1.966299999999999992e-02 1.971859999999999932e-02
1.182689753000000010e+00 1.968074599999999896e-02 4.071899999999999825e-04 1.000000000000000000e+00 1.966700000000000045e-02 1.972279999999999867e-02
1.183083982999999950e+00 1.970563300000000018e-02 4.073869999999999944e-04 1.000000000000000000e+00 1.968030000000000126e-02 1.973629999999999829e-02
1.183478344999999932e+00 1.973369000000000165e-02 4.076540000000000242e-04 1.000000000000000000e+00 1.970070000000000154e-02 1.975680000000000144e-02
1.183872837000000011e+00 1.976148399999999930e-02 4.079619999999999948e-04 1.000000000000000000e+00 1.972509999999999888e-02 1.978150000000000047e-02
1.184267461999999993e+00 1.978604299999999969e-02 4.082789999999999987e-04 1.000000000000000000e+00 1.975060000000000010e-02 1.980710000000000109e-02
1.184662217999999934e+00 1.980486500000000136e-02 4.085749999999999972e-04 1.000000000000000000e+00 1.977419999999999872e-02 1.983089999999999853e-02
1.185057105000000055e+00 1.981596799999999978e-02 4.088249999999999762e-04 1.000000000000000000e+00 1.979339999999999919e-02 1.985019999999999840e-02
1.185452123999999996e+00 1.981820499999999846e-02 4.090079999999999844e-04 1.000000000000000000e+00 1.980600000000000069e-02 1.986289999999999931e-02
1.185847274999999978e+00 1.981179400000000063e-02 4.091119999999999956e-04 1.000000000000000000e+00 1.981089999999999934e-02 1.986790000000000084e-02
1.186242556999999920e+00 1.979877400000000162e-02 4.091370000000000098e-04 1.000000000000000000e+00 1.980799999999999922e-02 1.986510000000000012e-02
1.186637970999999903e+00 1.978301400000000154e-02 4.091000000000000235e-04 1.000000000000000000e+00 1.979900000000000063e-02 1.985610000000000153e-02
1.187033516999999927e+00 1.976957099999999967e-02 4.090310000000000213e-04 1.000000000000000000e+00 1.978699999999999903e-02 1.984409999999999993e-02
1.187429194999999993e+00 1.976350300000000171e-02 4.089739999999999912e-04 1.000000000000000000e+00 1.977599999999999844e-02 1.983319999999999875e-02
1.187825005000000100e+00 1.976852100000000070e-02 4.089729999999999754e-04 1.000000000000000000e+00 1.977049999999999988e-02 1.982779999999999959e-02
1.188220947000000027e+00 1.978600800000000076e-02 4.090629999999999830e-04 1.000000000000000000e+00 1.977380000000000110e-02 1.983120000000000022e-02
1.188617019999999913e+00 1.981473400000000051e-02 4.092589999999999791e-04 1.000000000000000000e+00 1.978759999999999894e-02 1.984510000000000093e-02
1.189013225999999923e+00 1.985134499999999941e-02 4.095580000000000249e-04 1.000000000000000000e+00 1.981120000000000103e-02 1.986889999999999837e-02
1.189409563999999975e+00 1.989138799999999943e-02 4.099360000000000135e-04 1.000000000000000000e+00 1.984259999999999843e-02 1.990050000000000152e-02
1.189806032999999985e+00 1.993044899999999939e-02 4.103590000000000059e-04 1.000000000000000000e+00 1.987809999999999924e-02 1.993630000000000055e-02
1.190202634999999898e+00 1.996504899999999860e-02 4.107890000000000001e-04 1.000000000000000000e+00 1.991429999999999936e-02 1.997260000000000008e-02
1.190599369999999935e+00 1.999308099999999935e-02 4.111939999999999801e-04 1.000000000000000000e+00 1.994769999999999877e-02 2.000630000000000117e-02
1.190996235999999930e+00 2.001381600000000024e-02 4.115500000000000018e-04 1.000000000000000000e+00 1.997629999999999892e-02 2.003510000000000013e-02
1.191393235000000050e+00 2.002763499999999849e-02 4.118460000000000003e-04 1.000000000000000000e+00 1.999880000000000060e-02 2.005790000000000003e-02
1.191790365999999990e+00 2.003564199999999934e-02 4.120799999999999984e-04 1.000000000000000000e+00 2.001510000000000095e-02 2.007439999999999919e-02
1.192187628999999971e+00 2.003929399999999916e-02 4.122589999999999978e-04 1.000000000000000000e+00 2.002579999999999985e-02 2.008539999999999978e-02
1.192585025000000076e+00 2.004010599999999850e-02 4.123919999999999778e-04 1.000000000000000000e+00 2.003210000000000060e-02 2.009189999999999934e-02
1.192982554000000084e+00 2.003940800000000161e-02 4.124919999999999802e-04 1.000000000000000000e+00 2.003519999999999954e-02 2.009520000000000056e-02
1.193380214000000050e+00 2.003816799999999856e-02 4.125700000000000157e-04 1.000000000000000000e+00 2.003629999999999994e-02 2.009640000000000037e-02
1.193778008000000002e+00 2.003687700000000155e-02 4.126350000000000092e-04 1.000000000000000000e+00 2.003629999999999994e-02 2.009659999999999919e-02
1.194175933999999994e+00 2.003550700000000101e-02 4.126930000000000008e-04 1.000000000000000000e+00 2.003570000000000004e-02 2.009620000000000156e-02
1.194573992999999890e+00 2.003355600000000097e-02 4.127450000000000064e-04 1.000000000000000000e+00 2.003469999999999904e-02 2.009529999999999997e-02
1.194972184000000048e+00 2.003018399999999949e-02 4.127879999999999787e-04 1.000000000000000000e+00 2.003299999999999872e-02 2.009369999999999906e-02
1.195370508000000109e+00 2.002442399999999900e-02 4.128159999999999859e-04 1.000000000000000000e+00 2.002989999999999979e-02 2.009079999999999894e-02
1.195768965000000073e+00 2.001544499999999976e-02 4.128210000000000104e-04 1.000000000000000000e+00 2.002469999999999944e-02 2.008559999999999859e-02
1.196167554000000077e+00 2.000285300000000099e-02 4.127959999999999963e-04 1.000000000000000000e+00 2.001649999999999957e-02 2.007750000000000160e-02
1.196566277000000067e+00 1.998691400000000146e-02 4.127390000000000204e-04 1.000000000000000000e+00 2.000520000000000076e-02 2.006629999999999872e-02
1.196965132000000098e+00 1.996864400000000067e-02 4.126499999999999743e-04 1.000000000000000000e+00 1.999079999999999954e-02 2.005190000000000097e-02
1.197364120999999892e+00 1.994969200000000151e-02 4.125379999999999998e-04 1.000000000000000000e+00 1.997410000000000158e-02 2.003529999999999894e-02
1.197763241999999950e+00 1.993197799999999950e-02 4.124180000000000077e-04 1.000000000000000000e+00 1.995649999999999855e-02 2.001779999999999879e-02
1.198162496999999993e+00 1.991717999999999961e-02 4.123040000000000017e-04 1.000000000000000000e+00 1.993959999999999830e-02 2.000089999999999854e-02
1.198561884000000077e+00 1.990621399999999847e-02 4.122120000000000168e-04 1.000000000000000000e+00 1.992479999999999946e-02 1.998619999999999911e-02
1.198961404999999925e+00 1.989887499999999990e-02 4.121519999999999936e-04 1.000000000000000000e+00 1.991290000000000074e-02 1.997439999999999979e-02
1.199361058000000035e+00 1.989376099999999939e-02 4.121209999999999934e-04 1.000000000000000000e+00 1.990400000000000155e-02 1.996560000000000001e-02
1.199760844999999909e+00 1.988853200000000043e-02 4.121120000000000143e-04 1.000000000000000000e+00 1.989710000000000090e-02 1.995879999999999876e-02
1.200160765999999990e+00 1.988041499999999850e-02 4.121050000000000125e-04 1.000000000000000000e+00 1.989029999999999965e-02 1.995219999999999980e-02
1.200560818999999890e+00 1.986687599999999859e-02 4.120759999999999896e-04 1.000000000000000000e+00 1.988149999999999987e-02 1.994340000000000002e-02
1.200961005999999998e+00 1.984628600000000118e-02 4.120029999999999786e-04 1.000000000000000000e+00 1.986829999999999846e-02 1.993030000000000149e-02
1.201361327000000090e+00 1.981851000000000099e-02 4.118710000000000144e-04 1.000000000000000000e+00 1.984930000000000028e-02 1.991149999999999864e-02
1.201761780000000002e+00 1.978522699999999898e-02 4.116759999999999799e-04 1.000000000000000000e+00 1.982429999999999956e-02 1.988639999999999852e-02
1.202162367999999981e+00 1.974991900000000120e-02 4.114310000000000254e-04 1.000000000000000000e+00 1.979420000000000138e-02 1.985649999999999915e-02
1.202563088000000002e+00 1.971736300000000164e-02 4.111629999999999799e-04 1.000000000000000000e+00 1.976210000000000119e-02 1.982439999999999897e-02
1.202963943000000091e+00 1.969268999999999881e-02 4.109130000000000009e-04 1.000000000000000000e+00 1.973159999999999845e-02 1.979399999999999910e-02
1.203364931000000082e+00 1.968015500000000126e-02 4.107269999999999996e-04 1.000000000000000000e+00 1.970730000000000051e-02 1.976970000000000116e-02
1.203766051999999975e+00 1.968199500000000074e-02 4.106429999999999781e-04 1.000000000000000000e+00 1.969279999999999989e-02 1.975539999999999935e-02
1.204167307999999936e+00 1.969775400000000135e-02 4.106849999999999889e-04 1.000000000000000000e+00 1.969059999999999908e-02 1.975330000000000141e-02
1.204568697000000022e+00 1.972436500000000065e-02 4.108539999999999935e-04 1.000000000000000000e+00 1.970070000000000154e-02 1.976359999999999922e-02
1.204970220000000092e+00 1.975700199999999920e-02 4.111280000000000251e-04 1.000000000000000000e+00 1.972109999999999835e-02 1.978419999999999832e-02
1.205371876000000064e+00 1.979040199999999861e-02 4.114710000000000047e-04 1.000000000000000000e+00 1.974829999999999988e-02 1.981159999999999866e-02
1.205773667000000104e+00 1.982021700000000108e-02 4.118370000000000212e-04 1.000000000000000000e+00 1.977790000000000104e-02 1.984139999999999862e-02
1.206175591999999908e+00 1.984393900000000141e-02 4.121870000000000026e-04 1.000000000000000000e+00 1.980600000000000069e-02 1.986979999999999996e-02
1.206577650000000057e+00 1.986116500000000007e-02 4.124949999999999732e-04 1.000000000000000000e+00 1.983019999999999922e-02 1.989410000000000137e-02
1.206979843000000052e+00 1.987321200000000121e-02 4.127509999999999925e-04 1.000000000000000000e+00 1.984930000000000028e-02 1.991350000000000064e-02
1.207382168999999950e+00 1.988232700000000172e-02 4.129609999999999921e-04 1.000000000000000000e+00 1.986390000000000031e-02 1.992820000000000008e-02
1.207784629999999915e+00 1.989081100000000130e-02 4.131389999999999759e-04 1.000000000000000000e+00 1.987540000000000140e-02 1.993989999999999999e-02
1.208187225000000087e+00 1.990034200000000142e-02 4.133049999999999875e-04 1.000000000000000000e+00 1.988559999999999980e-02 1.995020000000000127e-02
1.208589954000000022e+00 1.991166399999999906e-02 4.134720000000000149e-04 1.000000000000000000e+00 1.989580000000000168e-02 1.996059999999999848e-02
1.208992816999999942e+00 1.992464399999999830e-02 4.136499999999999986e-04 1.000000000000000000e+00 1.990700000000000108e-02 1.997209999999999958e-02
1.209395814999999930e+00 1.993859300000000098e-02 4.138410000000000244e-04 1.000000000000000000e+00 1.991949999999999971e-02 1.998470000000000107e-02
1.209798946999999902e+00 1.995269499999999946e-02 4.140400000000000135e-04 1.000000000000000000e+00 1.993280000000000052e-02 1.999820000000000070e-02
1.210202213000000082e+00 1.996634300000000098e-02 4.142419999999999956e-04 1.000000000000000000e+00 1.994639999999999955e-02 2.001199999999999854e-02
1.210605614000000108e+00 1.997928800000000130e-02 4.144420000000000005e-04 1.000000000000000000e+00 1.995989999999999917e-02 2.002560000000000104e-02
1.211009148999999896e+00 1.999157199999999912e-02 4.146369999999999808e-04 1.000000000000000000e+00 1.997289999999999829e-02 2.003889999999999838e-02
1.211412818999999974e+00 2.000332800000000077e-02 4.148269999999999909e-04 1.000000000000000000e+00 1.998540000000000039e-02 2.005149999999999988e-02
1.211816623000000037e+00 2.001458100000000004e-02 4.150119999999999764e-04 1.000000000000000000e+00 1.999729999999999910e-02 2.006360000000000088e-02
1.212220561999999946e+00 2.002517300000000028e-02 4.151919999999999916e-04 1.000000000000000000e+00 2.000860000000000138e-02 2.007509999999999850e-02
1.212624635999999922e+00 2.003484499999999904e-02 4.153669999999999823e-04 1.000000000000000000e+00 2.001920000000000088e-02 2.008590000000000028e-02
1.213028844000000106e+00 2.004339999999999941e-02 4.155340000000000097e-04 1.000000000000000000e+00 2.002889999999999879e-02 2.009580000000000047e-02
1.213433186999999913e+00 2.005084199999999928e-02 4.156920000000000038e-04 1.000000000000000000e+00 2.003769999999999857e-02 2.010479999999999906e-02
1.213837663999999927e+00 2.005738799999999891e-02 4.158410000000000188e-04 1.000000000000000000e+00 2.004560000000000022e-02 2.011289999999999953e-02
1.214242277000000092e+00 2.006330900000000139e-02 4.159799999999999848e-04 1.000000000000000000e+00 2.005260000000000029e-02 2.012020000000000128e-02
1.214647024000000020e+00 2.006871000000000002e-02 4.161120000000000031e-04 1.000000000000000000e+00 2.005909999999999985e-02 2.012680000000000025e-02
1.215051907000000098e+00 2.007335500000000106e-02 4.162360000000000040e-04 1.000000000000000000e+00 2.006490000000000010e-02 2.013279999999999931e-02
1.215456923999999939e+00 2.007664600000000008e-02 4.163510000000000258e-04 1.000000000000000000e+00 2.006979999999999875e-02 2.013790000000000024e-02
1.215862076000000069e+00 2.007780400000000118e-02 4.164509999999999740e-04 1.000000000000000000e+00 2.007340000000000166e-02 2.014159999999999909e-02
1.216267363999999906e+00 2.007617100000000029e-02 4.165300000000000252e-04 1.000000000000000000e+00 2.007499999999999910e-02 2.014339999999999881e-02
1.216672785999999951e+00 2.007153000000000062e-02 4.165850000000000239e-04 1.000000000000000000e+00 2.007410000000000097e-02 2.014260000000000009e-02
1.217078343999999923e+00 2.006429699999999830e-02 4.166129999999999768e-04 1.000000000000000000e+00 2.007050000000000153e-02 2.013919999999999946e-02
1.217484036999999963e+00 2.005549900000000094e-02 4.166160000000000241e-04 1.000000000000000000e+00 2.006459999999999841e-02 2.013339999999999921e-02
1.217889865000000071e+00 2.004653199999999885e-02 4.166039999999999978e-04 1.000000000000000000e+00 2.005710000000000132e-02 2.012600000000000153e-02
1.218295828000000025e+00 2.003878400000000046e-02 4.165870000000000011e-04 1.000000000000000000e+00 2.004919999999999966e-02 2.011819999999999928e-02
1.218701926000000046e+00 2.003324600000000108e-02 4.165770000000000063e-04 1.000000000000000000e+00 2.004200000000000079e-02 2.011119999999999922e-02
1.219108159999999996e+00 2.003027599999999964e-02 4.165819999999999766e-04 1.000000000000000000e+00 2.003649999999999876e-02 2.010580000000000006e-02
1.219514530000000097e+00 2.002957400000000138e-02 4.166059999999999750e-04 1.000000000000000000e+00 2.003299999999999872e-02 2.010239999999999944e-02
1.219921035000000042e+00 2.003040700000000007e-02 4.166500000000000173e-04 1.000000000000000000e+00 2.003140000000000129e-02 2.010100000000000081e-02
1.220327675000000056e+00 2.003195799999999901e-02 4.167080000000000090e-04 1.000000000000000000e+00 2.003140000000000129e-02 2.010100000000000081e-02
1.220734450999999998e+00 2.003366599999999859e-02 4.167749999999999797e-04 1.000000000000000000e+00 2.003220000000000001e-02 2.010189999999999894e-02
1.221141362000000008e+00 2.003544000000000158e-02 4.168460000000000134e-04 1.000000000000000000e+00 2.003339999999999982e-02 2.010330000000000103e-02
1.221548410000000029e+00 2.003764400000000029e-02 4.169229999999999789e-04 1.000000000000000000e+00 2.003490000000000132e-02 2.010489999999999847e-02
1.221955592000000035e+00 2.004090500000000122e-02 4.170059999999999848e-04 1.000000000000000000e+00 2.003689999999999985e-02 2.010699999999999987e-02
1.222362911000000052e+00 2.004582599999999923e-02 4.171010000000000169e-04 1.000000000000000000e+00 2.003979999999999997e-02 2.011009999999999881e-02
1.222770364999999915e+00 2.005271900000000010e-02 4.172119999999999757e-04 1.000000000000000000e+00 2.004420000000000160e-02 2.011469999999999925e-02
1.223177954999999928e+00 2.006146500000000055e-02 4.173429999999999783e-04 1.000000000000000000e+00 2.005030000000000007e-02 2.012090000000000059e-02
1.223585681000000092e+00 2.007153899999999935e-02 4.174909999999999776e-04 1.000000000000000000e+00 2.005799999999999944e-02 2.012890000000000165e-02
1.223993542999999962e+00 2.008216800000000093e-02 4.176539999999999962e-04 1.000000000000000000e+00 2.006710000000000091e-02 2.013830000000000134e-02
1.224401540999999982e+00 2.009256200000000131e-02 4.178240000000000166e-04 1.000000000000000000e+00 2.007700000000000110e-02 2.014840000000000034e-02
1.224809674999999931e+00 2.010212700000000088e-02 4.179949999999999985e-04 1.000000000000000000e+00 2.008700000000000069e-02 2.015859999999999874e-02
1.225217945000000030e+00 2.011059299999999953e-02 4.181599999999999944e-04 1.000000000000000000e+00 2.009659999999999919e-02 2.016830000000000012e-02
1.225626351000000058e+00 2.011802000000000035e-02 4.183160000000000112e-04 1.000000000000000000e+00 2.010529999999999956e-02 2.017729999999999871e-02
1.226034893000000014e+00 2.012469299999999905e-02 4.184629999999999947e-04 1.000000000000000000e+00 2.011320000000000122e-02 2.018539999999999918e-02
1.226443570999999899e+00 2.013096799999999909e-02 4.186020000000000149e-04 1.000000000000000000e+00 2.012040000000000009e-02 2.019280000000000033e-02
1.226852386000000017e+00 2.013711799999999899e-02 4.187349999999999948e-04 1.000000000000000000e+00 2.012709999999999846e-02 2.019970000000000099e-02
1.227261335999999980e+00 2.014324300000000165e-02 4.188659999999999974e-04 1.000000000000000000e+00 2.013360000000000150e-02 2.020629999999999996e-02
1.227670424000000038e+00 2.014926800000000143e-02 4.189950000000000228e-04 1.000000000000000000e+00 2.013979999999999937e-02 2.021270000000000011e-02
1.228079646999999941e+00 2.015499999999999931e-02 4.191220000000000167e-04 1.000000000000000000e+00 2.014590000000000131e-02 2.021890000000000145e-02
1.228489007000000077e+00 2.016022099999999900e-02 4.192460000000000175e-04 1.000000000000000000e+00 2.015170000000000156e-02 2.022490000000000052e-02
1.228898502999999920e+00 2.016475900000000085e-02 4.193649999999999939e-04 1.000000000000000000e+00 2.015700000000000131e-02 2.023039999999999908e-02
1.229308135999999996e+00 2.016851899999999934e-02 4.194779999999999841e-04 1.000000000000000000e+00 2.016170000000000115e-02 2.023530000000000120e-02
1.229717905000000000e+00 2.017147299999999879e-02 4.195830000000000111e-04 1.000000000000000000e+00 2.016580000000000109e-02 2.023950000000000055e-02
1.230127811000000015e+00 2.017363999999999963e-02 4.196809999999999820e-04 1.000000000000000000e+00 2.016909999999999883e-02 2.024300000000000058e-02
1.230537854000000042e+00 2.017506700000000139e-02 4.197699999999999739e-04 1.000000000000000000e+00 2.017170000000000074e-02 2.024569999999999842e-02
1.230948032999999997e+00 2.017582899999999929e-02 4.198510000000000024e-04 1.000000000000000000e+00 2.017350000000000046e-02 2.024760000000000101e-02
1.231358348999999963e+00 2.017604500000000009e-02 4.199249999999999749e-04 1.000000000000000000e+00 2.017460000000000087e-02 2.024880000000000083e-02
1.231768801999999940e+00 2.017587800000000126e-02 4.199939999999999772e-04 1.000000000000000000e+00 2.017510000000000137e-02 2.024950000000000014e-02
1.232179391999999929e+00 2.017551799999999992e-02 4.200590000000000248e-04 1.000000000000000000e+00 2.017510000000000137e-02 2.024969999999999895e-02
1.232590118000000068e+00 2.017514299999999955e-02 4.201219999999999868e-04 1.000000000000000000e+00 2.017489999999999908e-02 2.024969999999999895e-02
1.233000982000000079e+00 2.017487700000000078e-02 4.201839999999999872e-04 1.000000000000000000e+00 2.017460000000000087e-02 2.024950000000000014e-02
1.233411982000000018e+00 2.017475399999999960e-02 4.202480000000000191e-04 1.000000000000000000e+00 2.017429999999999918e-02 2.024940000000000073e-02
1.233823118999999968e+00 2.017471700000000173e-02 4.203119999999999968e-04 1.000000000000000000e+00 2.017410000000000037e-02 2.024940000000000073e-02
1.234234394000000012e+00 2.017464799999999989e-02 4.203780000000000060e-04 1.000000000000000000e+00 2.017400000000000096e-02 2.024940000000000073e-02
1.234645804999999985e+00 2.017440800000000131e-02 4.204429999999999995e-04 1.000000000000000000e+00 2.017390000000000155e-02 2.024940000000000073e-02
1.235057354000000052e+00 2.017388700000000146e-02 4.205069999999999772e-04 1.000000000000000000e+00 2.017359999999999987e-02 2.024930000000000133e-02
1.235469039000000047e+00 2.017302799999999910e-02 4.205689999999999776e-04 1.000000000000000000e+00 2.017309999999999937e-02 2.024899999999999964e-02
1.235880861999999913e+00 2.017183000000000170e-02 4.206290000000000007e-04 1.000000000000000000e+00 2.017230000000000065e-02 2.024839999999999973e-02
1.236292823000000096e+00 2.017033400000000157e-02 4.206859999999999766e-04 1.000000000000000000e+00 2.017120000000000024e-02 2.024750000000000161e-02
1.236704919999999985e+00 2.016859500000000097e-02 4.207400000000000137e-04 1.000000000000000000e+00 2.016980000000000162e-02 2.024619999999999892e-02
1.237117154999999968e+00 2.016666300000000134e-02 4.207910000000000036e-04 1.000000000000000000e+00 2.016810000000000130e-02 2.024480000000000030e-02
1.237529528000000045e+00 2.016456999999999972e-02 4.208409999999999777e-04 1.000000000000000000e+00 2.016630000000000159e-02 2.024309999999999998e-02
1.237942037999999911e+00 2.016233099999999862e-02 4.208889999999999745e-04 1.000000000000000000e+00 2.016429999999999959e-02 2.024130000000000026e-02
1.238354685000000011e+00 2.015995599999999971e-02 4.209349999999999941e-04 1.000000000000000000e+00 2.016220000000000165e-02 2.023940000000000114e-02
1.238767469999999982e+00 2.015746100000000152e-02 4.209789999999999821e-04 1.000000000000000000e+00 2.016000000000000084e-02 2.023739999999999914e-02
1.239180391999999964e+00 2.015486600000000045e-02 4.210209999999999929e-04 1.000000000000000000e+00 2.015770000000000062e-02 2.023519999999999833e-02
1.239593452000000040e+00 2.015219700000000017e-02 4.210610000000000264e-04 1.000000000000000000e+00 2.015530000000000099e-02 2.023290000000000158e-02
1.240006649999999988e+00 2.014947200000000160e-02 4.210999999999999899e-04 1.000000000000000000e+00 2.015279999999999849e-02 2.023060000000000136e-02
1.240419986000000030e+00 2.014669200000000077e-02 4.211369999999999762e-04 1.000000000000000000e+00 2.015020000000000006e-02 2.022809999999999886e-02
1.240833459000000083e+00 2.014382899999999851e-02 4.211730000000000009e-04 1.000000000000000000e+00 2.014739999999999934e-02 2.022550000000000042e-02
1.241247070000000008e+00 2.014082999999999846e-02 4.212090000000000257e-04 1.000000000000000000e+00 2.014459999999999862e-02 2.022279999999999911e-02
1.241660819000000027e+00 2.013762800000000117e-02 4.212430000000000189e-04 1.000000000000000000e+00 2.014149999999999968e-02 2.021979999999999958e-02
1.242074705999999917e+00 2.013415199999999891e-02 4.212759999999999964e-04 1.000000000000000000e+00 2.013819999999999846e-02 2.021670000000000064e-02
1.242488730999999902e+00 2.013034899999999877e-02 4.213080000000000123e-04 1.000000000000000000e+00 2.013469999999999843e-02 2.021330000000000002e-02
1.242902893999999980e+00 2.012618700000000024e-02 4.213379999999999968e-04 1.000000000000000000e+00 2.013080000000000078e-02 2.020970000000000058e-02
1.243317194999999931e+00 2.012166500000000038e-02 4.213649999999999883e-04 1.000000000000000000e+00 2.012670000000000084e-02 2.020570000000000005e-02
1.243731633999999975e+00 2.011680000000000065e-02 4.213900000000000024e-04 1.000000000000000000e+00 2.012219999999999981e-02 2.020150000000000071e-02
1.244146210999999891e+00 2.011161800000000124e-02 4.214110000000000078e-04 1.000000000000000000e+00 2.011749999999999997e-02 2.019690000000000027e-02
1.244560926999999984e+00 2.010613500000000067e-02 4.214290000000000202e-04 1.000000000000000000e+00 2.011260000000000131e-02 2.019210000000000102e-02
1.244975780000000087e+00 2.010034299999999968e-02 4.214420000000000080e-04 1.000000000000000000e+00 2.010730000000000156e-02 2.018700000000000008e-02
1.245390771999999924e+00 2.009420400000000093e-02 4.214520000000000028e-04 1.000000000000000000e+00 2.010179999999999953e-02 2.018170000000000033e-02
1.245805902999999937e+00 2.008764700000000014e-02 4.214569999999999731e-04 1.000000000000000000e+00 2.009589999999999987e-02 2.017590000000000008e-02
1.246221170999999961e+00 2.008058199999999960e-02 4.214569999999999731e-04 1.000000000000000000e+00 2.008959999999999912e-02 2.016969999999999874e-02
1.246636577999999940e+00 2.007290600000000147e-02 4.214520000000000028e-04 1.000000000000000000e+00 2.008269999999999847e-02 2.016300000000000037e-02
1.247052124000000095e+00 2.006452400000000025e-02 4.214399999999999765e-04 1.000000000000000000e+00 2.007520000000000138e-02 2.015559999999999921e-02
1.247467807999999900e+00 2.005535400000000093e-02 4.214220000000000184e-04 1.000000000000000000e+00 2.006700000000000150e-02 2.014760000000000162e-02
1.247883630000000021e+00 2.004534300000000019e-02 4.213970000000000042e-04 1.000000000000000000e+00 2.005799999999999944e-02 2.013869999999999896e-02
1.248299591999999958e+00 2.003446500000000130e-02 4.213640000000000267e-04 1.000000000000000000e+00 2.004819999999999866e-02 2.012900000000000106e-02
1.248715690999999905e+00 2.002272399999999869e-02 4.213239999999999932e-04 1.000000000000000000e+00 2.003749999999999976e-02 2.011850000000000097e-02
1.249131929999999890e+00 2.001015700000000064e-02 4.212759999999999964e-04 1.000000000000000000e+00 2.002599999999999866e-02 2.010719999999999869e-02
1.249548306999999969e+00 1.999683500000000100e-02 4.212209999999999978e-04 1.000000000000000000e+00 2.001380000000000173e-02 2.009510000000000116e-02
1.249964823000000003e+00 1.998286100000000107e-02 4.211570000000000201e-04 1.000000000000000000e+00 2.000089999999999854e-02 2.008230000000000084e-02
1.250381477999999991e+00 1.996835300000000119e-02 4.210859999999999864e-04 1.000000000000000000e+00 1.998739999999999892e-02 2.006890000000000063e-02
1.250798271999999933e+00 1.995342599999999980e-02 4.210080000000000051e-04 1.000000000000000000e+00 1.997329999999999939e-02 2.005499999999999991e-02
1.251215205000000052e+00 1.993816500000000075e-02 4.209239999999999835e-04 1.000000000000000000e+00 1.995890000000000164e-02 2.004070000000000157e-02
1.251632276999999904e+00 1.992259399999999833e-02 4.208339999999999759e-04 1.000000000000000000e+00 1.994399999999999992e-02 2.002589999999999926e-02
1.252049487000000072e+00 1.990666899999999837e-02 4.207389999999999980e-04 1.000000000000000000e+00 1.992879999999999999e-02 2.001079999999999873e-02
1.252466837000000055e+00 1.989027700000000135e-02 4.206389999999999955e-04 1.000000000000000000e+00 1.991319999999999896e-02 1.999520000000000117e-02
1.252884325999999993e+00 1.987326299999999865e-02 4.205330000000000071e-04 1.000000000000000000e+00 1.989700000000000149e-02 1.997909999999999964e-02
1.253301954000000107e+00 1.985545299999999860e-02 4.204200000000000168e-04 1.000000000000000000e+00 1.988020000000000065e-02 1.996229999999999880e-02
1.253719722000000036e+00 1.983667100000000016e-02 4.203000000000000247e-04 1.000000000000000000e+00 1.986250000000000168e-02 1.994479999999999864e-02
1.254137628000000060e+00 1.981673899999999988e-02 4.201699999999999836e-04 1.000000000000000000e+00 1.984400000000000053e-02 1.992630000000000096e-02
1.254555673999999899e+00 1.979545099999999863e-02 4.200289999999999861e-04 1.000000000000000000e+00 1.982439999999999897e-02 1.990679999999999880e-02
1.254973858999999914e+00 1.977252399999999966e-02 4.198750000000000008e-04 1.000000000000000000e+00 1.980360000000000106e-02 1.988600000000000090e-02
1.255392183999999967e+00 1.974754999999999913e-02 4.197040000000000189e-04 1.000000000000000000e+00 1.978119999999999878e-02 1.986359999999999862e-02
1.255810647999999974e+00 1.971994700000000156e-02 4.195110000000000158e-04 1.000000000000000000e+00 1.975690000000000085e-02 1.983930000000000068e-02
1.256229252000000018e+00 1.968896499999999924e-02 4.192910000000000213e-04 1.000000000000000000e+00 1.973010000000000042e-02 1.981259999999999966e-02
1.256647995000000018e+00 1.965368099999999923e-02 4.190360000000000178e-04 1.000000000000000000e+00 1.970020000000000104e-02 1.978260000000000088e-02
1.257066876999999971e+00 1.961310299999999979e-02 4.187379999999999878e-04 1.000000000000000000e+00 1.966619999999999827e-02 1.974860000000000157e-02
1.257485900000000045e+00 1.956625500000000115e-02 4.183869999999999907e-04 1.000000000000000000e+00 1.962720000000000090e-02 1.970950000000000132e-02
1.257905062000000074e+00 1.951234199999999849e-02 4.179729999999999774e-04 1.000000000000000000e+00 1.958230000000000040e-02 1.966460000000000083e-02
1.258324363000000057e+00 1.945086899999999910e-02 4.174900000000000160e-04 1.000000000000000000e+00 1.953080000000000094e-02 1.961289999999999908e-02
1.258743804999999938e+00 1.938177799999999881e-02 4.169320000000000122e-04 1.000000000000000000e+00 1.947209999999999913e-02 1.955410000000000134e-02
1.259163385999999996e+00 1.930548099999999934e-02 4.162959999999999729e-04 1.000000000000000000e+00 1.940609999999999905e-02 1.948789999999999897e-02
1.259583107000000091e+00 1.922286900000000007e-02 4.155860000000000153e-04 1.000000000000000000e+00 1.933309999999999890e-02 1.941479999999999942e-02
1.260002968000000001e+00 1.913520100000000099e-02 4.148080000000000170e-04 1.000000000000000000e+00 1.925369999999999859e-02 1.933529999999999971e-02
1.260422968999999949e+00 1.904401699999999989e-02 4.139720000000000270e-04 1.000000000000000000e+00 1.916920000000000082e-02 1.925050000000000025e-02
1.260843109999999934e+00 1.895104400000000022e-02 4.130909999999999790e-04 1.000000000000000000e+00 1.908079999999999846e-02 1.916189999999999907e-02
1.261263390999999956e+00 1.885812300000000094e-02 4.121840000000000096e-04 1.000000000000000000e+00 1.899009999999999934e-02 1.907089999999999827e-02
1.261683812000000016e+00 1.876721699999999923e-02 4.112659999999999753e-04 1.000000000000000000e+00 1.889880000000000032e-02 1.897930000000000103e-02
1.262104373999999973e+00 1.868038699999999969e-02 4.103590000000000059e-04 1.000000000000000000e+00 1.880870000000000111e-02 1.888899999999999954e-02
1.262525075000000108e+00 1.859966000000000050e-02 4.094839999999999982e-04 1.000000000000000000e+00 1.872189999999999965e-02 1.880189999999999986e-02
1.262945916999999918e+00 1.852668899999999896e-02 4.086629999999999733e-04 1.000000000000000000e+00 1.864019999999999913e-02 1.872000000000000053e-02
1.263366898999999988e+00 1.846218399999999954e-02 4.079120000000000207e-04 1.000000000000000000e+00 1.856520000000000045e-02 1.864479999999999957e-02
1.263788021000000095e+00 1.840524699999999958e-02 4.072400000000000108e-04 1.000000000000000000e+00 1.849759999999999946e-02 1.857699999999999976e-02
1.264209284000000100e+00 1.835282499999999969e-02 4.066399999999999963e-04 1.000000000000000000e+00 1.843670000000000031e-02 1.851600000000000121e-02
1.264630686999999920e+00 1.829966800000000157e-02 4.060870000000000170e-04 1.000000000000000000e+00 1.838019999999999932e-02 1.845930000000000140e-02
1.265052230000000000e+00 1.823908700000000105e-02 4.055320000000000062e-04 1.000000000000000000e+00 1.832359999999999892e-02 1.840260000000000160e-02
1.265473913999999978e+00 1.816464900000000146e-02 4.049149999999999950e-04 1.000000000000000000e+00 1.826140000000000055e-02 1.834039999999999976e-02
1.265895739000000075e+00 1.807261599999999968e-02 4.041769999999999760e-04 1.000000000000000000e+00 1.818840000000000040e-02 1.826710000000000139e-02
1.266317703999999988e+00 1.796442999999999998e-02 4.032819999999999786e-04 1.000000000000000000e+00 1.810120000000000132e-02 1.817960000000000062e-02
1.266739810000000022e+00 1.784836899999999935e-02 4.022399999999999977e-04 1.000000000000000000e+00 1.800070000000000142e-02 1.807889999999999844e-02
1.267162056999999953e+00 1.773939399999999861e-02 4.011209999999999971e-04 1.000000000000000000e+00 1.789359999999999909e-02 1.797150000000000136e-02
1.267584443999999921e+00 1.765672700000000053e-02 4.000580000000000108e-04 1.000000000000000000e+00 1.779189999999999938e-02 1.786940000000000056e-02
1.268006972000000010e+00 1.761950899999999848e-02 3.992269999999999912e-04 1.000000000000000000e+00 1.771139999999999867e-02 1.778870000000000104e-02
1.268429640999999997e+00 1.764172699999999941e-02 3.988129999999999778e-04 1.000000000000000000e+00 1.766840000000000077e-02 1.774569999999999967e-02
1.268852451000000103e+00 1.772809399999999980e-02 3.989579999999999841e-04 1.000000000000000000e+00 1.767569999999999905e-02 1.775320000000000023e-02
1.269275402000000108e+00 1.787240299999999851e-02 3.997250000000000260e-04 1.000000000000000000e+00 1.773900000000000129e-02 1.781690000000000010e-02
1.269698494000000011e+00 1.805895700000000048e-02 4.010789999999999863e-04 1.000000000000000000e+00 1.785530000000000103e-02 1.793389999999999915e-02
1.270121727000000034e+00 1.826658100000000048e-02 4.028910000000000022e-04 1.000000000000000000e+00 1.801360000000000114e-02 1.809310000000000085e-02
1.270545100000000094e+00 1.847376400000000016e-02 4.049759999999999797e-04 1.000000000000000000e+00 1.819739999999999899e-02 1.827789999999999970e-02
1.270968615999999995e+00 1.866320700000000110e-02 4.071340000000000224e-04 1.000000000000000000e+00 1.838880000000000028e-02 1.847019999999999912e-02
1.271392271999999934e+00 1.882450600000000127e-02 4.091899999999999769e-04 1.000000000000000000e+00 1.857179999999999942e-02 1.865409999999999985e-02
1.271816068999999993e+00 1.895453700000000047e-02 4.110270000000000069e-04 1.000000000000000000e+00 1.873539999999999928e-02 1.881860000000000130e-02
1.272240008000000033e+00 1.905596999999999847e-02 4.125889999999999896e-04 1.000000000000000000e+00 1.887410000000000129e-02 1.895799999999999916e-02
1.272664087999999971e+00 1.913483900000000071e-02 4.138759999999999791e-04 1.000000000000000000e+00 1.898760000000000031e-02 1.907220000000000096e-02
1.273088309000000029e+00 1.919813500000000159e-02 4.149240000000000003e-04 1.000000000000000000e+00 1.907920000000000102e-02 1.916429999999999870e-02
1.273512672000000068e+00 1.925204999999999972e-02 4.157879999999999974e-04 1.000000000000000000e+00 1.915369999999999920e-02 1.923930000000000085e-02
1.273937176000000004e+00 1.930112200000000042e-02 4.165260000000000165e-04 1.000000000000000000e+00 1.921629999999999866e-02 1.930240000000000081e-02
1.274361821999999922e+00 1.934814699999999957e-02 4.171830000000000069e-04 1.000000000000000000e+00 1.927140000000000103e-02 1.935790000000000080e-02
1.274786608999999959e+00 1.939454599999999862e-02 4.177949999999999936e-04 1.000000000000000000e+00 1.932220000000000118e-02 1.940899999999999917e-02
1.275211537999999978e+00 1.944088799999999992e-02 4.183820000000000204e-04 1.000000000000000000e+00 1.937070000000000111e-02 1.945799999999999960e-02
1.275636608999999977e+00 1.948731800000000000e-02 4.189579999999999823e-04 1.000000000000000000e+00 1.941810000000000064e-02 1.950580000000000022e-02
1.276061821000000096e+00 1.953379599999999910e-02 4.195280000000000124e-04 1.000000000000000000e+00 1.946509999999999907e-02 1.955319999999999975e-02
1.276487174999999974e+00 1.958016400000000060e-02 4.200949999999999953e-04 1.000000000000000000e+00 1.951189999999999869e-02 1.960040000000000046e-02
1.276912669999999972e+00 1.962611900000000090e-02 4.206570000000000079e-04 1.000000000000000000e+00 1.955840000000000009e-02 1.964729999999999949e-02
1.277338308000000033e+00 1.967119700000000138e-02 4.212129999999999802e-04 1.000000000000000000e+00 1.960459999999999980e-02 1.969380000000000089e-02
1.277764086999999993e+00 1.971481500000000012e-02 4.217579999999999962e-04 1.000000000000000000e+00 1.964990000000000139e-02 1.973950000000000010e-02
1.278190009000000016e+00 1.975638000000000047e-02 4.222890000000000085e-04 1.000000000000000000e+00 1.969380000000000089e-02 1.978380000000000069e-02
1.278616071999999937e+00 1.979539799999999877e-02 4.227990000000000155e-04 1.000000000000000000e+00 1.973590000000000066e-02 1.982619999999999869e-02
1.279042277999999921e+00 1.983156700000000133e-02 4.232840000000000083e-04 1.000000000000000000e+00 1.977570000000000022e-02 1.986629999999999993e-02
1.279468625000000026e+00 1.986479099999999970e-02 4.237420000000000097e-04 1.000000000000000000e+00 1.981269999999999906e-02 1.990369999999999986e-02
1.279895113999999889e+00 1.989513600000000076e-02 4.241720000000000039e-04 1.000000000000000000e+00 1.984700000000000006e-02 1.993829999999999908e-02
1.280321746000000038e+00 1.992274900000000001e-02 4.245729999999999752e-04 1.000000000000000000e+00 1.987850000000000034e-02 1.997010000000000104e-02
1.280748519999999946e+00 1.994779500000000080e-02 4.249459999999999934e-04 1.000000000000000000e+00 1.990729999999999930e-02 1.999920000000000170e-02
1.281175436000000056e+00 1.997041899999999967e-02 4.252929999999999818e-04 1.000000000000000000e+00 1.993349999999999983e-02 2.002570000000000044e-02
1.281602495000000008e+00 1.999074500000000074e-02 4.256129999999999788e-04 1.000000000000000000e+00 1.995740000000000014e-02 2.004979999999999957e-02
1.282029695999999941e+00 2.000889600000000171e-02 4.259080000000000157e-04 1.000000000000000000e+00 1.997890000000000083e-02 2.007159999999999847e-02
1.282457039000000076e+00 2.002501400000000070e-02 4.261790000000000001e-04 1.000000000000000000e+00 1.999830000000000010e-02 2.009120000000000003e-02
1.282884523999999971e+00 2.003926199999999866e-02 4.264280000000000175e-04 1.000000000000000000e+00 2.001549999999999857e-02 2.010870000000000019e-02
1.283312153000000011e+00 2.005181699999999956e-02 4.266550000000000138e-04 1.000000000000000000e+00 2.003090000000000079e-02 2.012430000000000122e-02
1.283739922999999949e+00 2.006284100000000140e-02 4.268629999999999820e-04 1.000000000000000000e+00 2.004449999999999982e-02 2.013799999999999965e-02
1.284167837000000034e+00 2.007246099999999978e-02 4.270529999999999921e-04 1.000000000000000000e+00 2.005639999999999853e-02 2.015020000000000006e-02
1.284595893000000100e+00 2.008074899999999843e-02 4.272270000000000212e-04 1.000000000000000000e+00 2.006689999999999863e-02 2.016089999999999896e-02
1.285024090999999924e+00 2.008773399999999945e-02 4.273850000000000153e-04 1.000000000000000000e+00 2.007600000000000010e-02 2.017009999999999983e-02
1.285452432999999894e+00 2.009343599999999924e-02 4.275279999999999901e-04 1.000000000000000000e+00 2.008379999999999888e-02 2.017800000000000149e-02
1.285880917000000068e+00 2.009790700000000166e-02 4.276570000000000154e-04 1.000000000000000000e+00 2.009019999999999903e-02 2.018460000000000046e-02
1.286309544000000082e+00 2.010127899999999967e-02 4.277719999999999830e-04 1.000000000000000000e+00 2.009529999999999997e-02 2.018980000000000080e-02
1.286738313999999939e+00 2.010377600000000028e-02 4.278759999999999942e-04 1.000000000000000000e+00 2.009930000000000050e-02 2.019390000000000074e-02
1.287167225999999998e+00 2.010570000000000065e-02 4.279700000000000106e-04 1.000000000000000000e+00 2.010230000000000003e-02 2.019699999999999968e-02
1.287596281999999981e+00 2.010737900000000161e-02 4.280590000000000024e-04 1.000000000000000000e+00 2.010450000000000084e-02 2.019939999999999930e-02
1.288025481000000028e+00 2.010909099999999908e-02 4.281450000000000013e-04 1.000000000000000000e+00 2.010639999999999997e-02 2.020140000000000130e-02
1.288454822999999916e+00 2.011100899999999914e-02 4.282320000000000158e-04 1.000000000000000000e+00 2.010810000000000028e-02 2.020339999999999983e-02
1.288884308000000090e+00 2.011317300000000155e-02 4.283199999999999920e-04 1.000000000000000000e+00 2.010999999999999940e-02 2.020539999999999836e-02
1.289313936000000105e+00 2.011550599999999828e-02 4.284099999999999996e-04 1.000000000000000000e+00 2.011210000000000081e-02 2.020769999999999858e-02
1.289743706999999961e+00 2.011786600000000161e-02 4.285019999999999845e-04 1.000000000000000000e+00 2.011430000000000162e-02 2.021010000000000167e-02
1.290173621999999964e+00 2.012010200000000082e-02 4.285940000000000236e-04 1.000000000000000000e+00 2.011659999999999837e-02 2.021260000000000071e-02
1.290603678999999948e+00 2.012208999999999873e-02 4.286849999999999927e-04 1.000000000000000000e+00 2.011879999999999918e-02 2.021490000000000092e-02
1.291033880999999939e+00 2.012372600000000150e-02 4.287739999999999846e-04 1.000000000000000000e+00 2.012080000000000118e-02 2.021709999999999827e-02
1.291464224999999910e+00 2.012489699999999923e-02 4.288599999999999834e-04 1.000000000000000000e+00 2.012239999999999862e-02 2.021890000000000145e-02
1.291894713000000028e+00 2.012543500000000055e-02 4.289419999999999735e-04 1.000000000000000000e+00 2.012359999999999843e-02 2.022020000000000067e-02
1.292325345000000070e+00 2.012511100000000108e-02 4.290200000000000090e-04 1.000000000000000000e+00 2.012409999999999893e-02 2.022089999999999999e-02
1.292756119999999953e+00 2.012367300000000164e-02 4.290900000000000269e-04 1.000000000000000000e+00 2.012380000000000072e-02 2.022080000000000058e-02
1.293187038999999983e+00 2.012091499999999963e-02 4.291510000000000116e-04 1.000000000000000000e+00 2.012260000000000090e-02 2.021979999999999958e-02
1.293618101000000076e+00 2.011677099999999857e-02 4.292000000000000242e-04 1.000000000000000000e+00 2.012030000000000068e-02 2.021770000000000164e-02
1.294049307000000093e+00 2.011137600000000025e-02 4.292340000000000174e-04 1.000000000000000000e+00 2.011690000000000006e-02 2.021449999999999983e-02
1.294480657000000035e+00 2.010506899999999972e-02 4.292550000000000228e-04 1.000000000000000000e+00 2.011239999999999903e-02 2.021010000000000167e-02
1.294912150999999900e+00 2.009832699999999917e-02 4.292640000000000019e-04 1.000000000000000000e+00 2.010699999999999987e-02 2.020490000000000133e-02
1.295343788000000051e+00 2.009165300000000098e-02 4.292640000000000019e-04 1.000000000000000000e+00 2.010110000000000022e-02 2.019910000000000108e-02
1.295775568999999905e+00 2.008543000000000134e-02 4.292620000000000246e-04 1.000000000000000000e+00 2.009510000000000116e-02 2.019309999999999855e-02
1.296207493999999905e+00 2.007981099999999949e-02 4.292589999999999774e-04 1.000000000000000000e+00 2.008920000000000150e-02 2.018719999999999890e-02
1.296639563999999911e+00 2.007466000000000111e-02 4.292599999999999931e-04 1.000000000000000000e+00 2.008350000000000066e-02 2.018160000000000093e-02
1.297071776999999981e+00 2.006958799999999932e-02 4.292640000000000019e-04 1.000000000000000000e+00 2.007810000000000150e-02 2.017630000000000118e-02
1.297504133999999976e+00 2.006409799999999896e-02 4.292699999999999880e-04 1.000000000000000000e+00 2.007269999999999888e-02 2.017100000000000143e-02
1.297936634999999894e+00 2.005775099999999866e-02 4.292729999999999810e-04 1.000000000000000000e+00 2.006700000000000150e-02 2.016530000000000059e-02
1.298369281000000042e+00 2.005033900000000036e-02 4.292690000000000264e-04 1.000000000000000000e+00 2.006060000000000135e-02 2.015899999999999984e-02
1.298802070999999891e+00 2.004192299999999968e-02 4.292580000000000159e-04 1.000000000000000000e+00 2.005339999999999900e-02 2.015190000000000037e-02
1.299235005000000109e+00 2.003274700000000005e-02 4.292380000000000262e-04 1.000000000000000000e+00 2.004529999999999854e-02 2.014399999999999871e-02
1.299668083000000030e+00 2.002303299999999911e-02 4.292100000000000190e-04 1.000000000000000000e+00 2.003660000000000163e-02 2.013529999999999834e-02
1.300101305999999957e+00 2.001275500000000013e-02 4.291760000000000258e-04 1.000000000000000000e+00 2.002719999999999848e-02 2.012600000000000153e-02
1.300534673000000030e+00 2.000153899999999874e-02 4.291349999999999765e-04 1.000000000000000000e+00 2.001709999999999948e-02 2.011599999999999847e-02
1.300968184000000027e+00 1.998875300000000146e-02 4.290830000000000252e-04 1.000000000000000000e+00 2.000599999999999948e-02 2.010500000000000134e-02
1.301401840000000032e+00 1.997379499999999905e-02 4.290170000000000160e-04 1.000000000000000000e+00 1.999350000000000085e-02 2.009259999999999866e-02
1.301835641000000043e+00 1.995641500000000165e-02 4.289310000000000171e-04 1.000000000000000000e+00 1.997909999999999964e-02 2.007820000000000091e-02
1.302269585999999979e+00 1.993694400000000158e-02 4.288229999999999971e-04 1.000000000000000000e+00 1.996250000000000108e-02 2.006169999999999828e-02
1.302703675999999922e+00 1.991626399999999950e-02 4.286960000000000033e-04 1.000000000000000000e+00 1.994409999999999933e-02 2.004339999999999941e-02
1.303137911000000093e+00 1.989553599999999839e-02 4.285560000000000216e-04 1.000000000000000000e+00 1.992450000000000124e-02 2.002380000000000132e-02
1.303572289999999967e+00 1.987579999999999902e-02 4.284119999999999769e-04 1.000000000000000000e+00 1.990460000000000146e-02 2.000400000000000095e-02
1.304006814000000070e+00 1.985765399999999889e-02 4.282719999999999951e-04 1.000000000000000000e+00 1.988530000000000159e-02 1.998470000000000107e-02
1.304441482999999957e+00 1.984114400000000153e-02 4.281439999999999855e-04 1.000000000000000000e+00 1.986709999999999865e-02 1.996650000000000161e-02
1.304876297000000074e+00 1.982591400000000004e-02 4.280269999999999865e-04 1.000000000000000000e+00 1.985030000000000128e-02 1.994970000000000077e-02
1.305311255999999975e+00 1.981150200000000167e-02 4.279220000000000137e-04 1.000000000000000000e+00 1.983460000000000084e-02 1.993400000000000033e-02
1.305746359000000023e+00 1.979757399999999834e-02 4.278230000000000271e-04 1.000000000000000000e+00 1.981979999999999853e-02 1.991920000000000149e-02
1.306181607999999938e+00 1.978401200000000013e-02 4.277300000000000264e-04 1.000000000000000000e+00 1.980569999999999900e-02 1.990499999999999908e-02
1.306617002000000083e+00 1.977083899999999839e-02 4.276409999999999803e-04 1.000000000000000000e+00 1.979200000000000056e-02 1.989130000000000065e-02
1.307052541000000012e+00 1.975807200000000152e-02 4.275559999999999972e-04 1.000000000000000000e+00 1.977860000000000035e-02 1.987790000000000043e-02
1.307488224999999948e+00 1.974564900000000053e-02 4.274750000000000229e-04 1.000000000000000000e+00 1.976560000000000122e-02 1.986490000000000131e-02
1.307924054999999974e+00 1.973346299999999970e-02 4.273980000000000032e-04 1.000000000000000000e+00 1.975290000000000032e-02 1.985220000000000040e-02
1.308360028999999924e+00 1.972141599999999856e-02 4.273249999999999922e-04 1.000000000000000000e+00 1.974040000000000170e-02 1.983959999999999890e-02
1.308796148999999964e+00 1.970941199999999907e-02 4.272549999999999742e-04 1.000000000000000000e+00 1.972789999999999960e-02 1.982719999999999969e-02
1.309232415000000094e+00 1.969716399999999965e-02 4.271880000000000035e-04 1.000000000000000000e+00 1.971550000000000039e-02 1.981489999999999987e-02
1.309668824999999925e+00 1.968396999999999855e-02 4.271200000000000170e-04 1.000000000000000000e+00 1.970279999999999948e-02 1.980219999999999897e-02
1.310105381999999929e+00 1.966864999999999933e-02 4.270449999999999745e-04 1.000000000000000000e+00 1.968920000000000045e-02 1.978869999999999935e-02
1.310542083999999941e+00 1.964980300000000041e-02 4.269510000000000124e-04 1.000000000000000000e+00 1.967369999999999883e-02 1.977340000000000000e-02
1.310978930999999958e+00 1.962643799999999952e-02 4.268270000000000115e-04 1.000000000000000000e+00 1.965539999999999995e-02 1.975520000000000054e-02
1.311415924000000066e+00 1.959870000000000015e-02 4.266609999999999999e-04 1.000000000000000000e+00 1.963339999999999877e-02 1.973329999999999876e-02
1.311853063000000041e+00 1.956837999999999980e-02 4.264550000000000090e-04 1.000000000000000000e+00 1.960790000000000102e-02 1.970780000000000101e-02
1.312290347000000024e+00 1.953877399999999834e-02 4.262229999999999882e-04 1.000000000000000000e+00 1.958029999999999840e-02 1.968009999999999898e-02
1.312727777000000096e+00 1.951388700000000059e-02 4.259910000000000216e-04 1.000000000000000000e+00 1.955290000000000153e-02 1.965269999999999864e-02
1.313165353000000035e+00 1.949720900000000146e-02 4.257940000000000097e-04 1.000000000000000000e+00 1.952910000000000063e-02 1.962890000000000121e-02
1.313603075000000064e+00 1.949046600000000143e-02 4.256630000000000071e-04 1.000000000000000000e+00 1.951160000000000047e-02 1.961140000000000105e-02
1.314040942000000101e+00 1.949289300000000072e-02 4.256169999999999875e-04 1.000000000000000000e+00 1.950210000000000138e-02 1.960189999999999849e-02
1.314478956000000087e+00 1.950125000000000122e-02 4.256549999999999895e-04 1.000000000000000000e+00 1.950040000000000107e-02 1.960009999999999877e-02
1.314917115999999941e+00 1.951058199999999854e-02 4.257519999999999989e-04 1.000000000000000000e+00 1.950409999999999991e-02 1.960390000000000049e-02
1.315355421000000025e+00 1.951540900000000092e-02 4.258689999999999980e-04 1.000000000000000000e+00 1.950959999999999847e-02 1.960949999999999846e-02
1.315793873000000058e+00 1.951103800000000138e-02 4.259579999999999898e-04 1.000000000000000000e+00 1.951229999999999978e-02 1.961229999999999918e-02
1.316232470999999959e+00 1.949457500000000010e-02 4.259749999999999865e-04 1.000000000000000000e+00 1.950819999999999985e-02 1.960829999999999865e-02
1.316671214999999950e+00 1.946551300000000026e-02 4.258880000000000261e-04 1.000000000000000000e+00 1.949450000000000141e-02 1.959460000000000021e-02
1.317110105999999892e+00 1.942579700000000159e-02 4.256870000000000055e-04 1.000000000000000000e+00 1.947000000000000119e-02 1.957010000000000000e-02
1.317549142000000062e+00 1.937939199999999876e-02 4.253810000000000121e-04 1.000000000000000000e+00 1.943589999999999901e-02 1.953589999999999841e-02
1.317988324999999961e+00 1.933147199999999885e-02 4.250020000000000078e-04 1.000000000000000000e+00 1.939499999999999905e-02 1.949489999999999904e-02
1.318427655000000032e+00 1.928736500000000076e-02 4.245939999999999805e-04 1.000000000000000000e+00 1.935140000000000124e-02 1.945109999999999895e-02
1.318867130999999970e+00 1.925148200000000032e-02 4.242049999999999814e-04 1.000000000000000000e+00 1.930959999999999968e-02 1.940920000000000145e-02
1.319306752999999999e+00 1.922647699999999876e-02 4.238779999999999827e-04 1.000000000000000000e+00 1.927359999999999837e-02 1.937320000000000014e-02
1.319746521999999977e+00 1.921287899999999868e-02 4.236450000000000003e-04 1.000000000000000000e+00 1.924630000000000091e-02 1.934579999999999980e-02
1.320186437999999907e+00 1.920932700000000173e-02 4.235150000000000134e-04 1.000000000000000000e+00 1.922859999999999847e-02 1.932820000000000024e-02
1.320626499999999925e+00 1.921333700000000047e-02 4.234859999999999905e-04 1.000000000000000000e+00 1.922019999999999978e-02 1.931980000000000156e-02
1.321066708999999895e+00 1.922228399999999920e-02 4.235390000000000118e-04 1.000000000000000000e+00 1.921950000000000047e-02 1.931920000000000165e-02
1.321507063999999954e+00 1.923424699999999946e-02 4.236530000000000178e-04 1.000000000000000000e+00 1.922460000000000141e-02 1.932439999999999852e-02
1.321947567000000046e+00 1.924833600000000131e-02 4.238119999999999735e-04 1.000000000000000000e+00 1.923369999999999941e-02 1.933359999999999940e-02
1.322388216000000005e+00 1.926436000000000121e-02 4.240019999999999835e-04 1.000000000000000000e+00 1.924589999999999981e-02 1.934589999999999921e-02
1.322829011999999915e+00 1.928201200000000115e-02 4.242189999999999850e-04 1.000000000000000000e+00 1.926040000000000044e-02 1.936059999999999864e-02
1.323269954999999998e+00 1.929990499999999914e-02 4.244539999999999988e-04 1.000000000000000000e+00 1.927670000000000078e-02 1.937710000000000127e-02
1.323711045000000031e+00 1.931495800000000013e-02 4.246920000000000057e-04 1.000000000000000000e+00 1.929319999999999993e-02 1.939369999999999983e-02
1.324152282000000014e+00 1.932246199999999858e-02 4.249020000000000054e-04 1.000000000000000000e+00 1.930710000000000065e-02 1.940779999999999936e-02
1.324593665999999947e+00 1.931683000000000011e-02 4.250410000000000256e-04 1.000000000000000000e+00 1.931460000000000121e-02 1.941539999999999933e-02
1.325035197000000053e+00 1.929286699999999827e-02 4.250570000000000064e-04 1.000000000000000000e+00 1.931079999999999949e-02 1.941160000000000108e-02
1.325476875000000110e+00 1.924712599999999982e-02 4.249009999999999896e-04 1.000000000000000000e+00 1.929130000000000081e-02 1.939199999999999952e-02
1.325918700999999977e+00 1.917881999999999920e-02 4.245359999999999889e-04 1.000000000000000000e+00 1.925260000000000166e-02 1.935320000000000096e-02
1.326360674000000017e+00 1.909011199999999936e-02 4.239460000000000233e-04 1.000000000000000000e+00 1.919370000000000104e-02 1.929399999999999865e-02
1.326802794000000008e+00 1.898556200000000097e-02 4.231430000000000109e-04 1.000000000000000000e+00 1.911559999999999995e-02 1.921540000000000054e-02
1.327245062000000031e+00 1.887099299999999910e-02 4.221609999999999989e-04 1.000000000000000000e+00 1.902150000000000021e-02 1.912089999999999970e-02
1.327687477000000005e+00 1.875222600000000031e-02 4.210479999999999843e-04 1.000000000000000000e+00 1.891610000000000166e-02 1.901479999999999837e-02
1.328130038999999929e+00 1.863398100000000085e-02 4.198560000000000269e-04 1.000000000000000000e+00 1.880429999999999949e-02 1.890230000000000035e-02
1.328572749000000108e+00 1.851954299999999942e-02 4.186330000000000151e-04 1.000000000000000000e+00 1.869049999999999878e-02 1.878770000000000093e-02
1.329015607000000099e+00 1.841110799999999895e-02 4.174189999999999823e-04 1.000000000000000000e+00 1.857810000000000017e-02 1.867459999999999953e-02
1.329458612000000040e+00 1.831067399999999901e-02 4.162449999999999831e-04 1.000000000000000000e+00 1.847000000000000031e-02 1.856580000000000036e-02
1.329901765000000013e+00 1.822091299999999831e-02 4.151390000000000245e-04 1.000000000000000000e+00 1.836870000000000169e-02 1.846369999999999956e-02
1.330345066000000021e+00 1.814555299999999829e-02 4.141339999999999757e-04 1.000000000000000000e+00 1.827710000000000098e-02 1.837139999999999954e-02
1.330788513999999978e+00 1.808894700000000105e-02 4.132720000000000100e-04 1.000000000000000000e+00 1.819859999999999881e-02 1.829230000000000092e-02
1.331232109999999969e+00 1.805489000000000052e-02 4.125959999999999914e-04 1.000000000000000000e+00 1.813709999999999975e-02 1.823030000000000136e-02
1.331675853999999992e+00 1.804522500000000154e-02 4.121449999999999918e-04 1.000000000000000000e+00 1.809600000000000097e-02 1.818880000000000149e-02
1.332119746000000049e+00 1.805873300000000042e-02 4.119409999999999782e-04 1.000000000000000000e+00 1.807709999999999873e-02 1.816950000000000162e-02
1.332563785999999917e+00 1.809078600000000106e-02 4.119789999999999802e-04 1.000000000000000000e+00 1.807970000000000063e-02 1.817190000000000125e-02
1.333007974000000040e+00 1.813402799999999995e-02 4.122190000000000186e-04 1.000000000000000000e+00 1.810029999999999972e-02 1.819240000000000093e-02
1.333452309999999974e+00 1.817976099999999914e-02 4.125989999999999844e-04 1.000000000000000000e+00 1.813309999999999922e-02 1.822520000000000043e-02
1.333896793999999941e+00 1.821976000000000151e-02 4.130380000000000119e-04 1.000000000000000000e+00 1.817090000000000025e-02 1.826300000000000145e-02
1.334341425999999942e+00 1.824795800000000162e-02 4.134580000000000113e-04 1.000000000000000000e+00 1.820630000000000165e-02 1.829860000000000167e-02
1.334786207000000058e+00 1.826151399999999952e-02 4.137939999999999891e-04 1.000000000000000000e+00 1.823380000000000140e-02 1.832610000000000142e-02
1.335231135999999985e+00 1.826100799999999871e-02 4.140130000000000221e-04 1.000000000000000000e+00 1.824980000000000005e-02 1.834229999999999888e-02
1.335676212999999946e+00 1.824969300000000086e-02 4.141069999999999842e-04 1.000000000000000000e+00 1.825389999999999999e-02 1.834650000000000170e-02
1.336121437999999939e+00 1.823208800000000046e-02 4.140959999999999737e-04 1.000000000000000000e+00 1.824780000000000152e-02 1.834049999999999916e-02
1.336566812000000048e+00 1.821237100000000150e-02 4.140149999999999993e-04 1.000000000000000000e+00 1.823479999999999893e-02 1.832750000000000004e-02
1.337012333999999969e+00 1.819328200000000159e-02 4.138990000000000160e-04 1.000000000000000000e+00 1.821810000000000096e-02 1.831100000000000089e-02
1.337458005000000005e+00 1.817575000000000093e-02 4.137759999999999767e-04 1.000000000000000000e+00 1.820050000000000140e-02 1.829350000000000073e-02
1.337903824000000075e+00 1.815938699999999906e-02 4.136570000000000004e-04 1.000000000000000000e+00 1.818320000000000006e-02 1.827629999999999880e-02
1.338349792000000038e+00 1.814325500000000049e-02 4.135440000000000101e-04 1.000000000000000000e+00 1.816660000000000150e-02 1.825970000000000024e-02
1.338795908999999895e+00 1.812636999999999929e-02 4.134310000000000198e-04 1.000000000000000000e+00 1.815019999999999828e-02 1.824339999999999989e-02
1.339242174000000007e+00 1.810752499999999932e-02 4.133089999999999963e-04 1.000000000000000000e+00 1.813340000000000091e-02 1.822669999999999846e-02
1.339688588000000014e+00 1.808421400000000123e-02 4.131620000000000128e-04 1.000000000000000000e+00 1.811480000000000035e-02 1.820799999999999849e-02
1.340135150999999913e+00 1.805150100000000105e-02 4.129620000000000079e-04 1.000000000000000000e+00 1.809169999999999875e-02 1.818499999999999978e-02
1.340581862999999929e+00 1.800150400000000150e-02 4.126579999999999918e-04 1.000000000000000000e+00 1.805980000000000085e-02 1.815289999999999959e-02
1.341028722999999978e+00 1.792423099999999880e-02 4.121740000000000148e-04 1.000000000000000000e+00 1.801190000000000083e-02 1.810480000000000075e-02
1.341475733000000004e+00 1.780985100000000154e-02 4.114139999999999746e-04 1.000000000000000000e+00 1.793959999999999999e-02 1.803230000000000111e-02
1.341922891000000062e+00 1.765161900000000034e-02 4.102819999999999861e-04 1.000000000000000000e+00 1.783459999999999906e-02 1.792670000000000027e-02
1.342370199000000097e+00 1.744804800000000072e-02 4.087049999999999841e-04 1.000000000000000000e+00 1.769050000000000136e-02 1.778199999999999920e-02
1.342817656000000026e+00 1.720334100000000047e-02 4.066520000000000226e-04 1.000000000000000000e+00 1.750509999999999913e-02 1.759580000000000172e-02
1.343265262000000071e+00 1.692561199999999960e-02 4.041389999999999739e-04 1.000000000000000000e+00 1.728060000000000013e-02 1.737030000000000171e-02
1.343713017000000010e+00 1.662355199999999977e-02 4.012209999999999995e-04 1.000000000000000000e+00 1.702259999999999884e-02 1.711100000000000121e-02
1.344160921000000064e+00 1.630321499999999937e-02 3.979640000000000000e-04 1.000000000000000000e+00 1.673730000000000009e-02 1.682449999999999918e-02
1.344608975000000095e+00 1.596652499999999877e-02 3.944199999999999811e-04 1.000000000000000000e+00 1.643019999999999897e-02 1.651590000000000003e-02
1.345057178000000020e+00 1.561223299999999967e-02 3.906089999999999866e-04 1.000000000000000000e+00 1.610359999999999916e-02 1.618779999999999872e-02
1.345505530000000061e+00 1.523892800000000054e-02 3.865289999999999850e-04 1.000000000000000000e+00 1.575819999999999999e-02 1.584079999999999863e-02
1.345954032000000078e+00 1.484846100000000030e-02 3.821750000000000060e-04 1.000000000000000000e+00 1.539410000000000084e-02 1.547489999999999977e-02
1.346402682999999989e+00 1.444772899999999943e-02 3.775650000000000078e-04 1.000000000000000000e+00 1.501390000000000016e-02 1.509279999999999997e-02
1.346851484000000099e+00 1.404762600000000056e-02 3.727630000000000223e-04 1.000000000000000000e+00 1.462309999999999999e-02 1.470010000000000067e-02
1.347300434999999963e+00 1.365960400000000054e-02 3.678719999999999907e-04 1.000000000000000000e+00 1.423070000000000064e-02 1.430569999999999932e-02
1.347749534999999943e+00 1.329115999999999978e-02 3.630059999999999732e-04 1.000000000000000000e+00 1.384559999999999957e-02 1.391870000000000086e-02
1.348198784999999900e+00 1.294264200000000073e-02 3.582510000000000230e-04 1.000000000000000000e+00 1.347450000000000037e-02 1.354570000000000080e-02
1.348648183999999972e+00 1.260680299999999976e-02 3.536300000000000142e-04 1.000000000000000000e+00 1.311849999999999995e-02 1.318800000000000007e-02
1.349097734000000104e+00 1.227109699999999991e-02 3.490869999999999867e-04 1.000000000000000000e+00 1.277329999999999958e-02 1.284099999999999998e-02
1.349547432999999907e+00 1.192148799999999918e-02 3.445020000000000027e-04 1.000000000000000000e+00 1.242970000000000012e-02 1.249560000000000080e-02
1.349997281999999910e+00 1.154614399999999950e-02 3.397219999999999841e-04 1.000000000000000000e+00 1.207650000000000043e-02 1.214059999999999966e-02
1.350447281000000110e+00 1.113754999999999953e-02 3.345929999999999998e-04 1.000000000000000000e+00 1.170350000000000036e-02 1.176570000000000046e-02
1.350897430000000066e+00 1.069317399999999973e-02 3.289920000000000106e-04 1.000000000000000000e+00 1.130309999999999995e-02 1.136320000000000038e-02
1.351347728999999998e+00 1.021520199999999962e-02 3.228390000000000036e-04 1.000000000000000000e+00 1.087139999999999981e-02 1.092929999999999943e-02
1.351798178999999989e+00 9.710387900000000752e-03 3.161090000000000189e-04 1.000000000000000000e+00 1.040899999999999985e-02 1.046440000000000044e-02
1.352248778000000096e+00 9.190234400000000387e-03 3.088359999999999955e-04 1.000000000000000000e+00 9.920599999999999904e-03 9.973489999999999786e-03
1.352699528000000040e+00 8.670874500000000026e-03 3.011290000000000234e-04 1.000000000000000000e+00 9.415770000000000389e-03 9.466040000000000218e-03
1.353150427000000100e+00 8.171805699999999673e-03 2.931729999999999796e-04 1.000000000000000000e+00 8.908279999999999324e-03 8.955899999999999278e-03
1.353601478000000080e+00 7.712870800000000415e-03 2.852250000000000076e-04 1.000000000000000000e+00 8.415010000000000545e-03 8.460060000000000149e-03
1.354052677999999954e+00 7.309948999999999614e-03 2.775820000000000132e-04 1.000000000000000000e+00 7.953440000000000856e-03 7.996090000000000836e-03
1.354504029000000109e+00 6.970613599999999840e-03 2.705229999999999983e-04 1.000000000000000000e+00 7.538170000000000287e-03 7.578670000000000025e-03
1.354955530000000019e+00 6.691602500000000224e-03 2.642400000000000044e-04 1.000000000000000000e+00 7.177420000000000327e-03 7.216049999999999895e-03
1.355407181999999988e+00 6.459164600000000082e-03 2.587830000000000056e-04 1.000000000000000000e+00 6.870770000000000002e-03 6.907820000000000280e-03
1.355858985000000017e+00 6.252347600000000317e-03 2.540360000000000187e-04 1.000000000000000000e+00 6.609030000000000113e-03 6.644719999999999793e-03
1.356310938000000021e+00 6.048112300000000122e-03 2.497430000000000244e-04 1.000000000000000000e+00 6.376320000000000425e-03 6.410800000000000352e-03
1.356763041000000003e+00 5.826554200000000350e-03 2.455669999999999750e-04 1.000000000000000000e+00 6.153869999999999653e-03 6.187190000000000398e-03
1.357215295999999904e+00 5.574654099999999668e-03 2.411720000000000010e-04 1.000000000000000000e+00 5.924070000000000030e-03 5.956180000000000155e-03
1.357667701000000005e+00 5.288012199999999989e-03 2.362879999999999983e-04 1.000000000000000000e+00 5.673880000000000069e-03 5.704660000000000286e-03
1.358120256999999942e+00 4.970711099999999653e-03 2.307529999999999911e-04 1.000000000000000000e+00 5.396910000000000422e-03 5.426219999999999828e-03
1.358572963000000078e+00 4.634126599999999901e-03 2.245349999999999907e-04 1.000000000000000000e+00 5.094030000000000259e-03 5.121709999999999804e-03
1.359025820999999912e+00 4.295367100000000056e-03 2.177439999999999942e-04 1.000000000000000000e+00 4.772949999999999762e-03 4.798919999999999922e-03
1.359478830000000027e+00 3.975347399999999871e-03 2.106259999999999990e-04 1.000000000000000000e+00 4.447210000000000052e-03 4.471440000000000137e-03
1.359931988999999897e+00 3.696338600000000172e-03 2.035550000000000120e-04 1.000000000000000000e+00 4.134500000000000154e-03 4.157049999999999808e-03
1.360385299999999908e+00 3.478598700000000085e-03 1.970049999999999883e-04 1.000000000000000000e+00 3.854390000000000073e-03 3.875449999999999902e-03
1.360838761999999980e+00 3.336482799999999829e-03 1.914859999999999891e-04 1.000000000000000000e+00 3.625370000000000155e-03 3.645219999999999797e-03
1.361292375000000110e+00 3.275187900000000023e-03 1.874439999999999895e-04 1.000000000000000000e+00 3.461510000000000108e-03 3.480490000000000146e-03
1.361746139000000078e+00 3.289196800000000146e-03 1.851509999999999896e-04 1.000000000000000000e+00 3.369539999999999862e-03 3.388040000000000149e-03
1.362200054000000105e+00 3.363539500000000196e-03 1.846200000000000044e-04 1.000000000000000000e+00 3.347450000000000078e-03 3.365860000000000032e-03
1.362654121000000051e+00 3.477393300000000166e-03 1.856100000000000068e-04 1.000000000000000000e+00 3.385009999999999929e-03 3.403660000000000192e-03
1.363108339000000058e+00 3.608706499999999890e-03 1.876939999999999956e-04 1.000000000000000000e+00 3.466180000000000129e-03 3.485300000000000203e-03
1.363562707999999901e+00 3.738139900000000005e-03 1.903829999999999965e-04 1.000000000000000000e+00 3.572539999999999917e-03 3.592280000000000213e-03
1.364017229000000109e+00 3.850988200000000135e-03 1.932190000000000079e-04 1.000000000000000000e+00 3.686449999999999970e-03 3.706839999999999875e-03
1.364471902000000014e+00 3.937358699999999982e-03 1.958390000000000066e-04 1.000000000000000000e+00 3.793019999999999812e-03 3.814029999999999938e-03
1.364926725999999979e+00 3.991452900000000241e-03 1.979820000000000028e-04 1.000000000000000000e+00 3.880989999999999961e-03 3.902510000000000093e-03
1.365381701000000003e+00 4.011284399999999646e-03 1.994859999999999938e-04 1.000000000000000000e+00 3.942850000000000348e-03 3.964739999999999584e-03
1.365836827999999947e+00 3.999233500000000212e-03 2.002779999999999957e-04 1.000000000000000000e+00 3.974980000000000353e-03 3.997070000000000137e-03
1.366292107000000033e+00 3.962740999999999660e-03 2.003840000000000113e-04 1.000000000000000000e+00 3.978100000000000039e-03 4.000240000000000393e-03
1.366747538000000040e+00 3.913878099999999575e-03 1.999310000000000074e-04 1.000000000000000000e+00 3.957569999999999664e-03 3.979619999999999685e-03
1.367203120000000105e+00 3.867442300000000117e-03 1.991419999999999985e-04 1.000000000000000000e+00 3.922959999999999642e-03 3.944839999999999805e-03
1.367658854999999951e+00 3.837676800000000207e-03 1.983040000000000041e-04 1.000000000000000000e+00 3.886399999999999924e-03 3.908110000000000230e-03
1.368114741000000079e+00 3.835391899999999934e-03 1.977120000000000071e-04 1.000000000000000000e+00 3.860279999999999788e-03 3.881869999999999939e-03
1.368570778999999904e+00 3.866857999999999927e-03 1.976170000000000021e-04 1.000000000000000000e+00 3.854960000000000157e-03 3.876549999999999874e-03
1.369026969999999954e+00 3.934854800000000055e-03 1.981949999999999955e-04 1.000000000000000000e+00 3.877719999999999865e-03 3.899469999999999933e-03
1.369483312000000064e+00 4.041229000000000349e-03 1.995509999999999873e-04 1.000000000000000000e+00 3.933250000000000114e-03 3.955349999999999838e-03
1.369939806000000093e+00 4.189054099999999815e-03 2.017540000000000067e-04 1.000000000000000000e+00 4.025110000000000146e-03 4.047750000000000133e-03
1.370396452999999903e+00 4.382844200000000391e-03 2.048650000000000113e-04 1.000000000000000000e+00 4.157019999999999986e-03 4.180429999999999736e-03
1.370853252000000078e+00 4.626531700000000372e-03 2.089349999999999910e-04 1.000000000000000000e+00 4.333039999999999808e-03 4.357490000000000321e-03
1.371310202999999950e+00 4.920233399999999688e-03 2.139820000000000123e-04 1.000000000000000000e+00 4.556319999999999988e-03 4.582059999999999779e-03
1.371767305999999964e+00 5.257448799999999908e-03 2.199369999999999917e-04 1.000000000000000000e+00 4.826760000000000252e-03 4.854070000000000260e-03
1.372224561999999981e+00 5.624287700000000188e-03 2.266199999999999953e-04 1.000000000000000000e+00 5.139079999999999863e-03 5.168210000000000338e-03
1.372681969999999918e+00 6.001170400000000252e-03 2.337410000000000106e-04 1.000000000000000000e+00 5.482060000000000405e-03 5.513170000000000397e-03
1.373139531000000080e+00 6.366491200000000232e-03 2.409450000000000047e-04 1.000000000000000000e+00 5.839600000000000346e-03 5.872800000000000069e-03
1.373597243999999939e+00 6.700607100000000385e-03 2.478709999999999854e-04 1.000000000000000000e+00 6.193259999999999911e-03 6.228530000000000351e-03
1.374055110000000024e+00 6.988738300000000084e-03 2.542099999999999937e-04 1.000000000000000000e+00 6.525239999999999860e-03 6.562450000000000054e-03
1.374513128000000028e+00 7.221760699999999616e-03 2.597319999999999859e-04 1.000000000000000000e+00 6.820780000000000245e-03 6.859729999999999647e-03
1.374971299000000036e+00 7.395032400000000304e-03 2.642960000000000188e-04 1.000000000000000000e+00 7.069210000000000250e-03 7.109650000000000344e-03
1.375429623000000046e+00 7.505899499999999641e-03 2.678259999999999799e-04 1.000000000000000000e+00 7.263529999999999813e-03 7.305139999999999897e-03
1.375888100000000058e+00 7.551240100000000330e-03 2.702739999999999808e-04 1.000000000000000000e+00 7.398860000000000159e-03 7.441299999999999651e-03
1.376346728999999991e+00 7.526192600000000330e-03 2.715910000000000091e-04 1.000000000000000000e+00 7.470730000000000079e-03 7.513650000000000190e-03
1.376805510999999926e+00 7.424578200000000322e-03 2.717010000000000063e-04 1.000000000000000000e+00 7.474060000000000252e-03 7.517059999999999888e-03
1.377264446000000087e+00 7.241068800000000083e-03 2.705089999999999947e-04 1.000000000000000000e+00 7.403350000000000382e-03 7.446000000000000361e-03
1.377723534000000027e+00 6.974291700000000323e-03 2.679159999999999875e-04 1.000000000000000000e+00 7.254090000000000364e-03 7.295939999999999891e-03
1.378182776000000054e+00 6.629669500000000097e-03 2.638559999999999755e-04 1.000000000000000000e+00 7.025080000000000387e-03 7.065659999999999649e-03
1.378642170000000000e+00 6.221058300000000332e-03 2.583390000000000079e-04 1.000000000000000000e+00 6.720630000000000007e-03 6.759499999999999884e-03
1.379101716999999949e+00 5.770614900000000172e-03 2.514840000000000066e-04 1.000000000000000000e+00 6.352100000000000281e-03 6.388900000000000308e-03
1.379561417999999984e+00 5.306806399999999986e-03 2.435390000000000005e-04 1.000000000000000000e+00 5.938030000000000391e-03 5.972479999999999629e-03
1.380021272000000021e+00 4.861140299999999574e-03 2.348899999999999957e-04 1.000000000000000000e+00 5.502840000000000162e-03 5.534830000000000132e-03
1.380481279000000061e+00 4.464456399999999596e-03 2.260479999999999879e-04 1.000000000000000000e+00 5.074460000000000255e-03 5.104009999999999971e-03
1.380941439000000104e+00 4.143603600000000248e-03 2.176129999999999916e-04 1.000000000000000000e+00 4.681300000000000218e-03 4.708620000000000166e-03
1.381401753000000010e+00 3.918835699999999658e-03 2.102279999999999937e-04 1.000000000000000000e+00 4.349289999999999580e-03 4.374740000000000226e-03
1.381862219999999919e+00 3.802384600000000003e-03 2.044980000000000062e-04 1.000000000000000000e+00 4.099420000000000321e-03 4.123469999999999740e-03
1.382322840999999913e+00 3.798050900000000171e-03 2.009109999999999878e-04 1.000000000000000000e+00 3.946039999999999617e-03 3.969249999999999688e-03
1.382783614999999910e+00 3.901644299999999788e-03 1.997520000000000079e-04 1.000000000000000000e+00 3.896059999999999801e-03 3.919040000000000371e-03
1.383244542999999993e+00 4.102187900000000068e-03 2.010539999999999897e-04 1.000000000000000000e+00 3.949000000000000253e-03 3.972340000000000419e-03
1.383705624999999939e+00 4.383605999999999961e-03 2.046059999999999990e-04 1.000000000000000000e+00 4.097720000000000008e-03 4.121999999999999796e-03
1.384166860000000110e+00 4.726757899999999707e-03 2.100120000000000079e-04 1.000000000000000000e+00 4.329719999999999576e-03 4.355430000000000412e-03
1.384628248999999922e+00 5.111797500000000126e-03 2.167790000000000060e-04 1.000000000000000000e+00 4.628929999999999850e-03 4.656470000000000227e-03
1.385089792000000042e+00 5.520596400000000147e-03 2.244109999999999898e-04 1.000000000000000000e+00 4.977780000000000225e-03 5.007450000000000095e-03
1.385551487999999942e+00 5.938688900000000000e-03 2.324740000000000107e-04 1.000000000000000000e+00 5.359349999999999704e-03 5.391360000000000423e-03
1.386013339000000011e+00 6.356337499999999835e-03 2.406370000000000069e-04 1.000000000000000000e+00 5.759239999999999672e-03 5.793689999999999778e-03
1.386475343000000082e+00 6.767821599999999591e-03 2.486780000000000067e-04 1.000000000000000000e+00 6.166490000000000166e-03 6.203430000000000229e-03
1.386937502000000100e+00 7.169016700000000082e-03 2.564630000000000143e-04 1.000000000000000000e+00 6.573319999999999684e-03 6.612749999999999705e-03
1.387399813999999898e+00 7.553767900000000167e-03 2.638970000000000248e-04 1.000000000000000000e+00 6.973359999999999628e-03 7.015239999999999844e-03
1.387862281000000086e+00 7.910570599999999786e-03 2.708739999999999954e-04 1.000000000000000000e+00 7.359019999999999971e-03 7.403250000000000108e-03
1.388324901000000056e+00 8.221317299999999356e-03 2.772319999999999776e-04 1.000000000000000000e+00 7.718949999999999596e-03 7.765379999999999679e-03
1.388787675999999971e+00 8.463174299999999192e-03 2.827379999999999889e-04 1.000000000000000000e+00 8.037000000000000741e-03 8.085379999999999651e-03
1.389250606000000055e+00 8.613529099999999578e-03 2.871120000000000117e-04 1.000000000000000000e+00 8.293510000000000465e-03 8.343480000000000341e-03
1.389713688999999919e+00 8.656110700000000518e-03 2.900779999999999830e-04 1.000000000000000000e+00 8.468830000000000108e-03 8.519890000000000449e-03
1.390176926999999951e+00 8.585853200000000129e-03 2.914300000000000202e-04 1.000000000000000000e+00 8.547829999999999318e-03 8.599410000000000040e-03
1.390640319000000069e+00 8.410494699999999935e-03 2.910799999999999846e-04 1.000000000000000000e+00 8.523869999999999364e-03 8.575350000000000680e-03
1.391103865999999911e+00 8.148296699999999990e-03 2.890769999999999972e-04 1.000000000000000000e+00 8.400430000000000397e-03 8.451230000000000547e-03
1.391567567000000061e+00 7.823468700000000761e-03 2.855980000000000259e-04 1.000000000000000000e+00 8.190180000000000030e-03 8.239760000000000487e-03
1.392031422999999934e+00 7.461782499999999874e-03 2.809140000000000009e-04 1.000000000000000000e+00 7.912050000000000333e-03 7.960010000000000002e-03
1.392495433999999976e+00 7.088622699999999957e-03 2.753489999999999822e-04 1.000000000000000000e+00 7.588310000000000020e-03 7.634369999999999698e-03
1.392959599000000104e+00 6.729994599999999765e-03 2.692770000000000038e-04 1.000000000000000000e+00 7.242829999999999581e-03 7.286869999999999979e-03
1.393423918999999955e+00 6.414793599999999568e-03 2.631309999999999986e-04 1.000000000000000000e+00 6.901230000000000385e-03 6.943259999999999710e-03
1.393888392999999892e+00 6.175442399999999873e-03 2.574370000000000087e-04 1.000000000000000000e+00 6.591739999999999579e-03 6.631960000000000112e-03
1.394353023000000080e+00 6.044198500000000362e-03 2.528079999999999824e-04 1.000000000000000000e+00 6.344879999999999791e-03 6.383670000000000143e-03
1.394817806999999910e+00 6.044750599999999981e-03 2.498770000000000201e-04 1.000000000000000000e+00 6.190150000000000166e-03 6.228080000000000421e-03
1.395282745999999907e+00 6.181880300000000376e-03 2.491309999999999835e-04 1.000000000000000000e+00 6.149479999999999703e-03 6.187240000000000101e-03
1.395747840999999934e+00 6.433639599999999882e-03 2.507160000000000031e-04 1.000000000000000000e+00 6.229319999999999996e-03 6.267649999999999610e-03
1.396213090000000046e+00 6.750951800000000100e-03 2.543050000000000258e-04 1.000000000000000000e+00 6.414579999999999588e-03 6.454119999999999822e-03
1.396678494000000104e+00 7.066628900000000019e-03 2.591199999999999992e-04 1.000000000000000000e+00 6.667860000000000280e-03 6.709030000000000375e-03
1.397144053999999969e+00 7.312378199999999655e-03 2.641200000000000123e-04 1.000000000000000000e+00 6.935890000000000111e-03 6.978769999999999592e-03
1.397609769000000002e+00 7.438419800000000207e-03 2.682790000000000110e-04 1.000000000000000000e+00 7.162149999999999940e-03 7.206480000000000351e-03
1.398075637999999898e+00 7.428921399999999925e-03 2.708380000000000249e-04 1.000000000000000000e+00 7.302130000000000426e-03 7.347369999999999769e-03
1.398541663999999907e+00 7.307183400000000217e-03 2.714910000000000066e-04 1.000000000000000000e+00 7.336089999999999972e-03 7.381580000000000433e-03
1.399007844000000000e+00 7.128195000000000364e-03 2.704399999999999925e-04 1.000000000000000000e+00 7.274690000000000323e-03 7.319860000000000082e-03
1.399474179999999901e+00 6.960991700000000379e-03 2.683389999999999799e-04 1.000000000000000000e+00 7.155260000000000092e-03 7.199750000000000420e-03
1.399940672000000053e+00 6.866581400000000210e-03 2.661060000000000031e-04 1.000000000000000000e+00 7.029569999999999742e-03 7.073340000000000009e-03
1.400407318000000068e+00 6.879341199999999823e-03 2.646519999999999862e-04 1.000000000000000000e+00 6.947430000000000098e-03 6.990770000000000317e-03
1.400874120999999972e+00 6.998185100000000117e-03 2.645929999999999788e-04 1.000000000000000000e+00 6.941580000000000146e-03 6.984970000000000068e-03
1.401341079000000045e+00 7.190133599999999799e-03 2.660590000000000220e-04 1.000000000000000000e+00 7.019039999999999828e-03 7.062999999999999834e-03
1.401808192999999925e+00 7.404293000000000159e-03 2.686930000000000243e-04 1.000000000000000000e+00 7.161449999999999760e-03 7.206390000000000018e-03
1.402275461999999973e+00 7.590407500000000141e-03 2.718390000000000107e-04 1.000000000000000000e+00 7.333749999999999991e-03 7.379840000000000358e-03
1.402742887000000049e+00 7.714777499999999656e-03 2.747940000000000257e-04 1.000000000000000000e+00 7.497229999999999693e-03 7.544419999999999599e-03
1.403210467999999933e+00 7.768290300000000280e-03 2.770439999999999990e-04 1.000000000000000000e+00 7.622180000000000101e-03 7.670210000000000222e-03
1.403678205000000068e+00 7.764629399999999591e-03 2.783770000000000081e-04 1.000000000000000000e+00 7.695460000000000321e-03 7.744009999999999956e-03
1.404146098000000009e+00 7.731003400000000317e-03 2.788770000000000203e-04 1.000000000000000000e+00 7.721330000000000207e-03 7.770100000000000270e-03
1.404614145999999897e+00 7.696388000000000187e-03 2.788399999999999798e-04 1.000000000000000000e+00 7.716370000000000173e-03 7.765170000000000058e-03
1.405082350999999896e+00 7.682109700000000138e-03 2.786290000000000186e-04 1.000000000000000000e+00 7.701539999999999775e-03 7.750299999999999898e-03
1.405550711999999924e+00 7.698014300000000087e-03 2.785609999999999779e-04 1.000000000000000000e+00 7.694939999999999940e-03 7.743710000000000003e-03
1.406019228999999982e+00 7.744298200000000222e-03 2.788320000000000165e-04 1.000000000000000000e+00 7.707789999999999954e-03 7.756709999999999994e-03
1.406487902000000068e+00 7.816863699999999221e-03 2.795179999999999757e-04 1.000000000000000000e+00 7.744459999999999886e-03 7.793679999999999879e-03
1.406956730999999960e+00 7.912996999999999739e-03 2.806220000000000112e-04 1.000000000000000000e+00 7.805290000000000318e-03 7.854959999999999373e-03
1.407425716999999965e+00 8.034779599999999911e-03 2.821400000000000058e-04 1.000000000000000000e+00 7.890289999999999457e-03 7.940579999999999167e-03
1.407894858999999999e+00 8.188993999999999787e-03 2.841070000000000227e-04 1.000000000000000000e+00 8.001889999999999351e-03 8.052959999999999632e-03
1.408364157000000061e+00 8.383753000000000732e-03 2.866020000000000048e-04 1.000000000000000000e+00 8.145160000000000247e-03 8.197229999999999794e-03
1.408833612000000013e+00 8.623405699999999591e-03 2.897089999999999735e-04 1.000000000000000000e+00 8.325940000000000424e-03 8.379249999999999546e-03
1.409303222999999994e+00 8.903702899999999323e-03 2.934589999999999833e-04 1.000000000000000000e+00 8.547159999999999827e-03 8.601980000000000390e-03
1.409772991000000086e+00 9.209438000000000346e-03 2.977699999999999900e-04 1.000000000000000000e+00 8.805290000000000339e-03 8.861849999999999242e-03
1.410242914999999986e+00 9.515795599999999840e-03 3.024260000000000078e-04 1.000000000000000000e+00 9.088310000000000485e-03 9.146780000000000188e-03
1.410712995999999997e+00 9.793586099999999559e-03 3.070959999999999749e-04 1.000000000000000000e+00 9.376390000000000072e-03 9.436790000000000456e-03
1.411183233999999898e+00 1.001716199999999959e-02 3.114039999999999885e-04 1.000000000000000000e+00 9.645670000000000285e-03 9.707900000000000210e-03
1.411653628000000049e+00 1.017261300000000049e-02 3.150259999999999888e-04 1.000000000000000000e+00 9.874269999999999228e-03 9.938050000000000356e-03
1.412124179000000090e+00 1.026314400000000009e-02 3.177769999999999900e-04 1.000000000000000000e+00 1.004870000000000069e-02 1.011369999999999977e-02
1.412594887000000021e+00 1.030947699999999918e-02 3.196720000000000117e-04 1.000000000000000000e+00 1.016859999999999986e-02 1.023439999999999940e-02
1.413065752000000064e+00 1.034416200000000050e-02 3.209320000000000098e-04 1.000000000000000000e+00 1.024740000000000026e-02 1.031390000000000085e-02
1.413536773999999996e+00 1.040113800000000074e-02 3.219270000000000096e-04 1.000000000000000000e+00 1.030909999999999986e-02 1.037599999999999981e-02
1.414007953000000040e+00 1.050374500000000010e-02 3.230600000000000138e-04 1.000000000000000000e+00 1.038009999999999974e-02 1.044759999999999960e-02
1.414479288999999973e+00 1.065551200000000066e-02 3.246300000000000140e-04 1.000000000000000000e+00 1.048029999999999969e-02 1.054850000000000058e-02
1.414950782000000018e+00 1.083761500000000010e-02 3.267179999999999846e-04 1.000000000000000000e+00 1.061529999999999939e-02 1.068460000000000069e-02
1.415422431999999953e+00 1.101439199999999959e-02 3.291430000000000028e-04 1.000000000000000000e+00 1.077400000000000059e-02 1.084440000000000057e-02
1.415894240000000082e+00 1.114573299999999968e-02 3.315290000000000034e-04 1.000000000000000000e+00 1.093099999999999974e-02 1.100250000000000013e-02
1.416366205000000100e+00 1.120184599999999968e-02 3.334279999999999796e-04 1.000000000000000000e+00 1.105590000000000045e-02 1.112840000000000010e-02
1.416838327000000008e+00 1.117507600000000080e-02 3.344900000000000043e-04 1.000000000000000000e+00 1.112439999999999957e-02 1.119739999999999971e-02
1.417310606000000028e+00 1.108416599999999946e-02 3.345879999999999753e-04 1.000000000000000000e+00 1.112720000000000029e-02 1.120029999999999984e-02
1.417783043000000021e+00 1.096942899999999929e-02 3.338820000000000264e-04 1.000000000000000000e+00 1.107509999999999918e-02 1.114799999999999992e-02
1.418255636999999902e+00 1.088047099999999920e-02 3.327879999999999857e-04 1.000000000000000000e+00 1.099690000000000042e-02 1.106930000000000067e-02
1.418728388999999979e+00 1.086087799999999916e-02 3.318649999999999812e-04 1.000000000000000000e+00 1.093030000000000043e-02 1.100240000000000072e-02
1.419201299000000027e+00 1.093526899999999920e-02 3.316500000000000112e-04 1.000000000000000000e+00 1.091169999999999987e-02 1.098380000000000016e-02
1.419674365999999965e+00 1.110304500000000062e-02 3.324959999999999960e-04 1.000000000000000000e+00 1.096459999999999969e-02 1.103720000000000048e-02
1.420147591000000098e+00 1.134060599999999960e-02 3.344719999999999920e-04 1.000000000000000000e+00 1.109440000000000079e-02 1.116789999999999970e-02
1.420620972999999898e+00 1.161069200000000058e-02 3.373669999999999837e-04 1.000000000000000000e+00 1.128799999999999942e-02 1.136290000000000043e-02
1.421094512999999893e+00 1.187510100000000075e-02 3.407859999999999861e-04 1.000000000000000000e+00 1.151940000000000082e-02 1.159589999999999926e-02
1.421568211999999942e+00 1.210590700000000082e-02 3.442890000000000100e-04 1.000000000000000000e+00 1.175900000000000035e-02 1.183730000000000025e-02
1.422042068000000103e+00 1.229162900000000010e-02 3.475279999999999971e-04 1.000000000000000000e+00 1.198229999999999955e-02 1.206220000000000035e-02
1.422516082000000015e+00 1.243656400000000065e-02 3.503170000000000004e-04 1.000000000000000000e+00 1.217580000000000051e-02 1.225700000000000053e-02
1.422990253999999899e+00 1.255462400000000034e-02 3.526410000000000005e-04 1.000000000000000000e+00 1.233730000000000070e-02 1.241979999999999994e-02
1.423464583999999977e+00 1.266100000000000038e-02 3.546010000000000156e-04 1.000000000000000000e+00 1.247370000000000076e-02 1.255719999999999927e-02
1.423939072000000028e+00 1.276511299999999981e-02 3.563349999999999959e-04 1.000000000000000000e+00 1.259440000000000039e-02 1.267889999999999989e-02
1.424413718000000051e+00 1.286765299999999973e-02 3.579440000000000139e-04 1.000000000000000000e+00 1.270669999999999959e-02 1.279199999999999955e-02
1.424888522999999907e+00 1.296213000000000053e-02 3.594569999999999840e-04 1.000000000000000000e+00 1.281230000000000042e-02 1.289840000000000084e-02
1.425363485999999957e+00 1.303938099999999919e-02 3.608309999999999881e-04 1.000000000000000000e+00 1.290810000000000048e-02 1.299499999999999961e-02
1.425838606999999980e+00 1.309223999999999978e-02 3.619900000000000223e-04 1.000000000000000000e+00 1.298840000000000064e-02 1.307600000000000082e-02
1.426313887000000058e+00 1.311816600000000055e-02 3.628629999999999985e-04 1.000000000000000000e+00 1.304780000000000002e-02 1.313600000000000011e-02
1.426789324000000025e+00 1.311850799999999921e-02 3.634159999999999778e-04 1.000000000000000000e+00 1.308360000000000078e-02 1.317210000000000082e-02
1.427264920999999909e+00 1.309539300000000031e-02 3.636450000000000056e-04 1.000000000000000000e+00 1.309540000000000010e-02 1.318410000000000068e-02
1.427740675999999986e+00 1.304814399999999937e-02 3.635539999999999822e-04 1.000000000000000000e+00 1.308340000000000024e-02 1.317220000000000023e-02
1.428216589000000036e+00 1.297191600000000000e-02 3.631250000000000038e-04 1.000000000000000000e+00 1.304630000000000026e-02 1.313510000000000025e-02
1.428692662000000002e+00 1.285983700000000070e-02 3.623039999999999789e-04 1.000000000000000000e+00 1.298050000000000072e-02 1.306889999999999961e-02
1.429168892999999940e+00 1.270805199999999920e-02 3.610229999999999754e-04 1.000000000000000000e+00 1.288109999999999949e-02 1.296910000000000077e-02
1.429645282000000073e+00 1.252156500000000013e-02 3.592450000000000070e-04 1.000000000000000000e+00 1.274619999999999920e-02 1.283330000000000061e-02
1.430121830999999899e+00 1.231755000000000003e-02 3.570240000000000024e-04 1.000000000000000000e+00 1.258030000000000086e-02 1.266639999999999953e-02
1.430598537999999920e+00 1.212391099999999937e-02 3.545439999999999855e-04 1.000000000000000000e+00 1.239720000000000058e-02 1.248220000000000059e-02
1.431075403999999995e+00 1.197274800000000007e-02 3.521120000000000196e-04 1.000000000000000000e+00 1.221919999999999951e-02 1.230310000000000084e-02
1.431552428999999904e+00 1.189107200000000079e-02 3.500989999999999831e-04 1.000000000000000000e+00 1.207229999999999935e-02 1.215540000000000023e-02
1.432029613000000090e+00 1.189223799999999942e-02 3.488429999999999938e-04 1.000000000000000000e+00 1.197980000000000052e-02 1.206229999999999976e-02
1.432506956999999970e+00 1.197160700000000043e-02 3.485490000000000268e-04 1.000000000000000000e+00 1.195509999999999975e-02 1.203749999999999959e-02
1.432984459000000044e+00 1.210790599999999988e-02 3.492200000000000209e-04 1.000000000000000000e+00 1.199809999999999939e-02 1.208090000000000032e-02
1.433462119999999951e+00 1.226976400000000071e-02 3.506599999999999800e-04 1.000000000000000000e+00 1.209529999999999980e-02 1.217889999999999945e-02
1.433939940999999996e+00 1.242494100000000011e-02 3.525390000000000208e-04 1.000000000000000000e+00 1.222379999999999994e-02 1.230840000000000059e-02
1.434417921000000096e+00 1.254893299999999996e-02 3.544889999999999868e-04 1.000000000000000000e+00 1.235780000000000038e-02 1.244340000000000029e-02
1.434896060000000029e+00 1.263066799999999941e-02 3.562060000000000248e-04 1.000000000000000000e+00 1.247550000000000048e-02 1.256209999999999966e-02
1.435374359000000100e+00 1.267389900000000062e-02 3.575189999999999900e-04 1.000000000000000000e+00 1.256469999999999983e-02 1.265200000000000005e-02
1.435852817000000003e+00 1.269429000000000043e-02 3.584179999999999961e-04 1.000000000000000000e+00 1.262409999999999921e-02 1.271210000000000048e-02
1.436331435000000045e+00 1.271366699999999968e-02 3.590309999999999986e-04 1.000000000000000000e+00 1.266310000000000005e-02 1.275150000000000068e-02
1.436810211999999920e+00 1.275305499999999925e-02 3.595730000000000215e-04 1.000000000000000000e+00 1.269699999999999995e-02 1.278579999999999994e-02
1.437289148999999933e+00 1.282672699999999957e-02 3.602720000000000228e-04 1.000000000000000000e+00 1.274239999999999921e-02 1.283169999999999970e-02
1.437768245000000000e+00 1.293896599999999966e-02 3.613059999999999861e-04 1.000000000000000000e+00 1.281219999999999928e-02 1.290220000000000082e-02
1.438247500999999984e+00 1.308411100000000070e-02 3.627510000000000239e-04 1.000000000000000000e+00 1.291220000000000041e-02 1.300300000000000067e-02
1.438726917000000105e+00 1.324956899999999924e-02 3.645799999999999822e-04 1.000000000000000000e+00 1.304059999999999941e-02 1.313250000000000008e-02
1.439206492999999920e+00 1.342032999999999941e-02 3.666769999999999860e-04 1.000000000000000000e+00 1.318929999999999929e-02 1.328239999999999976e-02
1.439686228000000012e+00 1.358309000000000079e-02 3.688879999999999959e-04 1.000000000000000000e+00 1.334720000000000004e-02 1.344159999999999973e-02
1.440166123000000020e+00 1.372853299999999936e-02 3.710610000000000037e-04 1.000000000000000000e+00 1.350319999999999993e-02 1.359879999999999943e-02
1.440646179000000027e+00 1.385138500000000078e-02 3.730750000000000017e-04 1.000000000000000000e+00 1.364800000000000041e-02 1.374479999999999973e-02
1.441126394000000088e+00 1.394886000000000043e-02 3.748450000000000067e-04 1.000000000000000000e+00 1.377530000000000074e-02 1.387320000000000046e-02
1.441606769999999926e+00 1.401906699999999964e-02 3.763179999999999976e-04 1.000000000000000000e+00 1.388069999999999929e-02 1.397939999999999947e-02
1.442087305000000041e+00 1.406062400000000073e-02 3.774560000000000263e-04 1.000000000000000000e+00 1.396110000000000059e-02 1.406050000000000008e-02
1.442568000999999933e+00 1.407421600000000050e-02 3.782370000000000176e-04 1.000000000000000000e+00 1.401479999999999913e-02 1.411470000000000086e-02
1.443048856999999963e+00 1.406547399999999969e-02 3.786710000000000206e-04 1.000000000000000000e+00 1.404240000000000002e-02 1.414269999999999937e-02
1.443529872999999908e+00 1.404716800000000050e-02 3.788260000000000217e-04 1.000000000000000000e+00 1.404889999999999958e-02 1.414930000000000007e-02
1.444011050000000074e+00 1.403898100000000072e-02 3.788420000000000025e-04 1.000000000000000000e+00 1.404479999999999965e-02 1.414550000000000009e-02
1.444492386999999933e+00 1.406343799999999929e-02 3.789350000000000032e-04 1.000000000000000000e+00 1.404649999999999996e-02 1.414729999999999981e-02
1.444973883999999931e+00 1.413870799999999983e-02 3.793490000000000165e-04 1.000000000000000000e+00 1.407229999999999939e-02 1.417350000000000033e-02
1.445455541999999927e+00 1.427060900000000007e-02 3.802860000000000246e-04 1.000000000000000000e+00 1.413760000000000017e-02 1.423939999999999928e-02
1.445937360999999921e+00 1.444741199999999975e-02 3.818240000000000089e-04 1.000000000000000000e+00 1.424839999999999961e-02 1.435119999999999972e-02
1.446419340000000053e+00 1.464017400000000059e-02 3.838579999999999965e-04 1.000000000000000000e+00 1.439730000000000003e-02 1.450139999999999936e-02
1.446901479999999962e+00 1.480980800000000069e-02 3.861049999999999769e-04 1.000000000000000000e+00 1.456329999999999951e-02 1.466879999999999920e-02
1.447383780000000009e+00 1.491900300000000013e-02 3.881739999999999735e-04 1.000000000000000000e+00 1.471620000000000046e-02 1.482310000000000051e-02
1.447866241999999914e+00 1.494520799999999976e-02 3.896759999999999872e-04 1.000000000000000000e+00 1.482600000000000064e-02 1.493380000000000055e-02
1.448348863999999958e+00 1.488990599999999963e-02 3.903549999999999989e-04 1.000000000000000000e+00 1.487229999999999976e-02 1.498060000000000017e-02
1.448831647000000000e+00 1.478050300000000039e-02 3.901830000000000012e-04 1.000000000000000000e+00 1.485249999999999938e-02 1.496089999999999920e-02
1.449314591000000041e+00 1.466389199999999955e-02 3.893859999999999748e-04 1.000000000000000000e+00 1.478450000000000077e-02 1.489260000000000063e-02
1.449797694999999997e+00 1.459349499999999973e-02 3.884089999999999873e-04 1.000000000000000000e+00 1.470280000000000024e-02 1.481050000000000075e-02
1.450280961000000035e+00 1.461411699999999939e-02 3.877959999999999849e-04 1.000000000000000000e+00 1.464949999999999933e-02 1.475699999999999928e-02
1.450764388000000071e+00 1.474965699999999935e-02 3.880460000000000181e-04 1.000000000000000000e+00 1.466280000000000014e-02 1.477060000000000005e-02
1.451247976000000106e+00 1.499766500000000030e-02 3.894729999999999893e-04 1.000000000000000000e+00 1.476700000000000061e-02 1.487570000000000038e-02
1.451731726000000000e+00 1.533190400000000037e-02 3.921230000000000267e-04 1.000000000000000000e+00 1.496650000000000064e-02 1.507690000000000072e-02
1.452215636000000032e+00 1.571169500000000122e-02 3.957809999999999974e-04 1.000000000000000000e+00 1.524640000000000023e-02 1.535899999999999939e-02
1.452699707999999923e+00 1.609404999999999863e-02 4.000590000000000266e-04 1.000000000000000000e+00 1.557790000000000043e-02 1.569310000000000149e-02
1.453183941000000035e+00 1.644458000000000031e-02 4.045149999999999853e-04 1.000000000000000000e+00 1.592709999999999959e-02 1.604509999999999964e-02
1.453668336000000005e+00 1.674384400000000078e-02 4.087709999999999933e-04 1.000000000000000000e+00 1.626369999999999899e-02 1.638449999999999976e-02
1.454152891999999975e+00 1.698795900000000039e-02 4.125789999999999948e-04 1.000000000000000000e+00 1.656710000000000127e-02 1.669030000000000166e-02
1.454637610000000025e+00 1.718438300000000099e-02 4.158410000000000188e-04 1.000000000000000000e+00 1.682809999999999861e-02 1.695349999999999982e-02
1.455122489000000074e+00 1.734527599999999975e-02 4.185759999999999850e-04 1.000000000000000000e+00 1.704730000000000134e-02 1.717449999999999879e-02
1.455607529999999983e+00 1.748106400000000102e-02 4.208670000000000076e-04 1.000000000000000000e+00 1.723070000000000157e-02 1.735949999999999993e-02
1.456092731999999890e+00 1.759638399999999964e-02 4.228009999999999928e-04 1.000000000000000000e+00 1.738500000000000115e-02 1.751520000000000160e-02
1.456578096999999961e+00 1.768902600000000006e-02 4.244289999999999847e-04 1.000000000000000000e+00 1.751430000000000001e-02 1.764570000000000027e-02
1.457063623000000030e+00 1.775188399999999903e-02 4.257479999999999902e-04 1.000000000000000000e+00 1.761800000000000171e-02 1.775030000000000011e-02
1.457549310000000098e+00 1.777665700000000126e-02 4.267089999999999967e-04 1.000000000000000000e+00 1.769180000000000058e-02 1.782479999999999828e-02
1.458035160000000108e+00 1.775775599999999954e-02 4.272449999999999794e-04 1.000000000000000000e+00 1.772999999999999923e-02 1.786360000000000031e-02
1.458521171999999977e+00 1.769519799999999879e-02 4.273079999999999956e-04 1.000000000000000000e+00 1.772860000000000061e-02 1.786230000000000109e-02
1.459007345999999927e+00 1.759542399999999840e-02 4.268909999999999892e-04 1.000000000000000000e+00 1.768700000000000133e-02 1.782049999999999954e-02
1.459493681000000098e+00 1.746992699999999968e-02 4.260439999999999887e-04 1.000000000000000000e+00 1.760950000000000015e-02 1.774260000000000073e-02
1.459980178999999989e+00 1.733217800000000017e-02 4.248659999999999807e-04 1.000000000000000000e+00 1.750480000000000091e-02 1.763719999999999871e-02
1.460466838999999961e+00 1.719402500000000167e-02 4.234829999999999975e-04 1.000000000000000000e+00 1.738330000000000083e-02 1.751509999999999873e-02
1.460953662000000097e+00 1.706265100000000159e-02 4.220149999999999769e-04 1.000000000000000000e+00 1.725530000000000119e-02 1.738620000000000096e-02
1.461440646000000010e+00 1.693938899999999914e-02 4.205489999999999879e-04 1.000000000000000000e+00 1.712769999999999918e-02 1.725789999999999963e-02
1.461927793000000086e+00 1.682042799999999838e-02 4.191190000000000236e-04 1.000000000000000000e+00 1.700350000000000125e-02 1.713289999999999952e-02
1.462415102000000022e+00 1.669928500000000121e-02 4.177130000000000036e-04 1.000000000000000000e+00 1.688140000000000127e-02 1.701010000000000022e-02
1.462902573999999900e+00 1.657023800000000102e-02 4.162840000000000008e-04 1.000000000000000000e+00 1.675760000000000097e-02 1.688550000000000120e-02
1.463390208000000081e+00 1.643135500000000165e-02 4.147859999999999958e-04 1.000000000000000000e+00 1.662850000000000092e-02 1.675559999999999897e-02
1.463878004999999982e+00 1.628623100000000171e-02 4.131979999999999833e-04 1.000000000000000000e+00 1.649259999999999962e-02 1.661889999999999895e-02
1.464365963999999964e+00 1.614353600000000000e-02 4.115500000000000018e-04 1.000000000000000000e+00 1.635249999999999898e-02 1.647780000000000078e-02
1.464854086000000111e+00 1.601420099999999874e-02 4.099169999999999854e-04 1.000000000000000000e+00 1.621430000000000093e-02 1.633880000000000055e-02
1.465342370999999977e+00 1.590708100000000000e-02 4.083989999999999908e-04 1.000000000000000000e+00 1.608640000000000070e-02 1.620999999999999872e-02
1.465830819000000007e+00 1.582455500000000057e-02 4.070850000000000098e-04 1.000000000000000000e+00 1.597550000000000012e-02 1.609850000000000170e-02
1.466319428999999896e+00 1.576009899999999964e-02 4.060059999999999884e-04 1.000000000000000000e+00 1.588399999999999881e-02 1.600640000000000049e-02
1.466808201999999950e+00 1.569919300000000018e-02 4.051099999999999753e-04 1.000000000000000000e+00 1.580770000000000092e-02 1.592959999999999862e-02
1.467297137999999945e+00 1.562391900000000000e-02 4.042690000000000151e-04 1.000000000000000000e+00 1.573590000000000058e-02 1.585740000000000066e-02
1.467786237000000105e+00 1.551994699999999922e-02 4.033120000000000173e-04 1.000000000000000000e+00 1.565510000000000165e-02 1.577620000000000064e-02
1.468275498999999984e+00 1.538332799999999993e-02 4.020970000000000230e-04 1.000000000000000000e+00 1.555400000000000012e-02 1.567440000000000153e-02
1.468764924000000027e+00 1.522452300000000022e-02 4.005710000000000108e-04 1.000000000000000000e+00 1.542860000000000065e-02 1.554810000000000046e-02
1.469254513000000095e+00 1.506771800000000078e-02 3.988209999999999954e-04 1.000000000000000000e+00 1.528580000000000043e-02 1.540440000000000038e-02
1.469744264000000022e+00 1.494549199999999946e-02 3.970739999999999730e-04 1.000000000000000000e+00 1.514360000000000012e-02 1.526139999999999962e-02
1.470234178999999974e+00 1.489039200000000056e-02 3.956610000000000053e-04 1.000000000000000000e+00 1.502769999999999974e-02 1.514470000000000052e-02
1.470724257000000090e+00 1.492602200000000059e-02 3.949329999999999811e-04 1.000000000000000000e+00 1.496499999999999914e-02 1.508169999999999997e-02
1.471214497999999926e+00 1.506051100000000038e-02 3.951709999999999880e-04 1.000000000000000000e+00 1.497689999999999959e-02 1.509390000000000037e-02
1.471704903000000009e+00 1.528382900000000051e-02 3.965020000000000198e-04 1.000000000000000000e+00 1.507350000000000009e-02 1.519150000000000014e-02
1.472195471000000033e+00 1.556979799999999928e-02 3.988609999999999747e-04 1.000000000000000000e+00 1.525040000000000076e-02 1.536999999999999998e-02
1.472686203000000082e+00 1.588169799999999965e-02 4.019989999999999978e-04 1.000000000000000000e+00 1.548949999999999980e-02 1.561120000000000042e-02
1.473177098999999934e+00 1.618000600000000025e-02 4.055409999999999853e-04 1.000000000000000000e+00 1.576249999999999873e-02 1.588650000000000131e-02
1.473668157999999950e+00 1.643036000000000149e-02 4.090659999999999761e-04 1.000000000000000000e+00 1.603639999999999927e-02 1.616280000000000147e-02
1.474159379999999908e+00 1.660980199999999990e-02 4.121929999999999887e-04 1.000000000000000000e+00 1.628059999999999924e-02 1.640909999999999938e-02
1.474650766999999973e+00 1.670999100000000043e-02 4.146469999999999757e-04 1.000000000000000000e+00 1.647190000000000112e-02 1.660210000000000158e-02
1.475142316999999981e+00 1.673686500000000008e-02 4.162910000000000026e-04 1.000000000000000000e+00 1.659829999999999986e-02 1.672979999999999953e-02
1.475634031000000013e+00 1.670703700000000097e-02 4.171329999999999786e-04 1.000000000000000000e+00 1.665989999999999832e-02 1.679200000000000137e-02
1.476125909000000069e+00 1.664241500000000068e-02 4.172979999999999745e-04 1.000000000000000000e+00 1.666619999999999907e-02 1.679869999999999974e-02
1.476617950999999929e+00 1.656472999999999973e-02 4.169819999999999863e-04 1.000000000000000000e+00 1.663330000000000017e-02 1.676580000000000084e-02
1.477110157000000035e+00 1.649179599999999954e-02 4.164009999999999999e-04 1.000000000000000000e+00 1.657909999999999939e-02 1.671129999999999838e-02
1.477602526999999943e+00 1.643619400000000119e-02 4.157580000000000130e-04 1.000000000000000000e+00 1.651990000000000056e-02 1.665190000000000073e-02
1.478095061000000099e+00 1.640616300000000138e-02 4.152149999999999743e-04 1.000000000000000000e+00 1.646900000000000100e-02 1.660079999999999889e-02
1.478587759999999918e+00 1.640750900000000068e-02 4.148980000000000246e-04 1.000000000000000000e+00 1.643669999999999853e-02 1.656840000000000049e-02
1.479080621999999900e+00 1.644491999999999829e-02 4.149019999999999792e-04 1.000000000000000000e+00 1.643040000000000125e-02 1.656229999999999855e-02
1.479573648999999991e+00 1.652180400000000104e-02 4.153000000000000116e-04 1.000000000000000000e+00 1.645599999999999841e-02 1.658839999999999967e-02
1.480066840000000106e+00 1.663863499999999884e-02 4.161410000000000261e-04 1.000000000000000000e+00 1.651760000000000034e-02 1.665060000000000151e-02
1.480560196000000106e+00 1.679077000000000000e-02 4.174350000000000174e-04 1.000000000000000000e+00 1.661599999999999883e-02 1.675000000000000100e-02
1.481053715999999909e+00 1.696720900000000046e-02 4.191379999999999975e-04 1.000000000000000000e+00 1.674770000000000078e-02 1.688310000000000158e-02
1.481547401000000042e+00 1.715140100000000015e-02 4.211379999999999920e-04 1.000000000000000000e+00 1.690420000000000117e-02 1.704100000000000059e-02
1.482041249999999977e+00 1.732426600000000136e-02 4.232689999999999890e-04 1.000000000000000000e+00 1.707200000000000037e-02 1.721040000000000070e-02
1.482535264000000019e+00 1.746854299999999957e-02 4.253360000000000083e-04 1.000000000000000000e+00 1.723529999999999854e-02 1.737520000000000037e-02
1.483029442000000087e+00 1.757308600000000165e-02 4.271589999999999806e-04 1.000000000000000000e+00 1.737889999999999921e-02 1.752019999999999966e-02
1.483523785000000039e+00 1.763556499999999888e-02 4.286089999999999887e-04 1.000000000000000000e+00 1.749210000000000001e-02 1.763460000000000027e-02
1.484018293000000099e+00 1.766277899999999998e-02 4.296370000000000202e-04 1.000000000000000000e+00 1.757059999999999872e-02 1.771390000000000117e-02
1.484512966000000045e+00 1.766862599999999978e-02 4.302859999999999931e-04 1.000000000000000000e+00 1.761760000000000062e-02 1.776149999999999951e-02
1.485007804000000098e+00 1.767046599999999926e-02 4.306709999999999835e-04 1.000000000000000000e+00 1.764260000000000134e-02 1.778690000000000132e-02
1.485502805999999953e+00 1.768507899999999938e-02 4.309520000000000169e-04 1.000000000000000000e+00 1.765900000000000108e-02 1.780369999999999869e-02
1.485997973999999999e+00 1.772518999999999831e-02 4.312990000000000053e-04 1.000000000000000000e+00 1.768089999999999939e-02 1.782600000000000157e-02
1.486493306000000070e+00 1.779735400000000134e-02 4.318530000000000003e-04 1.000000000000000000e+00 1.772009999999999905e-02 1.786580000000000112e-02
1.486988804000000108e+00 1.790139199999999861e-02 4.327029999999999939e-04 1.000000000000000000e+00 1.778400000000000120e-02 1.793049999999999852e-02
1.487484467000000032e+00 1.803126600000000065e-02 4.338729999999999844e-04 1.000000000000000000e+00 1.787479999999999972e-02 1.802230000000000151e-02
1.487980295000000064e+00 1.817705699999999994e-02 4.353250000000000240e-04 1.000000000000000000e+00 1.798949999999999855e-02 1.813810000000000075e-02
1.488476289000000063e+00 1.832744199999999934e-02 4.369730000000000055e-04 1.000000000000000000e+00 1.812110000000000110e-02 1.827099999999999905e-02
1.488972447000000088e+00 1.847210300000000013e-02 4.387120000000000104e-04 1.000000000000000000e+00 1.826070000000000124e-02 1.841210000000000069e-02
1.489468771999999941e+00 1.860350599999999882e-02 4.404359999999999959e-04 1.000000000000000000e+00 1.839949999999999919e-02 1.855230000000000073e-02
1.489965261000000041e+00 1.871768500000000127e-02 4.420590000000000175e-04 1.000000000000000000e+00 1.853029999999999955e-02 1.868430000000000091e-02
1.490461916000000109e+00 1.881395799999999868e-02 4.435260000000000222e-04 1.000000000000000000e+00 1.864810000000000079e-02 1.880329999999999849e-02
1.490958736999999923e+00 1.889379999999999879e-02 4.448149999999999890e-04 1.000000000000000000e+00 1.875090000000000090e-02 1.890719999999999901e-02
1.491455723000000066e+00 1.895947699999999889e-02 4.459239999999999949e-04 1.000000000000000000e+00 1.883860000000000048e-02 1.899589999999999959e-02
1.491952874999999956e+00 1.901296400000000025e-02 4.468669999999999891e-04 1.000000000000000000e+00 1.891220000000000054e-02 1.907029999999999836e-02
1.492450193000000036e+00 1.905563799999999974e-02 4.476610000000000224e-04 1.000000000000000000e+00 1.897300000000000028e-02 1.913190000000000029e-02
1.492947676000000001e+00 1.908868299999999865e-02 4.483210000000000060e-04 1.000000000000000000e+00 1.902229999999999893e-02 1.918179999999999885e-02
1.493445324999999935e+00 1.911392699999999931e-02 4.488639999999999904e-04 1.000000000000000000e+00 1.906129999999999977e-02 1.922139999999999960e-02
1.493943140000000058e+00 1.913451700000000019e-02 4.493119999999999970e-04 1.000000000000000000e+00 1.909210000000000074e-02 1.925280000000000047e-02
1.494441120999999928e+00 1.915499500000000105e-02 4.496999999999999804e-04 1.000000000000000000e+00 1.911759999999999848e-02 1.927869999999999931e-02
1.494939269000000071e+00 1.918060300000000093e-02 4.500729999999999987e-04 1.000000000000000000e+00 1.914170000000000108e-02 1.930329999999999893e-02
1.495437582000000099e+00 1.921609599999999848e-02 4.504840000000000190e-04 1.000000000000000000e+00 1.916889999999999913e-02 1.933100000000000096e-02
1.495936061000000095e+00 1.926443799999999831e-02 4.509800000000000223e-04 1.000000000000000000e+00 1.920349999999999835e-02 1.936620000000000008e-02
1.496434706000000059e+00 1.932594300000000168e-02 4.515939999999999863e-04 1.000000000000000000e+00 1.924839999999999884e-02 1.941179999999999989e-02
1.496933518000000074e+00 1.939803199999999908e-02 4.523349999999999984e-04 1.000000000000000000e+00 1.930449999999999874e-02 1.946869999999999851e-02
1.497432496000000057e+00 1.947567500000000132e-02 4.531849999999999919e-04 1.000000000000000000e+00 1.937030000000000002e-02 1.953529999999999850e-02
1.497931640000000009e+00 1.955228300000000016e-02 4.540999999999999789e-04 1.000000000000000000e+00 1.944200000000000095e-02 1.960790000000000102e-02
1.498430949999999928e+00 1.962080299999999916e-02 4.550199999999999904e-04 1.000000000000000000e+00 1.951440000000000119e-02 1.968119999999999939e-02
1.498930426999999899e+00 1.967482799999999837e-02 4.558739999999999928e-04 1.000000000000000000e+00 1.958150000000000168e-02 1.974899999999999919e-02
1.499430070999999920e+00 1.970956899999999970e-02 4.565969999999999925e-04 1.000000000000000000e+00 1.963729999999999989e-02 1.980550000000000019e-02
1.499929880999999909e+00 1.972265299999999971e-02 4.571369999999999839e-04 1.000000000000000000e+00 1.967709999999999945e-02 1.984580000000000025e-02
1.500429857000000089e+00 1.971468399999999968e-02 4.574649999999999984e-04 1.000000000000000000e+00 1.969809999999999964e-02 1.986720000000000153e-02
1.500930000999999958e+00 1.968942799999999840e-02 4.575760000000000114e-04 1.000000000000000000e+00 1.969999999999999876e-02 1.986939999999999887e-02
1.501430311000000017e+00 1.965349799999999841e-02 4.574989999999999916e-04 1.000000000000000000e+00 1.968529999999999933e-02 1.985479999999999884e-02
1.501930787000000045e+00 1.961540999999999979e-02 4.572940000000000164e-04 1.000000000000000000e+00 1.965909999999999880e-02 1.982870000000000119e-02
1.502431430999999984e+00 1.958408899999999897e-02 4.570379999999999972e-04 1.000000000000000000e+00 1.962850000000000011e-02 1.979809999999999903e-02
1.502932241999999974e+00 1.956705099999999850e-02 4.568180000000000027e-04 1.000000000000000000e+00 1.960090000000000096e-02 1.977059999999999929e-02
1.503433218999999932e+00 1.956873400000000082e-02 4.567129999999999758e-04 1.000000000000000000e+00 1.958340000000000081e-02 1.975319999999999854e-02
1.503934362999999941e+00 1.958948599999999970e-02 4.567749999999999762e-04 1.000000000000000000e+00 1.958040000000000128e-02 1.975050000000000069e-02
1.504435675000000083e+00 1.962559100000000126e-02 4.570190000000000233e-04 1.000000000000000000e+00 1.959340000000000040e-02 1.976380000000000151e-02
1.504937152999999972e+00 1.967044399999999874e-02 4.574229999999999876e-04 1.000000000000000000e+00 1.962039999999999965e-02 1.979130000000000125e-02
1.505438798999999994e+00 1.971653799999999873e-02 4.579340000000000103e-04 1.000000000000000000e+00 1.965679999999999858e-02 1.982830000000000009e-02
1.505940612000000067e+00 1.975766300000000170e-02 4.584869999999999896e-04 1.000000000000000000e+00 1.969680000000000042e-02 1.986889999999999837e-02
1.506442591999999969e+00 1.979053199999999957e-02 4.590199999999999792e-04 1.000000000000000000e+00 1.973520000000000135e-02 1.990799999999999861e-02
1.506944740000000005e+00 1.981533699999999884e-02 4.594980000000000245e-04 1.000000000000000000e+00 1.976870000000000016e-02 1.994200000000000139e-02
1.507447055000000091e+00 1.983505500000000074e-02 4.599100000000000063e-04 1.000000000000000000e+00 1.979639999999999872e-02 1.997020000000000045e-02
1.507949537000000007e+00 1.985386399999999885e-02 4.602729999999999756e-04 1.000000000000000000e+00 1.981969999999999912e-02 1.999400000000000135e-02
1.508452187000000055e+00 1.987533000000000008e-02 4.606170000000000251e-04 1.000000000000000000e+00 1.984129999999999922e-02 2.001620000000000135e-02
1.508955003999999933e+00 1.990107099999999934e-02 4.609740000000000083e-04 1.000000000000000000e+00 1.986399999999999971e-02 2.003939999999999888e-02
1.509457988999999944e+00 1.993034499999999862e-02 4.613589999999999987e-04 1.000000000000000000e+00 1.988919999999999924e-02 2.006509999999999891e-02
1.509961142000000089e+00 1.996059700000000006e-02 4.617700000000000190e-04 1.000000000000000000e+00 1.991679999999999839e-02 2.009319999999999856e-02
1.510464462000000063e+00 1.998860900000000093e-02 4.621919999999999956e-04 1.000000000000000000e+00 1.994529999999999914e-02 2.012219999999999981e-02
1.510967949999999949e+00 2.001172299999999862e-02 4.625969999999999757e-04 1.000000000000000000e+00 1.997229999999999839e-02 2.014979999999999896e-02
1.511471605999999968e+00 2.002863800000000138e-02 4.629610000000000149e-04 1.000000000000000000e+00 1.999570000000000167e-02 2.017369999999999927e-02
1.511975429999999898e+00 2.003957899999999834e-02 4.632710000000000170e-04 1.000000000000000000e+00 2.001429999999999876e-02 2.019280000000000033e-02
1.512479421999999962e+00 2.004588399999999992e-02 4.635239999999999890e-04 1.000000000000000000e+00 2.002779999999999838e-02 2.020670000000000105e-02
1.512983581999999938e+00 2.004931399999999864e-02 4.637280000000000026e-04 1.000000000000000000e+00 2.003689999999999985e-02 2.021620000000000014e-02
1.513487910000000047e+00 2.005141400000000004e-02 4.638959999999999915e-04 1.000000000000000000e+00 2.004279999999999951e-02 2.022240000000000149e-02
1.513992406000000068e+00 2.005317800000000136e-02 4.640420000000000135e-04 1.000000000000000000e+00 2.004670000000000063e-02 2.022670000000000023e-02
1.514497070000000001e+00 2.005505999999999955e-02 4.641760000000000092e-04 1.000000000000000000e+00 2.004970000000000016e-02 2.023010000000000086e-02
1.515001902000000067e+00 2.005725200000000111e-02 4.643030000000000030e-04 1.000000000000000000e+00 2.005240000000000147e-02 2.023310000000000039e-02
1.515506902999999905e+00 2.005999699999999955e-02 4.644289999999999812e-04 1.000000000000000000e+00 2.005509999999999932e-02 2.023609999999999992e-02
1.516012072000000099e+00 2.006379800000000074e-02 4.645569999999999908e-04 1.000000000000000000e+00 2.005830000000000113e-02 2.023950000000000055e-02
1.516517408999999983e+00 2.006940100000000060e-02 4.646930000000000179e-04 1.000000000000000000e+00 2.006219999999999878e-02 2.024379999999999930e-02
1.517022915000000083e+00 2.007760299999999942e-02 4.648459999999999875e-04 1.000000000000000000e+00 2.006770000000000082e-02 2.024959999999999954e-02
1.517528589000000094e+00 2.008897899999999986e-02 4.650240000000000254e-04 1.000000000000000000e+00 2.007520000000000138e-02 2.025739999999999832e-02
1.518034432000000100e+00 2.010364400000000037e-02 4.652340000000000251e-04 1.000000000000000000e+00 2.008539999999999978e-02 2.026800000000000129e-02
1.518540444000000100e+00 2.012114900000000137e-02 4.654780000000000180e-04 1.000000000000000000e+00 2.009839999999999891e-02 2.028140000000000151e-02
1.519046624000000012e+00 2.014052300000000045e-02 4.657549999999999885e-04 1.000000000000000000e+00 2.011399999999999993e-02 2.029740000000000016e-02
1.519552972999999918e+00 2.016043699999999980e-02 4.660549999999999958e-04 1.000000000000000000e+00 2.013150000000000009e-02 2.031540000000000082e-02
1.520059489999999958e+00 2.017943100000000115e-02 4.663669999999999751e-04 1.000000000000000000e+00 2.015000000000000124e-02 2.033429999999999960e-02
1.520566177000000074e+00 2.019615099999999899e-02 4.666750000000000000e-04 1.000000000000000000e+00 2.016820000000000071e-02 2.035299999999999956e-02
1.521073032000000103e+00 2.020954399999999943e-02 4.669639999999999967e-04 1.000000000000000000e+00 2.018500000000000155e-02 2.037020000000000150e-02
1.521580056999999986e+00 2.021899099999999866e-02 4.672230000000000090e-04 1.000000000000000000e+00 2.019920000000000049e-02 2.038480000000000153e-02
1.522087250000000003e+00 2.022436199999999920e-02 4.674430000000000035e-04 1.000000000000000000e+00 2.021020000000000108e-02 2.039610000000000034e-02
1.522594612000000014e+00 2.022599699999999903e-02 4.676190000000000099e-04 1.000000000000000000e+00 2.021759999999999877e-02 2.040389999999999912e-02
1.523102144000000102e+00 2.022463099999999986e-02 4.677530000000000056e-04 1.000000000000000000e+00 2.022149999999999989e-02 2.040799999999999906e-02
1.523609844999999963e+00 2.022126000000000132e-02 4.678509999999999765e-04 1.000000000000000000e+00 2.022229999999999861e-02 2.040909999999999946e-02
1.524117715000000040e+00 2.021697600000000108e-02 4.679220000000000102e-04 1.000000000000000000e+00 2.022080000000000058e-02 2.040780000000000025e-02
1.524625754000000111e+00 2.021279399999999921e-02 4.679780000000000246e-04 1.000000000000000000e+00 2.021790000000000045e-02 2.040509999999999893e-02
1.525133961999999954e+00 2.020949199999999904e-02 4.680299999999999760e-04 1.000000000000000000e+00 2.021440000000000042e-02 2.040180000000000118e-02
1.525642340000000097e+00 2.020749800000000082e-02 4.680880000000000219e-04 1.000000000000000000e+00 2.021109999999999920e-02 2.039880000000000165e-02
1.526150888000000094e+00 2.020685499999999926e-02 4.681570000000000241e-04 1.000000000000000000e+00 2.020869999999999958e-02 2.039670000000000025e-02
1.526659605000000086e+00 2.020725300000000141e-02 4.682409999999999914e-04 1.000000000000000000e+00 2.020720000000000155e-02 2.039550000000000043e-02
1.527168491000000072e+00 2.020814199999999838e-02 4.683380000000000008e-04 1.000000000000000000e+00 2.020670000000000105e-02 2.039540000000000103e-02
1.527677546999999914e+00 2.020886599999999894e-02 4.684429999999999736e-04 1.000000000000000000e+00 2.020689999999999986e-02 2.039590000000000153e-02
1.528186773000000054e+00 2.020880200000000140e-02 4.685480000000000005e-04 1.000000000000000000e+00 2.020720000000000155e-02 2.039650000000000143e-02
1.528696169000000049e+00 2.020745300000000022e-02 4.686469999999999872e-04 1.000000000000000000e+00 2.020709999999999867e-02 2.039679999999999965e-02
1.529205734000000039e+00 2.020448700000000014e-02 4.687329999999999860e-04 1.000000000000000000e+00 2.020620000000000055e-02 2.039610000000000034e-02
1.529715469999999966e+00 2.019973499999999991e-02 4.688019999999999883e-04 1.000000000000000000e+00 2.020390000000000033e-02 2.039409999999999834e-02
1.530225375000000110e+00 2.019316999999999987e-02 4.688520000000000166e-04 1.000000000000000000e+00 2.020009999999999861e-02 2.039049999999999890e-02
1.530735450000000109e+00 2.018489700000000026e-02 4.688800000000000238e-04 1.000000000000000000e+00 2.019450000000000064e-02 2.038509999999999975e-02
1.531245694999999962e+00 2.017518800000000015e-02 4.688900000000000186e-04 1.000000000000000000e+00 2.018709999999999949e-02 2.037790000000000087e-02
1.531756109999999893e+00 2.016452200000000070e-02 4.688839999999999783e-04 1.000000000000000000e+00 2.017820000000000030e-02 2.036920000000000050e-02
1.532266695999999984e+00 2.015361300000000078e-02 4.688679999999999974e-04 1.000000000000000000e+00 2.016820000000000071e-02 2.035930000000000031e-02
1.532777451000000069e+00 2.014338499999999976e-02 4.688490000000000235e-04 1.000000000000000000e+00 2.015770000000000062e-02 2.034909999999999844e-02
1.533288377000000091e+00 2.013484999999999928e-02 4.688359999999999815e-04 1.000000000000000000e+00 2.014770000000000102e-02 2.033930000000000113e-02
1.533799472999999969e+00 2.012892399999999943e-02 4.688389999999999745e-04 1.000000000000000000e+00 2.013900000000000065e-02 2.033079999999999957e-02
1.534310740000000006e+00 2.012620099999999981e-02 4.688669999999999817e-04 1.000000000000000000e+00 2.013250000000000109e-02 2.032460000000000169e-02
1.534822176000000038e+00 2.012677200000000111e-02 4.689270000000000048e-04 1.000000000000000000e+00 2.012879999999999878e-02 2.032110000000000166e-02
1.535333784000000090e+00 2.013015699999999922e-02 4.690189999999999897e-04 1.000000000000000000e+00 2.012790000000000065e-02 2.032060000000000116e-02
1.535845561999999997e+00 2.013538999999999954e-02 4.691399999999999976e-04 1.000000000000000000e+00 2.012970000000000037e-02 2.032279999999999850e-02
1.536357509999999982e+00 2.014124299999999965e-02 4.692830000000000265e-04 1.000000000000000000e+00 2.013349999999999862e-02 2.032679999999999904e-02
1.536869628999999904e+00 2.014653200000000172e-02 4.694370000000000118e-04 1.000000000000000000e+00 2.013809999999999906e-02 2.033189999999999997e-02
1.537381918999999986e+00 2.015042200000000117e-02 4.695909999999999971e-04 1.000000000000000000e+00 2.014269999999999949e-02 2.033679999999999863e-02
1.537894380000000005e+00 2.015261900000000009e-02 4.697349999999999876e-04 1.000000000000000000e+00 2.014660000000000062e-02 2.034100000000000144e-02
1.538407011000000102e+00 2.015341799999999933e-02 4.698649999999999745e-04 1.000000000000000000e+00 2.014929999999999846e-02 2.034410000000000038e-02
1.538919813999999997e+00 2.015357900000000133e-02 4.699829999999999893e-04 1.000000000000000000e+00 2.015089999999999937e-02 2.034599999999999950e-02
1.539432786999999969e+00 2.015408800000000056e-02 4.700929999999999866e-04 1.000000000000000000e+00 2.015190000000000037e-02 2.034729999999999872e-02
1.539945931000000101e+00 2.015588999999999922e-02 4.702029999999999838e-04 1.000000000000000000e+00 2.015300000000000077e-02 2.034870000000000081e-02
1.540459247000000031e+00 2.015965999999999939e-02 4.703229999999999759e-04 1.000000000000000000e+00 2.015499999999999931e-02 2.035100000000000103e-02
1.540972733000000039e+00 2.016568499999999917e-02 4.704600000000000188e-04 1.000000000000000000e+00 2.015839999999999993e-02 2.035479999999999928e-02
1.541486391000000067e+00 2.017384599999999875e-02 4.706180000000000129e-04 1.000000000000000000e+00 2.016360000000000027e-02 2.036040000000000072e-02
1.542000218999999950e+00 2.018371399999999843e-02 4.707989999999999896e-04 1.000000000000000000e+00 2.017060000000000033e-02 2.036779999999999841e-02
1.542514219000000075e+00 2.019467299999999979e-02 4.710000000000000102e-04 1.000000000000000000e+00 2.017920000000000130e-02 2.037680000000000047e-02
1.543028390999999999e+00 2.020606499999999875e-02 4.712159999999999960e-04 1.000000000000000000e+00 2.018889999999999921e-02 2.038699999999999887e-02
1.543542734000000083e+00 2.021729200000000129e-02 4.714419999999999765e-04 1.000000000000000000e+00 2.019929999999999989e-02 2.039790000000000006e-02
1.544057248000000104e+00 2.022788099999999964e-02 4.716710000000000043e-04 1.000000000000000000e+00 2.020989999999999939e-02 2.040890000000000065e-02
1.544571933999999924e+00 2.023751000000000022e-02 4.718969999999999849e-04 1.000000000000000000e+00 2.022020000000000067e-02 2.041969999999999896e-02
1.545086790999999904e+00 2.024599100000000138e-02 4.721169999999999794e-04 1.000000000000000000e+00 2.022989999999999858e-02 2.042980000000000143e-02
1.545601819999999904e+00 2.025324699999999853e-02 4.723269999999999791e-04 1.000000000000000000e+00 2.023869999999999836e-02 2.043910000000000171e-02
1.546117020999999925e+00 2.025927699999999915e-02 4.725229999999999752e-04 1.000000000000000000e+00 2.024650000000000061e-02 2.044740000000000099e-02
1.546632393000000105e+00 2.026412899999999878e-02 4.727050000000000219e-04 1.000000000000000000e+00 2.025329999999999839e-02 2.045459999999999987e-02
1.547147937000000084e+00 2.026787999999999854e-02 4.728730000000000108e-04 1.000000000000000000e+00 2.025889999999999982e-02 2.046059999999999893e-02
1.547663653000000084e+00 2.027062400000000097e-02 4.730269999999999961e-04 1.000000000000000000e+00 2.026350000000000026e-02 2.046560000000000046e-02
1.548179541000000103e+00 2.027247199999999971e-02 4.731679999999999935e-04 1.000000000000000000e+00 2.026700000000000029e-02 2.046950000000000158e-02
1.548695600999999922e+00 2.027355399999999919e-02 4.732970000000000189e-04 1.000000000000000000e+00 2.026949999999999932e-02 2.047229999999999883e-02
1.549211832999999983e+00 2.027401300000000045e-02 4.734159999999999952e-04 1.000000000000000000e+00 2.027119999999999964e-02 2.047430000000000083e-02
1.549728237000000064e+00 2.027400700000000014e-02 4.735270000000000082e-04 1.000000000000000000e+00 2.027210000000000123e-02 2.047560000000000005e-02
1.550244812999999944e+00 2.027369399999999836e-02 4.736319999999999810e-04 1.000000000000000000e+00 2.027239999999999945e-02 2.047619999999999996e-02
1.550761561000000066e+00 2.027322599999999836e-02 4.737340000000000149e-04 1.000000000000000000e+00 2.027230000000000004e-02 2.047639999999999877e-02
1.551278480999999987e+00 2.027273799999999848e-02 4.738340000000000173e-04 1.000000000000000000e+00 2.027189999999999895e-02 2.047639999999999877e-02
1.551795574000000011e+00 2.027233999999999980e-02 4.739340000000000198e-04 1.000000000000000000e+00 2.027150000000000132e-02 2.047639999999999877e-02
1.552312839000000055e+00 2.027211099999999891e-02 4.740340000000000222e-04 1.000000000000000000e+00 2.027110000000000023e-02 2.047629999999999936e-02
1.552830276999999981e+00 2.027209899999999829e-02 4.741360000000000019e-04 1.000000000000000000e+00 2.027090000000000142e-02 2.047650000000000164e-02
1.553347886999999927e+00 2.027231100000000119e-02 4.742389999999999974e-04 1.000000000000000000e+00 2.027100000000000082e-02 2.047699999999999868e-02
1.553865669999999977e+00 2.027271799999999860e-02 4.743419999999999928e-04 1.000000000000000000e+00 2.027139999999999845e-02 2.047759999999999858e-02
1.554383625000000047e+00 2.027324800000000066e-02 4.744460000000000040e-04 1.000000000000000000e+00 2.027199999999999835e-02 2.047850000000000018e-02
1.554901752999999998e+00 2.027379400000000123e-02 4.745489999999999995e-04 1.000000000000000000e+00 2.027260000000000173e-02 2.047939999999999830e-02
1.555420052999999969e+00 2.027422799999999831e-02 4.746509999999999792e-04 1.000000000000000000e+00 2.027320000000000164e-02 2.048029999999999989e-02
1.555938526999999905e+00 2.027441699999999944e-02 4.747509999999999816e-04 1.000000000000000000e+00 2.027369999999999867e-02 2.048099999999999921e-02
1.556457173000000083e+00 2.027424499999999977e-02 4.748490000000000068e-04 1.000000000000000000e+00 2.027380000000000154e-02 2.048140000000000030e-02
1.556975991999999920e+00 2.027363600000000113e-02 4.749450000000000004e-04 1.000000000000000000e+00 2.027349999999999985e-02 2.048140000000000030e-02
1.557494984000000082e+00 2.027256800000000123e-02 4.750399999999999783e-04 1.000000000000000000e+00 2.027270000000000114e-02 2.048099999999999921e-02
1.558014148999999904e+00 2.027106999999999867e-02 4.751320000000000174e-04 1.000000000000000000e+00 2.027139999999999845e-02 2.048010000000000108e-02
1.558533487000000051e+00 2.026921900000000151e-02 4.752220000000000250e-04 1.000000000000000000e+00 2.026980000000000101e-02 2.047890000000000127e-02
1.559052998000000079e+00 2.026712099999999905e-02 4.753110000000000169e-04 1.000000000000000000e+00 2.026789999999999842e-02 2.047739999999999977e-02
1.559572683000000071e+00 2.026489000000000068e-02 4.753989999999999930e-04 1.000000000000000000e+00 2.026589999999999989e-02 2.047569999999999946e-02
1.560092540000000083e+00 2.026262300000000044e-02 4.754849999999999919e-04 1.000000000000000000e+00 2.026369999999999907e-02 2.047399999999999914e-02
1.560612571000000059e+00 2.026036900000000029e-02 4.755699999999999750e-04 1.000000000000000000e+00 2.026170000000000054e-02 2.047229999999999883e-02
1.561132774999999917e+00 2.025809500000000027e-02 4.756539999999999965e-04 1.000000000000000000e+00 2.025959999999999914e-02 2.047070000000000140e-02
1.561653152999999961e+00 2.025563699999999995e-02 4.757350000000000250e-04 1.000000000000000000e+00 2.025760000000000061e-02 2.046900000000000108e-02
1.562173704000000107e+00 2.025263700000000042e-02 4.758119999999999906e-04 1.000000000000000000e+00 2.025539999999999979e-02 2.046709999999999849e-02
1.562694427999999913e+00 2.024845999999999938e-02 4.758799999999999771e-04 1.000000000000000000e+00 2.025269999999999848e-02 2.046469999999999886e-02
1.563215326999999988e+00 2.024212800000000159e-02 4.759340000000000142e-04 1.000000000000000000e+00 2.024880000000000083e-02 2.046109999999999943e-02
1.563736398000000083e+00 2.023224200000000098e-02 4.759639999999999986e-04 1.000000000000000000e+00 2.024290000000000117e-02 2.045539999999999858e-02
1.564257644000000003e+00 2.021697600000000108e-02 4.759569999999999968e-04 1.000000000000000000e+00 2.023370000000000030e-02 2.044639999999999999e-02
1.564779063000000026e+00 2.019410699999999934e-02 4.758949999999999964e-04 1.000000000000000000e+00 2.021950000000000136e-02 2.043239999999999987e-02
1.565300656000000012e+00 2.016115799999999847e-02 4.757539999999999989e-04 1.000000000000000000e+00 2.019850000000000118e-02 2.041149999999999909e-02
1.565822422999999963e+00 2.011565300000000070e-02 4.755100000000000060e-04 1.000000000000000000e+00 2.016830000000000012e-02 2.038140000000000090e-02
1.566344364000000100e+00 2.005549699999999852e-02 4.751369999999999877e-04 1.000000000000000000e+00 2.012689999999999965e-02 2.033990000000000103e-02
1.566866477999999896e+00 1.997944399999999898e-02 4.746090000000000226e-04 1.000000000000000000e+00 2.007219999999999838e-02 2.028500000000000095e-02
1.567388766999999961e+00 1.988760599999999865e-02 4.739109999999999829e-04 1.000000000000000000e+00 2.000309999999999935e-02 2.021550000000000083e-02
1.567911229999999989e+00 1.978189799999999915e-02 4.730380000000000066e-04 1.000000000000000000e+00 1.991930000000000089e-02 2.013119999999999840e-02
1.568433866999999982e+00 1.966630600000000145e-02 4.720060000000000206e-04 1.000000000000000000e+00 1.982209999999999875e-02 2.003339999999999982e-02
1.568956679000000021e+00 1.954683800000000041e-02 4.708509999999999952e-04 1.000000000000000000e+00 1.971490000000000048e-02 1.992529999999999996e-02
1.569479663999999941e+00 1.943107399999999957e-02 4.696289999999999991e-04 1.000000000000000000e+00 1.960239999999999899e-02 1.981190000000000034e-02
1.570002823999999908e+00 1.932730400000000001e-02 4.684169999999999979e-04 1.000000000000000000e+00 1.949110000000000079e-02 1.969979999999999995e-02
1.570526158000000061e+00 1.924332100000000073e-02 4.673020000000000060e-04 1.000000000000000000e+00 1.938840000000000008e-02 1.959630000000000052e-02
1.571049667000000039e+00 1.918508000000000019e-02 4.663700000000000224e-04 1.000000000000000000e+00 1.930120000000000099e-02 1.950850000000000153e-02
1.571573349999999980e+00 1.915550800000000164e-02 4.656910000000000108e-04 1.000000000000000000e+00 1.923539999999999972e-02 1.944239999999999857e-02
1.572097207999999968e+00 1.915377299999999894e-02 4.653079999999999977e-04 1.000000000000000000e+00 1.919440000000000035e-02 1.940139999999999920e-02
1.572621239999999920e+00 1.917525999999999953e-02 4.652270000000000233e-04 1.000000000000000000e+00 1.917869999999999991e-02 1.938590000000000105e-02
1.573145448000000002e+00 1.921236399999999914e-02 4.654139999999999861e-04 1.000000000000000000e+00 1.918539999999999829e-02 1.939309999999999992e-02
1.573669828999999964e+00 1.925597100000000020e-02 4.658020000000000238e-04 1.000000000000000000e+00 1.920890000000000097e-02 1.941729999999999845e-02
1.574194386000000057e+00 1.929733200000000037e-02 4.663019999999999817e-04 1.000000000000000000e+00 1.924189999999999928e-02 1.945099999999999954e-02
1.574719116999999891e+00 1.932984999999999912e-02 4.668259999999999923e-04 1.000000000000000000e+00 1.927680000000000018e-02 1.948669999999999916e-02
1.575244024000000076e+00 1.935034999999999880e-02 4.672979999999999972e-04 1.000000000000000000e+00 1.930749999999999827e-02 1.951819999999999944e-02
1.575769105000000003e+00 1.935948100000000130e-02 4.676750000000000243e-04 1.000000000000000000e+00 1.933030000000000165e-02 1.954159999999999925e-02
1.576294360999999977e+00 1.936120200000000097e-02 4.679479999999999859e-04 1.000000000000000000e+00 1.934429999999999830e-02 1.955619999999999928e-02
1.576819793000000081e+00 1.936152099999999959e-02 4.681420000000000047e-04 1.000000000000000000e+00 1.935179999999999886e-02 1.956410000000000093e-02
1.577345400000000009e+00 1.936687000000000131e-02 4.683070000000000006e-04 1.000000000000000000e+00 1.935689999999999980e-02 1.956969999999999890e-02
1.577871180999999901e+00 1.938259000000000162e-02 4.685040000000000125e-04 1.000000000000000000e+00 1.936469999999999858e-02 1.957800000000000165e-02
1.578397137999999922e+00 1.941187800000000047e-02 4.687870000000000231e-04 1.000000000000000000e+00 1.937989999999999852e-02 1.959359999999999921e-02
1.578923271000000073e+00 1.945540000000000116e-02 4.691960000000000119e-04 1.000000000000000000e+00 1.940559999999999855e-02 1.961999999999999855e-02
1.579449579000000048e+00 1.951154600000000114e-02 4.697470000000000139e-04 1.000000000000000000e+00 1.944339999999999957e-02 1.965859999999999830e-02
1.579976062000000070e+00 1.957712199999999889e-02 4.704339999999999889e-04 1.000000000000000000e+00 1.949270000000000169e-02 1.970879999999999854e-02
1.580502719999999917e+00 1.964821799999999855e-02 4.712329999999999926e-04 1.000000000000000000e+00 1.955149999999999944e-02 1.976860000000000075e-02
1.581029554999999975e+00 1.972098099999999854e-02 4.721080000000000003e-04 1.000000000000000000e+00 1.961680000000000021e-02 1.983499999999999847e-02
1.581556563999999998e+00 1.979214699999999952e-02 4.730210000000000100e-04 1.000000000000000000e+00 1.968550000000000161e-02 1.990470000000000086e-02
1.582083750000000011e+00 1.985927700000000157e-02 4.739370000000000128e-04 1.000000000000000000e+00 1.975429999999999894e-02 1.997470000000000148e-02
1.582611111000000070e+00 1.992076599999999947e-02 4.748239999999999926e-04 1.000000000000000000e+00 1.982089999999999894e-02 2.004229999999999901e-02
1.583138648000000037e+00 1.997570799999999827e-02 4.756620000000000141e-04 1.000000000000000000e+00 1.988329999999999959e-02 2.010580000000000006e-02
1.583666360999999911e+00 2.002372599999999864e-02 4.764349999999999878e-04 1.000000000000000000e+00 1.994030000000000108e-02 2.016369999999999968e-02
1.584194249999999915e+00 2.006482299999999899e-02 4.771369999999999821e-04 1.000000000000000000e+00 1.999099999999999835e-02 2.021550000000000083e-02
1.584722315000000048e+00 2.009928000000000062e-02 4.777620000000000109e-04 1.000000000000000000e+00 2.003529999999999894e-02 2.026060000000000014e-02
1.585250555000000006e+00 2.012757299999999930e-02 4.783130000000000129e-04 1.000000000000000000e+00 2.007319999999999938e-02 2.029929999999999929e-02
1.585778971999999953e+00 2.015032400000000071e-02 4.787920000000000197e-04 1.000000000000000000e+00 2.010500000000000134e-02 2.033189999999999997e-02
1.586307565000000031e+00 2.016823599999999911e-02 4.792040000000000015e-04 1.000000000000000000e+00 2.013109999999999900e-02 2.035870000000000041e-02
1.586836335000000098e+00 2.018203600000000042e-02 4.795569999999999759e-04 1.000000000000000000e+00 2.015219999999999859e-02 2.038039999999999990e-02
1.587365279999999990e+00 2.019242599999999943e-02 4.798579999999999990e-04 1.000000000000000000e+00 2.016890000000000002e-02 2.039770000000000125e-02
1.587894402000000094e+00 2.020003800000000002e-02 4.801149999999999797e-04 1.000000000000000000e+00 2.018179999999999974e-02 2.041110000000000146e-02
1.588423700000000105e+00 2.020541299999999846e-02 4.803340000000000127e-04 1.000000000000000000e+00 2.019160000000000052e-02 2.042139999999999928e-02
1.588953174000000024e+00 2.020899300000000148e-02 4.805219999999999912e-04 1.000000000000000000e+00 2.019879999999999939e-02 2.042909999999999865e-02
1.589482824999999933e+00 2.021112699999999887e-02 4.806860000000000256e-04 1.000000000000000000e+00 2.020390000000000033e-02 2.043450000000000127e-02
1.590012653000000054e+00 2.021207599999999896e-02 4.808290000000000003e-04 1.000000000000000000e+00 2.020709999999999867e-02 2.043820000000000012e-02
1.590542657000000082e+00 2.021200600000000111e-02 4.809570000000000099e-04 1.000000000000000000e+00 2.020889999999999839e-02 2.044050000000000034e-02
1.591072838000000100e+00 2.021098199999999886e-02 4.810710000000000160e-04 1.000000000000000000e+00 2.020949999999999830e-02 2.044150000000000134e-02
1.591603196000000109e+00 2.020893500000000079e-02 4.811740000000000114e-04 1.000000000000000000e+00 2.020900000000000127e-02 2.044129999999999905e-02
1.592133730000000025e+00 2.020561200000000127e-02 4.812649999999999806e-04 1.000000000000000000e+00 2.020730000000000096e-02 2.044009999999999924e-02
1.592664440999999931e+00 2.020052300000000148e-02 4.813420000000000003e-04 1.000000000000000000e+00 2.020440000000000083e-02 2.043760000000000021e-02
1.593195329999999910e+00 2.019286799999999923e-02 4.813989999999999762e-04 1.000000000000000000e+00 2.019970000000000099e-02 2.043330000000000146e-02
1.593726395000000018e+00 2.018147799999999922e-02 4.814290000000000149e-04 1.000000000000000000e+00 2.019270000000000093e-02 2.042669999999999902e-02
1.594257636999999894e+00 2.016478000000000020e-02 4.814190000000000201e-04 1.000000000000000000e+00 2.018230000000000024e-02 2.041660000000000003e-02
1.594789055999999983e+00 2.014083200000000087e-02 4.813519999999999952e-04 1.000000000000000000e+00 2.016710000000000030e-02 2.040169999999999831e-02
1.595320652000000061e+00 2.010743699999999884e-02 4.812069999999999889e-04 1.000000000000000000e+00 2.014530000000000140e-02 2.038010000000000169e-02
1.595852425999999991e+00 2.006237400000000087e-02 4.809610000000000187e-04 1.000000000000000000e+00 2.011500000000000093e-02 2.034990000000000063e-02
1.596384376999999910e+00 2.000374699999999881e-02 4.805909999999999935e-04 1.000000000000000000e+00 2.007410000000000097e-02 2.030900000000000066e-02
1.596916505000000042e+00 1.993042299999999920e-02 4.800739999999999847e-04 1.000000000000000000e+00 2.002090000000000120e-02 2.025559999999999861e-02
1.597448809999999941e+00 1.984249700000000061e-02 4.793959999999999888e-04 1.000000000000000000e+00 1.995419999999999833e-02 2.018850000000000158e-02
1.597981292999999914e+00 1.974169400000000060e-02 4.785549999999999743e-04 1.000000000000000000e+00 1.987370000000000109e-02 2.010750000000000037e-02
1.598513953999999959e+00 1.963162200000000135e-02 4.775649999999999991e-04 1.000000000000000000e+00 1.978090000000000057e-02 2.001400000000000054e-02
1.599046791999999995e+00 1.951774499999999954e-02 4.764580000000000247e-04 1.000000000000000000e+00 1.967850000000000155e-02 1.991089999999999874e-02
1.599579807000000020e+00 1.940702399999999841e-02 4.752870000000000185e-04 1.000000000000000000e+00 1.957110000000000100e-02 1.980260000000000006e-02
1.600113000999999979e+00 1.930719499999999922e-02 4.741239999999999756e-04 1.000000000000000000e+00 1.946470000000000145e-02 1.969539999999999833e-02
1.600646371999999928e+00 1.922570499999999918e-02 4.730469999999999857e-04 1.000000000000000000e+00 1.936610000000000067e-02 1.959599999999999884e-02
1.601179920000000090e+00 1.916849300000000172e-02 4.721409999999999778e-04 1.000000000000000000e+00 1.928200000000000053e-02 1.951119999999999938e-02
1.601713646999999963e+00 1.913881699999999894e-02 4.714729999999999767e-04 1.000000000000000000e+00 1.921799999999999897e-02 1.944680000000000020e-02
1.602247551999999908e+00 1.913642800000000047e-02 4.710900000000000178e-04 1.000000000000000000e+00 1.917779999999999832e-02 1.940650000000000014e-02
1.602781634000000066e+00 1.915735699999999986e-02 4.710010000000000260e-04 1.000000000000000000e+00 1.916220000000000076e-02 1.939110000000000139e-02
1.603315894999999935e+00 1.919448400000000124e-02 4.711800000000000255e-04 1.000000000000000000e+00 1.916879999999999973e-02 1.939799999999999858e-02
1.603850333000000017e+00 1.923882899999999896e-02 4.715650000000000158e-04 1.000000000000000000e+00 1.919229999999999894e-02 1.942210000000000117e-02
1.604384950000000032e+00 1.928132100000000057e-02 4.720689999999999826e-04 1.000000000000000000e+00 1.922569999999999835e-02 1.945619999999999988e-02
1.604919744999999898e+00 1.931461799999999868e-02 4.725999999999999949e-04 1.000000000000000000e+00 1.926119999999999916e-02 1.949259999999999882e-02
1.605454718000000058e+00 1.933449200000000173e-02 4.730779999999999859e-04 1.000000000000000000e+00 1.929219999999999893e-02 1.952430000000000138e-02
1.605989869999999931e+00 1.934046600000000060e-02 4.734469999999999954e-04 1.000000000000000000e+00 1.931410000000000071e-02 1.954679999999999959e-02
1.606525200000000098e+00 1.933555500000000080e-02 4.736890000000000111e-04 1.000000000000000000e+00 1.932520000000000071e-02 1.955849999999999950e-02
1.607060707999999893e+00 1.932527800000000129e-02 4.738170000000000207e-04 1.000000000000000000e+00 1.932690000000000102e-02 1.956060000000000090e-02
1.607596395000000067e+00 1.931626700000000155e-02 4.738769999999999896e-04 1.000000000000000000e+00 1.932290000000000049e-02 1.955700000000000147e-02
1.608132260999999952e+00 1.931485700000000125e-02 4.739279999999999795e-04 1.000000000000000000e+00 1.931830000000000006e-02 1.955269999999999925e-02
1.608668304999999910e+00 1.932594600000000010e-02 4.740349999999999837e-04 1.000000000000000000e+00 1.931839999999999946e-02 1.955319999999999975e-02
1.609204526999999940e+00 1.935231899999999977e-02 4.742530000000000009e-04 1.000000000000000000e+00 1.932769999999999974e-02 1.956300000000000053e-02
1.609740928999999987e+00 1.939443000000000070e-02 4.746190000000000174e-04 1.000000000000000000e+00 1.934939999999999924e-02 1.958539999999999934e-02
1.610277509000000107e+00 1.945060100000000139e-02 4.751490000000000141e-04 1.000000000000000000e+00 1.938470000000000124e-02 1.962150000000000005e-02
1.610814267999999938e+00 1.951752000000000001e-02 4.758340000000000117e-04 1.000000000000000000e+00 1.943309999999999829e-02 1.967079999999999870e-02
1.611351207000000008e+00 1.959091500000000041e-02 4.766489999999999963e-04 1.000000000000000000e+00 1.949220000000000119e-02 1.973099999999999854e-02
1.611888323999999928e+00 1.966627599999999990e-02 4.775539999999999885e-04 1.000000000000000000e+00 1.955880000000000118e-02 1.979890000000000122e-02
1.612425620000000004e+00 1.973950500000000094e-02 4.785030000000000229e-04 1.000000000000000000e+00 1.962919999999999943e-02 1.987049999999999927e-02
1.612963095000000013e+00 1.980738799999999869e-02 4.794530000000000189e-04 1.000000000000000000e+00 1.969960000000000114e-02 1.994220000000000020e-02
1.613500748999999956e+00 1.986782600000000162e-02 4.803650000000000129e-04 1.000000000000000000e+00 1.976690000000000044e-02 2.001069999999999932e-02
1.614038582999999916e+00 1.991984200000000010e-02 4.812120000000000134e-04 1.000000000000000000e+00 1.982859999999999831e-02 2.007360000000000047e-02
1.614576596000000031e+00 1.996341000000000088e-02 4.819760000000000081e-04 1.000000000000000000e+00 1.988339999999999899e-02 2.012960000000000096e-02
1.615114788000000079e+00 1.999917999999999835e-02 4.826499999999999953e-04 1.000000000000000000e+00 1.993069999999999911e-02 2.017789999999999861e-02
1.615653159999999922e+00 2.002819200000000022e-02 4.832370000000000220e-04 1.000000000000000000e+00 1.997070000000000095e-02 2.021879999999999858e-02
1.616191710999999920e+00 2.005162500000000000e-02 4.837430000000000202e-04 1.000000000000000000e+00 2.000390000000000154e-02 2.025300000000000017e-02
1.616730441000000074e+00 2.007060499999999831e-02 4.841779999999999847e-04 1.000000000000000000e+00 2.003129999999999841e-02 2.028109999999999982e-02
1.617269351000000022e+00 2.008609500000000173e-02 4.845529999999999803e-04 1.000000000000000000e+00 2.005380000000000010e-02 2.030430000000000082e-02
1.617808440999999986e+00 2.009883800000000081e-02 4.848790000000000175e-04 1.000000000000000000e+00 2.007230000000000125e-02 2.032339999999999841e-02
1.618347710999999967e+00 2.010935800000000079e-02 4.851650000000000212e-04 1.000000000000000000e+00 2.008739999999999831e-02 2.033909999999999885e-02
1.618887160000000103e+00 2.011798799999999984e-02 4.854190000000000089e-04 1.000000000000000000e+00 2.009980000000000100e-02 2.035210000000000144e-02
1.619426789000000033e+00 2.012492299999999942e-02 4.856470000000000209e-04 1.000000000000000000e+00 2.010990000000000000e-02 2.036260000000000153e-02
1.619966597999999980e+00 2.013027499999999956e-02 4.858530000000000119e-04 1.000000000000000000e+00 2.011790000000000106e-02 2.037119999999999903e-02
1.620506586999999943e+00 2.013412900000000061e-02 4.860390000000000131e-04 1.000000000000000000e+00 2.012409999999999893e-02 2.037800000000000028e-02
1.621046755000000061e+00 2.013657699999999925e-02 4.862089999999999793e-04 1.000000000000000000e+00 2.012869999999999937e-02 2.038310000000000122e-02
1.621587104000000057e+00 2.013773500000000036e-02 4.863620000000000031e-04 1.000000000000000000e+00 2.013179999999999831e-02 2.038680000000000006e-02
1.622127633000000069e+00 2.013774600000000151e-02 4.865010000000000233e-04 1.000000000000000000e+00 2.013360000000000150e-02 2.038919999999999969e-02
1.622668342999999957e+00 2.013676500000000091e-02 4.866270000000000014e-04 1.000000000000000000e+00 2.013440000000000021e-02 2.039049999999999890e-02
1.623209232000000002e+00 2.013494099999999995e-02 4.867399999999999917e-04 1.000000000000000000e+00 2.013409999999999853e-02 2.039070000000000119e-02
1.623750301999999923e+00 2.013240399999999958e-02 4.868410000000000099e-04 1.000000000000000000e+00 2.013310000000000100e-02 2.039020000000000069e-02
1.624291552000000083e+00 2.012926300000000140e-02 4.869310000000000175e-04 1.000000000000000000e+00 2.013130000000000128e-02 2.038879999999999859e-02
1.624832982000000037e+00 2.012560999999999864e-02 4.870109999999999760e-04 1.000000000000000000e+00 2.012879999999999878e-02 2.038670000000000065e-02
1.625374593000000090e+00 2.012153100000000153e-02 4.870820000000000097e-04 1.000000000000000000e+00 2.012579999999999925e-02 2.038409999999999875e-02
1.625916385000000020e+00 2.011710900000000107e-02 4.871459999999999874e-04 1.000000000000000000e+00 2.012229999999999921e-02 2.038080000000000100e-02
1.626458356999999966e+00 2.011242900000000111e-02 4.872039999999999791e-04 1.000000000000000000e+00 2.011829999999999868e-02 2.037720000000000156e-02
1.627000510000000011e+00 2.010757000000000169e-02 4.872570000000000004e-04 1.000000000000000000e+00 2.011399999999999993e-02 2.037310000000000162e-02
1.627542843000000072e+00 2.010259699999999983e-02 4.873069999999999746e-04 1.000000000000000000e+00 2.010939999999999950e-02 2.036879999999999941e-02
1.628085358000000094e+00 2.009754700000000033e-02 4.873540000000000099e-04 1.000000000000000000e+00 2.010460000000000025e-02 2.036429999999999838e-02
1.628628052999999909e+00 2.009242600000000004e-02 4.873990000000000137e-04 1.000000000000000000e+00 2.009959999999999872e-02 2.035970000000000141e-02
1.629170929000000045e+00 2.008720400000000086e-02 4.874440000000000175e-04 1.000000000000000000e+00 2.009460000000000066e-02 2.035489999999999869e-02
1.629713986000000059e+00 2.008181499999999939e-02 4.874869999999999898e-04 1.000000000000000000e+00 2.008930000000000091e-02 2.035000000000000003e-02
1.630257223999999949e+00 2.007617000000000082e-02 4.875290000000000006e-04 1.000000000000000000e+00 2.008389999999999828e-02 2.034479999999999969e-02
1.630800642999999939e+00 2.007015499999999925e-02 4.875689999999999798e-04 1.000000000000000000e+00 2.007820000000000091e-02 2.033940000000000053e-02
1.631344243000000027e+00 2.006364299999999906e-02 4.876060000000000203e-04 1.000000000000000000e+00 2.007209999999999897e-02 2.033369999999999969e-02
1.631888025000000075e+00 2.005648900000000026e-02 4.876389999999999978e-04 1.000000000000000000e+00 2.006559999999999941e-02 2.032760000000000122e-02
1.632431986999999918e+00 2.004854299999999853e-02 4.876670000000000050e-04 1.000000000000000000e+00 2.005849999999999994e-02 2.032079999999999997e-02
1.632976130999999942e+00 2.003963599999999956e-02 4.876869999999999946e-04 1.000000000000000000e+00 2.005070000000000116e-02 2.031339999999999882e-02
1.633520456999999926e+00 2.002958800000000095e-02 4.876969999999999895e-04 1.000000000000000000e+00 2.004200000000000079e-02 2.030509999999999954e-02
1.634064962999999926e+00 2.001821599999999840e-02 4.876959999999999737e-04 1.000000000000000000e+00 2.003239999999999882e-02 2.029579999999999926e-02
1.634609651999999969e+00 2.000535900000000034e-02 4.876799999999999928e-04 1.000000000000000000e+00 2.002150000000000110e-02 2.028529999999999917e-02
1.635154522000000110e+00 1.999092599999999914e-02 4.876489999999999926e-04 1.000000000000000000e+00 2.000920000000000129e-02 2.027340000000000045e-02
1.635699572999999907e+00 1.997491399999999986e-02 4.875990000000000185e-04 1.000000000000000000e+00 1.999559999999999879e-02 2.026000000000000023e-02
1.636244806000000107e+00 1.995745300000000000e-02 4.875309999999999778e-04 1.000000000000000000e+00 1.998039999999999886e-02 2.024509999999999851e-02
1.636790221000000045e+00 1.993880500000000042e-02 4.874459999999999947e-04 1.000000000000000000e+00 1.996389999999999970e-02 2.022890000000000105e-02
1.637335817999999943e+00 1.991935300000000075e-02 4.873449999999999766e-04 1.000000000000000000e+00 1.994630000000000014e-02 2.021140000000000089e-02
1.637881597000000022e+00 1.989958199999999899e-02 4.872319999999999863e-04 1.000000000000000000e+00 1.992769999999999958e-02 2.019299999999999914e-02
1.638427556999999979e+00 1.988003799999999918e-02 4.871119999999999942e-04 1.000000000000000000e+00 1.990870000000000140e-02 2.017419999999999977e-02
1.638973699999999978e+00 1.986129999999999840e-02 4.869900000000000249e-04 1.000000000000000000e+00 1.988969999999999974e-02 2.015530000000000099e-02
1.639520024000000076e+00 1.984394899999999962e-02 4.868739999999999873e-04 1.000000000000000000e+00 1.987130000000000146e-02 2.013699999999999865e-02
1.640066530999999994e+00 1.982851999999999879e-02 4.867690000000000146e-04 1.000000000000000000e+00 1.985380000000000131e-02 2.011970000000000078e-02
1.640613220000000094e+00 1.981546000000000002e-02 4.866839999999999773e-04 1.000000000000000000e+00 1.983789999999999859e-02 2.010390000000000094e-02
1.641160090999999932e+00 1.980505100000000060e-02 4.866229999999999926e-04 1.000000000000000000e+00 1.982400000000000134e-02 2.009019999999999903e-02
1.641707143999999952e+00 1.979735900000000048e-02 4.865909999999999767e-04 1.000000000000000000e+00 1.981240000000000084e-02 2.007880000000000081e-02
1.642254380000000014e+00 1.979219600000000148e-02 4.865900000000000151e-04 1.000000000000000000e+00 1.980319999999999997e-02 2.006990000000000163e-02
1.642801798000000035e+00 1.978913100000000147e-02 4.866210000000000153e-04 1.000000000000000000e+00 1.979639999999999872e-02 2.006350000000000147e-02
1.643349399000000099e+00 1.978755499999999834e-02 4.866779999999999913e-04 1.000000000000000000e+00 1.979169999999999888e-02 2.005919999999999925e-02
1.643897181999999901e+00 1.978676999999999866e-02 4.867560000000000268e-04 1.000000000000000000e+00 1.978869999999999935e-02 2.005660000000000082e-02
1.644445147000000107e+00 1.978609900000000144e-02 4.868480000000000116e-04 1.000000000000000000e+00 1.978680000000000022e-02 2.005519999999999872e-02
1.644993295999999994e+00 1.978500099999999998e-02 4.869459999999999826e-04 1.000000000000000000e+00 1.978540000000000160e-02 2.005430000000000060e-02
1.645541627000000062e+00 1.978316299999999944e-02 4.870429999999999920e-04 1.000000000000000000e+00 1.978399999999999950e-02 2.005339999999999900e-02
1.646090140999999951e+00 1.978056900000000132e-02 4.871349999999999769e-04 1.000000000000000000e+00 1.978229999999999919e-02 2.005209999999999979e-02
1.646638838000000105e+00 1.977753499999999887e-02 4.872189999999999984e-04 1.000000000000000000e+00 1.978020000000000125e-02 2.005039999999999947e-02
1.647187716999999996e+00 1.977468500000000018e-02 4.872979999999999955e-04 1.000000000000000000e+00 1.977769999999999875e-02 2.004830000000000154e-02
1.647736780000000012e+00 1.977286199999999869e-02 4.873769999999999925e-04 1.000000000000000000e+00 1.977550000000000141e-02 2.004639999999999894e-02
1.648286024999999988e+00 1.977297600000000113e-02 4.874640000000000071e-04 1.000000000000000000e+00 1.977399999999999991e-02 2.004519999999999913e-02
1.648835454000000089e+00 1.977582400000000087e-02 4.875680000000000183e-04 1.000000000000000000e+00 1.977399999999999991e-02 2.004560000000000022e-02
1.649385066000000011e+00 1.978191799999999903e-02 4.876980000000000052e-04 1.000000000000000000e+00 1.977620000000000072e-02 2.004809999999999925e-02
1.649934860999999975e+00 1.979138700000000056e-02 4.878610000000000238e-04 1.000000000000000000e+00 1.978109999999999938e-02 2.005349999999999841e-02
1.650484838999999981e+00 1.980395500000000156e-02 4.880609999999999745e-04 1.000000000000000000e+00 1.978900000000000103e-02 2.006180000000000116e-02
1.651035000999999891e+00 1.981902799999999895e-02 4.882969999999999498e-04 1.000000000000000000e+00 1.979969999999999994e-02 2.007300000000000056e-02
1.651585346000000065e+00 1.983584099999999989e-02 4.885640000000000338e-04 1.000000000000000000e+00 1.981290000000000134e-02 2.008679999999999841e-02
1.652135874000000060e+00 1.985363199999999953e-02 4.888559999999999694e-04 1.000000000000000000e+00 1.982799999999999840e-02 2.010249999999999884e-02
1.652686585999999958e+00 1.987178399999999998e-02 4.891659999999999715e-04 1.000000000000000000e+00 1.984450000000000103e-02 2.011960000000000137e-02
1.653237481999999980e+00 1.988989500000000119e-02 4.894850000000000069e-04 1.000000000000000000e+00 1.986169999999999949e-02 2.013749999999999915e-02
1.653788561000000046e+00 1.990777399999999961e-02 4.898100000000000284e-04 1.000000000000000000e+00 1.987919999999999965e-02 2.015569999999999862e-02
1.654339824000000014e+00 1.992535499999999876e-02 4.901350000000000498e-04 1.000000000000000000e+00 1.989689999999999862e-02 2.017410000000000037e-02
1.654891270000000025e+00 1.994261099999999898e-02 4.904589999999999471e-04 1.000000000000000000e+00 1.991439999999999877e-02 2.019229999999999983e-02
1.655442901000000022e+00 1.995944300000000032e-02 4.907789999999999982e-04 1.000000000000000000e+00 1.993179999999999952e-02 2.021039999999999989e-02
1.655994715000000062e+00 1.997561499999999865e-02 4.910949999999999864e-04 1.000000000000000000e+00 1.994879999999999917e-02 2.022799999999999945e-02
1.656546713000000004e+00 1.999071800000000107e-02 4.914020000000000497e-04 1.000000000000000000e+00 1.996529999999999833e-02 2.024509999999999851e-02
1.657098895000000072e+00 2.000416000000000000e-02 4.916950000000000010e-04 1.000000000000000000e+00 1.998079999999999995e-02 2.026120000000000004e-02
1.657651261999999903e+00 2.001516500000000143e-02 4.919699999999999941e-04 1.000000000000000000e+00 1.999480000000000007e-02 2.027570000000000067e-02
1.658203811999999999e+00 2.002275400000000025e-02 4.922169999999999801e-04 1.000000000000000000e+00 2.000659999999999938e-02 2.028800000000000048e-02
1.658756547000000081e+00 2.002570700000000023e-02 4.924250000000000025e-04 1.000000000000000000e+00 2.001520000000000035e-02 2.029709999999999848e-02
1.659309466000000066e+00 2.002251299999999873e-02 4.925829999999999965e-04 1.000000000000000000e+00 2.001949999999999910e-02 2.030179999999999832e-02
1.659862568999999954e+00 2.001136099999999834e-02 4.926750000000000356e-04 1.000000000000000000e+00 2.001819999999999988e-02 2.030080000000000079e-02
1.660415855999999968e+00 1.999027499999999832e-02 4.926800000000000060e-04 1.000000000000000000e+00 2.000949999999999951e-02 2.029239999999999863e-02
1.660969327999999967e+00 1.995745800000000084e-02 4.925799999999999493e-04 1.000000000000000000e+00 1.999160000000000173e-02 2.027479999999999907e-02
1.661522984999999952e+00 1.991191700000000120e-02 4.923529999999999530e-04 1.000000000000000000e+00 1.996320000000000039e-02 2.024650000000000061e-02
1.662076826000000063e+00 1.985425500000000121e-02 4.919899999999999838e-04 1.000000000000000000e+00 1.992319999999999855e-02 2.020649999999999877e-02
1.662630851000000076e+00 1.978740799999999939e-02 4.914939999999999804e-04 1.000000000000000000e+00 1.987200000000000077e-02 2.015520000000000159e-02
1.663185061999999936e+00 1.971697899999999906e-02 4.908920000000000427e-04 1.000000000000000000e+00 1.981209999999999916e-02 2.009510000000000116e-02
1.663739456999999922e+00 1.965084500000000012e-02 4.902360000000000138e-04 1.000000000000000000e+00 1.974800000000000166e-02 2.003059999999999910e-02
1.664294036000000032e+00 1.959791799999999889e-02 4.896030000000000217e-04 1.000000000000000000e+00 1.968599999999999864e-02 1.996840000000000073e-02
1.664848800999999989e+00 1.956626100000000146e-02 4.890849999999999972e-04 1.000000000000000000e+00 1.963379999999999986e-02 1.991590000000000027e-02
1.665403750999999932e+00 1.956110900000000014e-02 4.887669999999999775e-04 1.000000000000000000e+00 1.959829999999999905e-02 1.988039999999999946e-02
1.665958885000000000e+00 1.958344399999999846e-02 4.887129999999999946e-04 1.000000000000000000e+00 1.958460000000000062e-02 1.986699999999999924e-02
1.666514204999999915e+00 1.962966299999999858e-02 4.889459999999999770e-04 1.000000000000000000e+00 1.959469999999999962e-02 1.987759999999999874e-02
1.667069710000000038e+00 1.969248800000000105e-02 4.894469999999999507e-04 1.000000000000000000e+00 1.962679999999999980e-02 1.991060000000000052e-02
1.667625399999999924e+00 1.976277900000000115e-02 4.901550000000000394e-04 1.000000000000000000e+00 1.967589999999999964e-02 1.996080000000000076e-02
1.668181275000000019e+00 1.983164100000000055e-02 4.909849999999999891e-04 1.000000000000000000e+00 1.973520000000000135e-02 2.002129999999999882e-02
1.668737335000000099e+00 1.989214900000000133e-02 4.918470000000000090e-04 1.000000000000000000e+00 1.979699999999999863e-02 2.008450000000000166e-02
1.669293581000000026e+00 1.994024299999999986e-02 4.926629999999999551e-04 1.000000000000000000e+00 1.985510000000000053e-02 2.014379999999999990e-02
1.669850011999999939e+00 1.997474100000000072e-02 4.933780000000000457e-04 1.000000000000000000e+00 1.990480000000000027e-02 2.019460000000000005e-02
1.670406628999999921e+00 1.999669000000000099e-02 4.939649999999999640e-04 1.000000000000000000e+00 1.994390000000000052e-02 2.023470000000000130e-02
1.670963431000000110e+00 2.000842800000000171e-02 4.944189999999999566e-04 1.000000000000000000e+00 1.997200000000000017e-02 2.026369999999999907e-02
1.671520418999999924e+00 2.001272000000000120e-02 4.947540000000000271e-04 1.000000000000000000e+00 1.999019999999999964e-02 2.028260000000000132e-02
1.672077591999999946e+00 2.001214200000000012e-02 4.949919999999999798e-04 1.000000000000000000e+00 2.000029999999999863e-02 2.029330000000000023e-02
1.672634951000000036e+00 2.000876099999999991e-02 4.951590000000000071e-04 1.000000000000000000e+00 2.000450000000000145e-02 2.029809999999999948e-02
1.673192495999999974e+00 2.000406500000000143e-02 4.952770000000000219e-04 1.000000000000000000e+00 2.000460000000000085e-02 2.029869999999999938e-02
1.673750226999999979e+00 1.999901399999999899e-02 4.953660000000000138e-04 1.000000000000000000e+00 2.000240000000000004e-02 2.029689999999999966e-02
1.674308144000000054e+00 1.999417599999999892e-02 4.954389999999999706e-04 1.000000000000000000e+00 1.999880000000000060e-02 2.029380000000000073e-02
1.674866246999999975e+00 1.998986900000000039e-02 4.955060000000000497e-04 1.000000000000000000e+00 1.999480000000000007e-02 2.029020000000000129e-02
1.675424535000000104e+00 1.998627000000000042e-02 4.955730000000000204e-04 1.000000000000000000e+00 1.999089999999999895e-02 2.028659999999999838e-02
1.675983009999999940e+00 1.998347500000000054e-02 4.956449999999999615e-04 1.000000000000000000e+00 1.998729999999999951e-02 2.028349999999999945e-02
1.676541671000000067e+00 1.998149899999999979e-02 4.957240000000000127e-04 1.000000000000000000e+00 1.998429999999999998e-02 2.028090000000000101e-02
1.677100518999999901e+00 1.998021900000000045e-02 4.958109999999999731e-04 1.000000000000000000e+00 1.998199999999999976e-02 2.027899999999999842e-02
1.677659551999999943e+00 1.997934999999999989e-02 4.959059999999999510e-04 1.000000000000000000e+00 1.998029999999999945e-02 2.027769999999999920e-02
1.678218771999999914e+00 1.997844899999999882e-02 4.960060000000000077e-04 1.000000000000000000e+00 1.997890000000000083e-02 2.027680000000000107e-02
1.678778177999999954e+00 1.997701799999999916e-02 4.961069999999999716e-04 1.000000000000000000e+00 1.997770000000000101e-02 2.027599999999999889e-02
1.679337770999999924e+00 1.997464900000000057e-02 4.962049999999999968e-04 1.000000000000000000e+00 1.997610000000000011e-02 2.027489999999999848e-02
1.679897549999999962e+00 1.997117600000000021e-02 4.962950000000000044e-04 1.000000000000000000e+00 1.997389999999999929e-02 2.027320000000000164e-02
1.680457515999999929e+00 1.996675800000000112e-02 4.963730000000000399e-04 1.000000000000000000e+00 1.997089999999999976e-02 2.027059999999999973e-02
1.681017667999999965e+00 1.996186600000000172e-02 4.964420000000000421e-04 1.000000000000000000e+00 1.996720000000000092e-02 2.026719999999999910e-02
1.681578008000000013e+00 1.995717899999999850e-02 4.965030000000000268e-04 1.000000000000000000e+00 1.996300000000000158e-02 2.026350000000000026e-02
1.682138533999999908e+00 1.995340300000000150e-02 4.965629999999999957e-04 1.000000000000000000e+00 1.995900000000000105e-02 2.025969999999999854e-02
1.682699246999999954e+00 1.995108900000000171e-02 4.966289999999999507e-04 1.000000000000000000e+00 1.995550000000000102e-02 2.025659999999999961e-02
1.683260146000000068e+00 1.995048599999999991e-02 4.967059999999999705e-04 1.000000000000000000e+00 1.995310000000000139e-02 2.025450000000000167e-02
1.683821232999999973e+00 1.995147200000000134e-02 4.967980000000000096e-04 1.000000000000000000e+00 1.995210000000000039e-02 2.025369999999999948e-02
1.684382507000000029e+00 1.995359000000000022e-02 4.969059999999999753e-04 1.000000000000000000e+00 1.995229999999999920e-02 2.025429999999999939e-02
1.684943968000000014e+00 1.995617200000000119e-02 4.970270000000000373e-04 1.000000000000000000e+00 1.995359999999999842e-02 2.025590000000000029e-02
1.685505615999999929e+00 1.995849400000000023e-02 4.971549999999999928e-04 1.000000000000000000e+00 1.995550000000000102e-02 2.025810000000000111e-02
1.686067450999999995e+00 1.995993700000000051e-02 4.972839999999999639e-04 1.000000000000000000e+00 1.995730000000000073e-02 2.026029999999999845e-02
1.686629472999999990e+00 1.996009099999999925e-02 4.974069999999999490e-04 1.000000000000000000e+00 1.995850000000000055e-02 2.026189999999999936e-02
1.687191682999999998e+00 1.995880900000000097e-02 4.975189999999999777e-04 1.000000000000000000e+00 1.995879999999999876e-02 2.026259999999999867e-02
1.687754079999999934e+00 1.995622400000000157e-02 4.976190000000000344e-04 1.000000000000000000e+00 1.995790000000000064e-02 2.026210000000000164e-02
1.688316665000000105e+00 1.995272600000000049e-02 4.977059999999999948e-04 1.000000000000000000e+00 1.995589999999999864e-02 2.026050000000000073e-02
1.688879436999999983e+00 1.994890399999999994e-02 4.977819999999999988e-04 1.000000000000000000e+00 1.995310000000000139e-02 2.025800000000000170e-02
1.689442397000000096e+00 1.994543699999999989e-02 4.978540000000000482e-04 1.000000000000000000e+00 1.994989999999999958e-02 2.025520000000000098e-02
1.690005544999999998e+00 1.994294300000000117e-02 4.979270000000000050e-04 1.000000000000000000e+00 1.994690000000000005e-02 2.025249999999999967e-02
1.690568880000000052e+00 1.994180900000000131e-02 4.980059999999999478e-04 1.000000000000000000e+00 1.994450000000000042e-02 2.025050000000000114e-02
1.691132402999999895e+00 1.994208000000000092e-02 4.980969999999999712e-04 1.000000000000000000e+00 1.994320000000000120e-02 2.024950000000000014e-02
1.691696112999999890e+00 1.994343200000000052e-02 4.981999999999999667e-04 1.000000000000000000e+00 1.994309999999999833e-02 2.024969999999999895e-02
1.692260011999999980e+00 1.994526199999999833e-02 4.983130000000000111e-04 1.000000000000000000e+00 1.994399999999999992e-02 2.025079999999999936e-02
1.692824099000000082e+00 1.994686400000000165e-02 4.984310000000000259e-04 1.000000000000000000e+00 1.994529999999999914e-02 2.025240000000000026e-02
1.693388373999999974e+00 1.994762099999999871e-02 4.985470000000000092e-04 1.000000000000000000e+00 1.994670000000000123e-02 2.025410000000000058e-02
1.693952836000000017e+00 1.994716499999999934e-02 4.986559999999999908e-04 1.000000000000000000e+00 1.994759999999999936e-02 2.025520000000000098e-02
1.694517486999999933e+00 1.994546399999999955e-02 4.987519999999999844e-04 1.000000000000000000e+00 1.994759999999999936e-02 2.025530000000000039e-02
1.695082326000000084e+00 1.994278899999999896e-02 4.988360000000000060e-04 1.000000000000000000e+00 1.994649999999999895e-02 2.025439999999999879e-02
1.695647354000000107e+00 1.993960599999999861e-02 4.989089999999999627e-04 1.000000000000000000e+00 1.994440000000000102e-02 2.025249999999999967e-02
1.696212569999999920e+00 1.993640799999999921e-02 4.989750000000000262e-04 1.000000000000000000e+00 1.994179999999999911e-02 2.025000000000000064e-02
1.696777973999999967e+00 1.993354899999999832e-02 4.990399999999999654e-04 1.000000000000000000e+00 1.993879999999999958e-02 2.024729999999999933e-02
1.697343567000000109e+00 1.993114199999999891e-02 4.991070000000000445e-04 1.000000000000000000e+00 1.993580000000000005e-02 2.024449999999999861e-02
1.697909348000000040e+00 1.992905500000000107e-02 4.991800000000000013e-04 1.000000000000000000e+00 1.993299999999999933e-02 2.024209999999999898e-02
1.698475316999999984e+00 1.992698700000000017e-02 4.992580000000000368e-04 1.000000000000000000e+00 1.993050000000000030e-02 2.023979999999999876e-02
1.699041476000000106e+00 1.992459699999999875e-02 4.993379999999999954e-04 1.000000000000000000e+00 1.992800000000000127e-02 2.023770000000000083e-02
1.699607823000000018e+00 1.992160899999999984e-02 4.994170000000000467e-04 1.000000000000000000e+00 1.992529999999999996e-02 2.023540000000000061e-02
1.700174359000000024e+00 1.991784799999999842e-02 4.994930000000000507e-04 1.000000000000000000e+00 1.992230000000000043e-02 2.023269999999999930e-02
1.700741083999999903e+00 1.991320400000000032e-02 4.995600000000000214e-04 1.000000000000000000e+00 1.991880000000000039e-02 2.022960000000000036e-02
1.701307998000000099e+00 1.990756000000000123e-02 4.996179999999999588e-04 1.000000000000000000e+00 1.991460000000000105e-02 2.022569999999999923e-02
1.701875100000000085e+00 1.990072999999999842e-02 4.996630000000000169e-04 1.000000000000000000e+00 1.990959999999999952e-02 2.022089999999999999e-02
1.702442392000000027e+00 1.989246999999999890e-02 4.996920000000000398e-04 1.000000000000000000e+00 1.990350000000000105e-02 2.021490000000000092e-02
1.703009873000000063e+00 1.988254899999999936e-02 4.997019999999999804e-04 1.000000000000000000e+00 1.989609999999999990e-02 2.020769999999999858e-02
1.703577542999999972e+00 1.987090700000000015e-02 4.996920000000000398e-04 1.000000000000000000e+00 1.988720000000000071e-02 2.019879999999999939e-02
1.704145401999999976e+00 1.985780700000000162e-02 4.996609999999999854e-04 1.000000000000000000e+00 1.987660000000000121e-02 2.018829999999999930e-02
1.704713450000000075e+00 1.984396999999999897e-02 4.996119999999999728e-04 1.000000000000000000e+00 1.986469999999999902e-02 2.017640000000000058e-02
1.705281687999999907e+00 1.983060999999999852e-02 4.995520000000000039e-04 1.000000000000000000e+00 1.985189999999999871e-02 2.016360000000000027e-02
1.705850115000000056e+00 1.981932399999999928e-02 4.994939999999999580e-04 1.000000000000000000e+00 1.983940000000000009e-02 2.015099999999999877e-02
1.706418731999999938e+00 1.981184100000000017e-02 4.994549999999999945e-04 1.000000000000000000e+00 1.982830000000000009e-02 2.014000000000000165e-02
1.706987537999999915e+00 1.980964699999999967e-02 4.994529999999999630e-04 1.000000000000000000e+00 1.982029999999999903e-02 2.013200000000000059e-02
1.707556534000000070e+00 1.981358399999999867e-02 4.995040000000000070e-04 1.000000000000000000e+00 1.981660000000000019e-02 2.012850000000000056e-02
1.708125719999999959e+00 1.982353699999999871e-02 4.996199999999999903e-04 1.000000000000000000e+00 1.981820000000000109e-02 2.013030000000000028e-02
1.708695094999999942e+00 1.983832500000000040e-02 4.998000000000000055e-04 1.000000000000000000e+00 1.982509999999999828e-02 2.013749999999999915e-02
1.709264660000000102e+00 1.985587499999999853e-02 5.000360000000000351e-04 1.000000000000000000e+00 1.983669999999999878e-02 2.014940000000000134e-02
1.709834414999999996e+00 1.987364999999999965e-02 5.003089999999999968e-04 1.000000000000000000e+00 1.985140000000000168e-02 2.016439999999999899e-02
1.710404360000000068e+00 1.988926099999999836e-02 5.005940000000000389e-04 1.000000000000000000e+00 1.986709999999999865e-02 2.018050000000000052e-02
1.710974494000000012e+00 1.990103899999999884e-02 5.008659999999999848e-04 1.000000000000000000e+00 1.988200000000000037e-02 2.019570000000000046e-02
1.711544818999999995e+00 1.990844500000000031e-02 5.011069999999999847e-04 1.000000000000000000e+00 1.989430000000000018e-02 2.020829999999999849e-02
1.712115333999999933e+00 1.991214499999999915e-02 5.013059999999999738e-04 1.000000000000000000e+00 1.990329999999999877e-02 2.021749999999999936e-02
1.712686039000000049e+00 1.991374900000000142e-02 5.014670000000000152e-04 1.000000000000000000e+00 1.990909999999999902e-02 2.022349999999999842e-02
1.713256934999999981e+00 1.991526100000000007e-02 5.016009999999999566e-04 1.000000000000000000e+00 1.991280000000000133e-02 2.022730000000000014e-02
1.713828020000000008e+00 1.991842300000000107e-02 5.017280000000000047e-04 1.000000000000000000e+00 1.991580000000000086e-02 2.023039999999999908e-02
1.714399296000000072e+00 1.992412500000000086e-02 5.018639999999999777e-04 1.000000000000000000e+00 1.991940000000000030e-02 2.023420000000000080e-02
1.714970762999999954e+00 1.993205400000000113e-02 5.020200000000000487e-04 1.000000000000000000e+00 1.992450000000000124e-02 2.023959999999999995e-02
1.715542420000000012e+00 1.994067999999999882e-02 5.021960000000000009e-04 1.000000000000000000e+00 1.993119999999999961e-02 2.024650000000000061e-02
1.716114267000000027e+00 1.994757000000000127e-02 5.023809999999999864e-04 1.000000000000000000e+00 1.993829999999999908e-02 2.025400000000000117e-02
1.716686305000000079e+00 1.994995700000000080e-02 5.025509999999999526e-04 1.000000000000000000e+00 1.994419999999999873e-02 2.026009999999999964e-02
1.717258533999999948e+00 1.994542100000000137e-02 5.026810000000000479e-04 1.000000000000000000e+00 1.994649999999999895e-02 2.026280000000000095e-02
1.717830952999999994e+00 1.993251199999999945e-02 5.027459999999999872e-04 1.000000000000000000e+00 1.994330000000000061e-02 2.025980000000000142e-02
1.718403563999999939e+00 1.991116000000000066e-02 5.027270000000000133e-04 1.000000000000000000e+00 1.993309999999999874e-02 2.024979999999999836e-02
1.718976365000000062e+00 1.988277600000000131e-02 5.026199999999999548e-04 1.000000000000000000e+00 1.991559999999999858e-02 2.023230000000000167e-02
1.719549357000000001e+00 1.985001499999999863e-02 5.024339999999999536e-04 1.000000000000000000e+00 1.989149999999999946e-02 2.020829999999999849e-02
1.720122539999999978e+00 1.981627700000000020e-02 5.021920000000000463e-04 1.000000000000000000e+00 1.986279999999999990e-02 2.017949999999999952e-02
1.720695913999999993e+00 1.978507599999999866e-02 5.019269999999999938e-04 1.000000000000000000e+00 1.983220000000000122e-02 2.014890000000000084e-02
1.721269479999999907e+00 1.975947000000000120e-02 5.016730000000000061e-04 1.000000000000000000e+00 1.980279999999999888e-02 2.011929999999999968e-02
1.721843235999999999e+00 1.974161799999999897e-02 5.014659999999999994e-04 1.000000000000000000e+00 1.977720000000000172e-02 2.009369999999999906e-02
1.722417183999999990e+00 1.973257700000000114e-02 5.013310000000000422e-04 1.000000000000000000e+00 1.975760000000000016e-02 2.007420000000000038e-02
1.722991323000000019e+00 1.973228000000000135e-02 5.012849999999999685e-04 1.000000000000000000e+00 1.974549999999999916e-02 2.006209999999999938e-02
1.723565653000000086e+00 1.973964900000000147e-02 5.013339999999999810e-04 1.000000000000000000e+00 1.974110000000000101e-02 2.005799999999999944e-02
1.724140175000000053e+00 1.975280299999999933e-02 5.014719999999999855e-04 1.000000000000000000e+00 1.974400000000000113e-02 2.006120000000000125e-02
1.724714888999999918e+00 1.976931999999999995e-02 5.016829999999999467e-04 1.000000000000000000e+00 1.975270000000000151e-02 2.007029999999999925e-02
1.725289794000000043e+00 1.978653299999999851e-02 5.019430000000000289e-04 1.000000000000000000e+00 1.976539999999999894e-02 2.008350000000000066e-02
1.725864889999999985e+00 1.980184899999999984e-02 5.022260000000000396e-04 1.000000000000000000e+00 1.977980000000000016e-02 2.009839999999999891e-02
1.726440178999999908e+00 1.981302600000000094e-02 5.025029999999999558e-04 1.000000000000000000e+00 1.979360000000000147e-02 2.011270000000000072e-02
1.727015659000000092e+00 1.981842300000000168e-02 5.027470000000000029e-04 1.000000000000000000e+00 1.980459999999999859e-02 2.012430000000000122e-02
1.727591330999999952e+00 1.981718099999999969e-02 5.029369999999999587e-04 1.000000000000000000e+00 1.981120000000000103e-02 2.013130000000000128e-02
1.728167194000000073e+00 1.980935299999999830e-02 5.030600000000000523e-04 1.000000000000000000e+00 1.981230000000000144e-02 2.013279999999999931e-02
1.728743249999999954e+00 1.979598399999999911e-02 5.031109999999999879e-04 1.000000000000000000e+00 1.980770000000000100e-02 2.012850000000000056e-02
1.729319497999999955e+00 1.977904899999999994e-02 5.030980000000000001e-04 1.000000000000000000e+00 1.979799999999999963e-02 2.011889999999999859e-02
1.729895938000000077e+00 1.976120099999999907e-02 5.030380000000000311e-04 1.000000000000000000e+00 1.978459999999999941e-02 2.010560000000000125e-02
1.730472570000000099e+00 1.974529400000000004e-02 5.029550000000000253e-04 1.000000000000000000e+00 1.976949999999999888e-02 2.009060000000000012e-02
1.731049394000000019e+00 1.973371200000000047e-02 5.028800000000000370e-04 1.000000000000000000e+00 1.975510000000000113e-02 2.007619999999999891e-02
1.731626410000000060e+00 1.972776799999999969e-02 5.028399999999999493e-04 1.000000000000000000e+00 1.974350000000000063e-02 2.006470000000000128e-02
1.732203619000000083e+00 1.972738599999999953e-02 5.028510000000000141e-04 1.000000000000000000e+00 1.973590000000000066e-02 2.005730000000000013e-02
1.732781020000000005e+00 1.973124199999999953e-02 5.029200000000000163e-04 1.000000000000000000e+00 1.973290000000000113e-02 2.005449999999999941e-02
1.733358613999999909e+00 1.973734400000000042e-02 5.030380000000000311e-04 1.000000000000000000e+00 1.973360000000000045e-02 2.005559999999999982e-02
1.733936399999999933e+00 1.974374799999999847e-02 5.031909999999999465e-04 1.000000000000000000e+00 1.973690000000000166e-02 2.005940000000000153e-02
1.734514378999999940e+00 1.974911700000000006e-02 5.033610000000000211e-04 1.000000000000000000e+00 1.974139999999999923e-02 2.006430000000000019e-02
1.735092550000000067e+00 1.975285400000000025e-02 5.035309999999999873e-04 1.000000000000000000e+00 1.974570000000000145e-02 2.006919999999999885e-02
1.735670915000000036e+00 1.975484799999999846e-02 5.036920000000000286e-04 1.000000000000000000e+00 1.974930000000000088e-02 2.007329999999999878e-02
1.736249471999999905e+00 1.975502999999999981e-02 5.038389999999999579e-04 1.000000000000000000e+00 1.975160000000000110e-02 2.007619999999999891e-02
1.736828220999999894e+00 1.975306699999999915e-02 5.039660000000000060e-04 1.000000000000000000e+00 1.975249999999999923e-02 2.007750000000000160e-02
1.737407163999999948e+00 1.974841899999999970e-02 5.040679999999999857e-04 1.000000000000000000e+00 1.975139999999999882e-02 2.007690000000000169e-02
1.737986299999999984e+00 1.974067800000000109e-02 5.041380000000000037e-04 1.000000000000000000e+00 1.974789999999999879e-02 2.007369999999999988e-02
1.738565629000000001e+00 1.972996499999999861e-02 5.041730000000000126e-04 1.000000000000000000e+00 1.974170000000000091e-02 2.006780000000000022e-02
1.739145149999999918e+00 1.971706900000000026e-02 5.041750000000000441e-04 1.000000000000000000e+00 1.973269999999999885e-02 2.005919999999999925e-02
1.739724865999999981e+00 1.970315300000000103e-02 5.041480000000000527e-04 1.000000000000000000e+00 1.972159999999999885e-02 2.004819999999999866e-02
1.740304773999999943e+00 1.968916000000000069e-02 5.041050000000000262e-04 1.000000000000000000e+00 1.970900000000000082e-02 2.003589999999999885e-02
1.740884875000000109e+00 1.967515499999999973e-02 5.040539999999999821e-04 1.000000000000000000e+00 1.969570000000000001e-02 2.002280000000000032e-02
1.741465169999999896e+00 1.966004299999999858e-02 5.039960000000000447e-04 1.000000000000000000e+00 1.968179999999999930e-02 2.000920000000000129e-02
1.742045658999999969e+00 1.964187900000000098e-02 5.039229999999999795e-04 1.000000000000000000e+00 1.966659999999999936e-02 1.999420000000000017e-02
1.742626341000000023e+00 1.961875800000000003e-02 5.038160000000000294e-04 1.000000000000000000e+00 1.964890000000000039e-02 1.997660000000000061e-02
1.743207216000000059e+00 1.958996600000000032e-02 5.036580000000000354e-04 1.000000000000000000e+00 1.962720000000000090e-02 1.995500000000000052e-02
1.743788284999999938e+00 1.955693099999999962e-02 5.034419999999999954e-04 1.000000000000000000e+00 1.960109999999999977e-02 1.992879999999999999e-02
1.744369548000000103e+00 1.952346900000000163e-02 5.031799999999999901e-04 1.000000000000000000e+00 1.957149999999999862e-02 1.989909999999999943e-02
1.744951004000000028e+00 1.949512200000000015e-02 5.029070000000000285e-04 1.000000000000000000e+00 1.954130000000000103e-02 1.986869999999999956e-02
1.745532655000000100e+00 1.947768999999999889e-02 5.026769999999999849e-04 1.000000000000000000e+00 1.951469999999999941e-02 1.984199999999999853e-02
1.746114498999999931e+00 1.947543900000000064e-02 5.025480000000000138e-04 1.000000000000000000e+00 1.949630000000000113e-02 1.982350000000000084e-02
1.746696537000000049e+00 1.948962900000000137e-02 5.025700000000000349e-04 1.000000000000000000e+00 1.948980000000000157e-02 1.981720000000000009e-02
1.747278769000000009e+00 1.951798299999999917e-02 5.027630000000000380e-04 1.000000000000000000e+00 1.949690000000000104e-02 1.982470000000000065e-02
1.747861195999999895e+00 1.955528600000000158e-02 5.031150000000000509e-04 1.000000000000000000e+00 1.951659999999999853e-02 1.984500000000000153e-02
1.748443815999999984e+00 1.959488800000000128e-02 5.035839999999999544e-04 1.000000000000000000e+00 1.954540000000000097e-02 1.987469999999999862e-02
1.749026630999999998e+00 1.963046800000000161e-02 5.041079999999999650e-04 1.000000000000000000e+00 1.957849999999999868e-02 1.990859999999999852e-02
1.749609638999999994e+00 1.965738399999999997e-02 5.046210000000000192e-04 1.000000000000000000e+00 1.961059999999999887e-02 1.994160000000000030e-02
1.750192842999999998e+00 1.967317299999999866e-02 5.050680000000000100e-04 1.000000000000000000e+00 1.963739999999999930e-02 1.996919999999999945e-02
1.750776239999999984e+00 1.967724200000000104e-02 5.054120000000000053e-04 1.000000000000000000e+00 1.965590000000000045e-02 1.998839999999999992e-02
1.751359831999999894e+00 1.967020099999999827e-02 5.056330000000000156e-04 1.000000000000000000e+00 1.966470000000000024e-02 1.999779999999999960e-02
1.751943618999999952e+00 1.965332800000000116e-02 5.057269999999999778e-04 1.000000000000000000e+00 1.966350000000000042e-02 1.999690000000000148e-02
1.752527600000000074e+00 1.962849399999999980e-02 5.056999999999999863e-04 1.000000000000000000e+00 1.965290000000000092e-02 1.998640000000000139e-02
1.753111775999999900e+00 1.959845899999999863e-02 5.055689999999999837e-04 1.000000000000000000e+00 1.963420000000000096e-02 1.996770000000000142e-02
1.753696147000000094e+00 1.956714999999999843e-02 5.053619999999999770e-04 1.000000000000000000e+00 1.960980000000000015e-02 1.994299999999999892e-02
1.754280711999999909e+00 1.953949300000000153e-02 5.051230000000000086e-04 1.000000000000000000e+00 1.958290000000000031e-02 1.991590000000000027e-02
1.754865472000000093e+00 1.952061199999999969e-02 5.049040000000000299e-04 1.000000000000000000e+00 1.955770000000000078e-02 1.989049999999999846e-02
1.755450426999999980e+00 1.951446199999999978e-02 5.047639999999999939e-04 1.000000000000000000e+00 1.953850000000000031e-02 1.987130000000000146e-02
1.756035578000000097e+00 1.952250700000000144e-02 5.047470000000000515e-04 1.000000000000000000e+00 1.952900000000000122e-02 1.986200000000000118e-02
1.756620923000000056e+00 1.954289999999999847e-02 5.048789999999999615e-04 1.000000000000000000e+00 1.953099999999999975e-02 1.986430000000000140e-02
1.757206462999999941e+00 1.957058899999999935e-02 5.051489999999999843e-04 1.000000000000000000e+00 1.954360000000000125e-02 1.987749999999999934e-02
1.757792199000000055e+00 1.959835999999999870e-02 5.055139999999999851e-04 1.000000000000000000e+00 1.956360000000000043e-02 1.989830000000000071e-02
1.758378129000000012e+00 1.961848600000000095e-02 5.059059999999999772e-04 1.000000000000000000e+00 1.958560000000000162e-02 1.992110000000000061e-02
1.758964254999999977e+00 1.962437100000000156e-02 5.062429999999999708e-04 1.000000000000000000e+00 1.960330000000000059e-02 1.993949999999999889e-02
1.759550576999999949e+00 1.961172400000000052e-02 5.064499999999999775e-04 1.000000000000000000e+00 1.961090000000000055e-02 1.994769999999999877e-02
1.760137094000000069e+00 1.957893299999999975e-02 5.064699999999999671e-04 1.000000000000000000e+00 1.960390000000000049e-02 1.994090000000000099e-02
1.760723805999999891e+00 1.952683399999999986e-02 5.062719999999999937e-04 1.000000000000000000e+00 1.957980000000000137e-02 1.991669999999999899e-02
1.761310713999999944e+00 1.945822499999999913e-02 5.058499999999999629e-04 1.000000000000000000e+00 1.953809999999999922e-02 1.987459999999999921e-02
1.761897816999999922e+00 1.937755600000000064e-02 5.052239999999999726e-04 1.000000000000000000e+00 1.948029999999999901e-02 1.981609999999999969e-02
1.762485116999999990e+00 1.929091000000000139e-02 5.044350000000000179e-04 1.000000000000000000e+00 1.940980000000000136e-02 1.974470000000000044e-02
1.763072611999999983e+00 1.920607499999999954e-02 5.035499999999999612e-04 1.000000000000000000e+00 1.933170000000000027e-02 1.966549999999999895e-02
1.763660302999999985e+00 1.913216599999999906e-02 5.026520000000000250e-04 1.000000000000000000e+00 1.925270000000000106e-02 1.958549999999999874e-02
1.764248188999999911e+00 1.907846100000000142e-02 5.018450000000000038e-04 1.000000000000000000e+00 1.918090000000000073e-02 1.951280000000000028e-02
1.764836271999999928e+00 1.905248400000000147e-02 5.012320000000000013e-04 1.000000000000000000e+00 1.912459999999999855e-02 1.945579999999999879e-02
1.765424550999999953e+00 1.905785800000000044e-02 5.009049999999999484e-04 1.000000000000000000e+00 1.909080000000000152e-02 1.942170000000000007e-02
1.766013025999999986e+00 1.909289100000000072e-02 5.009149999999999974e-04 1.000000000000000000e+00 1.908340000000000036e-02 1.941450000000000120e-02
1.766601697000000026e+00 1.915058000000000038e-02 5.012610000000000243e-04 1.000000000000000000e+00 1.910239999999999855e-02 1.943419999999999870e-02
1.767190564000000075e+00 1.922017599999999854e-02 5.018880000000000303e-04 1.000000000000000000e+00 1.914340000000000139e-02 1.947609999999999966e-02
1.767779627999999992e+00 1.928978300000000132e-02 5.026930000000000200e-04 1.000000000000000000e+00 1.919840000000000088e-02 1.953239999999999837e-02
1.768368887000000056e+00 1.934887999999999886e-02 5.035569999999999630e-04 1.000000000000000000e+00 1.925800000000000081e-02 1.959330000000000099e-02
1.768958344000000071e+00 1.939001500000000003e-02 5.043619999999999527e-04 1.000000000000000000e+00 1.931290000000000090e-02 1.964950000000000030e-02
1.769547996000000012e+00 1.940920900000000018e-02 5.050130000000000114e-04 1.000000000000000000e+00 1.935579999999999939e-02 1.969339999999999979e-02
1.770137845999999904e+00 1.940543000000000129e-02 5.054459999999999986e-04 1.000000000000000000e+00 1.938149999999999942e-02 1.971989999999999854e-02
1.770727892000000026e+00 1.937964999999999827e-02 5.056280000000000453e-04 1.000000000000000000e+00 1.938760000000000136e-02 1.972629999999999870e-02
1.771318133999999933e+00 1.933419899999999983e-02 5.055520000000000413e-04 1.000000000000000000e+00 1.937339999999999895e-02 1.971209999999999976e-02
1.771908574000000014e+00 1.927251099999999912e-02 5.052319999999999901e-04 1.000000000000000000e+00 1.933999999999999955e-02 1.967850000000000155e-02
1.772499210000000103e+00 1.919905100000000170e-02 5.046989999999999463e-04 1.000000000000000000e+00 1.929000000000000159e-02 1.962780000000000080e-02
1.773090043000000060e+00 1.911906000000000022e-02 5.039979999999999677e-04 1.000000000000000000e+00 1.922690000000000163e-02 1.956389999999999865e-02
1.773681073000000108e+00 1.903796199999999855e-02 5.031880000000000077e-04 1.000000000000000000e+00 1.915520000000000070e-02 1.949120000000000019e-02
1.774272300000000024e+00 1.896037500000000153e-02 5.023280000000000193e-04 1.000000000000000000e+00 1.907959999999999864e-02 1.941470000000000001e-02
1.774863724000000031e+00 1.888935200000000161e-02 5.014740000000000170e-04 1.000000000000000000e+00 1.900459999999999997e-02 1.933870000000000033e-02
1.775455344999999907e+00 1.882604200000000116e-02 5.006690000000000272e-04 1.000000000000000000e+00 1.893330000000000013e-02 1.926659999999999831e-02
1.776047163999999956e+00 1.877006599999999845e-02 4.999359999999999785e-04 1.000000000000000000e+00 1.886770000000000114e-02 1.920010000000000119e-02
1.776639180000000096e+00 1.872024200000000152e-02 4.992819999999999810e-04 1.000000000000000000e+00 1.880820000000000061e-02 1.914000000000000076e-02
1.777231393000000104e+00 1.867535099999999976e-02 4.987029999999999718e-04 1.000000000000000000e+00 1.875450000000000034e-02 1.908589999999999939e-02
1.777823802999999980e+00 1.863442499999999960e-02 4.981900000000000260e-04 1.000000000000000000e+00 1.870609999999999981e-02 1.903710000000000124e-02
1.778416411000000030e+00 1.859641299999999914e-02 4.977329999999999862e-04 1.000000000000000000e+00 1.866210000000000091e-02 1.899270000000000125e-02
1.779009217000000032e+00 1.855949299999999982e-02 4.973170000000000498e-04 1.000000000000000000e+00 1.862139999999999976e-02 1.895169999999999841e-02
1.779602219999999901e+00 1.852046599999999932e-02 4.969179999999999474e-04 1.000000000000000000e+00 1.858210000000000070e-02 1.891210000000000113e-02
1.780195420000000084e+00 1.847484199999999827e-02 4.965020000000000110e-04 1.000000000000000000e+00 1.854139999999999955e-02 1.887120000000000117e-02
1.780788819000000078e+00 1.841792999999999902e-02 4.960179999999999798e-04 1.000000000000000000e+00 1.849570000000000033e-02 1.882510000000000086e-02
1.781382414999999941e+00 1.834675599999999879e-02 4.954169999999999494e-04 1.000000000000000000e+00 1.844109999999999847e-02 1.876999999999999849e-02
1.781976208999999978e+00 1.826221100000000042e-02 4.946640000000000195e-04 1.000000000000000000e+00 1.837509999999999838e-02 1.870319999999999969e-02
1.782570200999999965e+00 1.817043399999999920e-02 4.937649999999999591e-04 1.000000000000000000e+00 1.829829999999999998e-02 1.862540000000000029e-02
1.783164390999999904e+00 1.808247199999999874e-02 4.927759999999999996e-04 1.000000000000000000e+00 1.821489999999999915e-02 1.854089999999999905e-02
1.783758779000000017e+00 1.801194600000000090e-02 4.918060000000000140e-04 1.000000000000000000e+00 1.813340000000000091e-02 1.845820000000000100e-02
1.784353365999999941e+00 1.797100999999999907e-02 4.909960000000000539e-04 1.000000000000000000e+00 1.806440000000000129e-02 1.838829999999999978e-02
1.784948149999999956e+00 1.796602900000000141e-02 4.904809999999999682e-04 1.000000000000000000e+00 1.801780000000000048e-02 1.834109999999999907e-02
1.785543133000000005e+00 1.799447599999999883e-02 4.903439999999999795e-04 1.000000000000000000e+00 1.799979999999999983e-02 1.832299999999999901e-02
1.786138314000000005e+00 1.804429399999999892e-02 4.905810000000000249e-04 1.000000000000000000e+00 1.800970000000000001e-02 1.833349999999999910e-02
1.786733692999999956e+00 1.809629499999999835e-02 4.910890000000000003e-04 1.000000000000000000e+00 1.803980000000000167e-02 1.836439999999999947e-02
1.787329270999999942e+00 1.812872800000000020e-02 4.916809999999999974e-04 1.000000000000000000e+00 1.807589999999999891e-02 1.840160000000000060e-02
1.787925047999999961e+00 1.812270499999999937e-02 4.921290000000000039e-04 1.000000000000000000e+00 1.810099999999999903e-02 1.842740000000000003e-02
1.788521022999999932e+00 1.806688399999999833e-02 4.922169999999999801e-04 1.000000000000000000e+00 1.809880000000000169e-02 1.842550000000000091e-02
1.789117196000000076e+00 1.795995200000000125e-02 4.917940000000000419e-04 1.000000000000000000e+00 1.805790000000000173e-02 1.838439999999999866e-02
1.789713568999999893e+00 1.781056699999999937e-02 4.908020000000000351e-04 1.000000000000000000e+00 1.797450000000000089e-02 1.829980000000000148e-02
1.790310140000000105e+00 1.763482300000000086e-02 4.892899999999999723e-04 1.000000000000000000e+00 1.785250000000000031e-02 1.817589999999999831e-02
1.790906909999999908e+00 1.745226700000000047e-02 4.873960000000000206e-04 1.000000000000000000e+00 1.770259999999999889e-02 1.802360000000000073e-02
1.791503878999999966e+00 1.728140400000000021e-02 4.853160000000000134e-04 1.000000000000000000e+00 1.753949999999999954e-02 1.785799999999999887e-02
1.792101047000000058e+00 1.713580500000000048e-02 4.832559999999999959e-04 1.000000000000000000e+00 1.737889999999999921e-02 1.769470000000000071e-02
1.792698413999999962e+00 1.702148599999999887e-02 4.813910000000000129e-04 1.000000000000000000e+00 1.723310000000000120e-02 1.754669999999999841e-02
1.793295979999999901e+00 1.693586000000000050e-02 4.798240000000000057e-04 1.000000000000000000e+00 1.710980000000000140e-02 1.742149999999999949e-02
1.793893745000000095e+00 1.686811900000000086e-02 4.785670000000000006e-04 1.000000000000000000e+00 1.700930000000000150e-02 1.731960000000000097e-02
1.794491709999999962e+00 1.680092099999999991e-02 4.775320000000000216e-04 1.000000000000000000e+00 1.692509999999999848e-02 1.723430000000000101e-02
1.795089874000000085e+00 1.671296200000000134e-02 4.765449999999999851e-04 1.000000000000000000e+00 1.684449999999999836e-02 1.715260000000000049e-02
1.795688237000000020e+00 1.658234800000000023e-02 4.753690000000000086e-04 1.000000000000000000e+00 1.675029999999999922e-02 1.705720000000000153e-02
1.796286800000000072e+00 1.639085900000000068e-02 4.737440000000000097e-04 1.000000000000000000e+00 1.662399999999999989e-02 1.692899999999999960e-02
1.796885561999999936e+00 1.612849200000000122e-02 4.714329999999999975e-04 1.000000000000000000e+00 1.644899999999999834e-02 1.675120000000000081e-02
1.797484523999999917e+00 1.579766800000000082e-02 4.682779999999999777e-04 1.000000000000000000e+00 1.621500000000000025e-02 1.651319999999999871e-02
1.798083686000000014e+00 1.541542000000000086e-02 4.642520000000000132e-04 1.000000000000000000e+00 1.592119999999999994e-02 1.621420000000000153e-02
1.798683046999999924e+00 1.501218500000000081e-02 4.594900000000000069e-04 1.000000000000000000e+00 1.557889999999999969e-02 1.586589999999999875e-02
1.799282607999999950e+00 1.462650100000000009e-02 4.542969999999999908e-04 1.000000000000000000e+00 1.521070000000000061e-02 1.549120000000000011e-02
1.799882369000000093e+00 1.429617199999999935e-02 4.491060000000000061e-04 1.000000000000000000e+00 1.484700000000000082e-02 1.512100000000000076e-02
1.800482329000000048e+00 1.404853799999999930e-02 4.443830000000000176e-04 1.000000000000000000e+00 1.451940000000000001e-02 1.478759999999999970e-02
1.801082489999999980e+00 1.389313699999999985e-02 4.405240000000000262e-04 1.000000000000000000e+00 1.425320000000000059e-02 1.451679999999999984e-02
1.801682851000000030e+00 1.381966700000000076e-02 4.377450000000000178e-04 1.000000000000000000e+00 1.406109999999999999e-02 1.432139999999999976e-02
1.802283411999999974e+00 1.380224199999999929e-02 4.360310000000000271e-04 1.000000000000000000e+00 1.394059999999999917e-02 1.419899999999999982e-02
1.802884173000000034e+00 1.380845699999999968e-02 4.351599999999999739e-04 1.000000000000000000e+00 1.387629999999999940e-02 1.413370000000000078e-02
1.803485135000000072e+00 1.380978599999999924e-02 4.347889999999999871e-04 1.000000000000000000e+00 1.384510000000000081e-02 1.410229999999999990e-02
1.804086295999999923e+00 1.378913000000000014e-02 4.345719999999999856e-04 1.000000000000000000e+00 1.382410000000000062e-02 1.408120000000000031e-02
1.804687657999999972e+00 1.374263199999999942e-02 4.342549999999999817e-04 1.000000000000000000e+00 1.379670000000000028e-02 1.405359999999999943e-02
1.805289221000000000e+00 1.367565400000000063e-02 4.337160000000000060e-04 1.000000000000000000e+00 1.375490000000000046e-02 1.401119999999999970e-02
1.805890983999999921e+00 1.359530699999999918e-02 4.329390000000000235e-04 1.000000000000000000e+00 1.369749999999999961e-02 1.395300000000000012e-02
1.806492948000000043e+00 1.350348600000000031e-02 4.319500000000000097e-04 1.000000000000000000e+00 1.362640000000000032e-02 1.388089999999999984e-02
1.807095112000000059e+00 1.339424200000000065e-02 4.307450000000000103e-04 1.000000000000000000e+00 1.354140000000000031e-02 1.379449999999999947e-02
1.807697477000000053e+00 1.325636600000000033e-02 4.292559999999999844e-04 1.000000000000000000e+00 1.343789999999999915e-02 1.368929999999999973e-02
1.808300043000000024e+00 1.308019600000000053e-02 4.273619999999999784e-04 1.000000000000000000e+00 1.330849999999999915e-02 1.355770000000000065e-02
1.808902809999999972e+00 1.286470900000000021e-02 4.249559999999999883e-04 1.000000000000000000e+00 1.314650000000000020e-02 1.339300000000000039e-02
1.809505777000000037e+00 1.262106799999999918e-02 4.220159999999999927e-04 1.000000000000000000e+00 1.295100000000000071e-02 1.319419999999999968e-02
1.810108945999999941e+00 1.237079599999999988e-02 4.186509999999999732e-04 1.000000000000000000e+00 1.272990000000000059e-02 1.296920000000000017e-02
1.810712314999999961e+00 1.213915399999999922e-02 4.150970000000000137e-04 1.000000000000000000e+00 1.249849999999999919e-02 1.273389999999999939e-02
1.811315886000000042e+00 1.194681099999999989e-02 4.116599999999999990e-04 1.000000000000000000e+00 1.227619999999999927e-02 1.250790000000000061e-02
1.811919658000000100e+00 1.180332400000000045e-02 4.086210000000000168e-04 1.000000000000000000e+00 1.208039999999999982e-02 1.230879999999999995e-02
1.812523630999999913e+00 1.170495700000000021e-02 4.061550000000000034e-04 1.000000000000000000e+00 1.192140000000000040e-02 1.214720000000000036e-02
1.813127806000000009e+00 1.163686400000000024e-02 4.042820000000000029e-04 1.000000000000000000e+00 1.179969999999999977e-02 1.202370000000000001e-02
1.813732182000000082e+00 1.157772099999999915e-02 4.028680000000000195e-04 1.000000000000000000e+00 1.170700000000000039e-02 1.192950000000000087e-02
1.814336758999999910e+00 1.150452799999999998e-02 4.016639999999999816e-04 1.000000000000000000e+00 1.162780000000000064e-02 1.184920000000000070e-02
1.814941538000000021e+00 1.139605299999999974e-02 4.003650000000000199e-04 1.000000000000000000e+00 1.154370000000000049e-02 1.176370000000000020e-02
1.815546518999999970e+00 1.123494000000000055e-02 3.986519999999999907e-04 1.000000000000000000e+00 1.143560000000000063e-02 1.165369999999999948e-02
1.816151700999999896e+00 1.100998700000000059e-02 3.962400000000000145e-04 1.000000000000000000e+00 1.128670000000000020e-02 1.150200000000000007e-02
1.816757085000000105e+00 1.071955800000000056e-02 3.929170000000000058e-04 1.000000000000000000e+00 1.108499999999999937e-02 1.129660000000000039e-02
1.817362670000000069e+00 1.037570200000000054e-02 3.885989999999999974e-04 1.000000000000000000e+00 1.082690000000000041e-02 1.103359999999999931e-02
1.817968457999999954e+00 1.000680399999999935e-02 3.833900000000000003e-04 1.000000000000000000e+00 1.052009999999999924e-02 1.072110000000000077e-02
1.818574447000000038e+00 9.656240700000000635e-03 3.776359999999999873e-04 1.000000000000000000e+00 1.018639999999999997e-02 1.038110000000000074e-02
1.819180639000000044e+00 9.374861400000000095e-03 3.719260000000000166e-04 1.000000000000000000e+00 9.859929999999999389e-03 1.004850000000000014e-02
1.819787032000000027e+00 9.208362200000000386e-03 3.670170000000000268e-04 1.000000000000000000e+00 9.582210000000000727e-03 9.765720000000000303e-03
1.820393627999999930e+00 9.182647999999999852e-03 3.636560000000000161e-04 1.000000000000000000e+00 9.392229999999999676e-03 9.572390000000000065e-03
1.821000425999999894e+00 9.292868200000000203e-03 3.623510000000000142e-04 1.000000000000000000e+00 9.315340000000000079e-03 9.494340000000000418e-03
1.821607425999999919e+00 9.500354299999999586e-03 3.631700000000000076e-04 1.000000000000000000e+00 9.353880000000000181e-03 9.533969999999999251e-03
1.822214629000000086e+00 9.739879700000000570e-03 3.656539999999999790e-04 1.000000000000000000e+00 9.483550000000000313e-03 9.666479999999999864e-03
1.822822034000000091e+00 9.935427000000000147e-03 3.689170000000000188e-04 1.000000000000000000e+00 9.657169999999999643e-03 9.843760000000000010e-03
1.823429640999999934e+00 1.001946299999999929e-02 3.718700000000000022e-04 1.000000000000000000e+00 9.815290000000000820e-03 1.000520000000000055e-02
1.824037450999999921e+00 9.949278699999999573e-03 3.734930000000000238e-04 1.000000000000000000e+00 9.900360000000000410e-03 1.009220000000000082e-02
1.824645462999999967e+00 9.715456799999999324e-03 3.730469999999999945e-04 1.000000000000000000e+00 9.870189999999999172e-03 1.006160000000000040e-02
1.825253677999999935e+00 9.340473800000000451e-03 3.701900000000000047e-04 1.000000000000000000e+00 9.706390000000000504e-03 9.894840000000000232e-03
1.825862096000000045e+00 8.869391299999999576e-03 3.649960000000000270e-04 1.000000000000000000e+00 9.416159999999999808e-03 9.599160000000000678e-03
1.826470717000000077e+00 8.356701299999999902e-03 3.578879999999999995e-04 1.000000000000000000e+00 9.027560000000000445e-03 9.203199999999999922e-03
1.827079541000000029e+00 7.853837799999999203e-03 3.495190000000000124e-04 1.000000000000000000e+00 8.580839999999999301e-03 8.747990000000000627e-03
1.827688567000000042e+00 7.400375300000000371e-03 3.406370000000000253e-04 1.000000000000000000e+00 8.118830000000000491e-03 8.277170000000000361e-03
1.828297797000000058e+00 7.019722899999999814e-03 3.319539999999999731e-04 1.000000000000000000e+00 7.678800000000000382e-03 7.828750000000000639e-03
1.828907228999999912e+00 6.718323200000000071e-03 3.240310000000000152e-04 1.000000000000000000e+00 7.287140000000000110e-03 7.429619999999999627e-03
1.829516864999999992e+00 6.487145500000000321e-03 3.171989999999999966e-04 1.000000000000000000e+00 6.956750000000000260e-03 7.092929999999999895e-03
1.830126703999999993e+00 6.304745100000000088e-03 3.115150000000000015e-04 1.000000000000000000e+00 6.686850000000000259e-03 6.817880000000000121e-03
1.830736745999999915e+00 6.141605799999999907e-03 3.067629999999999901e-04 1.000000000000000000e+00 6.464590000000000093e-03 6.591370000000000041e-03
1.831346992000000062e+00 5.965881900000000009e-03 3.025099999999999751e-04 1.000000000000000000e+00 6.268369999999999671e-03 6.391390000000000265e-03
1.831957440999999909e+00 5.750328199999999931e-03 2.982029999999999772e-04 1.000000000000000000e+00 6.072609999999999987e-03 6.191860000000000419e-03
1.832568092999999898e+00 5.478885499999999915e-03 2.932990000000000120e-04 1.000000000000000000e+00 5.853579999999999721e-03 5.968590000000000180e-03
1.833178948999999891e+00 5.151237500000000087e-03 2.873870000000000049e-04 1.000000000000000000e+00 5.595069999999999731e-03 5.705069999999999586e-03
1.833790009000000110e+00 4.783522499999999858e-03 2.802959999999999740e-04 1.000000000000000000e+00 5.292650000000000306e-03 5.396770000000000386e-03
1.834401272000000027e+00 4.404566700000000189e-03 2.721490000000000129e-04 1.000000000000000000e+00 4.955110000000000417e-03 5.052670000000000425e-03
1.835012738999999948e+00 4.048664799999999835e-03 2.633590000000000106e-04 1.000000000000000000e+00 4.602440000000000177e-03 4.693150000000000099e-03
1.835624410000000095e+00 3.747226000000000203e-03 2.545539999999999890e-04 1.000000000000000000e+00 4.260980000000000149e-03 4.345060000000000415e-03
1.836236285000000024e+00 3.522267899999999806e-03 2.464599999999999951e-04 1.000000000000000000e+00 3.957249999999999830e-03 4.035460000000000262e-03
1.836848363999999956e+00 3.383905799999999825e-03 2.397520000000000044e-04 1.000000000000000000e+00 3.712640000000000124e-03 3.786149999999999845e-03
1.837460646999999891e+00 3.332289100000000032e-03 2.349340000000000109e-04 1.000000000000000000e+00 3.540499999999999810e-03 3.610729999999999929e-03
1.838073132999999970e+00 3.362411400000000182e-03 2.322880000000000094e-04 1.000000000000000000e+00 3.446400000000000071e-03 3.514900000000000056e-03
1.838685823999999913e+00 3.469140700000000136e-03 2.319029999999999920e-04 1.000000000000000000e+00 3.430710000000000010e-03 3.499040000000000136e-03
1.839298719999999943e+00 3.649495799999999835e-03 2.337440000000000036e-04 1.000000000000000000e+00 3.491769999999999943e-03 3.561439999999999918e-03
1.839911818999999893e+00 3.900677899999999837e-03 2.377009999999999930e-04 1.000000000000000000e+00 3.627449999999999945e-03 3.699950000000000027e-03
1.840525122999999930e+00 4.214579399999999684e-03 2.435759999999999868e-04 1.000000000000000000e+00 3.834259999999999925e-03 3.911000000000000414e-03
1.841138632000000053e+00 4.571454400000000105e-03 2.510109999999999859e-04 1.000000000000000000e+00 4.103779999999999581e-03 4.186010000000000425e-03
1.841752344999999957e+00 4.936276699999999663e-03 2.594149999999999820e-04 1.000000000000000000e+00 4.418369999999999589e-03 4.506999999999999722e-03
1.842366262000000088e+00 5.261008400000000314e-03 2.679560000000000210e-04 1.000000000000000000e+00 4.748640000000000153e-03 4.843959999999999586e-03
1.842980384000000083e+00 5.493563499999999655e-03 2.756500000000000053e-04 1.000000000000000000e+00 5.054860000000000429e-03 5.156390000000000279e-03
1.843594710999999942e+00 5.591571499999999778e-03 2.815170000000000085e-04 1.000000000000000000e+00 5.293329999999999737e-03 5.399710000000000273e-03
1.844209242000000026e+00 5.536318600000000346e-03 2.847759999999999853e-04 1.000000000000000000e+00 5.426509999999999841e-03 5.535629999999999717e-03
1.844823979000000058e+00 5.341659900000000211e-03 2.850250000000000027e-04 1.000000000000000000e+00 5.433870000000000366e-03 5.543199999999999864e-03
1.845438920000000094e+00 5.053639300000000063e-03 2.823689999999999794e-04 1.000000000000000000e+00 5.319550000000000146e-03 5.426639999999999936e-03
1.846054065999999994e+00 4.740128700000000375e-03 2.774569999999999966e-04 1.000000000000000000e+00 5.113620000000000144e-03 5.216659999999999700e-03
1.846669418000000062e+00 4.473148399999999844e-03 2.714099999999999781e-04 1.000000000000000000e+00 4.865880000000000379e-03 4.964040000000000293e-03
1.847284973999999913e+00 4.309639500000000262e-03 2.656159999999999858e-04 1.000000000000000000e+00 4.633510000000000406e-03 4.727119999999999586e-03
1.847900735999999933e+00 4.276936299999999948e-03 2.613940000000000252e-04 1.000000000000000000e+00 4.466470000000000162e-03 4.556880000000000132e-03
1.848516703000000039e+00 4.367440700000000016e-03 2.596179999999999799e-04 1.000000000000000000e+00 4.395149999999999578e-03 4.484300000000000092e-03
1.849132875000000009e+00 4.543873300000000025e-03 2.604600000000000101e-04 1.000000000000000000e+00 4.424049999999999684e-03 4.513979999999999902e-03
1.849749252999999927e+00 4.752664499999999931e-03 2.633800000000000160e-04 1.000000000000000000e+00 4.533159999999999620e-03 4.625480000000000390e-03
1.850365835999999931e+00 4.940621099999999676e-03 2.673849999999999751e-04 1.000000000000000000e+00 4.686039999999999824e-03 4.781630000000000255e-03
1.850982624000000021e+00 5.069409100000000015e-03 2.713999999999999833e-04 1.000000000000000000e+00 4.841650000000000294e-03 4.940550000000000150e-03
1.851599618999999919e+00 5.123432600000000017e-03 2.745779999999999857e-04 1.000000000000000000e+00 4.965859999999999892e-03 5.067420000000000431e-03
1.852216818999999903e+00 5.109692100000000348e-03 2.764660000000000056e-04 1.000000000000000000e+00 5.039189999999999815e-03 5.142339999999999585e-03
1.852834223999999974e+00 5.050921699999999688e-03 2.770240000000000094e-04 1.000000000000000000e+00 5.059000000000000129e-03 5.162650000000000398e-03
1.853451836000000075e+00 4.975468000000000252e-03 2.765329999999999763e-04 1.000000000000000000e+00 5.036480000000000297e-03 5.139750000000000221e-03
1.854069653000000040e+00 4.907955599999999641e-03 2.754510000000000161e-04 1.000000000000000000e+00 4.990249999999999894e-03 5.092649999999999781e-03
1.854687675999999952e+00 4.863926999999999660e-03 2.742500000000000254e-04 1.000000000000000000e+00 4.939579999999999839e-03 5.041020000000000223e-03
1.855305905000000033e+00 4.849420699999999924e-03 2.733069999999999770e-04 1.000000000000000000e+00 4.899480000000000328e-03 5.000169999999999962e-03
1.855924340999999922e+00 4.864427900000000034e-03 2.728520000000000229e-04 1.000000000000000000e+00 4.878979999999999775e-03 4.979339999999999634e-03
1.856542981999999897e+00 4.907838599999999642e-03 2.729969999999999749e-04 1.000000000000000000e+00 4.882410000000000222e-03 4.982920000000000058e-03
1.857161829999999902e+00 4.981298299999999991e-03 2.738039999999999962e-04 1.000000000000000000e+00 4.912090000000000033e-03 5.013319999999999929e-03
1.857780884000000077e+00 5.090173299999999589e-03 2.753410000000000189e-04 1.000000000000000000e+00 4.971019999999999606e-03 5.073590000000000218e-03
1.858400143999999976e+00 5.241128799999999685e-03 2.777130000000000158e-04 1.000000000000000000e+00 5.063840000000000008e-03 5.168449999999999780e-03
1.859019610999999905e+00 5.437502999999999781e-03 2.810189999999999737e-04 1.000000000000000000e+00 5.195489999999999657e-03 5.302989999999999614e-03
1.859639284000000004e+00 5.674527199999999591e-03 2.852849999999999765e-04 1.000000000000000000e+00 5.368310000000000269e-03 5.479559999999999639e-03
1.860259163999999910e+00 5.936594699999999704e-03 2.903790000000000060e-04 1.000000000000000000e+00 5.578559999999999769e-03 5.694339999999999992e-03
1.860879249999999985e+00 6.198017400000000246e-03 2.959799999999999953e-04 1.000000000000000000e+00 5.814259999999999914e-03 5.935099999999999577e-03
1.861499543000000090e+00 6.426990300000000149e-03 3.016019999999999899e-04 1.000000000000000000e+00 6.055170000000000344e-03 6.181189999999999601e-03
1.862120043000000003e+00 6.591166899999999738e-03 3.066589999999999789e-04 1.000000000000000000e+00 6.275239999999999638e-03 6.406000000000000236e-03
1.862740749999999945e+00 6.662708699999999630e-03 3.105580000000000038e-04 1.000000000000000000e+00 6.446409999999999640e-03 6.580879999999999889e-03
1.863361663000000057e+00 6.621529000000000130e-03 3.127679999999999978e-04 1.000000000000000000e+00 6.542580000000000097e-03 6.679189999999999780e-03
1.863982784000000059e+00 6.456602500000000258e-03 3.128629999999999758e-04 1.000000000000000000e+00 6.542769999999999836e-03 6.679509999999999614e-03
1.864604111000000009e+00 6.166390600000000097e-03 3.105340000000000053e-04 1.000000000000000000e+00 6.433089999999999815e-03 6.567660000000000338e-03
1.865225646000000070e+00 5.759409600000000261e-03 3.055980000000000241e-04 1.000000000000000000e+00 6.208029999999999798e-03 6.337989999999999943e-03
1.865847387999999940e+00 5.254909599999999653e-03 2.980109999999999899e-04 1.000000000000000000e+00 5.871389999999999769e-03 5.994400000000000422e-03
1.866469337000000062e+00 4.682855399999999793e-03 2.878910000000000258e-04 1.000000000000000000e+00 5.437029999999999814e-03 5.551030000000000200e-03
1.867091492999999991e+00 4.081763900000000278e-03 2.755470000000000098e-04 1.000000000000000000e+00 4.928700000000000268e-03 5.032120000000000169e-03
1.867713857000000033e+00 3.494237199999999932e-03 2.615070000000000155e-04 1.000000000000000000e+00 4.378390000000000233e-03 4.470339999999999731e-03
1.868336428999999965e+00 2.960779099999999789e-03 2.465060000000000146e-04 1.000000000000000000e+00 3.822799999999999896e-03 3.903160000000000136e-03
1.868959207000000067e+00 2.514023800000000052e-03 2.314519999999999924e-04 1.000000000000000000e+00 3.298629999999999878e-03 3.368050000000000037e-03
1.869582193999999919e+00 2.175016000000000102e-03 2.173529999999999907e-04 1.000000000000000000e+00 2.837800000000000131e-03 2.897600000000000176e-03
1.870205388000000024e+00 1.952649699999999900e-03 2.052049999999999979e-04 1.000000000000000000e+00 2.463949999999999908e-03 2.515949999999999871e-03
1.870828790000000019e+00 1.846085300000000016e-03 1.958759999999999928e-04 1.000000000000000000e+00 2.191160000000000156e-03 2.237489999999999965e-03
1.871452399000000044e+00 1.848807199999999906e-03 1.899829999999999867e-04 1.000000000000000000e+00 2.024839999999999973e-03 2.067740000000000203e-03
1.872076217000000042e+00 1.952938599999999971e-03 1.878299999999999957e-04 1.000000000000000000e+00 1.964290000000000046e-03 2.006009999999999911e-03
1.872700242000000070e+00 2.152235900000000045e-03 1.894139999999999995e-04 1.000000000000000000e+00 2.005770000000000036e-03 2.048470000000000152e-03
1.873324476000000072e+00 2.443121300000000024e-03 1.944960000000000027e-04 1.000000000000000000e+00 2.145010000000000146e-03 2.190759999999999930e-03
1.873948917000000103e+00 2.823587800000000071e-03 2.027010000000000096e-04 1.000000000000000000e+00 2.378550000000000109e-03 2.429370000000000140e-03
1.874573567000000107e+00 3.290290500000000139e-03 2.135779999999999938e-04 1.000000000000000000e+00 2.703420000000000215e-03 2.761280000000000071e-03
1.875198425000000002e+00 3.834913100000000158e-03 2.266149999999999979e-04 1.000000000000000000e+00 3.115370000000000118e-03 3.182149999999999909e-03
1.875823491000000010e+00 4.440958899999999931e-03 2.412349999999999900e-04 1.000000000000000000e+00 3.606230000000000199e-03 3.683640000000000178e-03
1.876448764999999907e+00 5.082551599999999593e-03 2.567790000000000025e-04 1.000000000000000000e+00 4.161520000000000150e-03 4.250969999999999749e-03
1.877074248000000001e+00 5.726030000000000009e-03 2.725340000000000032e-04 1.000000000000000000e+00 4.759300000000000162e-03 4.861729999999999871e-03
1.877699938999999985e+00 6.334468799999999622e-03 2.877819999999999901e-04 1.000000000000000000e+00 5.371049999999999609e-03 5.486790000000000070e-03
1.878325838999999942e+00 6.873979700000000352e-03 3.018660000000000267e-04 1.000000000000000000e+00 5.964820000000000018e-03 6.093509999999999899e-03
1.878951948000000094e+00 7.319850200000000209e-03 3.142600000000000168e-04 1.000000000000000000e+00 6.509860000000000126e-03 6.650470000000000340e-03
1.879578264999999915e+00 7.660870200000000248e-03 3.246319999999999913e-04 1.000000000000000000e+00 6.981600000000000132e-03 7.132580000000000343e-03
1.880204790999999931e+00 7.900754899999999289e-03 3.328639999999999897e-04 1.000000000000000000e+00 7.365609999999999866e-03 7.525070000000000023e-03
1.880831525999999920e+00 8.056492099999999768e-03 3.390579999999999918e-04 1.000000000000000000e+00 7.659459999999999880e-03 7.825469999999999302e-03
1.881458470000000105e+00 8.154526699999999420e-03 3.435099999999999959e-04 1.000000000000000000e+00 7.872479999999999409e-03 8.043299999999999755e-03
1.882085623000000041e+00 8.225581900000000779e-03 3.466589999999999754e-04 1.000000000000000000e+00 8.023350000000000273e-03 8.197650000000000770e-03
1.882712984999999950e+00 8.298680100000000587e-03 3.490200000000000160e-04 1.000000000000000000e+00 8.136229999999999504e-03 8.313179999999999875e-03
1.883340556000000054e+00 8.394959900000000322e-03 3.510979999999999917e-04 1.000000000000000000e+00 8.235769999999999896e-03 8.415080000000000129e-03
1.883968335999999910e+00 8.522178800000000318e-03 3.532890000000000119e-04 1.000000000000000000e+00 8.341760000000000147e-03 8.523569999999999411e-03
1.884596326000000044e+00 8.671277499999999541e-03 3.557860000000000254e-04 1.000000000000000000e+00 8.464090000000000502e-03 8.648760000000000128e-03
1.885224524000000068e+00 8.816728799999999644e-03 3.585199999999999759e-04 1.000000000000000000e+00 8.599449999999999802e-03 8.787259999999999863e-03
1.885852933000000009e+00 8.921904799999999872e-03 3.611609999999999799e-04 1.000000000000000000e+00 8.730969999999999356e-03 8.921840000000000326e-03
1.886481550000000063e+00 8.948732299999999709e-03 3.631919999999999745e-04 1.000000000000000000e+00 8.831639999999999976e-03 9.024890000000000689e-03
1.887110376999999950e+00 8.869655800000000867e-03 3.640459999999999768e-04 1.000000000000000000e+00 8.871469999999999356e-03 9.065749999999999156e-03
1.887739413999999893e+00 8.678036800000000356e-03 3.632700000000000100e-04 1.000000000000000000e+00 8.826560000000000655e-03 9.020020000000000121e-03
1.888368660999999893e+00 8.393474899999999600e-03 3.606740000000000098e-04 1.000000000000000000e+00 8.687729999999999411e-03 8.878300000000000428e-03
1.888998117000000088e+00 8.059792799999999924e-03 3.564260000000000193e-04 1.000000000000000000e+00 8.465709999999999555e-03 8.651570000000000787e-03
1.889627782999999894e+00 7.735704900000000238e-03 3.510750000000000090e-04 1.000000000000000000e+00 8.191060000000000008e-03 8.371059999999999612e-03
1.890257658999999979e+00 7.480618999999999984e-03 3.454740000000000198e-04 1.000000000000000000e+00 7.908369999999999636e-03 8.082350000000000298e-03
1.890887744999999898e+00 7.339444199999999724e-03 3.406099999999999796e-04 1.000000000000000000e+00 7.666140000000000107e-03 7.834990000000000010e-03
1.891518041000000094e+00 7.330280199999999850e-03 3.373590000000000204e-04 1.000000000000000000e+00 7.504750000000000136e-03 7.670259999999999925e-03
1.892148546999999903e+00 7.438344999999999853e-03 3.362220000000000074e-04 1.000000000000000000e+00 7.445860000000000326e-03 7.610300000000000398e-03
1.892779262999999990e+00 7.617786700000000327e-03 3.371499999999999823e-04 1.000000000000000000e+00 7.485900000000000193e-03 7.651459999999999685e-03
1.893410188999999910e+00 7.801123800000000358e-03 3.395189999999999862e-04 1.000000000000000000e+00 7.595430000000000237e-03 7.763629999999999663e-03
1.894041325999999970e+00 7.914435500000000651e-03 3.422820000000000138e-04 1.000000000000000000e+00 7.724789999999999608e-03 7.896069999999999825e-03
1.894672673000000085e+00 7.895019799999999921e-03 3.442289999999999868e-04 1.000000000000000000e+00 7.815050000000000469e-03 7.988530000000000630e-03
1.895304230999999895e+00 7.706986300000000407e-03 3.442610000000000028e-04 1.000000000000000000e+00 7.811779999999999939e-03 7.985360000000000374e-03
1.895935998999999983e+00 7.350602399999999620e-03 3.416189999999999830e-04 1.000000000000000000e+00 7.678199999999999609e-03 7.848990000000000133e-03
1.896567976999999905e+00 6.862533500000000258e-03 3.360279999999999886e-04 1.000000000000000000e+00 7.404380000000000336e-03 7.569249999999999590e-03
1.897200167000000048e+00 6.306390200000000328e-03 3.277479999999999933e-04 1.000000000000000000e+00 7.009660000000000023e-03 7.165920000000000102e-03
1.897832567000000026e+00 5.756276599999999612e-03 3.175329999999999971e-04 1.000000000000000000e+00 6.537590000000000241e-03 6.683500000000000205e-03
1.898465177999999920e+00 5.278258600000000286e-03 3.064920000000000058e-04 1.000000000000000000e+00 6.044769999999999657e-03 6.179879999999999575e-03
1.899097999000000092e+00 4.915313900000000021e-03 2.958629999999999962e-04 1.000000000000000000e+00 5.586879999999999798e-03 5.711970000000000242e-03
1.899731032000000042e+00 4.680417099999999685e-03 2.867319999999999917e-04 1.000000000000000000e+00 5.206119999999999845e-03 5.322910000000000141e-03
1.900364275999999908e+00 4.559161699999999748e-03 2.797860000000000212e-04 1.000000000000000000e+00 4.923740000000000235e-03 5.034409999999999580e-03
1.900997730000000052e+00 4.520551400000000393e-03 2.751860000000000178e-04 1.000000000000000000e+00 4.739469999999999968e-03 4.846190000000000220e-03
1.901631395999999974e+00 4.531495600000000172e-03 2.726429999999999848e-04 1.000000000000000000e+00 4.637470000000000307e-03 4.742080000000000080e-03
1.902265273000000034e+00 4.569727699999999795e-03 2.716560000000000025e-04 1.000000000000000000e+00 4.596109999999999605e-03 4.699949999999999614e-03
1.902899362000000094e+00 4.630667800000000042e-03 2.717859999999999894e-04 1.000000000000000000e+00 4.597790000000000037e-03 4.701809999999999844e-03
1.903533662000000071e+00 4.725985799999999661e-03 2.728489999999999757e-04 1.000000000000000000e+00 4.635339999999999946e-03 4.740369999999999827e-03
1.904168172999999964e+00 4.874923500000000361e-03 2.749389999999999777e-04 1.000000000000000000e+00 4.712850000000000199e-03 4.819770000000000131e-03
1.904802896000000079e+00 5.091598999999999604e-03 2.783020000000000198e-04 1.000000000000000000e+00 4.840739999999999627e-03 4.950730000000000408e-03
1.905437830000000110e+00 5.373480699999999728e-03 2.831029999999999896e-04 1.000000000000000000e+00 5.027369999999999756e-03 5.141760000000000427e-03
1.906072975999999919e+00 5.695698100000000375e-03 2.892139999999999858e-04 1.000000000000000000e+00 5.270399999999999738e-03 5.390479999999999577e-03
1.906708333999999949e+00 6.013720099999999777e-03 2.961209999999999927e-04 1.000000000000000000e+00 5.551679999999999809e-03 5.678319999999999722e-03
1.907343902999999896e+00 6.274101399999999946e-03 3.029889999999999819e-04 1.000000000000000000e+00 5.837870000000000212e-03 5.971159999999999662e-03
1.907979684000000065e+00 6.429678000000000303e-03 3.088580000000000166e-04 1.000000000000000000e+00 6.087109999999999743e-03 6.226200000000000311e-03
1.908615678000000093e+00 6.454093099999999757e-03 3.128860000000000126e-04 1.000000000000000000e+00 6.259800000000000260e-03 6.402930000000000253e-03
1.909251883000000038e+00 6.350728800000000202e-03 3.145520000000000065e-04 1.000000000000000000e+00 6.329859999999999653e-03 6.474680000000000019e-03
1.909888299999999983e+00 6.153209300000000298e-03 3.137899999999999891e-04 1.000000000000000000e+00 6.292810000000000244e-03 6.436869999999999918e-03
1.910524928999999927e+00 5.917710100000000105e-03 3.110300000000000087e-04 1.000000000000000000e+00 6.168189999999999611e-03 6.309500000000000004e-03
1.911161770999999954e+00 5.709712799999999873e-03 3.071379999999999857e-04 1.000000000000000000e+00 5.995720000000000389e-03 6.133210000000000051e-03
1.911798824999999979e+00 5.589429199999999993e-03 3.032719999999999925e-04 1.000000000000000000e+00 5.826429999999999630e-03 5.960199999999999700e-03
1.912436091000000005e+00 5.599279000000000409e-03 3.006530000000000096e-04 1.000000000000000000e+00 5.711650000000000407e-03 5.842980000000000222e-03
1.913073569999999890e+00 5.756051899999999749e-03 3.002859999999999774e-04 1.000000000000000000e+00 5.692240000000000320e-03 5.823339999999999766e-03
1.913711260999999997e+00 6.048743599999999859e-03 3.027150000000000045e-04 1.000000000000000000e+00 5.790739999999999950e-03 5.924340000000000162e-03
1.914349164999999964e+00 6.441676700000000151e-03 3.078819999999999907e-04 1.000000000000000000e+00 6.007479999999999938e-03 6.146320000000000255e-03
1.914987280999999930e+00 6.882422800000000292e-03 3.151769999999999810e-04 1.000000000000000000e+00 6.321280000000000301e-03 6.467600000000000432e-03
1.915625609999999979e+00 7.312904900000000152e-03 3.236259999999999810e-04 1.000000000000000000e+00 6.694340000000000013e-03 6.849519999999999567e-03
1.916264152000000109e+00 7.682356199999999628e-03 3.321520000000000006e-04 1.000000000000000000e+00 7.080709999999999608e-03 7.245040000000000334e-03
1.916902907000000100e+00 7.959022499999999362e-03 3.398289999999999883e-04 1.000000000000000000e+00 7.436520000000000283e-03 7.609310000000000206e-03
1.917541874999999951e+00 8.137559299999999607e-03 3.460569999999999835e-04 1.000000000000000000e+00 7.730090000000000225e-03 7.909909999999999164e-03
1.918181055000000024e+00 8.239390900000000822e-03 3.506580000000000027e-04 1.000000000000000000e+00 7.949060000000000847e-03 8.134179999999999536e-03
1.918820449000000039e+00 8.304935899999999274e-03 3.538710000000000141e-04 1.000000000000000000e+00 8.102120000000000849e-03 8.291039999999999521e-03
1.919460055999999915e+00 8.379768699999999917e-03 3.562440000000000268e-04 1.000000000000000000e+00 8.214789999999999592e-03 8.406590000000000243e-03
1.920099876000000094e+00 8.499315000000000342e-03 3.584519999999999894e-04 1.000000000000000000e+00 8.319999999999999271e-03 8.514519999999999381e-03
1.920739908999999912e+00 8.677717099999999323e-03 3.610749999999999810e-04 1.000000000000000000e+00 8.446779999999999219e-03 8.644539999999999169e-03
1.921380155999999895e+00 8.904507699999999679e-03 3.644160000000000021e-04 1.000000000000000000e+00 8.610909999999999398e-03 8.812789999999999166e-03
1.922020615999999960e+00 9.150032199999999852e-03 3.684219999999999769e-04 1.000000000000000000e+00 8.810679999999999554e-03 9.017489999999999534e-03
1.922661289000000107e+00 9.376434100000000799e-03 3.727390000000000239e-04 1.000000000000000000e+00 9.028660000000000851e-03 9.240820000000000284e-03
1.923302175999999974e+00 9.549923199999999293e-03 3.768509999999999872e-04 1.000000000000000000e+00 9.238420000000000659e-03 9.455720000000000791e-03
1.923943277000000007e+00 9.650009899999999197e-03 3.802610000000000105e-04 1.000000000000000000e+00 9.413160000000000277e-03 9.634759999999999158e-03
1.924584591999999983e+00 9.673634500000000136e-03 3.826190000000000038e-04 1.000000000000000000e+00 9.533369999999999345e-03 9.757979999999999432e-03
1.925226120000000041e+00 9.634153100000000802e-03 3.838040000000000136e-04 1.000000000000000000e+00 9.591519999999999213e-03 9.817680000000000504e-03
1.925867862000000041e+00 9.557074900000000345e-03 3.839289999999999760e-04 1.000000000000000000e+00 9.593159999999999882e-03 9.819549999999999806e-03
1.926509817999999985e+00 9.474054200000000051e-03 3.833080000000000103e-04 1.000000000000000000e+00 9.555009999999999198e-03 9.780699999999999811e-03
1.927151988000000093e+00 9.417147799999999250e-03 3.823909999999999918e-04 1.000000000000000000e+00 9.501139999999999933e-03 9.725769999999999901e-03
1.927794371999999923e+00 9.413850200000000584e-03 3.816809999999999799e-04 1.000000000000000000e+00 9.458350000000000785e-03 9.682220000000000062e-03
1.928436969999999917e+00 9.483527400000000412e-03 3.816560000000000200e-04 1.000000000000000000e+00 9.451869999999999369e-03 9.675849999999999729e-03
1.929079782000000076e+00 9.635242400000000595e-03 3.826939999999999921e-04 1.000000000000000000e+00 9.501630000000000492e-03 9.727070000000000854e-03
1.929722809000000039e+00 9.866633099999999254e-03 3.850109999999999904e-04 1.000000000000000000e+00 9.619590000000000779e-03 9.848130000000000078e-03
1.930366049999999944e+00 1.016394500000000062e-02 3.886299999999999976e-04 1.000000000000000000e+00 9.808090000000000211e-03 1.004140000000000067e-02
1.931009505000000015e+00 1.050311399999999916e-02 3.933729999999999757e-04 1.000000000000000000e+00 1.005920000000000078e-02 1.029889999999999972e-02
1.931653174999999889e+00 1.085228899999999934e-02 3.988840000000000116e-04 1.000000000000000000e+00 1.035550000000000012e-02 1.060260000000000022e-02
1.932297058999999928e+00 1.117591599999999928e-02 4.046790000000000196e-04 1.000000000000000000e+00 1.067150000000000043e-02 1.092639999999999931e-02
1.932941157999999993e+00 1.144013699999999953e-02 4.102180000000000084e-04 1.000000000000000000e+00 1.097730000000000060e-02 1.123990000000000058e-02
1.933585472000000083e+00 1.161883099999999960e-02 4.149879999999999780e-04 1.000000000000000000e+00 1.124280000000000071e-02 1.151210000000000080e-02
1.934229999999999894e+00 1.169901999999999921e-02 4.185780000000000165e-04 1.000000000000000000e+00 1.144300000000000005e-02 1.171750000000000048e-02
1.934874744000000035e+00 1.168436900000000001e-02 4.207540000000000173e-04 1.000000000000000000e+00 1.156259999999999927e-02 1.184029999999999978e-02
1.935519701999999898e+00 1.159556800000000054e-02 4.214989999999999839e-04 1.000000000000000000e+00 1.159959999999999984e-02 1.187850000000000017e-02
1.936164875000000007e+00 1.146726900000000042e-02 4.210300000000000262e-04 1.000000000000000000e+00 1.156620000000000044e-02 1.184460000000000027e-02
1.936810264000000004e+00 1.134169200000000044e-02 4.197720000000000054e-04 1.000000000000000000e+00 1.148730000000000064e-02 1.176409999999999956e-02
1.937455866999999943e+00 1.126013699999999992e-02 4.182960000000000215e-04 1.000000000000000000e+00 1.139629999999999983e-02 1.167119999999999963e-02
1.938101685999999990e+00 1.125417199999999979e-02 4.172049999999999739e-04 1.000000000000000000e+00 1.132769999999999957e-02 1.160130000000000015e-02
1.938747720000000063e+00 1.133870900000000063e-02 4.170150000000000180e-04 1.000000000000000000e+00 1.131109999999999928e-02 1.158449999999999931e-02
1.939393968999999940e+00 1.150886599999999954e-02 4.180380000000000250e-04 1.000000000000000000e+00 1.136380000000000029e-02 1.163890000000000063e-02
1.940040433000000064e+00 1.174187099999999921e-02 4.203079999999999880e-04 1.000000000000000000e+00 1.148850000000000045e-02 1.176690000000000028e-02
1.940687113999999935e+00 1.200346000000000052e-02 4.235900000000000017e-04 1.000000000000000000e+00 1.167250000000000058e-02 1.195569999999999966e-02
1.941334008999999972e+00 1.225704199999999924e-02 4.274610000000000193e-04 1.000000000000000000e+00 1.189209999999999920e-02 1.218100000000000085e-02
1.941981120999999977e+00 1.247277899999999981e-02 4.314249999999999834e-04 1.000000000000000000e+00 1.211890000000000016e-02 1.241369999999999973e-02
1.942628448000000008e+00 1.263366099999999916e-02 4.350439999999999906e-04 1.000000000000000000e+00 1.232710000000000056e-02 1.262719999999999988e-02
1.943275990000000064e+00 1.273699300000000027e-02 4.380259999999999970e-04 1.000000000000000000e+00 1.249839999999999979e-02 1.280309999999999955e-02
1.943923749000000090e+00 1.279133300000000022e-02 4.402499999999999946e-04 1.000000000000000000e+00 1.262510000000000021e-02 1.293320000000000060e-02
1.944571724000000001e+00 1.281069200000000026e-02 4.417499999999999769e-04 1.000000000000000000e+00 1.270849999999999931e-02 1.301910000000000046e-02
1.945219913999999939e+00 1.280838400000000078e-02 4.426540000000000075e-04 1.000000000000000000e+00 1.275609999999999938e-02 1.306809999999999916e-02
1.945868321000000067e+00 1.279262200000000002e-02 4.431130000000000247e-04 1.000000000000000000e+00 1.277670000000000021e-02 1.308969999999999925e-02
1.946516944000000082e+00 1.276468700000000026e-02 4.432419999999999958e-04 1.000000000000000000e+00 1.277730000000000012e-02 1.309070000000000025e-02
1.947165782999999983e+00 1.271936199999999968e-02 4.430840000000000017e-04 1.000000000000000000e+00 1.276049999999999927e-02 1.307389999999999941e-02
1.947814837999999993e+00 1.264670499999999941e-02 4.425990000000000089e-04 1.000000000000000000e+00 1.272389999999999979e-02 1.303670000000000002e-02
1.948464109999999971e+00 1.253458699999999981e-02 4.416770000000000201e-04 1.000000000000000000e+00 1.266100000000000038e-02 1.297260000000000080e-02
1.949113598000000058e+00 1.237138100000000074e-02 4.401620000000000185e-04 1.000000000000000000e+00 1.256260000000000016e-02 1.287220000000000031e-02
1.949763302000000031e+00 1.214900099999999955e-02 4.378890000000000083e-04 1.000000000000000000e+00 1.241920000000000003e-02 1.272560000000000011e-02
1.950413222999999974e+00 1.186582899999999961e-02 4.347190000000000234e-04 1.000000000000000000e+00 1.222349999999999999e-02 1.252540000000000077e-02
1.951063361000000107e+00 1.152902999999999914e-02 4.305889999999999935e-04 1.000000000000000000e+00 1.197289999999999986e-02 1.226900000000000039e-02
1.951713714999999905e+00 1.115546100000000020e-02 4.255460000000000080e-04 1.000000000000000000e+00 1.167200000000000008e-02 1.196099999999999941e-02
1.952364286999999976e+00 1.077071999999999925e-02 4.197730000000000211e-04 1.000000000000000000e+00 1.133319999999999987e-02 1.161410000000000046e-02
1.953015074999999934e+00 1.040625599999999915e-02 4.136000000000000245e-04 1.000000000000000000e+00 1.097670000000000069e-02 1.124909999999999972e-02
1.953666080000000083e+00 1.009522499999999934e-02 4.074799999999999950e-04 1.000000000000000000e+00 1.062869999999999961e-02 1.089279999999999936e-02
1.954317301999999978e+00 9.867841599999999797e-03 4.019429999999999835e-04 1.000000000000000000e+00 1.031789999999999964e-02 1.057459999999999997e-02
1.954968741000000065e+00 9.747118699999999733e-03 3.975299999999999971e-04 1.000000000000000000e+00 1.007219999999999990e-02 1.032319999999999939e-02
1.955620396999999899e+00 9.745535099999999215e-03 3.947099999999999936e-04 1.000000000000000000e+00 9.914660000000000487e-03 1.016199999999999916e-02
1.956272271000000007e+00 9.862891699999999304e-03 3.938009999999999926e-04 1.000000000000000000e+00 9.860229999999999342e-03 1.010660000000000031e-02
1.956924361000000001e+00 1.008577899999999958e-02 3.949029999999999966e-04 1.000000000000000000e+00 9.913490000000000496e-03 1.016159999999999980e-02
1.957576669000000047e+00 1.038888699999999943e-02 3.978720000000000151e-04 1.000000000000000000e+00 1.006750000000000006e-02 1.031980000000000050e-02
1.958229194999999923e+00 1.073842900000000072e-02 4.023429999999999932e-04 1.000000000000000000e+00 1.030440000000000002e-02 1.056299999999999947e-02
1.958881937999999989e+00 1.109752699999999939e-02 4.077929999999999901e-04 1.000000000000000000e+00 1.059779999999999923e-02 1.086419999999999920e-02
1.959534899000000108e+00 1.143269199999999951e-02 4.136370000000000107e-04 1.000000000000000000e+00 1.091720000000000017e-02 1.119189999999999942e-02
1.960188076999999973e+00 1.171999399999999920e-02 4.193369999999999867e-04 1.000000000000000000e+00 1.123260000000000057e-02 1.151549999999999969e-02
1.960841472999999890e+00 1.194923500000000076e-02 4.244839999999999833e-04 1.000000000000000000e+00 1.152030000000000068e-02 1.181079999999999977e-02
1.961495087000000082e+00 1.212485699999999930e-02 4.288650000000000079e-04 1.000000000000000000e+00 1.176669999999999973e-02 1.206379999999999952e-02
1.962148919000000102e+00 1.226320099999999962e-02 4.324660000000000028e-04 1.000000000000000000e+00 1.196969999999999978e-02 1.227229999999999988e-02
1.962802968000000092e+00 1.238712900000000020e-02 4.354499999999999864e-04 1.000000000000000000e+00 1.213780000000000067e-02 1.244499999999999947e-02
1.963457235999999995e+00 1.251969799999999924e-02 4.380899999999999747e-04 1.000000000000000000e+00 1.228650000000000055e-02 1.259790000000000042e-02
1.964111721999999949e+00 1.267880899999999922e-02 4.406920000000000151e-04 1.000000000000000000e+00 1.243370000000000065e-02 1.274920000000000046e-02
1.964766425999999955e+00 1.287425900000000074e-02 4.435229999999999750e-04 1.000000000000000000e+00 1.259539999999999965e-02 1.291540000000000049e-02
1.965421348000000012e+00 1.310751199999999998e-02 4.467590000000000233e-04 1.000000000000000000e+00 1.278239999999999932e-02 1.310749999999999936e-02
1.966076487999999900e+00 1.337361299999999947e-02 4.504719999999999927e-04 1.000000000000000000e+00 1.299950000000000064e-02 1.333059999999999974e-02
1.966731846999999922e+00 1.366414399999999960e-02 4.546379999999999931e-04 1.000000000000000000e+00 1.324600000000000083e-02 1.358380000000000004e-02
1.967387423999999996e+00 1.397014199999999963e-02 4.591700000000000100e-04 1.000000000000000000e+00 1.351729999999999945e-02 1.386249999999999982e-02
1.968043219999999982e+00 1.428415799999999992e-02 4.639579999999999919e-04 1.000000000000000000e+00 1.380709999999999923e-02 1.416010000000000012e-02
1.968699234000000020e+00 1.460129100000000062e-02 4.688939999999999731e-04 1.000000000000000000e+00 1.410920000000000056e-02 1.447039999999999958e-02
1.969355468000000053e+00 1.491925700000000000e-02 4.738979999999999950e-04 1.000000000000000000e+00 1.441869999999999957e-02 1.478830000000000075e-02
1.970011919000000056e+00 1.523776699999999928e-02 4.789160000000000205e-04 1.000000000000000000e+00 1.473230000000000026e-02 1.511039999999999953e-02
1.970668590000000053e+00 1.555747000000000033e-02 4.839239999999999970e-04 1.000000000000000000e+00 1.504860000000000052e-02 1.543530000000000076e-02
1.971325479999999963e+00 1.587869600000000117e-02 4.889150000000000310e-04 1.000000000000000000e+00 1.536700000000000045e-02 1.576239999999999933e-02
1.971982587999999925e+00 1.620022100000000076e-02 4.938819999999999582e-04 1.000000000000000000e+00 1.568690000000000015e-02 1.609100000000000114e-02
1.972639916000000104e+00 1.651831299999999975e-02 4.988040000000000442e-04 1.000000000000000000e+00 1.600690000000000099e-02 1.641969999999999888e-02
1.973297461999999891e+00 1.682629399999999859e-02 5.036380000000000457e-04 1.000000000000000000e+00 1.632370000000000002e-02 1.674509999999999887e-02
1.973955227999999895e+00 1.711495999999999851e-02 5.083040000000000041e-04 1.000000000000000000e+00 1.663179999999999867e-02 1.706169999999999909e-02
1.974613213000000034e+00 1.737406400000000156e-02 5.126990000000000323e-04 1.000000000000000000e+00 1.692369999999999985e-02 1.736149999999999846e-02
1.975271417000000085e+00 1.759462700000000157e-02 5.167050000000000072e-04 1.000000000000000000e+00 1.719069999999999973e-02 1.763589999999999949e-02
1.975929840999999909e+00 1.777168000000000150e-02 5.202170000000000101e-04 1.000000000000000000e+00 1.742499999999999952e-02 1.787690000000000112e-02
1.976588484999999951e+00 1.790649299999999902e-02 5.231739999999999481e-04 1.000000000000000000e+00 1.762170000000000056e-02 1.807920000000000013e-02
1.977247347000000044e+00 1.800729200000000113e-02 5.255770000000000537e-04 1.000000000000000000e+00 1.778060000000000057e-02 1.824270000000000058e-02
1.977906429999999993e+00 1.808785900000000127e-02 5.275059999999999602e-04 1.000000000000000000e+00 1.790680000000000049e-02 1.837269999999999875e-02
1.978565732000000077e+00 1.816404599999999966e-02 5.291029999999999518e-04 1.000000000000000000e+00 1.801010000000000111e-02 1.847909999999999831e-02
1.979225253999999934e+00 1.824927499999999883e-02 5.305439999999999809e-04 1.000000000000000000e+00 1.810269999999999935e-02 1.857460000000000014e-02
1.979884996000000008e+00 1.835051099999999991e-02 5.319870000000000414e-04 1.000000000000000000e+00 1.819580000000000156e-02 1.867069999999999841e-02
1.980544956999999995e+00 1.846622499999999931e-02 5.335350000000000205e-04 1.000000000000000000e+00 1.829659999999999967e-02 1.877459999999999893e-02
1.981205139000000059e+00 1.858713500000000116e-02 5.352030000000000459e-04 1.000000000000000000e+00 1.840610000000000163e-02 1.888750000000000151e-02
1.981865540999999897e+00 1.869949500000000001e-02 5.369199999999999754e-04 1.000000000000000000e+00 1.851919999999999955e-02 1.900400000000000006e-02
1.982526162999999952e+00 1.878961999999999993e-02 5.385589999999999778e-04 1.000000000000000000e+00 1.862669999999999951e-02 1.911490000000000064e-02
1.983187005000000003e+00 1.884812799999999872e-02 5.399750000000000470e-04 1.000000000000000000e+00 1.871820000000000081e-02 1.920940000000000147e-02
1.983848067000000048e+00 1.887246100000000010e-02 5.410560000000000456e-04 1.000000000000000000e+00 1.878559999999999952e-02 1.927919999999999981e-02
1.984509349999999950e+00 1.886710600000000154e-02 5.417500000000000223e-04 1.000000000000000000e+00 1.882520000000000027e-02 1.932029999999999859e-02
1.985170853000000069e+00 1.884177000000000074e-02 5.420769999999999669e-04 1.000000000000000000e+00 1.883829999999999880e-02 1.933440000000000158e-02
1.985832575999999960e+00 1.880836500000000050e-02 5.421199999999999934e-04 1.000000000000000000e+00 1.883119999999999933e-02 1.932769999999999974e-02
1.986494521000000013e+00 1.877781400000000031e-02 5.419970000000000083e-04 1.000000000000000000e+00 1.881220000000000114e-02 1.930880000000000096e-02
1.987156684999999978e+00 1.875748899999999872e-02 5.418299999999999809e-04 1.000000000000000000e+00 1.879039999999999877e-02 1.928699999999999859e-02
1.987819071000000104e+00 1.874969799999999867e-02 5.417160000000000291e-04 1.000000000000000000e+00 1.877250000000000099e-02 1.926920000000000022e-02
1.988481677000000003e+00 1.875102699999999997e-02 5.417020000000000255e-04 1.000000000000000000e+00 1.876190000000000149e-02 1.925889999999999894e-02
1.989144505000000063e+00 1.875243299999999891e-02 5.417729999999999508e-04 1.000000000000000000e+00 1.875730000000000106e-02 1.925469999999999959e-02
1.989807552999999896e+00 1.873972999999999958e-02 5.418429999999999688e-04 1.000000000000000000e+00 1.875249999999999834e-02 1.925040000000000084e-02
1.990470822000000028e+00 1.869454099999999855e-02 5.417609999999999787e-04 1.000000000000000000e+00 1.873640000000000028e-02 1.923450000000000160e-02
1.991134312000000017e+00 1.859572099999999908e-02 5.413150000000000036e-04 1.000000000000000000e+00 1.869399999999999881e-02 1.919159999999999963e-02
1.991798023999999945e+00 1.842131699999999955e-02 5.402500000000000401e-04 1.000000000000000000e+00 1.860710000000000142e-02 1.910289999999999905e-02
1.992461956000000090e+00 1.815096199999999965e-02 5.382829999999999690e-04 1.000000000000000000e+00 1.845590000000000078e-02 1.894840000000000066e-02
1.993126109999999951e+00 1.776839200000000091e-02 5.351330000000000279e-04 1.000000000000000000e+00 1.822160000000000099e-02 1.870840000000000003e-02
1.993790485999999973e+00 1.726367399999999969e-02 5.305449999999999966e-04 1.000000000000000000e+00 1.788790000000000172e-02 1.836629999999999860e-02
1.994455081999999990e+00 1.663485799999999890e-02 5.243129999999999926e-04 1.000000000000000000e+00 1.744340000000000127e-02 1.791049999999999934e-02
1.995119901000000029e+00 1.588877799999999924e-02 5.163060000000000132e-04 1.000000000000000000e+00 1.688330000000000039e-02 1.733590000000000131e-02
1.995784940999999924e+00 1.504098899999999940e-02 5.064779999999999846e-04 1.000000000000000000e+00 1.621030000000000040e-02 1.664540000000000117e-02
1.996450201999999896e+00 1.411479600000000063e-02 4.948819999999999825e-04 1.000000000000000000e+00 1.543540000000000016e-02 1.584999999999999951e-02
1.997115685999999890e+00 1.313957500000000056e-02 4.816749999999999851e-04 1.000000000000000000e+00 1.457639999999999977e-02 1.496839999999999976e-02
1.997781390999999962e+00 1.214853800000000039e-02 4.671170000000000205e-04 1.000000000000000000e+00 1.365809999999999941e-02 1.402570000000000032e-02
1.998447317999999973e+00 1.117631600000000038e-02 4.515650000000000176e-04 1.000000000000000000e+00 1.270920000000000036e-02 1.305160000000000001e-02
1.999113466999999922e+00 1.025671300000000064e-02 4.354599999999999812e-04 1.000000000000000000e+00 1.176130000000000057e-02 1.207850000000000069e-02
1.999779838000000032e+00 9.420882599999999552e-03 4.193199999999999900e-04 1.000000000000000000e+00 1.084640000000000083e-02 1.113920000000000014e-02
2.000446431999999941e+00 8.695987999999999982e-03 4.037189999999999746e-04 1.000000000000000000e+00 9.995099999999999818e-03 1.026520000000000037e-02
2.001113247000000150e+00 8.104225200000000559e-03 3.892659999999999827e-04 1.000000000000000000e+00 9.235300000000000106e-03 9.485139999999999544e-03
2.001780285000000159e+00 7.661923799999999576e-03 3.765770000000000098e-04 1.000000000000000000e+00 8.590759999999999369e-03 8.823430000000000162e-03
2.002447544999999884e+00 7.378470600000000025e-03 3.662240000000000092e-04 1.000000000000000000e+00 8.080079999999999901e-03 8.299199999999999633e-03
2.003115027999999853e+00 7.254969800000000274e-03 3.586749999999999769e-04 1.000000000000000000e+00 7.715559999999999780e-03 7.925089999999999218e-03
2.003782732999999983e+00 7.282774599999999876e-03 3.542139999999999937e-04 1.000000000000000000e+00 7.501899999999999714e-03 7.705919999999999784e-03
2.004450659999999829e+00 7.442385699999999951e-03 3.528699999999999740e-04 1.000000000000000000e+00 7.434849999999999792e-03 7.637350000000000215e-03
2.005118809999999918e+00 7.703444700000000069e-03 3.543789999999999896e-04 1.000000000000000000e+00 7.500309999999999616e-03 7.704889999999999829e-03
2.005787182999999807e+00 8.026560300000000828e-03 3.581990000000000174e-04 1.000000000000000000e+00 7.674209999999999886e-03 7.883829999999999658e-03
2.006455778999999939e+00 8.367441800000000041e-03 3.635760000000000033e-04 1.000000000000000000e+00 7.923899999999999347e-03 8.140619999999999454e-03
2.007124597999999871e+00 8.682996199999999318e-03 3.696589999999999924e-04 1.000000000000000000e+00 8.211339999999999265e-03 8.436189999999999661e-03
2.007793638999999963e+00 8.938210099999999853e-03 3.756329999999999999e-04 1.000000000000000000e+00 8.497899999999999204e-03 8.730840000000000128e-03
2.008462903999999938e+00 9.112043900000000099e-03 3.808279999999999933e-04 1.000000000000000000e+00 8.749929999999999514e-03 8.990019999999999609e-03
2.009132391000000073e+00 9.200505299999999984e-03 3.848090000000000083e-04 1.000000000000000000e+00 8.943889999999999479e-03 9.189549999999999455e-03
2.009802102000000090e+00 9.215911900000000115e-03 3.874090000000000172e-04 1.000000000000000000e+00 9.069549999999999140e-03 9.318899999999999753e-03
2.010472035999999907e+00 9.182681499999999566e-03 3.887229999999999982e-04 1.000000000000000000e+00 9.130440000000000084e-03 9.381719999999999643e-03
2.011142194000000050e+00 9.131034899999999552e-03 3.890580000000000145e-04 1.000000000000000000e+00 9.141569999999999904e-03 9.393409999999999607e-03
2.011812573999999909e+00 9.090740800000000205e-03 3.888520000000000236e-04 1.000000000000000000e+00 9.125130000000000394e-03 9.376809999999999312e-03
2.012483178000000095e+00 9.086537199999999634e-03 3.885879999999999868e-04 1.000000000000000000e+00 9.105729999999999380e-03 9.357179999999999664e-03
2.013154006000000162e+00 9.136065299999999306e-03 3.887179999999999737e-04 1.000000000000000000e+00 9.106299999999999464e-03 9.358089999999999464e-03
2.013825058000000112e+00 9.249917200000000797e-03 3.896069999999999850e-04 1.000000000000000000e+00 9.145500000000000851e-03 9.398709999999999357e-03
2.014496332999999861e+00 9.432894299999999496e-03 3.915149999999999945e-04 1.000000000000000000e+00 9.236710000000000406e-03 9.492789999999999215e-03
2.015167830999999854e+00 9.685461799999999649e-03 3.945880000000000242e-04 1.000000000000000000e+00 9.388149999999999620e-03 9.648779999999999163e-03
2.015839553999999811e+00 1.000482400000000070e-02 3.988730000000000010e-04 1.000000000000000000e+00 9.603580000000000449e-03 9.870540000000000563e-03
2.016511500000000012e+00 1.038559300000000025e-02 4.043340000000000085e-04 1.000000000000000000e+00 9.882999999999999424e-03 1.015809999999999977e-02
2.017183671000000178e+00 1.082026500000000079e-02 4.108720000000000059e-04 1.000000000000000000e+00 1.022340000000000054e-02 1.050829999999999993e-02
2.017856065000000143e+00 1.129980300000000062e-02 4.183340000000000235e-04 1.000000000000000000e+00 1.061909999999999937e-02 1.091549999999999986e-02
2.018528684000000073e+00 1.181426999999999998e-02 4.265429999999999851e-04 1.000000000000000000e+00 1.106290000000000051e-02 1.137200000000000016e-02
2.019201526999999885e+00 1.235342000000000037e-02 4.353040000000000186e-04 1.000000000000000000e+00 1.154610000000000011e-02 1.186910000000000048e-02
2.019874594000000023e+00 1.290708200000000028e-02 4.444210000000000196e-04 1.000000000000000000e+00 1.205920000000000082e-02 1.239700000000000003e-02
2.020547886000000126e+00 1.346533700000000083e-02 4.537109999999999798e-04 1.000000000000000000e+00 1.259260000000000067e-02 1.294580000000000036e-02
2.021221402000000111e+00 1.401863300000000083e-02 4.629999999999999784e-04 1.000000000000000000e+00 1.313669999999999942e-02 1.350559999999999955e-02
2.021895141999999979e+00 1.455800999999999970e-02 4.721330000000000145e-04 1.000000000000000000e+00 1.368199999999999972e-02 1.406660000000000028e-02
2.022569106999999811e+00 1.507548700000000026e-02 4.809719999999999751e-04 1.000000000000000000e+00 1.421949999999999950e-02 1.461969999999999936e-02
2.023243297000000052e+00 1.556452600000000040e-02 4.894030000000000168e-04 1.000000000000000000e+00 1.474089999999999949e-02 1.515619999999999988e-02
2.023917711000000175e+00 1.602037300000000095e-02 4.973370000000000395e-04 1.000000000000000000e+00 1.523919999999999962e-02 1.566899999999999890e-02
2.024592350999999901e+00 1.644015799999999985e-02 5.047129999999999499e-04 1.000000000000000000e+00 1.570890000000000133e-02 1.615240000000000078e-02
2.025267214999999954e+00 1.682269399999999915e-02 5.114979999999999874e-04 1.000000000000000000e+00 1.614619999999999944e-02 1.660239999999999980e-02
2.025942303999999972e+00 1.716805199999999962e-02 5.176799999999999631e-04 1.000000000000000000e+00 1.654860000000000012e-02 1.701669999999999919e-02
2.026617617999999954e+00 1.747705899999999965e-02 5.232670000000000030e-04 1.000000000000000000e+00 1.691530000000000117e-02 1.739430000000000143e-02
2.027293156999999901e+00 1.775087399999999982e-02 5.282779999999999724e-04 1.000000000000000000e+00 1.724610000000000032e-02 1.773500000000000076e-02
2.027968921999999896e+00 1.799068800000000121e-02 5.327370000000000326e-04 1.000000000000000000e+00 1.754170000000000035e-02 1.803949999999999998e-02
2.028644911000000217e+00 1.819768399999999869e-02 5.366700000000000506e-04 1.000000000000000000e+00 1.780299999999999938e-02 1.830870000000000067e-02
2.029321126000000142e+00 1.837315299999999971e-02 5.401019999999999866e-04 1.000000000000000000e+00 1.803089999999999901e-02 1.854360000000000036e-02
2.029997566000000031e+00 1.851873199999999955e-02 5.430609999999999561e-04 1.000000000000000000e+00 1.822669999999999846e-02 1.874560000000000115e-02
2.030674231999999968e+00 1.863657599999999845e-02 5.455730000000000432e-04 1.000000000000000000e+00 1.839210000000000150e-02 1.891630000000000048e-02
2.031351123999999952e+00 1.872936199999999940e-02 5.476730000000000400e-04 1.000000000000000000e+00 1.852890000000000092e-02 1.905770000000000033e-02
2.032028240999999902e+00 1.880006799999999964e-02 5.493969999999999713e-04 1.000000000000000000e+00 1.863969999999999863e-02 1.917210000000000095e-02
2.032705583999999899e+00 1.885158500000000056e-02 5.507850000000000332e-04 1.000000000000000000e+00 1.872690000000000118e-02 1.926249999999999837e-02
2.033383151999999860e+00 1.888632100000000105e-02 5.518759999999999725e-04 1.000000000000000000e+00 1.879329999999999889e-02 1.933139999999999858e-02
2.034060945999999870e+00 1.890597100000000058e-02 5.527050000000000149e-04 1.000000000000000000e+00 1.884119999999999892e-02 1.938130000000000061e-02
2.034738967000000009e+00 1.891157799999999833e-02 5.532990000000000434e-04 1.000000000000000000e+00 1.887250000000000039e-02 1.941410000000000011e-02
2.035417213000000114e+00 1.890384200000000056e-02 5.536770000000000320e-04 1.000000000000000000e+00 1.888849999999999904e-02 1.943119999999999917e-02
2.036095685999999905e+00 1.888363399999999984e-02 5.538550000000000157e-04 1.000000000000000000e+00 1.889040000000000163e-02 1.943370000000000167e-02
2.036774384000000104e+00 1.885242200000000062e-02 5.538480000000000139e-04 1.000000000000000000e+00 1.887930000000000164e-02 1.942289999999999989e-02
2.037453308999999990e+00 1.881248699999999927e-02 5.536770000000000320e-04 1.000000000000000000e+00 1.885660000000000114e-02 1.940019999999999939e-02
2.038132459999999924e+00 1.876675900000000091e-02 5.533699999999999687e-04 1.000000000000000000e+00 1.882440000000000155e-02 1.936770000000000158e-02
2.038811836999999905e+00 1.871829499999999938e-02 5.529620000000000498e-04 1.000000000000000000e+00 1.878519999999999843e-02 1.932789999999999855e-02
2.039491441000000016e+00 1.866943899999999948e-02 5.524910000000000064e-04 1.000000000000000000e+00 1.874150000000000121e-02 1.928360000000000143e-02
2.040171271999999814e+00 1.862090699999999904e-02 5.519859999999999697e-04 1.000000000000000000e+00 1.869540000000000091e-02 1.923679999999999835e-02
2.040851329000000103e+00 1.857099499999999986e-02 5.514610000000000518e-04 1.000000000000000000e+00 1.864800000000000138e-02 1.918860000000000010e-02
2.041531613000000078e+00 1.851510199999999856e-02 5.509010000000000165e-04 1.000000000000000000e+00 1.859809999999999935e-02 1.913789999999999936e-02
2.042212123000000101e+00 1.844575600000000065e-02 5.502579999999999754e-04 1.000000000000000000e+00 1.854230000000000114e-02 1.908119999999999955e-02
2.042892860999999893e+00 1.835324500000000067e-02 5.494480000000000154e-04 1.000000000000000000e+00 1.847489999999999896e-02 1.901239999999999875e-02
2.043573825000000177e+00 1.822684700000000088e-02 5.483540000000000289e-04 1.000000000000000000e+00 1.838769999999999988e-02 1.892339999999999994e-02
2.044255016000000147e+00 1.805653499999999856e-02 5.468450000000000134e-04 1.000000000000000000e+00 1.827169999999999836e-02 1.880460000000000118e-02
2.044936434999999886e+00 1.783488299999999929e-02 5.447860000000000116e-04 1.000000000000000000e+00 1.811789999999999928e-02 1.864690000000000097e-02
2.045618080000000116e+00 1.755877900000000005e-02 5.420660000000000105e-04 1.000000000000000000e+00 1.791910000000000031e-02 1.844290000000000165e-02
2.046299953000000116e+00 1.723050599999999960e-02 5.386129999999999607e-04 1.000000000000000000e+00 1.767120000000000149e-02 1.818830000000000099e-02
2.046982052999999802e+00 1.685791700000000004e-02 5.344180000000000458e-04 1.000000000000000000e+00 1.737460000000000046e-02 1.788359999999999950e-02
2.047664380000000062e+00 1.645365999999999843e-02 5.295350000000000317e-04 1.000000000000000000e+00 1.703440000000000162e-02 1.753390000000000157e-02
2.048346935000000091e+00 1.603366000000000166e-02 5.240880000000000278e-04 1.000000000000000000e+00 1.666000000000000120e-02 1.714900000000000105e-02
2.049029716999999806e+00 1.561526599999999917e-02 5.182519999999999705e-04 1.000000000000000000e+00 1.626419999999999949e-02 1.674209999999999934e-02
2.049712727000000179e+00 1.521556899999999997e-02 5.122440000000000240e-04 1.000000000000000000e+00 1.586200000000000110e-02 1.632859999999999867e-02
2.050395964999999876e+00 1.485023199999999967e-02 5.063010000000000167e-04 1.000000000000000000e+00 1.546900000000000011e-02 1.592460000000000056e-02
2.051079430000000148e+00 1.453299299999999926e-02 5.006659999999999800e-04 1.000000000000000000e+00 1.510030000000000053e-02 1.554550000000000029e-02
2.051763123000000189e+00 1.427568400000000029e-02 4.955720000000000047e-04 1.000000000000000000e+00 1.477000000000000014e-02 1.520600000000000077e-02
2.052447043999999998e+00 1.408838400000000067e-02 4.912399999999999926e-04 1.000000000000000000e+00 1.449049999999999991e-02 1.491879999999999942e-02
2.053131193000000021e+00 1.397924099999999989e-02 4.878700000000000029e-04 1.000000000000000000e+00 1.427289999999999982e-02 1.469529999999999968e-02
2.053815569999999813e+00 1.395354799999999965e-02 4.856300000000000243e-04 1.000000000000000000e+00 1.412610000000000081e-02 1.454470000000000068e-02
2.054500174999999818e+00 1.401206900000000026e-02 4.846410000000000106e-04 1.000000000000000000e+00 1.405640000000000014e-02 1.447350000000000025e-02
2.055185009000000118e+00 1.414902099999999947e-02 4.849459999999999882e-04 1.000000000000000000e+00 1.406589999999999924e-02 1.448389999999999921e-02
2.055870070000000105e+00 1.435056900000000052e-02 4.864870000000000197e-04 1.000000000000000000e+00 1.415130000000000034e-02 1.457239999999999924e-02
2.056555361000000026e+00 1.459475799999999934e-02 4.890870000000000287e-04 1.000000000000000000e+00 1.430209999999999988e-02 1.472829999999999973e-02
2.057240879000000078e+00 1.485353499999999931e-02 4.924489999999999467e-04 1.000000000000000000e+00 1.450120000000000055e-02 1.493389999999999995e-02
2.057926625999999981e+00 1.509679799999999981e-02 4.961899999999999774e-04 1.000000000000000000e+00 1.472539999999999960e-02 1.516529999999999961e-02
2.058612601000000097e+00 1.529764100000000071e-02 4.998929999999999520e-04 1.000000000000000000e+00 1.494900000000000048e-02 1.539609999999999937e-02
2.059298806000000148e+00 1.543736499999999977e-02 5.031729999999999883e-04 1.000000000000000000e+00 1.514760000000000065e-02 1.560109999999999969e-02
2.059985238999999968e+00 1.550879200000000041e-02 5.057399999999999656e-04 1.000000000000000000e+00 1.530210000000000077e-02 1.576079999999999842e-02
2.060671900000000001e+00 1.551684499999999960e-02 5.074399999999999527e-04 1.000000000000000000e+00 1.540200000000000076e-02 1.586409999999999904e-02
2.061358790999999968e+00 1.547632399999999964e-02 5.082710000000000266e-04 1.000000000000000000e+00 1.544650000000000016e-02 1.591050000000000103e-02
2.062045910999999787e+00 1.540761400000000003e-02 5.083629999999999573e-04 1.000000000000000000e+00 1.544369999999999944e-02 1.590810000000000141e-02
2.062733258999999819e+00 1.533179299999999981e-02 5.079379999999999876e-04 1.000000000000000000e+00 1.540769999999999987e-02 1.587150000000000019e-02
2.063420836999999786e+00 1.526655600000000057e-02 5.072549999999999672e-04 1.000000000000000000e+00 1.535510000000000000e-02 1.581779999999999992e-02
2.064108644000000048e+00 1.522399200000000043e-02 5.065630000000000219e-04 1.000000000000000000e+00 1.530169999999999968e-02 1.576340000000000033e-02
2.064796680000000162e+00 1.521042199999999948e-02 5.060590000000000010e-04 1.000000000000000000e+00 1.526029999999999921e-02 1.572130000000000055e-02
2.065484946000000210e+00 1.522780500000000051e-02 5.058800000000000015e-04 1.000000000000000000e+00 1.523930000000000076e-02 1.570030000000000037e-02
2.066173441000000111e+00 1.527576599999999965e-02 5.061010000000000118e-04 1.000000000000000000e+00 1.524380000000000006e-02 1.570550000000000071e-02
2.066862164999999862e+00 1.535333699999999989e-02 5.067560000000000250e-04 1.000000000000000000e+00 1.527580000000000084e-02 1.573909999999999892e-02
2.067551118999999993e+00 1.545977999999999936e-02 5.078549999999999818e-04 1.000000000000000000e+00 1.533619999999999949e-02 1.580190000000000067e-02
2.068240303000000058e+00 1.559446700000000074e-02 5.093979999999999906e-04 1.000000000000000000e+00 1.542499999999999948e-02 1.589399999999999841e-02
2.068929715999999974e+00 1.575614399999999971e-02 5.113739999999999866e-04 1.000000000000000000e+00 1.554200000000000026e-02 1.601510000000000086e-02
2.069619359999999908e+00 1.594214600000000079e-02 5.137639999999999959e-04 1.000000000000000000e+00 1.568589999999999915e-02 1.616400000000000128e-02
2.070309233000000138e+00 1.614806800000000153e-02 5.165249999999999920e-04 1.000000000000000000e+00 1.585450000000000054e-02 1.633830000000000005e-02
2.070999335999999857e+00 1.636813399999999946e-02 5.195990000000000374e-04 1.000000000000000000e+00 1.604420000000000152e-02 1.653440000000000118e-02
2.071689668999999956e+00 1.659612800000000166e-02 5.229059999999999568e-04 1.000000000000000000e+00 1.625009999999999996e-02 1.674720000000000028e-02
2.072380231999999989e+00 1.682653500000000010e-02 5.263629999999999611e-04 1.000000000000000000e+00 1.646699999999999900e-02 1.697130000000000166e-02
2.073071026000000039e+00 1.705537099999999973e-02 5.298920000000000149e-04 1.000000000000000000e+00 1.668980000000000116e-02 1.720150000000000151e-02
2.073762048999999941e+00 1.728036900000000028e-02 5.334289999999999778e-04 1.000000000000000000e+00 1.691439999999999957e-02 1.743360000000000049e-02
2.074453302999999860e+00 1.750041299999999939e-02 5.369319999999999475e-04 1.000000000000000000e+00 1.713790000000000105e-02 1.766449999999999965e-02
2.075144787999999796e+00 1.771448299999999962e-02 5.403709999999999937e-04 1.000000000000000000e+00 1.735820000000000071e-02 1.789229999999999987e-02
2.075836503000000111e+00 1.792056800000000130e-02 5.437200000000000323e-04 1.000000000000000000e+00 1.757370000000000113e-02 1.811509999999999856e-02
2.076528447999999916e+00 1.811503500000000155e-02 5.469490000000000246e-04 1.000000000000000000e+00 1.778209999999999860e-02 1.833059999999999898e-02
2.077220624000000182e+00 1.829275299999999840e-02 5.500089999999999580e-04 1.000000000000000000e+00 1.798019999999999827e-02 1.853540000000000049e-02
2.077913031000000021e+00 1.844798099999999871e-02 5.528399999999999721e-04 1.000000000000000000e+00 1.816349999999999909e-02 1.872499999999999859e-02
2.078605668999999878e+00 1.857570500000000138e-02 5.553749999999999876e-04 1.000000000000000000e+00 1.832709999999999895e-02 1.889439999999999870e-02
2.079298537000000113e+00 1.867299199999999937e-02 5.575520000000000042e-04 1.000000000000000000e+00 1.846669999999999909e-02 1.903900000000000037e-02
2.079991637000000004e+00 1.873992299999999861e-02 5.593310000000000426e-04 1.000000000000000000e+00 1.857910000000000117e-02 1.915559999999999832e-02
2.080684966999999830e+00 1.877984900000000124e-02 5.607039999999999767e-04 1.000000000000000000e+00 1.866359999999999894e-02 1.924340000000000078e-02
2.081378529000000199e+00 1.879890700000000012e-02 5.617019999999999695e-04 1.000000000000000000e+00 1.872199999999999906e-02 1.930429999999999993e-02
2.082072322000000142e+00 1.880495800000000009e-02 5.623860000000000057e-04 1.000000000000000000e+00 1.875850000000000087e-02 1.934270000000000087e-02
2.082766346000000102e+00 1.880623999999999837e-02 5.628470000000000001e-04 1.000000000000000000e+00 1.877950000000000105e-02 1.936500000000000027e-02
2.083460601000000079e+00 1.881003900000000062e-02 5.631829999999999779e-04 1.000000000000000000e+00 1.879170000000000146e-02 1.937840000000000049e-02
2.084155088000000156e+00 1.882168199999999930e-02 5.634880000000000097e-04 1.000000000000000000e+00 1.880180000000000046e-02 1.938950000000000048e-02
2.084849806999999888e+00 1.884400500000000048e-02 5.638410000000000383e-04 1.000000000000000000e+00 1.881520000000000067e-02 1.940400000000000111e-02
2.085544757000000082e+00 1.887737600000000127e-02 5.642929999999999995e-04 1.000000000000000000e+00 1.883550000000000155e-02 1.942570000000000061e-02
2.086239937999999849e+00 1.892015500000000100e-02 5.648660000000000226e-04 1.000000000000000000e+00 1.886420000000000111e-02 1.945600000000000107e-02
2.086935351999999799e+00 1.896946500000000133e-02 5.655579999999999679e-04 1.000000000000000000e+00 1.890110000000000054e-02 1.949479999999999963e-02
2.087630997000000210e+00 1.902202700000000038e-02 5.663449999999999995e-04 1.000000000000000000e+00 1.894459999999999894e-02 1.954039999999999944e-02
2.088326873999999833e+00 1.907489799999999985e-02 5.671940000000000315e-04 1.000000000000000000e+00 1.899239999999999956e-02 1.959050000000000027e-02
2.089022983000000000e+00 1.912594899999999973e-02 5.680709999999999623e-04 1.000000000000000000e+00 1.904209999999999930e-02 1.964250000000000024e-02
2.089719323999999823e+00 1.917403999999999983e-02 5.689469999999999857e-04 1.000000000000000000e+00 1.909169999999999964e-02 1.969450000000000020e-02
2.090415897000000189e+00 1.921889800000000162e-02 5.697999999999999723e-04 1.000000000000000000e+00 1.913990000000000136e-02 1.974489999999999926e-02
2.091112702000000212e+00 1.926078700000000143e-02 5.706199999999999814e-04 1.000000000000000000e+00 1.918579999999999938e-02 1.979310000000000097e-02
2.091809739999999973e+00 1.930008899999999944e-02 5.714029999999999500e-04 1.000000000000000000e+00 1.922930000000000125e-02 1.983870000000000078e-02
2.092507009000000195e+00 1.933693599999999901e-02 5.721500000000000023e-04 1.000000000000000000e+00 1.927040000000000003e-02 1.988180000000000155e-02
2.093204511999999795e+00 1.937101399999999890e-02 5.728579999999999827e-04 1.000000000000000000e+00 1.930890000000000037e-02 1.992230000000000043e-02
2.093902246999999939e+00 1.940159500000000065e-02 5.735249999999999680e-04 1.000000000000000000e+00 1.934459999999999999e-02 1.995989999999999917e-02
2.094600214000000182e+00 1.942779899999999907e-02 5.741430000000000491e-04 1.000000000000000000e+00 1.937679999999999958e-02 1.999389999999999848e-02
2.095298414000000164e+00 1.944897300000000134e-02 5.747050000000000075e-04 1.000000000000000000e+00 1.940499999999999864e-02 2.002369999999999844e-02
2.095996846999999885e+00 1.946505000000000110e-02 5.752030000000000424e-04 1.000000000000000000e+00 1.942860000000000073e-02 2.004879999999999857e-02
2.096695512999999789e+00 1.947674099999999880e-02 5.756370000000000453e-04 1.000000000000000000e+00 1.944740000000000010e-02 2.006900000000000003e-02
2.097394410999999792e+00 1.948548099999999894e-02 5.760119999999999867e-04 1.000000000000000000e+00 1.946209999999999954e-02 2.008499999999999869e-02
2.098093543000000061e+00 1.949312900000000140e-02 5.763450000000000257e-04 1.000000000000000000e+00 1.947360000000000063e-02 2.009769999999999959e-02
2.098792906999999985e+00 1.950152499999999872e-02 5.766540000000000121e-04 1.000000000000000000e+00 1.948350000000000082e-02 2.010870000000000019e-02
2.099492505000000175e+00 1.951202999999999965e-02 5.769599999999999512e-04 1.000000000000000000e+00 1.949319999999999872e-02 2.011960000000000137e-02
2.100192336000000104e+00 1.952520199999999845e-02 5.772800000000000023e-04 1.000000000000000000e+00 1.950400000000000050e-02 2.013150000000000009e-02
2.100892400000000215e+00 1.954068399999999914e-02 5.776250000000000134e-04 1.000000000000000000e+00 1.951649999999999913e-02 2.014530000000000140e-02
2.101592697000000065e+00 1.955733299999999966e-02 5.779929999999999530e-04 1.000000000000000000e+00 1.953090000000000034e-02 2.016089999999999896e-02
2.102293228000000180e+00 1.957352600000000081e-02 5.783750000000000046e-04 1.000000000000000000e+00 1.954629999999999909e-02 2.017760000000000040e-02
2.102993992000000034e+00 1.958756600000000070e-02 5.787550000000000246e-04 1.000000000000000000e+00 1.956170000000000131e-02 2.019419999999999896e-02
2.103694990000000153e+00 1.959807599999999900e-02 5.791140000000000393e-04 1.000000000000000000e+00 1.957570000000000143e-02 2.020939999999999889e-02
2.104396222000000094e+00 1.960427400000000139e-02 5.794360000000000135e-04 1.000000000000000000e+00 1.958700000000000024e-02 2.022180000000000158e-02
2.105097687000000217e+00 1.960610800000000056e-02 5.797099999999999909e-04 1.000000000000000000e+00 1.959479999999999902e-02 2.023070000000000077e-02
2.105799386999999800e+00 1.960420800000000144e-02 5.799299999999999854e-04 1.000000000000000000e+00 1.959889999999999896e-02 2.023559999999999942e-02
2.106501320000000010e+00 1.959972199999999998e-02 5.801029999999999989e-04 1.000000000000000000e+00 1.959939999999999946e-02 2.023700000000000152e-02
2.107203487000000042e+00 1.959406600000000026e-02 5.802379999999999561e-04 1.000000000000000000e+00 1.959719999999999865e-02 2.023550000000000001e-02
2.107905887999999894e+00 1.958867099999999847e-02 5.803510000000000005e-04 1.000000000000000000e+00 1.959330000000000099e-02 2.023230000000000167e-02
2.108608523000000012e+00 1.958474099999999926e-02 5.804599999999999821e-04 1.000000000000000000e+00 1.958899999999999877e-02 2.022859999999999936e-02
2.109311393000000034e+00 1.958307100000000051e-02 5.805800000000000283e-04 1.000000000000000000e+00 1.958520000000000053e-02 2.022559999999999983e-02
2.110014496999999878e+00 1.958393599999999971e-02 5.807230000000000031e-04 1.000000000000000000e+00 1.958290000000000031e-02 2.022420000000000120e-02
2.110717834999999987e+00 1.958705399999999958e-02 5.808950000000000008e-04 1.000000000000000000e+00 1.958259999999999862e-02 2.022480000000000111e-02
2.111421406999999917e+00 1.959165900000000085e-02 5.810950000000000056e-04 1.000000000000000000e+00 1.958429999999999893e-02 2.022739999999999955e-02
2.112125214999999834e+00 1.959666499999999922e-02 5.813170000000000316e-04 1.000000000000000000e+00 1.958750000000000074e-02 2.023159999999999889e-02
2.112829255999999933e+00 1.960092199999999979e-02 5.815479999999999825e-04 1.000000000000000000e+00 1.959150000000000127e-02 2.023660000000000042e-02
2.113533533000000020e+00 1.960350699999999918e-02 5.817749999999999788e-04 1.000000000000000000e+00 1.959529999999999952e-02 2.024149999999999908e-02
2.114238043999999928e+00 1.960398600000000033e-02 5.819860000000000484e-04 1.000000000000000000e+00 1.959819999999999965e-02 2.024530000000000080e-02
2.114942790000000183e+00 1.960254999999999984e-02 5.821739999999999728e-04 1.000000000000000000e+00 1.959970000000000115e-02 2.024770000000000042e-02
2.115647770999999899e+00 1.959999499999999853e-02 5.823370000000000456e-04 1.000000000000000000e+00 1.959959999999999827e-02 2.024839999999999973e-02
2.116352986999999963e+00 1.959751699999999833e-02 5.824829999999999591e-04 1.000000000000000000e+00 1.959839999999999846e-02 2.024789999999999923e-02
2.117058437999999931e+00 1.959638000000000005e-02 5.826250000000000265e-04 1.000000000000000000e+00 1.959699999999999984e-02 2.024719999999999992e-02
2.117764123999999804e+00 1.959754999999999830e-02 5.827770000000000346e-04 1.000000000000000000e+00 1.959610000000000171e-02 2.024710000000000051e-02
2.118470045000000024e+00 1.960142800000000060e-02 5.829519999999999711e-04 1.000000000000000000e+00 1.959680000000000102e-02 2.024849999999999914e-02
2.119176201999999787e+00 1.960774100000000145e-02 5.831569999999999462e-04 1.000000000000000000e+00 1.959939999999999946e-02 2.025209999999999858e-02
2.119882593999999898e+00 1.961565100000000131e-02 5.833939999999999916e-04 1.000000000000000000e+00 1.960409999999999930e-02 2.025770000000000001e-02
2.120589221999999996e+00 1.962402699999999875e-02 5.836549999999999811e-04 1.000000000000000000e+00 1.961030000000000065e-02 2.026499999999999829e-02
2.121296084999999998e+00 1.963177300000000167e-02 5.839289999999999585e-04 1.000000000000000000e+00 1.961730000000000071e-02 2.027309999999999876e-02
2.122003182999999904e+00 1.963814100000000132e-02 5.842030000000000443e-04 1.000000000000000000e+00 1.962440000000000018e-02 2.028129999999999863e-02
2.122710517999999880e+00 1.964289599999999997e-02 5.844659999999999569e-04 1.000000000000000000e+00 1.963080000000000033e-02 2.028879999999999920e-02
2.123418088000000203e+00 1.964634300000000014e-02 5.847139999999999586e-04 1.000000000000000000e+00 1.963619999999999949e-02 2.029519999999999935e-02
2.124125894000000070e+00 1.964920399999999998e-02 5.849450000000000179e-04 1.000000000000000000e+00 1.964060000000000111e-02 2.030059999999999851e-02
2.124833935999999923e+00 1.965240299999999884e-02 5.851670000000000439e-04 1.000000000000000000e+00 1.964449999999999877e-02 2.030540000000000123e-02
2.125542214000000207e+00 1.965681899999999899e-02 5.853880000000000541e-04 1.000000000000000000e+00 1.964830000000000049e-02 2.031020000000000048e-02
2.126250728000000034e+00 1.966306199999999851e-02 5.856190000000000050e-04 1.000000000000000000e+00 1.965290000000000092e-02 2.031579999999999844e-02
2.126959477999999848e+00 1.967130799999999846e-02 5.858680000000000224e-04 1.000000000000000000e+00 1.965870000000000117e-02 2.032259999999999969e-02
2.127668465000000175e+00 1.968124300000000104e-02 5.861409999999999841e-04 1.000000000000000000e+00 1.966590000000000005e-02 2.033099999999999838e-02
2.128377688000000045e+00 1.969212099999999993e-02 5.864349999999999511e-04 1.000000000000000000e+00 1.967460000000000042e-02 2.034079999999999916e-02
2.129087146999999902e+00 1.970293399999999834e-02 5.867449999999999532e-04 1.000000000000000000e+00 1.968409999999999951e-02 2.035160000000000094e-02
2.129796842000000190e+00 1.971264199999999897e-02 5.870610000000000498e-04 1.000000000000000000e+00 1.969390000000000029e-02 2.036270000000000094e-02
2.130506775000000186e+00 1.972040599999999935e-02 5.873719999999999592e-04 1.000000000000000000e+00 1.970299999999999829e-02 2.037310000000000162e-02
2.131216944000000169e+00 1.972575500000000107e-02 5.876640000000000032e-04 1.000000000000000000e+00 1.971089999999999995e-02 2.038229999999999903e-02
2.131927349000000138e+00 1.972865700000000014e-02 5.879319999999999945e-04 1.000000000000000000e+00 1.971699999999999842e-02 2.038960000000000078e-02
2.132637991999999816e+00 1.972947200000000137e-02 5.881709999999999629e-04 1.000000000000000000e+00 1.972120000000000123e-02 2.039490000000000053e-02
2.133348870999999924e+00 1.972882399999999897e-02 5.883810000000000168e-04 1.000000000000000000e+00 1.972360000000000085e-02 2.039830000000000115e-02
2.134059987000000103e+00 1.972743000000000066e-02 5.885680000000000339e-04 1.000000000000000000e+00 1.972449999999999898e-02 2.040010000000000087e-02
2.134771340999999989e+00 1.972593300000000105e-02 5.887390000000000158e-04 1.000000000000000000e+00 1.972449999999999898e-02 2.040099999999999900e-02
2.135482930999999862e+00 1.972477099999999858e-02 5.888990000000000414e-04 1.000000000000000000e+00 1.972410000000000135e-02 2.040130000000000068e-02
2.136194758999999888e+00 1.972411400000000092e-02 5.890560000000000197e-04 1.000000000000000000e+00 1.972360000000000085e-02 2.040159999999999890e-02
2.136906823999999983e+00 1.972385899999999984e-02 5.892140000000000138e-04 1.000000000000000000e+00 1.972319999999999976e-02 2.040200000000000000e-02
2.137619126000000147e+00 1.972369399999999995e-02 5.893720000000000079e-04 1.000000000000000000e+00 1.972290000000000154e-02 2.040250000000000050e-02
2.138331666000000020e+00 1.972319499999999892e-02 5.895310000000000177e-04 1.000000000000000000e+00 1.972259999999999985e-02 2.040290000000000159e-02
2.139044442999999962e+00 1.972192799999999968e-02 5.896869999999999803e-04 1.000000000000000000e+00 1.972190000000000054e-02 2.040300000000000100e-02
2.139757458000000057e+00 1.971953200000000142e-02 5.898360000000000495e-04 1.000000000000000000e+00 1.972039999999999904e-02 2.040240000000000109e-02
2.140470710000000221e+00 1.971574499999999980e-02 5.899749999999999613e-04 1.000000000000000000e+00 1.971799999999999942e-02 2.040080000000000018e-02
2.141184200000000093e+00 1.971039399999999914e-02 5.901020000000000093e-04 1.000000000000000000e+00 1.971430000000000057e-02 2.039799999999999947e-02
2.141897929000000200e+00 1.970334500000000058e-02 5.902130000000000223e-04 1.000000000000000000e+00 1.970929999999999904e-02 2.039380000000000012e-02
2.142611894999999933e+00 1.969445800000000149e-02 5.903040000000000457e-04 1.000000000000000000e+00 1.970279999999999948e-02 2.038809999999999928e-02
2.143326098999999818e+00 1.968356699999999904e-02 5.903739999999999552e-04 1.000000000000000000e+00 1.969469999999999901e-02 2.038080000000000100e-02
2.144040540999999855e+00 1.967050299999999891e-02 5.904159999999999660e-04 1.000000000000000000e+00 1.968490000000000170e-02 2.037169999999999953e-02
2.144755221000000045e+00 1.965515899999999844e-02 5.904280000000000465e-04 1.000000000000000000e+00 1.967330000000000120e-02 2.036059999999999953e-02
2.145470138999999943e+00 1.963759400000000127e-02 5.904060000000000254e-04 1.000000000000000000e+00 1.965969999999999870e-02 2.034740000000000160e-02
2.146185296000000076e+00 1.961811899999999984e-02 5.903489999999999953e-04 1.000000000000000000e+00 1.964410000000000114e-02 2.033199999999999938e-02
2.146900690999999917e+00 1.959737400000000074e-02 5.902600000000000034e-04 1.000000000000000000e+00 1.962670000000000040e-02 2.031470000000000151e-02
2.147616323999999910e+00 1.957633699999999921e-02 5.901469999999999589e-04 1.000000000000000000e+00 1.960780000000000162e-02 2.029579999999999926e-02
2.148332197000000221e+00 1.955625999999999892e-02 5.900220000000000508e-04 1.000000000000000000e+00 1.958810000000000065e-02 2.027609999999999829e-02
2.149048307000000158e+00 1.953852299999999861e-02 5.899009999999999887e-04 1.000000000000000000e+00 1.956880000000000078e-02 2.025679999999999842e-02
2.149764656999999968e+00 1.952442500000000150e-02 5.898029999999999636e-04 1.000000000000000000e+00 1.955099999999999894e-02 2.023900000000000005e-02
2.150481244999999930e+00 1.951492700000000136e-02 5.897460000000000419e-04 1.000000000000000000e+00 1.953579999999999900e-02 2.022399999999999892e-02
2.151198072000000128e+00 1.951042999999999875e-02 5.897460000000000419e-04 1.000000000000000000e+00 1.952419999999999850e-02 2.021289999999999892e-02
2.151915138000000116e+00 1.951063199999999997e-02 5.898099999999999654e-04 1.000000000000000000e+00 1.951690000000000022e-02 2.020610000000000114e-02
2.152632442999999896e+00 1.951450899999999933e-02 5.899380000000000292e-04 1.000000000000000000e+00 1.951390000000000069e-02 2.020380000000000092e-02
2.153349986999999910e+00 1.952045399999999958e-02 5.901219999999999990e-04 1.000000000000000000e+00 1.951450000000000060e-02 2.020539999999999836e-02
2.154067770999999798e+00 1.952651999999999860e-02 5.903430000000000092e-04 1.000000000000000000e+00 1.951750000000000013e-02 2.020939999999999889e-02
2.154785792999999838e+00 1.953075599999999981e-02 5.905790000000000388e-04 1.000000000000000000e+00 1.952150000000000066e-02 2.021449999999999983e-02
2.155504055000000196e+00 1.953152600000000044e-02 5.908050000000000194e-04 1.000000000000000000e+00 1.952469999999999900e-02 2.021890000000000145e-02
2.156222555999999901e+00 1.952779099999999921e-02 5.910000000000000539e-04 1.000000000000000000e+00 1.952579999999999941e-02 2.022089999999999999e-02
2.156941296999999924e+00 1.951928299999999838e-02 5.911469999999999832e-04 1.000000000000000000e+00 1.952339999999999978e-02 2.021950000000000136e-02
2.157660277999999821e+00 1.950655399999999887e-02 5.912369999999999908e-04 1.000000000000000000e+00 1.951719999999999844e-02 2.021409999999999874e-02
2.158379497999999952e+00 1.949087500000000125e-02 5.912719999999999998e-04 1.000000000000000000e+00 1.950730000000000172e-02 2.020479999999999846e-02
2.159098957999999957e+00 1.947402700000000139e-02 5.912629999999999665e-04 1.000000000000000000e+00 1.949439999999999854e-02 2.019249999999999864e-02
2.159818657000000197e+00 1.945796799999999910e-02 5.912299999999999891e-04 1.000000000000000000e+00 1.947990000000000138e-02 2.017839999999999911e-02
2.160538596999999950e+00 1.944447800000000115e-02 5.911939999999999643e-04 1.000000000000000000e+00 1.946530000000000135e-02 2.016420000000000018e-02
2.161258775999999937e+00 1.943483999999999837e-02 5.911780000000000377e-04 1.000000000000000000e+00 1.945219999999999935e-02 2.015159999999999868e-02
2.161979195999999881e+00 1.942963699999999960e-02 5.912009999999999661e-04 1.000000000000000000e+00 1.944179999999999867e-02 2.014169999999999849e-02
2.162699856000000143e+00 1.942872299999999844e-02 5.912740000000000313e-04 1.000000000000000000e+00 1.943479999999999860e-02 2.013540000000000121e-02
2.163420755999999834e+00 1.943137500000000073e-02 5.913999999999999552e-04 1.000000000000000000e+00 1.943160000000000026e-02 2.013289999999999871e-02
2.164141895999999843e+00 1.943655999999999856e-02 5.915760000000000159e-04 1.000000000000000000e+00 1.943169999999999967e-02 2.013389999999999971e-02
2.164863276999999808e+00 1.944322199999999959e-02 5.917910000000000401e-04 1.000000000000000000e+00 1.943450000000000039e-02 2.013780000000000084e-02
2.165584898000000091e+00 1.945047399999999885e-02 5.920339999999999631e-04 1.000000000000000000e+00 1.943920000000000023e-02 2.014360000000000109e-02
2.166306758999999804e+00 1.945765500000000078e-02 5.922940000000000453e-04 1.000000000000000000e+00 1.944519999999999929e-02 2.015060000000000115e-02
2.167028862000000000e+00 1.946427099999999827e-02 5.925610000000000209e-04 1.000000000000000000e+00 1.945159999999999945e-02 2.015810000000000171e-02
2.167751205000000070e+00 1.946990599999999863e-02 5.928249999999999492e-04 1.000000000000000000e+00 1.945790000000000020e-02 2.016559999999999880e-02
2.168473788000000013e+00 1.947419499999999970e-02 5.930799999999999527e-04 1.000000000000000000e+00 1.946370000000000045e-02 2.017240000000000005e-02
2.169196612999999996e+00 1.947689799999999943e-02 5.933200000000000453e-04 1.000000000000000000e+00 1.946840000000000029e-02 2.017820000000000030e-02
2.169919677999999852e+00 1.947801899999999919e-02 5.935400000000000398e-04 1.000000000000000000e+00 1.947190000000000032e-02 2.018259999999999846e-02
2.170642985000000191e+00 1.947787499999999866e-02 5.937390000000000289e-04 1.000000000000000000e+00 1.947400000000000173e-02 2.018560000000000146e-02
2.171366533000000043e+00 1.947704700000000080e-02 5.939209999999999672e-04 1.000000000000000000e+00 1.947489999999999985e-02 2.018740000000000118e-02
2.172090321000000213e+00 1.947618699999999897e-02 5.940910000000000418e-04 1.000000000000000000e+00 1.947499999999999926e-02 2.018829999999999930e-02
2.172814352000000060e+00 1.947579400000000113e-02 5.942560000000000377e-04 1.000000000000000000e+00 1.947470000000000104e-02 2.018889999999999921e-02
2.173538622999999781e+00 1.947604099999999949e-02 5.944229999999999566e-04 1.000000000000000000e+00 1.947449999999999876e-02 2.018959999999999852e-02
2.174263135999999985e+00 1.947676500000000005e-02 5.945940000000000470e-04 1.000000000000000000e+00 1.947470000000000104e-02 2.019059999999999952e-02
2.174987890000000146e+00 1.947758100000000075e-02 5.947699999999999992e-04 1.000000000000000000e+00 1.947520000000000154e-02 2.019189999999999874e-02
2.175712885999999902e+00 1.947804200000000097e-02 5.949469999999999672e-04 1.000000000000000000e+00 1.947569999999999857e-02 2.019330000000000083e-02
2.176438124000000141e+00 1.947773599999999897e-02 5.951209999999999964e-04 1.000000000000000000e+00 1.947609999999999966e-02 2.019450000000000064e-02
2.177163602999999892e+00 1.947627199999999933e-02 5.952870000000000080e-04 1.000000000000000000e+00 1.947580000000000144e-02 2.019500000000000114e-02
2.177889324000000126e+00 1.947322199999999837e-02 5.954410000000000475e-04 1.000000000000000000e+00 1.947449999999999876e-02 2.019460000000000005e-02
2.178615288000000039e+00 1.946811199999999922e-02 5.955760000000000047e-04 1.000000000000000000e+00 1.947190000000000032e-02 2.019270000000000093e-02
2.179341492999999907e+00 1.946058700000000141e-02 5.956860000000000020e-04 1.000000000000000000e+00 1.946749999999999869e-02 2.018899999999999861e-02
2.180067939999999815e+00 1.945069699999999943e-02 5.957669999999999763e-04 1.000000000000000000e+00 1.946099999999999913e-02 2.018319999999999836e-02
2.180794629000000207e+00 1.943919800000000128e-02 5.958190000000000361e-04 1.000000000000000000e+00 1.945260000000000045e-02 2.017530000000000018e-02
2.181521560999999831e+00 1.942765800000000043e-02 5.958489999999999663e-04 1.000000000000000000e+00 1.944270000000000026e-02 2.016590000000000049e-02
2.182248734999999940e+00 1.941823599999999844e-02 5.958750000000000505e-04 1.000000000000000000e+00 1.943249999999999839e-02 2.015619999999999912e-02
2.182976151000000087e+00 1.941317199999999937e-02 5.959189999999999843e-04 1.000000000000000000e+00 1.942369999999999861e-02 2.014799999999999924e-02
2.183703808999999829e+00 1.941413700000000145e-02 5.960100000000000077e-04 1.000000000000000000e+00 1.941800000000000123e-02 2.014300000000000118e-02
2.184431711000000220e+00 1.942174400000000120e-02 5.961680000000000017e-04 1.000000000000000000e+00 1.941700000000000023e-02 2.014279999999999890e-02
2.185159855000000206e+00 1.943537000000000042e-02 5.964069999999999701e-04 1.000000000000000000e+00 1.942139999999999839e-02 2.014830000000000093e-02
2.185888240999999788e+00 1.945336400000000077e-02 5.967239999999999741e-04 1.000000000000000000e+00 1.943119999999999917e-02 2.015930000000000152e-02
2.186616871000000017e+00 1.947349699999999934e-02 5.971050000000000099e-04 1.000000000000000000e+00 1.944529999999999870e-02 2.017489999999999908e-02
2.187345742999999842e+00 1.949344100000000024e-02 5.975270000000000407e-04 1.000000000000000000e+00 1.946219999999999895e-02 2.019330000000000083e-02
2.188074857999999789e+00 1.951108299999999851e-02 5.979619999999999510e-04 1.000000000000000000e+00 1.948000000000000079e-02 2.021270000000000011e-02
2.188804216999999941e+00 1.952462099999999895e-02 5.983819999999999504e-04 1.000000000000000000e+00 1.949690000000000104e-02 2.023109999999999839e-02
2.189533818000000132e+00 1.953245099999999929e-02 5.987600000000000474e-04 1.000000000000000000e+00 1.951100000000000056e-02 2.024650000000000061e-02
2.190263663000000083e+00 1.953299299999999850e-02 5.990690000000000338e-04 1.000000000000000000e+00 1.952049999999999966e-02 2.025729999999999892e-02
2.190993750000000073e+00 1.952453700000000153e-02 5.992859999999999810e-04 1.000000000000000000e+00 1.952380000000000088e-02 2.026150000000000173e-02
2.191724081999999907e+00 1.950518299999999886e-02 5.993829999999999904e-04 1.000000000000000000e+00 1.951889999999999875e-02 2.025719999999999951e-02
2.192454655999999780e+00 1.947288299999999986e-02 5.993329999999999621e-04 1.000000000000000000e+00 1.950400000000000050e-02 2.024259999999999948e-02
2.193185474999999940e+00 1.942559199999999847e-02 5.991030000000000270e-04 1.000000000000000000e+00 1.947679999999999897e-02 2.021519999999999914e-02
2.193916536000000139e+00 1.936155200000000062e-02 5.986579999999999593e-04 1.000000000000000000e+00 1.943519999999999970e-02 2.017299999999999996e-02
2.194647842000000182e+00 1.927970899999999904e-02 5.979649999999999983e-04 1.000000000000000000e+00 1.937720000000000067e-02 2.011370000000000172e-02
2.195379390999999902e+00 1.918020200000000036e-02 5.969950000000000126e-04 1.000000000000000000e+00 1.930099999999999871e-02 2.003560000000000063e-02
2.196111183999999827e+00 1.906480300000000169e-02 5.957300000000000442e-04 1.000000000000000000e+00 1.920629999999999907e-02 1.993819999999999967e-02
2.196843220999999957e+00 1.893707899999999902e-02 5.941740000000000476e-04 1.000000000000000000e+00 1.909370000000000164e-02 1.982230000000000103e-02
2.197575501999999847e+00 1.880215400000000148e-02 5.923550000000000300e-04 1.000000000000000000e+00 1.896600000000000022e-02 1.969069999999999848e-02
2.198308028000000025e+00 1.866604800000000106e-02 5.903329999999999602e-04 1.000000000000000000e+00 1.882779999999999870e-02 1.954809999999999881e-02
2.199040796999999881e+00 1.853477900000000123e-02 5.881909999999999526e-04 1.000000000000000000e+00 1.868519999999999903e-02 1.940079999999999930e-02
2.199773811000000023e+00 1.841352200000000161e-02 5.860280000000000480e-04 1.000000000000000000e+00 1.854520000000000127e-02 1.925620000000000109e-02
