8.000000000000000444e-01 1.908126900000000140e-02 3.749220000000000265e-04 1.000000000000000000e+00 1.908059999999999964e-02 1.908970000000000111e-02
8.002666667000000178e-01 1.908234600000000003e-02 3.748819999999999930e-04 1.000000000000000000e+00 1.908160000000000064e-02 1.909069999999999864e-02
8.005334222000000111e-01 1.908357299999999951e-02 3.748019999999999802e-04 1.000000000000000000e+00 1.908270000000000105e-02 1.909179999999999905e-02
8.008002667000000407e-01 1.908496499999999887e-02 3.747450000000000043e-04 1.000000000000000000e+00 1.908390000000000086e-02 1.909309999999999827e-02
8.010672000999999876e-01 1.908653999999999906e-02 3.747070000000000023e-04 1.000000000000000000e+00 1.908539999999999889e-02 1.909450000000000036e-02
8.013342224999999708e-01 1.908830799999999828e-02 3.746849999999999812e-04 1.000000000000000000e+00 1.908699999999999980e-02 1.909620000000000067e-02
8.016013338999999904e-01 1.909027199999999841e-02 3.746749999999999864e-04 1.000000000000000000e+00 1.908879999999999952e-02 1.909800000000000039e-02
8.018685344000000548e-01 1.909242599999999915e-02 3.746760000000000021e-04 1.000000000000000000e+00 1.909090000000000092e-02 1.909999999999999892e-02
8.021358239000000445e-01 1.909476599999999913e-02 3.746830000000000039e-04 1.000000000000000000e+00 1.909309999999999827e-02 1.910219999999999974e-02
8.024032024999999679e-01 1.909729599999999972e-02 3.746959999999999917e-04 1.000000000000000000e+00 1.909539999999999849e-02 1.910459999999999936e-02
8.026706702000000471e-01 1.910003299999999890e-02 3.747120000000000268e-04 1.000000000000000000e+00 1.909800000000000039e-02 1.910709999999999839e-02
8.029382270999999571e-01 1.910301199999999908e-02 3.747320000000000165e-04 1.000000000000000000e+00 1.910070000000000170e-02 1.910989999999999911e-02
8.032058732000000312e-01 1.910627999999999979e-02 3.747539999999999834e-04 1.000000000000000000e+00 1.910370000000000124e-02 1.911279999999999923e-02
8.034736085000000472e-01 1.910988099999999870e-02 3.747800000000000133e-04 1.000000000000000000e+00 1.910689999999999958e-02 1.911610000000000045e-02
8.037414330000000051e-01 1.911384400000000136e-02 3.748080000000000205e-04 1.000000000000000000e+00 1.911049999999999902e-02 1.911969999999999989e-02
8.040093468000000243e-01 1.911816800000000136e-02 3.748399999999999822e-04 1.000000000000000000e+00 1.911449999999999955e-02 1.912360000000000101e-02
8.042773498999999937e-01 1.912280900000000103e-02 3.748739999999999755e-04 1.000000000000000000e+00 1.911879999999999830e-02 1.912789999999999976e-02
8.045454424000000326e-01 1.912767599999999971e-02 3.749110000000000159e-04 1.000000000000000000e+00 1.912339999999999873e-02 1.913259999999999961e-02
8.048136242000000218e-01 1.913264099999999884e-02 3.749490000000000180e-04 1.000000000000000000e+00 1.912840000000000026e-02 1.913750000000000173e-02
8.050818953999999694e-01 1.913755600000000001e-02 3.749860000000000042e-04 1.000000000000000000e+00 1.913339999999999833e-02 1.914259999999999920e-02
8.053502559999999866e-01 1.914227900000000163e-02 3.750219999999999747e-04 1.000000000000000000e+00 1.913849999999999926e-02 1.914760000000000073e-02
8.056187060999999705e-01 1.914669800000000019e-02 3.750539999999999907e-04 1.000000000000000000e+00 1.914340000000000139e-02 1.915259999999999879e-02
8.058872457000000322e-01 1.915074500000000027e-02 3.750809999999999821e-04 1.000000000000000000e+00 1.914810000000000123e-02 1.915719999999999923e-02
8.061558747999999497e-01 1.915439700000000009e-02 3.751040000000000190e-04 1.000000000000000000e+00 1.915249999999999939e-02 1.916160000000000085e-02
8.064245933999999449e-01 1.915767100000000112e-02 3.751199999999999999e-04 1.000000000000000000e+00 1.915649999999999992e-02 1.916549999999999851e-02
8.066934016000000263e-01 1.916060500000000069e-02 3.751320000000000262e-04 1.000000000000000000e+00 1.916009999999999935e-02 1.916910000000000142e-02
8.069622993999999716e-01 1.916325099999999920e-02 3.751380000000000122e-04 1.000000000000000000e+00 1.916340000000000057e-02 1.917239999999999917e-02
8.072312868000000030e-01 1.916566499999999840e-02 3.751389999999999738e-04 1.000000000000000000e+00 1.916640000000000010e-02 1.917539999999999870e-02
8.075003639000000177e-01 1.916789699999999971e-02 3.751359999999999808e-04 1.000000000000000000e+00 1.916930000000000023e-02 1.917819999999999941e-02
8.077695307000000158e-01 1.916998599999999997e-02 3.751280000000000174e-04 1.000000000000000000e+00 1.917189999999999866e-02 1.918080000000000132e-02
8.080387871999999971e-01 1.917195299999999852e-02 3.751159999999999911e-04 1.000000000000000000e+00 1.917440000000000117e-02 1.918330000000000035e-02
8.083081334999999701e-01 1.917378499999999875e-02 3.751000000000000102e-04 1.000000000000000000e+00 1.917680000000000079e-02 1.918569999999999998e-02
8.085775695000000374e-01 1.917542900000000078e-02 3.750790000000000048e-04 1.000000000000000000e+00 1.917900000000000160e-02 1.918780000000000138e-02
8.088470953999999935e-01 1.917678000000000091e-02 3.750550000000000064e-04 1.000000000000000000e+00 1.918080000000000132e-02 1.918960000000000110e-02
8.091167111000000522e-01 1.917768300000000092e-02 3.750269999999999992e-04 1.000000000000000000e+00 1.918219999999999995e-02 1.919090000000000032e-02
8.093864166999999998e-01 1.917793799999999854e-02 3.749959999999999990e-04 1.000000000000000000e+00 1.918299999999999866e-02 1.919159999999999963e-02
8.096562121000000500e-01 1.917730999999999950e-02 3.749599999999999743e-04 1.000000000000000000e+00 1.918289999999999926e-02 1.919150000000000023e-02
8.099260974999999974e-01 1.917554499999999870e-02 3.749199999999999950e-04 1.000000000000000000e+00 1.918190000000000173e-02 1.919049999999999923e-02
8.101960728999999528e-01 1.917237299999999950e-02 3.748730000000000139e-04 1.000000000000000000e+00 1.917960000000000151e-02 1.918819999999999901e-02
8.104661383000000274e-01 1.916752199999999934e-02 3.748189999999999768e-04 1.000000000000000000e+00 1.917589999999999920e-02 1.918440000000000076e-02
8.107362935999999909e-01 1.916070599999999957e-02 3.747549999999999991e-04 1.000000000000000000e+00 1.917059999999999945e-02 1.917910000000000101e-02
8.110065390999999790e-01 1.915161699999999925e-02 3.746779999999999794e-04 1.000000000000000000e+00 1.916340000000000057e-02 1.917179999999999926e-02
8.112768745999999753e-01 1.913993699999999923e-02 3.745849999999999787e-04 1.000000000000000000e+00 1.915410000000000029e-02 1.916249999999999898e-02
8.115473001999999880e-01 1.912534600000000140e-02 3.744719999999999885e-04 1.000000000000000000e+00 1.914240000000000039e-02 1.915079999999999907e-02
8.118178160000000254e-01 1.910755999999999913e-02 3.743339999999999840e-04 1.000000000000000000e+00 1.912809999999999858e-02 1.913640000000000133e-02
8.120884218999999682e-01 1.908639200000000063e-02 3.741680000000000266e-04 1.000000000000000000e+00 1.911080000000000070e-02 1.911909999999999998e-02
8.123591181000000550e-01 1.906179800000000132e-02 3.739710000000000148e-04 1.000000000000000000e+00 1.909040000000000042e-02 1.909869999999999970e-02
8.126299044000000471e-01 1.903391299999999953e-02 3.737400000000000097e-04 1.000000000000000000e+00 1.906679999999999833e-02 1.907510000000000108e-02
8.129007810999999695e-01 1.900303799999999987e-02 3.734769999999999887e-04 1.000000000000000000e+00 1.904010000000000077e-02 1.904820000000000124e-02
8.131717480000000275e-01 1.896959100000000092e-02 3.731839999999999832e-04 1.000000000000000000e+00 1.901030000000000081e-02 1.901840000000000128e-02
8.134428052000000076e-01 1.893403299999999942e-02 3.728630000000000247e-04 1.000000000000000000e+00 1.897789999999999894e-02 1.898599999999999940e-02
8.137139528000000288e-01 1.889680200000000074e-02 3.725199999999999909e-04 1.000000000000000000e+00 1.894329999999999972e-02 1.895130000000000078e-02
8.139851907999999803e-01 1.885829400000000114e-02 3.721589999999999989e-04 1.000000000000000000e+00 1.890690000000000079e-02 1.891479999999999898e-02
8.142565191999999730e-01 1.881890599999999983e-02 3.717829999999999876e-04 1.000000000000000000e+00 1.886909999999999976e-02 1.887700000000000142e-02
8.145279381000000152e-01 1.877913900000000025e-02 3.713960000000000200e-04 1.000000000000000000e+00 1.883050000000000002e-02 1.883829999999999880e-02
8.147994473999999876e-01 1.873975500000000030e-02 3.710009999999999805e-04 1.000000000000000000e+00 1.879170000000000146e-02 1.879940000000000083e-02
8.150710472000000095e-01 1.870190600000000078e-02 3.706040000000000180e-04 1.000000000000000000e+00 1.875359999999999874e-02 1.876109999999999930e-02
8.153427374999999699e-01 1.866720399999999974e-02 3.702140000000000031e-04 1.000000000000000000e+00 1.871729999999999922e-02 1.872460000000000097e-02
8.156145184999999964e-01 1.863764999999999866e-02 3.698420000000000006e-04 1.000000000000000000e+00 1.868430000000000091e-02 1.869159999999999919e-02
8.158863899999999614e-01 1.861541400000000027e-02 3.695029999999999756e-04 1.000000000000000000e+00 1.865669999999999829e-02 1.866380000000000122e-02
8.161583520999999841e-01 1.860247500000000026e-02 3.692139999999999788e-04 1.000000000000000000e+00 1.863640000000000088e-02 1.864319999999999866e-02
8.164304048999999619e-01 1.860022100000000012e-02 3.689879999999999983e-04 1.000000000000000000e+00 1.862499999999999920e-02 1.863160000000000163e-02
8.167025482999999975e-01 1.860911499999999899e-02 3.688370000000000060e-04 1.000000000000000000e+00 1.862379999999999938e-02 1.863019999999999954e-02
8.169747824999999963e-01 1.862854900000000119e-02 3.687650000000000108e-04 1.000000000000000000e+00 1.863300000000000026e-02 1.863909999999999872e-02
8.172471074999999585e-01 1.865692199999999940e-02 3.687720000000000125e-04 1.000000000000000000e+00 1.865170000000000022e-02 1.865759999999999988e-02
8.175195231999999868e-01 1.869193300000000085e-02 3.688480000000000166e-04 1.000000000000000000e+00 1.867829999999999838e-02 1.868389999999999981e-02
8.177920296999999783e-01 1.873102399999999890e-02 3.689850000000000053e-04 1.000000000000000000e+00 1.871050000000000144e-02 1.871590000000000059e-02
8.180646270000000442e-01 1.877180599999999852e-02 3.691699999999999908e-04 1.000000000000000000e+00 1.874570000000000056e-02 1.875090000000000090e-02
8.183373151999999706e-01 1.881238400000000144e-02 3.693960000000000255e-04 1.000000000000000000e+00 1.878169999999999840e-02 1.878669999999999993e-02
8.186100942999999797e-01 1.885148999999999853e-02 3.696570000000000151e-04 1.000000000000000000e+00 1.881649999999999989e-02 1.882150000000000142e-02
8.188829643999999686e-01 1.888837200000000049e-02 3.699509999999999821e-04 1.000000000000000000e+00 1.884919999999999998e-02 1.885420000000000151e-02
8.191559253000000318e-01 1.892247199999999921e-02 3.702779999999999808e-04 1.000000000000000000e+00 1.887930000000000164e-02 1.888439999999999910e-02
8.194289772999999721e-01 1.895300200000000004e-02 3.706340000000000025e-04 1.000000000000000000e+00 1.890669999999999851e-02 1.891179999999999944e-02
8.197021203000000034e-01 1.897853899999999913e-02 3.710089999999999981e-04 1.000000000000000000e+00 1.893099999999999991e-02 1.893629999999999966e-02
8.199753544000000227e-01 1.899682700000000085e-02 3.713829999999999779e-04 1.000000000000000000e+00 1.895130000000000078e-02 1.895689999999999875e-02
8.202486795000000219e-01 1.900490499999999902e-02 3.717239999999999802e-04 1.000000000000000000e+00 1.896600000000000022e-02 1.897189999999999988e-02
8.205220957000000093e-01 1.899961500000000095e-02 3.719940000000000030e-04 1.000000000000000000e+00 1.897269999999999859e-02 1.897889999999999994e-02
8.207956030999999930e-01 1.897845299999999930e-02 3.721519999999999971e-04 1.000000000000000000e+00 1.896859999999999866e-02 1.897510000000000169e-02
8.210692015999999649e-01 1.894056300000000054e-02 3.721630000000000077e-04 1.000000000000000000e+00 1.895130000000000078e-02 1.895809999999999856e-02
8.213428913000000442e-01 1.888763400000000037e-02 3.720109999999999997e-04 1.000000000000000000e+00 1.891970000000000110e-02 1.892670000000000116e-02
8.216166723000000172e-01 1.882434900000000064e-02 3.717020000000000133e-04 1.000000000000000000e+00 1.887480000000000060e-02 1.888209999999999888e-02
8.218905444999999865e-01 1.875811999999999966e-02 3.712720000000000191e-04 1.000000000000000000e+00 1.882040000000000102e-02 1.882790000000000158e-02
8.221645079999999606e-01 1.869801600000000133e-02 3.707849999999999948e-04 1.000000000000000000e+00 1.876260000000000081e-02 1.877020000000000077e-02
8.224385628999999476e-01 1.865301899999999985e-02 3.703210000000000074e-04 1.000000000000000000e+00 1.870890000000000053e-02 1.871669999999999931e-02
8.227127091000000503e-01 1.863003599999999912e-02 3.699609999999999769e-04 1.000000000000000000e+00 1.866730000000000125e-02 1.867519999999999944e-02
8.229869466000000466e-01 1.863227699999999917e-02 3.697749999999999757e-04 1.000000000000000000e+00 1.864400000000000085e-02 1.865210000000000132e-02
8.232612755999999532e-01 1.865852000000000135e-02 3.697980000000000125e-04 1.000000000000000000e+00 1.864230000000000054e-02 1.865050000000000041e-02
8.235356959999999837e-01 1.870351799999999884e-02 3.700320000000000106e-04 1.000000000000000000e+00 1.866189999999999863e-02 1.867030000000000078e-02
8.238102079000000355e-01 1.875942499999999971e-02 3.704390000000000222e-04 1.000000000000000000e+00 1.869900000000000034e-02 1.870749999999999844e-02
8.240848112999999975e-01 1.881772099999999906e-02 3.709580000000000082e-04 1.000000000000000000e+00 1.874730000000000146e-02 1.875599999999999837e-02
8.243595062999999890e-01 1.887104699999999843e-02 3.715190000000000051e-04 1.000000000000000000e+00 1.879979999999999846e-02 1.880860000000000171e-02
8.246342928000000017e-01 1.891439400000000104e-02 3.720560000000000035e-04 1.000000000000000000e+00 1.884989999999999929e-02 1.885890000000000136e-02
8.249091709000000439e-01 1.894546199999999972e-02 3.725189999999999751e-04 1.000000000000000000e+00 1.889280000000000126e-02 1.890189999999999926e-02
8.251841406000000045e-01 1.896423800000000132e-02 3.728819999999999986e-04 1.000000000000000000e+00 1.892560000000000076e-02 1.893480000000000163e-02
8.254592020000000030e-01 1.897216599999999864e-02 3.731340000000000091e-04 1.000000000000000000e+00 1.894770000000000135e-02 1.895700000000000163e-02
8.257343550000000310e-01 1.897124099999999980e-02 3.732820000000000083e-04 1.000000000000000000e+00 1.895960000000000006e-02 1.896899999999999975e-02
8.260095997999999939e-01 1.896337899999999896e-02 3.733389999999999842e-04 1.000000000000000000e+00 1.896259999999999959e-02 1.897209999999999869e-02
8.262849364000000030e-01 1.895017400000000019e-02 3.733200000000000103e-04 1.000000000000000000e+00 1.895820000000000144e-02 1.896779999999999994e-02
8.265603647000000498e-01 1.893299000000000024e-02 3.732399999999999976e-04 1.000000000000000000e+00 1.894799999999999957e-02 1.895770000000000094e-02
8.268358848000000316e-01 1.891323899999999836e-02 3.731140000000000194e-04 1.000000000000000000e+00 1.893330000000000013e-02 1.894310000000000091e-02
8.271114967999999568e-01 1.889261299999999907e-02 3.729569999999999869e-04 1.000000000000000000e+00 1.891570000000000057e-02 1.892550000000000135e-02
8.273872006000000390e-01 1.887312699999999996e-02 3.727839999999999735e-04 1.000000000000000000e+00 1.889690000000000120e-02 1.890669999999999851e-02
8.276629962999999535e-01 1.885693100000000039e-02 3.726170000000000003e-04 1.000000000000000000e+00 1.887880000000000114e-02 1.888870000000000132e-02
8.279388840000000416e-01 1.884595899999999893e-02 3.724730000000000098e-04 1.000000000000000000e+00 1.886339999999999892e-02 1.887329999999999910e-02
8.282148635999999620e-01 1.884155200000000099e-02 3.723719999999999916e-04 1.000000000000000000e+00 1.885239999999999833e-02 1.886240000000000139e-02
8.284909351999999449e-01 1.884418200000000099e-02 3.723260000000000263e-04 1.000000000000000000e+00 1.884730000000000086e-02 1.885730000000000045e-02
8.287670988999999988e-01 1.885337999999999944e-02 3.723409999999999914e-04 1.000000000000000000e+00 1.884840000000000126e-02 1.885850000000000026e-02
8.290433546000000042e-01 1.886785499999999935e-02 3.724169999999999954e-04 1.000000000000000000e+00 1.885550000000000073e-02 1.886569999999999914e-02
8.293197023999999695e-01 1.888576700000000122e-02 3.725439999999999893e-04 1.000000000000000000e+00 1.886760000000000173e-02 1.887780000000000014e-02
8.295961423000000057e-01 1.890506800000000057e-02 3.727070000000000079e-04 1.000000000000000000e+00 1.888319999999999929e-02 1.889340000000000117e-02
8.298726743000000017e-01 1.892384399999999869e-02 3.728919999999999934e-04 1.000000000000000000e+00 1.890040000000000123e-02 1.891069999999999904e-02
8.301492984999999658e-01 1.894060200000000083e-02 3.730809999999999877e-04 1.000000000000000000e+00 1.891759999999999969e-02 1.892800000000000038e-02
8.304260150000000174e-01 1.895446400000000073e-02 3.732599999999999872e-04 1.000000000000000000e+00 1.893349999999999894e-02 1.894399999999999903e-02
8.307028236000000287e-01 1.896525799999999873e-02 3.734189999999999970e-04 1.000000000000000000e+00 1.894720000000000085e-02 1.895770000000000094e-02
8.309797246000000248e-01 1.897349499999999994e-02 3.735559999999999857e-04 1.000000000000000000e+00 1.895840000000000025e-02 1.896899999999999975e-02
8.312567177999999890e-01 1.898021899999999956e-02 3.736720000000000232e-04 1.000000000000000000e+00 1.896750000000000172e-02 1.897820000000000062e-02
8.315338034000000489e-01 1.898676100000000130e-02 3.737740000000000029e-04 1.000000000000000000e+00 1.897520000000000109e-02 1.898599999999999940e-02
8.318109812999999741e-01 1.899443500000000049e-02 3.738719999999999739e-04 1.000000000000000000e+00 1.898280000000000106e-02 1.899359999999999937e-02
8.320882517000000034e-01 1.900424300000000052e-02 3.739759999999999851e-04 1.000000000000000000e+00 1.899110000000000034e-02 1.900200000000000153e-02
8.323656144000000090e-01 1.901667799999999867e-02 3.740939999999999999e-04 1.000000000000000000e+00 1.900119999999999934e-02 1.901210000000000053e-02
8.326430696000000076e-01 1.903167299999999895e-02 3.742320000000000043e-04 1.000000000000000000e+00 1.901349999999999915e-02 1.902449999999999974e-02
8.329206172999999991e-01 1.904868300000000028e-02 3.743910000000000141e-04 1.000000000000000000e+00 1.902799999999999978e-02 1.903909999999999977e-02
8.331982574999999835e-01 1.906686700000000123e-02 3.745649999999999891e-04 1.000000000000000000e+00 1.904439999999999952e-02 1.905559999999999893e-02
8.334759902999999692e-01 1.908528899999999834e-02 3.747499999999999746e-04 1.000000000000000000e+00 1.906199999999999908e-02 1.907319999999999849e-02
8.337538155999999478e-01 1.910307699999999956e-02 3.749369999999999916e-04 1.000000000000000000e+00 1.907999999999999974e-02 1.909119999999999914e-02
8.340317335000000387e-01 1.911952299999999938e-02 3.751189999999999841e-04 1.000000000000000000e+00 1.909759999999999930e-02 1.910890000000000158e-02
8.343097441000000281e-01 1.913412899999999972e-02 3.752890000000000045e-04 1.000000000000000000e+00 1.911409999999999845e-02 1.912550000000000014e-02
8.345878474000000269e-01 1.914662500000000045e-02 3.754429999999999898e-04 1.000000000000000000e+00 1.912900000000000017e-02 1.914039999999999839e-02
8.348660433000000269e-01 1.915696299999999908e-02 3.755769999999999855e-04 1.000000000000000000e+00 1.914199999999999929e-02 1.915350000000000039e-02
8.351443320000000448e-01 1.916529800000000075e-02 3.756909999999999915e-04 1.000000000000000000e+00 1.915299999999999989e-02 1.916450000000000098e-02
8.354227133999999610e-01 1.917193999999999843e-02 3.757860000000000237e-04 1.000000000000000000e+00 1.916189999999999907e-02 1.917349999999999957e-02
8.357011877000000144e-01 1.917728299999999983e-02 3.758650000000000207e-04 1.000000000000000000e+00 1.916910000000000142e-02 1.918069999999999845e-02
8.359797546999999662e-01 1.918172300000000122e-02 3.759330000000000072e-04 1.000000000000000000e+00 1.917479999999999879e-02 1.918639999999999929e-02
8.362584146999999524e-01 1.918560000000000057e-02 3.759920000000000146e-04 1.000000000000000000e+00 1.917949999999999863e-02 1.919109999999999913e-02
8.365371674999999563e-01 1.918915300000000046e-02 3.760479999999999747e-04 1.000000000000000000e+00 1.918339999999999976e-02 1.919509999999999966e-02
8.368160131999999862e-01 1.919253099999999879e-02 3.761020000000000118e-04 1.000000000000000000e+00 1.918689999999999979e-02 1.919859999999999969e-02
8.370949518000000422e-01 1.919580400000000034e-02 3.761559999999999947e-04 1.000000000000000000e+00 1.919010000000000160e-02 1.920200000000000032e-02
8.373739835000000298e-01 1.919900000000000079e-02 3.762099999999999776e-04 1.000000000000000000e+00 1.919329999999999994e-02 1.920519999999999866e-02
8.376531082000000517e-01 1.920212099999999908e-02 3.762640000000000147e-04 1.000000000000000000e+00 1.919649999999999829e-02 1.920840000000000047e-02
8.379323258999999968e-01 1.920515399999999859e-02 3.763169999999999818e-04 1.000000000000000000e+00 1.919970000000000010e-02 1.921159999999999882e-02
8.382116365999999763e-01 1.920807299999999912e-02 3.763689999999999874e-04 1.000000000000000000e+00 1.920279999999999904e-02 1.921480000000000063e-02
8.384910405000000067e-01 1.921083700000000144e-02 3.764190000000000157e-04 1.000000000000000000e+00 1.920590000000000144e-02 1.921799999999999897e-02
8.387705374999999686e-01 1.921339700000000011e-02 3.764659999999999968e-04 1.000000000000000000e+00 1.920890000000000097e-02 1.922099999999999850e-02
8.390501276999999813e-01 1.921571099999999990e-02 3.765099999999999849e-04 1.000000000000000000e+00 1.921170000000000169e-02 1.922389999999999863e-02
8.393298111000000450e-01 1.921775599999999903e-02 3.765500000000000184e-04 1.000000000000000000e+00 1.921430000000000013e-02 1.922650000000000053e-02
8.396095877000000485e-01 1.921954600000000055e-02 3.765849999999999731e-04 1.000000000000000000e+00 1.921669999999999975e-02 1.922890000000000016e-02
8.398894576000000001e-01 1.922113500000000030e-02 3.766159999999999734e-04 1.000000000000000000e+00 1.921869999999999828e-02 1.923110000000000097e-02
8.401694207000000025e-01 1.922260599999999972e-02 3.766439999999999805e-04 1.000000000000000000e+00 1.922060000000000088e-02 1.923290000000000069e-02
8.404494771999999614e-01 1.922405500000000031e-02 3.766689999999999947e-04 1.000000000000000000e+00 1.922230000000000119e-02 1.923470000000000041e-02
8.407296269999999794e-01 1.922556599999999949e-02 3.766940000000000089e-04 1.000000000000000000e+00 1.922389999999999863e-02 1.923630000000000131e-02
8.410098701999999538e-01 1.922717999999999997e-02 3.767180000000000073e-04 1.000000000000000000e+00 1.922540000000000013e-02 1.923789999999999875e-02
8.412902067999999955e-01 1.922888799999999954e-02 3.767439999999999830e-04 1.000000000000000000e+00 1.922700000000000103e-02 1.923940000000000025e-02
8.415706369000000020e-01 1.923062700000000014e-02 3.767700000000000129e-04 1.000000000000000000e+00 1.922849999999999906e-02 1.924110000000000056e-02
8.418511604999999731e-01 1.923230299999999920e-02 3.767980000000000201e-04 1.000000000000000000e+00 1.923009999999999997e-02 1.924270000000000147e-02
8.421317775000000116e-01 1.923382100000000164e-02 3.768259999999999730e-04 1.000000000000000000e+00 1.923160000000000147e-02 1.924429999999999891e-02
8.424124881000000231e-01 1.923512399999999928e-02 3.768539999999999802e-04 1.000000000000000000e+00 1.923300000000000010e-02 1.924570000000000100e-02
8.426932923000000075e-01 1.923621400000000148e-02 3.768810000000000259e-04 1.000000000000000000e+00 1.923429999999999931e-02 1.924700000000000022e-02
8.429741899999999566e-01 1.923715599999999831e-02 3.769070000000000016e-04 1.000000000000000000e+00 1.923539999999999972e-02 1.924810000000000063e-02
8.432551813999999979e-01 1.923805899999999833e-02 3.769320000000000157e-04 1.000000000000000000e+00 1.923630000000000131e-02 1.924910000000000163e-02
8.435362665000000204e-01 1.923904099999999839e-02 3.769569999999999757e-04 1.000000000000000000e+00 1.923729999999999885e-02 1.925009999999999916e-02
8.438174452000000159e-01 1.924019100000000024e-02 3.769819999999999898e-04 1.000000000000000000e+00 1.923839999999999925e-02 1.925119999999999956e-02
8.440987177000000008e-01 1.924153699999999953e-02 3.770080000000000198e-04 1.000000000000000000e+00 1.923959999999999906e-02 1.925249999999999878e-02
8.443800839999999752e-01 1.924304400000000081e-02 3.770350000000000112e-04 1.000000000000000000e+00 1.924100000000000116e-02 1.925390000000000087e-02
8.446615440000000419e-01 1.924462299999999890e-02 3.770630000000000184e-04 1.000000000000000000e+00 1.924249999999999919e-02 1.925549999999999831e-02
8.449430977999999870e-01 1.924616599999999858e-02 3.770910000000000256e-04 1.000000000000000000e+00 1.924410000000000009e-02 1.925709999999999922e-02
8.452247455000000409e-01 1.924757300000000046e-02 3.771180000000000170e-04 1.000000000000000000e+00 1.924560000000000159e-02 1.925870000000000012e-02
8.455064870999999815e-01 1.924878000000000006e-02 3.771439999999999927e-04 1.000000000000000000e+00 1.924709999999999963e-02 1.926009999999999875e-02
8.457883226000000310e-01 1.924975500000000034e-02 3.771679999999999911e-04 1.000000000000000000e+00 1.924829999999999944e-02 1.926140000000000144e-02
8.460702520999999754e-01 1.925049599999999889e-02 3.771900000000000122e-04 1.000000000000000000e+00 1.924939999999999984e-02 1.926249999999999837e-02
8.463522755000000286e-01 1.925100700000000054e-02 3.772100000000000019e-04 1.000000000000000000e+00 1.925019999999999856e-02 1.926339999999999997e-02
8.466343928999999768e-01 1.925128699999999887e-02 3.772280000000000143e-04 1.000000000000000000e+00 1.925079999999999847e-02 1.926399999999999987e-02
8.469166044000000504e-01 1.925132800000000158e-02 3.772429999999999794e-04 1.000000000000000000e+00 1.925110000000000016e-02 1.926440000000000097e-02
8.471989099000000190e-01 1.925111800000000109e-02 3.772560000000000214e-04 1.000000000000000000e+00 1.925110000000000016e-02 1.926450000000000037e-02
8.474813095000000018e-01 1.925065800000000035e-02 3.772679999999999935e-04 1.000000000000000000e+00 1.925090000000000134e-02 1.926419999999999869e-02
8.477638033000000073e-01 1.924996199999999894e-02 3.772779999999999884e-04 1.000000000000000000e+00 1.925040000000000084e-02 1.926380000000000106e-02
8.480463912000000271e-01 1.924905799999999945e-02 3.772870000000000217e-04 1.000000000000000000e+00 1.924959999999999866e-02 1.926299999999999887e-02
8.483290733999999667e-01 1.924797599999999997e-02 3.772960000000000007e-04 1.000000000000000000e+00 1.924860000000000113e-02 1.926200000000000134e-02
8.486118497000000316e-01 1.924674100000000124e-02 3.773040000000000183e-04 1.000000000000000000e+00 1.924740000000000131e-02 1.926090000000000094e-02
8.488947203000000163e-01 1.924535900000000008e-02 3.773119999999999816e-04 1.000000000000000000e+00 1.924599999999999922e-02 1.925960000000000172e-02
8.491776852000000320e-01 1.924382800000000102e-02 3.773199999999999991e-04 1.000000000000000000e+00 1.924450000000000119e-02 1.925810000000000022e-02
8.494607444999999757e-01 1.924214200000000027e-02 3.773280000000000167e-04 1.000000000000000000e+00 1.924290000000000028e-02 1.925659999999999872e-02
8.497438980999999503e-01 1.924031500000000089e-02 3.773350000000000185e-04 1.000000000000000000e+00 1.924119999999999997e-02 1.925489999999999841e-02
8.500271459999999557e-01 1.923839299999999947e-02 3.773410000000000045e-04 1.000000000000000000e+00 1.923940000000000025e-02 1.925309999999999869e-02
8.503104884000000085e-01 1.923646199999999931e-02 3.773469999999999906e-04 1.000000000000000000e+00 1.923750000000000113e-02 1.925129999999999897e-02
8.505939251999999895e-01 1.923464199999999971e-02 3.773520000000000151e-04 1.000000000000000000e+00 1.923570000000000141e-02 1.924949999999999925e-02
8.508774565000000178e-01 1.923306300000000163e-02 3.773580000000000012e-04 1.000000000000000000e+00 1.923400000000000110e-02 1.924789999999999834e-02
8.511610823999999909e-01 1.923183700000000163e-02 3.773650000000000030e-04 1.000000000000000000e+00 1.923249999999999960e-02 1.924649999999999972e-02
8.514448027000000030e-01 1.923103199999999860e-02 3.773739999999999820e-04 1.000000000000000000e+00 1.923149999999999860e-02 1.924539999999999931e-02
8.517286176999999681e-01 1.923065399999999980e-02 3.773849999999999926e-04 1.000000000000000000e+00 1.923079999999999928e-02 1.924479999999999941e-02
8.520125271999999805e-01 1.923064199999999918e-02 3.773989999999999962e-04 1.000000000000000000e+00 1.923050000000000107e-02 1.924450000000000119e-02
8.522965313999999459e-01 1.923089399999999838e-02 3.774140000000000155e-04 1.000000000000000000e+00 1.923050000000000107e-02 1.924460000000000059e-02
8.525806301999999670e-01 1.923128799999999916e-02 3.774319999999999737e-04 1.000000000000000000e+00 1.923069999999999988e-02 1.924479999999999941e-02
8.528648237999999493e-01 1.923171499999999992e-02 3.774499999999999860e-04 1.000000000000000000e+00 1.923100000000000157e-02 1.924520000000000050e-02
8.531491119999999873e-01 1.923210499999999934e-02 3.774690000000000142e-04 1.000000000000000000e+00 1.923129999999999978e-02 1.924549999999999872e-02
8.534334950999999947e-01 1.923242999999999828e-02 3.774890000000000038e-04 1.000000000000000000e+00 1.923160000000000147e-02 1.924580000000000041e-02
8.537179728999999551e-01 1.923269899999999893e-02 3.775089999999999934e-04 1.000000000000000000e+00 1.923180000000000028e-02 1.924609999999999863e-02
8.540025455999999959e-01 1.923293599999999909e-02 3.775299999999999988e-04 1.000000000000000000e+00 1.923189999999999969e-02 1.924630000000000091e-02
8.542872130999999980e-01 1.923315800000000020e-02 3.775520000000000200e-04 1.000000000000000000e+00 1.923199999999999910e-02 1.924640000000000031e-02
8.545719754999999695e-01 1.923335699999999954e-02 3.775750000000000026e-04 1.000000000000000000e+00 1.923209999999999850e-02 1.924659999999999913e-02
8.548568328000000216e-01 1.923349699999999871e-02 3.775979999999999853e-04 1.000000000000000000e+00 1.923220000000000138e-02 1.924659999999999913e-02
8.551417851000000514e-01 1.923352299999999890e-02 3.776229999999999995e-04 1.000000000000000000e+00 1.923209999999999850e-02 1.924659999999999913e-02
8.554268323000000507e-01 1.923338000000000131e-02 3.776480000000000136e-04 1.000000000000000000e+00 1.923189999999999969e-02 1.924649999999999972e-02
8.557119746000000360e-01 1.923303399999999955e-02 3.776729999999999736e-04 1.000000000000000000e+00 1.923160000000000147e-02 1.924620000000000150e-02
8.559972118999999990e-01 1.923248600000000003e-02 3.776979999999999877e-04 1.000000000000000000e+00 1.923100000000000157e-02 1.924570000000000100e-02
8.562825442999999481e-01 1.923177599999999904e-02 3.777230000000000019e-04 1.000000000000000000e+00 1.923040000000000166e-02 1.924510000000000109e-02
8.565679719000000025e-01 1.923097500000000085e-02 3.777480000000000161e-04 1.000000000000000000e+00 1.922959999999999947e-02 1.924439999999999831e-02
8.568534945000000347e-01 1.923017299999999971e-02 3.777729999999999760e-04 1.000000000000000000e+00 1.922880000000000075e-02 1.924369999999999900e-02
8.571391123999999584e-01 1.922945800000000136e-02 3.777969999999999744e-04 1.000000000000000000e+00 1.922810000000000144e-02 1.924309999999999909e-02
8.574248253999999791e-01 1.922890199999999911e-02 3.778219999999999886e-04 1.000000000000000000e+00 1.922760000000000094e-02 1.924259999999999859e-02
8.577106337000000025e-01 1.922855500000000134e-02 3.778459999999999870e-04 1.000000000000000000e+00 1.922719999999999985e-02 1.924230000000000038e-02
8.579965372000000201e-01 1.922844500000000026e-02 3.778710000000000012e-04 1.000000000000000000e+00 1.922710000000000044e-02 1.924220000000000097e-02
8.582825361000000486e-01 1.922857600000000070e-02 3.778949999999999996e-04 1.000000000000000000e+00 1.922719999999999985e-02 1.924239999999999978e-02
8.585686301999999603e-01 1.922894099999999939e-02 3.779200000000000137e-04 1.000000000000000000e+00 1.922760000000000094e-02 1.924280000000000088e-02
8.588548198000000022e-01 1.922951900000000047e-02 3.779449999999999737e-04 1.000000000000000000e+00 1.922820000000000085e-02 1.924340000000000078e-02
8.591411047000000467e-01 1.923027700000000048e-02 3.779690000000000263e-04 1.000000000000000000e+00 1.922890000000000016e-02 1.924419999999999950e-02
8.594274850999999993e-01 1.923117300000000071e-02 3.779939999999999863e-04 1.000000000000000000e+00 1.922990000000000116e-02 1.924520000000000050e-02
8.597139608999999627e-01 1.923215400000000130e-02 3.780179999999999847e-04 1.000000000000000000e+00 1.923089999999999869e-02 1.924620000000000150e-02
8.600005321999999452e-01 1.923316300000000104e-02 3.780419999999999831e-04 1.000000000000000000e+00 1.923189999999999969e-02 1.924729999999999844e-02
8.602871990999999552e-01 1.923414500000000110e-02 3.780659999999999815e-04 1.000000000000000000e+00 1.923300000000000010e-02 1.924839999999999884e-02
8.605739614999999842e-01 1.923505099999999954e-02 3.780890000000000184e-04 1.000000000000000000e+00 1.923390000000000169e-02 1.924939999999999984e-02
8.608608195000000407e-01 1.923584399999999847e-02 3.781120000000000011e-04 1.000000000000000000e+00 1.923470000000000041e-02 1.925019999999999856e-02
8.611477731000000135e-01 1.923649700000000171e-02 3.781349999999999837e-04 1.000000000000000000e+00 1.923539999999999972e-02 1.925100000000000075e-02
8.614348223000000138e-01 1.923698999999999895e-02 3.781580000000000206e-04 1.000000000000000000e+00 1.923590000000000022e-02 1.925150000000000125e-02
8.617219672999999469e-01 1.923730699999999863e-02 3.781810000000000033e-04 1.000000000000000000e+00 1.923630000000000131e-02 1.925189999999999887e-02
8.620092079000000185e-01 1.923744000000000148e-02 3.782039999999999859e-04 1.000000000000000000e+00 1.923640000000000072e-02 1.925210000000000116e-02
8.622965443000000230e-01 1.923739199999999899e-02 3.782270000000000228e-04 1.000000000000000000e+00 1.923630000000000131e-02 1.925199999999999828e-02
8.625839764999999604e-01 1.923717999999999956e-02 3.782510000000000212e-04 1.000000000000000000e+00 1.923609999999999903e-02 1.925179999999999947e-02
8.628715045000000528e-01 1.923684300000000000e-02 3.782740000000000039e-04 1.000000000000000000e+00 1.923570000000000141e-02 1.925150000000000125e-02
8.631591282999999670e-01 1.923643499999999965e-02 3.782980000000000023e-04 1.000000000000000000e+00 1.923530000000000031e-02 1.925110000000000016e-02
8.634468480000000445e-01 1.923601299999999972e-02 3.783230000000000165e-04 1.000000000000000000e+00 1.923479999999999981e-02 1.925079999999999847e-02
8.637346636999999605e-01 1.923562900000000062e-02 3.783470000000000149e-04 1.000000000000000000e+00 1.923450000000000160e-02 1.925040000000000084e-02
8.640225752000000314e-01 1.923531800000000125e-02 3.783710000000000133e-04 1.000000000000000000e+00 1.923419999999999991e-02 1.925019999999999856e-02
8.643105827000000518e-01 1.923509199999999877e-02 3.783950000000000117e-04 1.000000000000000000e+00 1.923400000000000110e-02 1.925009999999999916e-02
8.645986863000000300e-01 1.923494400000000035e-02 3.784190000000000101e-04 1.000000000000000000e+00 1.923390000000000169e-02 1.924999999999999975e-02
8.648868857999999493e-01 1.923486099999999893e-02 3.784419999999999928e-04 1.000000000000000000e+00 1.923390000000000169e-02 1.924999999999999975e-02
8.651751814999999457e-01 1.923483200000000032e-02 3.784649999999999755e-04 1.000000000000000000e+00 1.923390000000000169e-02 1.925009999999999916e-02
8.654635732000000026e-01 1.923485499999999862e-02 3.784869999999999966e-04 1.000000000000000000e+00 1.923390000000000169e-02 1.925019999999999856e-02
8.657520610000000172e-01 1.923494499999999982e-02 3.785099999999999793e-04 1.000000000000000000e+00 1.923410000000000050e-02 1.925030000000000144e-02
8.660406451000000061e-01 1.923512000000000138e-02 3.785320000000000004e-04 1.000000000000000000e+00 1.923419999999999991e-02 1.925059999999999966e-02
8.663293252999999527e-01 1.923539399999999941e-02 3.785540000000000216e-04 1.000000000000000000e+00 1.923450000000000160e-02 1.925090000000000134e-02
8.666181016999999764e-01 1.923576800000000031e-02 3.785770000000000042e-04 1.000000000000000000e+00 1.923489999999999922e-02 1.925129999999999897e-02
8.669069743999999744e-01 1.923621799999999937e-02 3.785990000000000254e-04 1.000000000000000000e+00 1.923539999999999972e-02 1.925179999999999947e-02
8.671959433999999467e-01 1.923670499999999978e-02 3.786209999999999923e-04 1.000000000000000000e+00 1.923590000000000022e-02 1.925239999999999937e-02
8.674850087000000043e-01 1.923717499999999872e-02 3.786430000000000134e-04 1.000000000000000000e+00 1.923640000000000072e-02 1.925289999999999987e-02
8.677741704000000444e-01 1.923758000000000065e-02 3.786649999999999803e-04 1.000000000000000000e+00 1.923679999999999835e-02 1.925340000000000037e-02
8.680634284999999561e-01 1.923788499999999971e-02 3.786870000000000015e-04 1.000000000000000000e+00 1.923710000000000003e-02 1.925369999999999859e-02
8.683527828999999532e-01 1.923808000000000115e-02 3.787080000000000069e-04 1.000000000000000000e+00 1.923729999999999885e-02 1.925400000000000028e-02
8.686422338999999493e-01 1.923817800000000161e-02 3.787299999999999738e-04 1.000000000000000000e+00 1.923750000000000113e-02 1.925419999999999909e-02
8.689317813000000390e-01 1.923821100000000159e-02 3.787509999999999792e-04 1.000000000000000000e+00 1.923750000000000113e-02 1.925429999999999850e-02
8.692214252000000085e-01 1.923821300000000054e-02 3.787730000000000003e-04 1.000000000000000000e+00 1.923750000000000113e-02 1.925429999999999850e-02
8.695111656999999772e-01 1.923821499999999948e-02 3.787940000000000057e-04 1.000000000000000000e+00 1.923750000000000113e-02 1.925440000000000138e-02
8.698010027000000477e-01 1.923823300000000042e-02 3.788150000000000111e-04 1.000000000000000000e+00 1.923760000000000053e-02 1.925450000000000078e-02
8.700909364000000146e-01 1.923826699999999987e-02 3.788369999999999780e-04 1.000000000000000000e+00 1.923760000000000053e-02 1.925460000000000019e-02
8.703809666999999806e-01 1.923829800000000090e-02 3.788579999999999834e-04 1.000000000000000000e+00 1.923769999999999994e-02 1.925469999999999959e-02
8.706710936999999539e-01 1.923830199999999879e-02 3.788789999999999888e-04 1.000000000000000000e+00 1.923769999999999994e-02 1.925469999999999959e-02
8.709613174000000457e-01 1.923825100000000135e-02 3.788999999999999942e-04 1.000000000000000000e+00 1.923760000000000053e-02 1.925469999999999959e-02
8.712516378000000339e-01 1.923812299999999934e-02 3.789220000000000153e-04 1.000000000000000000e+00 1.923750000000000113e-02 1.925460000000000019e-02
8.715420550000000377e-01 1.923791099999999990e-02 3.789430000000000207e-04 1.000000000000000000e+00 1.923719999999999944e-02 1.925440000000000138e-02
8.718325690999999544e-01 1.923762299999999884e-02 3.789649999999999876e-04 1.000000000000000000e+00 1.923690000000000122e-02 1.925419999999999909e-02
8.721231798999999896e-01 1.923727700000000054e-02 3.789870000000000088e-04 1.000000000000000000e+00 1.923659999999999953e-02 1.925390000000000087e-02
8.724138876000000486e-01 1.923690299999999964e-02 3.790089999999999757e-04 1.000000000000000000e+00 1.923619999999999844e-02 1.925359999999999919e-02
8.727046923000000289e-01 1.923652600000000032e-02 3.790309999999999968e-04 1.000000000000000000e+00 1.923590000000000022e-02 1.925330000000000097e-02
8.729955938000000248e-01 1.923616699999999846e-02 3.790520000000000022e-04 1.000000000000000000e+00 1.923549999999999913e-02 1.925299999999999928e-02
8.732865923999999502e-01 1.923583099999999838e-02 3.790740000000000233e-04 1.000000000000000000e+00 1.923520000000000091e-02 1.925270000000000106e-02
8.735776879000000106e-01 1.923551500000000164e-02 3.790949999999999745e-04 1.000000000000000000e+00 1.923499999999999863e-02 1.925249999999999878e-02
8.738688805000000004e-01 1.923520100000000038e-02 3.791159999999999799e-04 1.000000000000000000e+00 1.923470000000000041e-02 1.925229999999999997e-02
8.741601701000000224e-01 1.923486599999999977e-02 3.791360000000000238e-04 1.000000000000000000e+00 1.923439999999999872e-02 1.925199999999999828e-02
8.744515567999999739e-01 1.923448300000000014e-02 3.791569999999999750e-04 1.000000000000000000e+00 1.923410000000000050e-02 1.925170000000000006e-02
8.747430406999999741e-01 1.923403099999999866e-02 3.791770000000000188e-04 1.000000000000000000e+00 1.923360000000000000e-02 1.925129999999999897e-02
8.750346217000000149e-01 1.923349599999999923e-02 3.791970000000000084e-04 1.000000000000000000e+00 1.923309999999999950e-02 1.925090000000000134e-02
8.753262998999999933e-01 1.923287499999999997e-02 3.792169999999999981e-04 1.000000000000000000e+00 1.923249999999999960e-02 1.925030000000000144e-02
8.756180753000000205e-01 1.923218499999999886e-02 3.792369999999999877e-04 1.000000000000000000e+00 1.923189999999999969e-02 1.924970000000000153e-02
8.759099479999999938e-01 1.923146200000000125e-02 3.792569999999999774e-04 1.000000000000000000e+00 1.923120000000000038e-02 1.924910000000000163e-02
8.762019180000000240e-01 1.923075499999999868e-02 3.792760000000000055e-04 1.000000000000000000e+00 1.923050000000000107e-02 1.924850000000000172e-02
8.764939853000000003e-01 1.923012199999999880e-02 3.792949999999999794e-04 1.000000000000000000e+00 1.922990000000000116e-02 1.924789999999999834e-02
8.767861500000000419e-01 1.922961399999999904e-02 3.793140000000000075e-04 1.000000000000000000e+00 1.922940000000000066e-02 1.924750000000000072e-02
8.770784120000000295e-01 1.922926499999999886e-02 3.793329999999999814e-04 1.000000000000000000e+00 1.922909999999999897e-02 1.924719999999999903e-02
8.773707714999999796e-01 1.922907800000000014e-02 3.793520000000000095e-04 1.000000000000000000e+00 1.922890000000000016e-02 1.924709999999999963e-02
8.776632283999999951e-01 1.922902199999999839e-02 3.793700000000000219e-04 1.000000000000000000e+00 1.922890000000000016e-02 1.924709999999999963e-02
8.779557827999999731e-01 1.922903600000000143e-02 3.793879999999999800e-04 1.000000000000000000e+00 1.922899999999999957e-02 1.924719999999999903e-02
8.782484347000000247e-01 1.922903899999999985e-02 3.794059999999999924e-04 1.000000000000000000e+00 1.922899999999999957e-02 1.924729999999999844e-02
8.785411842000000471e-01 1.922894699999999971e-02 3.794240000000000048e-04 1.000000000000000000e+00 1.922899999999999957e-02 1.924729999999999844e-02
8.788340313000000403e-01 1.922869199999999862e-02 3.794410000000000014e-04 1.000000000000000000e+00 1.922880000000000075e-02 1.924709999999999963e-02
8.791269760000000044e-01 1.922822999999999893e-02 3.794579999999999980e-04 1.000000000000000000e+00 1.922839999999999966e-02 1.924680000000000141e-02
8.794200183000000504e-01 1.922754999999999950e-02 3.794730000000000173e-04 1.000000000000000000e+00 1.922789999999999916e-02 1.924630000000000091e-02
8.797131582999999644e-01 1.922666199999999853e-02 3.794879999999999825e-04 1.000000000000000000e+00 1.922710000000000044e-02 1.924560000000000159e-02
8.800063959999999685e-01 1.922560099999999841e-02 3.795030000000000018e-04 1.000000000000000000e+00 1.922619999999999885e-02 1.924470000000000000e-02
8.802997314999999601e-01 1.922440900000000133e-02 3.795159999999999896e-04 1.000000000000000000e+00 1.922509999999999844e-02 1.924369999999999900e-02
8.805931647000000417e-01 1.922313299999999989e-02 3.795280000000000160e-04 1.000000000000000000e+00 1.922400000000000150e-02 1.924259999999999859e-02
8.808866958000000080e-01 1.922182500000000141e-02 3.795390000000000265e-04 1.000000000000000000e+00 1.922280000000000169e-02 1.924139999999999878e-02
8.811803246999999617e-01 1.922053500000000040e-02 3.795499999999999829e-04 1.000000000000000000e+00 1.922149999999999900e-02 1.924019999999999897e-02
8.814740515000000221e-01 1.921931299999999829e-02 3.795609999999999934e-04 1.000000000000000000e+00 1.922029999999999919e-02 1.923909999999999856e-02
8.817678760999999588e-01 1.921820100000000073e-02 3.795720000000000040e-04 1.000000000000000000e+00 1.921919999999999878e-02 1.923800000000000163e-02
8.820617988000000187e-01 1.921723200000000076e-02 3.795830000000000146e-04 1.000000000000000000e+00 1.921809999999999838e-02 1.923700000000000063e-02
8.823558193999999633e-01 1.921642000000000142e-02 3.795960000000000024e-04 1.000000000000000000e+00 1.921720000000000025e-02 1.923609999999999903e-02
8.826499380000000228e-01 1.921575999999999840e-02 3.796089999999999903e-04 1.000000000000000000e+00 1.921629999999999866e-02 1.923530000000000031e-02
8.829441545999999752e-01 1.921522800000000086e-02 3.796240000000000096e-04 1.000000000000000000e+00 1.921569999999999875e-02 1.923460000000000100e-02
8.832384693000000508e-01 1.921478600000000106e-02 3.796389999999999747e-04 1.000000000000000000e+00 1.921509999999999885e-02 1.923410000000000050e-02
8.835328822000000359e-01 1.921439000000000133e-02 3.796560000000000256e-04 1.000000000000000000e+00 1.921459999999999835e-02 1.923369999999999941e-02
8.838273931000000250e-01 1.921400200000000086e-02 3.796720000000000064e-04 1.000000000000000000e+00 1.921430000000000013e-02 1.923340000000000119e-02
8.841220022000000345e-01 1.921359900000000134e-02 3.796879999999999873e-04 1.000000000000000000e+00 1.921399999999999844e-02 1.923309999999999950e-02
8.844167095999999617e-01 1.921318199999999879e-02 3.797040000000000224e-04 1.000000000000000000e+00 1.921370000000000022e-02 1.923290000000000069e-02
8.847115151000000122e-01 1.921278200000000116e-02 3.797180000000000260e-04 1.000000000000000000e+00 1.921350000000000141e-02 1.923269999999999841e-02
8.850064189999999886e-01 1.921245400000000034e-02 3.797299999999999981e-04 1.000000000000000000e+00 1.921339999999999854e-02 1.923269999999999841e-02
8.853014210999999856e-01 1.921226900000000057e-02 3.797410000000000087e-04 1.000000000000000000e+00 1.921339999999999854e-02 1.923259999999999900e-02
8.855965216000000195e-01 1.921229299999999834e-02 3.797510000000000035e-04 1.000000000000000000e+00 1.921339999999999854e-02 1.923280000000000128e-02
8.858917203999999712e-01 1.921257999999999994e-02 3.797609999999999983e-04 1.000000000000000000e+00 1.921370000000000022e-02 1.923300000000000010e-02
8.861870176999999682e-01 1.921315900000000049e-02 3.797720000000000089e-04 1.000000000000000000e+00 1.921420000000000072e-02 1.923350000000000060e-02
8.864824134000000022e-01 1.921403600000000031e-02 3.797839999999999810e-04 1.000000000000000000e+00 1.921480000000000063e-02 1.923419999999999991e-02
8.867779074999999622e-01 1.921520300000000014e-02 3.797970000000000230e-04 1.000000000000000000e+00 1.921580000000000163e-02 1.923520000000000091e-02
8.870735000999999675e-01 1.921664899999999884e-02 3.798130000000000039e-04 1.000000000000000000e+00 1.921700000000000144e-02 1.923640000000000072e-02
8.873691913000000264e-01 1.921836799999999956e-02 3.798300000000000005e-04 1.000000000000000000e+00 1.921840000000000007e-02 1.923779999999999935e-02
8.876649810000000196e-01 1.922036499999999967e-02 3.798489999999999744e-04 1.000000000000000000e+00 1.922019999999999978e-02 1.923959999999999906e-02
8.879608693999999636e-01 1.922265800000000011e-02 3.798699999999999798e-04 1.000000000000000000e+00 1.922230000000000119e-02 1.924170000000000047e-02
8.882568562999999529e-01 1.922528100000000031e-02 3.798920000000000009e-04 1.000000000000000000e+00 1.922470000000000082e-02 1.924419999999999950e-02
8.885529419000000040e-01 1.922828999999999858e-02 3.799149999999999836e-04 1.000000000000000000e+00 1.922770000000000035e-02 1.924709999999999963e-02
8.888491262000000059e-01 1.923176799999999978e-02 3.799380000000000205e-04 1.000000000000000000e+00 1.923120000000000038e-02 1.925069999999999906e-02
8.891454092999999670e-01 1.923581499999999986e-02 3.799599999999999874e-04 1.000000000000000000e+00 1.923549999999999913e-02 1.925489999999999841e-02
8.894417910999999899e-01 1.924052000000000054e-02 3.799790000000000155e-04 1.000000000000000000e+00 1.924050000000000066e-02 1.925989999999999994e-02
8.897382716999999719e-01 1.924591700000000127e-02 3.799960000000000121e-04 1.000000000000000000e+00 1.924640000000000031e-02 1.926570000000000019e-02
8.900348511000000240e-01 1.925191799999999981e-02 3.800079999999999843e-04 1.000000000000000000e+00 1.925309999999999869e-02 1.927229999999999915e-02
8.903315294000000435e-01 1.925825399999999896e-02 3.800140000000000245e-04 1.000000000000000000e+00 1.926030000000000103e-02 1.927939999999999862e-02
8.906283066000000304e-01 1.926443799999999831e-02 3.800119999999999930e-04 1.000000000000000000e+00 1.926769999999999872e-02 1.928660000000000097e-02
8.909251826999999846e-01 1.926978400000000161e-02 3.800009999999999825e-04 1.000000000000000000e+00 1.927449999999999997e-02 1.929319999999999993e-02
8.912221577000000172e-01 1.927346500000000004e-02 3.799779999999999998e-04 1.000000000000000000e+00 1.927989999999999912e-02 1.929849999999999968e-02
8.915192318000000338e-01 1.927460199999999832e-02 3.799419999999999751e-04 1.000000000000000000e+00 1.928300000000000153e-02 1.930139999999999981e-02
8.918164049000000260e-01 1.927238900000000088e-02 3.798909999999999852e-04 1.000000000000000000e+00 1.928300000000000153e-02 1.930130000000000040e-02
8.921136769999999938e-01 1.926616399999999882e-02 3.798229999999999987e-04 1.000000000000000000e+00 1.927919999999999981e-02 1.929749999999999868e-02
8.924110481999999456e-01 1.925544599999999898e-02 3.797369999999999999e-04 1.000000000000000000e+00 1.927109999999999934e-02 1.928940000000000168e-02
8.927085186000000006e-01 1.923993800000000157e-02 3.796299999999999957e-04 1.000000000000000000e+00 1.925870000000000012e-02 1.927689999999999959e-02
8.930060881000000395e-01 1.921945200000000145e-02 3.795000000000000088e-04 1.000000000000000000e+00 1.924170000000000047e-02 1.925999999999999934e-02
8.933037567999999595e-01 1.919389200000000059e-02 3.793429999999999762e-04 1.000000000000000000e+00 1.922029999999999919e-02 1.923870000000000094e-02
8.936015246999999828e-01 1.916322700000000143e-02 3.791520000000000046e-04 1.000000000000000000e+00 1.919440000000000035e-02 1.921300000000000091e-02
8.938993919000000066e-01 1.912751899999999908e-02 3.789229999999999769e-04 1.000000000000000000e+00 1.916429999999999870e-02 1.918289999999999926e-02
8.941973583000000225e-01 1.908699100000000107e-02 3.786500000000000152e-04 1.000000000000000000e+00 1.912989999999999829e-02 1.914860000000000173e-02
8.944954241000000472e-01 1.904210400000000067e-02 3.783309999999999798e-04 1.000000000000000000e+00 1.909140000000000142e-02 1.911020000000000080e-02
8.947935892999999696e-01 1.899357000000000129e-02 3.779650000000000175e-04 1.000000000000000000e+00 1.904899999999999996e-02 1.906779999999999933e-02
8.950918538000000035e-01 1.894230400000000009e-02 3.775550000000000130e-04 1.000000000000000000e+00 1.900320000000000134e-02 1.902210000000000012e-02
8.953902177000000462e-01 1.888928600000000166e-02 3.771070000000000064e-04 1.000000000000000000e+00 1.895470000000000141e-02 1.897360000000000019e-02
8.956886810999999948e-01 1.883535600000000101e-02 3.766279999999999997e-04 1.000000000000000000e+00 1.890429999999999888e-02 1.892320000000000113e-02
8.959872439999999605e-01 1.878098699999999899e-02 3.761260000000000102e-04 1.000000000000000000e+00 1.885250000000000120e-02 1.887130000000000057e-02
8.962859064999999514e-01 1.872617500000000115e-02 3.756070000000000242e-04 1.000000000000000000e+00 1.879959999999999964e-02 1.881849999999999842e-02
8.965846683999999511e-01 1.867045200000000058e-02 3.750730000000000188e-04 1.000000000000000000e+00 1.874579999999999996e-02 1.876449999999999993e-02
8.968835299999999844e-01 1.861319499999999905e-02 3.745239999999999941e-04 1.000000000000000000e+00 1.869049999999999878e-02 1.870930000000000162e-02
8.971824912000000429e-01 1.855413800000000127e-02 3.739580000000000269e-04 1.000000000000000000e+00 1.863360000000000016e-02 1.865230000000000013e-02
8.974815520000000157e-01 1.849394199999999933e-02 3.733780000000000020e-04 1.000000000000000000e+00 1.857479999999999895e-02 1.859349999999999892e-02
8.977807125000000221e-01 1.843461600000000089e-02 3.727919999999999910e-04 1.000000000000000000e+00 1.851500000000000021e-02 1.853370000000000017e-02
8.980799726999999510e-01 1.837950199999999895e-02 3.722199999999999836e-04 1.000000000000000000e+00 1.845609999999999959e-02 1.847479999999999956e-02
8.983793327000000328e-01 1.833271300000000048e-02 3.716920000000000185e-04 1.000000000000000000e+00 1.840110000000000010e-02 1.841970000000000066e-02
8.986787925000000454e-01 1.829815499999999998e-02 3.712429999999999962e-04 1.000000000000000000e+00 1.835339999999999888e-02 1.837209999999999885e-02
8.989783520999999888e-01 1.827841300000000030e-02 3.709070000000000184e-04 1.000000000000000000e+00 1.831670000000000173e-02 1.833529999999999882e-02
8.992780115999999824e-01 1.827396800000000154e-02 3.707089999999999908e-04 1.000000000000000000e+00 1.829309999999999964e-02 1.831189999999999901e-02
8.995777709000000177e-01 1.828304799999999966e-02 3.706539999999999922e-04 1.000000000000000000e+00 1.828360000000000055e-02 1.830239999999999992e-02
8.998776302000000005e-01 1.830220999999999931e-02 3.707310000000000119e-04 1.000000000000000000e+00 1.828689999999999830e-02 1.830580000000000054e-02
9.001775894000000333e-01 1.832743499999999956e-02 3.709130000000000044e-04 1.000000000000000000e+00 1.830050000000000079e-02 1.831949999999999898e-02
9.004776486000000135e-01 1.835535799999999870e-02 3.711659999999999764e-04 1.000000000000000000e+00 1.832109999999999989e-02 1.834020000000000095e-02
9.007778078000000521e-01 1.838419200000000059e-02 3.714619999999999749e-04 1.000000000000000000e+00 1.834579999999999891e-02 1.836509999999999879e-02
9.010780670000000381e-01 1.841405899999999998e-02 3.717810000000000103e-04 1.000000000000000000e+00 1.837300000000000044e-02 1.839239999999999972e-02
9.013784263999999880e-01 1.844666899999999887e-02 3.721209999999999969e-04 1.000000000000000000e+00 1.840239999999999931e-02 1.842190000000000147e-02
9.016788859000000045e-01 1.848446299999999959e-02 3.724919999999999837e-04 1.000000000000000000e+00 1.843490000000000059e-02 1.845449999999999868e-02
9.019794454999999767e-01 1.852952899999999944e-02 3.729110000000000215e-04 1.000000000000000000e+00 1.847230000000000052e-02 1.849200000000000149e-02
9.022801053000000238e-01 1.858262000000000108e-02 3.733939999999999829e-04 1.000000000000000000e+00 1.851610000000000061e-02 1.853600000000000039e-02
9.025808654000000431e-01 1.864259199999999950e-02 3.739460000000000006e-04 1.000000000000000000e+00 1.856700000000000017e-02 1.858709999999999876e-02
9.028817256000000180e-01 1.870634300000000028e-02 3.745579999999999873e-04 1.000000000000000000e+00 1.862400000000000166e-02 1.864419999999999966e-02
9.031826861999999734e-01 1.876932300000000095e-02 3.752049999999999830e-04 1.000000000000000000e+00 1.868469999999999853e-02 1.870499999999999940e-02
9.034837471000000120e-01 1.882634399999999833e-02 3.758470000000000083e-04 1.000000000000000000e+00 1.874520000000000006e-02 1.876569999999999974e-02
9.037849084000000310e-01 1.887251100000000154e-02 3.764400000000000211e-04 1.000000000000000000e+00 1.880099999999999827e-02 1.882160000000000083e-02
9.040861700000000223e-01 1.890395699999999901e-02 3.769399999999999791e-04 1.000000000000000000e+00 1.884769999999999848e-02 1.886849999999999986e-02
9.043875321000000023e-01 1.891829700000000059e-02 3.773089999999999886e-04 1.000000000000000000e+00 1.888170000000000126e-02 1.890249999999999916e-02
9.046889945999999627e-01 1.891474400000000070e-02 3.775229999999999970e-04 1.000000000000000000e+00 1.890019999999999895e-02 1.892119999999999913e-02
9.049905576000000229e-01 1.889401599999999959e-02 3.775709999999999939e-04 1.000000000000000000e+00 1.890220000000000095e-02 1.892320000000000113e-02
9.052922210999999608e-01 1.885812900000000125e-02 3.774529999999999791e-04 1.000000000000000000e+00 1.888789999999999913e-02 1.890889999999999932e-02
9.055939852000000068e-01 1.881016699999999917e-02 3.771849999999999877e-04 1.000000000000000000e+00 1.885859999999999967e-02 1.887969999999999926e-02
9.058958498000000414e-01 1.875404199999999855e-02 3.767929999999999956e-04 1.000000000000000000e+00 1.881700000000000039e-02 1.883800000000000058e-02
9.061978150999999704e-01 1.869420000000000109e-02 3.763109999999999958e-04 1.000000000000000000e+00 1.876649999999999846e-02 1.878749999999999865e-02
9.064998810000000073e-01 1.863524299999999925e-02 3.757790000000000219e-04 1.000000000000000000e+00 1.871110000000000134e-02 1.873220000000000093e-02
9.068020476999999469e-01 1.858146499999999840e-02 3.752410000000000077e-04 1.000000000000000000e+00 1.865529999999999966e-02 1.867620000000000044e-02
9.071043149999999944e-01 1.853637199999999888e-02 3.747360000000000252e-04 1.000000000000000000e+00 1.860289999999999860e-02 1.862389999999999879e-02
9.074066831000000555e-01 1.850232699999999897e-02 3.743010000000000065e-04 1.000000000000000000e+00 1.855760000000000048e-02 1.857850000000000126e-02
9.077091520000000191e-01 1.848034700000000113e-02 3.739589999999999885e-04 1.000000000000000000e+00 1.852169999999999858e-02 1.854259999999999936e-02
9.080117216999999963e-01 1.847017600000000134e-02 3.737260000000000061e-04 1.000000000000000000e+00 1.849670000000000133e-02 1.851759999999999864e-02
9.083143922999999953e-01 1.847052700000000047e-02 3.736020000000000053e-04 1.000000000000000000e+00 1.848270000000000121e-02 1.850370000000000140e-02
9.086171638000000161e-01 1.847946199999999858e-02 3.735799999999999841e-04 1.000000000000000000e+00 1.847899999999999890e-02 1.849989999999999968e-02
9.089200361999999478e-01 1.849477600000000097e-02 3.736449999999999776e-04 1.000000000000000000e+00 1.848390000000000102e-02 1.850490000000000121e-02
9.092230095000000123e-01 1.851428999999999922e-02 3.737769999999999960e-04 1.000000000000000000e+00 1.849579999999999974e-02 1.851679999999999993e-02
9.095260837999999959e-01 1.853598500000000135e-02 3.739559999999999954e-04 1.000000000000000000e+00 1.851260000000000058e-02 1.853360000000000077e-02
9.098292592000000178e-01 1.855798900000000043e-02 3.741619999999999864e-04 1.000000000000000000e+00 1.853230000000000155e-02 1.855340000000000114e-02
9.101325355999999589e-01 1.857849099999999906e-02 3.743759999999999948e-04 1.000000000000000000e+00 1.855309999999999945e-02 1.857419999999999904e-02
9.104359131000000493e-01 1.859566899999999870e-02 3.745770000000000154e-04 1.000000000000000000e+00 1.857320000000000151e-02 1.859430000000000111e-02
9.107393917999999644e-01 1.860778399999999874e-02 3.747479999999999973e-04 1.000000000000000000e+00 1.859070000000000167e-02 1.861190000000000067e-02
9.110429716000000289e-01 1.861345400000000150e-02 3.748709999999999824e-04 1.000000000000000000e+00 1.860399999999999901e-02 1.862509999999999860e-02
9.113466526000000290e-01 1.861205900000000024e-02 3.749310000000000056e-04 1.000000000000000000e+00 1.861149999999999957e-02 1.863269999999999857e-02
9.116504347999999647e-01 1.860411699999999988e-02 3.749229999999999880e-04 1.000000000000000000e+00 1.861279999999999879e-02 1.863379999999999898e-02
9.119543182999999553e-01 1.859144399999999864e-02 3.748499999999999771e-04 1.000000000000000000e+00 1.860780000000000073e-02 1.862880000000000091e-02
9.122583029999999926e-01 1.857691900000000076e-02 3.747299999999999850e-04 1.000000000000000000e+00 1.859809999999999935e-02 1.861909999999999954e-02
9.125623890999999821e-01 1.856386299999999989e-02 3.745880000000000260e-04 1.000000000000000000e+00 1.858599999999999836e-02 1.860679999999999973e-02
9.128665766000000348e-01 1.855518199999999993e-02 3.744539999999999761e-04 1.000000000000000000e+00 1.857409999999999964e-02 1.859490000000000101e-02
9.131708654000000314e-01 1.855254599999999962e-02 3.743560000000000052e-04 1.000000000000000000e+00 1.856520000000000045e-02 1.858599999999999836e-02
9.134752556999999884e-01 1.855596099999999929e-02 3.743110000000000014e-04 1.000000000000000000e+00 1.856100000000000111e-02 1.858179999999999901e-02
9.137797475000000169e-01 1.856391099999999891e-02 3.743220000000000119e-04 1.000000000000000000e+00 1.856189999999999923e-02 1.858260000000000120e-02
9.140843406999999976e-01 1.857405599999999851e-02 3.743789999999999878e-04 1.000000000000000000e+00 1.856700000000000017e-02 1.858780000000000154e-02
9.143890354999999470e-01 1.858417399999999844e-02 3.744630000000000094e-04 1.000000000000000000e+00 1.857489999999999836e-02 1.859569999999999973e-02
9.146938318999999762e-01 1.859296900000000086e-02 3.745560000000000100e-04 1.000000000000000000e+00 1.858370000000000161e-02 1.860449999999999951e-02
9.149987297999999658e-01 1.860036799999999907e-02 3.746439999999999861e-04 1.000000000000000000e+00 1.859219999999999970e-02 1.861300000000000107e-02
9.153037294000000434e-01 1.860724899999999932e-02 3.747229999999999832e-04 1.000000000000000000e+00 1.860010000000000135e-02 1.862089999999999926e-02
9.156088305999999788e-01 1.861483599999999919e-02 3.747980000000000257e-04 1.000000000000000000e+00 1.860770000000000132e-02 1.862849999999999923e-02
9.159140336000000104e-01 1.862412299999999937e-02 3.748770000000000227e-04 1.000000000000000000e+00 1.861569999999999891e-02 1.863650000000000029e-02
9.162193382000000108e-01 1.863566800000000107e-02 3.749700000000000233e-04 1.000000000000000000e+00 1.862489999999999979e-02 1.864580000000000057e-02
9.165247447000000047e-01 1.864978499999999859e-02 3.750830000000000136e-04 1.000000000000000000e+00 1.863590000000000038e-02 1.865680000000000116e-02
9.168302528999999756e-01 1.866692600000000035e-02 3.752219999999999796e-04 1.000000000000000000e+00 1.864920000000000119e-02 1.866999999999999910e-02
9.171358630000000511e-01 1.868789800000000140e-02 3.753939999999999773e-04 1.000000000000000000e+00 1.866519999999999985e-02 1.868610000000000063e-02
9.174415750000000092e-01 1.871373100000000081e-02 3.756070000000000242e-04 1.000000000000000000e+00 1.868490000000000081e-02 1.870590000000000100e-02
9.177473887999999524e-01 1.874519499999999922e-02 3.758689999999999753e-04 1.000000000000000000e+00 1.870919999999999875e-02 1.873019999999999893e-02
9.180533046000000086e-01 1.878224699999999844e-02 3.761869999999999949e-04 1.000000000000000000e+00 1.873860000000000109e-02 1.875970000000000068e-02
9.183593223999999555e-01 1.882371199999999939e-02 3.765589999999999975e-04 1.000000000000000000e+00 1.877310000000000090e-02 1.879429999999999990e-02
9.186654422000000153e-01 1.886736300000000158e-02 3.769760000000000038e-04 1.000000000000000000e+00 1.881180000000000005e-02 1.883320000000000133e-02
9.189716639999999659e-01 1.891038800000000020e-02 3.774189999999999858e-04 1.000000000000000000e+00 1.885289999999999883e-02 1.887430000000000010e-02
9.192779879000000376e-01 1.895000700000000135e-02 3.778639999999999994e-04 1.000000000000000000e+00 1.889390000000000167e-02 1.891549999999999829e-02
9.195844139000000084e-01 1.898403900000000116e-02 3.782869999999999918e-04 1.000000000000000000e+00 1.893250000000000141e-02 1.895420000000000091e-02
9.198909419999999892e-01 1.901123999999999870e-02 3.786670000000000118e-04 1.000000000000000000e+00 1.896669999999999953e-02 1.898849999999999844e-02
9.201975722999999885e-01 1.903137400000000021e-02 3.789900000000000018e-04 1.000000000000000000e+00 1.899500000000000147e-02 1.901699999999999918e-02
9.205043049000000144e-01 1.904508200000000137e-02 3.792509999999999913e-04 1.000000000000000000e+00 1.901720000000000146e-02 1.903929999999999859e-02
9.208111396000000504e-01 1.905360000000000040e-02 3.794509999999999962e-04 1.000000000000000000e+00 1.903349999999999834e-02 1.905569999999999833e-02
9.211180767000000102e-01 1.905842500000000037e-02 3.795989999999999955e-04 1.000000000000000000e+00 1.904480000000000062e-02 1.906700000000000061e-02
9.214251159999999885e-01 1.906098700000000146e-02 3.797049999999999839e-04 1.000000000000000000e+00 1.905230000000000118e-02 1.907460000000000058e-02
9.217322577000000017e-01 1.906237800000000135e-02 3.797790000000000107e-04 1.000000000000000000e+00 1.905729999999999924e-02 1.907970000000000152e-02
9.220395018000000498e-01 1.906321899999999930e-02 3.798300000000000005e-04 1.000000000000000000e+00 1.906079999999999927e-02 1.908320000000000155e-02
9.223468483000000218e-01 1.906370099999999887e-02 3.798639999999999938e-04 1.000000000000000000e+00 1.906340000000000118e-02 1.908579999999999999e-02
9.226542973000000369e-01 1.906376799999999830e-02 3.798830000000000219e-04 1.000000000000000000e+00 1.906530000000000030e-02 1.908769999999999911e-02
9.229618486999999760e-01 1.906338399999999919e-02 3.798890000000000079e-04 1.000000000000000000e+00 1.906669999999999893e-02 1.908910000000000121e-02
9.232695026999999666e-01 1.906275300000000172e-02 3.798830000000000219e-04 1.000000000000000000e+00 1.906750000000000111e-02 1.908980000000000052e-02
9.235772592000000003e-01 1.906239800000000123e-02 3.798669999999999868e-04 1.000000000000000000e+00 1.906810000000000102e-02 1.909030000000000102e-02
9.238851181999999662e-01 1.906305299999999994e-02 3.798480000000000129e-04 1.000000000000000000e+00 1.906880000000000033e-02 1.909090000000000092e-02
9.241930798999999919e-01 1.906538400000000119e-02 3.798319999999999778e-04 1.000000000000000000e+00 1.907029999999999836e-02 1.909229999999999955e-02
9.245011442999999662e-01 1.906966100000000164e-02 3.798229999999999987e-04 1.000000000000000000e+00 1.907340000000000077e-02 1.909529999999999908e-02
9.248093114000000003e-01 1.907544099999999854e-02 3.798219999999999830e-04 1.000000000000000000e+00 1.907829999999999943e-02 1.910009999999999833e-02
9.251175810999999749e-01 1.908142000000000171e-02 3.798229999999999987e-04 1.000000000000000000e+00 1.908479999999999899e-02 1.910639999999999908e-02
9.254259536000000175e-01 1.908547899999999894e-02 3.798110000000000266e-04 1.000000000000000000e+00 1.909179999999999905e-02 1.911320000000000033e-02
9.257344290000000253e-01 1.908489000000000019e-02 3.797669999999999844e-04 1.000000000000000000e+00 1.909730000000000108e-02 1.911840000000000067e-02
9.260430070999999819e-01 1.907674999999999996e-02 3.796660000000000204e-04 1.000000000000000000e+00 1.909879999999999911e-02 1.911960000000000048e-02
9.263516881000000147e-01 1.905836500000000072e-02 3.794819999999999964e-04 1.000000000000000000e+00 1.909339999999999996e-02 1.911380000000000023e-02
9.266604720000000128e-01 1.902762699999999835e-02 3.791919999999999839e-04 1.000000000000000000e+00 1.907820000000000002e-02 1.909829999999999861e-02
9.269693587999999762e-01 1.898316900000000113e-02 3.787800000000000021e-04 1.000000000000000000e+00 1.905110000000000137e-02 1.907069999999999946e-02
9.272783486000000241e-01 1.892422300000000043e-02 3.782379999999999792e-04 1.000000000000000000e+00 1.900999999999999912e-02 1.902919999999999959e-02
9.275874414000000456e-01 1.885028099999999998e-02 3.775629999999999763e-04 1.000000000000000000e+00 1.895399999999999863e-02 1.897280000000000147e-02
9.278966372000000407e-01 1.876060300000000070e-02 3.767560000000000093e-04 1.000000000000000000e+00 1.888219999999999829e-02 1.890069999999999945e-02
9.282059361000000175e-01 1.865384800000000065e-02 3.758130000000000151e-04 1.000000000000000000e+00 1.879400000000000168e-02 1.881220000000000114e-02
9.285153380999999762e-01 1.852796899999999830e-02 3.747250000000000147e-04 1.000000000000000000e+00 1.868819999999999856e-02 1.870619999999999922e-02
9.288248432000000276e-01 1.838057200000000127e-02 3.734769999999999887e-04 1.000000000000000000e+00 1.856340000000000073e-02 1.858129999999999851e-02
9.291344514999999582e-01 1.820951399999999956e-02 3.720439999999999772e-04 1.000000000000000000e+00 1.841800000000000034e-02 1.843569999999999931e-02
9.294441629999999899e-01 1.801374500000000115e-02 3.704029999999999974e-04 1.000000000000000000e+00 1.825049999999999936e-02 1.826809999999999892e-02
9.297539777000000116e-01 1.779409100000000146e-02 3.685369999999999987e-04 1.000000000000000000e+00 1.806019999999999848e-02 1.807769999999999863e-02
9.300638957000000318e-01 1.755364400000000019e-02 3.664410000000000106e-04 1.000000000000000000e+00 1.784780000000000047e-02 1.786530000000000062e-02
9.303739170000000502e-01 1.729767999999999931e-02 3.641310000000000141e-04 1.000000000000000000e+00 1.761599999999999971e-02 1.763330000000000106e-02
9.306840415999999561e-01 1.703309899999999946e-02 3.616420000000000181e-04 1.000000000000000000e+00 1.736909999999999843e-02 1.738630000000000037e-02
9.309942695999999795e-01 1.676744299999999993e-02 3.590290000000000213e-04 1.000000000000000000e+00 1.711299999999999974e-02 1.712989999999999999e-02
9.313046010000000097e-01 1.650777299999999989e-02 3.563549999999999856e-04 1.000000000000000000e+00 1.685400000000000093e-02 1.687069999999999889e-02
9.316150359000000547e-01 1.625974200000000064e-02 3.536859999999999744e-04 1.000000000000000000e+00 1.659860000000000155e-02 1.661500000000000130e-02
9.319255743000000036e-01 1.602716499999999947e-02 3.510830000000000266e-04 1.000000000000000000e+00 1.635199999999999848e-02 1.636810000000000001e-02
9.322362160999999592e-01 1.581230999999999956e-02 3.485919999999999991e-04 1.000000000000000000e+00 1.611809999999999979e-02 1.613399999999999904e-02
9.325469615000000490e-01 1.561674600000000079e-02 3.462499999999999866e-04 1.000000000000000000e+00 1.589990000000000153e-02 1.591549999999999909e-02
9.328578105000000509e-01 1.544236499999999956e-02 3.440890000000000051e-04 1.000000000000000000e+00 1.569950000000000165e-02 1.571490000000000040e-02
9.331687630999999650e-01 1.529209699999999929e-02 3.421410000000000163e-04 1.000000000000000000e+00 1.551929999999999976e-02 1.553449999999999970e-02
9.334798194000000215e-01 1.516986900000000076e-02 3.404440000000000222e-04 1.000000000000000000e+00 1.536249999999999942e-02 1.537759999999999995e-02
9.337909792999999903e-01 1.507975899999999987e-02 3.390430000000000266e-04 1.000000000000000000e+00 1.523270000000000006e-02 1.524760000000000004e-02
9.341022429999999988e-01 1.502468399999999996e-02 3.379820000000000177e-04 1.000000000000000000e+00 1.513360000000000052e-02 1.514850000000000051e-02
9.344136104000000387e-01 1.500518200000000059e-02 3.372919999999999955e-04 1.000000000000000000e+00 1.506779999999999925e-02 1.508269999999999923e-02
9.347250816000000073e-01 1.501884700000000010e-02 3.369809999999999776e-04 1.000000000000000000e+00 1.503619999999999957e-02 1.505120000000000069e-02
9.350366566000000157e-01 1.506066699999999980e-02 3.370289999999999744e-04 1.000000000000000000e+00 1.503700000000000002e-02 1.505199999999999941e-02
9.353483354999999611e-01 1.512421100000000025e-02 3.373909999999999822e-04 1.000000000000000000e+00 1.506620000000000008e-02 1.508130000000000061e-02
9.356601182999999544e-01 1.520321300000000014e-02 3.380039999999999846e-04 1.000000000000000000e+00 1.511840000000000059e-02 1.513360000000000052e-02
9.359720049999999958e-01 1.529321999999999973e-02 3.388089999999999743e-04 1.000000000000000000e+00 1.518839999999999947e-02 1.520370000000000055e-02
9.362839955999999741e-01 1.539275499999999929e-02 3.397580000000000088e-04 1.000000000000000000e+00 1.527189999999999971e-02 1.528730000000000019e-02
9.365960903000000171e-01 1.550372799999999961e-02 3.408309999999999899e-04 1.000000000000000000e+00 1.536719999999999926e-02 1.538280000000000029e-02
9.369082890000000052e-01 1.563085000000000169e-02 3.420389999999999824e-04 1.000000000000000000e+00 1.547540000000000027e-02 1.549110000000000070e-02
9.372205917999999469e-01 1.578003199999999939e-02 3.434180000000000110e-04 1.000000000000000000e+00 1.559980000000000047e-02 1.561569999999999972e-02
9.375329985999999449e-01 1.595597600000000019e-02 3.450169999999999799e-04 1.000000000000000000e+00 1.574489999999999917e-02 1.576100000000000070e-02
9.378455096000000157e-01 1.615966500000000014e-02 3.468720000000000223e-04 1.000000000000000000e+00 1.591439999999999869e-02 1.593059999999999962e-02
9.381581248000000484e-01 1.638648200000000082e-02 3.489869999999999843e-04 1.000000000000000000e+00 1.610879999999999951e-02 1.612529999999999866e-02
9.384708442000000428e-01 1.662572899999999881e-02 3.513179999999999862e-04 1.000000000000000000e+00 1.632439999999999933e-02 1.634110000000000076e-02
9.387836677999999990e-01 1.686181000000000138e-02 3.537650000000000256e-04 1.000000000000000000e+00 1.655210000000000015e-02 1.656909999999999980e-02
9.390965957000000364e-01 1.707690200000000144e-02 3.561880000000000124e-04 1.000000000000000000e+00 1.677879999999999996e-02 1.679610000000000131e-02
9.394096279000000438e-01 1.725428999999999852e-02 3.584249999999999979e-04 1.000000000000000000e+00 1.698900000000000063e-02 1.700660000000000019e-02
9.397227644000000213e-01 1.738134300000000049e-02 3.603209999999999811e-04 1.000000000000000000e+00 1.716770000000000101e-02 1.718559999999999879e-02
9.400360052999999771e-01 1.745125499999999885e-02 3.617550000000000084e-04 1.000000000000000000e+00 1.730280000000000012e-02 1.732090000000000019e-02
9.403493507000000307e-01 1.746336600000000100e-02 3.626549999999999761e-04 1.000000000000000000e+00 1.738680000000000087e-02 1.740500000000000033e-02
9.406628004999999515e-01 1.742213899999999968e-02 3.629990000000000256e-04 1.000000000000000000e+00 1.741710000000000133e-02 1.743540000000000020e-02
9.409763546999999617e-01 1.733561700000000108e-02 3.628139999999999859e-04 1.000000000000000000e+00 1.739620000000000055e-02 1.741449999999999942e-02
9.412900134999999668e-01 1.721392299999999903e-02 3.621599999999999884e-04 1.000000000000000000e+00 1.733000000000000165e-02 1.734830000000000053e-02
9.416037768999999669e-01 1.706821000000000033e-02 3.611239999999999936e-04 1.000000000000000000e+00 1.722689999999999985e-02 1.724519999999999872e-02
9.419176447999999535e-01 1.691005400000000075e-02 3.598089999999999969e-04 1.000000000000000000e+00 1.709710000000000049e-02 1.711529999999999996e-02
9.422316173000000461e-01 1.675108299999999995e-02 3.583249999999999955e-04 1.000000000000000000e+00 1.695150000000000129e-02 1.696960000000000135e-02
9.425456945000000308e-01 1.660248199999999827e-02 3.567870000000000113e-04 1.000000000000000000e+00 1.680130000000000165e-02 1.681919999999999943e-02
9.428598764000000187e-01 1.647419500000000050e-02 3.553100000000000117e-04 1.000000000000000000e+00 1.665729999999999988e-02 1.667520000000000113e-02
9.431741631000000181e-01 1.637395599999999854e-02 3.539959999999999765e-04 1.000000000000000000e+00 1.652949999999999905e-02 1.654730000000000090e-02
9.434885544000000124e-01 1.630637299999999901e-02 3.529310000000000129e-04 1.000000000000000000e+00 1.642559999999999854e-02 1.644340000000000038e-02
9.438030506000000264e-01 1.627238500000000032e-02 3.521710000000000270e-04 1.000000000000000000e+00 1.635069999999999926e-02 1.636850000000000110e-02
9.441176516000000518e-01 1.626934000000000019e-02 3.517360000000000083e-04 1.000000000000000000e+00 1.630660000000000096e-02 1.632439999999999933e-02
9.444323574999999860e-01 1.629183999999999841e-02 3.516130000000000232e-04 1.000000000000000000e+00 1.629190000000000152e-02 1.630979999999999930e-02
9.447471683000000509e-01 1.633305800000000099e-02 3.517610000000000224e-04 1.000000000000000000e+00 1.630250000000000102e-02 1.632050000000000167e-02
9.450620840000000245e-01 1.638624899999999857e-02 3.521190000000000214e-04 1.000000000000000000e+00 1.633309999999999970e-02 1.635119999999999976e-02
9.453771047000000260e-01 1.644584199999999871e-02 3.526259999999999811e-04 1.000000000000000000e+00 1.637780000000000138e-02 1.639600000000000085e-02
9.456922303999999446e-01 1.650779900000000008e-02 3.532249999999999800e-04 1.000000000000000000e+00 1.643119999999999997e-02 1.644949999999999884e-02
9.460074612000000105e-01 1.656927500000000136e-02 3.538699999999999984e-04 1.000000000000000000e+00 1.648909999999999959e-02 1.650760000000000075e-02
9.463227969999999933e-01 1.662788100000000061e-02 3.545250000000000116e-04 1.000000000000000000e+00 1.654829999999999843e-02 1.656689999999999899e-02
9.466382379000000125e-01 1.668107699999999902e-02 3.551609999999999967e-04 1.000000000000000000e+00 1.660580000000000042e-02 1.662450000000000039e-02
9.469537839999999651e-01 1.672607200000000155e-02 3.557470000000000077e-04 1.000000000000000000e+00 1.665890000000000079e-02 1.667770000000000016e-02
9.472694352999999623e-01 1.676025500000000168e-02 3.562559999999999989e-04 1.000000000000000000e+00 1.670479999999999882e-02 1.672370000000000106e-02
9.475851916999999958e-01 1.678194200000000108e-02 3.566609999999999789e-04 1.000000000000000000e+00 1.674099999999999894e-02 1.676000000000000059e-02
9.479010534999999793e-01 1.679113900000000006e-02 3.569460000000000211e-04 1.000000000000000000e+00 1.676590000000000025e-02 1.678500000000000131e-02
9.482170205000000074e-01 1.679001000000000104e-02 3.571110000000000170e-04 1.000000000000000000e+00 1.677949999999999928e-02 1.679850000000000093e-02
9.485330927999999773e-01 1.678290699999999969e-02 3.571749999999999947e-04 1.000000000000000000e+00 1.678330000000000100e-02 1.680239999999999859e-02
9.488492705000000083e-01 1.677575200000000141e-02 3.571749999999999947e-04 1.000000000000000000e+00 1.678100000000000078e-02 1.680020000000000124e-02
9.491655535999999893e-01 1.677480799999999869e-02 3.571639999999999841e-04 1.000000000000000000e+00 1.677769999999999956e-02 1.679680000000000062e-02
9.494819421000000315e-01 1.678499899999999836e-02 3.571989999999999931e-04 1.000000000000000000e+00 1.677849999999999828e-02 1.679769999999999874e-02
9.497984361000000320e-01 1.680830900000000044e-02 3.573270000000000027e-04 1.000000000000000000e+00 1.678800000000000084e-02 1.680720000000000131e-02
9.501150355999999908e-01 1.684298700000000024e-02 3.575669999999999868e-04 1.000000000000000000e+00 1.680800000000000002e-02 1.682729999999999990e-02
9.504317406000000190e-01 1.688413600000000098e-02 3.579119999999999979e-04 1.000000000000000000e+00 1.683770000000000058e-02 1.685709999999999986e-02
9.507485512000000138e-01 1.692568499999999934e-02 3.583249999999999955e-04 1.000000000000000000e+00 1.687359999999999902e-02 1.689320000000000058e-02
9.510654673999999753e-01 1.696285800000000080e-02 3.587579999999999827e-04 1.000000000000000000e+00 1.691120000000000123e-02 1.693089999999999873e-02
9.513824892000000144e-01 1.699406800000000106e-02 3.591700000000000188e-04 1.000000000000000000e+00 1.694669999999999857e-02 1.696649999999999894e-02
9.516996167000000284e-01 1.702119399999999991e-02 3.595450000000000143e-04 1.000000000000000000e+00 1.697850000000000054e-02 1.699840000000000031e-02
9.520168499000000173e-01 1.704817299999999980e-02 3.598909999999999870e-04 1.000000000000000000e+00 1.700760000000000119e-02 1.702750000000000097e-02
9.523341888999999894e-01 1.707868699999999865e-02 3.602359999999999981e-04 1.000000000000000000e+00 1.703640000000000015e-02 1.705649999999999875e-02
9.526516336000000473e-01 1.711412899999999876e-02 3.606050000000000076e-04 1.000000000000000000e+00 1.706759999999999874e-02 1.708789999999999962e-02
9.529691840999999775e-01 1.715294900000000067e-02 3.610069999999999946e-04 1.000000000000000000e+00 1.710240000000000024e-02 1.712270000000000111e-02
9.532868405000000100e-01 1.719152700000000158e-02 3.614310000000000027e-04 1.000000000000000000e+00 1.713970000000000077e-02 1.716010000000000105e-02
9.536046028000000341e-01 1.722596800000000122e-02 3.618490000000000248e-04 1.000000000000000000e+00 1.717700000000000130e-02 1.719750000000000098e-02
9.539224710000000496e-01 1.725392200000000140e-02 3.622300000000000064e-04 1.000000000000000000e+00 1.721140000000000170e-02 1.723210000000000020e-02
9.542404451999999537e-01 1.727556499999999967e-02 3.625540000000000121e-04 1.000000000000000000e+00 1.724099999999999938e-02 1.726170000000000135e-02
9.545585252999999604e-01 1.729351499999999889e-02 3.628190000000000104e-04 1.000000000000000000e+00 1.726549999999999960e-02 1.728630000000000097e-02
9.548767114999999750e-01 1.731188200000000066e-02 3.630470000000000225e-04 1.000000000000000000e+00 1.728680000000000147e-02 1.730759999999999937e-02
9.551950036999999893e-01 1.733493800000000112e-02 3.632689999999999943e-04 1.000000000000000000e+00 1.730800000000000047e-02 1.732869999999999897e-02
9.555134021000000200e-01 1.736582600000000087e-02 3.635250000000000135e-04 1.000000000000000000e+00 1.733229999999999840e-02 1.735300000000000037e-02
9.558319065000000503e-01 1.740562000000000012e-02 3.638420000000000174e-04 1.000000000000000000e+00 1.736259999999999887e-02 1.738330000000000083e-02
9.561505171999999941e-01 1.745291200000000098e-02 3.642359999999999869e-04 1.000000000000000000e+00 1.739999999999999880e-02 1.742070000000000077e-02
9.564692339999999460e-01 1.750402599999999892e-02 3.646969999999999813e-04 1.000000000000000000e+00 1.744360000000000008e-02 1.746440000000000145e-02
9.567880571000000334e-01 1.755394199999999946e-02 3.651980000000000092e-04 1.000000000000000000e+00 1.749090000000000020e-02 1.751170000000000157e-02
9.571069864000000260e-01 1.759773599999999924e-02 3.656980000000000213e-04 1.000000000000000000e+00 1.753769999999999982e-02 1.755860000000000060e-02
9.574260221000000515e-01 1.763221400000000022e-02 3.661550000000000069e-04 1.000000000000000000e+00 1.758020000000000069e-02 1.760120000000000087e-02
9.577451640999999904e-01 1.765712300000000026e-02 3.665399999999999973e-04 1.000000000000000000e+00 1.761549999999999921e-02 1.763659999999999881e-02
9.580644124999999622e-01 1.767547100000000163e-02 3.668470000000000064e-04 1.000000000000000000e+00 1.764330000000000065e-02 1.766430000000000083e-02
9.583837672999999668e-01 1.769267299999999904e-02 3.670969999999999854e-04 1.000000000000000000e+00 1.766550000000000065e-02 1.768660000000000024e-02
9.587032285000000043e-01 1.771485500000000157e-02 3.673319999999999992e-04 1.000000000000000000e+00 1.768619999999999914e-02 1.770740000000000161e-02
9.590227962999999800e-01 1.774681300000000017e-02 3.676010000000000063e-04 1.000000000000000000e+00 1.771040000000000114e-02 1.773169999999999955e-02
9.593424705999999968e-01 1.779048199999999982e-02 3.679469999999999789e-04 1.000000000000000000e+00 1.774210000000000023e-02 1.776329999999999923e-02
9.596622514000000548e-01 1.784439200000000059e-02 3.683889999999999994e-04 1.000000000000000000e+00 1.778300000000000020e-02 1.780440000000000147e-02
9.599821388000000510e-01 1.790427500000000074e-02 3.689209999999999733e-04 1.000000000000000000e+00 1.783250000000000113e-02 1.785399999999999834e-02
9.603021327999999857e-01 1.796454399999999896e-02 3.695130000000000246e-04 1.000000000000000000e+00 1.788760000000000003e-02 1.790920000000000012e-02
9.606222334999999779e-01 1.802001799999999876e-02 3.701210000000000025e-04 1.000000000000000000e+00 1.794400000000000162e-02 1.796570000000000111e-02
9.609424410000000361e-01 1.806731599999999993e-02 3.707009999999999732e-04 1.000000000000000000e+00 1.799730000000000080e-02 1.801909999999999970e-02
9.612627551000000325e-01 1.810548299999999861e-02 3.712240000000000223e-04 1.000000000000000000e+00 1.804450000000000151e-02 1.806649999999999923e-02
9.615831759999999839e-01 1.813574399999999878e-02 3.716750000000000219e-04 1.000000000000000000e+00 1.808440000000000047e-02 1.810650000000000107e-02
9.619037038000000095e-01 1.816063700000000031e-02 3.720570000000000192e-04 1.000000000000000000e+00 1.811739999999999878e-02 1.813970000000000166e-02
9.622243382999999817e-01 1.818298900000000010e-02 3.723870000000000110e-04 1.000000000000000000e+00 1.814539999999999903e-02 1.816780000000000131e-02
9.625450798000000363e-01 1.820510700000000162e-02 3.726849999999999868e-04 1.000000000000000000e+00 1.817049999999999915e-02 1.819300000000000084e-02
9.628659281000000458e-01 1.822848100000000124e-02 3.729679999999999974e-04 1.000000000000000000e+00 1.819459999999999827e-02 1.821719999999999937e-02
9.631868834000000268e-01 1.825390600000000030e-02 3.732520000000000239e-04 1.000000000000000000e+00 1.821920000000000137e-02 1.824189999999999839e-02
9.635079456999999792e-01 1.828182500000000155e-02 3.735459999999999909e-04 1.000000000000000000e+00 1.824529999999999902e-02 1.826799999999999952e-02
9.638291150000000140e-01 1.831259000000000012e-02 3.738559999999999930e-04 1.000000000000000000e+00 1.827339999999999867e-02 1.829619999999999858e-02
9.641503914000000286e-01 1.834652800000000084e-02 3.741889999999999778e-04 1.000000000000000000e+00 1.830390000000000142e-02 1.832680000000000073e-02
9.644717749000000229e-01 1.838387299999999849e-02 3.745490000000000082e-04 1.000000000000000000e+00 1.833730000000000082e-02 1.836020000000000013e-02
9.647932654999999968e-01 1.842471600000000070e-02 3.749399999999999847e-04 1.000000000000000000e+00 1.837379999999999916e-02 1.839669999999999847e-02
9.651148631999999505e-01 1.846909000000000051e-02 3.753629999999999771e-04 1.000000000000000000e+00 1.841359999999999872e-02 1.843660000000000090e-02
9.654365682000000115e-01 1.851713400000000107e-02 3.758209999999999784e-04 1.000000000000000000e+00 1.845689999999999831e-02 1.847990000000000049e-02
9.657583803999999494e-01 1.856919300000000120e-02 3.763139999999999888e-04 1.000000000000000000e+00 1.850380000000000080e-02 1.852689999999999892e-02
9.660802997999999864e-01 1.862568800000000135e-02 3.768469999999999784e-04 1.000000000000000000e+00 1.855470000000000036e-02 1.857790000000000136e-02
9.664023266000000278e-01 1.868678099999999953e-02 3.774219999999999789e-04 1.000000000000000000e+00 1.860979999999999926e-02 1.863309999999999966e-02
9.667244606999999545e-01 1.875196299999999996e-02 3.780400000000000058e-04 1.000000000000000000e+00 1.866910000000000097e-02 1.869250000000000078e-02
9.670467021999999968e-01 1.881980100000000058e-02 3.786969999999999963e-04 1.000000000000000000e+00 1.873230000000000034e-02 1.875579999999999956e-02
9.673690511000000436e-01 1.888798300000000055e-02 3.793800000000000167e-04 1.000000000000000000e+00 1.879799999999999874e-02 1.882160000000000083e-02
9.676915073999999839e-01 1.895369100000000168e-02 3.800699999999999847e-04 1.000000000000000000e+00 1.886430000000000051e-02 1.888799999999999854e-02
9.680140712999999453e-01 1.901410499999999990e-02 3.807419999999999945e-04 1.000000000000000000e+00 1.892869999999999969e-02 1.895260000000000000e-02
9.683367426000000222e-01 1.906691599999999973e-02 3.813719999999999936e-04 1.000000000000000000e+00 1.898899999999999894e-02 1.901289999999999925e-02
9.686595216000000175e-01 1.911061699999999988e-02 3.819359999999999834e-04 1.000000000000000000e+00 1.904269999999999921e-02 1.906679999999999833e-02
9.689824081000000255e-01 1.914459900000000173e-02 3.824200000000000147e-04 1.000000000000000000e+00 1.908850000000000130e-02 1.911269999999999983e-02
9.693054022000000547e-01 1.916899099999999981e-02 3.828149999999999999e-04 1.000000000000000000e+00 1.912540000000000073e-02 1.914969999999999867e-02
9.696285040000000022e-01 1.918441400000000033e-02 3.831180000000000002e-04 1.000000000000000000e+00 1.915330000000000157e-02 1.917769999999999891e-02
9.699517134999999790e-01 1.919168499999999999e-02 3.833309999999999929e-04 1.000000000000000000e+00 1.917260000000000145e-02 1.919689999999999938e-02
9.702750306999999852e-01 1.919158699999999954e-02 3.834609999999999798e-04 1.000000000000000000e+00 1.918370000000000145e-02 1.920809999999999879e-02
9.705984557000000290e-01 1.918474499999999958e-02 3.835120000000000239e-04 1.000000000000000000e+00 1.918720000000000148e-02 1.921159999999999882e-02
9.709219886000000077e-01 1.917162400000000169e-02 3.834900000000000028e-04 1.000000000000000000e+00 1.918370000000000145e-02 1.920809999999999879e-02
9.712456292000000158e-01 1.915261600000000078e-02 3.833999999999999951e-04 1.000000000000000000e+00 1.917359999999999898e-02 1.919790000000000038e-02
9.715693777999999670e-01 1.912818499999999894e-02 3.832490000000000029e-04 1.000000000000000000e+00 1.915719999999999923e-02 1.918150000000000063e-02
9.718932341999999558e-01 1.909902700000000106e-02 3.830430000000000119e-04 1.000000000000000000e+00 1.913509999999999864e-02 1.915940000000000004e-02
9.722171985999999988e-01 1.906619199999999917e-02 3.827899999999999857e-04 1.000000000000000000e+00 1.910799999999999998e-02 1.913209999999999911e-02
9.725412709999999850e-01 1.903114900000000068e-02 3.825020000000000048e-04 1.000000000000000000e+00 1.907680000000000139e-02 1.910090000000000052e-02
9.728654515000000336e-01 1.899576299999999884e-02 3.821930000000000184e-04 1.000000000000000000e+00 1.904300000000000090e-02 1.906710000000000002e-02
9.731897399000000171e-01 1.896215799999999979e-02 3.818809999999999848e-04 1.000000000000000000e+00 1.900850000000000109e-02 1.903260000000000021e-02
9.735141364999999603e-01 1.893251500000000045e-02 3.815860000000000020e-04 1.000000000000000000e+00 1.897520000000000109e-02 1.899930000000000022e-02
9.738386411999999659e-01 1.890881200000000054e-02 3.813259999999999740e-04 1.000000000000000000e+00 1.894530000000000172e-02 1.896950000000000025e-02
9.741632541000000423e-01 1.889264699999999852e-02 3.811190000000000216e-04 1.000000000000000000e+00 1.892059999999999922e-02 1.894490000000000063e-02
9.744879751999999673e-01 1.888511500000000093e-02 3.809810000000000171e-04 1.000000000000000000e+00 1.890290000000000026e-02 1.892720000000000166e-02
9.748128044999999631e-01 1.888675800000000002e-02 3.809220000000000097e-04 1.000000000000000000e+00 1.889309999999999948e-02 1.891750000000000029e-02
9.751377421000000378e-01 1.889752600000000129e-02 3.809490000000000012e-04 1.000000000000000000e+00 1.889199999999999907e-02 1.891639999999999988e-02
9.754627879999999696e-01 1.891670100000000104e-02 3.810619999999999914e-04 1.000000000000000000e+00 1.889959999999999904e-02 1.892409999999999926e-02
9.757879422999999885e-01 1.894280099999999870e-02 3.812549999999999945e-04 1.000000000000000000e+00 1.891539999999999888e-02 1.893989999999999910e-02
9.761132049999999838e-01 1.897356999999999863e-02 3.815169999999999998e-04 1.000000000000000000e+00 1.893799999999999997e-02 1.896259999999999959e-02
9.764385759999999470e-01 1.900616600000000142e-02 3.818280000000000176e-04 1.000000000000000000e+00 1.896549999999999972e-02 1.899030000000000162e-02
9.767640555000000058e-01 1.903759000000000007e-02 3.821639999999999955e-04 1.000000000000000000e+00 1.899539999999999909e-02 1.902030000000000040e-02
9.770896435999999463e-01 1.906528299999999884e-02 3.824969999999999802e-04 1.000000000000000000e+00 1.902519999999999906e-02 1.905019999999999977e-02
9.774153400999999741e-01 1.908769899999999964e-02 3.828050000000000051e-04 1.000000000000000000e+00 1.905240000000000058e-02 1.907750000000000071e-02
9.777411451999999947e-01 1.910465600000000111e-02 3.830710000000000191e-04 1.000000000000000000e+00 1.907560000000000158e-02 1.910070000000000170e-02
9.780670589000000081e-01 1.911733200000000077e-02 3.832919999999999752e-04 1.000000000000000000e+00 1.909430000000000155e-02 1.911950000000000108e-02
9.783930813000000226e-01 1.912791399999999933e-02 3.834749999999999834e-04 1.000000000000000000e+00 1.910919999999999980e-02 1.913449999999999873e-02
9.787192123000000299e-01 1.913901299999999986e-02 3.836350000000000090e-04 1.000000000000000000e+00 1.912190000000000070e-02 1.914729999999999904e-02
9.790454521000000465e-01 1.915301100000000104e-02 3.837930000000000031e-04 1.000000000000000000e+00 1.913470000000000101e-02 1.916009999999999935e-02
9.793718004999999449e-01 1.917150800000000030e-02 3.839700000000000253e-04 1.000000000000000000e+00 1.914940000000000045e-02 1.917490000000000167e-02
9.796982577999999720e-01 1.919498000000000038e-02 3.841800000000000249e-04 1.000000000000000000e+00 1.916759999999999992e-02 1.919320000000000054e-02
9.800248239000000083e-01 1.922272200000000111e-02 3.844300000000000039e-04 1.000000000000000000e+00 1.918989999999999932e-02 1.921549999999999994e-02
9.803514988000000541e-01 1.925307100000000007e-02 3.847160000000000076e-04 1.000000000000000000e+00 1.921590000000000104e-02 1.924160000000000106e-02
9.806782827000000147e-01 1.928385100000000116e-02 3.850270000000000255e-04 1.000000000000000000e+00 1.924429999999999891e-02 1.927009999999999834e-02
9.810051753999999846e-01 1.931292999999999899e-02 3.853460000000000067e-04 1.000000000000000000e+00 1.927349999999999897e-02 1.929929999999999840e-02
9.813321771999999887e-01 1.933871399999999990e-02 3.856560000000000088e-04 1.000000000000000000e+00 1.930159999999999862e-02 1.932760000000000034e-02
9.816592879000000105e-01 1.936044799999999885e-02 3.859429999999999740e-04 1.000000000000000000e+00 1.932719999999999924e-02 1.935330000000000036e-02
9.819865075999999471e-01 1.937822900000000029e-02 3.861989999999999932e-04 1.000000000000000000e+00 1.934949999999999865e-02 1.937569999999999917e-02
9.823138365000000372e-01 1.939278700000000161e-02 3.864240000000000123e-04 1.000000000000000000e+00 1.936840000000000089e-02 1.939460000000000142e-02
9.826412744000000421e-01 1.940512200000000034e-02 3.866200000000000084e-04 1.000000000000000000e+00 1.938410000000000133e-02 1.941050000000000067e-02
9.829688214999999785e-01 1.941616700000000154e-02 3.867939999999999833e-04 1.000000000000000000e+00 1.939760000000000095e-02 1.942400000000000029e-02
9.832964777999999573e-01 1.942657999999999885e-02 3.869559999999999862e-04 1.000000000000000000e+00 1.940940000000000026e-02 1.943589999999999901e-02
9.836242432999999785e-01 1.943670499999999857e-02 3.871100000000000257e-04 1.000000000000000000e+00 1.942019999999999857e-02 1.944689999999999960e-02
9.839521180000000422e-01 1.944664399999999904e-02 3.872600000000000022e-04 1.000000000000000000e+00 1.943040000000000045e-02 1.945720000000000088e-02
9.842801021000000539e-01 1.945637000000000061e-02 3.874090000000000172e-04 1.000000000000000000e+00 1.944030000000000064e-02 1.946720000000000048e-02
9.846081953999999969e-01 1.946579799999999943e-02 3.875579999999999780e-04 1.000000000000000000e+00 1.944979999999999973e-02 1.947689999999999838e-02
9.849363982000000073e-01 1.947481400000000001e-02 3.877050000000000158e-04 1.000000000000000000e+00 1.945910000000000001e-02 1.948630000000000154e-02
9.852647102999999573e-01 1.948325799999999983e-02 3.878500000000000220e-04 1.000000000000000000e+00 1.946799999999999919e-02 1.949539999999999954e-02
9.855931318999999746e-01 1.949093299999999848e-02 3.879900000000000037e-04 1.000000000000000000e+00 1.947640000000000135e-02 1.950400000000000050e-02
9.859216629000000509e-01 1.949764299999999853e-02 3.881239999999999994e-04 1.000000000000000000e+00 1.948420000000000013e-02 1.951189999999999869e-02
9.862503034999999807e-01 1.950324499999999892e-02 3.882490000000000160e-04 1.000000000000000000e+00 1.949120000000000019e-02 1.951900000000000163e-02
9.865790535999999777e-01 1.950770400000000071e-02 3.883639999999999835e-04 1.000000000000000000e+00 1.949709999999999985e-02 1.952510000000000009e-02
9.869079133000000503e-01 1.951109300000000019e-02 3.884690000000000105e-04 1.000000000000000000e+00 1.950199999999999850e-02 1.953020000000000103e-02
9.872368825999999764e-01 1.951355899999999977e-02 3.885630000000000269e-04 1.000000000000000000e+00 1.950580000000000022e-02 1.953420000000000156e-02
9.875659614999999780e-01 1.951526500000000039e-02 3.886469999999999942e-04 1.000000000000000000e+00 1.950879999999999975e-02 1.953720000000000109e-02
9.878951501999999607e-01 1.951634500000000091e-02 3.887240000000000140e-04 1.000000000000000000e+00 1.951090000000000116e-02 1.953950000000000131e-02
9.882244486000000272e-01 1.951689599999999886e-02 3.887939999999999777e-04 1.000000000000000000e+00 1.951229999999999978e-02 1.954109999999999875e-02
9.885538566999999555e-01 1.951699600000000173e-02 3.888569999999999939e-04 1.000000000000000000e+00 1.951320000000000138e-02 1.954209999999999975e-02
9.888833746999999841e-01 1.951673900000000170e-02 3.889160000000000013e-04 1.000000000000000000e+00 1.951359999999999900e-02 1.954269999999999965e-02
9.892130024999999938e-01 1.951625400000000024e-02 3.889699999999999842e-04 1.000000000000000000e+00 1.951380000000000128e-02 1.954289999999999847e-02
9.895427400999999845e-01 1.951568899999999926e-02 3.890189999999999967e-04 1.000000000000000000e+00 1.951369999999999841e-02 1.954289999999999847e-02
9.898725876999999729e-01 1.951518699999999981e-02 3.890669999999999936e-04 1.000000000000000000e+00 1.951349999999999960e-02 1.954289999999999847e-02
9.902025451999999506e-01 1.951485400000000162e-02 3.891119999999999974e-04 1.000000000000000000e+00 1.951330000000000078e-02 1.954279999999999906e-02
9.905326127000000369e-01 1.951474300000000106e-02 3.891570000000000012e-04 1.000000000000000000e+00 1.951320000000000138e-02 1.954279999999999906e-02
9.908627903000000181e-01 1.951487699999999992e-02 3.892009999999999892e-04 1.000000000000000000e+00 1.951340000000000019e-02 1.954310000000000075e-02
9.911930778999999969e-01 1.951527399999999912e-02 3.892459999999999930e-04 1.000000000000000000e+00 1.951369999999999841e-02 1.954349999999999837e-02
9.915234755999999816e-01 1.951597100000000001e-02 3.892909999999999968e-04 1.000000000000000000e+00 1.951429999999999831e-02 1.954420000000000116e-02
9.918539833999999722e-01 1.951702799999999877e-02 3.893370000000000164e-04 1.000000000000000000e+00 1.951529999999999931e-02 1.954530000000000156e-02
9.921846013999999769e-01 1.951849500000000029e-02 3.893839999999999975e-04 1.000000000000000000e+00 1.951659999999999853e-02 1.954660000000000078e-02
9.925153295999999958e-01 1.952037900000000090e-02 3.894319999999999943e-04 1.000000000000000000e+00 1.951829999999999884e-02 1.954830000000000109e-02
9.928461680000000289e-01 1.952260399999999896e-02 3.894810000000000069e-04 1.000000000000000000e+00 1.952020000000000144e-02 1.955029999999999962e-02
9.931771167999999816e-01 1.952500999999999889e-02 3.895330000000000125e-04 1.000000000000000000e+00 1.952239999999999878e-02 1.955250000000000044e-02
9.935081757999999486e-01 1.952738399999999833e-02 3.895869999999999954e-04 1.000000000000000000e+00 1.952459999999999959e-02 1.955480000000000065e-02
9.938393451999999462e-01 1.952950499999999909e-02 3.896409999999999783e-04 1.000000000000000000e+00 1.952660000000000159e-02 1.955689999999999859e-02
9.941706249999999745e-01 1.953119899999999909e-02 3.896959999999999769e-04 1.000000000000000000e+00 1.952840000000000131e-02 1.955869999999999831e-02
9.945020152000000335e-01 1.953236200000000103e-02 3.897489999999999982e-04 1.000000000000000000e+00 1.952979999999999994e-02 1.956010000000000040e-02
9.948335159000000205e-01 1.953297199999999914e-02 3.898010000000000038e-04 1.000000000000000000e+00 1.953070000000000153e-02 1.956120000000000081e-02
9.951651270000000382e-01 1.953305600000000003e-02 3.898500000000000164e-04 1.000000000000000000e+00 1.953109999999999916e-02 1.956170000000000131e-02
9.954968486999999921e-01 1.953267399999999987e-02 3.898969999999999975e-04 1.000000000000000000e+00 1.953109999999999916e-02 1.956180000000000072e-02
9.958286809999999933e-01 1.953188999999999967e-02 3.899420000000000013e-04 1.000000000000000000e+00 1.953070000000000153e-02 1.956149999999999903e-02
9.961606239000000418e-01 1.953076600000000149e-02 3.899840000000000121e-04 1.000000000000000000e+00 1.952989999999999934e-02 1.956079999999999972e-02
9.964926775000000347e-01 1.952937100000000023e-02 3.900229999999999756e-04 1.000000000000000000e+00 1.952879999999999894e-02 1.955979999999999872e-02
9.968248416999999639e-01 1.952778700000000131e-02 3.900619999999999934e-04 1.000000000000000000e+00 1.952740000000000031e-02 1.955859999999999890e-02
9.971571165999999486e-01 1.952610600000000141e-02 3.900980000000000181e-04 1.000000000000000000e+00 1.952589999999999881e-02 1.955720000000000028e-02
9.974895022999999972e-01 1.952442700000000045e-02 3.901339999999999886e-04 1.000000000000000000e+00 1.952440000000000078e-02 1.955580000000000165e-02
9.978219987999999985e-01 1.952283100000000091e-02 3.901679999999999818e-04 1.000000000000000000e+00 1.952299999999999869e-02 1.955449999999999897e-02
9.981546061999999608e-01 1.952135799999999907e-02 3.902019999999999751e-04 1.000000000000000000e+00 1.952160000000000006e-02 1.955329999999999915e-02
9.984873243999999870e-01 1.951999600000000126e-02 3.902339999999999910e-04 1.000000000000000000e+00 1.952040000000000025e-02 1.955209999999999934e-02
9.988201534999999742e-01 1.951867900000000058e-02 3.902649999999999912e-04 1.000000000000000000e+00 1.951920000000000044e-02 1.955109999999999834e-02
9.991530935000000335e-01 1.951730900000000005e-02 3.902949999999999757e-04 1.000000000000000000e+00 1.951810000000000003e-02 1.955000000000000140e-02
9.994861445999999594e-01 1.951579000000000161e-02 3.903239999999999986e-04 1.000000000000000000e+00 1.951680000000000081e-02 1.954880000000000159e-02
9.998193065999999574e-01 1.951407399999999931e-02 3.903509999999999901e-04 1.000000000000000000e+00 1.951529999999999931e-02 1.954739999999999950e-02
1.000152579999999958e+00 1.951219499999999954e-02 3.903760000000000042e-04 1.000000000000000000e+00 1.951359999999999900e-02 1.954579999999999859e-02
1.000485963999999894e+00 1.951028100000000085e-02 3.904000000000000027e-04 1.000000000000000000e+00 1.951189999999999869e-02 1.954409999999999828e-02
1.000819458999999911e+00 1.950853400000000099e-02 3.904240000000000011e-04 1.000000000000000000e+00 1.951009999999999897e-02 1.954250000000000084e-02
1.001153066000000091e+00 1.950718200000000138e-02 3.904479999999999995e-04 1.000000000000000000e+00 1.950850000000000153e-02 1.954099999999999934e-02
1.001486783000000047e+00 1.950640699999999991e-02 3.904749999999999909e-04 1.000000000000000000e+00 1.950730000000000172e-02 1.953979999999999953e-02
1.001820611999999944e+00 1.950628299999999926e-02 3.905059999999999911e-04 1.000000000000000000e+00 1.950659999999999894e-02 1.953919999999999962e-02
1.002154553000000003e+00 1.950674300000000000e-02 3.905410000000000001e-04 1.000000000000000000e+00 1.950640000000000013e-02 1.953900000000000081e-02
1.002488604000000061e+00 1.950759300000000016e-02 3.905809999999999794e-04 1.000000000000000000e+00 1.950649999999999953e-02 1.953929999999999903e-02
1.002822767000000059e+00 1.950856499999999855e-02 3.906259999999999832e-04 1.000000000000000000e+00 1.950700000000000003e-02 1.953979999999999953e-02
1.003157040999999916e+00 1.950939599999999829e-02 3.906739999999999800e-04 1.000000000000000000e+00 1.950750000000000053e-02 1.954039999999999944e-02
1.003491426999999936e+00 1.950990299999999858e-02 3.907229999999999926e-04 1.000000000000000000e+00 1.950790000000000163e-02 1.954089999999999994e-02
1.003825924000000036e+00 1.951001700000000103e-02 3.907730000000000209e-04 1.000000000000000000e+00 1.950800000000000103e-02 1.954109999999999875e-02
1.004160533000000077e+00 1.950978800000000013e-02 3.908219999999999793e-04 1.000000000000000000e+00 1.950790000000000163e-02 1.954120000000000162e-02
1.004495252999999977e+00 1.950932699999999992e-02 3.908699999999999761e-04 1.000000000000000000e+00 1.950769999999999935e-02 1.954109999999999875e-02
1.004830085000000039e+00 1.950875200000000073e-02 3.909170000000000114e-04 1.000000000000000000e+00 1.950740000000000113e-02 1.954089999999999994e-02
1.005165027999999960e+00 1.950812400000000169e-02 3.909609999999999995e-04 1.000000000000000000e+00 1.950700000000000003e-02 1.954060000000000172e-02
1.005500083000000044e+00 1.950741799999999859e-02 3.910040000000000260e-04 1.000000000000000000e+00 1.950659999999999894e-02 1.954030000000000003e-02
1.005835250000000070e+00 1.950653000000000109e-02 3.910440000000000053e-04 1.000000000000000000e+00 1.950609999999999844e-02 1.953989999999999894e-02
1.006170527999999953e+00 1.950531299999999982e-02 3.910820000000000073e-04 1.000000000000000000e+00 1.950529999999999972e-02 1.953919999999999962e-02
1.006505917999999999e+00 1.950362799999999855e-02 3.911160000000000006e-04 1.000000000000000000e+00 1.950409999999999991e-02 1.953809999999999922e-02
1.006841419999999987e+00 1.950140100000000154e-02 3.911470000000000008e-04 1.000000000000000000e+00 1.950230000000000019e-02 1.953639999999999891e-02
1.007177033999999916e+00 1.949865200000000173e-02 3.911750000000000079e-04 1.000000000000000000e+00 1.949999999999999997e-02 1.953430000000000097e-02
1.007512760000000007e+00 1.949551000000000062e-02 3.911990000000000064e-04 1.000000000000000000e+00 1.949719999999999925e-02 1.953159999999999966e-02
1.007848596999999957e+00 1.949220100000000067e-02 3.912230000000000048e-04 1.000000000000000000e+00 1.949410000000000032e-02 1.952860000000000013e-02
1.008184546999999931e+00 1.948900300000000127e-02 3.912450000000000259e-04 1.000000000000000000e+00 1.949079999999999910e-02 1.952539999999999831e-02
1.008520607999999985e+00 1.948620499999999950e-02 3.912699999999999859e-04 1.000000000000000000e+00 1.948760000000000076e-02 1.952239999999999878e-02
1.008856782000000063e+00 1.948404100000000055e-02 3.912979999999999930e-04 1.000000000000000000e+00 1.948480000000000004e-02 1.951970000000000094e-02
1.009193066999999999e+00 1.948264800000000171e-02 3.913319999999999863e-04 1.000000000000000000e+00 1.948269999999999863e-02 1.951769999999999894e-02
1.009529464999999959e+00 1.948203700000000066e-02 3.913710000000000040e-04 1.000000000000000000e+00 1.948120000000000060e-02 1.951639999999999972e-02
1.009865975000000082e+00 1.948209099999999999e-02 3.914149999999999921e-04 1.000000000000000000e+00 1.948060000000000069e-02 1.951579999999999981e-02
1.010202596999999924e+00 1.948260200000000164e-02 3.914650000000000204e-04 1.000000000000000000e+00 1.948050000000000129e-02 1.951589999999999922e-02
1.010539330999999930e+00 1.948331500000000105e-02 3.915170000000000260e-04 1.000000000000000000e+00 1.948089999999999891e-02 1.951639999999999972e-02
1.010876177999999959e+00 1.948399400000000101e-02 3.915710000000000089e-04 1.000000000000000000e+00 1.948149999999999882e-02 1.951709999999999903e-02
1.011213136000000068e+00 1.948447299999999868e-02 3.916260000000000075e-04 1.000000000000000000e+00 1.948199999999999932e-02 1.951769999999999894e-02
1.011550206999999979e+00 1.948467200000000149e-02 3.916789999999999747e-04 1.000000000000000000e+00 1.948240000000000041e-02 1.951829999999999884e-02
1.011887390999999914e+00 1.948460200000000017e-02 3.917309999999999803e-04 1.000000000000000000e+00 1.948259999999999922e-02 1.951860000000000053e-02
1.012224687000000012e+00 1.948433000000000109e-02 3.917810000000000086e-04 1.000000000000000000e+00 1.948259999999999922e-02 1.951869999999999994e-02
1.012562095000000051e+00 1.948394000000000167e-02 3.918290000000000054e-04 1.000000000000000000e+00 1.948240000000000041e-02 1.951869999999999994e-02
1.012899615000000031e+00 1.948349799999999840e-02 3.918750000000000250e-04 1.000000000000000000e+00 1.948220000000000160e-02 1.951850000000000113e-02
1.013237248999999895e+00 1.948302899999999893e-02 3.919199999999999746e-04 1.000000000000000000e+00 1.948199999999999932e-02 1.951840000000000172e-02
1.013574994000000062e+00 1.948251900000000023e-02 3.919640000000000168e-04 1.000000000000000000e+00 1.948160000000000169e-02 1.951819999999999944e-02
1.013912852999999892e+00 1.948193800000000073e-02 3.920059999999999734e-04 1.000000000000000000e+00 1.948120000000000060e-02 1.951790000000000122e-02
1.014250824000000106e+00 1.948126799999999950e-02 3.920479999999999842e-04 1.000000000000000000e+00 1.948070000000000010e-02 1.951740000000000072e-02
1.014588907000000040e+00 1.948052899999999990e-02 3.920889999999999792e-04 1.000000000000000000e+00 1.948000000000000079e-02 1.951690000000000022e-02
1.014927104000000080e+00 1.947978399999999999e-02 3.921290000000000127e-04 1.000000000000000000e+00 1.947930000000000147e-02 1.951630000000000031e-02
1.015265413000000061e+00 1.947912599999999939e-02 3.921689999999999920e-04 1.000000000000000000e+00 1.947870000000000157e-02 1.951579999999999981e-02
1.015603833999999983e+00 1.947864399999999982e-02 3.922099999999999870e-04 1.000000000000000000e+00 1.947820000000000107e-02 1.951539999999999872e-02
1.015942369000000012e+00 1.947838199999999895e-02 3.922500000000000205e-04 1.000000000000000000e+00 1.947789999999999938e-02 1.951519999999999991e-02
1.016281017000000064e+00 1.947832000000000036e-02 3.922899999999999998e-04 1.000000000000000000e+00 1.947789999999999938e-02 1.951529999999999931e-02
1.016619777000000058e+00 1.947836600000000043e-02 3.923290000000000176e-04 1.000000000000000000e+00 1.947810000000000166e-02 1.951550000000000160e-02
1.016958650000000075e+00 1.947838500000000084e-02 3.923679999999999811e-04 1.000000000000000000e+00 1.947820000000000107e-02 1.951570000000000041e-02
1.017297635999999894e+00 1.947824100000000030e-02 3.924059999999999831e-04 1.000000000000000000e+00 1.947820000000000107e-02 1.951579999999999981e-02
1.017636736000000042e+00 1.947784199999999868e-02 3.924420000000000078e-04 1.000000000000000000e+00 1.947789999999999938e-02 1.951560000000000100e-02
1.017975947999999908e+00 1.947716099999999978e-02 3.924789999999999941e-04 1.000000000000000000e+00 1.947729999999999947e-02 1.951500000000000110e-02
1.018315273000000021e+00 1.947624599999999914e-02 3.925140000000000031e-04 1.000000000000000000e+00 1.947640000000000135e-02 1.951419999999999891e-02
1.018654712000000018e+00 1.947518599999999850e-02 3.925509999999999894e-04 1.000000000000000000e+00 1.947530000000000094e-02 1.951320000000000138e-02
1.018994262999999956e+00 1.947407899999999831e-02 3.925879999999999756e-04 1.000000000000000000e+00 1.947400000000000173e-02 1.951210000000000097e-02
1.019333928000000000e+00 1.947299900000000125e-02 3.926259999999999776e-04 1.000000000000000000e+00 1.947279999999999844e-02 1.951090000000000116e-02
1.019673706000000069e+00 1.947197900000000037e-02 3.926660000000000111e-04 1.000000000000000000e+00 1.947159999999999863e-02 1.950990000000000016e-02
1.020013596999999939e+00 1.947101099999999987e-02 3.927070000000000062e-04 1.000000000000000000e+00 1.947050000000000169e-02 1.950889999999999916e-02
1.020353601999999915e+00 1.947006899999999957e-02 3.927480000000000012e-04 1.000000000000000000e+00 1.946960000000000010e-02 1.950810000000000044e-02
1.020693719000000055e+00 1.946912199999999843e-02 3.927889999999999962e-04 1.000000000000000000e+00 1.946869999999999851e-02 1.950740000000000113e-02
1.021033950999999940e+00 1.946815299999999846e-02 3.928280000000000140e-04 1.000000000000000000e+00 1.946799999999999919e-02 1.950669999999999835e-02
1.021374294999999988e+00 1.946716100000000019e-02 3.928660000000000160e-04 1.000000000000000000e+00 1.946720000000000048e-02 1.950609999999999844e-02
1.021714752999999920e+00 1.946616099999999919e-02 3.929019999999999865e-04 1.000000000000000000e+00 1.946650000000000116e-02 1.950549999999999853e-02
1.022055324999999959e+00 1.946518200000000101e-02 3.929369999999999955e-04 1.000000000000000000e+00 1.946569999999999898e-02 1.950479999999999922e-02
1.022396010000000022e+00 1.946426299999999901e-02 3.929709999999999887e-04 1.000000000000000000e+00 1.946480000000000085e-02 1.950400000000000050e-02
1.022736808999999969e+00 1.946344599999999883e-02 3.930040000000000204e-04 1.000000000000000000e+00 1.946389999999999926e-02 1.950319999999999832e-02
1.023077720999999940e+00 1.946277299999999919e-02 3.930399999999999909e-04 1.000000000000000000e+00 1.946300000000000113e-02 1.950230000000000019e-02
1.023418747000000018e+00 1.946226499999999943e-02 3.930769999999999772e-04 1.000000000000000000e+00 1.946209999999999954e-02 1.950160000000000088e-02
1.023759886999999980e+00 1.946191200000000135e-02 3.931170000000000107e-04 1.000000000000000000e+00 1.946130000000000082e-02 1.950090000000000157e-02
1.024101139999999965e+00 1.946166699999999847e-02 3.931609999999999988e-04 1.000000000000000000e+00 1.946070000000000091e-02 1.950040000000000107e-02
1.024442507000000058e+00 1.946145300000000009e-02 3.932070000000000183e-04 1.000000000000000000e+00 1.946020000000000041e-02 1.949999999999999997e-02
1.024783988000000035e+00 1.946117400000000122e-02 3.932550000000000151e-04 1.000000000000000000e+00 1.945969999999999991e-02 1.949969999999999828e-02
1.025125582000000035e+00 1.946074500000000151e-02 3.933039999999999735e-04 1.000000000000000000e+00 1.945929999999999882e-02 1.949940000000000007e-02
1.025467291000000003e+00 1.946011099999999869e-02 3.933520000000000245e-04 1.000000000000000000e+00 1.945879999999999832e-02 1.949909999999999838e-02
1.025809112999999995e+00 1.945925399999999875e-02 3.933979999999999899e-04 1.000000000000000000e+00 1.945819999999999841e-02 1.949849999999999847e-02
1.026151049999999953e+00 1.945819699999999999e-02 3.934440000000000094e-04 1.000000000000000000e+00 1.945730000000000029e-02 1.949779999999999916e-02
1.026493099999999936e+00 1.945699299999999882e-02 3.934879999999999975e-04 1.000000000000000000e+00 1.945629999999999929e-02 1.949700000000000044e-02
1.026835264000000025e+00 1.945570699999999917e-02 3.935300000000000083e-04 1.000000000000000000e+00 1.945509999999999948e-02 1.949590000000000004e-02
1.027177543000000082e+00 1.945439900000000069e-02 3.935729999999999806e-04 1.000000000000000000e+00 1.945380000000000026e-02 1.949470000000000022e-02
1.027519934999999940e+00 1.945311400000000052e-02 3.936160000000000071e-04 1.000000000000000000e+00 1.945250000000000104e-02 1.949350000000000041e-02
1.027862441999999987e+00 1.945187899999999831e-02 3.936589999999999794e-04 1.000000000000000000e+00 1.945109999999999895e-02 1.949240000000000000e-02
1.028205062999999919e+00 1.945070600000000163e-02 3.937039999999999832e-04 1.000000000000000000e+00 1.944979999999999973e-02 1.949120000000000019e-02
1.028547797999999958e+00 1.944960100000000039e-02 3.937489999999999870e-04 1.000000000000000000e+00 1.944859999999999992e-02 1.949019999999999919e-02
1.028890647000000103e+00 1.944857100000000130e-02 3.937950000000000066e-04 1.000000000000000000e+00 1.944759999999999892e-02 1.948920000000000166e-02
1.029233610999999993e+00 1.944762800000000152e-02 3.938410000000000261e-04 1.000000000000000000e+00 1.944660000000000138e-02 1.948849999999999888e-02
1.029576688999999989e+00 1.944678500000000115e-02 3.938869999999999915e-04 1.000000000000000000e+00 1.944579999999999920e-02 1.948779999999999957e-02
1.029919881000000093e+00 1.944604499999999861e-02 3.939319999999999953e-04 1.000000000000000000e+00 1.944519999999999929e-02 1.948729999999999907e-02
1.030263187000000080e+00 1.944539699999999968e-02 3.939769999999999991e-04 1.000000000000000000e+00 1.944459999999999938e-02 1.948679999999999857e-02
1.030606608999999896e+00 1.944480900000000040e-02 3.940209999999999871e-04 1.000000000000000000e+00 1.944409999999999888e-02 1.948650000000000035e-02
1.030950143999999957e+00 1.944422599999999848e-02 3.940649999999999752e-04 1.000000000000000000e+00 1.944359999999999838e-02 1.948609999999999925e-02
1.031293793999999986e+00 1.944358599999999881e-02 3.941080000000000017e-04 1.000000000000000000e+00 1.944299999999999848e-02 1.948559999999999875e-02
1.031637558999999982e+00 1.944282500000000038e-02 3.941509999999999740e-04 1.000000000000000000e+00 1.944229999999999917e-02 1.948499999999999885e-02
1.031981438000000084e+00 1.944190000000000154e-02 3.941940000000000006e-04 1.000000000000000000e+00 1.944140000000000104e-02 1.948420000000000013e-02
1.032325431999999932e+00 1.944079799999999872e-02 3.942360000000000113e-04 1.000000000000000000e+00 1.944030000000000064e-02 1.948329999999999854e-02
1.032669540000000108e+00 1.943953899999999874e-02 3.942789999999999836e-04 1.000000000000000000e+00 1.943910000000000082e-02 1.948220000000000160e-02
1.033013763000000029e+00 1.943816900000000167e-02 3.943220000000000102e-04 1.000000000000000000e+00 1.943769999999999873e-02 1.948099999999999832e-02
1.033358100999999918e+00 1.943674999999999917e-02 3.943640000000000210e-04 1.000000000000000000e+00 1.943639999999999951e-02 1.947979999999999851e-02
1.033702553999999996e+00 1.943533100000000013e-02 3.944059999999999775e-04 1.000000000000000000e+00 1.943500000000000089e-02 1.947859999999999869e-02
1.034047120999999958e+00 1.943394099999999972e-02 3.944470000000000268e-04 1.000000000000000000e+00 1.943370000000000167e-02 1.947739999999999888e-02
1.034391803999999970e+00 1.943256999999999970e-02 3.944880000000000218e-04 1.000000000000000000e+00 1.943239999999999898e-02 1.947629999999999847e-02
1.034736601000000089e+00 1.943118099999999876e-02 3.945269999999999853e-04 1.000000000000000000e+00 1.943119999999999917e-02 1.947509999999999866e-02
1.035081512999999953e+00 1.942972700000000080e-02 3.945670000000000188e-04 1.000000000000000000e+00 1.942980000000000054e-02 1.947389999999999885e-02
1.035426540000000006e+00 1.942817800000000081e-02 3.946050000000000208e-04 1.000000000000000000e+00 1.942829999999999904e-02 1.947259999999999963e-02
1.035771683000000110e+00 1.942654499999999992e-02 3.946430000000000229e-04 1.000000000000000000e+00 1.942670000000000161e-02 1.947110000000000160e-02
1.036116940000000097e+00 1.942488200000000095e-02 3.946810000000000249e-04 1.000000000000000000e+00 1.942510000000000070e-02 1.946960000000000010e-02
1.036462312000000052e+00 1.942328399999999899e-02 3.947199999999999884e-04 1.000000000000000000e+00 1.942349999999999979e-02 1.946809999999999860e-02
1.036807800000000057e+00 1.942184699999999903e-02 3.947579999999999904e-04 1.000000000000000000e+00 1.942189999999999889e-02 1.946669999999999998e-02
1.037153401999999947e+00 1.942063999999999943e-02 3.947980000000000239e-04 1.000000000000000000e+00 1.942059999999999967e-02 1.946550000000000016e-02
1.037499120000000108e+00 1.941967299999999841e-02 3.948380000000000032e-04 1.000000000000000000e+00 1.941959999999999867e-02 1.946459999999999857e-02
1.037844953000000014e+00 1.941888300000000137e-02 3.948779999999999825e-04 1.000000000000000000e+00 1.941870000000000054e-02 1.946379999999999985e-02
1.038190901000000110e+00 1.941815300000000050e-02 3.949189999999999775e-04 1.000000000000000000e+00 1.941800000000000123e-02 1.946319999999999995e-02
1.038536965000000034e+00 1.941733400000000137e-02 3.949600000000000268e-04 1.000000000000000000e+00 1.941719999999999904e-02 1.946250000000000063e-02
1.038883143999999925e+00 1.941627900000000156e-02 3.950010000000000218e-04 1.000000000000000000e+00 1.941630000000000092e-02 1.946169999999999844e-02
1.039229438000000005e+00 1.941487700000000052e-02 3.950399999999999853e-04 1.000000000000000000e+00 1.941510000000000111e-02 1.946070000000000091e-02
1.039575847999999914e+00 1.941305999999999934e-02 3.950770000000000258e-04 1.000000000000000000e+00 1.941359999999999961e-02 1.945940000000000170e-02
1.039922374000000094e+00 1.941080800000000162e-02 3.951119999999999806e-04 1.000000000000000000e+00 1.941189999999999929e-02 1.945770000000000138e-02
1.040269013999999936e+00 1.940814199999999975e-02 3.951420000000000193e-04 1.000000000000000000e+00 1.940980000000000136e-02 1.945579999999999879e-02
1.040615770999999912e+00 1.940511099999999919e-02 3.951679999999999950e-04 1.000000000000000000e+00 1.940750000000000114e-02 1.945360000000000145e-02
1.040962643000000076e+00 1.940178600000000073e-02 3.951879999999999846e-04 1.000000000000000000e+00 1.940499999999999864e-02 1.945119999999999835e-02
1.041309629999999986e+00 1.939825499999999966e-02 3.952030000000000039e-04 1.000000000000000000e+00 1.940220000000000139e-02 1.944850000000000051e-02
1.041656732999999946e+00 1.939461599999999994e-02 3.952119999999999830e-04 1.000000000000000000e+00 1.939919999999999839e-02 1.944560000000000038e-02
1.042003951999999956e+00 1.939097000000000043e-02 3.952180000000000233e-04 1.000000000000000000e+00 1.939600000000000005e-02 1.944250000000000145e-02
1.042351287000000015e+00 1.938740300000000097e-02 3.952210000000000163e-04 1.000000000000000000e+00 1.939269999999999883e-02 1.943920000000000023e-02
1.042698737000000042e+00 1.938397400000000173e-02 3.952229999999999936e-04 1.000000000000000000e+00 1.938919999999999880e-02 1.943579999999999960e-02
1.043046303999999980e+00 1.938070899999999944e-02 3.952259999999999866e-04 1.000000000000000000e+00 1.938569999999999877e-02 1.943239999999999898e-02
1.043393986000000107e+00 1.937759699999999988e-02 3.952320000000000269e-04 1.000000000000000000e+00 1.938219999999999874e-02 1.942889999999999895e-02
1.043741784000000061e+00 1.937460300000000066e-02 3.952420000000000217e-04 1.000000000000000000e+00 1.937869999999999870e-02 1.942549999999999832e-02
1.044089698000000066e+00 1.937168499999999960e-02 3.952550000000000095e-04 1.000000000000000000e+00 1.937519999999999867e-02 1.942210000000000117e-02
1.044437727000000038e+00 1.936881099999999967e-02 3.952720000000000062e-04 1.000000000000000000e+00 1.937180000000000152e-02 1.941889999999999936e-02
1.044785872999999921e+00 1.936597099999999919e-02 3.952919999999999958e-04 1.000000000000000000e+00 1.936859999999999971e-02 1.941580000000000042e-02
1.045134135000000075e+00 1.936317499999999983e-02 3.953149999999999785e-04 1.000000000000000000e+00 1.936550000000000077e-02 1.941290000000000029e-02
1.045482513000000058e+00 1.936044699999999938e-02 3.953399999999999926e-04 1.000000000000000000e+00 1.936260000000000064e-02 1.941009999999999958e-02
1.045831007999999951e+00 1.935780299999999982e-02 3.953650000000000068e-04 1.000000000000000000e+00 1.935999999999999874e-02 1.940750000000000114e-02
1.046179618000000033e+00 1.935524300000000114e-02 3.953900000000000210e-04 1.000000000000000000e+00 1.935749999999999971e-02 1.940520000000000092e-02
1.046528343999999944e+00 1.935273300000000044e-02 3.954140000000000194e-04 1.000000000000000000e+00 1.935510000000000008e-02 1.940290000000000070e-02
1.046877186999999987e+00 1.935020700000000121e-02 3.954370000000000020e-04 1.000000000000000000e+00 1.935279999999999986e-02 1.940069999999999989e-02
1.047226146000000080e+00 1.934758400000000100e-02 3.954590000000000232e-04 1.000000000000000000e+00 1.935040000000000024e-02 1.939839999999999967e-02
1.047575222000000084e+00 1.934478900000000112e-02 3.954779999999999971e-04 1.000000000000000000e+00 1.934790000000000121e-02 1.939600000000000005e-02
1.047924413000000055e+00 1.934177700000000097e-02 3.954960000000000094e-04 1.000000000000000000e+00 1.934510000000000049e-02 1.939329999999999873e-02
1.048273722000000019e+00 1.933855300000000138e-02 3.955130000000000061e-04 1.000000000000000000e+00 1.934200000000000155e-02 1.939029999999999920e-02
1.048623145999999950e+00 1.933517300000000064e-02 3.955289999999999869e-04 1.000000000000000000e+00 1.933860000000000093e-02 1.938710000000000086e-02
1.048972687000000015e+00 1.933173200000000078e-02 3.955450000000000220e-04 1.000000000000000000e+00 1.933510000000000090e-02 1.938370000000000024e-02
1.049322344999999990e+00 1.932833700000000099e-02 3.955629999999999802e-04 1.000000000000000000e+00 1.933160000000000087e-02 1.938020000000000020e-02
1.049672119000000015e+00 1.932507799999999901e-02 3.955809999999999925e-04 1.000000000000000000e+00 1.932810000000000084e-02 1.937689999999999899e-02
1.050022009999999950e+00 1.932201299999999899e-02 3.956019999999999979e-04 1.000000000000000000e+00 1.932479999999999962e-02 1.937370000000000064e-02
1.050372016999999936e+00 1.931915600000000052e-02 3.956240000000000191e-04 1.000000000000000000e+00 1.932180000000000009e-02 1.937080000000000052e-02
1.050722141000000054e+00 1.931648399999999835e-02 3.956459999999999860e-04 1.000000000000000000e+00 1.931899999999999937e-02 1.936809999999999921e-02
1.051072382000000083e+00 1.931395299999999829e-02 3.956699999999999844e-04 1.000000000000000000e+00 1.931640000000000093e-02 1.936569999999999958e-02
1.051422738999999940e+00 1.931150800000000153e-02 3.956939999999999828e-04 1.000000000000000000e+00 1.931400000000000131e-02 1.936329999999999996e-02
1.051773212999999929e+00 1.930909000000000098e-02 3.957170000000000197e-04 1.000000000000000000e+00 1.931160000000000168e-02 1.936109999999999914e-02
1.052123804000000051e+00 1.930663599999999855e-02 3.957410000000000181e-04 1.000000000000000000e+00 1.930919999999999859e-02 1.935879999999999893e-02
1.052474512000000084e+00 1.930408299999999966e-02 3.957629999999999850e-04 1.000000000000000000e+00 1.930669999999999956e-02 1.935639999999999930e-02
1.052825337000000028e+00 1.930136699999999983e-02 3.957860000000000219e-04 1.000000000000000000e+00 1.930410000000000112e-02 1.935390000000000027e-02
1.053176279000000104e+00 1.929843200000000078e-02 3.958069999999999731e-04 1.000000000000000000e+00 1.930120000000000099e-02 1.935119999999999896e-02
1.053527338000000091e+00 1.929523799999999928e-02 3.958279999999999785e-04 1.000000000000000000e+00 1.929809999999999859e-02 1.934819999999999943e-02
1.053878512999999906e+00 1.929177500000000059e-02 3.958489999999999839e-04 1.000000000000000000e+00 1.929480000000000084e-02 1.934500000000000108e-02
1.054229805999999936e+00 1.928806500000000007e-02 3.958680000000000120e-04 1.000000000000000000e+00 1.929120000000000140e-02 1.934150000000000105e-02
1.054581216000000099e+00 1.928416599999999842e-02 3.958869999999999859e-04 1.000000000000000000e+00 1.928749999999999909e-02 1.933790000000000162e-02
1.054932742999999951e+00 1.928016600000000136e-02 3.959039999999999825e-04 1.000000000000000000e+00 1.928370000000000084e-02 1.933419999999999930e-02
1.055284388000000018e+00 1.927616700000000030e-02 3.959200000000000176e-04 1.000000000000000000e+00 1.927989999999999912e-02 1.933059999999999987e-02
1.055636148999999913e+00 1.927227200000000001e-02 3.959340000000000212e-04 1.000000000000000000e+00 1.927620000000000028e-02 1.932700000000000043e-02
1.055988028000000023e+00 1.926856799999999981e-02 3.959470000000000090e-04 1.000000000000000000e+00 1.927270000000000025e-02 1.932359999999999980e-02
1.056340024000000044e+00 1.926510000000000028e-02 3.959589999999999811e-04 1.000000000000000000e+00 1.926939999999999903e-02 1.932040000000000146e-02
1.056692136999999976e+00 1.926186900000000091e-02 3.959689999999999759e-04 1.000000000000000000e+00 1.926639999999999950e-02 1.931739999999999846e-02
1.057044367999999901e+00 1.925881700000000099e-02 3.959780000000000092e-04 1.000000000000000000e+00 1.926339999999999997e-02 1.931449999999999834e-02
1.057396715999999959e+00 1.925583999999999976e-02 3.959860000000000268e-04 1.000000000000000000e+00 1.926059999999999925e-02 1.931170000000000109e-02
1.057749182000000010e+00 1.925280299999999889e-02 3.959939999999999901e-04 1.000000000000000000e+00 1.925759999999999972e-02 1.930890000000000037e-02
1.058101764999999972e+00 1.924957199999999952e-02 3.959999999999999762e-04 1.000000000000000000e+00 1.925450000000000078e-02 1.930580000000000143e-02
1.058454465000000067e+00 1.924603700000000056e-02 3.960069999999999779e-04 1.000000000000000000e+00 1.925100000000000075e-02 1.930230000000000140e-02
1.058807282999999932e+00 1.924214000000000133e-02 3.960139999999999797e-04 1.000000000000000000e+00 1.924709999999999963e-02 1.929859999999999909e-02
1.059160219000000014e+00 1.923788099999999834e-02 3.960200000000000200e-04 1.000000000000000000e+00 1.924290000000000028e-02 1.929439999999999975e-02
1.059513272000000006e+00 1.923331500000000083e-02 3.960270000000000218e-04 1.000000000000000000e+00 1.923829999999999985e-02 1.929000000000000159e-02
1.059866444000000074e+00 1.922854099999999830e-02 3.960330000000000079e-04 1.000000000000000000e+00 1.923360000000000000e-02 1.928540000000000115e-02
1.060219731999999970e+00 1.922367200000000068e-02 3.960389999999999939e-04 1.000000000000000000e+00 1.922870000000000135e-02 1.928070000000000131e-02
1.060573138999999943e+00 1.921882600000000135e-02 3.960459999999999957e-04 1.000000000000000000e+00 1.922389999999999863e-02 1.927600000000000147e-02
1.060926663000000048e+00 1.921410100000000079e-02 3.960519999999999818e-04 1.000000000000000000e+00 1.921919999999999878e-02 1.927140000000000103e-02
1.061280306000000007e+00 1.920957100000000167e-02 3.960580000000000220e-04 1.000000000000000000e+00 1.921470000000000122e-02 1.926699999999999940e-02
1.061634066000000098e+00 1.920528700000000144e-02 3.960640000000000081e-04 1.000000000000000000e+00 1.921029999999999960e-02 1.926280000000000006e-02
1.061987943999999962e+00 1.920128600000000144e-02 3.960699999999999941e-04 1.000000000000000000e+00 1.920619999999999966e-02 1.925879999999999953e-02
1.062341940000000040e+00 1.919759899999999922e-02 3.960780000000000117e-04 1.000000000000000000e+00 1.920240000000000141e-02 1.925510000000000069e-02
1.062696053999999890e+00 1.919426399999999908e-02 3.960869999999999907e-04 1.000000000000000000e+00 1.919879999999999851e-02 1.925160000000000066e-02
1.063050285999999955e+00 1.919133199999999845e-02 3.960980000000000013e-04 1.000000000000000000e+00 1.919550000000000076e-02 1.924839999999999884e-02
1.063404636000000014e+00 1.918886300000000045e-02 3.961109999999999891e-04 1.000000000000000000e+00 1.919260000000000063e-02 1.924560000000000159e-02
1.063759104000000066e+00 1.918691100000000094e-02 3.961290000000000015e-04 1.000000000000000000e+00 1.919010000000000160e-02 1.924309999999999909e-02
1.064113689999999890e+00 1.918550899999999990e-02 3.961510000000000226e-04 1.000000000000000000e+00 1.918809999999999960e-02 1.924119999999999997e-02
1.064468395000000012e+00 1.918465700000000079e-02 3.961769999999999983e-04 1.000000000000000000e+00 1.918649999999999869e-02 1.923969999999999847e-02
1.064823217999999905e+00 1.918432000000000123e-02 3.962090000000000143e-04 1.000000000000000000e+00 1.918539999999999829e-02 1.923870000000000094e-02
1.065178159000000013e+00 1.918443800000000157e-02 3.962470000000000163e-04 1.000000000000000000e+00 1.918469999999999898e-02 1.923810000000000103e-02
1.065533217999999893e+00 1.918494700000000081e-02 3.962899999999999886e-04 1.000000000000000000e+00 1.918450000000000016e-02 1.923800000000000163e-02
1.065888396000000071e+00 1.918580400000000075e-02 3.963379999999999855e-04 1.000000000000000000e+00 1.918469999999999898e-02 1.923820000000000044e-02
1.066243692000000021e+00 1.918700400000000056e-02 3.963910000000000068e-04 1.000000000000000000e+00 1.918519999999999948e-02 1.923889999999999975e-02
1.066599107000000046e+00 1.918858099999999969e-02 3.964500000000000142e-04 1.000000000000000000e+00 1.918610000000000107e-02 1.923990000000000075e-02
1.066954640000000065e+00 1.919059799999999968e-02 3.965120000000000146e-04 1.000000000000000000e+00 1.918740000000000029e-02 1.924139999999999878e-02
1.067310291000000078e+00 1.919312299999999943e-02 3.965800000000000011e-04 1.000000000000000000e+00 1.918929999999999941e-02 1.924330000000000138e-02
1.067666060999999944e+00 1.919620500000000091e-02 3.966530000000000121e-04 1.000000000000000000e+00 1.919159999999999963e-02 1.924580000000000041e-02
1.068021950000000109e+00 1.919986400000000051e-02 3.967320000000000091e-04 1.000000000000000000e+00 1.919449999999999976e-02 1.924879999999999994e-02
1.068377957000000045e+00 1.920407500000000101e-02 3.968159999999999765e-04 1.000000000000000000e+00 1.919799999999999979e-02 1.925239999999999937e-02
1.068734083000000057e+00 1.920878100000000116e-02 3.969040000000000068e-04 1.000000000000000000e+00 1.920209999999999972e-02 1.925659999999999872e-02
1.069090327999999923e+00 1.921388900000000136e-02 3.969970000000000074e-04 1.000000000000000000e+00 1.920670000000000016e-02 1.926129999999999856e-02
1.069446691000000005e+00 1.921928200000000073e-02 3.970930000000000011e-04 1.000000000000000000e+00 1.921180000000000110e-02 1.926649999999999890e-02
1.069803174000000023e+00 1.922481900000000063e-02 3.971900000000000105e-04 1.000000000000000000e+00 1.921720000000000025e-02 1.927200000000000094e-02
1.070159775000000035e+00 1.923034599999999886e-02 3.972879999999999814e-04 1.000000000000000000e+00 1.922280000000000169e-02 1.927769999999999831e-02
1.070516494999999901e+00 1.923570000000000141e-02 3.973839999999999751e-04 1.000000000000000000e+00 1.922839999999999966e-02 1.928339999999999915e-02
1.070873332999999983e+00 1.924073000000000103e-02 3.974779999999999915e-04 1.000000000000000000e+00 1.923369999999999941e-02 1.928879999999999831e-02
1.071230291000000001e+00 1.924531900000000031e-02 3.975699999999999764e-04 1.000000000000000000e+00 1.923880000000000035e-02 1.929389999999999925e-02
1.071587368000000096e+00 1.924939999999999984e-02 3.976590000000000224e-04 1.000000000000000000e+00 1.924330000000000138e-02 1.929849999999999968e-02
1.071944564000000044e+00 1.925297499999999856e-02 3.977440000000000055e-04 1.000000000000000000e+00 1.924729999999999844e-02 1.930269999999999903e-02
1.072301879000000069e+00 1.925611199999999884e-02 3.978259999999999956e-04 1.000000000000000000e+00 1.925090000000000134e-02 1.930629999999999846e-02
1.072659312999999948e+00 1.925894200000000112e-02 3.979049999999999926e-04 1.000000000000000000e+00 1.925409999999999969e-02 1.930959999999999968e-02
1.073016865999999903e+00 1.926162799999999939e-02 3.979820000000000124e-04 1.000000000000000000e+00 1.925719999999999862e-02 1.931269999999999862e-02
1.073374537999999934e+00 1.926433300000000154e-02 3.980559999999999849e-04 1.000000000000000000e+00 1.926020000000000162e-02 1.931580000000000102e-02
1.073732329000000041e+00 1.926717899999999886e-02 3.981279999999999802e-04 1.000000000000000000e+00 1.926320000000000116e-02 1.931889999999999996e-02
1.074090240000000085e+00 1.927021400000000079e-02 3.981999999999999754e-04 1.000000000000000000e+00 1.926639999999999950e-02 1.932220000000000118e-02
1.074448269999999983e+00 1.927339299999999978e-02 3.982699999999999934e-04 1.000000000000000000e+00 1.926970000000000072e-02 1.932549999999999893e-02
1.074806420000000040e+00 1.927659400000000106e-02 3.983389999999999956e-04 1.000000000000000000e+00 1.927299999999999847e-02 1.932889999999999955e-02
1.075164688999999951e+00 1.927965400000000024e-02 3.984069999999999821e-04 1.000000000000000000e+00 1.927629999999999968e-02 1.933230000000000018e-02
1.075523076999999939e+00 1.928241600000000014e-02 3.984740000000000070e-04 1.000000000000000000e+00 1.927939999999999862e-02 1.933539999999999912e-02
1.075881584000000002e+00 1.928477799999999895e-02 3.985379999999999847e-04 1.000000000000000000e+00 1.928209999999999993e-02 1.933819999999999983e-02
1.076240212000000085e+00 1.928669800000000142e-02 3.985999999999999851e-04 1.000000000000000000e+00 1.928430000000000075e-02 1.934059999999999946e-02
1.076598957999999939e+00 1.928817600000000063e-02 3.986600000000000083e-04 1.000000000000000000e+00 1.928600000000000106e-02 1.934249999999999858e-02
1.076957825000000035e+00 1.928920699999999919e-02 3.987190000000000157e-04 1.000000000000000000e+00 1.928730000000000028e-02 1.934380000000000127e-02
1.077316810999999985e+00 1.928975100000000081e-02 3.987759999999999916e-04 1.000000000000000000e+00 1.928799999999999959e-02 1.934469999999999940e-02
1.077675916000000012e+00 1.928973100000000093e-02 3.988309999999999902e-04 1.000000000000000000e+00 1.928830000000000128e-02 1.934510000000000049e-02
1.078035142000000057e+00 1.928908299999999854e-02 3.988849999999999731e-04 1.000000000000000000e+00 1.928809999999999900e-02 1.934510000000000049e-02
1.078394486999999957e+00 1.928783300000000075e-02 3.989339999999999857e-04 1.000000000000000000e+00 1.928739999999999968e-02 1.934450000000000058e-02
1.078753950999999933e+00 1.928616099999999958e-02 3.989800000000000052e-04 1.000000000000000000e+00 1.928629999999999928e-02 1.934359999999999899e-02
1.079113535999999929e+00 1.928441200000000078e-02 3.990220000000000160e-04 1.000000000000000000e+00 1.928509999999999946e-02 1.934249999999999858e-02
1.079473241000000083e+00 1.928302999999999962e-02 3.990609999999999795e-04 1.000000000000000000e+00 1.928380000000000025e-02 1.934140000000000165e-02
1.079833065000000092e+00 1.928242800000000076e-02 3.990999999999999973e-04 1.000000000000000000e+00 1.928300000000000153e-02 1.934069999999999886e-02
1.080193009000000037e+00 1.928285199999999963e-02 3.991409999999999923e-04 1.000000000000000000e+00 1.928289999999999865e-02 1.934059999999999946e-02
1.080553074000000002e+00 1.928427500000000003e-02 3.991879999999999734e-04 1.000000000000000000e+00 1.928360000000000143e-02 1.934129999999999877e-02
1.080913258000000043e+00 1.928639500000000132e-02 3.992399999999999790e-04 1.000000000000000000e+00 1.928509999999999946e-02 1.934280000000000027e-02
1.081273563000000104e+00 1.928871999999999878e-02 3.992949999999999776e-04 1.000000000000000000e+00 1.928710000000000147e-02 1.934490000000000168e-02
1.081633987000000019e+00 1.929071099999999858e-02 3.993499999999999763e-04 1.000000000000000000e+00 1.928929999999999881e-02 1.934709999999999902e-02
1.081994531999999953e+00 1.929193200000000122e-02 3.994019999999999819e-04 1.000000000000000000e+00 1.929130000000000081e-02 1.934920000000000043e-02
1.082355197000000047e+00 1.929214699999999907e-02 3.994469999999999857e-04 1.000000000000000000e+00 1.929279999999999884e-02 1.935059999999999905e-02
1.082715982000000077e+00 1.929133599999999921e-02 3.994819999999999947e-04 1.000000000000000000e+00 1.929350000000000162e-02 1.935129999999999836e-02
1.083076887000000044e+00 1.928964299999999868e-02 3.995049999999999773e-04 1.000000000000000000e+00 1.929339999999999875e-02 1.935129999999999836e-02
1.083437913000000030e+00 1.928731800000000121e-02 3.995170000000000036e-04 1.000000000000000000e+00 1.929269999999999943e-02 1.935049999999999965e-02
1.083799058999999954e+00 1.928468200000000091e-02 3.995180000000000194e-04 1.000000000000000000e+00 1.929149999999999962e-02 1.934929999999999983e-02
1.084160325000000036e+00 1.928214300000000159e-02 3.995100000000000018e-04 1.000000000000000000e+00 1.929000000000000159e-02 1.934769999999999893e-02
1.084521711999999916e+00 1.928023200000000131e-02 3.994959999999999982e-04 1.000000000000000000e+00 1.928859999999999950e-02 1.934630000000000030e-02
1.084883218999999954e+00 1.927960999999999911e-02 3.994800000000000174e-04 1.000000000000000000e+00 1.928780000000000078e-02 1.934529999999999930e-02
1.085244847000000012e+00 1.928098799999999891e-02 3.994690000000000068e-04 1.000000000000000000e+00 1.928790000000000018e-02 1.934529999999999930e-02
1.085606595000000008e+00 1.928495499999999946e-02 3.994709999999999841e-04 1.000000000000000000e+00 1.928969999999999990e-02 1.934690000000000021e-02
1.085968464000000022e+00 1.929176999999999975e-02 3.994909999999999737e-04 1.000000000000000000e+00 1.929350000000000162e-02 1.935049999999999965e-02
1.086330452999999974e+00 1.930120000000000099e-02 3.995340000000000003e-04 1.000000000000000000e+00 1.929969999999999949e-02 1.935649999999999871e-02
1.086692562999999945e+00 1.931250099999999928e-02 3.995979999999999780e-04 1.000000000000000000e+00 1.930820000000000106e-02 1.936480000000000146e-02
1.087054793999999935e+00 1.932456000000000104e-02 3.996800000000000222e-04 1.000000000000000000e+00 1.931849999999999887e-02 1.937490000000000046e-02
1.087417145999999946e+00 1.933616999999999975e-02 3.997679999999999984e-04 1.000000000000000000e+00 1.932980000000000115e-02 1.938600000000000045e-02
1.087779617999999893e+00 1.934634199999999901e-02 3.998539999999999972e-04 1.000000000000000000e+00 1.934119999999999936e-02 1.939710000000000045e-02
1.088142211000000081e+00 1.935452899999999879e-02 3.999259999999999924e-04 1.000000000000000000e+00 1.935169999999999946e-02 1.940729999999999886e-02
1.088504925999999928e+00 1.936068999999999984e-02 3.999799999999999753e-04 1.000000000000000000e+00 1.936080000000000093e-02 1.941609999999999864e-02
1.088867760999999934e+00 1.936519600000000119e-02 4.000130000000000070e-04 1.000000000000000000e+00 1.936809999999999921e-02 1.942299999999999929e-02
1.089230716000000099e+00 1.936860400000000107e-02 4.000280000000000264e-04 1.000000000000000000e+00 1.937380000000000005e-02 1.942839999999999845e-02
1.089593792999999922e+00 1.937142600000000062e-02 4.000289999999999879e-04 1.000000000000000000e+00 1.937820000000000167e-02 1.943239999999999898e-02
1.089956990999999986e+00 1.937397399999999867e-02 4.000210000000000246e-04 1.000000000000000000e+00 1.938159999999999883e-02 1.943550000000000139e-02
1.090320310000000070e+00 1.937634699999999863e-02 4.000079999999999825e-04 1.000000000000000000e+00 1.938449999999999895e-02 1.943800000000000042e-02
1.090683749999999952e+00 1.937853800000000071e-02 3.999920000000000016e-04 1.000000000000000000e+00 1.938710000000000086e-02 1.944020000000000123e-02
1.091047311999999936e+00 1.938059099999999910e-02 3.999739999999999893e-04 1.000000000000000000e+00 1.938950000000000048e-02 1.944219999999999976e-02
1.091410994000000079e+00 1.938269399999999892e-02 3.999539999999999996e-04 1.000000000000000000e+00 1.939170000000000130e-02 1.944399999999999948e-02
1.091774798000000102e+00 1.938515500000000114e-02 3.999340000000000100e-04 1.000000000000000000e+00 1.939400000000000152e-02 1.944589999999999860e-02
1.092138722999999922e+00 1.938825900000000144e-02 3.999170000000000134e-04 1.000000000000000000e+00 1.939650000000000055e-02 1.944800000000000001e-02
1.092502768999999985e+00 1.939207999999999904e-02 3.999049999999999870e-04 1.000000000000000000e+00 1.939930000000000127e-02 1.945049999999999904e-02
1.092866936000000067e+00 1.939638700000000104e-02 3.999019999999999940e-04 1.000000000000000000e+00 1.940259999999999901e-02 1.945339999999999916e-02
1.093231225000000029e+00 1.940066999999999833e-02 3.999049999999999870e-04 1.000000000000000000e+00 1.940599999999999964e-02 1.945639999999999870e-02
1.093595636000000093e+00 1.940433100000000036e-02 3.999130000000000046e-04 1.000000000000000000e+00 1.940920000000000145e-02 1.945940000000000170e-02
1.093960167999999955e+00 1.940690399999999913e-02 3.999240000000000152e-04 1.000000000000000000e+00 1.941170000000000048e-02 1.946169999999999844e-02
1.094324821000000059e+00 1.940819200000000119e-02 3.999329999999999942e-04 1.000000000000000000e+00 1.941330000000000139e-02 1.946300000000000113e-02
1.094689596000000043e+00 1.940823599999999885e-02 3.999410000000000118e-04 1.000000000000000000e+00 1.941369999999999901e-02 1.946319999999999995e-02
1.095054492999999907e+00 1.940715000000000148e-02 3.999469999999999978e-04 1.000000000000000000e+00 1.941280000000000089e-02 1.946229999999999835e-02
1.095419511000000012e+00 1.940487399999999904e-02 3.999499999999999908e-04 1.000000000000000000e+00 1.941089999999999829e-02 1.946029999999999982e-02
1.095784650999999998e+00 1.940102900000000019e-02 3.999510000000000066e-04 1.000000000000000000e+00 1.940779999999999936e-02 1.945720000000000088e-02
1.096149912000000004e+00 1.939493999999999940e-02 3.999440000000000048e-04 1.000000000000000000e+00 1.940329999999999833e-02 1.945279999999999926e-02
1.096515294999999890e+00 1.938583500000000057e-02 3.999210000000000221e-04 1.000000000000000000e+00 1.939690000000000164e-02 1.944639999999999910e-02
1.096880800999999961e+00 1.937315499999999954e-02 3.998750000000000026e-04 1.000000000000000000e+00 1.938809999999999839e-02 1.943769999999999873e-02
1.097246428000000051e+00 1.935683300000000037e-02 3.997989999999999986e-04 1.000000000000000000e+00 1.937639999999999849e-02 1.942599999999999882e-02
1.097612175999999939e+00 1.933744899999999961e-02 3.996890000000000013e-04 1.000000000000000000e+00 1.936169999999999905e-02 1.941139999999999879e-02
1.097978047000000013e+00 1.931617399999999846e-02 3.995469999999999881e-04 1.000000000000000000e+00 1.934440000000000118e-02 1.939400000000000152e-02
1.098344039999999966e+00 1.929455299999999901e-02 3.993819999999999922e-04 1.000000000000000000e+00 1.932520000000000071e-02 1.937480000000000105e-02
1.098710153999999939e+00 1.927417099999999966e-02 3.992059999999999858e-04 1.000000000000000000e+00 1.930530000000000093e-02 1.935490000000000127e-02
1.099076391000000097e+00 1.925630399999999839e-02 3.990330000000000266e-04 1.000000000000000000e+00 1.928590000000000165e-02 1.933539999999999912e-02
1.099442749999999913e+00 1.924166299999999913e-02 3.988770000000000098e-04 1.000000000000000000e+00 1.926819999999999922e-02 1.931760000000000074e-02
1.099809231000000054e+00 1.923028400000000027e-02 3.987470000000000229e-04 1.000000000000000000e+00 1.925280000000000047e-02 1.930219999999999853e-02
1.100175834000000075e+00 1.922160200000000083e-02 3.986460000000000047e-04 1.000000000000000000e+00 1.924000000000000016e-02 1.928940000000000168e-02
1.100542558999999976e+00 1.921467199999999861e-02 3.985729999999999937e-04 1.000000000000000000e+00 1.922950000000000007e-02 1.927890000000000159e-02
1.100909407000000062e+00 1.920845800000000117e-02 3.985230000000000196e-04 1.000000000000000000e+00 1.922079999999999969e-02 1.927020000000000122e-02
1.101276377000000029e+00 1.920207599999999848e-02 3.984859999999999791e-04 1.000000000000000000e+00 1.921300000000000091e-02 1.926249999999999837e-02
1.101643469000000097e+00 1.919494000000000061e-02 3.984559999999999946e-04 1.000000000000000000e+00 1.920550000000000035e-02 1.925510000000000069e-02
1.102010683000000046e+00 1.918674800000000000e-02 3.984260000000000102e-04 1.000000000000000000e+00 1.919759999999999869e-02 1.924729999999999844e-02
1.102378019999999959e+00 1.917738600000000113e-02 3.983929999999999785e-04 1.000000000000000000e+00 1.918900000000000119e-02 1.923889999999999975e-02
1.102745478999999973e+00 1.916681300000000129e-02 3.983519999999999834e-04 1.000000000000000000e+00 1.917949999999999863e-02 1.922950000000000007e-02
1.103113060999999950e+00 1.915498800000000126e-02 3.983030000000000251e-04 1.000000000000000000e+00 1.916899999999999854e-02 1.921909999999999938e-02
1.103480765999999891e+00 1.914189700000000147e-02 3.982440000000000177e-04 1.000000000000000000e+00 1.915750000000000092e-02 1.920780000000000057e-02
1.103848592000000073e+00 1.912761400000000112e-02 3.981720000000000224e-04 1.000000000000000000e+00 1.914499999999999882e-02 1.919540000000000135e-02
1.104216542000000079e+00 1.911236200000000079e-02 3.980869999999999851e-04 1.000000000000000000e+00 1.913170000000000148e-02 1.918219999999999995e-02
1.104584613999999965e+00 1.909652900000000098e-02 3.979890000000000142e-04 1.000000000000000000e+00 1.911759999999999848e-02 1.916810000000000042e-02
1.104952809000000036e+00 1.908055499999999904e-02 3.978790000000000169e-04 1.000000000000000000e+00 1.910299999999999845e-02 1.915359999999999979e-02
1.105321127000000070e+00 1.906479200000000054e-02 3.977599999999999864e-04 1.000000000000000000e+00 1.908819999999999961e-02 1.913870000000000154e-02
1.105689566999999984e+00 1.904932999999999974e-02 3.976359999999999856e-04 1.000000000000000000e+00 1.907330000000000136e-02 1.912379999999999983e-02
1.106058130000000084e+00 1.903393700000000077e-02 3.975079999999999759e-04 1.000000000000000000e+00 1.905839999999999965e-02 1.910890000000000158e-02
1.106426815999999924e+00 1.901805499999999899e-02 3.973760000000000118e-04 1.000000000000000000e+00 1.904329999999999912e-02 1.909370000000000164e-02
1.106795624999999950e+00 1.900093500000000005e-02 3.972359999999999758e-04 1.000000000000000000e+00 1.902759999999999868e-02 1.907789999999999833e-02
1.107164556999999938e+00 1.898174199999999937e-02 3.970819999999999905e-04 1.000000000000000000e+00 1.901069999999999843e-02 1.906100000000000155e-02
1.107533611999999890e+00 1.895960799999999932e-02 3.969080000000000156e-04 1.000000000000000000e+00 1.899199999999999847e-02 1.904209999999999930e-02
1.107902790000000026e+00 1.893360700000000160e-02 3.967050000000000177e-04 1.000000000000000000e+00 1.897060000000000066e-02 1.902070000000000149e-02
1.108272090999999904e+00 1.890268999999999977e-02 3.964630000000000020e-04 1.000000000000000000e+00 1.894569999999999935e-02 1.899560000000000137e-02
1.108641514999999966e+00 1.886562899999999834e-02 3.961729999999999896e-04 1.000000000000000000e+00 1.891620000000000107e-02 1.896600000000000022e-02
1.109011061999999992e+00 1.882109400000000002e-02 3.958209999999999767e-04 1.000000000000000000e+00 1.888089999999999907e-02 1.893049999999999941e-02
1.109380731999999981e+00 1.876782899999999976e-02 3.953970000000000228e-04 1.000000000000000000e+00 1.883840000000000167e-02 1.888789999999999913e-02
1.109750526000000015e+00 1.870476000000000083e-02 3.948889999999999931e-04 1.000000000000000000e+00 1.878760000000000152e-02 1.883680000000000077e-02
1.110120443000000012e+00 1.863103799999999907e-02 3.942859999999999854e-04 1.000000000000000000e+00 1.872729999999999881e-02 1.877639999999999865e-02
1.110490482999999973e+00 1.854601599999999850e-02 3.935820000000000139e-04 1.000000000000000000e+00 1.865669999999999829e-02 1.870559999999999931e-02
1.110860645999999896e+00 1.844916300000000106e-02 3.927669999999999751e-04 1.000000000000000000e+00 1.857510000000000064e-02 1.862379999999999938e-02
1.111230933000000087e+00 1.834012299999999984e-02 3.918360000000000072e-04 1.000000000000000000e+00 1.848210000000000131e-02 1.853060000000000124e-02
1.111601344000000102e+00 1.821867900000000151e-02 3.907820000000000000e-04 1.000000000000000000e+00 1.837739999999999860e-02 1.842560000000000031e-02
1.111971876999999997e+00 1.808473199999999920e-02 3.896009999999999990e-04 1.000000000000000000e+00 1.826059999999999836e-02 1.830870000000000067e-02
1.112342535000000021e+00 1.793801299999999918e-02 3.882860000000000022e-04 1.000000000000000000e+00 1.813170000000000059e-02 1.817950000000000121e-02
1.112713314999999925e+00 1.777764100000000028e-02 3.868310000000000238e-04 1.000000000000000000e+00 1.799020000000000133e-02 1.803770000000000026e-02
1.113084219999999958e+00 1.760197200000000045e-02 3.852230000000000216e-04 1.000000000000000000e+00 1.783519999999999897e-02 1.788230000000000028e-02
1.113455247999999953e+00 1.740900800000000012e-02 3.834439999999999832e-04 1.000000000000000000e+00 1.766529999999999836e-02 1.771199999999999858e-02
1.113826399999999994e+00 1.719757900000000103e-02 3.814760000000000048e-04 1.000000000000000000e+00 1.747869999999999979e-02 1.752499999999999891e-02
1.114197674999999998e+00 1.696917300000000059e-02 3.793080000000000214e-04 1.000000000000000000e+00 1.727489999999999928e-02 1.732059999999999850e-02
1.114569074000000048e+00 1.672944700000000146e-02 3.769530000000000211e-04 1.000000000000000000e+00 1.705519999999999953e-02 1.710040000000000171e-02
1.114940596999999922e+00 1.648875899999999867e-02 3.744619999999999936e-04 1.000000000000000000e+00 1.682459999999999858e-02 1.686920000000000086e-02
1.115312244000000064e+00 1.626085299999999872e-02 3.719290000000000096e-04 1.000000000000000000e+00 1.659189999999999970e-02 1.663589999999999861e-02
1.115684015000000029e+00 1.605994200000000066e-02 3.694810000000000086e-04 1.000000000000000000e+00 1.636840000000000170e-02 1.641190000000000010e-02
1.116055910000000040e+00 1.589692900000000061e-02 3.672559999999999952e-04 1.000000000000000000e+00 1.616650000000000031e-02 1.620939999999999881e-02
1.116427928000000014e+00 1.577633399999999950e-02 3.653710000000000226e-04 1.000000000000000000e+00 1.599580000000000099e-02 1.603829999999999839e-02
1.116800070999999894e+00 1.569498199999999968e-02 3.638879999999999827e-04 1.000000000000000000e+00 1.586150000000000060e-02 1.590360000000000038e-02
1.117172338000000043e+00 1.564299400000000034e-02 3.628009999999999981e-04 1.000000000000000000e+00 1.576260000000000161e-02 1.580439999999999970e-02
1.117544727999999932e+00 1.560668299999999967e-02 3.620370000000000033e-04 1.000000000000000000e+00 1.569229999999999930e-02 1.573389999999999858e-02
1.117917242999999949e+00 1.557198899999999962e-02 3.614789999999999995e-04 1.000000000000000000e+00 1.564010000000000053e-02 1.568160000000000040e-02
1.118289882000000013e+00 1.552723200000000019e-02 3.609940000000000067e-04 1.000000000000000000e+00 1.559439999999999958e-02 1.563579999999999831e-02
1.118662645999999983e+00 1.546424400000000025e-02 3.604589999999999856e-04 1.000000000000000000e+00 1.554439999999999988e-02 1.558569999999999921e-02
1.119035532999999916e+00 1.537816799999999935e-02 3.597779999999999967e-04 1.000000000000000000e+00 1.548159999999999988e-02 1.552270000000000039e-02
1.119408544999999977e+00 1.526677199999999963e-02 3.588819999999999836e-04 1.000000000000000000e+00 1.539989999999999935e-02 1.544090000000000046e-02
1.119781681000000084e+00 1.513026800000000054e-02 3.577289999999999897e-04 1.000000000000000000e+00 1.529609999999999997e-02 1.533679999999999939e-02
1.120154942000000098e+00 1.497206499999999968e-02 3.563109999999999975e-04 1.000000000000000000e+00 1.516930000000000014e-02 1.520980000000000075e-02
1.120528326999999935e+00 1.479988599999999994e-02 3.546530000000000212e-04 1.000000000000000000e+00 1.502230000000000058e-02 1.506249999999999950e-02
1.120901836000000040e+00 1.462621599999999918e-02 3.528259999999999860e-04 1.000000000000000000e+00 1.486129999999999916e-02 1.490119999999999986e-02
1.121275470000000052e+00 1.446692599999999974e-02 3.509520000000000239e-04 1.000000000000000000e+00 1.469709999999999940e-02 1.473660000000000074e-02
1.121649228999999970e+00 1.433790100000000012e-02 3.491880000000000049e-04 1.000000000000000000e+00 1.454300000000000037e-02 1.458220000000000002e-02
1.122023111999999934e+00 1.425066799999999932e-02 3.476980000000000175e-04 1.000000000000000000e+00 1.441259999999999937e-02 1.445160000000000021e-02
1.122397120000000026e+00 1.420864699999999960e-02 3.466100000000000170e-04 1.000000000000000000e+00 1.431649999999999937e-02 1.435529999999999966e-02
1.122771251999999942e+00 1.420598399999999963e-02 3.459809999999999795e-04 1.000000000000000000e+00 1.425880000000000029e-02 1.429760000000000059e-02
1.123145508999999986e+00 1.422963000000000006e-02 3.457779999999999816e-04 1.000000000000000000e+00 1.423669999999999970e-02 1.427559999999999940e-02
1.123519890999999937e+00 1.426408699999999995e-02 3.458949999999999807e-04 1.000000000000000000e+00 1.424130000000000014e-02 1.428029999999999924e-02
1.123894396999999934e+00 1.429690800000000053e-02 3.461909999999999792e-04 1.000000000000000000e+00 1.426089999999999997e-02 1.430009999999999962e-02
1.124269028999999920e+00 1.432264200000000001e-02 3.465450000000000236e-04 1.000000000000000000e+00 1.428530000000000078e-02 1.432469999999999924e-02
1.124643784999999951e+00 1.434357099999999940e-02 3.468869999999999875e-04 1.000000000000000000e+00 1.430889999999999940e-02 1.434850000000000014e-02
1.125018666999999972e+00 1.436718199999999918e-02 3.472169999999999792e-04 1.000000000000000000e+00 1.433159999999999989e-02 1.437130000000000005e-02
1.125393673000000039e+00 1.440180299999999948e-02 3.475840000000000114e-04 1.000000000000000000e+00 1.435759999999999988e-02 1.439750000000000058e-02
1.125768804000000012e+00 1.445254800000000082e-02 3.480530000000000234e-04 1.000000000000000000e+00 1.439239999999999964e-02 1.443249999999999915e-02
1.126144059999999891e+00 1.451956700000000058e-02 3.486699999999999804e-04 1.000000000000000000e+00 1.443999999999999971e-02 1.448029999999999977e-02
1.126519441999999982e+00 1.459917699999999964e-02 3.494460000000000014e-04 1.000000000000000000e+00 1.450139999999999936e-02 1.454189999999999997e-02
1.126894947999999896e+00 1.468700099999999988e-02 3.503560000000000181e-04 1.000000000000000000e+00 1.457460000000000006e-02 1.461540000000000061e-02
1.127270580000000022e+00 1.478146200000000042e-02 3.513699999999999918e-04 1.000000000000000000e+00 1.465739999999999925e-02 1.469840000000000035e-02
1.127646337000000054e+00 1.488581100000000053e-02 3.524789999999999976e-04 1.000000000000000000e+00 1.474890000000000055e-02 1.479010000000000047e-02
1.128022218999999993e+00 1.500750099999999948e-02 3.537109999999999885e-04 1.000000000000000000e+00 1.485159999999999952e-02 1.489299999999999999e-02
1.128398226000000060e+00 1.515512400000000072e-02 3.551289999999999807e-04 1.000000000000000000e+00 1.497090000000000053e-02 1.501259999999999921e-02
1.128774358999999894e+00 1.533389100000000053e-02 3.568059999999999852e-04 1.000000000000000000e+00 1.511310000000000084e-02 1.515520000000000062e-02
1.129150617000000079e+00 1.554095399999999919e-02 3.587819999999999811e-04 1.000000000000000000e+00 1.528209999999999985e-02 1.532449999999999958e-02
1.129526999999999948e+00 1.576231000000000160e-02 3.610239999999999912e-04 1.000000000000000000e+00 1.547499999999999917e-02 1.551789999999999940e-02
1.129903509000000028e+00 1.597231899999999871e-02 3.633959999999999881e-04 1.000000000000000000e+00 1.568059999999999940e-02 1.572389999999999899e-02
1.130280144000000098e+00 1.613648599999999850e-02 3.656539999999999790e-04 1.000000000000000000e+00 1.587739999999999985e-02 1.592119999999999994e-02
1.130656904000000074e+00 1.621718800000000044e-02 3.674719999999999809e-04 1.000000000000000000e+00 1.603639999999999927e-02 1.608060000000000045e-02
1.131033790000000039e+00 1.618135700000000038e-02 3.684900000000000176e-04 1.000000000000000000e+00 1.612519999999999926e-02 1.616949999999999985e-02
1.131410800999999910e+00 1.600862499999999855e-02 3.683790000000000046e-04 1.000000000000000000e+00 1.611419999999999866e-02 1.615830000000000044e-02
1.131787937999999993e+00 1.569796600000000070e-02 3.669130000000000156e-04 1.000000000000000000e+00 1.598350000000000118e-02 1.602709999999999899e-02
1.132165201000000065e+00 1.527136400000000081e-02 3.640250000000000256e-04 1.000000000000000000e+00 1.572899999999999993e-02 1.577179999999999901e-02
1.132542589000000044e+00 1.477328999999999969e-02 3.598580000000000095e-04 1.000000000000000000e+00 1.536599999999999945e-02 1.540760000000000046e-02
1.132920103000000012e+00 1.426565399999999914e-02 3.547770000000000220e-04 1.000000000000000000e+00 1.492940000000000066e-02 1.496959999999999957e-02
1.133297742999999969e+00 1.381855799999999988e-02 3.493559999999999938e-04 1.000000000000000000e+00 1.447069999999999954e-02 1.450940000000000042e-02
1.133675508999999915e+00 1.349850900000000055e-02 3.443089999999999996e-04 1.000000000000000000e+00 1.404990000000000058e-02 1.408730000000000052e-02
1.134053401000000072e+00 1.335609299999999944e-02 3.403829999999999833e-04 1.000000000000000000e+00 1.372680000000000081e-02 1.376310000000000033e-02
1.134431418999999996e+00 1.341622299999999969e-02 3.382160000000000158e-04 1.000000000000000000e+00 1.354969999999999959e-02 1.358520000000000040e-02
1.134809562999999910e+00 1.367332199999999991e-02 3.381910000000000016e-04 1.000000000000000000e+00 1.354690000000000061e-02 1.358200000000000032e-02
1.135187831999999952e+00 1.409301800000000056e-02 3.403470000000000128e-04 1.000000000000000000e+00 1.372160000000000046e-02 1.375679999999999958e-02
1.135566228000000066e+00 1.462002100000000041e-02 3.443780000000000018e-04 1.000000000000000000e+00 1.405179999999999971e-02 1.408749999999999933e-02
1.135944749999999948e+00 1.519002499999999936e-02 3.497209999999999945e-04 1.000000000000000000e+00 1.449590000000000080e-02 1.453229999999999973e-02
1.136323398999999901e+00 1.574234199999999945e-02 3.557009999999999881e-04 1.000000000000000000e+00 1.500100000000000044e-02 1.503829999999999924e-02
1.136702172999999982e+00 1.622993000000000005e-02 3.616720000000000026e-04 1.000000000000000000e+00 1.551400000000000001e-02 1.555199999999999985e-02
1.137081073999999914e+00 1.662462300000000157e-02 3.671230000000000153e-04 1.000000000000000000e+00 1.598959999999999965e-02 1.602829999999999880e-02
1.137460101000000057e+00 1.691705300000000134e-02 3.717260000000000117e-04 1.000000000000000000e+00 1.639639999999999848e-02 1.643570000000000100e-02
1.137839253999999967e+00 1.711274200000000023e-02 3.753350000000000241e-04 1.000000000000000000e+00 1.671840000000000132e-02 1.675820000000000087e-02
1.138218533999999948e+00 1.722639700000000093e-02 3.779540000000000070e-04 1.000000000000000000e+00 1.695330000000000101e-02 1.699339999999999878e-02
1.138597939999999920e+00 1.727660199999999854e-02 3.796870000000000258e-04 1.000000000000000000e+00 1.710870000000000099e-02 1.714879999999999877e-02
1.138977472999999963e+00 1.728208599999999859e-02 3.806899999999999889e-04 1.000000000000000000e+00 1.719760000000000039e-02 1.723790000000000044e-02
1.139357131999999995e+00 1.725973700000000069e-02 3.811430000000000200e-04 1.000000000000000000e+00 1.723579999999999904e-02 1.727609999999999910e-02
1.139736918000000099e+00 1.722348400000000071e-02 3.812169999999999925e-04 1.000000000000000000e+00 1.723850000000000035e-02 1.727899999999999922e-02
1.140116829999999970e+00 1.718338000000000157e-02 3.810619999999999914e-04 1.000000000000000000e+00 1.721970000000000098e-02 1.726039999999999866e-02
1.140496868999999913e+00 1.714449900000000054e-02 3.807959999999999774e-04 1.000000000000000000e+00 1.718969999999999873e-02 1.723070000000000157e-02
1.140877034999999928e+00 1.710598199999999874e-02 3.804850000000000137e-04 1.000000000000000000e+00 1.715490000000000070e-02 1.719640000000000057e-02
1.141257326999999933e+00 1.706110799999999844e-02 3.801410000000000184e-04 1.000000000000000000e+00 1.711640000000000036e-02 1.715840000000000073e-02
1.141637746000000009e+00 1.699903399999999967e-02 3.797170000000000102e-04 1.000000000000000000e+00 1.707010000000000124e-02 1.711259999999999865e-02
1.142018291999999935e+00 1.690804799999999844e-02 3.791239999999999975e-04 1.000000000000000000e+00 1.700820000000000110e-02 1.705119999999999900e-02
1.142398964999999933e+00 1.677974299999999974e-02 3.782580000000000230e-04 1.000000000000000000e+00 1.692159999999999845e-02 1.696510000000000032e-02
1.142779763999999920e+00 1.661249000000000059e-02 3.770369999999999885e-04 1.000000000000000000e+00 1.680320000000000077e-02 1.684710000000000027e-02
1.143160691000000062e+00 1.641308400000000139e-02 3.754329999999999950e-04 1.000000000000000000e+00 1.665109999999999854e-02 1.669510000000000091e-02
1.143541743999999971e+00 1.619593600000000105e-02 3.734920000000000080e-04 1.000000000000000000e+00 1.646970000000000031e-02 1.651379999999999862e-02
1.143922925000000035e+00 1.598016799999999946e-02 3.713310000000000265e-04 1.000000000000000000e+00 1.626999999999999974e-02 1.631399999999999864e-02
1.144304232999999948e+00 1.578571299999999983e-02 3.691219999999999940e-04 1.000000000000000000e+00 1.606729999999999964e-02 1.611129999999999854e-02
1.144685667000000073e+00 1.562975700000000107e-02 3.670580000000000218e-04 1.000000000000000000e+00 1.587879999999999847e-02 1.592270000000000144e-02
1.145067228999999909e+00 1.552425800000000085e-02 3.653220000000000100e-04 1.000000000000000000e+00 1.572020000000000015e-02 1.576400000000000023e-02
1.145448918000000038e+00 1.547497200000000003e-02 3.640609999999999962e-04 1.000000000000000000e+00 1.560379999999999927e-02 1.564760000000000109e-02
1.145830735000000100e+00 1.548132399999999943e-02 3.633619999999999949e-04 1.000000000000000000e+00 1.553659999999999937e-02 1.558060000000000000e-02
1.146212677999999929e+00 1.553700899999999920e-02 3.632490000000000046e-04 1.000000000000000000e+00 1.552049999999999957e-02 1.556470000000000076e-02
1.146594748999999913e+00 1.563100900000000126e-02 3.636789999999999988e-04 1.000000000000000000e+00 1.555169999999999990e-02 1.559619999999999930e-02
1.146976946999999969e+00 1.574917400000000120e-02 3.645559999999999838e-04 1.000000000000000000e+00 1.562179999999999992e-02 1.566680000000000156e-02
1.147359272999999957e+00 1.587647099999999964e-02 3.657430000000000251e-04 1.000000000000000000e+00 1.571950000000000083e-02 1.576500000000000123e-02
1.147741726000000018e+00 1.599969399999999833e-02 3.670899999999999836e-04 1.000000000000000000e+00 1.583160000000000123e-02 1.587759999999999866e-02
1.148124307000000011e+00 1.610979400000000020e-02 3.684569999999999859e-04 1.000000000000000000e+00 1.594620000000000065e-02 1.599269999999999858e-02
1.148507015000000075e+00 1.620308499999999902e-02 3.697409999999999824e-04 1.000000000000000000e+00 1.605430000000000051e-02 1.610119999999999954e-02
1.148889851000000073e+00 1.628065100000000015e-02 3.708860000000000130e-04 1.000000000000000000e+00 1.615079999999999988e-02 1.619810000000000000e-02
1.149272813999999920e+00 1.634642799999999965e-02 3.718789999999999813e-04 1.000000000000000000e+00 1.623480000000000062e-02 1.628239999999999896e-02
1.149655904999999922e+00 1.640471500000000027e-02 3.727399999999999854e-04 1.000000000000000000e+00 1.630780000000000077e-02 1.635560000000000139e-02
1.150039122999999996e+00 1.645846200000000009e-02 3.735000000000000256e-04 1.000000000000000000e+00 1.637239999999999876e-02 1.642050000000000107e-02
1.150422470000000086e+00 1.650891900000000037e-02 3.741859999999999848e-04 1.000000000000000000e+00 1.643100000000000116e-02 1.647919999999999940e-02
1.150805944000000025e+00 1.655658399999999919e-02 3.748140000000000065e-04 1.000000000000000000e+00 1.648499999999999965e-02 1.653340000000000018e-02
1.151189545999999897e+00 1.660267500000000077e-02 3.753979999999999860e-04 1.000000000000000000e+00 1.653550000000000159e-02 1.658400000000000152e-02
1.151573275999999924e+00 1.665010399999999890e-02 3.759599999999999986e-04 1.000000000000000000e+00 1.658400000000000152e-02 1.663260000000000086e-02
1.151957133000000022e+00 1.670331800000000172e-02 3.765299999999999745e-04 1.000000000000000000e+00 1.663320000000000076e-02 1.668189999999999951e-02
1.152341118999999914e+00 1.676716400000000107e-02 3.771539999999999875e-04 1.000000000000000000e+00 1.668690000000000104e-02 1.673569999999999919e-02
1.152725232999999960e+00 1.684530700000000034e-02 3.778780000000000030e-04 1.000000000000000000e+00 1.674900000000000000e-02 1.679809999999999984e-02
1.153109474999999939e+00 1.693903800000000001e-02 3.787400000000000228e-04 1.000000000000000000e+00 1.682289999999999827e-02 1.687229999999999980e-02
1.153493843999999990e+00 1.704692000000000013e-02 3.797580000000000053e-04 1.000000000000000000e+00 1.691020000000000023e-02 1.695999999999999938e-02
1.153878342000000057e+00 1.716527699999999962e-02 3.809239999999999870e-04 1.000000000000000000e+00 1.701050000000000131e-02 1.706059999999999868e-02
1.154262968999999917e+00 1.728920499999999846e-02 3.822079999999999835e-04 1.000000000000000000e+00 1.712119999999999961e-02 1.717180000000000095e-02
1.154647723000000070e+00 1.741359799999999888e-02 3.835660000000000068e-04 1.000000000000000000e+00 1.723869999999999916e-02 1.728990000000000041e-02
1.155032604999999934e+00 1.753393500000000049e-02 3.849479999999999742e-04 1.000000000000000000e+00 1.735870000000000121e-02 1.741039999999999949e-02
1.155417616000000036e+00 1.764666299999999993e-02 3.863049999999999817e-04 1.000000000000000000e+00 1.747699999999999948e-02 1.752930000000000113e-02
1.155802755999999931e+00 1.774937399999999832e-02 3.875989999999999731e-04 1.000000000000000000e+00 1.758989999999999859e-02 1.764270000000000074e-02
1.156188022999999898e+00 1.784086600000000036e-02 3.888000000000000180e-04 1.000000000000000000e+00 1.769480000000000011e-02 1.774799999999999989e-02
1.156573419000000102e+00 1.792114100000000154e-02 3.898910000000000114e-04 1.000000000000000000e+00 1.778980000000000145e-02 1.784350000000000172e-02
1.156958944000000100e+00 1.799135400000000107e-02 3.908699999999999761e-04 1.000000000000000000e+00 1.787460000000000090e-02 1.792869999999999880e-02
1.157344597000000030e+00 1.805361899999999992e-02 3.917430000000000066e-04 1.000000000000000000e+00 1.794969999999999899e-02 1.800420000000000145e-02
1.157730377999999893e+00 1.811066700000000043e-02 3.925290000000000224e-04 1.000000000000000000e+00 1.801679999999999948e-02 1.807169999999999957e-02
1.158116287999999994e+00 1.816544800000000071e-02 3.932510000000000064e-04 1.000000000000000000e+00 1.807819999999999913e-02 1.813340000000000091e-02
1.158502327000000109e+00 1.822072799999999854e-02 3.939370000000000198e-04 1.000000000000000000e+00 1.813640000000000044e-02 1.819199999999999984e-02
1.158888493999999936e+00 1.827878600000000173e-02 3.946110000000000069e-04 1.000000000000000000e+00 1.819420000000000065e-02 1.824999999999999886e-02
1.159274791000000082e+00 1.834125099999999939e-02 3.952979999999999819e-04 1.000000000000000000e+00 1.825359999999999830e-02 1.830970000000000167e-02
1.159661215999999939e+00 1.840897699999999998e-02 3.960130000000000182e-04 1.000000000000000000e+00 1.831620000000000123e-02 1.837259999999999935e-02
1.160047768999999951e+00 1.848196499999999950e-02 3.967700000000000111e-04 1.000000000000000000e+00 1.838309999999999944e-02 1.843979999999999925e-02
1.160434452000000061e+00 1.855933300000000077e-02 3.975699999999999764e-04 1.000000000000000000e+00 1.845439999999999928e-02 1.851140000000000077e-02
1.160821263000000103e+00 1.863928899999999986e-02 3.984099999999999751e-04 1.000000000000000000e+00 1.852950000000000083e-02 1.858680000000000054e-02
1.161208204000000022e+00 1.871925899999999851e-02 3.992760000000000037e-04 1.000000000000000000e+00 1.860699999999999854e-02 1.866459999999999994e-02
1.161595273000000095e+00 1.879607599999999837e-02 4.001480000000000184e-04 1.000000000000000000e+00 1.868480000000000141e-02 1.874270000000000103e-02
1.161982472000000044e+00 1.886635899999999921e-02 4.009959999999999805e-04 1.000000000000000000e+00 1.876030000000000059e-02 1.881849999999999842e-02
1.162369798999999926e+00 1.892697000000000129e-02 4.017900000000000139e-04 1.000000000000000000e+00 1.883050000000000002e-02 1.888909999999999895e-02
1.162757255999999906e+00 1.897553399999999876e-02 4.024979999999999942e-04 1.000000000000000000e+00 1.889259999999999898e-02 1.895149999999999960e-02
1.163144841000000040e+00 1.901093800000000153e-02 4.030959999999999773e-04 1.000000000000000000e+00 1.894440000000000013e-02 1.900359999999999897e-02
1.163532556000000051e+00 1.903368800000000000e-02 4.035700000000000138e-04 1.000000000000000000e+00 1.898460000000000078e-02 1.904399999999999843e-02
1.163920400999999938e+00 1.904598600000000086e-02 4.039199999999999952e-04 1.000000000000000000e+00 1.901320000000000093e-02 1.907280000000000086e-02
1.164308373999999979e+00 1.905146300000000112e-02 4.041620000000000108e-04 1.000000000000000000e+00 1.903159999999999921e-02 1.909140000000000142e-02
1.164696476999999897e+00 1.905454399999999965e-02 4.043270000000000067e-04 1.000000000000000000e+00 1.904279999999999862e-02 1.910270000000000024e-02
1.165084709000000052e+00 1.905960599999999977e-02 4.044529999999999848e-04 1.000000000000000000e+00 1.905019999999999977e-02 1.911020000000000080e-02
1.165473071000000083e+00 1.907008699999999946e-02 4.045820000000000102e-04 1.000000000000000000e+00 1.905770000000000033e-02 1.911790000000000017e-02
1.165861561999999907e+00 1.908784900000000048e-02 4.047470000000000061e-04 1.000000000000000000e+00 1.906860000000000152e-02 1.912890000000000076e-02
1.166250181999999969e+00 1.911292800000000125e-02 4.049699999999999936e-04 1.000000000000000000e+00 1.908489999999999839e-02 1.914530000000000051e-02
1.166638931999999906e+00 1.914375600000000135e-02 4.052559999999999973e-04 1.000000000000000000e+00 1.910720000000000127e-02 1.916779999999999873e-02
1.167027811999999942e+00 1.917771299999999901e-02 4.055980000000000154e-04 1.000000000000000000e+00 1.913480000000000042e-02 1.919550000000000076e-02
1.167416820999999993e+00 1.921185599999999938e-02 4.059740000000000267e-04 1.000000000000000000e+00 1.916570000000000079e-02 1.922669999999999935e-02
1.167805959999999921e+00 1.924356300000000172e-02 4.063609999999999943e-04 1.000000000000000000e+00 1.919780000000000098e-02 1.925889999999999894e-02
1.168195228999999946e+00 1.927094700000000008e-02 4.067349999999999742e-04 1.000000000000000000e+00 1.922849999999999906e-02 1.928979999999999931e-02
1.168584626999999987e+00 1.929294399999999937e-02 4.070759999999999765e-04 1.000000000000000000e+00 1.925599999999999881e-02 1.931750000000000134e-02
1.168974154999999904e+00 1.930915899999999935e-02 4.073719999999999750e-04 1.000000000000000000e+00 1.927900000000000100e-02 1.934069999999999886e-02
1.169363812999999919e+00 1.931955800000000056e-02 4.076169999999999837e-04 1.000000000000000000e+00 1.929679999999999937e-02 1.935869999999999952e-02
1.169753601000000032e+00 1.932415700000000153e-02 4.078080000000000095e-04 1.000000000000000000e+00 1.930909999999999918e-02 1.937120000000000161e-02
1.170143519000000021e+00 1.932286100000000020e-02 4.079430000000000209e-04 1.000000000000000000e+00 1.931580000000000102e-02 1.937799999999999939e-02
1.170533567000000108e+00 1.931547499999999862e-02 4.080190000000000249e-04 1.000000000000000000e+00 1.931669999999999915e-02 1.937919999999999920e-02
1.170923745000000071e+00 1.930196400000000131e-02 4.080339999999999900e-04 1.000000000000000000e+00 1.931189999999999990e-02 1.937449999999999936e-02
1.171314052999999911e+00 1.928283800000000006e-02 4.079870000000000089e-04 1.000000000000000000e+00 1.930139999999999981e-02 1.936409999999999867e-02
1.171704491000000070e+00 1.925953500000000124e-02 4.078800000000000047e-04 1.000000000000000000e+00 1.928569999999999937e-02 1.934850000000000111e-02
1.172095059000000106e+00 1.923460499999999837e-02 4.077260000000000194e-04 1.000000000000000000e+00 1.926599999999999840e-02 1.932889999999999955e-02
1.172485757000000017e+00 1.921150500000000025e-02 4.075449999999999884e-04 1.000000000000000000e+00 1.924460000000000059e-02 1.930739999999999887e-02
1.172876586000000110e+00 1.919397600000000148e-02 4.073680000000000205e-04 1.000000000000000000e+00 1.922410000000000091e-02 1.928679999999999978e-02
1.173267545000000078e+00 1.918511300000000017e-02 4.072279999999999845e-04 1.000000000000000000e+00 1.920770000000000116e-02 1.927030000000000062e-02
1.173658633999999923e+00 1.918640599999999960e-02 4.071559999999999893e-04 1.000000000000000000e+00 1.919790000000000038e-02 1.926040000000000044e-02
1.174049853000000088e+00 1.919711500000000071e-02 4.071699999999999929e-04 1.000000000000000000e+00 1.919639999999999888e-02 1.925879999999999953e-02
1.174441202999999989e+00 1.921428500000000109e-02 4.072680000000000180e-04 1.000000000000000000e+00 1.920269999999999963e-02 1.926510000000000028e-02
1.174832684000000071e+00 1.923344999999999916e-02 4.074330000000000139e-04 1.000000000000000000e+00 1.921480000000000063e-02 1.927730000000000068e-02
1.175224295000000030e+00 1.924988500000000130e-02 4.076309999999999873e-04 1.000000000000000000e+00 1.922950000000000007e-02 1.929200000000000012e-02
1.175616036000000086e+00 1.925996899999999831e-02 4.078239999999999903e-04 1.000000000000000000e+00 1.924280000000000088e-02 1.930549999999999974e-02
1.176007908000000102e+00 1.926218500000000111e-02 4.079800000000000071e-04 1.000000000000000000e+00 1.925189999999999887e-02 1.931470000000000062e-02
1.176399911000000076e+00 1.925738499999999839e-02 4.080800000000000096e-04 1.000000000000000000e+00 1.925510000000000069e-02 1.931810000000000124e-02
1.176792043999999926e+00 1.924823800000000085e-02 4.081280000000000064e-04 1.000000000000000000e+00 1.925249999999999878e-02 1.931580000000000102e-02
1.177184307999999957e+00 1.923805099999999907e-02 4.081369999999999855e-04 1.000000000000000000e+00 1.924599999999999922e-02 1.930950000000000027e-02
1.177576702999999947e+00 1.922943599999999906e-02 4.081309999999999994e-04 1.000000000000000000e+00 1.923800000000000163e-02 1.930170000000000149e-02
1.177969228000000035e+00 1.922331299999999882e-02 4.081280000000000064e-04 1.000000000000000000e+00 1.923040000000000166e-02 1.929430000000000034e-02
1.178361884999999942e+00 1.921860699999999866e-02 4.081380000000000012e-04 1.000000000000000000e+00 1.922420000000000032e-02 1.928830000000000128e-02
1.178754671999999948e+00 1.921273299999999920e-02 4.081520000000000048e-04 1.000000000000000000e+00 1.921890000000000057e-02 1.928310000000000093e-02
1.179147589999999912e+00 1.920267999999999975e-02 4.081520000000000048e-04 1.000000000000000000e+00 1.921250000000000041e-02 1.927689999999999959e-02
1.179540639999999918e+00 1.918630400000000125e-02 4.081140000000000028e-04 1.000000000000000000e+00 1.920279999999999904e-02 1.926730000000000109e-02
1.179933820000000022e+00 1.916334700000000071e-02 4.080210000000000022e-04 1.000000000000000000e+00 1.918800000000000019e-02 1.925260000000000166e-02
1.180327131000000085e+00 1.913585500000000023e-02 4.078710000000000256e-04 1.000000000000000000e+00 1.916779999999999873e-02 1.923240000000000019e-02
1.180720573000000106e+00 1.910777699999999940e-02 4.076799999999999998e-04 1.000000000000000000e+00 1.914340000000000139e-02 1.920809999999999879e-02
1.181114146999999948e+00 1.908390199999999981e-02 4.074799999999999950e-04 1.000000000000000000e+00 1.911790000000000017e-02 1.918270000000000045e-02
1.181507851999999970e+00 1.906849999999999865e-02 4.073120000000000061e-04 1.000000000000000000e+00 1.909510000000000027e-02 1.916009999999999935e-02
1.181901687999999950e+00 1.906416500000000097e-02 4.072139999999999809e-04 1.000000000000000000e+00 1.907879999999999993e-02 1.914400000000000129e-02
1.182295654999999890e+00 1.907124899999999845e-02 4.072130000000000194e-04 1.000000000000000000e+00 1.907160000000000105e-02 1.913700000000000123e-02
1.182689753000000010e+00 1.908805699999999855e-02 4.073160000000000149e-04 1.000000000000000000e+00 1.907429999999999889e-02 1.913990000000000136e-02
1.183083982999999950e+00 1.911156699999999944e-02 4.075130000000000267e-04 1.000000000000000000e+00 1.908630000000000049e-02 1.915209999999999829e-02
1.183478344999999932e+00 1.913830600000000076e-02 4.077810000000000180e-04 1.000000000000000000e+00 1.910529999999999867e-02 1.917140000000000163e-02
1.183872837000000011e+00 1.916496700000000150e-02 4.080889999999999886e-04 1.000000000000000000e+00 1.912859999999999908e-02 1.919500000000000026e-02
1.184267461999999993e+00 1.918865900000000027e-02 4.084059999999999926e-04 1.000000000000000000e+00 1.915319999999999870e-02 1.921979999999999869e-02
1.184662217999999934e+00 1.920691299999999907e-02 4.087019999999999911e-04 1.000000000000000000e+00 1.917630000000000029e-02 1.924299999999999969e-02
1.185057105000000055e+00 1.921774600000000083e-02 4.089520000000000243e-04 1.000000000000000000e+00 1.919509999999999966e-02 1.926200000000000134e-02
1.185452123999999996e+00 1.921998899999999982e-02 4.091349999999999783e-04 1.000000000000000000e+00 1.920780000000000057e-02 1.927469999999999878e-02
1.185847274999999978e+00 1.921383399999999908e-02 4.092389999999999895e-04 1.000000000000000000e+00 1.921290000000000150e-02 1.927989999999999912e-02
1.186242556999999920e+00 1.920128100000000060e-02 4.092640000000000037e-04 1.000000000000000000e+00 1.921049999999999841e-02 1.927749999999999950e-02
1.186637970999999903e+00 1.918614000000000083e-02 4.092260000000000016e-04 1.000000000000000000e+00 1.920209999999999972e-02 1.926910000000000081e-02
1.187033516999999927e+00 1.917337699999999839e-02 4.091580000000000152e-04 1.000000000000000000e+00 1.919080000000000091e-02 1.925779999999999853e-02
1.187429194999999993e+00 1.916792299999999991e-02 4.091009999999999851e-04 1.000000000000000000e+00 1.918049999999999963e-02 1.924750000000000072e-02
1.187825005000000100e+00 1.917335300000000062e-02 4.091000000000000235e-04 1.000000000000000000e+00 1.917539999999999870e-02 1.924239999999999978e-02
1.188220947000000027e+00 1.919091499999999936e-02 4.091890000000000154e-04 1.000000000000000000e+00 1.917869999999999991e-02 1.924589999999999981e-02
1.188617019999999913e+00 1.921928399999999967e-02 4.093859999999999730e-04 1.000000000000000000e+00 1.919210000000000013e-02 1.925939999999999944e-02
1.189013225999999923e+00 1.925506299999999935e-02 4.096850000000000188e-04 1.000000000000000000e+00 1.921490000000000004e-02 1.928240000000000162e-02
1.189409563999999975e+00 1.929381000000000151e-02 4.100630000000000074e-04 1.000000000000000000e+00 1.924500000000000169e-02 1.931269999999999862e-02
1.189806032999999985e+00 1.933116199999999896e-02 4.104870000000000155e-04 1.000000000000000000e+00 1.927890000000000159e-02 1.934690000000000021e-02
1.190202634999999898e+00 1.936371200000000167e-02 4.109170000000000097e-04 1.000000000000000000e+00 1.931290000000000090e-02 1.938130000000000061e-02
1.190599369999999935e+00 1.938942999999999917e-02 4.113219999999999897e-04 1.000000000000000000e+00 1.934409999999999949e-02 1.941280000000000089e-02
1.190996235999999930e+00 1.940766199999999914e-02 4.116780000000000114e-04 1.000000000000000000e+00 1.937010000000000121e-02 1.943920000000000023e-02
1.191393235000000050e+00 1.941885999999999959e-02 4.119750000000000256e-04 1.000000000000000000e+00 1.939000000000000098e-02 1.945950000000000110e-02
1.191790365999999990e+00 1.942420200000000152e-02 4.122099999999999853e-04 1.000000000000000000e+00 1.940360000000000001e-02 1.947350000000000123e-02
1.192187628999999971e+00 1.942523000000000166e-02 4.123889999999999847e-04 1.000000000000000000e+00 1.941179999999999989e-02 1.948209999999999872e-02
1.192585025000000076e+00 1.942354799999999881e-02 4.125220000000000189e-04 1.000000000000000000e+00 1.941560000000000161e-02 1.948630000000000154e-02
1.192982554000000084e+00 1.942057599999999842e-02 4.126229999999999828e-04 1.000000000000000000e+00 1.941640000000000033e-02 1.948739999999999847e-02
1.193380214000000050e+00 1.941736200000000051e-02 4.127010000000000184e-04 1.000000000000000000e+00 1.941549999999999873e-02 1.948690000000000144e-02
1.193778008000000002e+00 1.941445199999999871e-02 4.127669999999999733e-04 1.000000000000000000e+00 1.941379999999999842e-02 1.948549999999999935e-02
1.194175933999999994e+00 1.941184500000000049e-02 4.128250000000000192e-04 1.000000000000000000e+00 1.941199999999999870e-02 1.948400000000000132e-02
1.194573992999999890e+00 1.940903399999999862e-02 4.128779999999999863e-04 1.000000000000000000e+00 1.941019999999999898e-02 1.948230000000000101e-02
1.194972184000000048e+00 1.940514499999999865e-02 4.129210000000000129e-04 1.000000000000000000e+00 1.940800000000000164e-02 1.948029999999999901e-02
1.195370508000000109e+00 1.939915600000000073e-02 4.129490000000000200e-04 1.000000000000000000e+00 1.940470000000000042e-02 1.947710000000000066e-02
1.195768965000000073e+00 1.939017599999999855e-02 4.129539999999999903e-04 1.000000000000000000e+00 1.939940000000000067e-02 1.947190000000000032e-02
1.196167554000000077e+00 1.937775200000000156e-02 4.129289999999999762e-04 1.000000000000000000e+00 1.939139999999999961e-02 1.946399999999999866e-02
1.196566277000000067e+00 1.936208999999999847e-02 4.128709999999999845e-04 1.000000000000000000e+00 1.938039999999999902e-02 1.945300000000000154e-02
1.196965132000000098e+00 1.934415600000000124e-02 4.127819999999999927e-04 1.000000000000000000e+00 1.936629999999999949e-02 1.943900000000000142e-02
1.197364120999999892e+00 1.932554900000000089e-02 4.126709999999999797e-04 1.000000000000000000e+00 1.934999999999999915e-02 1.942280000000000048e-02
1.197763241999999950e+00 1.930813500000000058e-02 4.125500000000000261e-04 1.000000000000000000e+00 1.933270000000000127e-02 1.940559999999999855e-02
1.198162496999999993e+00 1.929353899999999844e-02 4.124369999999999816e-04 1.000000000000000000e+00 1.931599999999999984e-02 1.938890000000000058e-02
1.198561884000000077e+00 1.928262600000000063e-02 4.123449999999999967e-04 1.000000000000000000e+00 1.930120000000000099e-02 1.937430000000000055e-02
1.198961404999999925e+00 1.927515600000000162e-02 4.122840000000000120e-04 1.000000000000000000e+00 1.928919999999999940e-02 1.936239999999999836e-02
1.199361058000000035e+00 1.926972299999999902e-02 4.122539999999999733e-04 1.000000000000000000e+00 1.927999999999999853e-02 1.935330000000000036e-02
1.199760844999999909e+00 1.926402099999999923e-02 4.122449999999999943e-04 1.000000000000000000e+00 1.927260000000000084e-02 1.934610000000000149e-02
1.200160765999999990e+00 1.925534900000000146e-02 4.122379999999999925e-04 1.000000000000000000e+00 1.926529999999999909e-02 1.933899999999999855e-02
1.200560818999999890e+00 1.924126500000000045e-02 4.122090000000000237e-04 1.000000000000000000e+00 1.925589999999999941e-02 1.932969999999999827e-02
1.200961005999999998e+00 1.922024099999999902e-02 4.121369999999999743e-04 1.000000000000000000e+00 1.924230000000000038e-02 1.931630000000000152e-02
1.201361327000000090e+00 1.919220300000000143e-02 4.120050000000000101e-04 1.000000000000000000e+00 1.922300000000000050e-02 1.929720000000000046e-02
1.201761780000000002e+00 1.915884500000000074e-02 4.118099999999999756e-04 1.000000000000000000e+00 1.919790000000000038e-02 1.927219999999999975e-02
1.202162367999999981e+00 1.912358600000000144e-02 4.115640000000000054e-04 1.000000000000000000e+00 1.916790000000000160e-02 1.924230000000000038e-02
1.202563088000000002e+00 1.909108099999999933e-02 4.112969999999999756e-04 1.000000000000000000e+00 1.913580000000000142e-02 1.921029999999999960e-02
1.202963943000000091e+00 1.906629899999999836e-02 4.110469999999999966e-04 1.000000000000000000e+00 1.910519999999999927e-02 1.917989999999999973e-02
1.203364931000000082e+00 1.905333799999999952e-02 4.108609999999999953e-04 1.000000000000000000e+00 1.908050000000000024e-02 1.915530000000000010e-02
1.203766051999999975e+00 1.905433100000000074e-02 4.107769999999999738e-04 1.000000000000000000e+00 1.906520000000000090e-02 1.914019999999999957e-02
1.204167307999999936e+00 1.906880400000000170e-02 4.108189999999999845e-04 1.000000000000000000e+00 1.906160000000000146e-02 1.913689999999999836e-02
1.204568697000000022e+00 1.909377699999999928e-02 4.109890000000000049e-04 1.000000000000000000e+00 1.907009999999999955e-02 1.914570000000000161e-02
1.204970220000000092e+00 1.912458800000000139e-02 4.112639999999999981e-04 1.000000000000000000e+00 1.908870000000000011e-02 1.916460000000000038e-02
1.205371876000000064e+00 1.915617600000000045e-02 4.116069999999999777e-04 1.000000000000000000e+00 1.911399999999999905e-02 1.919030000000000041e-02
1.205773667000000104e+00 1.918437300000000109e-02 4.119729999999999942e-04 1.000000000000000000e+00 1.914199999999999929e-02 1.921849999999999947e-02
1.206175591999999908e+00 1.920677999999999969e-02 4.123239999999999913e-04 1.000000000000000000e+00 1.916889999999999913e-02 1.924570000000000100e-02
1.206577650000000057e+00 1.922300700000000029e-02 4.126320000000000161e-04 1.000000000000000000e+00 1.919200000000000073e-02 1.926910000000000081e-02
1.206979843000000052e+00 1.923429100000000058e-02 4.128879999999999812e-04 1.000000000000000000e+00 1.921039999999999900e-02 1.928770000000000137e-02
1.207382168999999950e+00 1.924274200000000018e-02 4.130970000000000193e-04 1.000000000000000000e+00 1.922429999999999972e-02 1.930180000000000090e-02
1.207784629999999915e+00 1.925052400000000150e-02 4.132760000000000188e-04 1.000000000000000000e+00 1.923510000000000150e-02 1.931280000000000149e-02
1.208187225000000087e+00 1.925921499999999967e-02 4.134410000000000147e-04 1.000000000000000000e+00 1.924439999999999831e-02 1.932230000000000059e-02
1.208589954000000022e+00 1.926952800000000104e-02 4.136090000000000036e-04 1.000000000000000000e+00 1.925369999999999859e-02 1.933179999999999968e-02
1.208992816999999942e+00 1.928137099999999854e-02 4.137880000000000030e-04 1.000000000000000000e+00 1.926380000000000106e-02 1.934220000000000036e-02
1.209395814999999930e+00 1.929414200000000024e-02 4.139780000000000131e-04 1.000000000000000000e+00 1.927500000000000047e-02 1.935370000000000146e-02
1.209798946999999902e+00 1.930711400000000022e-02 4.141780000000000179e-04 1.000000000000000000e+00 1.928720000000000087e-02 1.936610000000000067e-02
1.210202213000000082e+00 1.931973799999999949e-02 4.143800000000000001e-04 1.000000000000000000e+00 1.929979999999999890e-02 1.937900000000000039e-02
1.210605614000000108e+00 1.933176299999999834e-02 4.145800000000000049e-04 1.000000000000000000e+00 1.931240000000000040e-02 1.939180000000000070e-02
1.211009148999999896e+00 1.934316300000000002e-02 4.147749999999999853e-04 1.000000000000000000e+00 1.932450000000000140e-02 1.940419999999999992e-02
1.211412818999999974e+00 1.935396299999999833e-02 4.149649999999999953e-04 1.000000000000000000e+00 1.933599999999999902e-02 1.941589999999999983e-02
1.211816623000000037e+00 1.936407700000000037e-02 4.151509999999999966e-04 1.000000000000000000e+00 1.934680000000000080e-02 1.942699999999999982e-02
1.212220561999999946e+00 1.937327200000000041e-02 4.153310000000000118e-04 1.000000000000000000e+00 1.935670000000000099e-02 1.943720000000000170e-02
1.212624635999999922e+00 1.938128100000000020e-02 4.155060000000000025e-04 1.000000000000000000e+00 1.936560000000000017e-02 1.944639999999999910e-02
1.213028844000000106e+00 1.938797399999999879e-02 4.156739999999999914e-04 1.000000000000000000e+00 1.937349999999999836e-02 1.945469999999999838e-02
1.213433186999999913e+00 1.939348000000000113e-02 4.158319999999999855e-04 1.000000000000000000e+00 1.938039999999999902e-02 1.946190000000000073e-02
1.213837663999999927e+00 1.939815699999999921e-02 4.159810000000000005e-04 1.000000000000000000e+00 1.938629999999999867e-02 1.946830000000000088e-02
1.214242277000000092e+00 1.940239900000000073e-02 4.161209999999999822e-04 1.000000000000000000e+00 1.939170000000000130e-02 1.947400000000000173e-02
1.214647024000000020e+00 1.940638299999999927e-02 4.162530000000000006e-04 1.000000000000000000e+00 1.939679999999999876e-02 1.947930000000000147e-02
1.215051907000000098e+00 1.940987900000000141e-02 4.163780000000000172e-04 1.000000000000000000e+00 1.940139999999999920e-02 1.948420000000000013e-02
1.215456923999999939e+00 1.941224000000000074e-02 4.164920000000000232e-04 1.000000000000000000e+00 1.940539999999999973e-02 1.948849999999999888e-02
1.215862076000000069e+00 1.941260399999999997e-02 4.165920000000000257e-04 1.000000000000000000e+00 1.940820000000000045e-02 1.949149999999999841e-02
1.216267363999999906e+00 1.941022900000000107e-02 4.166719999999999842e-04 1.000000000000000000e+00 1.940909999999999858e-02 1.949249999999999941e-02
1.216672785999999951e+00 1.940484199999999854e-02 4.167269999999999829e-04 1.000000000000000000e+00 1.940740000000000173e-02 1.949110000000000079e-02
1.217078343999999923e+00 1.939684300000000042e-02 4.167549999999999900e-04 1.000000000000000000e+00 1.940309999999999951e-02 1.948700000000000085e-02
1.217484036999999963e+00 1.938728600000000010e-02 4.167589999999999988e-04 1.000000000000000000e+00 1.939640000000000114e-02 1.948050000000000129e-02
1.217889865000000071e+00 1.937762800000000091e-02 4.167470000000000267e-04 1.000000000000000000e+00 1.938820000000000127e-02 1.947259999999999963e-02
1.218295828000000025e+00 1.936932400000000026e-02 4.167299999999999759e-04 1.000000000000000000e+00 1.937969999999999970e-02 1.946430000000000035e-02
1.218701926000000046e+00 1.936342500000000008e-02 4.167199999999999811e-04 1.000000000000000000e+00 1.937219999999999914e-02 1.945689999999999920e-02
1.219108159999999996e+00 1.936031400000000000e-02 4.167250000000000056e-04 1.000000000000000000e+00 1.936649999999999830e-02 1.945140000000000063e-02
1.219514530000000097e+00 1.935968799999999990e-02 4.167490000000000040e-04 1.000000000000000000e+00 1.936310000000000114e-02 1.944809999999999942e-02
1.219921035000000042e+00 1.936076299999999958e-02 4.167929999999999920e-04 1.000000000000000000e+00 1.936179999999999846e-02 1.944699999999999901e-02
1.220327675000000056e+00 1.936263499999999957e-02 4.168509999999999837e-04 1.000000000000000000e+00 1.936210000000000014e-02 1.944730000000000070e-02
1.220734450999999998e+00 1.936463199999999968e-02 4.169169999999999929e-04 1.000000000000000000e+00 1.936320000000000055e-02 1.944850000000000051e-02
1.221141362000000008e+00 1.936653299999999828e-02 4.169889999999999881e-04 1.000000000000000000e+00 1.936449999999999977e-02 1.944999999999999854e-02
1.221548410000000029e+00 1.936858199999999877e-02 4.170660000000000079e-04 1.000000000000000000e+00 1.936579999999999899e-02 1.945150000000000004e-02
1.221955592000000035e+00 1.937132000000000090e-02 4.171490000000000137e-04 1.000000000000000000e+00 1.936730000000000049e-02 1.945310000000000095e-02
1.222362911000000052e+00 1.937530499999999892e-02 4.172439999999999916e-04 1.000000000000000000e+00 1.936929999999999902e-02 1.945540000000000116e-02
1.222770364999999915e+00 1.938086699999999954e-02 4.173560000000000204e-04 1.000000000000000000e+00 1.937229999999999855e-02 1.945869999999999891e-02
1.223177954999999928e+00 1.938796400000000059e-02 4.174870000000000230e-04 1.000000000000000000e+00 1.937679999999999958e-02 1.946339999999999876e-02
1.223585681000000092e+00 1.939618400000000034e-02 4.176359999999999838e-04 1.000000000000000000e+00 1.938269999999999924e-02 1.946969999999999951e-02
1.223993542999999962e+00 1.940489100000000050e-02 4.177990000000000024e-04 1.000000000000000000e+00 1.938990000000000158e-02 1.947729999999999947e-02
1.224401540999999982e+00 1.941342000000000068e-02 4.179690000000000228e-04 1.000000000000000000e+00 1.939789999999999917e-02 1.948570000000000163e-02
1.224809674999999931e+00 1.942127299999999931e-02 4.181400000000000047e-04 1.000000000000000000e+00 1.940619999999999845e-02 1.949429999999999913e-02
1.225217945000000030e+00 1.942823100000000067e-02 4.183060000000000164e-04 1.000000000000000000e+00 1.941419999999999951e-02 1.950270000000000128e-02
1.225626351000000058e+00 1.943435699999999933e-02 4.184619999999999789e-04 1.000000000000000000e+00 1.942170000000000007e-02 1.951050000000000006e-02
1.226034893000000014e+00 1.943990500000000038e-02 4.186090000000000167e-04 1.000000000000000000e+00 1.942839999999999845e-02 1.951750000000000013e-02
1.226443570999999899e+00 1.944517499999999857e-02 4.187479999999999826e-04 1.000000000000000000e+00 1.943459999999999979e-02 1.952399999999999969e-02
1.226852386000000017e+00 1.945038600000000006e-02 4.188819999999999783e-04 1.000000000000000000e+00 1.944040000000000004e-02 1.952999999999999875e-02
1.227261335999999980e+00 1.945559499999999914e-02 4.190129999999999810e-04 1.000000000000000000e+00 1.944589999999999860e-02 1.953579999999999900e-02
1.227670424000000038e+00 1.946070999999999912e-02 4.191420000000000063e-04 1.000000000000000000e+00 1.945119999999999835e-02 1.954140000000000044e-02
1.228079646999999941e+00 1.946554899999999866e-02 4.192690000000000002e-04 1.000000000000000000e+00 1.945639999999999870e-02 1.954679999999999959e-02
1.228489007000000077e+00 1.946992000000000167e-02 4.193930000000000010e-04 1.000000000000000000e+00 1.946140000000000023e-02 1.955199999999999994e-02
1.228898502999999920e+00 1.947368699999999994e-02 4.195129999999999931e-04 1.000000000000000000e+00 1.946590000000000126e-02 1.955679999999999918e-02
1.229308135999999996e+00 1.947678099999999857e-02 4.196259999999999834e-04 1.000000000000000000e+00 1.947000000000000119e-02 1.956110000000000140e-02
1.229717905000000000e+00 1.947918800000000145e-02 4.197310000000000103e-04 1.000000000000000000e+00 1.947350000000000123e-02 1.956480000000000025e-02
1.230127811000000015e+00 1.948091399999999848e-02 4.198280000000000197e-04 1.000000000000000000e+00 1.947640000000000135e-02 1.956789999999999918e-02
1.230537854000000042e+00 1.948197800000000049e-02 4.199179999999999731e-04 1.000000000000000000e+00 1.947859999999999869e-02 1.957029999999999881e-02
1.230948032999999997e+00 1.948241200000000103e-02 4.199990000000000017e-04 1.000000000000000000e+00 1.948000000000000079e-02 1.957189999999999971e-02
1.231358348999999963e+00 1.948228499999999849e-02 4.200739999999999899e-04 1.000000000000000000e+00 1.948079999999999951e-02 1.957280000000000131e-02
1.231768801999999940e+00 1.948171400000000067e-02 4.201429999999999922e-04 1.000000000000000000e+00 1.948089999999999891e-02 1.957309999999999953e-02
1.232179391999999929e+00 1.948085499999999831e-02 4.202079999999999856e-04 1.000000000000000000e+00 1.948050000000000129e-02 1.957290000000000071e-02
1.232590118000000068e+00 1.947986900000000035e-02 4.202710000000000018e-04 1.000000000000000000e+00 1.947969999999999910e-02 1.957230000000000081e-02
1.233000982000000079e+00 1.947887699999999861e-02 4.203330000000000022e-04 1.000000000000000000e+00 1.947859999999999869e-02 1.957149999999999862e-02
1.233411982000000018e+00 1.947793000000000094e-02 4.203969999999999799e-04 1.000000000000000000e+00 1.947749999999999829e-02 1.957069999999999990e-02
1.233823118999999968e+00 1.947699300000000147e-02 4.204610000000000118e-04 1.000000000000000000e+00 1.947640000000000135e-02 1.956979999999999831e-02
1.234234394000000012e+00 1.947597400000000006e-02 4.205270000000000210e-04 1.000000000000000000e+00 1.947530000000000094e-02 1.956899999999999959e-02
1.234645804999999985e+00 1.947475599999999932e-02 4.205929999999999760e-04 1.000000000000000000e+00 1.947420000000000054e-02 1.956820000000000087e-02
1.235057354000000052e+00 1.947323700000000088e-02 4.206570000000000079e-04 1.000000000000000000e+00 1.947290000000000132e-02 1.956719999999999987e-02
1.235469039000000047e+00 1.947135800000000111e-02 4.207200000000000241e-04 1.000000000000000000e+00 1.947139999999999982e-02 1.956590000000000065e-02
1.235880861999999913e+00 1.946910699999999939e-02 4.207789999999999773e-04 1.000000000000000000e+00 1.946960000000000010e-02 1.956439999999999915e-02
1.236292823000000096e+00 1.946651300000000126e-02 4.208360000000000074e-04 1.000000000000000000e+00 1.946739999999999929e-02 1.956250000000000003e-02
1.236704919999999985e+00 1.946362800000000018e-02 4.208899999999999903e-04 1.000000000000000000e+00 1.946480000000000085e-02 1.956019999999999981e-02
1.237117154999999968e+00 1.946051899999999904e-02 4.209419999999999959e-04 1.000000000000000000e+00 1.946200000000000013e-02 1.955770000000000078e-02
1.237529528000000045e+00 1.945725599999999916e-02 4.209920000000000242e-04 1.000000000000000000e+00 1.945900000000000060e-02 1.955499999999999947e-02
1.237942037999999911e+00 1.945390899999999840e-02 4.210409999999999825e-04 1.000000000000000000e+00 1.945590000000000167e-02 1.955219999999999875e-02
1.238354685000000011e+00 1.945055000000000048e-02 4.210870000000000021e-04 1.000000000000000000e+00 1.945279999999999926e-02 1.954940000000000150e-02
1.238767469999999982e+00 1.944724399999999895e-02 4.211309999999999902e-04 1.000000000000000000e+00 1.944979999999999973e-02 1.954670000000000019e-02
1.239180391999999964e+00 1.944403700000000082e-02 4.211740000000000167e-04 1.000000000000000000e+00 1.944689999999999960e-02 1.954399999999999887e-02
1.239593452000000040e+00 1.944094299999999872e-02 4.212139999999999960e-04 1.000000000000000000e+00 1.944399999999999948e-02 1.954140000000000044e-02
1.240006649999999988e+00 1.943793300000000099e-02 4.212519999999999980e-04 1.000000000000000000e+00 1.944119999999999876e-02 1.953869999999999912e-02
1.240419986000000030e+00 1.943493099999999904e-02 4.212900000000000000e-04 1.000000000000000000e+00 1.943840000000000151e-02 1.953610000000000069e-02
1.240833459000000083e+00 1.943181899999999948e-02 4.213260000000000247e-04 1.000000000000000000e+00 1.943539999999999851e-02 1.953329999999999997e-02
1.241247070000000008e+00 1.942845600000000020e-02 4.213609999999999795e-04 1.000000000000000000e+00 1.943220000000000017e-02 1.953030000000000044e-02
1.241660819000000027e+00 1.942470599999999992e-02 4.213959999999999885e-04 1.000000000000000000e+00 1.942860000000000073e-02 1.952689999999999981e-02
1.242074705999999917e+00 1.942046099999999997e-02 4.214290000000000202e-04 1.000000000000000000e+00 1.942450000000000079e-02 1.952310000000000156e-02
1.242488730999999902e+00 1.941566999999999946e-02 4.214609999999999819e-04 1.000000000000000000e+00 1.941999999999999976e-02 1.951879999999999935e-02
1.242902893999999980e+00 1.941034200000000057e-02 4.214910000000000206e-04 1.000000000000000000e+00 1.941500000000000170e-02 1.951409999999999950e-02
1.243317194999999931e+00 1.940454700000000116e-02 4.215189999999999736e-04 1.000000000000000000e+00 1.940959999999999908e-02 1.950899999999999856e-02
1.243731633999999975e+00 1.939839599999999831e-02 4.215439999999999877e-04 1.000000000000000000e+00 1.940379999999999883e-02 1.950359999999999941e-02
1.244146210999999891e+00 1.939200900000000172e-02 4.215649999999999931e-04 1.000000000000000000e+00 1.939789999999999917e-02 1.949800000000000144e-02
1.244560926999999984e+00 1.938548699999999986e-02 4.215830000000000055e-04 1.000000000000000000e+00 1.939190000000000011e-02 1.949230000000000060e-02
1.244975780000000087e+00 1.937887699999999921e-02 4.215970000000000091e-04 1.000000000000000000e+00 1.938590000000000105e-02 1.948650000000000035e-02
1.245390771999999924e+00 1.937215399999999907e-02 4.216070000000000039e-04 1.000000000000000000e+00 1.937969999999999970e-02 1.948060000000000069e-02
1.245805902999999937e+00 1.936521600000000107e-02 4.216129999999999899e-04 1.000000000000000000e+00 1.937349999999999836e-02 1.947449999999999876e-02
1.246221170999999961e+00 1.935790299999999922e-02 4.216129999999999899e-04 1.000000000000000000e+00 1.936689999999999939e-02 1.946820000000000148e-02
1.246636577999999940e+00 1.935001399999999872e-02 4.216070000000000039e-04 1.000000000000000000e+00 1.935979999999999993e-02 1.946130000000000082e-02
1.247052124000000095e+00 1.934134699999999832e-02 4.215959999999999933e-04 1.000000000000000000e+00 1.935210000000000055e-02 1.945370000000000085e-02
1.247467807999999900e+00 1.933172999999999836e-02 4.215779999999999810e-04 1.000000000000000000e+00 1.934340000000000018e-02 1.944519999999999929e-02
1.247883630000000021e+00 1.932105300000000123e-02 4.215530000000000210e-04 1.000000000000000000e+00 1.933369999999999880e-02 1.943579999999999960e-02
1.248299591999999958e+00 1.930928200000000053e-02 4.215199999999999893e-04 1.000000000000000000e+00 1.932299999999999990e-02 1.942529999999999951e-02
1.248715690999999905e+00 1.929646600000000170e-02 4.214810000000000258e-04 1.000000000000000000e+00 1.931120000000000059e-02 1.941390000000000129e-02
1.249131929999999890e+00 1.928273499999999877e-02 4.214329999999999747e-04 1.000000000000000000e+00 1.929859999999999909e-02 1.940149999999999861e-02
1.249548306999999969e+00 1.926828400000000011e-02 4.213779999999999761e-04 1.000000000000000000e+00 1.928519999999999887e-02 1.938849999999999948e-02
1.249964823000000003e+00 1.925333799999999831e-02 4.213150000000000141e-04 1.000000000000000000e+00 1.927130000000000162e-02 1.937490000000000046e-02
1.250381477999999991e+00 1.923812299999999934e-02 4.212439999999999804e-04 1.000000000000000000e+00 1.925709999999999922e-02 1.936090000000000033e-02
1.250798271999999933e+00 1.922281699999999968e-02 4.211659999999999991e-04 1.000000000000000000e+00 1.924270000000000147e-02 1.934670000000000140e-02
1.251215205000000052e+00 1.920751899999999929e-02 4.210819999999999776e-04 1.000000000000000000e+00 1.922820000000000085e-02 1.933239999999999958e-02
1.251632276999999904e+00 1.919221700000000100e-02 4.209920000000000242e-04 1.000000000000000000e+00 1.921370000000000022e-02 1.931789999999999896e-02
1.252049487000000072e+00 1.917679400000000048e-02 4.208969999999999921e-04 1.000000000000000000e+00 1.919890000000000138e-02 1.930329999999999893e-02
1.252466837000000055e+00 1.916104500000000155e-02 4.207969999999999896e-04 1.000000000000000000e+00 1.918390000000000026e-02 1.928830000000000128e-02
1.252884325999999993e+00 1.914472299999999891e-02 4.206910000000000011e-04 1.000000000000000000e+00 1.916839999999999863e-02 1.927289999999999906e-02
1.253301954000000107e+00 1.912758399999999956e-02 4.205780000000000109e-04 1.000000000000000000e+00 1.915230000000000057e-02 1.925680000000000100e-02
1.253719722000000036e+00 1.910942100000000143e-02 4.204580000000000188e-04 1.000000000000000000e+00 1.913530000000000092e-02 1.923990000000000075e-02
1.254137628000000060e+00 1.909007000000000065e-02 4.203279999999999777e-04 1.000000000000000000e+00 1.911730000000000027e-02 1.922199999999999950e-02
1.254555673999999899e+00 1.906938500000000120e-02 4.201869999999999802e-04 1.000000000000000000e+00 1.909840000000000149e-02 1.920310000000000072e-02
1.254973858999999914e+00 1.904716899999999921e-02 4.200319999999999792e-04 1.000000000000000000e+00 1.907820000000000002e-02 1.918299999999999866e-02
1.255392183999999967e+00 1.902310999999999933e-02 4.198609999999999972e-04 1.000000000000000000e+00 1.905669999999999933e-02 1.916150000000000145e-02
1.255810647999999974e+00 1.899670300000000020e-02 4.196679999999999942e-04 1.000000000000000000e+00 1.903360000000000121e-02 1.913839999999999986e-02
1.256229252000000018e+00 1.896723399999999948e-02 4.194479999999999997e-04 1.000000000000000000e+00 1.900840000000000168e-02 1.911310000000000092e-02
1.256647995000000018e+00 1.893377099999999855e-02 4.191929999999999962e-04 1.000000000000000000e+00 1.898029999999999856e-02 1.908489999999999839e-02
1.257066876999999971e+00 1.889526999999999873e-02 4.188940000000000046e-04 1.000000000000000000e+00 1.894830000000000125e-02 1.905280000000000168e-02
1.257485900000000045e+00 1.885067899999999866e-02 4.185430000000000075e-04 1.000000000000000000e+00 1.891160000000000063e-02 1.901589999999999878e-02
1.257905062000000074e+00 1.879912699999999881e-02 4.181289999999999942e-04 1.000000000000000000e+00 1.886909999999999976e-02 1.897319999999999909e-02
1.258324363000000057e+00 1.874005999999999936e-02 4.176459999999999786e-04 1.000000000000000000e+00 1.881999999999999992e-02 1.892390000000000044e-02
1.258743804999999938e+00 1.867339999999999972e-02 4.170870000000000133e-04 1.000000000000000000e+00 1.876370000000000121e-02 1.886739999999999945e-02
1.259163385999999996e+00 1.859957400000000066e-02 4.164509999999999740e-04 1.000000000000000000e+00 1.870010000000000075e-02 1.880369999999999958e-02
1.259583107000000091e+00 1.851952000000000112e-02 4.157410000000000164e-04 1.000000000000000000e+00 1.862969999999999904e-02 1.873299999999999965e-02
1.260002968000000001e+00 1.843455499999999830e-02 4.149620000000000023e-04 1.000000000000000000e+00 1.855309999999999945e-02 1.865620000000000125e-02
1.260422968999999949e+00 1.834626799999999891e-02 4.141260000000000123e-04 1.000000000000000000e+00 1.847149999999999834e-02 1.857429999999999845e-02
1.260843109999999934e+00 1.825640900000000122e-02 4.132450000000000186e-04 1.000000000000000000e+00 1.838619999999999838e-02 1.848870000000000027e-02
1.261263390999999956e+00 1.816679599999999895e-02 4.123369999999999791e-04 1.000000000000000000e+00 1.829880000000000048e-02 1.840100000000000069e-02
1.261683812000000016e+00 1.807933299999999952e-02 4.114189999999999991e-04 1.000000000000000000e+00 1.821089999999999862e-02 1.831270000000000120e-02
1.262104373999999973e+00 1.799597699999999981e-02 4.105119999999999754e-04 1.000000000000000000e+00 1.812429999999999944e-02 1.822580000000000033e-02
1.262525075000000108e+00 1.791863399999999926e-02 4.096370000000000219e-04 1.000000000000000000e+00 1.804089999999999860e-02 1.814199999999999841e-02
1.262945916999999918e+00 1.784884000000000123e-02 4.088149999999999814e-04 1.000000000000000000e+00 1.796230000000000049e-02 1.806309999999999860e-02
1.263366898999999988e+00 1.778721399999999911e-02 4.080639999999999745e-04 1.000000000000000000e+00 1.789019999999999846e-02 1.799069999999999836e-02
1.263788021000000095e+00 1.773282400000000120e-02 4.073910000000000031e-04 1.000000000000000000e+00 1.782509999999999997e-02 1.792540000000000106e-02
1.264209284000000100e+00 1.768264900000000167e-02 4.067920000000000043e-04 1.000000000000000000e+00 1.776650000000000104e-02 1.786659999999999984e-02
1.264630686999999920e+00 1.763154999999999931e-02 4.062380000000000092e-04 1.000000000000000000e+00 1.771199999999999858e-02 1.781189999999999857e-02
1.265052230000000000e+00 1.757300900000000055e-02 4.056819999999999827e-04 1.000000000000000000e+00 1.765749999999999958e-02 1.775720000000000076e-02
1.265473913999999978e+00 1.750079699999999849e-02 4.050650000000000257e-04 1.000000000000000000e+00 1.759760000000000144e-02 1.769710000000000033e-02
1.265895739000000075e+00 1.741135599999999936e-02 4.043270000000000067e-04 1.000000000000000000e+00 1.752710000000000032e-02 1.762630000000000099e-02
1.266317703999999988e+00 1.730622199999999958e-02 4.034320000000000093e-04 1.000000000000000000e+00 1.744300000000000017e-02 1.754179999999999975e-02
1.266739810000000022e+00 1.719361999999999974e-02 4.023899999999999743e-04 1.000000000000000000e+00 1.734600000000000031e-02 1.744439999999999880e-02
1.267162056999999953e+00 1.708826499999999832e-02 4.012700000000000121e-04 1.000000000000000000e+00 1.724250000000000088e-02 1.734049999999999828e-02
1.267584443999999921e+00 1.700895300000000027e-02 4.002070000000000258e-04 1.000000000000000000e+00 1.714409999999999892e-02 1.724180000000000157e-02
1.268006972000000010e+00 1.697427599999999995e-02 3.993760000000000062e-04 1.000000000000000000e+00 1.706610000000000071e-02 1.716350000000000167e-02
1.268429640999999997e+00 1.699766600000000155e-02 3.989619999999999929e-04 1.000000000000000000e+00 1.702429999999999916e-02 1.712170000000000011e-02
1.268852451000000103e+00 1.708341500000000110e-02 3.991059999999999833e-04 1.000000000000000000e+00 1.703100000000000100e-02 1.712870000000000018e-02
1.269275402000000108e+00 1.722513999999999990e-02 3.998739999999999868e-04 1.000000000000000000e+00 1.709170000000000134e-02 1.719000000000000042e-02
1.269698494000000011e+00 1.740727200000000141e-02 4.012280000000000013e-04 1.000000000000000000e+00 1.720359999999999945e-02 1.730270000000000072e-02
1.270121727000000034e+00 1.760905100000000056e-02 4.030419999999999944e-04 1.000000000000000000e+00 1.735609999999999931e-02 1.745630000000000098e-02
1.270545100000000094e+00 1.780956399999999995e-02 4.051279999999999877e-04 1.000000000000000000e+00 1.753319999999999879e-02 1.763469999999999968e-02
1.270968615999999995e+00 1.799215499999999926e-02 4.072859999999999762e-04 1.000000000000000000e+00 1.771769999999999942e-02 1.782040000000000013e-02
1.271392271999999934e+00 1.814697499999999922e-02 4.093430000000000007e-04 1.000000000000000000e+00 1.789419999999999900e-02 1.799809999999999952e-02
1.271816068999999993e+00 1.827126700000000076e-02 4.111809999999999922e-04 1.000000000000000000e+00 1.805210000000000148e-02 1.815699999999999953e-02
1.272240008000000033e+00 1.836784600000000017e-02 4.127429999999999749e-04 1.000000000000000000e+00 1.818600000000000078e-02 1.829180000000000042e-02
1.272664087999999971e+00 1.844270099999999885e-02 4.140300000000000187e-04 1.000000000000000000e+00 1.829549999999999926e-02 1.840210000000000110e-02
1.273088309000000029e+00 1.850263799999999834e-02 4.150790000000000013e-04 1.000000000000000000e+00 1.838369999999999935e-02 1.849100000000000049e-02
1.273512672000000068e+00 1.855361599999999847e-02 4.159440000000000142e-04 1.000000000000000000e+00 1.845520000000000146e-02 1.856319999999999845e-02
1.273937176000000004e+00 1.859995299999999893e-02 4.166810000000000175e-04 1.000000000000000000e+00 1.851509999999999961e-02 1.862360000000000057e-02
1.274361821999999922e+00 1.864428699999999897e-02 4.173390000000000238e-04 1.000000000000000000e+00 1.856750000000000067e-02 1.867660000000000153e-02
1.274786608999999959e+00 1.868796600000000030e-02 4.179510000000000104e-04 1.000000000000000000e+00 1.861559999999999951e-02 1.872520000000000087e-02
1.275211537999999978e+00 1.873156499999999863e-02 4.185389999999999987e-04 1.000000000000000000e+00 1.866129999999999872e-02 1.877149999999999999e-02
1.275636608999999977e+00 1.877528399999999972e-02 4.191150000000000149e-04 1.000000000000000000e+00 1.870609999999999981e-02 1.881680000000000158e-02
1.276061821000000096e+00 1.881917500000000049e-02 4.196860000000000065e-04 1.000000000000000000e+00 1.875049999999999981e-02 1.886180000000000148e-02
1.276487174999999974e+00 1.886316099999999982e-02 4.202529999999999894e-04 1.000000000000000000e+00 1.879489999999999980e-02 1.890669999999999851e-02
1.276912669999999972e+00 1.890700000000000019e-02 4.208150000000000020e-04 1.000000000000000000e+00 1.883929999999999980e-02 1.895169999999999841e-02
1.277338308000000033e+00 1.895024199999999909e-02 4.213709999999999743e-04 1.000000000000000000e+00 1.888360000000000039e-02 1.899649999999999950e-02
1.277764086999999993e+00 1.899227200000000101e-02 4.219170000000000060e-04 1.000000000000000000e+00 1.892730000000000107e-02 1.904060000000000127e-02
1.278190009000000016e+00 1.903242299999999970e-02 4.224480000000000184e-04 1.000000000000000000e+00 1.896990000000000134e-02 1.908359999999999917e-02
1.278616071999999937e+00 1.907010300000000144e-02 4.229580000000000253e-04 1.000000000000000000e+00 1.901059999999999903e-02 1.912470000000000142e-02
1.279042277999999921e+00 1.910491400000000062e-02 4.234430000000000182e-04 1.000000000000000000e+00 1.904899999999999996e-02 1.916349999999999998e-02
1.279468625000000026e+00 1.913668899999999840e-02 4.239019999999999811e-04 1.000000000000000000e+00 1.908460000000000018e-02 1.919950000000000129e-02
1.279895113999999889e+00 1.916546800000000148e-02 4.243319999999999753e-04 1.000000000000000000e+00 1.911730000000000027e-02 1.923259999999999900e-02
1.280321746000000038e+00 1.919143099999999838e-02 4.247330000000000007e-04 1.000000000000000000e+00 1.914719999999999964e-02 1.926289999999999947e-02
1.280748519999999946e+00 1.921481800000000156e-02 4.251060000000000190e-04 1.000000000000000000e+00 1.917429999999999829e-02 1.929039999999999921e-02
1.281175436000000056e+00 1.923587400000000003e-02 4.254530000000000074e-04 1.000000000000000000e+00 1.919900000000000079e-02 1.931549999999999934e-02
1.281602495000000008e+00 1.925481399999999857e-02 4.257730000000000043e-04 1.000000000000000000e+00 1.922149999999999900e-02 1.933829999999999924e-02
1.282029695999999941e+00 1.927182200000000095e-02 4.260690000000000028e-04 1.000000000000000000e+00 1.924179999999999988e-02 1.935900000000000121e-02
1.282457039000000076e+00 1.928706000000000170e-02 4.263399999999999872e-04 1.000000000000000000e+00 1.926030000000000103e-02 1.937780000000000058e-02
1.282884523999999971e+00 1.930068100000000009e-02 4.265890000000000046e-04 1.000000000000000000e+00 1.927699999999999900e-02 1.939470000000000083e-02
1.283312153000000011e+00 1.931283699999999937e-02 4.268160000000000009e-04 1.000000000000000000e+00 1.929190000000000071e-02 1.940990000000000076e-02
1.283739922999999949e+00 1.932367899999999986e-02 4.270240000000000233e-04 1.000000000000000000e+00 1.930530000000000093e-02 1.942349999999999979e-02
1.284167837000000034e+00 1.933333599999999958e-02 4.272139999999999792e-04 1.000000000000000000e+00 1.931729999999999906e-02 1.943560000000000079e-02
1.284595893000000100e+00 1.934189799999999973e-02 4.273880000000000083e-04 1.000000000000000000e+00 1.932810000000000084e-02 1.944649999999999851e-02
1.285024090999999924e+00 1.934940200000000166e-02 4.275460000000000024e-04 1.000000000000000000e+00 1.933769999999999933e-02 1.945629999999999929e-02
1.285452432999999894e+00 1.935584200000000157e-02 4.276889999999999772e-04 1.000000000000000000e+00 1.934620000000000090e-02 1.946490000000000026e-02
1.285880917000000068e+00 1.936120300000000044e-02 4.278180000000000025e-04 1.000000000000000000e+00 1.935349999999999918e-02 1.947219999999999854e-02
1.286309544000000082e+00 1.936550600000000108e-02 4.279330000000000243e-04 1.000000000000000000e+00 1.935960000000000111e-02 1.947839999999999988e-02
1.286738313999999939e+00 1.936884700000000153e-02 4.280360000000000198e-04 1.000000000000000000e+00 1.936440000000000036e-02 1.948319999999999913e-02
1.287167225999999998e+00 1.937140999999999863e-02 4.281299999999999819e-04 1.000000000000000000e+00 1.936799999999999980e-02 1.948690000000000144e-02
1.287596281999999981e+00 1.937345000000000039e-02 4.282189999999999738e-04 1.000000000000000000e+00 1.937060000000000171e-02 1.948969999999999869e-02
1.288025481000000028e+00 1.937523799999999949e-02 4.283050000000000268e-04 1.000000000000000000e+00 1.937250000000000083e-02 1.949180000000000010e-02
1.288454822999999916e+00 1.937700499999999923e-02 4.283919999999999872e-04 1.000000000000000000e+00 1.937409999999999827e-02 1.949359999999999982e-02
1.288884308000000090e+00 1.937889599999999962e-02 4.284800000000000175e-04 1.000000000000000000e+00 1.937569999999999917e-02 1.949539999999999954e-02
1.289313936000000105e+00 1.938095199999999990e-02 4.285700000000000251e-04 1.000000000000000000e+00 1.937749999999999889e-02 1.949750000000000094e-02
1.289743706999999961e+00 1.938311599999999885e-02 4.286620000000000100e-04 1.000000000000000000e+00 1.937960000000000030e-02 1.949969999999999828e-02
1.290173621999999964e+00 1.938526000000000138e-02 4.287539999999999949e-04 1.000000000000000000e+00 1.938180000000000111e-02 1.950210000000000138e-02
1.290603678999999948e+00 1.938720299999999869e-02 4.288450000000000183e-04 1.000000000000000000e+00 1.938399999999999845e-02 1.950450000000000100e-02
1.291033880999999939e+00 1.938872900000000038e-02 4.289340000000000101e-04 1.000000000000000000e+00 1.938580000000000164e-02 1.950659999999999894e-02
1.291464224999999910e+00 1.938959599999999853e-02 4.290200000000000090e-04 1.000000000000000000e+00 1.938710000000000086e-02 1.950810000000000044e-02
1.291894713000000028e+00 1.938954899999999898e-02 4.291030000000000148e-04 1.000000000000000000e+00 1.938770000000000077e-02 1.950889999999999916e-02
1.292325345000000070e+00 1.938836000000000032e-02 4.291809999999999961e-04 1.000000000000000000e+00 1.938729999999999967e-02 1.950879999999999975e-02
1.292756119999999953e+00 1.938588000000000117e-02 4.292510000000000141e-04 1.000000000000000000e+00 1.938600000000000045e-02 1.950779999999999875e-02
1.293187038999999983e+00 1.938209200000000007e-02 4.293130000000000145e-04 1.000000000000000000e+00 1.938370000000000024e-02 1.950589999999999963e-02
1.293618101000000076e+00 1.937715699999999902e-02 4.293610000000000113e-04 1.000000000000000000e+00 1.938070000000000070e-02 1.950309999999999891e-02
1.294049307000000093e+00 1.937140600000000074e-02 4.293960000000000203e-04 1.000000000000000000e+00 1.937689999999999899e-02 1.949959999999999888e-02
1.294480657000000035e+00 1.936529899999999901e-02 4.294170000000000257e-04 1.000000000000000000e+00 1.937260000000000024e-02 1.949539999999999954e-02
1.294912150999999900e+00 1.935932599999999962e-02 4.294249999999999890e-04 1.000000000000000000e+00 1.936799999999999980e-02 1.949089999999999850e-02
1.295343788000000051e+00 1.935390099999999974e-02 4.294260000000000048e-04 1.000000000000000000e+00 1.936339999999999936e-02 1.948630000000000154e-02
1.295775568999999905e+00 1.934924699999999997e-02 4.294219999999999960e-04 1.000000000000000000e+00 1.935889999999999833e-02 1.948170000000000110e-02
1.296207493999999905e+00 1.934533000000000086e-02 4.294200000000000187e-04 1.000000000000000000e+00 1.935469999999999899e-02 1.947749999999999829e-02
1.296639563999999911e+00 1.934184799999999829e-02 4.294209999999999802e-04 1.000000000000000000e+00 1.935069999999999846e-02 1.947339999999999835e-02
1.297071776999999981e+00 1.933829899999999977e-02 4.294239999999999733e-04 1.000000000000000000e+00 1.934680000000000080e-02 1.946950000000000069e-02
1.297504133999999976e+00 1.933413999999999966e-02 4.294289999999999978e-04 1.000000000000000000e+00 1.934270000000000087e-02 1.946540000000000076e-02
1.297936634999999894e+00 1.932894599999999963e-02 4.294319999999999908e-04 1.000000000000000000e+00 1.933819999999999983e-02 1.946089999999999973e-02
1.298369281000000042e+00 1.932255999999999904e-02 4.294289999999999978e-04 1.000000000000000000e+00 1.933280000000000068e-02 1.945559999999999998e-02
1.298802070999999891e+00 1.931511199999999887e-02 4.294170000000000257e-04 1.000000000000000000e+00 1.932659999999999934e-02 1.944939999999999863e-02
1.299235005000000109e+00 1.930689199999999911e-02 4.293969999999999818e-04 1.000000000000000000e+00 1.931949999999999987e-02 1.944239999999999857e-02
1.299668083000000030e+00 1.929815000000000003e-02 4.293689999999999746e-04 1.000000000000000000e+00 1.931170000000000109e-02 1.943459999999999979e-02
1.300101305999999957e+00 1.928885500000000058e-02 4.293349999999999814e-04 1.000000000000000000e+00 1.930329999999999893e-02 1.942630000000000051e-02
1.300534673000000030e+00 1.927861499999999895e-02 4.292930000000000248e-04 1.000000000000000000e+00 1.929420000000000093e-02 1.941719999999999904e-02
1.300968184000000027e+00 1.926677400000000040e-02 4.292419999999999808e-04 1.000000000000000000e+00 1.928409999999999846e-02 1.940710000000000005e-02
1.301401840000000032e+00 1.925271799999999853e-02 4.291750000000000100e-04 1.000000000000000000e+00 1.927239999999999856e-02 1.939549999999999955e-02
1.301835641000000043e+00 1.923619500000000107e-02 4.290890000000000112e-04 1.000000000000000000e+00 1.925879999999999953e-02 1.938199999999999992e-02
1.302269585999999979e+00 1.921755899999999864e-02 4.289809999999999912e-04 1.000000000000000000e+00 1.924309999999999909e-02 1.936629999999999949e-02
1.302703675999999922e+00 1.919772200000000040e-02 4.288539999999999974e-04 1.000000000000000000e+00 1.922559999999999894e-02 1.934879999999999933e-02
1.303137911000000093e+00 1.917789400000000088e-02 4.287140000000000156e-04 1.000000000000000000e+00 1.920689999999999897e-02 1.933009999999999937e-02
1.303572289999999967e+00 1.915917199999999862e-02 4.285690000000000094e-04 1.000000000000000000e+00 1.918800000000000019e-02 1.931120000000000059e-02
1.304006814000000070e+00 1.914221699999999957e-02 4.284299999999999892e-04 1.000000000000000000e+00 1.916990000000000013e-02 1.929300000000000112e-02
1.304441482999999957e+00 1.912713799999999839e-02 4.283010000000000181e-04 1.000000000000000000e+00 1.915309999999999929e-02 1.927620000000000028e-02
1.304876297000000074e+00 1.911362700000000109e-02 4.281849999999999806e-04 1.000000000000000000e+00 1.913799999999999876e-02 1.926100000000000034e-02
1.305311255999999975e+00 1.910124399999999986e-02 4.280779999999999763e-04 1.000000000000000000e+00 1.912439999999999973e-02 1.924719999999999903e-02
1.305746359000000023e+00 1.908963500000000063e-02 4.279800000000000054e-04 1.000000000000000000e+00 1.911190000000000111e-02 1.923450000000000160e-02
1.306181607999999938e+00 1.907862700000000078e-02 4.278859999999999890e-04 1.000000000000000000e+00 1.910030000000000061e-02 1.922269999999999882e-02
1.306617002000000083e+00 1.906814600000000109e-02 4.277969999999999971e-04 1.000000000000000000e+00 1.908930000000000002e-02 1.921140000000000000e-02
1.307052541000000012e+00 1.905808700000000133e-02 4.277109999999999983e-04 1.000000000000000000e+00 1.907860000000000111e-02 1.920049999999999882e-02
1.307488224999999948e+00 1.904825400000000057e-02 4.276290000000000082e-04 1.000000000000000000e+00 1.906820000000000043e-02 1.918989999999999932e-02
1.307924054999999974e+00 1.903840700000000025e-02 4.275519999999999885e-04 1.000000000000000000e+00 1.905789999999999915e-02 1.917929999999999982e-02
1.308360028999999924e+00 1.902832800000000060e-02 4.274780000000000160e-04 1.000000000000000000e+00 1.904729999999999965e-02 1.916860000000000092e-02
1.308796148999999964e+00 1.901783599999999977e-02 4.274090000000000137e-04 1.000000000000000000e+00 1.903639999999999846e-02 1.915760000000000032e-02
1.309232415000000094e+00 1.900660800000000122e-02 4.273409999999999731e-04 1.000000000000000000e+00 1.902490000000000084e-02 1.914609999999999923e-02
1.309668824999999925e+00 1.899398100000000006e-02 4.272729999999999866e-04 1.000000000000000000e+00 1.901279999999999984e-02 1.913410000000000111e-02
1.310105381999999929e+00 1.897889999999999994e-02 4.271979999999999983e-04 1.000000000000000000e+00 1.899939999999999962e-02 1.912080000000000030e-02
1.310542083999999941e+00 1.896016600000000052e-02 4.271049999999999977e-04 1.000000000000000000e+00 1.898410000000000028e-02 1.910569999999999977e-02
1.310978930999999958e+00 1.893703600000000084e-02 4.269799999999999811e-04 1.000000000000000000e+00 1.896600000000000022e-02 1.908779999999999852e-02
1.311415924000000066e+00 1.890989900000000085e-02 4.268140000000000237e-04 1.000000000000000000e+00 1.894459999999999894e-02 1.906650000000000011e-02
1.311853063000000041e+00 1.888072400000000151e-02 4.266079999999999785e-04 1.000000000000000000e+00 1.892030000000000101e-02 1.904209999999999930e-02
1.312290347000000024e+00 1.885287100000000021e-02 4.263760000000000119e-04 1.000000000000000000e+00 1.889439999999999870e-02 1.901610000000000106e-02
1.312727777000000096e+00 1.883028100000000080e-02 4.261429999999999754e-04 1.000000000000000000e+00 1.886929999999999857e-02 1.899090000000000153e-02
1.313165353000000035e+00 1.881626600000000163e-02 4.259460000000000177e-04 1.000000000000000000e+00 1.884819999999999898e-02 1.896950000000000025e-02
1.313603075000000064e+00 1.881231300000000065e-02 4.258139999999999994e-04 1.000000000000000000e+00 1.883349999999999955e-02 1.895459999999999853e-02
1.314040942000000101e+00 1.881742999999999957e-02 4.257679999999999798e-04 1.000000000000000000e+00 1.882669999999999830e-02 1.894759999999999847e-02
1.314478956000000087e+00 1.882821499999999884e-02 4.258050000000000203e-04 1.000000000000000000e+00 1.882730000000000167e-02 1.894809999999999897e-02
1.314917115999999941e+00 1.883965900000000165e-02 4.259019999999999755e-04 1.000000000000000000e+00 1.883320000000000133e-02 1.895379999999999981e-02
1.315355421000000025e+00 1.884633499999999878e-02 4.260189999999999745e-04 1.000000000000000000e+00 1.884049999999999961e-02 1.896099999999999869e-02
1.315793873000000058e+00 1.884368399999999943e-02 4.261070000000000049e-04 1.000000000000000000e+00 1.884490000000000123e-02 1.896540000000000031e-02
1.316232470999999959e+00 1.882897700000000021e-02 4.261240000000000015e-04 1.000000000000000000e+00 1.884260000000000101e-02 1.896300000000000069e-02
1.316671214999999950e+00 1.880184000000000022e-02 4.260369999999999869e-04 1.000000000000000000e+00 1.883080000000000170e-02 1.895099999999999910e-02
1.317110105999999892e+00 1.876428999999999944e-02 4.258350000000000047e-04 1.000000000000000000e+00 1.880849999999999883e-02 1.892860000000000029e-02
1.317549142000000062e+00 1.872027799999999992e-02 4.255290000000000114e-04 1.000000000000000000e+00 1.877679999999999974e-02 1.889659999999999951e-02
1.317988324999999961e+00 1.867489199999999849e-02 4.251500000000000071e-04 1.000000000000000000e+00 1.873839999999999881e-02 1.885799999999999976e-02
1.318427655000000032e+00 1.863333600000000034e-02 4.247410000000000183e-04 1.000000000000000000e+00 1.869739999999999944e-02 1.881669999999999870e-02
1.318867130999999970e+00 1.859989700000000065e-02 4.243510000000000034e-04 1.000000000000000000e+00 1.865800000000000097e-02 1.877710000000000143e-02
1.319306752999999999e+00 1.857714200000000135e-02 4.240250000000000204e-04 1.000000000000000000e+00 1.862429999999999988e-02 1.874320000000000153e-02
1.319746521999999977e+00 1.856556900000000052e-02 4.237900000000000065e-04 1.000000000000000000e+00 1.859900000000000095e-02 1.871770000000000031e-02
1.320186437999999907e+00 1.856384300000000001e-02 4.236609999999999812e-04 1.000000000000000000e+00 1.858310000000000170e-02 1.870180000000000106e-02
1.320626499999999925e+00 1.856954499999999980e-02 4.236309999999999967e-04 1.000000000000000000e+00 1.857639999999999986e-02 1.869499999999999981e-02
1.321066708999999895e+00 1.858011999999999858e-02 4.236840000000000181e-04 1.000000000000000000e+00 1.857740000000000086e-02 1.869590000000000141e-02
1.321507063999999954e+00 1.859369400000000089e-02 4.237980000000000241e-04 1.000000000000000000e+00 1.858399999999999982e-02 1.870250000000000037e-02
1.321947567000000046e+00 1.860938999999999996e-02 4.239560000000000182e-04 1.000000000000000000e+00 1.859480000000000161e-02 1.871329999999999869e-02
1.322388216000000005e+00 1.862699400000000088e-02 4.241459999999999740e-04 1.000000000000000000e+00 1.860850000000000004e-02 1.872700000000000059e-02
1.322829011999999915e+00 1.864616800000000116e-02 4.243629999999999755e-04 1.000000000000000000e+00 1.862460000000000157e-02 1.874309999999999865e-02
1.323269954999999998e+00 1.866552100000000089e-02 4.245969999999999736e-04 1.000000000000000000e+00 1.864230000000000054e-02 1.876090000000000049e-02
1.323711045000000031e+00 1.868201800000000162e-02 4.248349999999999804e-04 1.000000000000000000e+00 1.866019999999999832e-02 1.877879999999999827e-02
1.324152282000000014e+00 1.869107000000000060e-02 4.250440000000000186e-04 1.000000000000000000e+00 1.867569999999999994e-02 1.879429999999999990e-02
1.324593665999999947e+00 1.868726899999999941e-02 4.251829999999999846e-04 1.000000000000000000e+00 1.868500000000000022e-02 1.880360000000000018e-02
1.325035197000000053e+00 1.866564299999999912e-02 4.251990000000000196e-04 1.000000000000000000e+00 1.868360000000000160e-02 1.880199999999999927e-02
1.325476875000000110e+00 1.862296999999999911e-02 4.250419999999999871e-04 1.000000000000000000e+00 1.866709999999999897e-02 1.878530000000000130e-02
1.325918700999999977e+00 1.855865799999999871e-02 4.246760000000000248e-04 1.000000000000000000e+00 1.863249999999999976e-02 1.875020000000000159e-02
1.326360674000000017e+00 1.847500200000000078e-02 4.240849999999999893e-04 1.000000000000000000e+00 1.857860000000000067e-02 1.869569999999999912e-02
1.326802794000000008e+00 1.837661499999999892e-02 4.232819999999999768e-04 1.000000000000000000e+00 1.850660000000000152e-02 1.862290000000000126e-02
1.327245062000000031e+00 1.826929999999999873e-02 4.222979999999999876e-04 1.000000000000000000e+00 1.841980000000000006e-02 1.853509999999999880e-02
1.327687477000000005e+00 1.815879100000000052e-02 4.211829999999999958e-04 1.000000000000000000e+00 1.832270000000000079e-02 1.843679999999999972e-02
1.328130038999999929e+00 1.804968699999999829e-02 4.199890000000000068e-04 1.000000000000000000e+00 1.822000000000000008e-02 1.833279999999999979e-02
1.328572749000000108e+00 1.794512499999999927e-02 4.187649999999999793e-04 1.000000000000000000e+00 1.811600000000000016e-02 1.822750000000000065e-02
1.329015607000000099e+00 1.784715699999999891e-02 4.175490000000000234e-04 1.000000000000000000e+00 1.801420000000000105e-02 1.812420000000000003e-02
1.329458612000000040e+00 1.775763500000000078e-02 4.163729999999999927e-04 1.000000000000000000e+00 1.791699999999999890e-02 1.802549999999999986e-02
1.329901765000000013e+00 1.767908300000000169e-02 4.152639999999999869e-04 1.000000000000000000e+00 1.782689999999999969e-02 1.793399999999999855e-02
1.330345066000000021e+00 1.761507299999999845e-02 4.142579999999999765e-04 1.000000000000000000e+00 1.774660000000000126e-02 1.785219999999999863e-02
1.330788513999999978e+00 1.756979599999999864e-02 4.133930000000000178e-04 1.000000000000000000e+00 1.767940000000000136e-02 1.778369999999999951e-02
1.331232109999999969e+00 1.754688800000000007e-02 4.127140000000000062e-04 1.000000000000000000e+00 1.762910000000000171e-02 1.773210000000000064e-02
1.331675853999999992e+00 1.754805200000000148e-02 4.122609999999999751e-04 1.000000000000000000e+00 1.759890000000000065e-02 1.770060000000000036e-02
1.332119746000000049e+00 1.757195400000000074e-02 4.120549999999999842e-04 1.000000000000000000e+00 1.759029999999999969e-02 1.769110000000000127e-02
1.332563785999999917e+00 1.761388300000000032e-02 4.120899999999999932e-04 1.000000000000000000e+00 1.760279999999999831e-02 1.770259999999999889e-02
1.333007974000000040e+00 1.766641099999999992e-02 4.123290000000000158e-04 1.000000000000000000e+00 1.763270000000000115e-02 1.773169999999999955e-02
1.333452309999999974e+00 1.772075399999999828e-02 4.127059999999999887e-04 1.000000000000000000e+00 1.767410000000000161e-02 1.777259999999999951e-02
1.333896793999999941e+00 1.776857399999999879e-02 4.131440000000000004e-04 1.000000000000000000e+00 1.771970000000000142e-02 1.781769999999999882e-02
1.334341425999999942e+00 1.780365600000000104e-02 4.135610000000000067e-04 1.000000000000000000e+00 1.776200000000000001e-02 1.785969999999999919e-02
1.334786207000000058e+00 1.782300399999999993e-02 4.138969999999999845e-04 1.000000000000000000e+00 1.779530000000000001e-02 1.789280000000000037e-02
1.335231135999999985e+00 1.782706100000000168e-02 4.141139999999999860e-04 1.000000000000000000e+00 1.781589999999999910e-02 1.791330000000000006e-02
1.335676212999999946e+00 1.781900800000000076e-02 4.142069999999999867e-04 1.000000000000000000e+00 1.782320000000000085e-02 1.792059999999999834e-02
1.336121437999999939e+00 1.780338899999999933e-02 4.141959999999999761e-04 1.000000000000000000e+00 1.781910000000000091e-02 1.791660000000000127e-02
1.336566812000000048e+00 1.778451899999999863e-02 4.141150000000000018e-04 1.000000000000000000e+00 1.780690000000000051e-02 1.790450000000000028e-02
1.337012333999999969e+00 1.776539300000000085e-02 4.139990000000000185e-04 1.000000000000000000e+00 1.779019999999999907e-02 1.788800000000000112e-02
1.337458005000000005e+00 1.774728299999999911e-02 4.138759999999999791e-04 1.000000000000000000e+00 1.777199999999999960e-02 1.787000000000000047e-02
1.337903824000000075e+00 1.773019300000000173e-02 4.137570000000000028e-04 1.000000000000000000e+00 1.775399999999999895e-02 1.785209999999999922e-02
1.338349792000000038e+00 1.771355599999999836e-02 4.136440000000000125e-04 1.000000000000000000e+00 1.773689999999999989e-02 1.783509999999999956e-02
1.338795908999999895e+00 1.769669299999999945e-02 4.135310000000000223e-04 1.000000000000000000e+00 1.772050000000000014e-02 1.781879999999999922e-02
1.339242174000000007e+00 1.767858300000000119e-02 4.134089999999999987e-04 1.000000000000000000e+00 1.770439999999999861e-02 1.780270000000000116e-02
1.339688588000000014e+00 1.765678000000000039e-02 4.132620000000000152e-04 1.000000000000000000e+00 1.768729999999999955e-02 1.778539999999999982e-02
1.340135150999999913e+00 1.762630600000000131e-02 4.130620000000000103e-04 1.000000000000000000e+00 1.766650000000000165e-02 1.776449999999999904e-02
1.340581862999999929e+00 1.757918300000000170e-02 4.127579999999999943e-04 1.000000000000000000e+00 1.763740000000000099e-02 1.773510000000000017e-02
1.341028722999999978e+00 1.750531699999999941e-02 4.122730000000000014e-04 1.000000000000000000e+00 1.759300000000000100e-02 1.769019999999999967e-02
1.341475733000000004e+00 1.739480800000000119e-02 4.115119999999999998e-04 1.000000000000000000e+00 1.752460000000000129e-02 1.762139999999999887e-02
1.341922891000000062e+00 1.724088199999999904e-02 4.103800000000000113e-04 1.000000000000000000e+00 1.742379999999999970e-02 1.752000000000000085e-02
1.342370199000000097e+00 1.704204399999999925e-02 4.088019999999999935e-04 1.000000000000000000e+00 1.728450000000000125e-02 1.737990000000000021e-02
1.342817656000000026e+00 1.680249199999999873e-02 4.067470000000000005e-04 1.000000000000000000e+00 1.710419999999999996e-02 1.719880000000000020e-02
1.343265262000000071e+00 1.653032000000000112e-02 4.042340000000000061e-04 1.000000000000000000e+00 1.688529999999999892e-02 1.697879999999999875e-02
1.343713017000000010e+00 1.623419499999999988e-02 4.013159999999999774e-04 1.000000000000000000e+00 1.663320000000000076e-02 1.672550000000000078e-02
1.344160921000000064e+00 1.592016699999999896e-02 3.980580000000000164e-04 1.000000000000000000e+00 1.635429999999999870e-02 1.644529999999999950e-02
1.344608975000000095e+00 1.559020099999999971e-02 3.945120000000000202e-04 1.000000000000000000e+00 1.605380000000000001e-02 1.614339999999999872e-02
1.345057178000000020e+00 1.524312700000000041e-02 3.907010000000000257e-04 1.000000000000000000e+00 1.573449999999999849e-02 1.582249999999999976e-02
1.345505530000000061e+00 1.487762599999999970e-02 3.866200000000000084e-04 1.000000000000000000e+00 1.539689999999999982e-02 1.548320000000000078e-02
1.345954032000000078e+00 1.449560000000000085e-02 3.822650000000000136e-04 1.000000000000000000e+00 1.504130000000000050e-02 1.512580000000000001e-02
1.346402682999999989e+00 1.410390100000000028e-02 3.776539999999999997e-04 1.000000000000000000e+00 1.467000000000000075e-02 1.475259999999999939e-02
1.346851484000000099e+00 1.371327500000000046e-02 3.728499999999999827e-04 1.000000000000000000e+00 1.428880000000000081e-02 1.436929999999999978e-02
1.347300434999999963e+00 1.333494300000000014e-02 3.679579999999999895e-04 1.000000000000000000e+00 1.390599999999999996e-02 1.398439999999999926e-02
1.347749534999999943e+00 1.297616700000000026e-02 3.630910000000000105e-04 1.000000000000000000e+00 1.353060000000000027e-02 1.360699999999999930e-02
1.348198784999999900e+00 1.263712999999999989e-02 3.583339999999999746e-04 1.000000000000000000e+00 1.316900000000000015e-02 1.324329999999999952e-02
1.348648183999999972e+00 1.231054300000000018e-02 3.537109999999999885e-04 1.000000000000000000e+00 1.282230000000000002e-02 1.289470000000000026e-02
1.349097734000000104e+00 1.198394900000000068e-02 3.491669999999999995e-04 1.000000000000000000e+00 1.248619999999999938e-02 1.255659999999999936e-02
1.349547432999999907e+00 1.164348800000000045e-02 3.445809999999999997e-04 1.000000000000000000e+00 1.215169999999999965e-02 1.222020000000000051e-02
1.349997281999999910e+00 1.127752800000000021e-02 3.397990000000000038e-04 1.000000000000000000e+00 1.180789999999999965e-02 1.187449999999999964e-02
1.350447281000000110e+00 1.087872500000000055e-02 3.346690000000000038e-04 1.000000000000000000e+00 1.144470000000000036e-02 1.150920000000000068e-02
1.350897430000000066e+00 1.044464500000000066e-02 3.290659999999999831e-04 1.000000000000000000e+00 1.105459999999999950e-02 1.111679999999999960e-02
1.351347728999999998e+00 9.977493699999999410e-03 3.229109999999999988e-04 1.000000000000000000e+00 1.063369999999999940e-02 1.069359999999999929e-02
1.351798178999999989e+00 9.483966099999999524e-03 3.161789999999999826e-04 1.000000000000000000e+00 1.018250000000000058e-02 1.023989999999999970e-02
1.352248778000000096e+00 8.975427399999999500e-03 3.089039999999999820e-04 1.000000000000000000e+00 9.705790000000000597e-03 9.760460000000000316e-03
1.352699528000000040e+00 8.467792599999999364e-03 3.011949999999999784e-04 1.000000000000000000e+00 9.212690000000000809e-03 9.264609999999999512e-03
1.353150427000000100e+00 7.980264500000000538e-03 2.932370000000000115e-04 1.000000000000000000e+00 8.716740000000000599e-03 8.765910000000000021e-03
1.353601478000000080e+00 7.532339899999999748e-03 2.852870000000000080e-04 1.000000000000000000e+00 8.234470000000000678e-03 8.280990000000000226e-03
1.354052677999999954e+00 7.139554200000000281e-03 2.776419999999999821e-04 1.000000000000000000e+00 7.783049999999999691e-03 7.827090000000000089e-03
1.354504029000000109e+00 6.809211899999999783e-03 2.705809999999999899e-04 1.000000000000000000e+00 7.376770000000000375e-03 7.418590000000000080e-03
1.354955530000000019e+00 6.537927899999999674e-03 2.642969999999999803e-04 1.000000000000000000e+00 7.023749999999999612e-03 7.063640000000000370e-03
1.355407181999999988e+00 6.312016000000000154e-03 2.588390000000000200e-04 1.000000000000000000e+00 6.723619999999999597e-03 6.761879999999999627e-03
1.355858985000000017e+00 6.110767700000000260e-03 2.540910000000000174e-04 1.000000000000000000e+00 6.467449999999999588e-03 6.504290000000000245e-03
1.356310938000000021e+00 5.911512399999999980e-03 2.497959999999999916e-04 1.000000000000000000e+00 6.239719999999999815e-03 6.275300000000000149e-03
1.356763041000000003e+00 5.694752699999999779e-03 2.456199999999999963e-04 1.000000000000000000e+00 6.022070000000000027e-03 6.056419999999999859e-03
1.357215295999999904e+00 5.447828600000000250e-03 2.412240000000000066e-04 1.000000000000000000e+00 5.797240000000000379e-03 5.830310000000000006e-03
1.357667701000000005e+00 5.166588399999999873e-03 2.363389999999999881e-04 1.000000000000000000e+00 5.552449999999999573e-03 5.584119999999999709e-03
1.358120256999999942e+00 4.855219699999999833e-03 2.308020000000000037e-04 1.000000000000000000e+00 5.281420000000000212e-03 5.311540000000000011e-03
1.358572963000000078e+00 4.525060299999999688e-03 2.245829999999999875e-04 1.000000000000000000e+00 4.984960000000000085e-03 5.013390000000000381e-03
1.359025820999999912e+00 4.193052600000000268e-03 2.177899999999999866e-04 1.000000000000000000e+00 4.670630000000000268e-03 4.697279999999999858e-03
1.359478830000000027e+00 3.879841199999999827e-03 2.106699999999999870e-04 1.000000000000000000e+00 4.351700000000000013e-03 4.376539999999999944e-03
1.359931988999999897e+00 3.607349499999999883e-03 2.035980000000000114e-04 1.000000000000000000e+00 4.045510000000000425e-03 4.068630000000000163e-03
1.360385299999999908e+00 3.395450700000000183e-03 1.970460000000000104e-04 1.000000000000000000e+00 3.771239999999999922e-03 3.792820000000000132e-03
1.360838761999999980e+00 3.258131300000000150e-03 1.915259999999999955e-04 1.000000000000000000e+00 3.547020000000000121e-03 3.567340000000000007e-03
1.361292375000000110e+00 3.200302800000000194e-03 1.874839999999999959e-04 1.000000000000000000e+00 3.386619999999999908e-03 3.406039999999999936e-03
1.361746139000000078e+00 3.216307199999999915e-03 1.851889999999999916e-04 1.000000000000000000e+00 3.296649999999999928e-03 3.315559999999999948e-03
1.362200054000000105e+00 3.291213199999999933e-03 1.846589999999999950e-04 1.000000000000000000e+00 3.275119999999999854e-03 3.293920000000000094e-03
1.362654121000000051e+00 3.404409499999999904e-03 1.856489999999999974e-04 1.000000000000000000e+00 3.312020000000000155e-03 3.331039999999999956e-03
1.363108339000000058e+00 3.534179900000000013e-03 1.877330000000000134e-04 1.000000000000000000e+00 3.391649999999999960e-03 3.411130000000000065e-03
1.363562707999999901e+00 3.661573500000000168e-03 1.904219999999999871e-04 1.000000000000000000e+00 3.495980000000000094e-03 3.516070000000000046e-03
1.364017229000000109e+00 3.772257499999999951e-03 1.932589999999999872e-04 1.000000000000000000e+00 3.607720000000000024e-03 3.628460000000000019e-03
1.364471902000000014e+00 3.856650300000000198e-03 1.958800000000000016e-04 1.000000000000000000e+00 3.712309999999999915e-03 3.733670000000000131e-03
1.364926725999999979e+00 3.909183899999999975e-03 1.980229999999999979e-04 1.000000000000000000e+00 3.798719999999999788e-03 3.820590000000000010e-03
1.365381701000000003e+00 3.928019500000000212e-03 1.995269999999999889e-04 1.000000000000000000e+00 3.859589999999999983e-03 3.881819999999999802e-03
1.365836827999999947e+00 3.915599700000000315e-03 2.003189999999999908e-04 1.000000000000000000e+00 3.891350000000000017e-03 3.913769999999999576e-03
1.366292107000000033e+00 3.879337000000000063e-03 2.004250000000000064e-04 1.000000000000000000e+00 3.894700000000000072e-03 3.917160000000000260e-03
1.366747538000000040e+00 3.831180600000000207e-03 1.999720000000000024e-04 1.000000000000000000e+00 3.874879999999999818e-03 3.897229999999999792e-03
1.367203120000000105e+00 3.785725299999999870e-03 1.991829999999999935e-04 1.000000000000000000e+00 3.841240000000000106e-03 3.863409999999999848e-03
1.367658854999999951e+00 3.756965399999999834e-03 1.983440000000000105e-04 1.000000000000000000e+00 3.805690000000000028e-03 3.827670000000000031e-03
1.368114741000000079e+00 3.755465300000000034e-03 1.977520000000000135e-04 1.000000000000000000e+00 3.780350000000000030e-03 3.802209999999999878e-03
1.368570778999999904e+00 3.787295899999999858e-03 1.976570000000000085e-04 1.000000000000000000e+00 3.775389999999999996e-03 3.797229999999999963e-03
1.369026969999999954e+00 3.855102100000000042e-03 1.982340000000000133e-04 1.000000000000000000e+00 3.797969999999999905e-03 3.819949999999999908e-03
1.369483312000000064e+00 3.960645799999999890e-03 1.995909999999999937e-04 1.000000000000000000e+00 3.852669999999999879e-03 3.874980000000000091e-03
1.369939806000000093e+00 4.106931599999999634e-03 2.017940000000000131e-04 1.000000000000000000e+00 3.942990000000000383e-03 3.965830000000000050e-03
1.370396452999999903e+00 4.298391099999999965e-03 2.049049999999999906e-04 1.000000000000000000e+00 4.072560000000000242e-03 4.096169999999999672e-03
1.370853252000000078e+00 4.538857099999999908e-03 2.089770000000000017e-04 1.000000000000000000e+00 4.245370000000000046e-03 4.269990000000000417e-03
1.371310202999999950e+00 4.828357099999999735e-03 2.140239999999999959e-04 1.000000000000000000e+00 4.464440000000000075e-03 4.490349999999999724e-03
1.371767305999999964e+00 5.160360499999999857e-03 2.199810000000000068e-04 1.000000000000000000e+00 4.729670000000000055e-03 4.757139999999999980e-03
1.372224561999999981e+00 5.521052099999999851e-03 2.266649999999999991e-04 1.000000000000000000e+00 5.035849999999999702e-03 5.065130000000000153e-03
1.372681969999999918e+00 5.891050999999999579e-03 2.337879999999999917e-04 1.000000000000000000e+00 5.371940000000000395e-03 5.403220000000000245e-03
1.373139531000000080e+00 6.249058699999999848e-03 2.409930000000000015e-04 1.000000000000000000e+00 5.722170000000000381e-03 5.755539999999999962e-03
1.373597243999999939e+00 6.575800899999999574e-03 2.479210000000000138e-04 1.000000000000000000e+00 6.068460000000000347e-03 6.103909999999999718e-03
1.374055110000000024e+00 6.856869399999999948e-03 2.542609999999999836e-04 1.000000000000000000e+00 6.393369999999999782e-03 6.430789999999999597e-03
1.374513128000000028e+00 7.083464900000000126e-03 2.597850000000000072e-04 1.000000000000000000e+00 6.682480000000000191e-03 6.721659999999999961e-03
1.374971299000000036e+00 7.251197499999999761e-03 2.643500000000000016e-04 1.000000000000000000e+00 6.925380000000000077e-03 6.966059999999999613e-03
1.375429623000000046e+00 7.357595199999999828e-03 2.678809999999999785e-04 1.000000000000000000e+00 7.115230000000000166e-03 7.157099999999999573e-03
1.375888100000000058e+00 7.399670300000000221e-03 2.703299999999999952e-04 1.000000000000000000e+00 7.247289999999999982e-03 7.289999999999999605e-03
1.376346728999999991e+00 7.372677200000000292e-03 2.716470000000000234e-04 1.000000000000000000e+00 7.317210000000000207e-03 7.360410000000000390e-03
1.376805510999999926e+00 7.270553699999999717e-03 2.717579999999999822e-04 1.000000000000000000e+00 7.320039999999999880e-03 7.363309999999999647e-03
1.377264446000000087e+00 7.088085400000000182e-03 2.705660000000000248e-04 1.000000000000000000e+00 7.250369999999999905e-03 7.293290000000000016e-03
1.377723534000000027e+00 6.823986199999999835e-03 2.679720000000000019e-04 1.000000000000000000e+00 7.103789999999999584e-03 7.145900000000000168e-03
1.378182776000000054e+00 6.483695999999999730e-03 2.639109999999999742e-04 1.000000000000000000e+00 6.879109999999999912e-03 6.919950000000000233e-03
1.378642170000000000e+00 6.080979400000000382e-03 2.583929999999999907e-04 1.000000000000000000e+00 6.580550000000000115e-03 6.619690000000000123e-03
1.379101716999999949e+00 5.637765099999999911e-03 2.515360000000000122e-04 1.000000000000000000e+00 6.219249999999999952e-03 6.256310000000000170e-03
1.379561417999999984e+00 5.182153099999999707e-03 2.435899999999999903e-04 1.000000000000000000e+00 5.813379999999999936e-03 5.848090000000000233e-03
1.380021272000000021e+00 4.745168900000000002e-03 2.349399999999999969e-04 1.000000000000000000e+00 5.386870000000000200e-03 5.419120000000000360e-03
1.380481279000000061e+00 4.357098600000000425e-03 2.260949999999999961e-04 1.000000000000000000e+00 4.967100000000000334e-03 4.996930000000000122e-03
1.380941439000000104e+00 4.044220099999999880e-03 2.176590000000000111e-04 1.000000000000000000e+00 4.581909999999999802e-03 4.609519999999999763e-03
1.381401753000000010e+00 3.826253200000000014e-03 2.102709999999999931e-04 1.000000000000000000e+00 4.256710000000000355e-03 4.282440000000000205e-03
1.381862219999999919e+00 3.714980000000000105e-03 2.045410000000000056e-04 1.000000000000000000e+00 4.012019999999999822e-03 4.036350000000000181e-03
1.382322840999999913e+00 3.713869800000000124e-03 2.009529999999999986e-04 1.000000000000000000e+00 3.861859999999999946e-03 3.885350000000000088e-03
1.382783614999999910e+00 3.818541300000000051e-03 1.997939999999999916e-04 1.000000000000000000e+00 3.812959999999999787e-03 3.836219999999999995e-03
1.383244542999999993e+00 4.017974199999999746e-03 2.010960000000000004e-04 1.000000000000000000e+00 3.864789999999999892e-03 3.888430000000000011e-03
1.383705624999999939e+00 4.296192499999999630e-03 2.046489999999999984e-04 1.000000000000000000e+00 4.010309999999999570e-03 4.034890000000000178e-03
1.384166860000000110e+00 4.634281900000000384e-03 2.100559999999999960e-04 1.000000000000000000e+00 4.237249999999999697e-03 4.263280000000000368e-03
1.384628248999999922e+00 5.012723099999999779e-03 2.168249999999999984e-04 1.000000000000000000e+00 4.529860000000000136e-03 4.557760000000000110e-03
1.385089792000000042e+00 5.413776300000000020e-03 2.244579999999999980e-04 1.000000000000000000e+00 4.870959999999999700e-03 4.901029999999999796e-03
1.385551487999999942e+00 5.823383399999999821e-03 2.325229999999999962e-04 1.000000000000000000e+00 5.244050000000000100e-03 5.276490000000000000e-03
1.386013339000000011e+00 6.232189699999999763e-03 2.406879999999999968e-04 1.000000000000000000e+00 5.635089999999999717e-03 5.670019999999999574e-03
1.386475343000000082e+00 6.634798800000000184e-03 2.487319999999999896e-04 1.000000000000000000e+00 6.033469999999999979e-03 6.070919999999999615e-03
1.386937502000000100e+00 7.027340299999999644e-03 2.565189999999999745e-04 1.000000000000000000e+00 6.431649999999999694e-03 6.471600000000000096e-03
1.387399813999999898e+00 7.403859199999999682e-03 2.639540000000000007e-04 1.000000000000000000e+00 6.823450000000000001e-03 6.865859999999999672e-03
1.387862281000000086e+00 7.753034800000000067e-03 2.709330000000000028e-04 1.000000000000000000e+00 7.201479999999999687e-03 7.246240000000000146e-03
1.388324901000000056e+00 8.056971200000000513e-03 2.772920000000000007e-04 1.000000000000000000e+00 7.554599999999999857e-03 7.601540000000000380e-03
1.388787675999999971e+00 8.293098999999999957e-03 2.827989999999999736e-04 1.000000000000000000e+00 7.866919999999999469e-03 7.915780000000000732e-03
1.389250606000000055e+00 8.439109300000000730e-03 2.871729999999999964e-04 1.000000000000000000e+00 8.119090000000000681e-03 8.169489999999999738e-03
1.389713688999999919e+00 8.479022299999999790e-03 2.901399999999999834e-04 1.000000000000000000e+00 8.291740000000000568e-03 8.343200000000000269e-03
1.390176926999999951e+00 8.407981499999999872e-03 2.914920000000000206e-04 1.000000000000000000e+00 8.369959999999999206e-03 8.421899999999999525e-03
1.390640319000000069e+00 8.233789199999999239e-03 2.911410000000000235e-04 1.000000000000000000e+00 8.347159999999999302e-03 8.398980000000000334e-03
1.391103865999999911e+00 7.974603199999999448e-03 2.891370000000000203e-04 1.000000000000000000e+00 8.226739999999999747e-03 8.277839999999999851e-03
1.391567567000000061e+00 7.654380599999999896e-03 2.856579999999999948e-04 1.000000000000000000e+00 8.021089999999999817e-03 8.070960000000000287e-03
1.392031422999999934e+00 7.298542899999999750e-03 2.809719999999999926e-04 1.000000000000000000e+00 7.748810000000000073e-03 7.797049999999999814e-03
1.392495433999999976e+00 6.932073399999999670e-03 2.754060000000000123e-04 1.000000000000000000e+00 7.431759999999999929e-03 7.478099999999999678e-03
1.392959599000000104e+00 6.580546300000000154e-03 2.693330000000000181e-04 1.000000000000000000e+00 7.093379999999999824e-03 7.137680000000000413e-03
1.393423918999999955e+00 6.272382200000000026e-03 2.631859999999999972e-04 1.000000000000000000e+00 6.758819999999999585e-03 6.801109999999999968e-03
1.393888392999999892e+00 6.039463000000000123e-03 2.574899999999999758e-04 1.000000000000000000e+00 6.455759999999999624e-03 6.496230000000000407e-03
1.394353023000000080e+00 5.913444099999999939e-03 2.528599999999999880e-04 1.000000000000000000e+00 6.214130000000000001e-03 6.253169999999999736e-03
1.394817806999999910e+00 5.917421600000000170e-03 2.499280000000000100e-04 1.000000000000000000e+00 6.062820000000000015e-03 6.100989999999999712e-03
1.395282745999999907e+00 6.055728500000000410e-03 2.491819999999999734e-04 1.000000000000000000e+00 6.023330000000000350e-03 6.061330000000000190e-03
1.395747840999999934e+00 6.306276100000000016e-03 2.507669999999999929e-04 1.000000000000000000e+00 6.101960000000000023e-03 6.140529999999999947e-03
1.396213090000000046e+00 6.620278299999999942e-03 2.543569999999999772e-04 1.000000000000000000e+00 6.283910000000000190e-03 6.323689999999999867e-03
1.396678494000000104e+00 6.931284299999999898e-03 2.591720000000000048e-04 1.000000000000000000e+00 6.532519999999999993e-03 6.573930000000000398e-03
1.397144053999999969e+00 7.172055699999999902e-03 2.641739999999999952e-04 1.000000000000000000e+00 6.795569999999999909e-03 6.838689999999999700e-03
1.397609769000000002e+00 7.293931600000000230e-03 2.683329999999999938e-04 1.000000000000000000e+00 7.017670000000000158e-03 7.062220000000000129e-03
1.398075637999999898e+00 7.281958199999999902e-03 2.708930000000000235e-04 1.000000000000000000e+00 7.155169999999999760e-03 7.200619999999999590e-03
1.398541663999999907e+00 7.159820299999999568e-03 2.715460000000000053e-04 1.000000000000000000e+00 7.188720000000000006e-03 7.234430000000000027e-03
1.399007844000000000e+00 6.982287299999999884e-03 2.704949999999999911e-04 1.000000000000000000e+00 7.128790000000000300e-03 7.174149999999999798e-03
1.399474179999999901e+00 6.817646899999999996e-03 2.683930000000000170e-04 1.000000000000000000e+00 7.011919999999999611e-03 7.056589999999999738e-03
1.399940672000000053e+00 6.725875200000000151e-03 2.661590000000000245e-04 1.000000000000000000e+00 6.888860000000000122e-03 6.932820000000000128e-03
1.400407318000000068e+00 6.740360499999999665e-03 2.647060000000000233e-04 1.000000000000000000e+00 6.808449999999999745e-03 6.851969999999999762e-03
1.400874120999999972e+00 6.859372100000000333e-03 2.646470000000000159e-04 1.000000000000000000e+00 6.802769999999999651e-03 6.846340000000000238e-03
1.401341079000000045e+00 7.049801300000000173e-03 2.661119999999999892e-04 1.000000000000000000e+00 6.878709999999999686e-03 6.922860000000000298e-03
1.401808192999999925e+00 7.261133200000000412e-03 2.687470000000000071e-04 1.000000000000000000e+00 7.018289999999999945e-03 7.063419999999999942e-03
1.402275461999999973e+00 7.443824400000000063e-03 2.718929999999999936e-04 1.000000000000000000e+00 7.187159999999999729e-03 7.233449999999999776e-03
1.402742887000000049e+00 7.564960699999999719e-03 2.748490000000000243e-04 1.000000000000000000e+00 7.347410000000000399e-03 7.394799999999999984e-03
1.403210467999999933e+00 7.616035299999999834e-03 2.771000000000000134e-04 1.000000000000000000e+00 7.469919999999999685e-03 7.518140000000000413e-03
1.403678205000000068e+00 7.611006200000000090e-03 2.784330000000000225e-04 1.000000000000000000e+00 7.541840000000000176e-03 7.590559999999999669e-03
1.404146098000000009e+00 7.577008700000000332e-03 2.789329999999999804e-04 1.000000000000000000e+00 7.567329999999999716e-03 7.616239999999999816e-03
1.404614145999999897e+00 7.542698900000000331e-03 2.788959999999999942e-04 1.000000000000000000e+00 7.562679999999999576e-03 7.611579999999999735e-03
1.405082350999999896e+00 7.528994500000000395e-03 2.786849999999999787e-04 1.000000000000000000e+00 7.548430000000000070e-03 7.597249999999999837e-03
1.405550711999999924e+00 7.545386700000000085e-03 2.786169999999999923e-04 1.000000000000000000e+00 7.542309999999999987e-03 7.591099999999999931e-03
1.406019228999999982e+00 7.591849099999999941e-03 2.788879999999999766e-04 1.000000000000000000e+00 7.555339999999999799e-03 7.604239999999999958e-03
1.406487902000000068e+00 7.664192700000000032e-03 2.795739999999999901e-04 1.000000000000000000e+00 7.591790000000000170e-03 7.640949999999999652e-03
1.406956730999999960e+00 7.759688699999999634e-03 2.806780000000000256e-04 1.000000000000000000e+00 7.651980000000000066e-03 7.701559999999999656e-03
1.407425716999999965e+00 7.880406600000000594e-03 2.821960000000000202e-04 1.000000000000000000e+00 7.735920000000000296e-03 7.786099999999999792e-03
1.407894858999999999e+00 8.033069500000000057e-03 2.841629999999999829e-04 1.000000000000000000e+00 7.845960000000000781e-03 7.896910000000000041e-03
1.408364157000000061e+00 8.225677000000000683e-03 2.866580000000000191e-04 1.000000000000000000e+00 7.987090000000000509e-03 8.039030000000000828e-03
1.408833612000000013e+00 8.462449900000000233e-03 2.897660000000000036e-04 1.000000000000000000e+00 8.164980000000000501e-03 8.218160000000000395e-03
1.409303222999999994e+00 8.739063700000000712e-03 2.935160000000000134e-04 1.000000000000000000e+00 8.382519999999999208e-03 8.437190000000000661e-03
1.409772991000000086e+00 9.040361199999999431e-03 2.978279999999999816e-04 1.000000000000000000e+00 8.636210000000000067e-03 8.692609999999999920e-03
1.410242914999999986e+00 9.341740499999999156e-03 3.024850000000000151e-04 1.000000000000000000e+00 8.914250000000000299e-03 8.972539999999999336e-03
1.410712995999999997e+00 9.614382799999999715e-03 3.071549999999999823e-04 1.000000000000000000e+00 9.197189999999999185e-03 9.257390000000000757e-03
1.411183233999999898e+00 9.833099799999999932e-03 3.114640000000000117e-04 1.000000000000000000e+00 9.461610000000000506e-03 9.523610000000000061e-03
1.411653628000000049e+00 9.984415199999999158e-03 3.150869999999999734e-04 1.000000000000000000e+00 9.686069999999999749e-03 9.749600000000000627e-03
1.412124179000000090e+00 1.007182199999999937e-02 3.178379999999999747e-04 1.000000000000000000e+00 9.857370000000000715e-03 9.922089999999999729e-03
1.412594887000000021e+00 1.011608200000000020e-02 3.197329999999999964e-04 1.000000000000000000e+00 9.975160000000000277e-03 1.004069999999999963e-02
1.413065752000000064e+00 1.014951899999999921e-02 3.209940000000000102e-04 1.000000000000000000e+00 1.005280000000000062e-02 1.011890000000000012e-02
1.413536773999999996e+00 1.020564499999999930e-02 3.219890000000000100e-04 1.000000000000000000e+00 1.011360000000000037e-02 1.018020000000000036e-02
1.414007953000000040e+00 1.030730499999999925e-02 3.231220000000000142e-04 1.000000000000000000e+00 1.018370000000000039e-02 1.025079999999999915e-02
1.414479288999999973e+00 1.045765199999999957e-02 3.246929999999999760e-04 1.000000000000000000e+00 1.028240000000000057e-02 1.035029999999999978e-02
1.414950782000000018e+00 1.063774200000000038e-02 3.267799999999999850e-04 1.000000000000000000e+00 1.041549999999999941e-02 1.048430000000000022e-02
1.415422431999999953e+00 1.081210600000000015e-02 3.292060000000000190e-04 1.000000000000000000e+00 1.057169999999999985e-02 1.064170000000000046e-02
1.415894240000000082e+00 1.094107700000000044e-02 3.315920000000000195e-04 1.000000000000000000e+00 1.072629999999999938e-02 1.079740000000000040e-02
1.416366205000000100e+00 1.099539599999999930e-02 3.334909999999999958e-04 1.000000000000000000e+00 1.084949999999999977e-02 1.092150000000000065e-02
1.416838327000000008e+00 1.096782200000000033e-02 3.345530000000000205e-04 1.000000000000000000e+00 1.091710000000000076e-02 1.098969999999999982e-02
1.417310606000000028e+00 1.087722799999999920e-02 3.346509999999999914e-04 1.000000000000000000e+00 1.092019999999999970e-02 1.099289999999999989e-02
1.417783043000000021e+00 1.076369500000000021e-02 3.339449999999999884e-04 1.000000000000000000e+00 1.086939999999999955e-02 1.094179999999999979e-02
1.418255636999999902e+00 1.067629699999999952e-02 3.328510000000000019e-04 1.000000000000000000e+00 1.079270000000000056e-02 1.086460000000000030e-02
1.418728388999999979e+00 1.065793899999999995e-02 3.319279999999999974e-04 1.000000000000000000e+00 1.072739999999999978e-02 1.079899999999999957e-02
1.419201299000000027e+00 1.073262900000000047e-02 3.317129999999999732e-04 1.000000000000000000e+00 1.070899999999999977e-02 1.078059999999999956e-02
1.419674365999999965e+00 1.089939499999999922e-02 3.325590000000000122e-04 1.000000000000000000e+00 1.076090000000000033e-02 1.083289999999999947e-02
1.420147591000000098e+00 1.113460999999999965e-02 3.345350000000000081e-04 1.000000000000000000e+00 1.088839999999999947e-02 1.096130000000000021e-02
1.420620972999999898e+00 1.140130599999999994e-02 3.374310000000000156e-04 1.000000000000000000e+00 1.107859999999999921e-02 1.115279999999999917e-02
1.421094512999999893e+00 1.166178200000000074e-02 3.408500000000000180e-04 1.000000000000000000e+00 1.130600000000000008e-02 1.138190000000000035e-02
1.421568211999999942e+00 1.188865700000000039e-02 3.443540000000000034e-04 1.000000000000000000e+00 1.154170000000000022e-02 1.161919999999999967e-02
1.422042068000000103e+00 1.207087599999999948e-02 3.475929999999999905e-04 1.000000000000000000e+00 1.176160000000000053e-02 1.184059999999999974e-02
1.422516082000000015e+00 1.221295699999999998e-02 3.503830000000000095e-04 1.000000000000000000e+00 1.195210000000000022e-02 1.203249999999999979e-02
1.422990253999999899e+00 1.232881400000000044e-02 3.527070000000000097e-04 1.000000000000000000e+00 1.211150000000000074e-02 1.219310000000000012e-02
1.423464583999999977e+00 1.243349099999999964e-02 3.546670000000000248e-04 1.000000000000000000e+00 1.224620000000000049e-02 1.232879999999999913e-02
1.423939072000000028e+00 1.253621700000000054e-02 3.564010000000000051e-04 1.000000000000000000e+00 1.236549999999999976e-02 1.244900000000000000e-02
1.424413718000000051e+00 1.263752899999999978e-02 3.580100000000000231e-04 1.000000000000000000e+00 1.247649999999999974e-02 1.256089999999999984e-02
1.424888522999999907e+00 1.273087300000000019e-02 3.595229999999999932e-04 1.000000000000000000e+00 1.258100000000000017e-02 1.266620000000000072e-02
1.425363485999999957e+00 1.280709499999999924e-02 3.608969999999999973e-04 1.000000000000000000e+00 1.267590000000000036e-02 1.276180000000000023e-02
1.425838606999999980e+00 1.285906199999999923e-02 3.620559999999999772e-04 1.000000000000000000e+00 1.275519999999999952e-02 1.284180000000000044e-02
1.426313887000000058e+00 1.288422999999999999e-02 3.629290000000000077e-04 1.000000000000000000e+00 1.281389999999999960e-02 1.290099999999999927e-02
1.426789324000000025e+00 1.288390000000000021e-02 3.634819999999999870e-04 1.000000000000000000e+00 1.284899999999999931e-02 1.293650000000000008e-02
1.427264920999999909e+00 1.286011999999999919e-02 3.637110000000000148e-04 1.000000000000000000e+00 1.286009999999999931e-02 1.294790000000000003e-02
1.427740675999999986e+00 1.281217599999999977e-02 3.636210000000000071e-04 1.000000000000000000e+00 1.284740000000000014e-02 1.293539999999999968e-02
1.428216589000000036e+00 1.273529299999999996e-02 3.631919999999999745e-04 1.000000000000000000e+00 1.280970000000000025e-02 1.289760000000000038e-02
1.428692662000000002e+00 1.262279699999999984e-02 3.623720000000000196e-04 1.000000000000000000e+00 1.274340000000000021e-02 1.283109999999999980e-02
1.429168892999999940e+00 1.247112400000000010e-02 3.610910000000000161e-04 1.000000000000000000e+00 1.264419999999999954e-02 1.273140000000000036e-02
1.429645282000000073e+00 1.228555500000000009e-02 3.593119999999999778e-04 1.000000000000000000e+00 1.251020000000000083e-02 1.259659999999999946e-02
1.430121830999999899e+00 1.208339599999999972e-02 3.570919999999999889e-04 1.000000000000000000e+00 1.234610000000000048e-02 1.243159999999999925e-02
1.430598537999999920e+00 1.189244499999999975e-02 3.546110000000000104e-04 1.000000000000000000e+00 1.216569999999999978e-02 1.225009999999999988e-02
1.431075403999999995e+00 1.174443000000000015e-02 3.521789999999999903e-04 1.000000000000000000e+00 1.199090000000000052e-02 1.207410000000000080e-02
1.431552428999999904e+00 1.166581199999999936e-02 3.501649999999999923e-04 1.000000000000000000e+00 1.184709999999999930e-02 1.192930000000000032e-02
1.432029613000000090e+00 1.166936200000000083e-02 3.489090000000000030e-04 1.000000000000000000e+00 1.175690000000000068e-02 1.183850000000000006e-02
1.432506956999999970e+00 1.174999600000000040e-02 3.486149999999999818e-04 1.000000000000000000e+00 1.173339999999999973e-02 1.181489999999999971e-02
1.432984459000000044e+00 1.188624999999999925e-02 3.492859999999999758e-04 1.000000000000000000e+00 1.177639999999999937e-02 1.185830000000000044e-02
1.433462119999999951e+00 1.204685599999999988e-02 3.507259999999999892e-04 1.000000000000000000e+00 1.187239999999999997e-02 1.195500000000000035e-02
1.433939940999999996e+00 1.219991100000000078e-02 3.526059999999999915e-04 1.000000000000000000e+00 1.199880000000000044e-02 1.208230000000000068e-02
1.434417921000000096e+00 1.232136300000000011e-02 3.545560000000000118e-04 1.000000000000000000e+00 1.213020000000000070e-02 1.221470000000000021e-02
1.434896060000000029e+00 1.240056600000000002e-02 3.562729999999999955e-04 1.000000000000000000e+00 1.224540000000000003e-02 1.233090000000000054e-02
1.435374359000000100e+00 1.244156599999999939e-02 3.575869999999999765e-04 1.000000000000000000e+00 1.233229999999999917e-02 1.241860000000000012e-02
1.435852817000000003e+00 1.246012699999999966e-02 3.584859999999999826e-04 1.000000000000000000e+00 1.238999999999999997e-02 1.247679999999999970e-02
1.436331435000000045e+00 1.247799599999999988e-02 3.590989999999999851e-04 1.000000000000000000e+00 1.242739999999999990e-02 1.251470000000000013e-02
1.436810211999999920e+00 1.251600100000000056e-02 3.596410000000000080e-04 1.000000000000000000e+00 1.245989999999999945e-02 1.254770000000000017e-02
1.437289148999999933e+00 1.258818199999999984e-02 3.603410000000000250e-04 1.000000000000000000e+00 1.250390000000000008e-02 1.259219999999999957e-02
1.437768245000000000e+00 1.269863300000000084e-02 3.613749999999999883e-04 1.000000000000000000e+00 1.257190000000000044e-02 1.266089999999999924e-02
1.438247500999999984e+00 1.284160500000000073e-02 3.628209999999999877e-04 1.000000000000000000e+00 1.266970000000000075e-02 1.275970000000000056e-02
1.438726917000000105e+00 1.300452000000000032e-02 3.646500000000000002e-04 1.000000000000000000e+00 1.279549999999999958e-02 1.288659999999999979e-02
1.439206492999999920e+00 1.317247199999999931e-02 3.667470000000000040e-04 1.000000000000000000e+00 1.294149999999999988e-02 1.303379999999999990e-02
1.439686228000000012e+00 1.333229900000000058e-02 3.689580000000000138e-04 1.000000000000000000e+00 1.309650000000000050e-02 1.319000000000000034e-02
1.440166123000000020e+00 1.347483799999999940e-02 3.711319999999999832e-04 1.000000000000000000e+00 1.324950000000000086e-02 1.334429999999999991e-02
1.440646179000000027e+00 1.359494800000000080e-02 3.731459999999999812e-04 1.000000000000000000e+00 1.339160000000000003e-02 1.348749999999999949e-02
1.441126394000000088e+00 1.368996299999999944e-02 3.749180000000000177e-04 1.000000000000000000e+00 1.351639999999999960e-02 1.361339999999999946e-02
1.441606769999999926e+00 1.375810000000000054e-02 3.763910000000000085e-04 1.000000000000000000e+00 1.361970000000000021e-02 1.371750000000000053e-02
1.442087305000000041e+00 1.379807499999999992e-02 3.775280000000000215e-04 1.000000000000000000e+00 1.369850000000000061e-02 1.379700000000000024e-02
1.442568000999999933e+00 1.381064299999999918e-02 3.783090000000000129e-04 1.000000000000000000e+00 1.375119999999999988e-02 1.385020000000000001e-02
1.443048856999999963e+00 1.380142500000000085e-02 3.787439999999999774e-04 1.000000000000000000e+00 1.377839999999999968e-02 1.387760000000000035e-02
1.443529872999999908e+00 1.378306099999999923e-02 3.788980000000000169e-04 1.000000000000000000e+00 1.378470000000000042e-02 1.388419999999999932e-02
1.444011050000000074e+00 1.377495400000000071e-02 3.789150000000000135e-04 1.000000000000000000e+00 1.378079999999999930e-02 1.388039999999999934e-02
1.444492386999999933e+00 1.379922299999999935e-02 3.790080000000000142e-04 1.000000000000000000e+00 1.378230000000000080e-02 1.388209999999999965e-02
1.444973883999999931e+00 1.387358699999999972e-02 3.794219999999999733e-04 1.000000000000000000e+00 1.380720000000000038e-02 1.390729999999999918e-02
1.445455541999999927e+00 1.400350000000000032e-02 3.803599999999999971e-04 1.000000000000000000e+00 1.387039999999999974e-02 1.397130000000000073e-02
1.445937360999999921e+00 1.417709299999999999e-02 3.818979999999999814e-04 1.000000000000000000e+00 1.397800000000000084e-02 1.408000000000000050e-02
1.446419340000000053e+00 1.436559800000000026e-02 3.839329999999999848e-04 1.000000000000000000e+00 1.412279999999999959e-02 1.422600000000000080e-02
1.446901479999999962e+00 1.453041700000000033e-02 3.861809999999999809e-04 1.000000000000000000e+00 1.428390000000000042e-02 1.438859999999999965e-02
1.447383780000000009e+00 1.463493199999999980e-02 3.882499999999999775e-04 1.000000000000000000e+00 1.443219999999999920e-02 1.453819999999999939e-02
1.447866241999999914e+00 1.465729900000000037e-02 3.897530000000000070e-04 1.000000000000000000e+00 1.453809999999999998e-02 1.464520000000000058e-02
1.448348863999999958e+00 1.459949800000000068e-02 3.904329999999999802e-04 1.000000000000000000e+00 1.458180000000000066e-02 1.468949999999999943e-02
1.448831647000000000e+00 1.448905500000000068e-02 3.902609999999999825e-04 1.000000000000000000e+00 1.456099999999999929e-02 1.466879999999999920e-02
1.449314591000000041e+00 1.437254800000000061e-02 3.894650000000000260e-04 1.000000000000000000e+00 1.449319999999999949e-02 1.460069999999999944e-02
1.449797694999999997e+00 1.430271900000000020e-02 3.884870000000000228e-04 1.000000000000000000e+00 1.441210000000000060e-02 1.451919999999999947e-02
1.450280961000000035e+00 1.432352299999999946e-02 3.878740000000000204e-04 1.000000000000000000e+00 1.435890000000000083e-02 1.446590000000000029e-02
1.450764388000000071e+00 1.445807500000000079e-02 3.881250000000000151e-04 1.000000000000000000e+00 1.437130000000000005e-02 1.447850000000000005e-02
1.451247976000000106e+00 1.470342200000000071e-02 3.895530000000000021e-04 1.000000000000000000e+00 1.447279999999999921e-02 1.458100000000000021e-02
1.451731726000000000e+00 1.503321399999999960e-02 3.922029999999999852e-04 1.000000000000000000e+00 1.466789999999999934e-02 1.477780000000000066e-02
1.452215636000000032e+00 1.540704900000000079e-02 3.958620000000000259e-04 1.000000000000000000e+00 1.494179999999999987e-02 1.505399999999999967e-02
1.452699707999999923e+00 1.578248000000000151e-02 4.001410000000000166e-04 1.000000000000000000e+00 1.526630000000000001e-02 1.538119999999999939e-02
1.453183941000000035e+00 1.612575399999999909e-02 4.045979999999999911e-04 1.000000000000000000e+00 1.560819999999999916e-02 1.572590000000000099e-02
1.453668336000000005e+00 1.641799099999999983e-02 4.088550000000000149e-04 1.000000000000000000e+00 1.593790000000000137e-02 1.605830000000000105e-02
1.454152891999999975e+00 1.665567800000000015e-02 4.126639999999999779e-04 1.000000000000000000e+00 1.623480000000000062e-02 1.635779999999999873e-02
1.454637610000000025e+00 1.684641699999999895e-02 4.159270000000000176e-04 1.000000000000000000e+00 1.649010000000000059e-02 1.661529999999999951e-02
1.455122489000000074e+00 1.700233599999999984e-02 4.186629999999999996e-04 1.000000000000000000e+00 1.670429999999999832e-02 1.683139999999999983e-02
1.455607529999999983e+00 1.713373699999999958e-02 4.209540000000000222e-04 1.000000000000000000e+00 1.688330000000000039e-02 1.701199999999999934e-02
1.456092731999999890e+00 1.724514699999999887e-02 4.228890000000000231e-04 1.000000000000000000e+00 1.703380000000000172e-02 1.716389999999999930e-02
1.456578096999999961e+00 1.733433800000000122e-02 4.245170000000000150e-04 1.000000000000000000e+00 1.715960000000000055e-02 1.729079999999999853e-02
1.457063623000000030e+00 1.739431199999999858e-02 4.258369999999999820e-04 1.000000000000000000e+00 1.726039999999999866e-02 1.739260000000000111e-02
1.457549310000000098e+00 1.741697199999999932e-02 4.267979999999999886e-04 1.000000000000000000e+00 1.733209999999999959e-02 1.746489999999999848e-02
1.458035160000000108e+00 1.739697399999999908e-02 4.273340000000000255e-04 1.000000000000000000e+00 1.736930000000000071e-02 1.750250000000000070e-02
1.458521171999999977e+00 1.733452300000000099e-02 4.273969999999999874e-04 1.000000000000000000e+00 1.736789999999999862e-02 1.750120000000000148e-02
1.459007345999999927e+00 1.723612199999999955e-02 4.269799999999999811e-04 1.000000000000000000e+00 1.732770000000000143e-02 1.746079999999999854e-02
1.459493681000000098e+00 1.711315000000000058e-02 4.261320000000000190e-04 1.000000000000000000e+00 1.725269999999999929e-02 1.738539999999999877e-02
1.459980178999999989e+00 1.697879700000000033e-02 4.249540000000000110e-04 1.000000000000000000e+00 1.715140000000000067e-02 1.728330000000000144e-02
1.460466838999999961e+00 1.684452100000000119e-02 4.235700000000000120e-04 1.000000000000000000e+00 1.703380000000000172e-02 1.716499999999999970e-02
1.460953662000000097e+00 1.671708900000000095e-02 4.221019999999999915e-04 1.000000000000000000e+00 1.690969999999999973e-02 1.704009999999999900e-02
1.461440646000000010e+00 1.659749099999999894e-02 4.206349999999999868e-04 1.000000000000000000e+00 1.678580000000000003e-02 1.691540000000000057e-02
1.461927793000000086e+00 1.648170599999999875e-02 4.192050000000000225e-04 1.000000000000000000e+00 1.666480000000000045e-02 1.679359999999999881e-02
1.462415102000000022e+00 1.636321099999999903e-02 4.177979999999999867e-04 1.000000000000000000e+00 1.654529999999999890e-02 1.667329999999999854e-02
1.462902573999999900e+00 1.623639500000000069e-02 4.163689999999999839e-04 1.000000000000000000e+00 1.642379999999999882e-02 1.655109999999999915e-02
1.463390208000000081e+00 1.609953700000000057e-02 4.148700000000000174e-04 1.000000000000000000e+00 1.629670000000000077e-02 1.642309999999999950e-02
1.463878004999999982e+00 1.595646599999999901e-02 4.132830000000000206e-04 1.000000000000000000e+00 1.616290000000000088e-02 1.628840000000000149e-02
1.464365963999999964e+00 1.581603499999999912e-02 4.116349999999999849e-04 1.000000000000000000e+00 1.602500000000000105e-02 1.614960000000000007e-02
1.464854086000000111e+00 1.568927100000000116e-02 4.100010000000000069e-04 1.000000000000000000e+00 1.588940000000000144e-02 1.601309999999999886e-02
1.465342370999999977e+00 1.558501800000000083e-02 4.084830000000000123e-04 1.000000000000000000e+00 1.576429999999999845e-02 1.588710000000000122e-02
1.465830819000000007e+00 1.550557500000000061e-02 4.071680000000000156e-04 1.000000000000000000e+00 1.565650000000000028e-02 1.577860000000000026e-02
1.466319428999999896e+00 1.544431999999999923e-02 4.060889999999999942e-04 1.000000000000000000e+00 1.556830000000000019e-02 1.568970000000000087e-02
1.466808201999999950e+00 1.538666399999999955e-02 4.051920000000000196e-04 1.000000000000000000e+00 1.549520000000000064e-02 1.561610000000000081e-02
1.467297137999999945e+00 1.531466700000000056e-02 4.043499999999999894e-04 1.000000000000000000e+00 1.542660000000000038e-02 1.554709999999999946e-02
1.467786237000000105e+00 1.521400799999999935e-02 4.033929999999999916e-04 1.000000000000000000e+00 1.534920000000000034e-02 1.546909999999999952e-02
1.468275498999999984e+00 1.508072300000000074e-02 4.021769999999999816e-04 1.000000000000000000e+00 1.525140000000000003e-02 1.537059999999999989e-02
1.468764924000000027e+00 1.492517699999999954e-02 4.006500000000000079e-04 1.000000000000000000e+00 1.512920000000000063e-02 1.524750000000000064e-02
1.469254513000000095e+00 1.477134400000000049e-02 3.988999999999999924e-04 1.000000000000000000e+00 1.498939999999999995e-02 1.510670000000000068e-02
1.469744264000000022e+00 1.465148200000000039e-02 3.971530000000000242e-04 1.000000000000000000e+00 1.484959999999999926e-02 1.496600000000000014e-02
1.470234178999999974e+00 1.459776299999999971e-02 3.957389999999999866e-04 1.000000000000000000e+00 1.473509999999999924e-02 1.485080000000000081e-02
1.470724257000000090e+00 1.463344999999999924e-02 3.950119999999999782e-04 1.000000000000000000e+00 1.467240000000000037e-02 1.478789999999999966e-02
1.471214497999999926e+00 1.476645600000000072e-02 3.952499999999999850e-04 1.000000000000000000e+00 1.468279999999999932e-02 1.479860000000000030e-02
1.471704903000000009e+00 1.498673499999999929e-02 3.965819999999999784e-04 1.000000000000000000e+00 1.477640000000000030e-02 1.489309999999999939e-02
1.472195471000000033e+00 1.526831000000000021e-02 3.989420000000000032e-04 1.000000000000000000e+00 1.494889999999999934e-02 1.506730000000000048e-02
1.472686203000000082e+00 1.557485800000000045e-02 4.020809999999999879e-04 1.000000000000000000e+00 1.518270000000000036e-02 1.530319999999999944e-02
1.473177098999999934e+00 1.586737900000000090e-02 4.056229999999999753e-04 1.000000000000000000e+00 1.544979999999999964e-02 1.557270000000000008e-02
1.473668157999999950e+00 1.611205599999999960e-02 4.091489999999999819e-04 1.000000000000000000e+00 1.571809999999999874e-02 1.584340000000000054e-02
1.474159379999999908e+00 1.628640599999999980e-02 4.122770000000000102e-04 1.000000000000000000e+00 1.595720000000000124e-02 1.608460000000000098e-02
1.474650766999999973e+00 1.638240499999999919e-02 4.147309999999999972e-04 1.000000000000000000e+00 1.614430000000000032e-02 1.627340000000000036e-02
1.475142316999999981e+00 1.640612500000000057e-02 4.163759999999999857e-04 1.000000000000000000e+00 1.626760000000000012e-02 1.639799999999999938e-02
1.475634031000000013e+00 1.637412499999999979e-02 4.172189999999999775e-04 1.000000000000000000e+00 1.632689999999999836e-02 1.645809999999999981e-02
1.476125909000000069e+00 1.630813399999999844e-02 4.173839999999999733e-04 1.000000000000000000e+00 1.633189999999999989e-02 1.646339999999999956e-02
1.476617950999999929e+00 1.622965100000000119e-02 4.170679999999999852e-04 1.000000000000000000e+00 1.629830000000000167e-02 1.642969999999999847e-02
1.477110157000000035e+00 1.615627000000000035e-02 4.164869999999999987e-04 1.000000000000000000e+00 1.624350000000000099e-02 1.637490000000000126e-02
1.477602526999999943e+00 1.610040199999999977e-02 4.158440000000000118e-04 1.000000000000000000e+00 1.618409999999999987e-02 1.631519999999999845e-02
1.478095061000000099e+00 1.607016899999999873e-02 4.153019999999999889e-04 1.000000000000000000e+00 1.613300000000000151e-02 1.626400000000000068e-02
1.478587759999999918e+00 1.607126899999999914e-02 4.149849999999999850e-04 1.000000000000000000e+00 1.610040000000000082e-02 1.623139999999999999e-02
1.479080621999999900e+00 1.610826500000000008e-02 4.149889999999999937e-04 1.000000000000000000e+00 1.609369999999999898e-02 1.622490000000000043e-02
1.479573648999999991e+00 1.618440100000000104e-02 4.153870000000000262e-04 1.000000000000000000e+00 1.611860000000000029e-02 1.625019999999999937e-02
1.480066840000000106e+00 1.629997399999999833e-02 4.162279999999999864e-04 1.000000000000000000e+00 1.617889999999999953e-02 1.631120000000000139e-02
1.480560196000000106e+00 1.645020200000000057e-02 4.175229999999999935e-04 1.000000000000000000e+00 1.627539999999999890e-02 1.640869999999999829e-02
1.481053715999999909e+00 1.662404699999999944e-02 4.192259999999999737e-04 1.000000000000000000e+00 1.640459999999999835e-02 1.653910000000000102e-02
1.481547401000000042e+00 1.680506600000000045e-02 4.212260000000000223e-04 1.000000000000000000e+00 1.655790000000000040e-02 1.669390000000000110e-02
1.482041249999999977e+00 1.697442299999999890e-02 4.233579999999999809e-04 1.000000000000000000e+00 1.672219999999999956e-02 1.685969999999999830e-02
1.482535264000000019e+00 1.711518700000000046e-02 4.254260000000000159e-04 1.000000000000000000e+00 1.688189999999999830e-02 1.702100000000000141e-02
1.483029442000000087e+00 1.721654300000000082e-02 4.272489999999999882e-04 1.000000000000000000e+00 1.702240000000000003e-02 1.716289999999999830e-02
1.483523785000000039e+00 1.727640999999999899e-02 4.286989999999999963e-04 1.000000000000000000e+00 1.713299999999999892e-02 1.727460000000000107e-02
1.484018293000000099e+00 1.730168899999999857e-02 4.297279999999999893e-04 1.000000000000000000e+00 1.720949999999999910e-02 1.735199999999999937e-02
1.484512966000000045e+00 1.730622100000000010e-02 4.303770000000000165e-04 1.000000000000000000e+00 1.725519999999999832e-02 1.739829999999999849e-02
1.485007804000000098e+00 1.730717000000000019e-02 4.307609999999999911e-04 1.000000000000000000e+00 1.727930000000000091e-02 1.742290000000000158e-02
1.485502805999999953e+00 1.732105100000000050e-02 4.310429999999999861e-04 1.000000000000000000e+00 1.729500000000000134e-02 1.743890000000000023e-02
1.485997973999999999e+00 1.736031500000000116e-02 4.313899999999999744e-04 1.000000000000000000e+00 1.731600000000000153e-02 1.746040000000000092e-02
1.486493306000000070e+00 1.743129699999999838e-02 4.319440000000000237e-04 1.000000000000000000e+00 1.735400000000000137e-02 1.749900000000000067e-02
1.486988804000000108e+00 1.753368400000000077e-02 4.327949999999999788e-04 1.000000000000000000e+00 1.741629999999999914e-02 1.756210000000000063e-02
1.487484467000000032e+00 1.766140399999999860e-02 4.339650000000000235e-04 1.000000000000000000e+00 1.750499999999999973e-02 1.765179999999999874e-02
1.487980295000000064e+00 1.780459699999999840e-02 4.354170000000000089e-04 1.000000000000000000e+00 1.761700000000000071e-02 1.776499999999999954e-02
1.488476289000000063e+00 1.795207000000000053e-02 4.370660000000000061e-04 1.000000000000000000e+00 1.774569999999999967e-02 1.789500000000000118e-02
1.488972447000000088e+00 1.809367099999999867e-02 4.388050000000000110e-04 1.000000000000000000e+00 1.788230000000000028e-02 1.803300000000000042e-02
1.489468771999999941e+00 1.822203799999999943e-02 4.405289999999999965e-04 1.000000000000000000e+00 1.801809999999999870e-02 1.817010000000000153e-02
1.489965261000000041e+00 1.833335800000000099e-02 4.421529999999999796e-04 1.000000000000000000e+00 1.814589999999999953e-02 1.829920000000000158e-02
1.490461916000000109e+00 1.842705199999999932e-02 4.436210000000000001e-04 1.000000000000000000e+00 1.826119999999999827e-02 1.841560000000000072e-02
1.490958736999999923e+00 1.850463999999999928e-02 4.449090000000000054e-04 1.000000000000000000e+00 1.836180000000000104e-02 1.851720000000000102e-02
1.491455723000000066e+00 1.856837799999999997e-02 4.460190000000000270e-04 1.000000000000000000e+00 1.844749999999999862e-02 1.860389999999999960e-02
1.491952874999999956e+00 1.862017599999999870e-02 4.469620000000000212e-04 1.000000000000000000e+00 1.851950000000000124e-02 1.867660000000000153e-02
1.492450193000000036e+00 1.866132300000000049e-02 4.477570000000000161e-04 1.000000000000000000e+00 1.857870000000000008e-02 1.873669999999999849e-02
1.492947676000000001e+00 1.869290200000000082e-02 4.484169999999999996e-04 1.000000000000000000e+00 1.862650000000000070e-02 1.878519999999999843e-02
1.493445324999999935e+00 1.871664699999999945e-02 4.489599999999999841e-04 1.000000000000000000e+00 1.866409999999999944e-02 1.882340000000000055e-02
1.493943140000000058e+00 1.873562800000000070e-02 4.494079999999999906e-04 1.000000000000000000e+00 1.869320000000000009e-02 1.885320000000000051e-02
1.494441120999999928e+00 1.875433199999999856e-02 4.497959999999999741e-04 1.000000000000000000e+00 1.871690000000000159e-02 1.887739999999999904e-02
1.494939269000000071e+00 1.877797100000000094e-02 4.501700000000000081e-04 1.000000000000000000e+00 1.873899999999999871e-02 1.890019999999999895e-02
1.495437582000000099e+00 1.881130099999999902e-02 4.505809999999999742e-04 1.000000000000000000e+00 1.876409999999999884e-02 1.892579999999999957e-02
1.495936061000000095e+00 1.885733100000000148e-02 4.510779999999999933e-04 1.000000000000000000e+00 1.879640000000000130e-02 1.895880000000000135e-02
1.496434706000000059e+00 1.891645299999999974e-02 4.516920000000000115e-04 1.000000000000000000e+00 1.883889999999999870e-02 1.900210000000000093e-02
1.496933518000000074e+00 1.898620599999999853e-02 4.524339999999999850e-04 1.000000000000000000e+00 1.889259999999999898e-02 1.905659999999999993e-02
1.497432496000000057e+00 1.906169500000000003e-02 4.532839999999999786e-04 1.000000000000000000e+00 1.895629999999999885e-02 1.912109999999999851e-02
1.497931640000000009e+00 1.913645799999999855e-02 4.541999999999999814e-04 1.000000000000000000e+00 1.902620000000000006e-02 1.919179999999999844e-02
1.498430949999999928e+00 1.920353600000000022e-02 4.551189999999999771e-04 1.000000000000000000e+00 1.909720000000000167e-02 1.926359999999999878e-02
1.498930426999999899e+00 1.925656200000000137e-02 4.559739999999999952e-04 1.000000000000000000e+00 1.916319999999999829e-02 1.933040000000000105e-02
1.499430070999999920e+00 1.929072199999999973e-02 4.566969999999999949e-04 1.000000000000000000e+00 1.921840000000000007e-02 1.938629999999999867e-02
1.499929880999999909e+00 1.930355900000000138e-02 4.572369999999999863e-04 1.000000000000000000e+00 1.925800000000000081e-02 1.942630000000000051e-02
1.500429857000000089e+00 1.929555900000000032e-02 4.575639999999999851e-04 1.000000000000000000e+00 1.927890000000000159e-02 1.944759999999999892e-02
1.500930000999999958e+00 1.927035699999999838e-02 4.576749999999999981e-04 1.000000000000000000e+00 1.928090000000000012e-02 1.944979999999999973e-02
1.501430311000000017e+00 1.923444800000000121e-02 4.575989999999999940e-04 1.000000000000000000e+00 1.926620000000000069e-02 1.943529999999999910e-02
1.501930787000000045e+00 1.919625700000000129e-02 4.573930000000000031e-04 1.000000000000000000e+00 1.924000000000000016e-02 1.940909999999999858e-02
1.502431430999999984e+00 1.916465100000000130e-02 4.571379999999999996e-04 1.000000000000000000e+00 1.920900000000000038e-02 1.937820000000000167e-02
1.502932241999999974e+00 1.914712000000000011e-02 4.569190000000000209e-04 1.000000000000000000e+00 1.918100000000000013e-02 1.935030000000000083e-02
1.503433218999999932e+00 1.914809899999999829e-02 4.568139999999999939e-04 1.000000000000000000e+00 1.916280000000000067e-02 1.933220000000000077e-02
1.503934362999999941e+00 1.916795199999999852e-02 4.568759999999999944e-04 1.000000000000000000e+00 1.915889999999999954e-02 1.932860000000000134e-02
1.504435675000000083e+00 1.920299699999999943e-02 4.571199999999999873e-04 1.000000000000000000e+00 1.917080000000000173e-02 1.934090000000000115e-02
1.504937152999999972e+00 1.924666900000000097e-02 4.575240000000000058e-04 1.000000000000000000e+00 1.919660000000000116e-02 1.936720000000000108e-02
1.505438798999999994e+00 1.929150500000000046e-02 4.580359999999999900e-04 1.000000000000000000e+00 1.923170000000000088e-02 1.940300000000000011e-02
1.505940612000000067e+00 1.933133000000000074e-02 4.585880000000000078e-04 1.000000000000000000e+00 1.927049999999999944e-02 1.944229999999999917e-02
1.506442591999999969e+00 1.936287500000000161e-02 4.591220000000000132e-04 1.000000000000000000e+00 1.930760000000000115e-02 1.948010000000000019e-02
1.506944740000000005e+00 1.938633299999999865e-02 4.596000000000000042e-04 1.000000000000000000e+00 1.933970000000000133e-02 1.951280000000000028e-02
1.507447055000000091e+00 1.940466600000000097e-02 4.600119999999999860e-04 1.000000000000000000e+00 1.936600000000000127e-02 1.953970000000000012e-02
1.507949537000000007e+00 1.942203799999999911e-02 4.603750000000000095e-04 1.000000000000000000e+00 1.938789999999999958e-02 1.956219999999999834e-02
1.508452187000000055e+00 1.944201200000000157e-02 4.607200000000000206e-04 1.000000000000000000e+00 1.940800000000000164e-02 1.958290000000000031e-02
1.508955003999999933e+00 1.946622599999999967e-02 4.610770000000000038e-04 1.000000000000000000e+00 1.942920000000000064e-02 1.960459999999999980e-02
1.509457988999999944e+00 1.949397099999999883e-02 4.614619999999999942e-04 1.000000000000000000e+00 1.945279999999999926e-02 1.962890000000000121e-02
1.509961142000000089e+00 1.952272700000000014e-02 4.618739999999999760e-04 1.000000000000000000e+00 1.947890000000000038e-02 1.965559999999999877e-02
1.510464462000000063e+00 1.954929600000000073e-02 4.622960000000000068e-04 1.000000000000000000e+00 1.950589999999999963e-02 1.968320000000000139e-02
1.510967949999999949e+00 1.957100800000000085e-02 4.627009999999999869e-04 1.000000000000000000e+00 1.953159999999999966e-02 1.970939999999999845e-02
1.511471605999999968e+00 1.958652099999999910e-02 4.630659999999999876e-04 1.000000000000000000e+00 1.955360000000000084e-02 1.973199999999999954e-02
1.511975429999999898e+00 1.959600599999999915e-02 4.633759999999999897e-04 1.000000000000000000e+00 1.957079999999999931e-02 1.974959999999999910e-02
1.512479421999999962e+00 1.960076300000000021e-02 4.636299999999999775e-04 1.000000000000000000e+00 1.958270000000000149e-02 1.976199999999999832e-02
1.512983581999999938e+00 1.960256100000000098e-02 4.638339999999999911e-04 1.000000000000000000e+00 1.959009999999999918e-02 1.976989999999999997e-02
1.513487910000000047e+00 1.960301299999999899e-02 4.640029999999999957e-04 1.000000000000000000e+00 1.959440000000000140e-02 1.977459999999999982e-02
1.513992406000000068e+00 1.960323699999999905e-02 4.641490000000000177e-04 1.000000000000000000e+00 1.959680000000000102e-02 1.977749999999999994e-02
1.514497070000000001e+00 1.960383400000000054e-02 4.642819999999999976e-04 1.000000000000000000e+00 1.959850000000000134e-02 1.977960000000000135e-02
1.515001902000000067e+00 1.960511800000000124e-02 4.644100000000000073e-04 1.000000000000000000e+00 1.960030000000000105e-02 1.978179999999999869e-02
1.515506902999999905e+00 1.960737900000000117e-02 4.645359999999999854e-04 1.000000000000000000e+00 1.960249999999999840e-02 1.978440000000000060e-02
1.516012072000000099e+00 1.961107100000000075e-02 4.646639999999999950e-04 1.000000000000000000e+00 1.960550000000000140e-02 1.978769999999999835e-02
1.516517408999999983e+00 1.961679100000000148e-02 4.648009999999999837e-04 1.000000000000000000e+00 1.960960000000000134e-02 1.979209999999999997e-02
1.517022915000000083e+00 1.962512900000000157e-02 4.649540000000000075e-04 1.000000000000000000e+00 1.961519999999999930e-02 1.979799999999999963e-02
1.517528589000000094e+00 1.963644100000000101e-02 4.651319999999999912e-04 1.000000000000000000e+00 1.962269999999999986e-02 1.980579999999999841e-02
1.518034432000000100e+00 1.965067900000000076e-02 4.653409999999999751e-04 1.000000000000000000e+00 1.963240000000000124e-02 1.981580000000000147e-02
1.518540444000000100e+00 1.966731400000000171e-02 4.655859999999999838e-04 1.000000000000000000e+00 1.964460000000000164e-02 1.982839999999999950e-02
1.519046624000000012e+00 1.968539700000000031e-02 4.658630000000000084e-04 1.000000000000000000e+00 1.965889999999999999e-02 1.984309999999999893e-02
1.519552972999999918e+00 1.970371400000000064e-02 4.661630000000000157e-04 1.000000000000000000e+00 1.967479999999999923e-02 1.985949999999999868e-02
1.520059489999999958e+00 1.972098300000000096e-02 4.664749999999999951e-04 1.000000000000000000e+00 1.969160000000000008e-02 1.987680000000000002e-02
1.520566177000000074e+00 1.973605499999999888e-02 4.667839999999999815e-04 1.000000000000000000e+00 1.970809999999999923e-02 1.989379999999999968e-02
1.521073032000000103e+00 1.974807400000000088e-02 4.670739999999999940e-04 1.000000000000000000e+00 1.972350000000000145e-02 1.990969999999999893e-02
1.521580056999999986e+00 1.975657600000000139e-02 4.673330000000000062e-04 1.000000000000000000e+00 1.973679999999999879e-02 1.992330000000000143e-02
1.522087250000000003e+00 1.976152000000000117e-02 4.675530000000000007e-04 1.000000000000000000e+00 1.974729999999999888e-02 1.993419999999999914e-02
1.522594612000000014e+00 1.976326000000000124e-02 4.677290000000000072e-04 1.000000000000000000e+00 1.975479999999999944e-02 1.994189999999999852e-02
1.523102144000000102e+00 1.976244900000000138e-02 4.678630000000000028e-04 1.000000000000000000e+00 1.975930000000000047e-02 1.994659999999999836e-02
1.523609844999999963e+00 1.975992799999999952e-02 4.679600000000000122e-04 1.000000000000000000e+00 1.976100000000000079e-02 1.994840000000000155e-02
1.524117715000000040e+00 1.975657299999999950e-02 4.680309999999999917e-04 1.000000000000000000e+00 1.976040000000000088e-02 1.994800000000000045e-02
1.524625754000000111e+00 1.975315999999999877e-02 4.680870000000000061e-04 1.000000000000000000e+00 1.975820000000000007e-02 1.994589999999999905e-02
1.525133961999999954e+00 1.975025299999999887e-02 4.681390000000000117e-04 1.000000000000000000e+00 1.975510000000000113e-02 1.994309999999999833e-02
1.525642340000000097e+00 1.974813699999999894e-02 4.681970000000000034e-04 1.000000000000000000e+00 1.975179999999999991e-02 1.993999999999999939e-02
1.526150888000000094e+00 1.974681199999999900e-02 4.682660000000000056e-04 1.000000000000000000e+00 1.974860000000000157e-02 1.993719999999999867e-02
1.526659605000000086e+00 1.974604799999999868e-02 4.683509999999999887e-04 1.000000000000000000e+00 1.974599999999999966e-02 1.993500000000000133e-02
1.527168491000000072e+00 1.974546900000000160e-02 4.684479999999999981e-04 1.000000000000000000e+00 1.974400000000000113e-02 1.993349999999999983e-02
1.527677546999999914e+00 1.974466199999999963e-02 4.685530000000000250e-04 1.000000000000000000e+00 1.974269999999999844e-02 1.993260000000000171e-02
1.528186773000000054e+00 1.974324800000000144e-02 4.686579999999999978e-04 1.000000000000000000e+00 1.974160000000000151e-02 1.993199999999999833e-02
1.528696169000000049e+00 1.974092300000000050e-02 4.687580000000000002e-04 1.000000000000000000e+00 1.974060000000000051e-02 1.993129999999999902e-02
1.529205734000000039e+00 1.973745099999999961e-02 4.688439999999999990e-04 1.000000000000000000e+00 1.973909999999999901e-02 1.993009999999999921e-02
1.529715469999999966e+00 1.973263600000000131e-02 4.689130000000000013e-04 1.000000000000000000e+00 1.973679999999999879e-02 1.992800000000000127e-02
1.530225375000000110e+00 1.972631799999999963e-02 4.689620000000000138e-04 1.000000000000000000e+00 1.973319999999999935e-02 1.992460000000000064e-02
1.530735450000000109e+00 1.971839699999999862e-02 4.689909999999999825e-04 1.000000000000000000e+00 1.972799999999999901e-02 1.991949999999999971e-02
1.531245694999999962e+00 1.970892800000000056e-02 4.690009999999999774e-04 1.000000000000000000e+00 1.972089999999999954e-02 1.991249999999999964e-02
1.531756109999999893e+00 1.969821399999999861e-02 4.689949999999999913e-04 1.000000000000000000e+00 1.971190000000000095e-02 1.990369999999999986e-02
1.532266695999999984e+00 1.968688099999999983e-02 4.689790000000000104e-04 1.000000000000000000e+00 1.970150000000000026e-02 1.989339999999999858e-02
1.532777451000000069e+00 1.967585800000000093e-02 4.689599999999999823e-04 1.000000000000000000e+00 1.969020000000000145e-02 1.988240000000000146e-02
1.533288377000000091e+00 1.966624800000000076e-02 4.689469999999999945e-04 1.000000000000000000e+00 1.967910000000000145e-02 1.987159999999999968e-02
1.533799472999999969e+00 1.965909100000000007e-02 4.689510000000000033e-04 1.000000000000000000e+00 1.966920000000000127e-02 1.986200000000000118e-02
1.534310740000000006e+00 1.965510100000000121e-02 4.689790000000000104e-04 1.000000000000000000e+00 1.966139999999999902e-02 1.985450000000000062e-02
1.534822176000000038e+00 1.965445099999999987e-02 4.690389999999999794e-04 1.000000000000000000e+00 1.965640000000000095e-02 1.984990000000000018e-02
1.535333784000000090e+00 1.965668799999999855e-02 4.691310000000000185e-04 1.000000000000000000e+00 1.965449999999999836e-02 1.984829999999999928e-02
1.535845561999999997e+00 1.966083299999999909e-02 4.692529999999999878e-04 1.000000000000000000e+00 1.965520000000000114e-02 1.984939999999999968e-02
1.536357509999999982e+00 1.966562800000000097e-02 4.693969999999999783e-04 1.000000000000000000e+00 1.965779999999999958e-02 1.985249999999999862e-02
1.536869628999999904e+00 1.966987200000000144e-02 4.695510000000000178e-04 1.000000000000000000e+00 1.966149999999999842e-02 1.985649999999999915e-02
1.537381918999999986e+00 1.967273699999999917e-02 4.697039999999999874e-04 1.000000000000000000e+00 1.966510000000000133e-02 1.986049999999999968e-02
1.537894380000000005e+00 1.967396899999999949e-02 4.698489999999999936e-04 1.000000000000000000e+00 1.966789999999999858e-02 1.986380000000000090e-02
1.538407011000000102e+00 1.967391200000000173e-02 4.699799999999999963e-04 1.000000000000000000e+00 1.966980000000000117e-02 1.986600000000000171e-02
1.538919813999999997e+00 1.967336399999999874e-02 4.700969999999999953e-04 1.000000000000000000e+00 1.967069999999999930e-02 1.986730000000000093e-02
1.539432786999999969e+00 1.967332000000000108e-02 4.702069999999999926e-04 1.000000000000000000e+00 1.967110000000000039e-02 1.986809999999999965e-02
1.539945931000000101e+00 1.967469000000000162e-02 4.703180000000000056e-04 1.000000000000000000e+00 1.967179999999999970e-02 1.986910000000000065e-02
1.540459247000000031e+00 1.967806999999999890e-02 4.704379999999999977e-04 1.000000000000000000e+00 1.967340000000000061e-02 1.987109999999999918e-02
1.540972733000000039e+00 1.968363799999999983e-02 4.705749999999999864e-04 1.000000000000000000e+00 1.967630000000000073e-02 1.987440000000000040e-02
1.541486391000000067e+00 1.969115899999999975e-02 4.707329999999999804e-04 1.000000000000000000e+00 1.968090000000000117e-02 1.987939999999999846e-02
1.542000218999999950e+00 1.970009500000000080e-02 4.709140000000000114e-04 1.000000000000000000e+00 1.968699999999999964e-02 1.988590000000000149e-02
1.542514219000000075e+00 1.970976099999999925e-02 4.711149999999999778e-04 1.000000000000000000e+00 1.969430000000000139e-02 1.989370000000000027e-02
1.543028390999999999e+00 1.971947400000000072e-02 4.713319999999999793e-04 1.000000000000000000e+00 1.970239999999999839e-02 1.990240000000000065e-02
1.543542734000000083e+00 1.972867299999999866e-02 4.715580000000000140e-04 1.000000000000000000e+00 1.971070000000000114e-02 1.991129999999999983e-02
1.544057248000000104e+00 1.973698000000000119e-02 4.717880000000000034e-04 1.000000000000000000e+00 1.971900000000000042e-02 1.992029999999999842e-02
1.544571933999999924e+00 1.974420299999999837e-02 4.720149999999999997e-04 1.000000000000000000e+00 1.972689999999999860e-02 1.992879999999999999e-02
1.545086790999999904e+00 1.975030599999999872e-02 4.722349999999999942e-04 1.000000000000000000e+00 1.973420000000000035e-02 1.993670000000000164e-02
1.545601819999999904e+00 1.975535200000000033e-02 4.724449999999999939e-04 1.000000000000000000e+00 1.974079999999999932e-02 1.994399999999999992e-02
1.546117020999999925e+00 1.975944599999999995e-02 4.726420000000000057e-04 1.000000000000000000e+00 1.974669999999999898e-02 1.995040000000000008e-02
1.546632393000000105e+00 1.976268999999999942e-02 4.728250000000000139e-04 1.000000000000000000e+00 1.975189999999999932e-02 1.995610000000000092e-02
1.547147937000000084e+00 1.976516400000000173e-02 4.729930000000000028e-04 1.000000000000000000e+00 1.975620000000000154e-02 1.996099999999999958e-02
1.547663653000000084e+00 1.976692299999999874e-02 4.731469999999999882e-04 1.000000000000000000e+00 1.975980000000000097e-02 1.996509999999999951e-02
1.548179541000000103e+00 1.976799900000000138e-02 4.732879999999999856e-04 1.000000000000000000e+00 1.976249999999999882e-02 1.996830000000000133e-02
1.548695600999999922e+00 1.976842499999999919e-02 4.734170000000000110e-04 1.000000000000000000e+00 1.976440000000000141e-02 1.997049999999999867e-02
1.549211832999999983e+00 1.976823899999999995e-02 4.735359999999999873e-04 1.000000000000000000e+00 1.976539999999999894e-02 1.997200000000000017e-02
1.549728237000000064e+00 1.976749699999999846e-02 4.736470000000000003e-04 1.000000000000000000e+00 1.976560000000000122e-02 1.997250000000000067e-02
1.550244812999999944e+00 1.976628100000000013e-02 4.737529999999999888e-04 1.000000000000000000e+00 1.976500000000000132e-02 1.997240000000000126e-02
1.550761561000000066e+00 1.976471200000000025e-02 4.738550000000000227e-04 1.000000000000000000e+00 1.976369999999999863e-02 1.997159999999999908e-02
1.551278480999999987e+00 1.976294799999999893e-02 4.739559999999999867e-04 1.000000000000000000e+00 1.976210000000000119e-02 1.997039999999999926e-02
1.551795574000000011e+00 1.976118500000000056e-02 4.740559999999999891e-04 1.000000000000000000e+00 1.976030000000000147e-02 1.996910000000000004e-02
1.552312839000000055e+00 1.975963600000000056e-02 4.741570000000000073e-04 1.000000000000000000e+00 1.975860000000000116e-02 1.996780000000000083e-02
1.552830276999999981e+00 1.975849699999999987e-02 4.742589999999999870e-04 1.000000000000000000e+00 1.975729999999999847e-02 1.996699999999999864e-02
1.553347886999999927e+00 1.975791000000000006e-02 4.743619999999999825e-04 1.000000000000000000e+00 1.975659999999999916e-02 1.996670000000000042e-02
1.553865669999999977e+00 1.975791699999999984e-02 4.744649999999999779e-04 1.000000000000000000e+00 1.975659999999999916e-02 1.996699999999999864e-02
1.554383625000000047e+00 1.975843799999999970e-02 4.745689999999999891e-04 1.000000000000000000e+00 1.975709999999999966e-02 1.996780000000000083e-02
1.554901752999999998e+00 1.975927099999999839e-02 4.746719999999999846e-04 1.000000000000000000e+00 1.975810000000000066e-02 1.996900000000000064e-02
1.555420052999999969e+00 1.976011399999999876e-02 4.747730000000000027e-04 1.000000000000000000e+00 1.975910000000000166e-02 1.997020000000000045e-02
1.555938526999999905e+00 1.976062500000000041e-02 4.748740000000000209e-04 1.000000000000000000e+00 1.975990000000000038e-02 1.997120000000000145e-02
1.556457173000000083e+00 1.976048000000000041e-02 4.749719999999999919e-04 1.000000000000000000e+00 1.975999999999999979e-02 1.997159999999999908e-02
1.556975991999999920e+00 1.975944300000000153e-02 4.750679999999999855e-04 1.000000000000000000e+00 1.975930000000000047e-02 1.997120000000000145e-02
1.557494984000000082e+00 1.975740800000000061e-02 4.751630000000000176e-04 1.000000000000000000e+00 1.975750000000000076e-02 1.996989999999999876e-02
1.558014148999999904e+00 1.975441799999999928e-02 4.752550000000000025e-04 1.000000000000000000e+00 1.975479999999999944e-02 1.996759999999999854e-02
1.558533487000000051e+00 1.975064799999999912e-02 4.753460000000000259e-04 1.000000000000000000e+00 1.975120000000000001e-02 1.996469999999999842e-02
1.559052998000000079e+00 1.974636499999999836e-02 4.754359999999999793e-04 1.000000000000000000e+00 1.974719999999999948e-02 1.996119999999999839e-02
1.559572683000000071e+00 1.974187399999999953e-02 4.755240000000000096e-04 1.000000000000000000e+00 1.974280000000000132e-02 1.995749999999999955e-02
1.560092540000000083e+00 1.973745699999999992e-02 4.756110000000000242e-04 1.000000000000000000e+00 1.973859999999999851e-02 1.995380000000000070e-02
1.560612571000000059e+00 1.973332100000000158e-02 4.756960000000000073e-04 1.000000000000000000e+00 1.973460000000000145e-02 1.995049999999999948e-02
1.561132774999999917e+00 1.972954299999999869e-02 4.757799999999999746e-04 1.000000000000000000e+00 1.973110000000000142e-02 1.994749999999999995e-02
1.561653152999999961e+00 1.972601100000000163e-02 4.758620000000000189e-04 1.000000000000000000e+00 1.972799999999999901e-02 1.994479999999999864e-02
1.562173704000000107e+00 1.972236100000000075e-02 4.759389999999999845e-04 1.000000000000000000e+00 1.972509999999999888e-02 1.994239999999999902e-02
1.562694427999999913e+00 1.971789300000000023e-02 4.760070000000000251e-04 1.000000000000000000e+00 1.972209999999999935e-02 1.993970000000000117e-02
1.563215326999999988e+00 1.971151000000000153e-02 4.760610000000000080e-04 1.000000000000000000e+00 1.971820000000000170e-02 1.993609999999999827e-02
1.563736398000000083e+00 1.970166799999999857e-02 4.760909999999999925e-04 1.000000000000000000e+00 1.971229999999999857e-02 1.993040000000000089e-02
1.564257644000000003e+00 1.968639200000000047e-02 4.760839999999999907e-04 1.000000000000000000e+00 1.970310000000000117e-02 1.992139999999999883e-02
1.564779063000000026e+00 1.966335500000000042e-02 4.760219999999999903e-04 1.000000000000000000e+00 1.968869999999999995e-02 1.990729999999999930e-02
1.565300656000000012e+00 1.963005599999999989e-02 4.758820000000000086e-04 1.000000000000000000e+00 1.966729999999999867e-02 1.988610000000000030e-02
1.565822422999999963e+00 1.958409300000000033e-02 4.756380000000000156e-04 1.000000000000000000e+00 1.963679999999999939e-02 1.985560000000000103e-02
1.566344364000000100e+00 1.952353500000000158e-02 4.752649999999999974e-04 1.000000000000000000e+00 1.959489999999999843e-02 1.981389999999999887e-02
1.566866477999999896e+00 1.944734999999999867e-02 4.747369999999999780e-04 1.000000000000000000e+00 1.954010000000000122e-02 1.975899999999999879e-02
1.567388766999999961e+00 1.935585800000000009e-02 4.740389999999999925e-04 1.000000000000000000e+00 1.947130000000000041e-02 1.968989999999999976e-02
1.567911229999999989e+00 1.925110899999999889e-02 4.731669999999999778e-04 1.000000000000000000e+00 1.938849999999999948e-02 1.960659999999999833e-02
1.568433866999999982e+00 1.913711200000000126e-02 4.721349999999999917e-04 1.000000000000000000e+00 1.929290000000000171e-02 1.951050000000000006e-02
1.568956679000000021e+00 1.901976400000000150e-02 4.709790000000000048e-04 1.000000000000000000e+00 1.918780000000000138e-02 1.940460000000000101e-02
1.569479663999999941e+00 1.890642000000000017e-02 4.697559999999999930e-04 1.000000000000000000e+00 1.907769999999999952e-02 1.929370000000000043e-02
1.570002823999999908e+00 1.880507099999999959e-02 4.685439999999999917e-04 1.000000000000000000e+00 1.896890000000000034e-02 1.918399999999999966e-02
1.570526158000000061e+00 1.872318599999999930e-02 4.674289999999999999e-04 1.000000000000000000e+00 1.886820000000000164e-02 1.908260000000000164e-02
1.571049667000000039e+00 1.866643600000000153e-02 4.664970000000000163e-04 1.000000000000000000e+00 1.878250000000000058e-02 1.899640000000000009e-02
1.571573349999999980e+00 1.863753900000000158e-02 4.658180000000000046e-04 1.000000000000000000e+00 1.871739999999999862e-02 1.893109999999999932e-02
1.572097207999999968e+00 1.863556400000000030e-02 4.654360000000000073e-04 1.000000000000000000e+00 1.867620000000000044e-02 1.889000000000000054e-02
1.572621239999999920e+00 1.865591999999999945e-02 4.653549999999999787e-04 1.000000000000000000e+00 1.865939999999999960e-02 1.887360000000000079e-02
1.573145448000000002e+00 1.869113700000000003e-02 4.655430000000000115e-04 1.000000000000000000e+00 1.866419999999999885e-02 1.887909999999999935e-02
1.573669828999999964e+00 1.873232400000000158e-02 4.659309999999999949e-04 1.000000000000000000e+00 1.868529999999999844e-02 1.890100000000000113e-02
1.574194386000000057e+00 1.877099800000000054e-02 4.664320000000000228e-04 1.000000000000000000e+00 1.871549999999999950e-02 1.893229999999999913e-02
1.574719116999999891e+00 1.880082599999999965e-02 4.669559999999999792e-04 1.000000000000000000e+00 1.874779999999999849e-02 1.896559999999999913e-02
1.575244024000000076e+00 1.881883800000000093e-02 4.674289999999999999e-04 1.000000000000000000e+00 1.877600000000000102e-02 1.899469999999999978e-02
1.575769105000000003e+00 1.882581200000000080e-02 4.678060000000000269e-04 1.000000000000000000e+00 1.879660000000000011e-02 1.901620000000000046e-02
1.576294360999999977e+00 1.882573800000000158e-02 4.680789999999999886e-04 1.000000000000000000e+00 1.880880000000000052e-02 1.902919999999999959e-02
1.576819793000000081e+00 1.882456500000000144e-02 4.682740000000000231e-04 1.000000000000000000e+00 1.881479999999999958e-02 1.903579999999999856e-02
1.577345400000000009e+00 1.882860899999999962e-02 4.684399999999999805e-04 1.000000000000000000e+00 1.881870000000000070e-02 1.904020000000000018e-02
1.577871180999999901e+00 1.884306700000000154e-02 4.686359999999999766e-04 1.000000000000000000e+00 1.882520000000000027e-02 1.904739999999999905e-02
1.578397137999999922e+00 1.887100099999999836e-02 4.689200000000000030e-04 1.000000000000000000e+00 1.883900000000000158e-02 1.906180000000000027e-02
1.578923271000000073e+00 1.891297600000000148e-02 4.693289999999999918e-04 1.000000000000000000e+00 1.886320000000000011e-02 1.908680000000000099e-02
1.579449579000000048e+00 1.896732799999999858e-02 4.698810000000000096e-04 1.000000000000000000e+00 1.889920000000000141e-02 1.912360000000000101e-02
1.579976062000000070e+00 1.903086000000000014e-02 4.705679999999999846e-04 1.000000000000000000e+00 1.894639999999999866e-02 1.917189999999999866e-02
1.580502719999999917e+00 1.909969599999999934e-02 4.713669999999999883e-04 1.000000000000000000e+00 1.900299999999999906e-02 1.922950000000000007e-02
1.581029554999999975e+00 1.917004599999999961e-02 4.722430000000000117e-04 1.000000000000000000e+00 1.906590000000000021e-02 1.929360000000000103e-02
1.581556563999999998e+00 1.923871200000000156e-02 4.731569999999999830e-04 1.000000000000000000e+00 1.913199999999999970e-02 1.936090000000000033e-02
1.582083750000000011e+00 1.930331500000000144e-02 4.740720000000000242e-04 1.000000000000000000e+00 1.919840000000000088e-02 1.942839999999999845e-02
1.582611111000000070e+00 1.936228900000000128e-02 4.749600000000000198e-04 1.000000000000000000e+00 1.926239999999999897e-02 1.949369999999999922e-02
1.583138648000000037e+00 1.941475100000000092e-02 4.757979999999999870e-04 1.000000000000000000e+00 1.932239999999999999e-02 1.955470000000000125e-02
1.583666360999999911e+00 1.946033299999999980e-02 4.765719999999999765e-04 1.000000000000000000e+00 1.937689999999999899e-02 1.961040000000000005e-02
1.584194249999999915e+00 1.949904699999999852e-02 4.772740000000000250e-04 1.000000000000000000e+00 1.942529999999999951e-02 1.965990000000000099e-02
1.584722315000000048e+00 1.953119099999999983e-02 4.779000000000000153e-04 1.000000000000000000e+00 1.946720000000000048e-02 1.970289999999999889e-02
1.585250555000000006e+00 1.955727599999999844e-02 4.784510000000000173e-04 1.000000000000000000e+00 1.950290000000000010e-02 1.973950000000000010e-02
1.585778971999999953e+00 1.957796599999999873e-02 4.789300000000000241e-04 1.000000000000000000e+00 1.953260000000000066e-02 1.977020000000000166e-02
1.586307565000000031e+00 1.959401300000000040e-02 4.793430000000000217e-04 1.000000000000000000e+00 1.955689999999999859e-02 1.979529999999999831e-02
1.586836335000000098e+00 1.960618500000000167e-02 4.796959999999999961e-04 1.000000000000000000e+00 1.957630000000000134e-02 1.981549999999999978e-02
1.587365279999999990e+00 1.961519700000000088e-02 4.799979999999999807e-04 1.000000000000000000e+00 1.959160000000000068e-02 1.983160000000000131e-02
1.587894402000000094e+00 1.962166900000000130e-02 4.802539999999999999e-04 1.000000000000000000e+00 1.960349999999999940e-02 1.984400000000000053e-02
1.588423700000000105e+00 1.962609400000000018e-02 4.804739999999999944e-04 1.000000000000000000e+00 1.961229999999999918e-02 1.985349999999999962e-02
1.588953174000000024e+00 1.962884200000000051e-02 4.806619999999999730e-04 1.000000000000000000e+00 1.961869999999999933e-02 1.986040000000000028e-02
1.589482824999999933e+00 1.963017599999999918e-02 4.808260000000000073e-04 1.000000000000000000e+00 1.962289999999999868e-02 1.986510000000000012e-02
1.590012653000000054e+00 1.963026899999999880e-02 4.809699999999999978e-04 1.000000000000000000e+00 1.962529999999999830e-02 1.986809999999999965e-02
1.590542657000000082e+00 1.962921499999999847e-02 4.810980000000000074e-04 1.000000000000000000e+00 1.962619999999999990e-02 1.986949999999999827e-02
1.591072838000000100e+00 1.962703199999999912e-02 4.812129999999999750e-04 1.000000000000000000e+00 1.962559999999999999e-02 1.986939999999999887e-02
1.591603196000000109e+00 1.962363799999999880e-02 4.813160000000000246e-04 1.000000000000000000e+00 1.962370000000000086e-02 1.986819999999999906e-02
1.592133730000000025e+00 1.961880200000000116e-02 4.814069999999999938e-04 1.000000000000000000e+00 1.962049999999999905e-02 1.986560000000000062e-02
1.592664440999999931e+00 1.961208299999999891e-02 4.814840000000000135e-04 1.000000000000000000e+00 1.961589999999999862e-02 1.986169999999999949e-02
1.593195329999999910e+00 1.960275599999999896e-02 4.815420000000000052e-04 1.000000000000000000e+00 1.960960000000000134e-02 1.985599999999999865e-02
1.593726395000000018e+00 1.958973799999999890e-02 4.815719999999999897e-04 1.000000000000000000e+00 1.960100000000000037e-02 1.984800000000000106e-02
1.594257636999999894e+00 1.957155099999999953e-02 4.815619999999999948e-04 1.000000000000000000e+00 1.958910000000000165e-02 1.983669999999999878e-02
1.594789055999999983e+00 1.954633999999999885e-02 4.814959999999999856e-04 1.000000000000000000e+00 1.957259999999999903e-02 1.982070000000000012e-02
1.595320652000000061e+00 1.951197799999999927e-02 4.813509999999999794e-04 1.000000000000000000e+00 1.954979999999999912e-02 1.979840000000000072e-02
1.595852425999999991e+00 1.946629999999999888e-02 4.811060000000000249e-04 1.000000000000000000e+00 1.951889999999999875e-02 1.976779999999999857e-02
1.596384376999999910e+00 1.940744100000000097e-02 4.807359999999999997e-04 1.000000000000000000e+00 1.947779999999999997e-02 1.972689999999999860e-02
1.596916505000000042e+00 1.933428300000000072e-02 4.802189999999999909e-04 1.000000000000000000e+00 1.942479999999999901e-02 1.967380000000000170e-02
1.597448809999999941e+00 1.924692399999999859e-02 4.795409999999999950e-04 1.000000000000000000e+00 1.935860000000000011e-02 1.960740000000000052e-02
1.597981292999999914e+00 1.914708500000000119e-02 4.786999999999999806e-04 1.000000000000000000e+00 1.927910000000000040e-02 1.952759999999999913e-02
1.598513953999999959e+00 1.903835400000000039e-02 4.777100000000000053e-04 1.000000000000000000e+00 1.918759999999999910e-02 1.943550000000000139e-02
1.599046791999999995e+00 1.892615900000000143e-02 4.766029999999999768e-04 1.000000000000000000e+00 1.908690000000000039e-02 1.933419999999999930e-02
1.599579807000000020e+00 1.881739600000000012e-02 4.754329999999999863e-04 1.000000000000000000e+00 1.898149999999999837e-02 1.922799999999999856e-02
1.600113000999999979e+00 1.871968900000000116e-02 4.742689999999999818e-04 1.000000000000000000e+00 1.887720000000000023e-02 1.912300000000000111e-02
1.600646371999999928e+00 1.864033600000000040e-02 4.731919999999999920e-04 1.000000000000000000e+00 1.878070000000000087e-02 1.902579999999999896e-02
1.601179920000000090e+00 1.858509599999999887e-02 4.722850000000000225e-04 1.000000000000000000e+00 1.869859999999999925e-02 1.894300000000000150e-02
1.601713646999999963e+00 1.855703800000000139e-02 4.716179999999999830e-04 1.000000000000000000e+00 1.863619999999999860e-02 1.888019999999999976e-02
1.602247551999999908e+00 1.855574499999999849e-02 4.712340000000000083e-04 1.000000000000000000e+00 1.859720000000000123e-02 1.884100000000000011e-02
1.602781634000000066e+00 1.857714099999999841e-02 4.711459999999999780e-04 1.000000000000000000e+00 1.858200000000000129e-02 1.882599999999999899e-02
1.603315894999999935e+00 1.861407400000000129e-02 4.713249999999999775e-04 1.000000000000000000e+00 1.858840000000000145e-02 1.883280000000000023e-02
1.603850333000000017e+00 1.865761800000000081e-02 4.717090000000000063e-04 1.000000000000000000e+00 1.861109999999999848e-02 1.885610000000000064e-02
1.604384950000000032e+00 1.869883400000000098e-02 4.722139999999999888e-04 1.000000000000000000e+00 1.864319999999999866e-02 1.888899999999999954e-02
1.604919744999999898e+00 1.873055499999999943e-02 4.727450000000000012e-04 1.000000000000000000e+00 1.867720000000000144e-02 1.892380000000000104e-02
1.605454718000000058e+00 1.874874600000000016e-02 4.732229999999999922e-04 1.000000000000000000e+00 1.870650000000000091e-02 1.895399999999999863e-02
1.605989869999999931e+00 1.875309500000000087e-02 4.735930000000000174e-04 1.000000000000000000e+00 1.872669999999999890e-02 1.897499999999999881e-02
1.606525200000000098e+00 1.874673099999999912e-02 4.738349999999999789e-04 1.000000000000000000e+00 1.873640000000000028e-02 1.898539999999999950e-02
1.607060707999999893e+00 1.873522000000000035e-02 4.739640000000000042e-04 1.000000000000000000e+00 1.873690000000000078e-02 1.898649999999999990e-02
1.607596395000000067e+00 1.872517699999999910e-02 4.740239999999999732e-04 1.000000000000000000e+00 1.873189999999999925e-02 1.898199999999999887e-02
1.608132260999999952e+00 1.872285599999999953e-02 4.740750000000000172e-04 1.000000000000000000e+00 1.872630000000000128e-02 1.897700000000000081e-02
1.608668304999999910e+00 1.873304400000000078e-02 4.741829999999999830e-04 1.000000000000000000e+00 1.872549999999999909e-02 1.897669999999999912e-02
1.609204526999999940e+00 1.875839500000000062e-02 4.744010000000000002e-04 1.000000000000000000e+00 1.873379999999999837e-02 1.898559999999999831e-02
1.609740928999999987e+00 1.879924599999999862e-02 4.747670000000000167e-04 1.000000000000000000e+00 1.875419999999999865e-02 1.900690000000000018e-02
1.610277509000000107e+00 1.885382799999999956e-02 4.752970000000000133e-04 1.000000000000000000e+00 1.878799999999999915e-02 1.904149999999999940e-02
1.610814267999999938e+00 1.891878099999999910e-02 4.759820000000000110e-04 1.000000000000000000e+00 1.883430000000000173e-02 1.908899999999999833e-02
1.611351207000000008e+00 1.898982700000000079e-02 4.767980000000000113e-04 1.000000000000000000e+00 1.889110000000000095e-02 1.914700000000000082e-02
1.611888323999999928e+00 1.906249600000000169e-02 4.777030000000000035e-04 1.000000000000000000e+00 1.895509999999999903e-02 1.921230000000000160e-02
1.612425620000000004e+00 1.913275899999999918e-02 4.786529999999999995e-04 1.000000000000000000e+00 1.902250000000000121e-02 1.928109999999999893e-02
1.612963095000000013e+00 1.919748599999999972e-02 4.796029999999999955e-04 1.000000000000000000e+00 1.908970000000000111e-02 1.934989999999999974e-02
1.613500748999999956e+00 1.925467299999999993e-02 4.805160000000000052e-04 1.000000000000000000e+00 1.915369999999999920e-02 1.941539999999999933e-02
1.614038582999999916e+00 1.930343699999999968e-02 4.813630000000000057e-04 1.000000000000000000e+00 1.921219999999999872e-02 1.947530000000000094e-02
1.614576596000000031e+00 1.934384899999999977e-02 4.821280000000000162e-04 1.000000000000000000e+00 1.926380000000000106e-02 1.952840000000000131e-02
1.615114788000000079e+00 1.937665599999999905e-02 4.828030000000000190e-04 1.000000000000000000e+00 1.930820000000000106e-02 1.957410000000000053e-02
1.615653159999999922e+00 1.940298999999999843e-02 4.833899999999999916e-04 1.000000000000000000e+00 1.934550000000000158e-02 1.961260000000000087e-02
1.616191710999999920e+00 1.942410400000000106e-02 4.838959999999999898e-04 1.000000000000000000e+00 1.937639999999999849e-02 1.964460000000000164e-02
1.616730441000000074e+00 1.944116699999999878e-02 4.843320000000000242e-04 1.000000000000000000e+00 1.940189999999999970e-02 1.967110000000000039e-02
1.617269351000000022e+00 1.945513299999999945e-02 4.847070000000000198e-04 1.000000000000000000e+00 1.942289999999999989e-02 1.969289999999999929e-02
1.617808440999999986e+00 1.946667499999999926e-02 4.850340000000000185e-04 1.000000000000000000e+00 1.944009999999999835e-02 1.971089999999999995e-02
1.618347710999999967e+00 1.947619100000000034e-02 4.853200000000000222e-04 1.000000000000000000e+00 1.945430000000000076e-02 1.972569999999999879e-02
1.618887160000000103e+00 1.948385000000000047e-02 4.855750000000000257e-04 1.000000000000000000e+00 1.946569999999999898e-02 1.973779999999999979e-02
1.619426789000000033e+00 1.948967799999999986e-02 4.858029999999999835e-04 1.000000000000000000e+00 1.947460000000000163e-02 1.974739999999999829e-02
1.619966597999999980e+00 1.949365800000000051e-02 4.860080000000000129e-04 1.000000000000000000e+00 1.948130000000000001e-02 1.975479999999999944e-02
1.620506586999999943e+00 1.949581099999999831e-02 4.861949999999999757e-04 1.000000000000000000e+00 1.948580000000000104e-02 1.976009999999999919e-02
1.621046755000000061e+00 1.949625099999999917e-02 4.863649999999999961e-04 1.000000000000000000e+00 1.948830000000000007e-02 1.976349999999999982e-02
1.621587104000000057e+00 1.949519900000000125e-02 4.865189999999999814e-04 1.000000000000000000e+00 1.948920000000000166e-02 1.976539999999999894e-02
1.622127633000000069e+00 1.949295300000000036e-02 4.866590000000000174e-04 1.000000000000000000e+00 1.948880000000000057e-02 1.976589999999999944e-02
1.622668342999999957e+00 1.948983799999999891e-02 4.867849999999999955e-04 1.000000000000000000e+00 1.948739999999999847e-02 1.976539999999999894e-02
1.623209232000000002e+00 1.948615000000000069e-02 4.868979999999999858e-04 1.000000000000000000e+00 1.948530000000000054e-02 1.976409999999999972e-02
1.623750301999999923e+00 1.948211500000000124e-02 4.870000000000000197e-04 1.000000000000000000e+00 1.948280000000000151e-02 1.976230000000000001e-02
1.624291552000000083e+00 1.947787700000000108e-02 4.870899999999999731e-04 1.000000000000000000e+00 1.947990000000000138e-02 1.975999999999999979e-02
1.624832982000000037e+00 1.947350600000000154e-02 4.871699999999999859e-04 1.000000000000000000e+00 1.947669999999999957e-02 1.975729999999999847e-02
1.625374593000000090e+00 1.946903100000000122e-02 4.872419999999999811e-04 1.000000000000000000e+00 1.947329999999999894e-02 1.975439999999999835e-02
1.625916385000000020e+00 1.946446500000000024e-02 4.873060000000000130e-04 1.000000000000000000e+00 1.946960000000000010e-02 1.975100000000000119e-02
1.626458356999999966e+00 1.945982200000000162e-02 4.873640000000000047e-04 1.000000000000000000e+00 1.946569999999999898e-02 1.974739999999999829e-02
1.627000510000000011e+00 1.945512300000000125e-02 4.874170000000000260e-04 1.000000000000000000e+00 1.946149999999999963e-02 1.974360000000000004e-02
1.627542843000000072e+00 1.945038300000000164e-02 4.874670000000000001e-04 1.000000000000000000e+00 1.945720000000000088e-02 1.973950000000000010e-02
1.628085358000000094e+00 1.944559499999999955e-02 4.875139999999999812e-04 1.000000000000000000e+00 1.945260000000000045e-02 1.973520000000000135e-02
1.628628052999999909e+00 1.944071899999999867e-02 4.875589999999999850e-04 1.000000000000000000e+00 1.944790000000000060e-02 1.973079999999999973e-02
1.629170929000000045e+00 1.943567100000000158e-02 4.876039999999999888e-04 1.000000000000000000e+00 1.944299999999999848e-02 1.972619999999999929e-02
1.629713986000000059e+00 1.943033400000000049e-02 4.876470000000000153e-04 1.000000000000000000e+00 1.943780000000000160e-02 1.972140000000000004e-02
1.630257223999999949e+00 1.942456700000000022e-02 4.876890000000000261e-04 1.000000000000000000e+00 1.943229999999999957e-02 1.971619999999999970e-02
1.630800642999999939e+00 1.941821900000000045e-02 4.877290000000000054e-04 1.000000000000000000e+00 1.942620000000000111e-02 1.971060000000000173e-02
1.631344243000000027e+00 1.941114799999999960e-02 4.877659999999999917e-04 1.000000000000000000e+00 1.941959999999999867e-02 1.970440000000000039e-02
1.631888025000000075e+00 1.940322200000000122e-02 4.877999999999999849e-04 1.000000000000000000e+00 1.941230000000000039e-02 1.969759999999999914e-02
1.632431986999999918e+00 1.939432300000000151e-02 4.878279999999999921e-04 1.000000000000000000e+00 1.940429999999999933e-02 1.969009999999999858e-02
1.632976130999999942e+00 1.938433300000000012e-02 4.878479999999999817e-04 1.000000000000000000e+00 1.939540000000000014e-02 1.968189999999999870e-02
1.633520456999999926e+00 1.937312500000000146e-02 4.878589999999999923e-04 1.000000000000000000e+00 1.938559999999999936e-02 1.967259999999999842e-02
1.634064962999999926e+00 1.936057000000000056e-02 4.878579999999999766e-04 1.000000000000000000e+00 1.937470000000000164e-02 1.966240000000000002e-02
1.634609651999999969e+00 1.934655100000000003e-02 4.878430000000000114e-04 1.000000000000000000e+00 1.936270000000000005e-02 1.965089999999999892e-02
1.635154522000000110e+00 1.933101799999999842e-02 4.878109999999999955e-04 1.000000000000000000e+00 1.934929999999999983e-02 1.963820000000000149e-02
1.635699572999999907e+00 1.931401699999999930e-02 4.877619999999999829e-04 1.000000000000000000e+00 1.933469999999999980e-02 1.962409999999999849e-02
1.636244806000000107e+00 1.929572800000000157e-02 4.876939999999999964e-04 1.000000000000000000e+00 1.931870000000000115e-02 1.960860000000000034e-02
1.636790221000000045e+00 1.927647099999999988e-02 4.876090000000000133e-04 1.000000000000000000e+00 1.930159999999999862e-02 1.959189999999999890e-02
1.637335817999999943e+00 1.925667899999999877e-02 4.875090000000000109e-04 1.000000000000000000e+00 1.928360000000000143e-02 1.957419999999999993e-02
1.637881597000000022e+00 1.923686399999999935e-02 4.873960000000000206e-04 1.000000000000000000e+00 1.926500000000000087e-02 1.955590000000000106e-02
1.638427556999999979e+00 1.921756200000000053e-02 4.872759999999999743e-04 1.000000000000000000e+00 1.924630000000000091e-02 1.953739999999999991e-02
1.638973699999999978e+00 1.919929999999999901e-02 4.871540000000000050e-04 1.000000000000000000e+00 1.922770000000000035e-02 1.951900000000000163e-02
1.639520024000000076e+00 1.918256499999999865e-02 4.870380000000000217e-04 1.000000000000000000e+00 1.920989999999999850e-02 1.950129999999999919e-02
1.640066530999999994e+00 1.916776800000000169e-02 4.869329999999999947e-04 1.000000000000000000e+00 1.919310000000000113e-02 1.948460000000000122e-02
1.640613220000000094e+00 1.915522000000000058e-02 4.868469999999999959e-04 1.000000000000000000e+00 1.917769999999999891e-02 1.946929999999999841e-02
1.641160090999999932e+00 1.914507799999999940e-02 4.867860000000000112e-04 1.000000000000000000e+00 1.916400000000000048e-02 1.945590000000000167e-02
1.641707143999999952e+00 1.913731200000000007e-02 4.867550000000000110e-04 1.000000000000000000e+00 1.915230000000000057e-02 1.944449999999999998e-02
1.642254380000000014e+00 1.913168800000000086e-02 4.867539999999999953e-04 1.000000000000000000e+00 1.914269999999999861e-02 1.943529999999999910e-02
1.642801798000000035e+00 1.912778500000000131e-02 4.867849999999999955e-04 1.000000000000000000e+00 1.913499999999999923e-02 1.942819999999999964e-02
1.643349399000000099e+00 1.912505600000000139e-02 4.868420000000000256e-04 1.000000000000000000e+00 1.912919999999999898e-02 1.942299999999999929e-02
1.643897181999999901e+00 1.912290300000000012e-02 4.869210000000000226e-04 1.000000000000000000e+00 1.912480000000000083e-02 1.941939999999999986e-02
1.644445147000000107e+00 1.912077699999999852e-02 4.870130000000000075e-04 1.000000000000000000e+00 1.912140000000000020e-02 1.941669999999999854e-02
1.644993295999999994e+00 1.911826800000000076e-02 4.871109999999999785e-04 1.000000000000000000e+00 1.911869999999999889e-02 1.941470000000000001e-02
1.645541627000000062e+00 1.911518099999999845e-02 4.872090000000000036e-04 1.000000000000000000e+00 1.911600000000000105e-02 1.941270000000000148e-02
1.646090140999999951e+00 1.911159899999999995e-02 4.873009999999999885e-04 1.000000000000000000e+00 1.911329999999999973e-02 1.941069999999999948e-02
1.646638838000000105e+00 1.910790100000000005e-02 4.873860000000000258e-04 1.000000000000000000e+00 1.911049999999999902e-02 1.940839999999999926e-02
1.647187716999999996e+00 1.910473799999999958e-02 4.874650000000000228e-04 1.000000000000000000e+00 1.910780000000000117e-02 1.940609999999999905e-02
1.647736780000000012e+00 1.910293100000000008e-02 4.875440000000000199e-04 1.000000000000000000e+00 1.910550000000000095e-02 1.940419999999999992e-02
1.648286024999999988e+00 1.910332000000000002e-02 4.876309999999999803e-04 1.000000000000000000e+00 1.910430000000000114e-02 1.940329999999999833e-02
1.648835454000000089e+00 1.910658900000000021e-02 4.877339999999999757e-04 1.000000000000000000e+00 1.910469999999999877e-02 1.940400000000000111e-02
1.649385066000000011e+00 1.911311300000000102e-02 4.878649999999999784e-04 1.000000000000000000e+00 1.910740000000000008e-02 1.940690000000000123e-02
1.649934860999999975e+00 1.912287500000000098e-02 4.880279999999999970e-04 1.000000000000000000e+00 1.911260000000000042e-02 1.941249999999999920e-02
1.650484838999999981e+00 1.913548199999999880e-02 4.882269999999999861e-04 1.000000000000000000e+00 1.912049999999999861e-02 1.942079999999999848e-02
1.651035000999999891e+00 1.915026300000000070e-02 4.884629999999999615e-04 1.000000000000000000e+00 1.913099999999999870e-02 1.943179999999999907e-02
1.651585346000000065e+00 1.916643300000000008e-02 4.887300000000000455e-04 1.000000000000000000e+00 1.914350000000000079e-02 1.944500000000000048e-02
1.652135874000000060e+00 1.918326100000000006e-02 4.890229999999999968e-04 1.000000000000000000e+00 1.915760000000000032e-02 1.945979999999999932e-02
1.652686585999999958e+00 1.920019599999999924e-02 4.893319999999999831e-04 1.000000000000000000e+00 1.917289999999999967e-02 1.947590000000000085e-02
1.653237481999999980e+00 1.921692499999999929e-02 4.896520000000000343e-04 1.000000000000000000e+00 1.918869999999999951e-02 1.949249999999999941e-02
1.653788561000000046e+00 1.923334599999999839e-02 4.899769999999999473e-04 1.000000000000000000e+00 1.920480000000000104e-02 1.950949999999999906e-02
1.654339824000000014e+00 1.924948300000000126e-02 4.903029999999999845e-04 1.000000000000000000e+00 1.922099999999999850e-02 1.952660000000000159e-02
1.654891270000000025e+00 1.926538900000000082e-02 4.906269999999999902e-04 1.000000000000000000e+00 1.923719999999999944e-02 1.954370000000000065e-02
1.655442901000000022e+00 1.928103999999999929e-02 4.909479999999999487e-04 1.000000000000000000e+00 1.925340000000000037e-02 1.956070000000000031e-02
1.655994715000000062e+00 1.929625999999999911e-02 4.912630000000000295e-04 1.000000000000000000e+00 1.926949999999999844e-02 1.957760000000000056e-02
1.656546713000000004e+00 1.931068699999999999e-02 4.915699999999999844e-04 1.000000000000000000e+00 1.928529999999999828e-02 1.959400000000000031e-02
1.657098895000000072e+00 1.932374499999999981e-02 4.918639999999999514e-04 1.000000000000000000e+00 1.930039999999999881e-02 1.960970000000000074e-02
1.657651261999999903e+00 1.933464000000000016e-02 4.921390000000000530e-04 1.000000000000000000e+00 1.931429999999999952e-02 1.962409999999999849e-02
1.658203811999999999e+00 1.934233000000000133e-02 4.923850000000000232e-04 1.000000000000000000e+00 1.932620000000000171e-02 1.963650000000000118e-02
1.658756547000000081e+00 1.934549400000000127e-02 4.925939999999999529e-04 1.000000000000000000e+00 1.933500000000000149e-02 1.964569999999999858e-02
1.659309466000000066e+00 1.934249600000000069e-02 4.927519999999999470e-04 1.000000000000000000e+00 1.933949999999999905e-02 1.965060000000000071e-02
1.659862568999999954e+00 1.933140300000000047e-02 4.928429999999999703e-04 1.000000000000000000e+00 1.933819999999999983e-02 1.964969999999999911e-02
1.660415855999999968e+00 1.931014799999999920e-02 4.928489999999999564e-04 1.000000000000000000e+00 1.932930000000000065e-02 1.964120000000000102e-02
1.660969327999999967e+00 1.927689999999999959e-02 4.927490000000000082e-04 1.000000000000000000e+00 1.931110000000000118e-02 1.962339999999999918e-02
1.661522984999999952e+00 1.923070600000000019e-02 4.925230000000000276e-04 1.000000000000000000e+00 1.928200000000000053e-02 1.959469999999999962e-02
1.662076826000000063e+00 1.917226899999999873e-02 4.921599999999999499e-04 1.000000000000000000e+00 1.924119999999999997e-02 1.955420000000000075e-02
1.662630851000000076e+00 1.910466699999999879e-02 4.916639999999999466e-04 1.000000000000000000e+00 1.918929999999999941e-02 1.950259999999999841e-02
1.663185061999999936e+00 1.903363400000000066e-02 4.910620000000000089e-04 1.000000000000000000e+00 1.912880000000000136e-02 1.944219999999999976e-02
1.663739456999999922e+00 1.896712500000000134e-02 4.904059999999999800e-04 1.000000000000000000e+00 1.906429999999999930e-02 1.937770000000000117e-02
1.664294036000000032e+00 1.891404199999999897e-02 4.897740000000000036e-04 1.000000000000000000e+00 1.900220000000000034e-02 1.931559999999999874e-02
1.664848800999999989e+00 1.888234600000000124e-02 4.892559999999999791e-04 1.000000000000000000e+00 1.894989999999999869e-02 1.926330000000000056e-02
1.665403750999999932e+00 1.887710000000000082e-02 4.889389999999999752e-04 1.000000000000000000e+00 1.891429999999999848e-02 1.922779999999999975e-02
1.665958885000000000e+00 1.889909600000000064e-02 4.888849999999999923e-04 1.000000000000000000e+00 1.890019999999999895e-02 1.921420000000000072e-02
1.666514204999999915e+00 1.894457700000000064e-02 4.891179999999999747e-04 1.000000000000000000e+00 1.890959999999999863e-02 1.922420000000000032e-02
1.667069710000000038e+00 1.900619099999999867e-02 4.896189999999999484e-04 1.000000000000000000e+00 1.894049999999999900e-02 1.925599999999999881e-02
1.667625399999999924e+00 1.907482200000000169e-02 4.903280000000000529e-04 1.000000000000000000e+00 1.898800000000000140e-02 1.930470000000000103e-02
1.668181275000000019e+00 1.914168399999999909e-02 4.911580000000000026e-04 1.000000000000000000e+00 1.904520000000000171e-02 1.936329999999999996e-02
1.668737335000000099e+00 1.920001099999999947e-02 4.920200000000000224e-04 1.000000000000000000e+00 1.910490000000000105e-02 1.942440000000000139e-02
1.669293581000000026e+00 1.924590799999999907e-02 4.928369999999999843e-04 1.000000000000000000e+00 1.916079999999999867e-02 1.948170000000000110e-02
1.669850011999999939e+00 1.927832499999999893e-02 4.935519999999999664e-04 1.000000000000000000e+00 1.920840000000000047e-02 1.953070000000000153e-02
1.670406628999999921e+00 1.929838500000000123e-02 4.941389999999999932e-04 1.000000000000000000e+00 1.924560000000000159e-02 1.956899999999999959e-02
1.670963431000000110e+00 1.930844899999999836e-02 4.945929999999999858e-04 1.000000000000000000e+00 1.927200000000000094e-02 1.959649999999999934e-02
1.671520418999999924e+00 1.931125699999999834e-02 4.949279999999999478e-04 1.000000000000000000e+00 1.928869999999999890e-02 1.961409999999999890e-02
1.672077591999999946e+00 1.930934499999999859e-02 4.951670000000000247e-04 1.000000000000000000e+00 1.929749999999999868e-02 1.962380000000000027e-02
1.672634951000000036e+00 1.930473799999999837e-02 4.953340000000000520e-04 1.000000000000000000e+00 1.930050000000000168e-02 1.962749999999999911e-02
1.673192495999999974e+00 1.929890399999999867e-02 4.954529999999999742e-04 1.000000000000000000e+00 1.929950000000000068e-02 1.962720000000000090e-02
1.673750226999999979e+00 1.929279799999999989e-02 4.955419999999999660e-04 1.000000000000000000e+00 1.929610000000000006e-02 1.962449999999999958e-02
1.674308144000000054e+00 1.928699999999999859e-02 4.956150000000000312e-04 1.000000000000000000e+00 1.929159999999999903e-02 1.962059999999999846e-02
1.674866246999999975e+00 1.928182999999999980e-02 4.956820000000000019e-04 1.000000000000000000e+00 1.928679999999999978e-02 1.961620000000000030e-02
1.675424535000000104e+00 1.927745399999999942e-02 4.957499999999999884e-04 1.000000000000000000e+00 1.928200000000000053e-02 1.961210000000000037e-02
1.675983009999999940e+00 1.927393100000000109e-02 4.958220000000000379e-04 1.000000000000000000e+00 1.927780000000000118e-02 1.960829999999999865e-02
1.676541671000000067e+00 1.927122100000000157e-02 4.959009999999999807e-04 1.000000000000000000e+00 1.927409999999999887e-02 1.960519999999999971e-02
1.677100518999999901e+00 1.926914299999999899e-02 4.959880000000000495e-04 1.000000000000000000e+00 1.927090000000000053e-02 1.960260000000000127e-02
1.677659551999999943e+00 1.926736700000000052e-02 4.960830000000000274e-04 1.000000000000000000e+00 1.926829999999999862e-02 1.960049999999999987e-02
1.678218771999999914e+00 1.926544800000000099e-02 4.961839999999999914e-04 1.000000000000000000e+00 1.926589999999999900e-02 1.959879999999999955e-02
1.678778177999999954e+00 1.926292500000000019e-02 4.962849999999999553e-04 1.000000000000000000e+00 1.926359999999999878e-02 1.959709999999999924e-02
1.679337770999999924e+00 1.925947299999999918e-02 4.963839999999999962e-04 1.000000000000000000e+00 1.926090000000000094e-02 1.959510000000000071e-02
1.679897549999999962e+00 1.925503400000000073e-02 4.964740000000000038e-04 1.000000000000000000e+00 1.925769999999999912e-02 1.959249999999999881e-02
1.680457515999999929e+00 1.924987599999999910e-02 4.965529999999999467e-04 1.000000000000000000e+00 1.925400000000000028e-02 1.958939999999999987e-02
1.681017667999999965e+00 1.924455699999999894e-02 4.966210000000000416e-04 1.000000000000000000e+00 1.924990000000000034e-02 1.958570000000000103e-02
1.681578008000000013e+00 1.923979599999999998e-02 4.966830000000000420e-04 1.000000000000000000e+00 1.924570000000000100e-02 1.958189999999999931e-02
1.682138533999999908e+00 1.923629400000000100e-02 4.967430000000000109e-04 1.000000000000000000e+00 1.924189999999999928e-02 1.957839999999999928e-02
1.682699246999999954e+00 1.923454700000000114e-02 4.968079999999999502e-04 1.000000000000000000e+00 1.923899999999999916e-02 1.957570000000000143e-02
1.683260146000000068e+00 1.923471699999999840e-02 4.968849999999999699e-04 1.000000000000000000e+00 1.923740000000000172e-02 1.957429999999999934e-02
1.683821232999999973e+00 1.923658699999999944e-02 4.969770000000000090e-04 1.000000000000000000e+00 1.923719999999999944e-02 1.957429999999999934e-02
1.684382507000000029e+00 1.923961100000000021e-02 4.970849999999999748e-04 1.000000000000000000e+00 1.923839999999999925e-02 1.957570000000000143e-02
1.684943968000000014e+00 1.924304400000000081e-02 4.972060000000000368e-04 1.000000000000000000e+00 1.924050000000000066e-02 1.957800000000000165e-02
1.685505615999999929e+00 1.924610900000000083e-02 4.973339999999999922e-04 1.000000000000000000e+00 1.924309999999999909e-02 1.958079999999999890e-02
1.686067450999999995e+00 1.924814899999999912e-02 4.974619999999999476e-04 1.000000000000000000e+00 1.924549999999999872e-02 1.958350000000000021e-02
1.686629472999999990e+00 1.924873599999999893e-02 4.975850000000000412e-04 1.000000000000000000e+00 1.924719999999999903e-02 1.958549999999999874e-02
1.687191682999999998e+00 1.924772799999999867e-02 4.976979999999999772e-04 1.000000000000000000e+00 1.924769999999999953e-02 1.958640000000000034e-02
1.687754079999999934e+00 1.924528500000000086e-02 4.977970000000000181e-04 1.000000000000000000e+00 1.924700000000000022e-02 1.958609999999999865e-02
1.688316665000000105e+00 1.924185200000000026e-02 4.978839999999999785e-04 1.000000000000000000e+00 1.924510000000000109e-02 1.958460000000000062e-02
1.688879436999999983e+00 1.923809400000000072e-02 4.979609999999999983e-04 1.000000000000000000e+00 1.924230000000000038e-02 1.958220000000000099e-02
1.689442397000000096e+00 1.923477800000000099e-02 4.980320000000000320e-04 1.000000000000000000e+00 1.923930000000000085e-02 1.957949999999999968e-02
1.690005544999999998e+00 1.923260400000000037e-02 4.981049999999999887e-04 1.000000000000000000e+00 1.923650000000000013e-02 1.957710000000000006e-02
1.690568880000000052e+00 1.923202300000000087e-02 4.981840000000000400e-04 1.000000000000000000e+00 1.923470000000000041e-02 1.957559999999999856e-02
1.691132402999999895e+00 1.923311700000000096e-02 4.982749999999999549e-04 1.000000000000000000e+00 1.923429999999999931e-02 1.957539999999999975e-02
1.691696112999999890e+00 1.923557500000000128e-02 4.983779999999999504e-04 1.000000000000000000e+00 1.923530000000000031e-02 1.957650000000000015e-02
1.692260011999999980e+00 1.923879499999999951e-02 4.984899999999999791e-04 1.000000000000000000e+00 1.923750000000000113e-02 1.957880000000000037e-02
1.692824099000000082e+00 1.924206100000000128e-02 4.986079999999999939e-04 1.000000000000000000e+00 1.924050000000000066e-02 1.958179999999999990e-02
1.693388373999999974e+00 1.924473999999999976e-02 4.987239999999999772e-04 1.000000000000000000e+00 1.924390000000000128e-02 1.958510000000000112e-02
1.693952836000000017e+00 1.924644000000000008e-02 4.988320000000000514e-04 1.000000000000000000e+00 1.924690000000000081e-02 1.958800000000000124e-02
1.694517486999999933e+00 1.924707000000000154e-02 4.989280000000000451e-04 1.000000000000000000e+00 1.924920000000000103e-02 1.959009999999999918e-02
1.695082326000000084e+00 1.924680900000000014e-02 4.990110000000000509e-04 1.000000000000000000e+00 1.925050000000000025e-02 1.959119999999999959e-02
1.695647354000000107e+00 1.924599199999999996e-02 4.990829999999999919e-04 1.000000000000000000e+00 1.925079999999999847e-02 1.959139999999999840e-02
1.696212569999999920e+00 1.924496200000000087e-02 4.991489999999999469e-04 1.000000000000000000e+00 1.925030000000000144e-02 1.959069999999999909e-02
1.696777973999999967e+00 1.924393699999999915e-02 4.992129999999999788e-04 1.000000000000000000e+00 1.924920000000000103e-02 1.958949999999999927e-02
1.697343567000000109e+00 1.924293499999999921e-02 4.992799999999999495e-04 1.000000000000000000e+00 1.924760000000000013e-02 1.958800000000000124e-02
1.697909348000000040e+00 1.924179800000000093e-02 4.993530000000000147e-04 1.000000000000000000e+00 1.924580000000000041e-02 1.958630000000000093e-02
1.698475316999999984e+00 1.924027500000000113e-02 4.994300000000000345e-04 1.000000000000000000e+00 1.924379999999999841e-02 1.958460000000000062e-02
1.699041476000000106e+00 1.923813799999999838e-02 4.995110000000000088e-04 1.000000000000000000e+00 1.924150000000000166e-02 1.958270000000000149e-02
1.699607823000000018e+00 1.923526799999999981e-02 4.995899999999999517e-04 1.000000000000000000e+00 1.923899999999999916e-02 1.958050000000000068e-02
1.700174359000000024e+00 1.923166100000000059e-02 4.996650000000000483e-04 1.000000000000000000e+00 1.923619999999999844e-02 1.957800000000000165e-02
1.700741083999999903e+00 1.922736800000000162e-02 4.997330000000000348e-04 1.000000000000000000e+00 1.923300000000000010e-02 1.957510000000000153e-02
1.701307998000000099e+00 1.922240299999999902e-02 4.997899999999999565e-04 1.000000000000000000e+00 1.922950000000000007e-02 1.957180000000000031e-02
1.701875100000000085e+00 1.921667100000000114e-02 4.998350000000000145e-04 1.000000000000000000e+00 1.922549999999999953e-02 1.956789999999999918e-02
1.702442392000000027e+00 1.920995799999999920e-02 4.998640000000000375e-04 1.000000000000000000e+00 1.922099999999999850e-02 1.956329999999999875e-02
1.703009873000000063e+00 1.920202000000000020e-02 4.998739999999999781e-04 1.000000000000000000e+00 1.921559999999999935e-02 1.955770000000000078e-02
1.703577542999999972e+00 1.919273100000000107e-02 4.998640000000000375e-04 1.000000000000000000e+00 1.920900000000000038e-02 1.955089999999999953e-02
1.704145401999999976e+00 1.918226300000000148e-02 4.998319999999999673e-04 1.000000000000000000e+00 1.920109999999999872e-02 1.954260000000000025e-02
1.704713450000000075e+00 1.917123499999999828e-02 4.997820000000000474e-04 1.000000000000000000e+00 1.919200000000000073e-02 1.953310000000000116e-02
1.705281687999999907e+00 1.916076400000000027e-02 4.997209999999999543e-04 1.000000000000000000e+00 1.918210000000000054e-02 1.952279999999999988e-02
1.705850115000000056e+00 1.915237200000000084e-02 4.996630000000000169e-04 1.000000000000000000e+00 1.917239999999999917e-02 1.951270000000000088e-02
1.706418731999999938e+00 1.914773700000000148e-02 4.996230000000000376e-04 1.000000000000000000e+00 1.916419999999999929e-02 1.950409999999999991e-02
1.706987537999999915e+00 1.914832099999999940e-02 4.996210000000000061e-04 1.000000000000000000e+00 1.915899999999999895e-02 1.949860000000000135e-02
1.707556534000000070e+00 1.915497000000000033e-02 4.996710000000000344e-04 1.000000000000000000e+00 1.915800000000000142e-02 1.949729999999999866e-02
1.708125719999999959e+00 1.916759399999999960e-02 4.997860000000000020e-04 1.000000000000000000e+00 1.916230000000000017e-02 1.950139999999999860e-02
1.708695094999999942e+00 1.918505800000000136e-02 4.999650000000000014e-04 1.000000000000000000e+00 1.917189999999999866e-02 1.951090000000000116e-02
1.709264660000000102e+00 1.920534999999999951e-02 5.002010000000000310e-04 1.000000000000000000e+00 1.918620000000000048e-02 1.952510000000000009e-02
1.709834414999999996e+00 1.922600000000000003e-02 5.004729999999999769e-04 1.000000000000000000e+00 1.920370000000000063e-02 1.954250000000000084e-02
1.710404360000000068e+00 1.924467499999999928e-02 5.007570000000000033e-04 1.000000000000000000e+00 1.922259999999999941e-02 1.956110000000000140e-02
1.710974494000000012e+00 1.925974100000000036e-02 5.010289999999999492e-04 1.000000000000000000e+00 1.924069999999999947e-02 1.957899999999999918e-02
1.711544818999999995e+00 1.927065600000000059e-02 5.012680000000000261e-04 1.000000000000000000e+00 1.925649999999999931e-02 1.959450000000000081e-02
1.712115333999999933e+00 1.927804199999999871e-02 5.014659999999999994e-04 1.000000000000000000e+00 1.926920000000000022e-02 1.960680000000000062e-02
1.712686039000000049e+00 1.928342900000000124e-02 5.016260000000000250e-04 1.000000000000000000e+00 1.927879999999999872e-02 1.961600000000000149e-02
1.713256934999999981e+00 1.928871399999999847e-02 5.017599999999999665e-04 1.000000000000000000e+00 1.928629999999999928e-02 1.962310000000000096e-02
1.713828020000000008e+00 1.929553100000000118e-02 5.018859999999999988e-04 1.000000000000000000e+00 1.929290000000000171e-02 1.962929999999999883e-02
1.714399296000000072e+00 1.930467300000000136e-02 5.020209999999999560e-04 1.000000000000000000e+00 1.929989999999999831e-02 1.963600000000000068e-02
1.714970762999999954e+00 1.931576499999999863e-02 5.021760000000000113e-04 1.000000000000000000e+00 1.930820000000000106e-02 1.964399999999999827e-02
1.715542420000000012e+00 1.932724599999999932e-02 5.023519999999999635e-04 1.000000000000000000e+00 1.931770000000000015e-02 1.965329999999999855e-02
1.716114267000000027e+00 1.933667799999999951e-02 5.025350000000000259e-04 1.000000000000000000e+00 1.932740000000000152e-02 1.966299999999999992e-02
1.716686305000000079e+00 1.934130699999999856e-02 5.027049999999999921e-04 1.000000000000000000e+00 1.933549999999999852e-02 1.967100000000000098e-02
1.717258533999999948e+00 1.933872500000000105e-02 5.028349999999999790e-04 1.000000000000000000e+00 1.933980000000000074e-02 1.967539999999999914e-02
1.717830952999999994e+00 1.932750399999999882e-02 5.028990000000000109e-04 1.000000000000000000e+00 1.933829999999999924e-02 1.967390000000000111e-02
1.718403563999999939e+00 1.930760100000000062e-02 5.028800000000000370e-04 1.000000000000000000e+00 1.932959999999999887e-02 1.966520000000000074e-02
1.718976365000000062e+00 1.928047299999999936e-02 5.027729999999999786e-04 1.000000000000000000e+00 1.931329999999999852e-02 1.964890000000000039e-02
1.719549357000000001e+00 1.924884600000000001e-02 5.025869999999999773e-04 1.000000000000000000e+00 1.929029999999999981e-02 1.962590000000000168e-02
1.720122539999999978e+00 1.921620799999999851e-02 5.023449999999999617e-04 1.000000000000000000e+00 1.926270000000000066e-02 1.959819999999999965e-02
1.720695913999999993e+00 1.918616500000000155e-02 5.020790000000000019e-04 1.000000000000000000e+00 1.923329999999999831e-02 1.956870000000000137e-02
1.721269479999999907e+00 1.916185399999999900e-02 5.018250000000000141e-04 1.000000000000000000e+00 1.920519999999999866e-02 1.954030000000000003e-02
1.721843235999999999e+00 1.914547399999999913e-02 5.016180000000000075e-04 1.000000000000000000e+00 1.918100000000000013e-02 1.951610000000000150e-02
1.722417183999999990e+00 1.913807899999999881e-02 5.014820000000000345e-04 1.000000000000000000e+00 1.916309999999999888e-02 1.949800000000000144e-02
1.722991323000000019e+00 1.913955200000000065e-02 5.014359999999999607e-04 1.000000000000000000e+00 1.915280000000000107e-02 1.948760000000000076e-02
1.723565653000000086e+00 1.914873400000000059e-02 5.014849999999999733e-04 1.000000000000000000e+00 1.915019999999999917e-02 1.948499999999999885e-02
1.724140175000000053e+00 1.916364900000000135e-02 5.016229999999999778e-04 1.000000000000000000e+00 1.915479999999999960e-02 1.948959999999999929e-02
1.724714888999999918e+00 1.918178300000000086e-02 5.018330000000000317e-04 1.000000000000000000e+00 1.916520000000000029e-02 1.950019999999999878e-02
1.725289794000000043e+00 1.920040300000000130e-02 5.020930000000000054e-04 1.000000000000000000e+00 1.917929999999999982e-02 1.951450000000000060e-02
1.725864889999999985e+00 1.921688699999999847e-02 5.023760000000000161e-04 1.000000000000000000e+00 1.919490000000000085e-02 1.953039999999999984e-02
1.726440178999999908e+00 1.922901399999999913e-02 5.026520000000000250e-04 1.000000000000000000e+00 1.920960000000000029e-02 1.954550000000000037e-02
1.727015659000000092e+00 1.923521400000000048e-02 5.028959999999999637e-04 1.000000000000000000e+00 1.922139999999999960e-02 1.955780000000000018e-02
1.727591330999999952e+00 1.923474199999999912e-02 5.030860000000000280e-04 1.000000000000000000e+00 1.922880000000000075e-02 1.956549999999999956e-02
1.728167194000000073e+00 1.922779000000000155e-02 5.032079999999999973e-04 1.000000000000000000e+00 1.923079999999999928e-02 1.956770000000000037e-02
1.728743249999999954e+00 1.921553000000000150e-02 5.032599999999999487e-04 1.000000000000000000e+00 1.922729999999999925e-02 1.956439999999999915e-02
1.729319497999999955e+00 1.920002000000000167e-02 5.032460000000000535e-04 1.000000000000000000e+00 1.921899999999999997e-02 1.955609999999999987e-02
1.729895938000000077e+00 1.918392299999999856e-02 5.031849999999999604e-04 1.000000000000000000e+00 1.920730000000000007e-02 1.954430000000000056e-02
1.730472570000000099e+00 1.917001600000000153e-02 5.031019999999999546e-04 1.000000000000000000e+00 1.919420000000000154e-02 1.953099999999999975e-02
1.731049394000000019e+00 1.916053599999999885e-02 5.030269999999999663e-04 1.000000000000000000e+00 1.918190000000000173e-02 1.951850000000000113e-02
1.731626410000000060e+00 1.915660799999999858e-02 5.029859999999999713e-04 1.000000000000000000e+00 1.917229999999999976e-02 1.950870000000000035e-02
1.732203619000000083e+00 1.915797199999999881e-02 5.029970000000000361e-04 1.000000000000000000e+00 1.916649999999999951e-02 1.950290000000000010e-02
1.732781020000000005e+00 1.916316699999999831e-02 5.030650000000000226e-04 1.000000000000000000e+00 1.916479999999999920e-02 1.950119999999999978e-02
1.733358613999999909e+00 1.917013199999999945e-02 5.031840000000000531e-04 1.000000000000000000e+00 1.916640000000000010e-02 1.950309999999999891e-02
1.733936399999999933e+00 1.917693100000000123e-02 5.033369999999999685e-04 1.000000000000000000e+00 1.917009999999999895e-02 1.950719999999999885e-02
1.734514378999999940e+00 1.918229899999999988e-02 5.035060000000000273e-04 1.000000000000000000e+00 1.917450000000000057e-02 1.951220000000000038e-02
1.735092550000000067e+00 1.918575800000000067e-02 5.036759999999999935e-04 1.000000000000000000e+00 1.917860000000000051e-02 1.951690000000000022e-02
1.735670915000000036e+00 1.918734100000000012e-02 5.038380000000000506e-04 1.000000000000000000e+00 1.918179999999999885e-02 1.952069999999999847e-02
1.736249471999999905e+00 1.918712499999999932e-02 5.039839999999999641e-04 1.000000000000000000e+00 1.918370000000000145e-02 1.952330000000000038e-02
1.736828220999999894e+00 1.918490600000000157e-02 5.041110000000000122e-04 1.000000000000000000e+00 1.918430000000000135e-02 1.952440000000000078e-02
1.737407163999999948e+00 1.918023400000000087e-02 5.042129999999999919e-04 1.000000000000000000e+00 1.918320000000000095e-02 1.952380000000000088e-02
1.737986299999999984e+00 1.917273800000000167e-02 5.042840000000000256e-04 1.000000000000000000e+00 1.917999999999999913e-02 1.952100000000000016e-02
1.738565629000000001e+00 1.916250900000000118e-02 5.043190000000000346e-04 1.000000000000000000e+00 1.917419999999999888e-02 1.951560000000000100e-02
1.739145149999999918e+00 1.915024499999999977e-02 5.043200000000000504e-04 1.000000000000000000e+00 1.916589999999999960e-02 1.950750000000000053e-02
1.739724865999999981e+00 1.913699099999999903e-02 5.042939999999999662e-04 1.000000000000000000e+00 1.915539999999999951e-02 1.949729999999999866e-02
1.740304773999999943e+00 1.912358299999999955e-02 5.042510000000000481e-04 1.000000000000000000e+00 1.914340000000000139e-02 1.948549999999999935e-02
1.740884875000000109e+00 1.911003000000000007e-02 5.042000000000000041e-04 1.000000000000000000e+00 1.913060000000000108e-02 1.947290000000000132e-02
1.741465169999999896e+00 1.909527000000000099e-02 5.041419999999999582e-04 1.000000000000000000e+00 1.911699999999999858e-02 1.945960000000000051e-02
1.742045658999999969e+00 1.907747699999999894e-02 5.040679999999999857e-04 1.000000000000000000e+00 1.910219999999999974e-02 1.944509999999999988e-02
1.742626341000000023e+00 1.905491999999999950e-02 5.039610000000000357e-04 1.000000000000000000e+00 1.908500000000000127e-02 1.942810000000000023e-02
1.743207216000000059e+00 1.902705999999999842e-02 5.038030000000000416e-04 1.000000000000000000e+00 1.906429999999999930e-02 1.940740000000000173e-02
1.743788284999999938e+00 1.899544400000000022e-02 5.035870000000000016e-04 1.000000000000000000e+00 1.903960000000000027e-02 1.938259999999999983e-02
1.744369548000000103e+00 1.896390300000000070e-02 5.033249999999999964e-04 1.000000000000000000e+00 1.901200000000000112e-02 1.935469999999999899e-02
1.744951004000000028e+00 1.893787400000000037e-02 5.030510000000000190e-04 1.000000000000000000e+00 1.898410000000000028e-02 1.932640000000000052e-02
1.745532655000000100e+00 1.892295100000000035e-02 5.028199999999999597e-04 1.000000000000000000e+00 1.895989999999999828e-02 1.930190000000000031e-02
1.746114498999999931e+00 1.892314700000000127e-02 5.026909999999999885e-04 1.000000000000000000e+00 1.894399999999999903e-02 1.928559999999999997e-02
1.746696537000000049e+00 1.893948800000000085e-02 5.027119999999999939e-04 1.000000000000000000e+00 1.893960000000000088e-02 1.928119999999999834e-02
1.747278769000000009e+00 1.896952899999999886e-02 5.029049999999999970e-04 1.000000000000000000e+00 1.894840000000000066e-02 1.929010000000000100e-02
1.747861195999999895e+00 1.900799099999999839e-02 5.032570000000000099e-04 1.000000000000000000e+00 1.896930000000000144e-02 1.931139999999999940e-02
1.748443815999999984e+00 1.904826100000000036e-02 5.037260000000000218e-04 1.000000000000000000e+00 1.899879999999999972e-02 1.934150000000000105e-02
1.749026630999999998e+00 1.908413800000000049e-02 5.042490000000000167e-04 1.000000000000000000e+00 1.903219999999999912e-02 1.937559999999999977e-02
1.749609638999999994e+00 1.911114499999999952e-02 5.047619999999999624e-04 1.000000000000000000e+00 1.906429999999999930e-02 1.940860000000000155e-02
1.750192842999999998e+00 1.912700900000000037e-02 5.052089999999999533e-04 1.000000000000000000e+00 1.909119999999999914e-02 1.943620000000000070e-02
1.750776239999999984e+00 1.913133300000000037e-02 5.055529999999999486e-04 1.000000000000000000e+00 1.910999999999999852e-02 1.945550000000000057e-02
1.751359831999999894e+00 1.912491499999999928e-02 5.057739999999999589e-04 1.000000000000000000e+00 1.911940000000000167e-02 1.946540000000000076e-02
1.751943618999999952e+00 1.910919900000000032e-02 5.058680000000000294e-04 1.000000000000000000e+00 1.911940000000000167e-02 1.946550000000000016e-02
1.752527600000000074e+00 1.908616299999999974e-02 5.058400000000000223e-04 1.000000000000000000e+00 1.911059999999999842e-02 1.945650000000000157e-02
1.753111775999999900e+00 1.905858599999999889e-02 5.057080000000000039e-04 1.000000000000000000e+00 1.909440000000000096e-02 1.943999999999999895e-02
1.753696147000000094e+00 1.903028799999999937e-02 5.055009999999999972e-04 1.000000000000000000e+00 1.907290000000000027e-02 1.941800000000000123e-02
1.754280711999999909e+00 1.900596200000000124e-02 5.052610000000000131e-04 1.000000000000000000e+00 1.904930000000000165e-02 1.939389999999999864e-02
1.754865472000000093e+00 1.899040700000000081e-02 5.050420000000000343e-04 1.000000000000000000e+00 1.902749999999999928e-02 1.937149999999999983e-02
1.755450426999999980e+00 1.898721999999999910e-02 5.048999999999999669e-04 1.000000000000000000e+00 1.901129999999999834e-02 1.935490000000000127e-02
1.756035578000000097e+00 1.899757200000000076e-02 5.048840000000000402e-04 1.000000000000000000e+00 1.900409999999999947e-02 1.934769999999999893e-02
1.756620923000000056e+00 1.901945899999999898e-02 5.050150000000000429e-04 1.000000000000000000e+00 1.900750000000000009e-02 1.935129999999999836e-02
1.757206462999999941e+00 1.904786600000000010e-02 5.052849999999999573e-04 1.000000000000000000e+00 1.902090000000000031e-02 1.936519999999999908e-02
1.757792199000000055e+00 1.907580399999999829e-02 5.056499999999999580e-04 1.000000000000000000e+00 1.904099999999999890e-02 1.938609999999999986e-02
1.758378129000000012e+00 1.909590699999999877e-02 5.060410000000000429e-04 1.000000000000000000e+00 1.906300000000000008e-02 1.940880000000000036e-02
1.758964254999999977e+00 1.910198600000000135e-02 5.063780000000000364e-04 1.000000000000000000e+00 1.908090000000000133e-02 1.942750000000000032e-02
1.759550576999999949e+00 1.909009700000000032e-02 5.065850000000000431e-04 1.000000000000000000e+00 1.908930000000000002e-02 1.943630000000000010e-02
1.760137094000000069e+00 1.905883699999999861e-02 5.066050000000000327e-04 1.000000000000000000e+00 1.908380000000000146e-02 1.943100000000000036e-02
1.760723805999999891e+00 1.900906800000000049e-02 5.064060000000000436e-04 1.000000000000000000e+00 1.906199999999999908e-02 1.940889999999999976e-02
1.761310713999999944e+00 1.894346300000000066e-02 5.059840000000000127e-04 1.000000000000000000e+00 1.902329999999999993e-02 1.936960000000000071e-02
1.761897816999999922e+00 1.886624500000000024e-02 5.053570000000000067e-04 1.000000000000000000e+00 1.896899999999999975e-02 1.931429999999999952e-02
1.762485116999999990e+00 1.878324599999999997e-02 5.045680000000000521e-04 1.000000000000000000e+00 1.890210000000000154e-02 1.924630000000000091e-02
1.763072611999999983e+00 1.870203999999999964e-02 5.036809999999999638e-04 1.000000000000000000e+00 1.882759999999999989e-02 1.917050000000000004e-02
1.763660302999999985e+00 1.863158900000000048e-02 5.027830000000000276e-04 1.000000000000000000e+00 1.875210000000000071e-02 1.909359999999999877e-02
1.764248188999999911e+00 1.858107000000000161e-02 5.019749999999999907e-04 1.000000000000000000e+00 1.868349999999999872e-02 1.902389999999999984e-02
1.764836271999999928e+00 1.855793999999999846e-02 5.013619999999999882e-04 1.000000000000000000e+00 1.863010000000000013e-02 1.896959999999999966e-02
1.765424550999999953e+00 1.856576299999999902e-02 5.010350000000000437e-04 1.000000000000000000e+00 1.859869999999999926e-02 1.893769999999999828e-02
1.766013025999999986e+00 1.860279499999999836e-02 5.010439999999999686e-04 1.000000000000000000e+00 1.859330000000000011e-02 1.893229999999999913e-02
1.766601697000000026e+00 1.866200599999999835e-02 5.013899999999999954e-04 1.000000000000000000e+00 1.861389999999999920e-02 1.895319999999999991e-02
1.767190564000000075e+00 1.873267699999999966e-02 5.020159999999999857e-04 1.000000000000000000e+00 1.865589999999999957e-02 1.899599999999999900e-02
1.767779627999999992e+00 1.880301200000000089e-02 5.028209999999999754e-04 1.000000000000000000e+00 1.871159999999999837e-02 1.905269999999999880e-02
1.768368887000000056e+00 1.886266300000000173e-02 5.036850000000000268e-04 1.000000000000000000e+00 1.877180000000000168e-02 1.911399999999999905e-02
1.768958344000000071e+00 1.890439899999999881e-02 5.044900000000000165e-04 1.000000000000000000e+00 1.882730000000000167e-02 1.917050000000000004e-02
1.769547996000000012e+00 1.892446299999999901e-02 5.051399999999999510e-04 1.000000000000000000e+00 1.887099999999999889e-02 1.921509999999999885e-02
1.770137845999999904e+00 1.892200200000000027e-02 5.055730000000000467e-04 1.000000000000000000e+00 1.889810000000000101e-02 1.924259999999999859e-02
1.770727892000000026e+00 1.889809199999999828e-02 5.057539999999999692e-04 1.000000000000000000e+00 1.890599999999999919e-02 1.925059999999999966e-02
1.771318133999999933e+00 1.885507599999999839e-02 5.056779999999999652e-04 1.000000000000000000e+00 1.889419999999999988e-02 1.923860000000000153e-02
1.771908574000000014e+00 1.879631500000000094e-02 5.053570000000000067e-04 1.000000000000000000e+00 1.886380000000000001e-02 1.920759999999999829e-02
1.772499210000000103e+00 1.872613299999999897e-02 5.048229999999999471e-04 1.000000000000000000e+00 1.881700000000000039e-02 1.915990000000000054e-02
1.773090043000000060e+00 1.864959000000000061e-02 5.041219999999999686e-04 1.000000000000000000e+00 1.875740000000000046e-02 1.909910000000000080e-02
1.773681073000000108e+00 1.857191199999999945e-02 5.033109999999999928e-04 1.000000000000000000e+00 1.868910000000000016e-02 1.902960000000000068e-02
1.774272300000000024e+00 1.849753900000000034e-02 5.024499999999999886e-04 1.000000000000000000e+00 1.861679999999999932e-02 1.895610000000000003e-02
1.774863724000000031e+00 1.842938699999999846e-02 5.015959999999999863e-04 1.000000000000000000e+00 1.854460000000000136e-02 1.888280000000000167e-02
1.775455344999999907e+00 1.836853899999999970e-02 5.007899999999999808e-04 1.000000000000000000e+00 1.847580000000000056e-02 1.881299999999999986e-02
1.776047163999999956e+00 1.831462199999999915e-02 5.000570000000000405e-04 1.000000000000000000e+00 1.841220000000000009e-02 1.874860000000000068e-02
1.776639180000000096e+00 1.826652499999999874e-02 4.994020000000000273e-04 1.000000000000000000e+00 1.835439999999999988e-02 1.869020000000000056e-02
1.777231393000000104e+00 1.822313999999999878e-02 4.988230000000000181e-04 1.000000000000000000e+00 1.830230000000000051e-02 1.863750000000000129e-02
1.777823802999999980e+00 1.818360200000000010e-02 4.983109999999999797e-04 1.000000000000000000e+00 1.825529999999999861e-02 1.859009999999999829e-02
1.778416411000000030e+00 1.814693699999999840e-02 4.978530000000000325e-04 1.000000000000000000e+00 1.821259999999999893e-02 1.854710000000000039e-02
1.779009217000000032e+00 1.811135499999999912e-02 4.974369999999999877e-04 1.000000000000000000e+00 1.817320000000000046e-02 1.850740000000000024e-02
1.779602219999999901e+00 1.807367299999999843e-02 4.970379999999999937e-04 1.000000000000000000e+00 1.813530000000000003e-02 1.846930000000000099e-02
1.780195420000000084e+00 1.802943099999999854e-02 4.966210000000000416e-04 1.000000000000000000e+00 1.809600000000000097e-02 1.842979999999999965e-02
1.780788819000000078e+00 1.797401300000000049e-02 4.961370000000000103e-04 1.000000000000000000e+00 1.805179999999999979e-02 1.838520000000000085e-02
1.781382414999999941e+00 1.790457999999999980e-02 4.955359999999999800e-04 1.000000000000000000e+00 1.799890000000000170e-02 1.833179999999999879e-02
1.781976208999999978e+00 1.782217800000000102e-02 4.947830000000000500e-04 1.000000000000000000e+00 1.793509999999999896e-02 1.826710000000000139e-02
1.782570200999999965e+00 1.773306599999999872e-02 4.938829999999999739e-04 1.000000000000000000e+00 1.786089999999999900e-02 1.819190000000000043e-02
1.783164390999999904e+00 1.764828699999999861e-02 4.928929999999999987e-04 1.000000000000000000e+00 1.778069999999999998e-02 1.811039999999999872e-02
1.783758779000000017e+00 1.758130100000000057e-02 4.919219999999999973e-04 1.000000000000000000e+00 1.770280000000000117e-02 1.803110000000000129e-02
1.784353365999999941e+00 1.754392999999999925e-02 4.911120000000000372e-04 1.000000000000000000e+00 1.763730000000000159e-02 1.796450000000000130e-02
1.784948149999999956e+00 1.754211699999999943e-02 4.905960000000000442e-04 1.000000000000000000e+00 1.759389999999999912e-02 1.792020000000000071e-02
1.785543133000000005e+00 1.757294300000000059e-02 4.904589999999999471e-04 1.000000000000000000e+00 1.757819999999999869e-02 1.790430000000000146e-02
1.786138314000000005e+00 1.762412299999999848e-02 4.906959999999999924e-04 1.000000000000000000e+00 1.758950000000000097e-02 1.791579999999999909e-02
1.786733692999999956e+00 1.767650200000000019e-02 4.912039999999999679e-04 1.000000000000000000e+00 1.762000000000000025e-02 1.794700000000000115e-02
1.787329270999999942e+00 1.770863799999999877e-02 4.917959999999999650e-04 1.000000000000000000e+00 1.765579999999999927e-02 1.798369999999999830e-02
1.787925047999999961e+00 1.770217099999999918e-02 4.922429999999999558e-04 1.000000000000000000e+00 1.768039999999999889e-02 1.800900000000000070e-02
1.788521022999999932e+00 1.764635999999999982e-02 4.923319999999999476e-04 1.000000000000000000e+00 1.767820000000000155e-02 1.800710000000000158e-02
1.789117196000000076e+00 1.754040499999999850e-02 4.919079999999999937e-04 1.000000000000000000e+00 1.763839999999999852e-02 1.796680000000000152e-02
1.789713568999999893e+00 1.739326199999999961e-02 4.909159999999999869e-04 1.000000000000000000e+00 1.755719999999999850e-02 1.788440000000000168e-02
1.790310140000000105e+00 1.722102799999999934e-02 4.894030000000000168e-04 1.000000000000000000e+00 1.743870000000000142e-02 1.776389999999999914e-02
1.790906909999999908e+00 1.704296799999999862e-02 4.875090000000000109e-04 1.000000000000000000e+00 1.729330000000000103e-02 1.761599999999999971e-02
1.791503878999999966e+00 1.687709800000000010e-02 4.854279999999999880e-04 1.000000000000000000e+00 1.713519999999999974e-02 1.745520000000000058e-02
1.792101047000000058e+00 1.673642200000000080e-02 4.833670000000000089e-04 1.000000000000000000e+00 1.697950000000000154e-02 1.729670000000000166e-02
1.792698413999999962e+00 1.662644400000000064e-02 4.815010000000000102e-04 1.000000000000000000e+00 1.683810000000000168e-02 1.715300000000000158e-02
1.793295979999999901e+00 1.654423600000000036e-02 4.799340000000000030e-04 1.000000000000000000e+00 1.671809999999999963e-02 1.703110000000000041e-02
1.793893745000000095e+00 1.647890200000000013e-02 4.786769999999999979e-04 1.000000000000000000e+00 1.662009999999999876e-02 1.693160000000000151e-02
1.794491709999999962e+00 1.641328900000000104e-02 4.776420000000000188e-04 1.000000000000000000e+00 1.653750000000000012e-02 1.684799999999999839e-02
1.795089874000000085e+00 1.632653099999999829e-02 4.766540000000000208e-04 1.000000000000000000e+00 1.645800000000000041e-02 1.676760000000000056e-02
1.795688237000000020e+00 1.619734999999999925e-02 4.754779999999999901e-04 1.000000000000000000e+00 1.636529999999999929e-02 1.667360000000000023e-02
1.796286800000000072e+00 1.600820600000000052e-02 4.738529999999999912e-04 1.000000000000000000e+00 1.624130000000000018e-02 1.654780000000000140e-02
1.796885561999999936e+00 1.574969899999999895e-02 4.715410000000000174e-04 1.000000000000000000e+00 1.607019999999999976e-02 1.637390000000000026e-02
1.797484523999999917e+00 1.542463999999999988e-02 4.683859999999999977e-04 1.000000000000000000e+00 1.584189999999999904e-02 1.614159999999999900e-02
1.798083686000000014e+00 1.505011399999999985e-02 4.643580000000000017e-04 1.000000000000000000e+00 1.555589999999999924e-02 1.585030000000000119e-02
1.798683046999999924e+00 1.465622299999999947e-02 4.595940000000000181e-04 1.000000000000000000e+00 1.522289999999999928e-02 1.551109999999999989e-02
1.799282607999999950e+00 1.428081600000000000e-02 4.543999999999999862e-04 1.000000000000000000e+00 1.486499999999999974e-02 1.514640000000000084e-02
1.799882369000000093e+00 1.396077400000000045e-02 4.492060000000000085e-04 1.000000000000000000e+00 1.451159999999999950e-02 1.478630000000000048e-02
1.800482329000000048e+00 1.372249199999999933e-02 4.444820000000000043e-04 1.000000000000000000e+00 1.419340000000000011e-02 1.446210000000000030e-02
1.801082489999999980e+00 1.357476099999999943e-02 4.406219999999999972e-04 1.000000000000000000e+00 1.393480000000000066e-02 1.419869999999999986e-02
1.801682851000000030e+00 1.350691000000000044e-02 4.378419999999999730e-04 1.000000000000000000e+00 1.374829999999999976e-02 1.400870000000000067e-02
1.802283411999999974e+00 1.349313299999999917e-02 4.361270000000000207e-04 1.000000000000000000e+00 1.363149999999999952e-02 1.388990000000000016e-02
1.802884173000000034e+00 1.350148999999999967e-02 4.352550000000000060e-04 1.000000000000000000e+00 1.356929999999999942e-02 1.382670000000000080e-02
1.803485135000000072e+00 1.350413500000000044e-02 4.348840000000000192e-04 1.000000000000000000e+00 1.353940000000000005e-02 1.379649999999999974e-02
1.804086295999999923e+00 1.348464800000000012e-02 4.346670000000000178e-04 1.000000000000000000e+00 1.351959999999999967e-02 1.377659999999999996e-02
1.804687657999999972e+00 1.343966100000000032e-02 4.343500000000000139e-04 1.000000000000000000e+00 1.349380000000000024e-02 1.375039999999999943e-02
1.805289221000000000e+00 1.337475100000000069e-02 4.338100000000000224e-04 1.000000000000000000e+00 1.345400000000000068e-02 1.370990000000000056e-02
1.805890983999999921e+00 1.329699399999999948e-02 4.330320000000000241e-04 1.000000000000000000e+00 1.339920000000000000e-02 1.365420000000000002e-02
1.806492948000000043e+00 1.320812099999999975e-02 4.320430000000000104e-04 1.000000000000000000e+00 1.333100000000000084e-02 1.358490000000000045e-02
1.807095112000000059e+00 1.310202000000000068e-02 4.308380000000000109e-04 1.000000000000000000e+00 1.324909999999999977e-02 1.350149999999999961e-02
1.807697477000000053e+00 1.296741300000000055e-02 4.293470000000000077e-04 1.000000000000000000e+00 1.314899999999999923e-02 1.339959999999999936e-02
1.808300043000000024e+00 1.279465800000000042e-02 4.274530000000000018e-04 1.000000000000000000e+00 1.302290000000000045e-02 1.327129999999999976e-02
1.808902809999999972e+00 1.258277200000000075e-02 4.250459999999999959e-04 1.000000000000000000e+00 1.286449999999999920e-02 1.311009999999999953e-02
1.809505777000000037e+00 1.234288300000000067e-02 4.221060000000000003e-04 1.000000000000000000e+00 1.267290000000000083e-02 1.291519999999999994e-02
1.810108945999999941e+00 1.209634100000000004e-02 4.187400000000000193e-04 1.000000000000000000e+00 1.245540000000000015e-02 1.269400000000000042e-02
1.810712314999999961e+00 1.186812100000000057e-02 4.151860000000000056e-04 1.000000000000000000e+00 1.222750000000000052e-02 1.246230000000000081e-02
1.811315886000000042e+00 1.167860100000000026e-02 4.117489999999999909e-04 1.000000000000000000e+00 1.200799999999999958e-02 1.223929999999999983e-02
1.811919658000000100e+00 1.153715999999999943e-02 4.087100000000000086e-04 1.000000000000000000e+00 1.181429999999999980e-02 1.204249999999999939e-02
1.812523630999999913e+00 1.144011699999999965e-02 4.062439999999999953e-04 1.000000000000000000e+00 1.165650000000000019e-02 1.188239999999999956e-02
1.813127806000000009e+00 1.137292200000000059e-02 4.043709999999999948e-04 1.000000000000000000e+00 1.153580000000000057e-02 1.175999999999999962e-02
1.813732182000000082e+00 1.131473799999999953e-02 4.029570000000000114e-04 1.000000000000000000e+00 1.144399999999999931e-02 1.166689999999999915e-02
1.814336758999999910e+00 1.124311700000000039e-02 4.017529999999999734e-04 1.000000000000000000e+00 1.136640000000000046e-02 1.158810000000000048e-02
1.814941538000000021e+00 1.113731599999999954e-02 4.004529999999999960e-04 1.000000000000000000e+00 1.128499999999999989e-02 1.150520000000000015e-02
1.815546518999999970e+00 1.098031900000000054e-02 3.987390000000000053e-04 1.000000000000000000e+00 1.118099999999999997e-02 1.139919999999999996e-02
1.816151700999999896e+00 1.076105599999999975e-02 3.963260000000000133e-04 1.000000000000000000e+00 1.103780000000000039e-02 1.125300000000000085e-02
1.816757085000000105e+00 1.047781199999999954e-02 3.930009999999999732e-04 1.000000000000000000e+00 1.084330000000000016e-02 1.105440000000000068e-02
1.817362670000000069e+00 1.014232900000000027e-02 3.886809999999999874e-04 1.000000000000000000e+00 1.059350000000000049e-02 1.079950000000000007e-02
1.817968457999999954e+00 9.782464200000000332e-03 3.834700000000000131e-04 1.000000000000000000e+00 1.029580000000000078e-02 1.049579999999999957e-02
1.818574447000000038e+00 9.440849700000000094e-03 3.777140000000000228e-04 1.000000000000000000e+00 9.970990000000000755e-03 1.016449999999999992e-02
1.819180639000000044e+00 9.167439399999999586e-03 3.720029999999999821e-04 1.000000000000000000e+00 9.652509999999999563e-03 9.839860000000000620e-03
1.819787032000000027e+00 9.007010600000000394e-03 3.670920000000000151e-04 1.000000000000000000e+00 9.380849999999999606e-03 9.563089999999999785e-03
1.820393627999999930e+00 8.984726900000000044e-03 3.637299999999999887e-04 1.000000000000000000e+00 9.194310000000000677e-03 9.373219999999999816e-03
1.821000425999999894e+00 9.095390400000000208e-03 3.624260000000000025e-04 1.000000000000000000e+00 9.117860000000000201e-03 9.295690000000000550e-03
1.821607425999999919e+00 9.300541900000000584e-03 3.632460000000000116e-04 1.000000000000000000e+00 9.154070000000000262e-03 9.333080000000000542e-03
1.822214629000000086e+00 9.535753900000000852e-03 3.657309999999999988e-04 1.000000000000000000e+00 9.279429999999999970e-03 9.461380000000000137e-03
1.822822034000000091e+00 9.726267499999999983e-03 3.689950000000000001e-04 1.000000000000000000e+00 9.448009999999999742e-03 9.633730000000000071e-03
1.823429640999999934e+00 9.805994999999999642e-03 3.719489999999999992e-04 1.000000000000000000e+00 9.601820000000000493e-03 9.790949999999999653e-03
1.824037450999999921e+00 9.733529499999999182e-03 3.735729999999999823e-04 1.000000000000000000e+00 9.684609999999999747e-03 9.875689999999999469e-03
1.824645462999999967e+00 9.500321900000000680e-03 3.731259999999999915e-04 1.000000000000000000e+00 9.655050000000000091e-03 9.845800000000000038e-03
1.825253677999999935e+00 9.129125599999999424e-03 3.702679999999999860e-04 1.000000000000000000e+00 9.495039999999999730e-03 9.682849999999999790e-03
1.825862096000000045e+00 8.664697699999999655e-03 3.650740000000000083e-04 1.000000000000000000e+00 9.211469999999999381e-03 9.393880000000000285e-03
1.826470717000000077e+00 8.160795699999999139e-03 3.579640000000000035e-04 1.000000000000000000e+00 8.831659999999999858e-03 9.006750000000000866e-03
1.827079541000000029e+00 7.667915499999999711e-03 3.495920000000000234e-04 1.000000000000000000e+00 8.394920000000000160e-03 8.561559999999999310e-03
1.827688567000000042e+00 7.224711200000000048e-03 3.407080000000000048e-04 1.000000000000000000e+00 7.943159999999999457e-03 8.101030000000000383e-03
1.828297797000000058e+00 6.853850100000000341e-03 3.320220000000000137e-04 1.000000000000000000e+00 7.512930000000000129e-03 7.662419999999999648e-03
1.828907228999999912e+00 6.561292899999999692e-03 3.240979999999999859e-04 1.000000000000000000e+00 7.130110000000000267e-03 7.272119999999999973e-03
1.829516864999999992e+00 6.337800299999999873e-03 3.172639999999999900e-04 1.000000000000000000e+00 6.807409999999999850e-03 6.943069999999999971e-03
1.830126703999999993e+00 6.161964899999999683e-03 3.115780000000000177e-04 1.000000000000000000e+00 6.544069999999999922e-03 6.674509999999999818e-03
1.830736745999999915e+00 6.004505900000000132e-03 3.068239999999999748e-04 1.000000000000000000e+00 6.327489999999999851e-03 6.453590000000000368e-03
1.831346992000000062e+00 5.833950200000000141e-03 3.025699999999999982e-04 1.000000000000000000e+00 6.136430000000000010e-03 6.258670000000000032e-03
1.831957440999999909e+00 5.623486500000000193e-03 2.982619999999999846e-04 1.000000000000000000e+00 5.945759999999999587e-03 6.064120000000000101e-03
1.832568092999999898e+00 5.357459299999999848e-03 2.933559999999999879e-04 1.000000000000000000e+00 5.732150000000000092e-03 5.846190000000000241e-03
1.833178948999999891e+00 5.035831400000000298e-03 2.874420000000000035e-04 1.000000000000000000e+00 5.479659999999999913e-03 5.588639999999999754e-03
1.833790009000000110e+00 4.674818300000000391e-03 2.803489999999999953e-04 1.000000000000000000e+00 5.183949999999999669e-03 5.287029999999999855e-03
1.834401272000000027e+00 4.303086999999999711e-03 2.722010000000000185e-04 1.000000000000000000e+00 4.853630000000000271e-03 4.950180000000000205e-03
1.835012738999999948e+00 3.954565400000000300e-03 2.634080000000000232e-04 1.000000000000000000e+00 4.508339999999999570e-03 4.598080000000000049e-03
1.835624410000000095e+00 3.660171099999999858e-03 2.546019999999999859e-04 1.000000000000000000e+00 4.173920000000000234e-03 4.257109999999999714e-03
1.836236285000000024e+00 3.441419499999999985e-03 2.465060000000000146e-04 1.000000000000000000e+00 3.876409999999999838e-03 3.953800000000000370e-03
1.836848363999999956e+00 3.308018099999999843e-03 2.397959999999999924e-04 1.000000000000000000e+00 3.636760000000000166e-03 3.709520000000000005e-03
1.837460646999999891e+00 3.259864999999999811e-03 2.349770000000000103e-04 1.000000000000000000e+00 3.468080000000000121e-03 3.537629999999999941e-03
1.838073132999999970e+00 3.291862000000000000e-03 2.323310000000000089e-04 1.000000000000000000e+00 3.375850000000000118e-03 3.443719999999999941e-03
1.838685823999999913e+00 3.398898500000000194e-03 2.319450000000000027e-04 1.000000000000000000e+00 3.360469999999999950e-03 3.428200000000000171e-03
1.839298719999999943e+00 3.578066700000000211e-03 2.337859999999999873e-04 1.000000000000000000e+00 3.420340000000000012e-03 3.489410000000000081e-03
1.839911818999999893e+00 3.826654000000000080e-03 2.377439999999999924e-04 1.000000000000000000e+00 3.553429999999999783e-03 3.625300000000000137e-03
1.840525122999999930e+00 4.136660099999999937e-03 2.436209999999999906e-04 1.000000000000000000e+00 3.756339999999999939e-03 3.832400000000000129e-03
1.841138632000000053e+00 4.488524399999999949e-03 2.510570000000000054e-04 1.000000000000000000e+00 4.020850000000000292e-03 4.102319999999999578e-03
1.841752344999999957e+00 4.847561700000000036e-03 2.594620000000000173e-04 1.000000000000000000e+00 4.329659999999999932e-03 4.417400000000000146e-03
1.842366262000000088e+00 5.166280999999999998e-03 2.680049999999999794e-04 1.000000000000000000e+00 4.653909999999999818e-03 4.748229999999999985e-03
1.842980384000000083e+00 5.393326999999999843e-03 2.757009999999999951e-04 1.000000000000000000e+00 4.954619999999999858e-03 5.055030000000000287e-03
1.843594710999999942e+00 5.487132300000000136e-03 2.815679999999999984e-04 1.000000000000000000e+00 5.188889999999999822e-03 5.294039999999999857e-03
1.844209242000000026e+00 5.429670699999999961e-03 2.848279999999999909e-04 1.000000000000000000e+00 5.319869999999999981e-03 5.427669999999999891e-03
1.844823979000000058e+00 5.235164100000000084e-03 2.850770000000000083e-04 1.000000000000000000e+00 5.327379999999999616e-03 5.435360000000000191e-03
1.845438920000000094e+00 4.949552400000000428e-03 2.824200000000000235e-04 1.000000000000000000e+00 5.215459999999999888e-03 5.321219999999999770e-03
1.846054065999999994e+00 4.640103700000000261e-03 2.775070000000000249e-04 1.000000000000000000e+00 5.013600000000000001e-03 5.115340000000000338e-03
1.846669418000000062e+00 4.377851299999999980e-03 2.714589999999999907e-04 1.000000000000000000e+00 4.770579999999999959e-03 4.867510000000000239e-03
1.847284973999999913e+00 4.218605799999999677e-03 2.656639999999999826e-04 1.000000000000000000e+00 4.542469999999999841e-03 4.634919999999999839e-03
1.847900735999999933e+00 4.188718999999999602e-03 2.614410000000000063e-04 1.000000000000000000e+00 4.378250000000000197e-03 4.467559999999999761e-03
1.848516703000000039e+00 4.280011200000000300e-03 2.596650000000000152e-04 1.000000000000000000e+00 4.307720000000000125e-03 4.395819999999999936e-03
1.849132875000000009e+00 4.455156699999999852e-03 2.605080000000000069e-04 1.000000000000000000e+00 4.335340000000000027e-03 4.424250000000000231e-03
1.849749252999999927e+00 4.661054799999999818e-03 2.634280000000000128e-04 1.000000000000000000e+00 4.441549999999999838e-03 4.532880000000000416e-03
1.850365835999999931e+00 4.845332100000000405e-03 2.674350000000000034e-04 1.000000000000000000e+00 4.590750000000000212e-03 4.685360000000000393e-03
1.850982624000000021e+00 4.970578800000000075e-03 2.714509999999999731e-04 1.000000000000000000e+00 4.742820000000000022e-03 4.840749999999999567e-03
1.851599618999999919e+00 5.021978499999999596e-03 2.746299999999999913e-04 1.000000000000000000e+00 4.864409999999999568e-03 4.964989999999999855e-03
1.852216818999999903e+00 5.006990000000000225e-03 2.765180000000000112e-04 1.000000000000000000e+00 4.936480000000000035e-03 5.038650000000000420e-03
1.852834223999999974e+00 4.948425499999999956e-03 2.770749999999999992e-04 1.000000000000000000e+00 4.956499999999999968e-03 5.059130000000000224e-03
1.853451836000000075e+00 4.874385000000000176e-03 2.765840000000000204e-04 1.000000000000000000e+00 4.935400000000000377e-03 5.037599999999999717e-03
1.854069653000000040e+00 4.809053599999999970e-03 2.755009999999999903e-04 1.000000000000000000e+00 4.891350000000000038e-03 4.992629999999999638e-03
1.854687675999999952e+00 4.767488599999999618e-03 2.742999999999999996e-04 1.000000000000000000e+00 4.843140000000000119e-03 4.943389999999999763e-03
1.855305905000000033e+00 4.755310799999999845e-03 2.733549999999999739e-04 1.000000000000000000e+00 4.805369999999999781e-03 4.904790000000000018e-03
1.855924340999999922e+00 4.772207799999999937e-03 2.728990000000000040e-04 1.000000000000000000e+00 4.786760000000000147e-03 4.885770000000000217e-03
1.856542981999999897e+00 4.816868400000000328e-03 2.730440000000000102e-04 1.000000000000000000e+00 4.791440000000000109e-03 4.890529999999999704e-03
1.857161829999999902e+00 4.890795499999999602e-03 2.738500000000000157e-04 1.000000000000000000e+00 4.821579999999999790e-03 4.921319999999999861e-03
1.857780884000000077e+00 4.999230799999999746e-03 2.753869999999999842e-04 1.000000000000000000e+00 4.880080000000000182e-03 4.981099999999999590e-03
1.858400143999999976e+00 5.148722500000000278e-03 2.777589999999999812e-04 1.000000000000000000e+00 4.971429999999999773e-03 5.074460000000000255e-03
1.859019610999999905e+00 5.342529599999999712e-03 2.810670000000000247e-04 1.000000000000000000e+00 5.100519999999999880e-03 5.206389999999999976e-03
1.859639284000000004e+00 5.575895899999999857e-03 2.853329999999999734e-04 1.000000000000000000e+00 5.269679999999999677e-03 5.379260000000000291e-03
1.860259163999999910e+00 5.833373099999999804e-03 2.904289999999999801e-04 1.000000000000000000e+00 5.475340000000000415e-03 5.589410000000000385e-03
1.860879249999999985e+00 6.089600500000000305e-03 2.960320000000000009e-04 1.000000000000000000e+00 5.705840000000000217e-03 5.824919999999999924e-03
1.861499543000000090e+00 6.313248300000000139e-03 3.016550000000000112e-04 1.000000000000000000e+00 5.941430000000000149e-03 6.065629999999999807e-03
1.862120043000000003e+00 6.472532700000000264e-03 3.067139999999999775e-04 1.000000000000000000e+00 6.156609999999999860e-03 6.285500000000000288e-03
1.862740749999999945e+00 6.540183399999999897e-03 3.106130000000000024e-04 1.000000000000000000e+00 6.323879999999999606e-03 6.456429999999999982e-03
1.863361663000000057e+00 6.496616099999999797e-03 3.128240000000000122e-04 1.000000000000000000e+00 6.417660000000000378e-03 6.552330000000000307e-03
1.863982784000000059e+00 6.331194000000000058e-03 3.129189999999999901e-04 1.000000000000000000e+00 6.417360000000000425e-03 6.552139999999999700e-03
1.864604111000000009e+00 6.042629800000000155e-03 3.105900000000000197e-04 1.000000000000000000e+00 6.309330000000000147e-03 6.441960000000000047e-03
1.865225646000000070e+00 5.639539499999999574e-03 3.056539999999999843e-04 1.000000000000000000e+00 6.088159999999999579e-03 6.216239999999999613e-03
1.865847387999999940e+00 5.141109300000000146e-03 2.980650000000000270e-04 1.000000000000000000e+00 5.757589999999999930e-03 5.878819999999999879e-03
1.866469337000000062e+00 4.577058999999999642e-03 2.879429999999999772e-04 1.000000000000000000e+00 5.331230000000000170e-03 5.443570000000000006e-03
1.867091492999999991e+00 3.985473599999999998e-03 2.755969999999999839e-04 1.000000000000000000e+00 4.832409999999999657e-03 4.934319999999999852e-03
1.867713857000000033e+00 3.408360799999999875e-03 2.615539999999999966e-04 1.000000000000000000e+00 4.292510000000000249e-03 4.383119999999999898e-03
1.868336428999999965e+00 2.885527299999999813e-03 2.465489999999999869e-04 1.000000000000000000e+00 3.747550000000000100e-03 3.826729999999999975e-03
1.868959207000000067e+00 2.448896700000000124e-03 2.314919999999999988e-04 1.000000000000000000e+00 3.233499999999999829e-03 3.301899999999999974e-03
1.869582193999999919e+00 2.118883199999999859e-03 2.173889999999999883e-04 1.000000000000000000e+00 2.781669999999999976e-03 2.840580000000000101e-03
1.870205388000000024e+00 1.903904299999999985e-03 2.052389999999999911e-04 1.000000000000000000e+00 2.415210000000000100e-03 2.466439999999999865e-03
1.870828790000000019e+00 1.802827199999999970e-03 1.959069999999999930e-04 1.000000000000000000e+00 2.147899999999999896e-03 2.193539999999999900e-03
1.871452399000000044e+00 1.809014500000000018e-03 1.900120000000000097e-04 1.000000000000000000e+00 1.985039999999999982e-03 2.027300000000000109e-03
1.872076217000000042e+00 1.914592099999999934e-03 1.878589999999999915e-04 1.000000000000000000e+00 1.925950000000000058e-03 1.967029999999999820e-03
1.872700242000000070e+00 2.113383999999999836e-03 1.894429999999999953e-04 1.000000000000000000e+00 1.966920000000000040e-03 2.008949999999999798e-03
1.873324476000000072e+00 2.401892200000000158e-03 1.945259999999999871e-04 1.000000000000000000e+00 2.103779999999999973e-03 2.148810000000000130e-03
1.873948917000000103e+00 2.778170099999999979e-03 2.027329999999999985e-04 1.000000000000000000e+00 2.333130000000000100e-03 2.383150000000000112e-03
1.874573567000000107e+00 3.238913200000000017e-03 2.136119999999999870e-04 1.000000000000000000e+00 2.652040000000000040e-03 2.709000000000000036e-03
1.875198425000000002e+00 3.775852599999999885e-03 2.266520000000000112e-04 1.000000000000000000e+00 3.056310000000000016e-03 3.122049999999999912e-03
1.875823491000000010e+00 4.372594199999999681e-03 2.412749999999999964e-04 1.000000000000000000e+00 3.537859999999999876e-03 3.614099999999999865e-03
1.876448764999999907e+00 5.003469400000000109e-03 2.568229999999999905e-04 1.000000000000000000e+00 4.082439999999999680e-03 4.170570000000000180e-03
1.877074248000000001e+00 5.635164100000000266e-03 2.725820000000000001e-04 1.000000000000000000e+00 4.668440000000000263e-03 4.769400000000000028e-03
1.877699938999999985e+00 6.231239199999999596e-03 2.878339999999999957e-04 1.000000000000000000e+00 5.267820000000000315e-03 5.381959999999999869e-03
1.878325838999999942e+00 6.758392700000000024e-03 3.019200000000000095e-04 1.000000000000000000e+00 5.849230000000000401e-03 5.976210000000000029e-03
1.878951948000000094e+00 7.192526200000000369e-03 3.143180000000000084e-04 1.000000000000000000e+00 6.382529999999999974e-03 6.521339999999999602e-03
1.879578264999999915e+00 7.522982400000000243e-03 3.246920000000000145e-04 1.000000000000000000e+00 6.843710000000000244e-03 6.992820000000000286e-03
1.880204790999999931e+00 7.753885900000000164e-03 3.329270000000000059e-04 1.000000000000000000e+00 7.218740000000000399e-03 7.376269999999999875e-03
1.880831525999999920e+00 7.902432699999999838e-03 3.391229999999999852e-04 1.000000000000000000e+00 7.505399999999999745e-03 7.669450000000000399e-03
1.881458470000000105e+00 7.995049199999999801e-03 3.435760000000000051e-04 1.000000000000000000e+00 7.713000000000000238e-03 7.881819999999999452e-03
1.882085623000000041e+00 8.062226199999999662e-03 3.467260000000000003e-04 1.000000000000000000e+00 7.860000000000000667e-03 8.032239999999999519e-03
1.882712984999999950e+00 8.132589399999999233e-03 3.490880000000000025e-04 1.000000000000000000e+00 7.970140000000000557e-03 8.144969999999999641e-03
1.883340556000000054e+00 8.226802599999999410e-03 3.511659999999999782e-04 1.000000000000000000e+00 8.067619999999999306e-03 8.244730000000000461e-03
1.883968335999999910e+00 8.352181800000000461e-03 3.533580000000000141e-04 1.000000000000000000e+00 8.171760000000000135e-03 8.351269999999999180e-03
1.884596326000000044e+00 8.499380000000000823e-03 3.558549999999999734e-04 1.000000000000000000e+00 8.292189999999999631e-03 8.474449999999999691e-03
1.885224524000000068e+00 8.642831199999999325e-03 3.585899999999999938e-04 1.000000000000000000e+00 8.425550000000000400e-03 8.610829999999999873e-03
1.885852933000000009e+00 8.746151100000000220e-03 3.612309999999999978e-04 1.000000000000000000e+00 8.555220000000000533e-03 8.743429999999999952e-03
1.886481550000000063e+00 8.771741200000000502e-03 3.632619999999999925e-04 1.000000000000000000e+00 8.654649999999999843e-03 8.845139999999999600e-03
1.887110376999999950e+00 8.692614799999999822e-03 3.641159999999999948e-04 1.000000000000000000e+00 8.694429999999999520e-03 8.885880000000000514e-03
1.887739413999999893e+00 8.502606700000000031e-03 3.633399999999999738e-04 1.000000000000000000e+00 8.651129999999999931e-03 8.841709999999999153e-03
1.888368660999999893e+00 8.221511600000000128e-03 3.607430000000000120e-04 1.000000000000000000e+00 8.515770000000000631e-03 8.703449999999999728e-03
1.888998117000000088e+00 7.892950200000000208e-03 3.564940000000000058e-04 1.000000000000000000e+00 8.298869999999999858e-03 8.481860000000000788e-03
1.889627782999999894e+00 7.575029399999999753e-03 3.511410000000000182e-04 1.000000000000000000e+00 8.030380000000000157e-03 8.207549999999999221e-03
1.890257658999999979e+00 7.326254800000000199e-03 3.455379999999999975e-04 1.000000000000000000e+00 7.754010000000000416e-03 7.925190000000000359e-03
1.890887744999999898e+00 7.190541299999999615e-03 3.406729999999999958e-04 1.000000000000000000e+00 7.517239999999999686e-03 7.683320000000000427e-03
1.891518041000000094e+00 7.185144600000000284e-03 3.374210000000000208e-04 1.000000000000000000e+00 7.359609999999999937e-03 7.522369999999999578e-03
1.892148546999999903e+00 7.294808100000000316e-03 3.362840000000000078e-04 1.000000000000000000e+00 7.302320000000000165e-03 7.463980000000000267e-03
1.892779262999999990e+00 7.473711400000000206e-03 3.372119999999999827e-04 1.000000000000000000e+00 7.341829999999999710e-03 7.504560000000000397e-03
1.893410188999999910e+00 7.654931099999999836e-03 3.395809999999999866e-04 1.000000000000000000e+00 7.449230000000000261e-03 7.614550000000000311e-03
1.894041325999999970e+00 7.765523100000000338e-03 3.423449999999999757e-04 1.000000000000000000e+00 7.575870000000000173e-03 7.744219999999999576e-03
1.894672673000000085e+00 7.743964400000000019e-03 3.442930000000000187e-04 1.000000000000000000e+00 7.663999999999999806e-03 7.834519999999999332e-03
1.895304230999999895e+00 7.555470499999999631e-03 3.443249999999999805e-04 1.000000000000000000e+00 7.660260000000000333e-03 7.830929999999999835e-03
1.895935998999999983e+00 7.201073799999999948e-03 3.416819999999999992e-04 1.000000000000000000e+00 7.528670000000000327e-03 7.696640000000000252e-03
1.896567976999999905e+00 6.717674400000000004e-03 3.360899999999999890e-04 1.000000000000000000e+00 7.259520000000000209e-03 7.421719999999999706e-03
1.897200167000000048e+00 6.168533700000000154e-03 3.278089999999999780e-04 1.000000000000000000e+00 6.871809999999999898e-03 7.025589999999999960e-03
1.897832567000000026e+00 5.626921000000000006e-03 3.175920000000000045e-04 1.000000000000000000e+00 6.408239999999999943e-03 6.551910000000000199e-03
1.898465177999999920e+00 5.157804600000000413e-03 3.065489999999999817e-04 1.000000000000000000e+00 5.924310000000000340e-03 6.057429999999999932e-03
1.899097999000000092e+00 4.803083300000000194e-03 2.959169999999999791e-04 1.000000000000000000e+00 5.474650000000000176e-03 5.597959999999999915e-03
1.899731032000000042e+00 4.574923800000000110e-03 2.867850000000000130e-04 1.000000000000000000e+00 5.100630000000000094e-03 5.215820000000000352e-03
1.900364275999999908e+00 4.458529900000000011e-03 2.798380000000000268e-04 1.000000000000000000e+00 4.823110000000000244e-03 4.932330000000000395e-03
1.900997730000000052e+00 4.422939400000000000e-03 2.752370000000000077e-04 1.000000000000000000e+00 4.641860000000000257e-03 4.747219999999999912e-03
1.901631395999999974e+00 4.435391700000000138e-03 2.726939999999999746e-04 1.000000000000000000e+00 4.541370000000000302e-03 4.644670000000000049e-03
1.902265273000000034e+00 4.474045900000000152e-03 2.717069999999999924e-04 1.000000000000000000e+00 4.500429999999999708e-03 4.602969999999999631e-03
1.902899362000000094e+00 4.534644400000000138e-03 2.718379999999999950e-04 1.000000000000000000e+00 4.501770000000000424e-03 4.604490000000000145e-03
1.903533662000000071e+00 4.628956499999999780e-03 2.729000000000000197e-04 1.000000000000000000e+00 4.538310000000000261e-03 4.642010000000000233e-03
1.904168172999999964e+00 4.776098999999999796e-03 2.749909999999999833e-04 1.000000000000000000e+00 4.614019999999999927e-03 4.719590000000000070e-03
1.904802896000000079e+00 4.989956000000000252e-03 2.783549999999999870e-04 1.000000000000000000e+00 4.739089999999999622e-03 4.847670000000000104e-03
1.905437830000000110e+00 5.267836500000000304e-03 2.831570000000000267e-04 1.000000000000000000e+00 4.921720000000000088e-03 5.034630000000000008e-03
1.906072975999999919e+00 5.584961200000000334e-03 2.892700000000000002e-04 1.000000000000000000e+00 5.159659999999999941e-03 5.278170000000000431e-03
1.906708333999999949e+00 5.897233400000000125e-03 2.961780000000000228e-04 1.000000000000000000e+00 5.435190000000000334e-03 5.560139999999999874e-03
1.907343902999999896e+00 6.151951000000000121e-03 3.030469999999999735e-04 1.000000000000000000e+00 5.715719999999999655e-03 5.847200000000000314e-03
1.907979684000000065e+00 6.302839200000000253e-03 3.089179999999999856e-04 1.000000000000000000e+00 5.960270000000000151e-03 6.097430000000000037e-03
1.908615678000000093e+00 6.324337200000000256e-03 3.129459999999999816e-04 1.000000000000000000e+00 6.130049999999999735e-03 6.271129999999999760e-03
1.909251883000000038e+00 6.220292199999999730e-03 3.146119999999999754e-04 1.000000000000000000e+00 6.199429999999999698e-03 6.342119999999999702e-03
1.909888299999999983e+00 6.024308899999999793e-03 3.138500000000000122e-04 1.000000000000000000e+00 6.163909999999999875e-03 6.305790000000000353e-03
1.910524928999999927e+00 5.792034300000000260e-03 3.110890000000000161e-04 1.000000000000000000e+00 6.042520000000000009e-03 6.181640000000000398e-03
1.911161770999999954e+00 5.588022800000000054e-03 3.071959999999999773e-04 1.000000000000000000e+00 5.874029999999999703e-03 6.009350000000000108e-03
1.911798824999999979e+00 5.471366299999999745e-03 3.033290000000000227e-04 1.000000000000000000e+00 5.708369999999999937e-03 5.839999999999999705e-03
1.912436091000000005e+00 5.483412000000000008e-03 3.007090000000000240e-04 1.000000000000000000e+00 5.595779999999999851e-03 5.724990000000000114e-03
1.913073569999999890e+00 5.640139800000000016e-03 3.003430000000000075e-04 1.000000000000000000e+00 5.576330000000000002e-03 5.705309999999999895e-03
1.913711260999999997e+00 5.930143399999999836e-03 3.027719999999999804e-04 1.000000000000000000e+00 5.672139999999999994e-03 5.803589999999999964e-03
1.914349164999999964e+00 6.317810000000000092e-03 3.079409999999999981e-04 1.000000000000000000e+00 5.883610000000000055e-03 6.020219999999999738e-03
1.914987280999999930e+00 6.751211499999999754e-03 3.152380000000000199e-04 1.000000000000000000e+00 6.190059999999999833e-03 6.334049999999999923e-03
1.915625609999999979e+00 7.173098999999999621e-03 3.236889999999999971e-04 1.000000000000000000e+00 6.554540000000000192e-03 6.707249999999999671e-03
1.916264152000000109e+00 7.533691000000000346e-03 3.322169999999999941e-04 1.000000000000000000e+00 6.932040000000000424e-03 7.093789999999999991e-03
1.916902907000000100e+00 7.802170599999999970e-03 3.398960000000000132e-04 1.000000000000000000e+00 7.279660000000000297e-03 7.449759999999999716e-03
1.917541874999999951e+00 7.973883100000000654e-03 3.461259999999999858e-04 1.000000000000000000e+00 7.566419999999999917e-03 7.743459999999999753e-03
1.918181055000000024e+00 8.070549700000000451e-03 3.507289999999999822e-04 1.000000000000000000e+00 7.780210000000000077e-03 7.962530000000000649e-03
1.918820449000000039e+00 8.132451799999999148e-03 3.539419999999999936e-04 1.000000000000000000e+00 7.929630000000000012e-03 8.115739999999999760e-03
1.919460055999999915e+00 8.204673600000000205e-03 3.563160000000000220e-04 1.000000000000000000e+00 8.039690000000000378e-03 8.228690000000000310e-03
1.920099876000000094e+00 8.321984899999999158e-03 3.585250000000000004e-04 1.000000000000000000e+00 8.142669999999999422e-03 8.334390000000000548e-03
1.920739908999999912e+00 8.497936899999999211e-03 3.611479999999999920e-04 1.000000000000000000e+00 8.267000000000000043e-03 8.461949999999999333e-03
1.921380155999999895e+00 8.721728800000000045e-03 3.644899999999999746e-04 1.000000000000000000e+00 8.428130000000000691e-03 8.627150000000000096e-03
1.922020615999999960e+00 8.963719900000000074e-03 3.684970000000000194e-04 1.000000000000000000e+00 8.624369999999999259e-03 8.828229999999999411e-03
1.922661289000000107e+00 9.186379899999999599e-03 3.728140000000000121e-04 1.000000000000000000e+00 8.838600000000000276e-03 9.047700000000000534e-03
1.923302175999999974e+00 9.356420400000000845e-03 3.769269999999999912e-04 1.000000000000000000e+00 9.044909999999999756e-03 9.259009999999999810e-03
1.923943277000000007e+00 9.453852400000000572e-03 3.803370000000000145e-04 1.000000000000000000e+00 9.216999999999999499e-03 9.435239999999999252e-03
1.924584591999999983e+00 9.475962799999999506e-03 3.826950000000000078e-04 1.000000000000000000e+00 9.335700000000000595e-03 9.556800000000000711e-03
1.925226120000000041e+00 9.436211700000000577e-03 3.838800000000000177e-04 1.000000000000000000e+00 9.393570000000000392e-03 9.616100000000000689e-03
1.925867862000000041e+00 9.359956600000000210e-03 3.840049999999999800e-04 1.000000000000000000e+00 9.396039999999999601e-03 9.618679999999999244e-03
1.926509817999999985e+00 9.278491099999999422e-03 3.833829999999999985e-04 1.000000000000000000e+00 9.359450000000000061e-03 9.581289999999999252e-03
1.927151988000000093e+00 9.223381500000000718e-03 3.824650000000000185e-04 1.000000000000000000e+00 9.307370000000000573e-03 9.528079999999999536e-03
1.927794371999999923e+00 9.221588799999999586e-03 3.817550000000000067e-04 1.000000000000000000e+00 9.266089999999999396e-03 9.485969999999999819e-03
1.928436969999999917e+00 9.291979199999999758e-03 3.817299999999999925e-04 1.000000000000000000e+00 9.260330000000000644e-03 9.480239999999999154e-03
1.929079782000000076e+00 9.443211400000000103e-03 3.827680000000000188e-04 1.000000000000000000e+00 9.309599999999999473e-03 9.530910000000000076e-03
1.929722809000000039e+00 9.672661500000000537e-03 3.850850000000000171e-04 1.000000000000000000e+00 9.425619999999999138e-03 9.649960000000000829e-03
1.930366049999999944e+00 9.966491399999999334e-03 3.887060000000000016e-04 1.000000000000000000e+00 9.610640000000000155e-03 9.839699999999999835e-03
1.931009505000000015e+00 1.030075499999999998e-02 3.934499999999999955e-04 1.000000000000000000e+00 9.856880000000000155e-03 1.009220000000000082e-02
1.931653174999999889e+00 1.064392500000000026e-02 3.989609999999999771e-04 1.000000000000000000e+00 1.014709999999999918e-02 1.038979999999999938e-02
1.932297058999999928e+00 1.096096000000000049e-02 4.047570000000000009e-04 1.000000000000000000e+00 1.045650000000000052e-02 1.070699999999999950e-02
1.932941157999999993e+00 1.121864799999999947e-02 4.102980000000000212e-04 1.000000000000000000e+00 1.075579999999999939e-02 1.101390000000000008e-02
1.933585472000000083e+00 1.139156000000000023e-02 4.150690000000000065e-04 1.000000000000000000e+00 1.101549999999999925e-02 1.128030000000000005e-02
1.934229999999999894e+00 1.146733800000000053e-02 4.186600000000000065e-04 1.000000000000000000e+00 1.121130000000000043e-02 1.148129999999999984e-02
1.934874744000000035e+00 1.145008200000000032e-02 4.208370000000000231e-04 1.000000000000000000e+00 1.132829999999999948e-02 1.160150000000000070e-02
1.935519701999999898e+00 1.136063200000000072e-02 4.215809999999999740e-04 1.000000000000000000e+00 1.136460000000000074e-02 1.163909999999999945e-02
1.936164875000000007e+00 1.123344700000000057e-02 4.211120000000000163e-04 1.000000000000000000e+00 1.133230000000000001e-02 1.160629999999999995e-02
1.936810264000000004e+00 1.111023199999999940e-02 4.198539999999999954e-04 1.000000000000000000e+00 1.125589999999999924e-02 1.152820000000000060e-02
1.937455866999999943e+00 1.103153800000000045e-02 4.183769999999999959e-04 1.000000000000000000e+00 1.116769999999999916e-02 1.143809999999999966e-02
1.938101685999999990e+00 1.102809400000000044e-02 4.172849999999999867e-04 1.000000000000000000e+00 1.110170000000000080e-02 1.137069999999999921e-02
1.938747720000000063e+00 1.111406799999999952e-02 4.170959999999999924e-04 1.000000000000000000e+00 1.108639999999999973e-02 1.135530000000000046e-02
1.939393968999999940e+00 1.128408099999999963e-02 4.181179999999999836e-04 1.000000000000000000e+00 1.113910000000000074e-02 1.140940000000000010e-02
1.940040433000000064e+00 1.151521800000000068e-02 4.203880000000000008e-04 1.000000000000000000e+00 1.126190000000000004e-02 1.153550000000000061e-02
1.940687113999999935e+00 1.177343699999999944e-02 4.236709999999999760e-04 1.000000000000000000e+00 1.144249999999999955e-02 1.172070000000000056e-02
1.941334008999999972e+00 1.202265100000000052e-02 4.275419999999999937e-04 1.000000000000000000e+00 1.165770000000000001e-02 1.194139999999999958e-02
1.941981120999999977e+00 1.223365300000000058e-02 4.315069999999999735e-04 1.000000000000000000e+00 1.187979999999999939e-02 1.216929999999999922e-02
1.942628448000000008e+00 1.239003600000000010e-02 4.351280000000000122e-04 1.000000000000000000e+00 1.208350000000000049e-02 1.237820000000000066e-02
1.943275990000000064e+00 1.248954700000000015e-02 4.381100000000000185e-04 1.000000000000000000e+00 1.225099999999999974e-02 1.255019999999999920e-02
1.943923749000000090e+00 1.254096099999999978e-02 4.403340000000000162e-04 1.000000000000000000e+00 1.237470000000000063e-02 1.267740000000000013e-02
1.944571724000000001e+00 1.255829999999999967e-02 4.418350000000000142e-04 1.000000000000000000e+00 1.245609999999999946e-02 1.276120000000000032e-02
1.945219913999999939e+00 1.255474900000000046e-02 4.427400000000000064e-04 1.000000000000000000e+00 1.250240000000000032e-02 1.280899999999999921e-02
1.945868321000000067e+00 1.253833900000000078e-02 4.431990000000000235e-04 1.000000000000000000e+00 1.252239999999999950e-02 1.282989999999999998e-02
1.946516944000000082e+00 1.251019800000000015e-02 4.433279999999999946e-04 1.000000000000000000e+00 1.252280000000000060e-02 1.283070000000000044e-02
1.947165782999999983e+00 1.246503199999999915e-02 4.431700000000000006e-04 1.000000000000000000e+00 1.250620000000000030e-02 1.281410000000000014e-02
1.947814837999999993e+00 1.239292099999999945e-02 4.426850000000000077e-04 1.000000000000000000e+00 1.247009999999999959e-02 1.277750000000000066e-02
1.948464109999999971e+00 1.228185300000000056e-02 4.417620000000000032e-04 1.000000000000000000e+00 1.240819999999999944e-02 1.271450000000000011e-02
1.949113598000000058e+00 1.212038999999999998e-02 4.402480000000000174e-04 1.000000000000000000e+00 1.231160000000000067e-02 1.261589999999999934e-02
1.949763302000000031e+00 1.190066499999999951e-02 4.379739999999999914e-04 1.000000000000000000e+00 1.217090000000000012e-02 1.247200000000000045e-02
1.950413222999999974e+00 1.162124699999999948e-02 4.348040000000000065e-04 1.000000000000000000e+00 1.197890000000000066e-02 1.227570000000000050e-02
1.951063361000000107e+00 1.128939200000000052e-02 4.306730000000000150e-04 1.000000000000000000e+00 1.173330000000000033e-02 1.202439999999999933e-02
1.951713714999999905e+00 1.092189399999999970e-02 4.256279999999999981e-04 1.000000000000000000e+00 1.143839999999999961e-02 1.172250000000000028e-02
1.952364286999999976e+00 1.054410199999999964e-02 4.198539999999999954e-04 1.000000000000000000e+00 1.110659999999999946e-02 1.138270000000000080e-02
1.953015074999999934e+00 1.018703399999999933e-02 4.136799999999999831e-04 1.000000000000000000e+00 1.075749999999999970e-02 1.102530000000000003e-02
1.953666080000000083e+00 9.883279599999999360e-03 4.075579999999999763e-04 1.000000000000000000e+00 1.041669999999999922e-02 1.067640000000000082e-02
1.954317301999999978e+00 9.662427499999999211e-03 4.020200000000000032e-04 1.000000000000000000e+00 1.011249999999999996e-02 1.036489999999999981e-02
1.954968741000000065e+00 9.546895200000000622e-03 3.976060000000000011e-04 1.000000000000000000e+00 9.871980000000000685e-03 1.011869999999999957e-02
1.955620396999999899e+00 9.548680900000000235e-03 3.947859999999999976e-04 1.000000000000000000e+00 9.717800000000000396e-03 9.961050000000000806e-03
1.956272271000000007e+00 9.667290300000000794e-03 3.938759999999999809e-04 1.000000000000000000e+00 9.664630000000000443e-03 9.906899999999999734e-03
1.956924361000000001e+00 9.889246200000000042e-03 3.949779999999999849e-04 1.000000000000000000e+00 9.716950000000000240e-03 9.960909999999999903e-03
1.957576669000000047e+00 1.018940599999999981e-02 3.979480000000000192e-04 1.000000000000000000e+00 9.868009999999999976e-03 1.011609999999999940e-02
1.958229194999999923e+00 1.053435999999999956e-02 4.024200000000000129e-04 1.000000000000000000e+00 1.010029999999999956e-02 1.035460000000000026e-02
1.958881937999999989e+00 1.088775800000000085e-02 4.078710000000000256e-04 1.000000000000000000e+00 1.038810000000000081e-02 1.064999999999999974e-02
1.959534899000000108e+00 1.121670100000000080e-02 4.137160000000000078e-04 1.000000000000000000e+00 1.070119999999999925e-02 1.097139999999999921e-02
1.960188076999999973e+00 1.149781899999999940e-02 4.194169999999999995e-04 1.000000000000000000e+00 1.101040000000000005e-02 1.128879999999999988e-02
1.960841472999999890e+00 1.172135099999999965e-02 4.245650000000000118e-04 1.000000000000000000e+00 1.129239999999999931e-02 1.157829999999999970e-02
1.961495087000000082e+00 1.189199200000000053e-02 4.289469999999999980e-04 1.000000000000000000e+00 1.153380000000000030e-02 1.182620000000000025e-02
1.962148919000000102e+00 1.202612200000000020e-02 4.325490000000000086e-04 1.000000000000000000e+00 1.173259999999999928e-02 1.203040000000000012e-02
1.962802968000000092e+00 1.214645100000000082e-02 4.355340000000000079e-04 1.000000000000000000e+00 1.189710000000000073e-02 1.219950000000000027e-02
1.963457235999999995e+00 1.227574399999999989e-02 4.381739999999999962e-04 1.000000000000000000e+00 1.204260000000000053e-02 1.234900000000000060e-02
1.964111721999999949e+00 1.243155599999999986e-02 4.407769999999999982e-04 1.000000000000000000e+00 1.218649999999999942e-02 1.249699999999999943e-02
1.964766425999999955e+00 1.262335900000000066e-02 4.436080000000000123e-04 1.000000000000000000e+00 1.234449999999999957e-02 1.265939999999999947e-02
1.965421348000000012e+00 1.285238099999999953e-02 4.468459999999999837e-04 1.000000000000000000e+00 1.252729999999999989e-02 1.284719999999999959e-02
1.966076487999999900e+00 1.311355800000000085e-02 4.505600000000000230e-04 1.000000000000000000e+00 1.273950000000000082e-02 1.306530000000000018e-02
1.966731846999999922e+00 1.339849499999999985e-02 4.547260000000000234e-04 1.000000000000000000e+00 1.298039999999999958e-02 1.331279999999999963e-02
1.967387423999999996e+00 1.369836399999999933e-02 4.592600000000000176e-04 1.000000000000000000e+00 1.324550000000000033e-02 1.358529999999999981e-02
1.968043219999999982e+00 1.400591900000000035e-02 4.640490000000000153e-04 1.000000000000000000e+00 1.352889999999999995e-02 1.387640000000000054e-02
1.968699234000000020e+00 1.431648699999999927e-02 4.689869999999999738e-04 1.000000000000000000e+00 1.382440000000000058e-02 1.417999999999999990e-02
1.969355468000000053e+00 1.462798300000000065e-02 4.739909999999999957e-04 1.000000000000000000e+00 1.412740000000000003e-02 1.449130000000000036e-02
1.970011919000000056e+00 1.494025700000000019e-02 4.790099999999999827e-04 1.000000000000000000e+00 1.443479999999999937e-02 1.480719999999999953e-02
1.970668590000000053e+00 1.525400900000000066e-02 4.840189999999999749e-04 1.000000000000000000e+00 1.474519999999999997e-02 1.512600000000000056e-02
1.971325479999999963e+00 1.556953800000000082e-02 4.890110000000000246e-04 1.000000000000000000e+00 1.505790000000000080e-02 1.544710000000000007e-02
1.971982587999999925e+00 1.588552500000000103e-02 4.939789999999999676e-04 1.000000000000000000e+00 1.537220000000000079e-02 1.577009999999999870e-02
1.972639916000000104e+00 1.619811700000000146e-02 4.989019999999999610e-04 1.000000000000000000e+00 1.568670000000000134e-02 1.609309999999999907e-02
1.973297461999999891e+00 1.650053900000000157e-02 5.037359999999999624e-04 1.000000000000000000e+00 1.599799999999999833e-02 1.641280000000000169e-02
1.973955227999999895e+00 1.678355899999999998e-02 5.084030000000000450e-04 1.000000000000000000e+00 1.630039999999999961e-02 1.672360000000000166e-02
1.974613213000000034e+00 1.703700299999999848e-02 5.127989999999999805e-04 1.000000000000000000e+00 1.658659999999999995e-02 1.701760000000000078e-02
1.975271417000000085e+00 1.725207299999999971e-02 5.168059999999999711e-04 1.000000000000000000e+00 1.684810000000000127e-02 1.728640000000000038e-02
1.975929840999999909e+00 1.742405899999999869e-02 5.203189999999999898e-04 1.000000000000000000e+00 1.707739999999999952e-02 1.752209999999999879e-02
1.976588484999999951e+00 1.755450500000000150e-02 5.232760000000000362e-04 1.000000000000000000e+00 1.726979999999999835e-02 1.771999999999999964e-02
1.977247347000000044e+00 1.765184699999999829e-02 5.256800000000000491e-04 1.000000000000000000e+00 1.742519999999999833e-02 1.787990000000000065e-02
1.977906429999999993e+00 1.772993900000000012e-02 5.276089999999999556e-04 1.000000000000000000e+00 1.754879999999999982e-02 1.800720000000000098e-02
1.978565732000000077e+00 1.780452800000000002e-02 5.292069999999999630e-04 1.000000000000000000e+00 1.765059999999999893e-02 1.811180000000000082e-02
1.979225253999999934e+00 1.788877399999999965e-02 5.306479999999999921e-04 1.000000000000000000e+00 1.774219999999999964e-02 1.820619999999999877e-02
1.979884996000000008e+00 1.798929299999999995e-02 5.320910000000000526e-04 1.000000000000000000e+00 1.783459999999999906e-02 1.830129999999999951e-02
1.980544956999999995e+00 1.810421499999999989e-02 5.336390000000000317e-04 1.000000000000000000e+00 1.793459999999999846e-02 1.840429999999999844e-02
1.981205139000000059e+00 1.822402899999999923e-02 5.353069999999999487e-04 1.000000000000000000e+00 1.804300000000000001e-02 1.851579999999999893e-02
1.981865540999999897e+00 1.833492100000000055e-02 5.370239999999999866e-04 1.000000000000000000e+00 1.815459999999999990e-02 1.863079999999999944e-02
1.982526162999999952e+00 1.842330699999999988e-02 5.386629999999999890e-04 1.000000000000000000e+00 1.826039999999999955e-02 1.873990000000000031e-02
1.983187005000000003e+00 1.848002600000000009e-02 5.400799999999999655e-04 1.000000000000000000e+00 1.835010000000000113e-02 1.883249999999999855e-02
1.983848067000000048e+00 1.850278500000000076e-02 5.411609999999999641e-04 1.000000000000000000e+00 1.841589999999999894e-02 1.890069999999999945e-02
1.984509349999999950e+00 1.849630099999999971e-02 5.418550000000000493e-04 1.000000000000000000e+00 1.845439999999999928e-02 1.894070000000000129e-02
1.985170853000000069e+00 1.847041799999999886e-02 5.421830000000000096e-04 1.000000000000000000e+00 1.846700000000000078e-02 1.895420000000000091e-02
1.985832575999999960e+00 1.843706300000000006e-02 5.422250000000000203e-04 1.000000000000000000e+00 1.845990000000000131e-02 1.894749999999999907e-02
1.986494521000000013e+00 1.840706300000000128e-02 5.421020000000000352e-04 1.000000000000000000e+00 1.844149999999999956e-02 1.892910000000000079e-02
1.987156684999999978e+00 1.838760700000000026e-02 5.419350000000000079e-04 1.000000000000000000e+00 1.842049999999999937e-02 1.890810000000000060e-02
1.987819071000000104e+00 1.838078400000000071e-02 5.418200000000000403e-04 1.000000000000000000e+00 1.840359999999999913e-02 1.889129999999999976e-02
1.988481677000000003e+00 1.838297499999999932e-02 5.418060000000000367e-04 1.000000000000000000e+00 1.839390000000000122e-02 1.888180000000000067e-02
1.989144505000000063e+00 1.838499899999999909e-02 5.418769999999999620e-04 1.000000000000000000e+00 1.838990000000000069e-02 1.887820000000000123e-02
1.989807552999999896e+00 1.837264900000000131e-02 5.419469999999999800e-04 1.000000000000000000e+00 1.838539999999999966e-02 1.887420000000000070e-02
1.990470822000000028e+00 1.832767800000000002e-02 5.418649999999999899e-04 1.000000000000000000e+00 1.836959999999999982e-02 1.885859999999999967e-02
1.991134312000000017e+00 1.822923099999999852e-02 5.414200000000000306e-04 1.000000000000000000e+00 1.832750000000000004e-02 1.881620000000000167e-02
1.991798023999999945e+00 1.805577800000000149e-02 5.403540000000000513e-04 1.000000000000000000e+00 1.824150000000000077e-02 1.872860000000000150e-02
1.992461956000000090e+00 1.778747199999999862e-02 5.383869999999999802e-04 1.000000000000000000e+00 1.809240000000000154e-02 1.857630000000000045e-02
1.993126109999999951e+00 1.740857900000000041e-02 5.352370000000000391e-04 1.000000000000000000e+00 1.786180000000000059e-02 1.834020000000000095e-02
1.993790485999999973e+00 1.690963599999999872e-02 5.306479999999999921e-04 1.000000000000000000e+00 1.753379999999999869e-02 1.800409999999999858e-02
1.994455081999999990e+00 1.628902800000000053e-02 5.244149999999999723e-04 1.000000000000000000e+00 1.709750000000000159e-02 1.755670000000000147e-02
1.995119901000000029e+00 1.555374099999999940e-02 5.164059999999999614e-04 1.000000000000000000e+00 1.654819999999999902e-02 1.699329999999999938e-02
1.995784940999999924e+00 1.471927500000000041e-02 5.065760000000000098e-04 1.000000000000000000e+00 1.588859999999999925e-02 1.631639999999999827e-02
1.996450201999999896e+00 1.380867399999999995e-02 4.949769999999999604e-04 1.000000000000000000e+00 1.512920000000000063e-02 1.553700000000000046e-02
1.997115685999999890e+00 1.285087499999999945e-02 4.817679999999999857e-04 1.000000000000000000e+00 1.428770000000000040e-02 1.467320000000000083e-02
1.997781390999999962e+00 1.187851000000000011e-02 4.672069999999999739e-04 1.000000000000000000e+00 1.338800000000000059e-02 1.374949999999999957e-02
1.998447317999999973e+00 1.092554899999999968e-02 4.516510000000000164e-04 1.000000000000000000e+00 1.245839999999999968e-02 1.279500000000000082e-02
1.999113466999999922e+00 1.002510199999999928e-02 4.355429999999999870e-04 1.000000000000000000e+00 1.152970000000000036e-02 1.184140000000000019e-02
1.999779838000000032e+00 9.207655500000000090e-03 4.193989999999999871e-04 1.000000000000000000e+00 1.063309999999999950e-02 1.092079999999999960e-02
2.000446431999999941e+00 8.499764899999999804e-03 4.037940000000000171e-04 1.000000000000000000e+00 9.798879999999999396e-03 1.006409999999999944e-02
2.001113247000000150e+00 7.923106900000000813e-03 3.893379999999999779e-04 1.000000000000000000e+00 9.054190000000000155e-03 9.299460000000000712e-03
2.001780285000000159e+00 7.493594600000000328e-03 3.766460000000000120e-04 1.000000000000000000e+00 8.422429999999999847e-03 8.650760000000000394e-03
2.002447544999999884e+00 7.220308200000000003e-03 3.662919999999999956e-04 1.000000000000000000e+00 7.921910000000000757e-03 8.136869999999999173e-03
2.003115027999999853e+00 7.104163999999999618e-03 3.587409999999999861e-04 1.000000000000000000e+00 7.564760000000000234e-03 7.770240000000000306e-03
2.003782732999999983e+00 7.136459300000000047e-03 3.542780000000000256e-04 1.000000000000000000e+00 7.355579999999999584e-03 7.555609999999999930e-03
2.004450659999999829e+00 7.297791300000000189e-03 3.529329999999999902e-04 1.000000000000000000e+00 7.290249999999999855e-03 7.488759999999999688e-03
2.005118809999999918e+00 7.558067800000000183e-03 3.544430000000000215e-04 1.000000000000000000e+00 7.354929999999999975e-03 7.555450000000000013e-03
2.005787182999999807e+00 7.878338800000000627e-03 3.582640000000000108e-04 1.000000000000000000e+00 7.525989999999999763e-03 7.731430000000000073e-03
2.006455778999999939e+00 8.214909899999999279e-03 3.636409999999999968e-04 1.000000000000000000e+00 7.771369999999999667e-03 7.983759999999999468e-03
2.007124597999999871e+00 8.525382300000000288e-03 3.697260000000000173e-04 1.000000000000000000e+00 8.053730000000000264e-03 8.274079999999999629e-03
2.007793638999999963e+00 8.775448200000000865e-03 3.757009999999999864e-04 1.000000000000000000e+00 8.335139999999999563e-03 8.563410000000000466e-03
2.008462903999999938e+00 8.944680400000000128e-03 3.808969999999999956e-04 1.000000000000000000e+00 8.582559999999999495e-03 8.817830000000000459e-03
2.009132391000000073e+00 9.029513899999999302e-03 3.848780000000000105e-04 1.000000000000000000e+00 8.772900000000000142e-03 9.013590000000000144e-03
2.009802102000000090e+00 9.042450599999999825e-03 3.874780000000000195e-04 1.000000000000000000e+00 8.896090000000000594e-03 9.140380000000000033e-03
2.010472035999999907e+00 9.007845800000000708e-03 3.887930000000000162e-04 1.000000000000000000e+00 8.955609999999999266e-03 9.201759999999999801e-03
2.011142194000000050e+00 8.955657699999999485e-03 3.891289999999999940e-04 1.000000000000000000e+00 8.966190000000000618e-03 9.212869999999999740e-03
2.011812573999999909e+00 8.915272300000000663e-03 3.889230000000000031e-04 1.000000000000000000e+00 8.949659999999999907e-03 9.196160000000000098e-03
2.012483178000000095e+00 8.911011300000000468e-03 3.886590000000000205e-04 1.000000000000000000e+00 8.930199999999999250e-03 9.176480000000000747e-03
2.013154006000000162e+00 8.960134899999999680e-03 3.887890000000000074e-04 1.000000000000000000e+00 8.930369999999999975e-03 9.176979999999999513e-03
2.013825058000000112e+00 9.072926300000000790e-03 3.896780000000000187e-04 1.000000000000000000e+00 8.968510000000000718e-03 9.216520000000000615e-03
2.014496332999999861e+00 9.253958600000000700e-03 3.915859999999999740e-04 1.000000000000000000e+00 9.057779999999999651e-03 9.308600000000000207e-03
2.015167830999999854e+00 9.503537499999999139e-03 3.946600000000000195e-04 1.000000000000000000e+00 9.206229999999999275e-03 9.461519999999999306e-03
2.015839553999999811e+00 9.818759800000000093e-03 3.989460000000000120e-04 1.000000000000000000e+00 9.417520000000000405e-03 9.679019999999999985e-03
2.016511500000000012e+00 1.019417100000000014e-02 4.044089999999999968e-04 1.000000000000000000e+00 9.691579999999999986e-03 9.961040000000000866e-03
2.017183671000000178e+00 1.062224500000000064e-02 4.109469999999999941e-04 1.000000000000000000e+00 1.002529999999999914e-02 1.030440000000000002e-02
2.017856065000000143e+00 1.109396999999999987e-02 4.184120000000000048e-04 1.000000000000000000e+00 1.041330000000000033e-02 1.070360000000000061e-02
2.018528684000000073e+00 1.159949499999999960e-02 4.266219999999999821e-04 1.000000000000000000e+00 1.084820000000000055e-02 1.115090000000000005e-02
2.019201526999999885e+00 1.212873000000000076e-02 4.353849999999999929e-04 1.000000000000000000e+00 1.132140000000000056e-02 1.163780000000000023e-02
2.019874594000000023e+00 1.267172599999999948e-02 4.445049999999999869e-04 1.000000000000000000e+00 1.182380000000000063e-02 1.215469999999999919e-02
2.020547886000000126e+00 1.321884400000000043e-02 4.537969999999999786e-04 1.000000000000000000e+00 1.234610000000000048e-02 1.269209999999999956e-02
2.021221402000000111e+00 1.376084900000000034e-02 4.630880000000000087e-04 1.000000000000000000e+00 1.287899999999999982e-02 1.324029999999999999e-02
2.021895141999999979e+00 1.428910000000000076e-02 4.722220000000000063e-04 1.000000000000000000e+00 1.341310000000000072e-02 1.378990000000000077e-02
2.022569106999999811e+00 1.479590599999999929e-02 4.810629999999999984e-04 1.000000000000000000e+00 1.393989999999999986e-02 1.433189999999999985e-02
2.023243297000000052e+00 1.527495199999999963e-02 4.894959999999999633e-04 1.000000000000000000e+00 1.445130000000000026e-02 1.485810000000000082e-02
2.023917711000000175e+00 1.572161700000000023e-02 4.974320000000000174e-04 1.000000000000000000e+00 1.494050000000000065e-02 1.536140000000000075e-02
2.024592350999999901e+00 1.613307099999999883e-02 5.048090000000000519e-04 1.000000000000000000e+00 1.540180000000000021e-02 1.583609999999999879e-02
2.025267214999999954e+00 1.650807400000000105e-02 5.115949999999999968e-04 1.000000000000000000e+00 1.583149999999999835e-02 1.627829999999999902e-02
2.025942303999999972e+00 1.684658699999999967e-02 5.177779999999999883e-04 1.000000000000000000e+00 1.622710000000000125e-02 1.668539999999999954e-02
2.026617617999999954e+00 1.714930200000000168e-02 5.233660000000000439e-04 1.000000000000000000e+00 1.658750000000000155e-02 1.705629999999999993e-02
2.027293156999999901e+00 1.741724600000000081e-02 5.283780000000000291e-04 1.000000000000000000e+00 1.691250000000000045e-02 1.739090000000000080e-02
2.027968921999999896e+00 1.765152799999999966e-02 5.328379999999999965e-04 1.000000000000000000e+00 1.720259999999999845e-02 1.768959999999999977e-02
2.028644911000000217e+00 1.785329199999999977e-02 5.367710000000000146e-04 1.000000000000000000e+00 1.745860000000000120e-02 1.795329999999999843e-02
2.029321126000000142e+00 1.802384900000000151e-02 5.402049999999999821e-04 1.000000000000000000e+00 1.768159999999999871e-02 1.818320000000000006e-02
2.029997566000000031e+00 1.816488700000000109e-02 5.431639999999999515e-04 1.000000000000000000e+00 1.787290000000000059e-02 1.838040000000000160e-02
2.030674231999999968e+00 1.827862499999999973e-02 5.456769999999999459e-04 1.000000000000000000e+00 1.803410000000000082e-02 1.854679999999999870e-02
2.031351123999999952e+00 1.836779399999999979e-02 5.477770000000000512e-04 1.000000000000000000e+00 1.816740000000000022e-02 1.868440000000000031e-02
2.032028240999999902e+00 1.843539300000000131e-02 5.495019999999999983e-04 1.000000000000000000e+00 1.827499999999999958e-02 1.879569999999999852e-02
2.032705583999999899e+00 1.848430699999999843e-02 5.508909999999999675e-04 1.000000000000000000e+00 1.835960000000000023e-02 1.888329999999999870e-02
2.033383151999999860e+00 1.851691600000000132e-02 5.519830000000000309e-04 1.000000000000000000e+00 1.842390000000000000e-02 1.895000000000000157e-02
2.034060945999999870e+00 1.853488500000000094e-02 5.528119999999999649e-04 1.000000000000000000e+00 1.847009999999999971e-02 1.899810000000000040e-02
2.034738967000000009e+00 1.853923799999999955e-02 5.534059999999999934e-04 1.000000000000000000e+00 1.850009999999999849e-02 1.902960000000000068e-02
2.035417213000000114e+00 1.853068100000000024e-02 5.537839999999999820e-04 1.000000000000000000e+00 1.851529999999999843e-02 1.904590000000000102e-02
2.036095685999999905e+00 1.851009299999999830e-02 5.539619999999999657e-04 1.000000000000000000e+00 1.851689999999999933e-02 1.904799999999999896e-02
2.036774384000000104e+00 1.847894599999999957e-02 5.539549999999999639e-04 1.000000000000000000e+00 1.850579999999999933e-02 1.903720000000000065e-02
2.037453308999999990e+00 1.843948700000000093e-02 5.537839999999999820e-04 1.000000000000000000e+00 1.848359999999999934e-02 1.901490000000000125e-02
2.038132459999999924e+00 1.839457200000000139e-02 5.534770000000000271e-04 1.000000000000000000e+00 1.845219999999999846e-02 1.898309999999999928e-02
2.038811836999999905e+00 1.834713799999999895e-02 5.530689999999999999e-04 1.000000000000000000e+00 1.841399999999999981e-02 1.894440000000000013e-02
2.039491441000000016e+00 1.829939800000000144e-02 5.525979999999999564e-04 1.000000000000000000e+00 1.837139999999999954e-02 1.890110000000000054e-02
2.040171271999999814e+00 1.825194700000000100e-02 5.520930000000000282e-04 1.000000000000000000e+00 1.832649999999999904e-02 1.885550000000000073e-02
2.040851329000000103e+00 1.820300799999999969e-02 5.515669999999999861e-04 1.000000000000000000e+00 1.828000000000000111e-02 1.880830000000000002e-02
2.041531613000000078e+00 1.814796999999999938e-02 5.510069999999999508e-04 1.000000000000000000e+00 1.823090000000000127e-02 1.875850000000000087e-02
2.042212123000000101e+00 1.807942699999999861e-02 5.503640000000000181e-04 1.000000000000000000e+00 1.817600000000000118e-02 1.870259999999999978e-02
2.042892860999999893e+00 1.798779500000000087e-02 5.495539999999999497e-04 1.000000000000000000e+00 1.810940000000000119e-02 1.863479999999999998e-02
2.043573825000000177e+00 1.786253299999999988e-02 5.484609999999999789e-04 1.000000000000000000e+00 1.802339999999999845e-02 1.854690000000000158e-02
2.044255016000000147e+00 1.769383000000000067e-02 5.469509999999999476e-04 1.000000000000000000e+00 1.790900000000000131e-02 1.842979999999999965e-02
2.044936434999999886e+00 1.747448700000000035e-02 5.448919999999999458e-04 1.000000000000000000e+00 1.775749999999999898e-02 1.827449999999999908e-02
2.045618080000000116e+00 1.720159599999999955e-02 5.421710000000000374e-04 1.000000000000000000e+00 1.756189999999999835e-02 1.807380000000000098e-02
2.046299953000000116e+00 1.687759000000000134e-02 5.387179999999999877e-04 1.000000000000000000e+00 1.731829999999999828e-02 1.782359999999999847e-02
2.046982052999999802e+00 1.651038200000000053e-02 5.345219999999999486e-04 1.000000000000000000e+00 1.702709999999999987e-02 1.752439999999999901e-02
2.047664380000000062e+00 1.611256900000000020e-02 5.296390000000000429e-04 1.000000000000000000e+00 1.669330000000000119e-02 1.718130000000000004e-02
2.048346935000000091e+00 1.569990200000000169e-02 5.241900000000000075e-04 1.000000000000000000e+00 1.632619999999999905e-02 1.680380000000000068e-02
2.049029716999999806e+00 1.528945900000000004e-02 5.183530000000000429e-04 1.000000000000000000e+00 1.593839999999999840e-02 1.640509999999999885e-02
2.049712727000000179e+00 1.489798399999999953e-02 5.123439999999999722e-04 1.000000000000000000e+00 1.554439999999999988e-02 1.600000000000000033e-02
2.050395964999999876e+00 1.454076200000000048e-02 5.063990000000000418e-04 1.000000000000000000e+00 1.515949999999999936e-02 1.560420000000000036e-02
2.051079430000000148e+00 1.423113900000000029e-02 5.007619999999999736e-04 1.000000000000000000e+00 1.479849999999999915e-02 1.523300000000000001e-02
2.051763123000000189e+00 1.398056699999999930e-02 4.956669999999999826e-04 1.000000000000000000e+00 1.447490000000000061e-02 1.490030000000000000e-02
2.052447043999999998e+00 1.379876799999999945e-02 4.913349999999999706e-04 1.000000000000000000e+00 1.420090000000000068e-02 1.461879999999999950e-02
2.053131193000000021e+00 1.369357199999999934e-02 4.879640000000000193e-04 1.000000000000000000e+00 1.398719999999999998e-02 1.439939999999999970e-02
2.053815569999999813e+00 1.367002099999999921e-02 4.857239999999999865e-04 1.000000000000000000e+00 1.384260000000000004e-02 1.425099999999999978e-02
2.054500174999999818e+00 1.372873099999999923e-02 4.847350000000000270e-04 1.000000000000000000e+00 1.377309999999999993e-02 1.418009999999999930e-02
2.055185009000000118e+00 1.386393399999999963e-02 4.850400000000000046e-04 1.000000000000000000e+00 1.378079999999999930e-02 1.418879999999999968e-02
2.055870070000000105e+00 1.406198900000000043e-02 4.865830000000000133e-04 1.000000000000000000e+00 1.386270000000000037e-02 1.427379999999999968e-02
2.056555361000000026e+00 1.430133599999999956e-02 4.891830000000000223e-04 1.000000000000000000e+00 1.400870000000000067e-02 1.442479999999999978e-02
2.057240879000000078e+00 1.455448200000000053e-02 4.925469999999999718e-04 1.000000000000000000e+00 1.420210000000000049e-02 1.462459999999999975e-02
2.057926625999999981e+00 1.479197500000000061e-02 4.962890000000000183e-04 1.000000000000000000e+00 1.442060000000000043e-02 1.485009999999999976e-02
2.058612601000000097e+00 1.498754599999999916e-02 4.999930000000000086e-04 1.000000000000000000e+00 1.463889999999999983e-02 1.507550000000000036e-02
2.059298806000000148e+00 1.512301400000000060e-02 5.032739999999999523e-04 1.000000000000000000e+00 1.483319999999999951e-02 1.527610000000000079e-02
2.059985238999999968e+00 1.519151000000000008e-02 5.058410000000000380e-04 1.000000000000000000e+00 1.498479999999999951e-02 1.543270000000000058e-02
2.060671900000000001e+00 1.519801599999999996e-02 5.075420000000000409e-04 1.000000000000000000e+00 1.508319999999999973e-02 1.553440000000000029e-02
2.061358790999999968e+00 1.515714599999999981e-02 5.083730000000000063e-04 1.000000000000000000e+00 1.512739999999999918e-02 1.558030000000000005e-02
2.062045910999999787e+00 1.508892600000000077e-02 5.084650000000000454e-04 1.000000000000000000e+00 1.512499999999999956e-02 1.557829999999999979e-02
2.062733258999999819e+00 1.501398600000000000e-02 5.080389999999999516e-04 1.000000000000000000e+00 1.508989999999999984e-02 1.554260000000000017e-02
2.063420836999999786e+00 1.494959199999999939e-02 5.073560000000000396e-04 1.000000000000000000e+00 1.503810000000000043e-02 1.548979999999999975e-02
2.064108644000000048e+00 1.490750100000000009e-02 5.066639999999999859e-04 1.000000000000000000e+00 1.498520000000000060e-02 1.543590000000000066e-02
2.064796680000000162e+00 1.489383600000000057e-02 5.061609999999999807e-04 1.000000000000000000e+00 1.494370000000000073e-02 1.539369999999999974e-02
2.065484946000000210e+00 1.491049099999999968e-02 5.059819999999999813e-04 1.000000000000000000e+00 1.492199999999999950e-02 1.537209999999999965e-02
2.066173441000000111e+00 1.495712599999999941e-02 5.062029999999999915e-04 1.000000000000000000e+00 1.492510000000000017e-02 1.537600000000000078e-02
2.066862164999999862e+00 1.503284899999999917e-02 5.068580000000000047e-04 1.000000000000000000e+00 1.495529999999999950e-02 1.540769999999999987e-02
2.067551118999999993e+00 1.513700100000000062e-02 5.079579999999999772e-04 1.000000000000000000e+00 1.501339999999999966e-02 1.546819999999999966e-02
2.068240303000000058e+00 1.526900900000000005e-02 5.095009999999999860e-04 1.000000000000000000e+00 1.509959999999999948e-02 1.555759999999999955e-02
2.068929715999999974e+00 1.542764100000000062e-02 5.114790000000000135e-04 1.000000000000000000e+00 1.521349999999999959e-02 1.567560000000000134e-02
2.069619359999999908e+00 1.561023599999999956e-02 5.138690000000000228e-04 1.000000000000000000e+00 1.535399999999999959e-02 1.582100000000000173e-02
2.070309233000000138e+00 1.581238999999999909e-02 5.166310000000000346e-04 1.000000000000000000e+00 1.551879999999999926e-02 1.599139999999999937e-02
2.070999335999999857e+00 1.602833000000000035e-02 5.197049999999999717e-04 1.000000000000000000e+00 1.570440000000000030e-02 1.618319999999999828e-02
2.071689668999999956e+00 1.625186099999999939e-02 5.230130000000000152e-04 1.000000000000000000e+00 1.590580000000000119e-02 1.639130000000000101e-02
2.072380231999999989e+00 1.647749100000000036e-02 5.264710000000000353e-04 1.000000000000000000e+00 1.611800000000000038e-02 1.661050000000000026e-02
2.073071026000000039e+00 1.670126799999999828e-02 5.300009999999999964e-04 1.000000000000000000e+00 1.633570000000000161e-02 1.683540000000000036e-02
2.073762048999999941e+00 1.692095799999999983e-02 5.335389999999999751e-04 1.000000000000000000e+00 1.655500000000000027e-02 1.706200000000000078e-02
2.074453302999999860e+00 1.713549600000000006e-02 5.370429999999999605e-04 1.000000000000000000e+00 1.677299999999999972e-02 1.728729999999999850e-02
2.075144787999999796e+00 1.734393199999999940e-02 5.404820000000000067e-04 1.000000000000000000e+00 1.698770000000000141e-02 1.750919999999999907e-02
2.075836503000000111e+00 1.754435799999999948e-02 5.438329999999999683e-04 1.000000000000000000e+00 1.719750000000000098e-02 1.772620000000000098e-02
2.076528447999999916e+00 1.773327499999999973e-02 5.470629999999999764e-04 1.000000000000000000e+00 1.740039999999999989e-02 1.793600000000000055e-02
2.077220624000000182e+00 1.790570600000000040e-02 5.501240000000000340e-04 1.000000000000000000e+00 1.759310000000000040e-02 1.813539999999999944e-02
2.077913031000000021e+00 1.805605600000000088e-02 5.529559999999999554e-04 1.000000000000000000e+00 1.777149999999999910e-02 1.831999999999999948e-02
2.078605668999999878e+00 1.817942900000000042e-02 5.554919999999999866e-04 1.000000000000000000e+00 1.793089999999999962e-02 1.848500000000000143e-02
2.079298537000000113e+00 1.827296499999999865e-02 5.576690000000000032e-04 1.000000000000000000e+00 1.806670000000000151e-02 1.862569999999999851e-02
2.079991637000000004e+00 1.833675800000000161e-02 5.594489999999999489e-04 1.000000000000000000e+00 1.817600000000000118e-02 1.873920000000000100e-02
2.080684966999999830e+00 1.837412199999999968e-02 5.608230000000000073e-04 1.000000000000000000e+00 1.825790000000000052e-02 1.882440000000000155e-02
2.081378529000000199e+00 1.839111800000000144e-02 5.618210000000000001e-04 1.000000000000000000e+00 1.831419999999999923e-02 1.888319999999999929e-02
2.082072322000000142e+00 1.839550900000000086e-02 5.625060000000000520e-04 1.000000000000000000e+00 1.834910000000000013e-02 1.892009999999999872e-02
2.082766346000000102e+00 1.839541999999999913e-02 5.629670000000000464e-04 1.000000000000000000e+00 1.836870000000000169e-02 1.894109999999999891e-02
2.083460601000000079e+00 1.839802499999999841e-02 5.633030000000000242e-04 1.000000000000000000e+00 1.837969999999999882e-02 1.895319999999999991e-02
2.084155088000000156e+00 1.840853500000000018e-02 5.636089999999999633e-04 1.000000000000000000e+00 1.838860000000000147e-02 1.896329999999999891e-02
2.084849806999999888e+00 1.842967100000000163e-02 5.639619999999999920e-04 1.000000000000000000e+00 1.840090000000000128e-02 1.897659999999999972e-02
2.085544757000000082e+00 1.846169500000000019e-02 5.644139999999999531e-04 1.000000000000000000e+00 1.841980000000000006e-02 1.899690000000000059e-02
2.086239937999999849e+00 1.850287800000000038e-02 5.649879999999999920e-04 1.000000000000000000e+00 1.844689999999999871e-02 1.902560000000000015e-02
2.086935351999999799e+00 1.855028499999999969e-02 5.656800000000000456e-04 1.000000000000000000e+00 1.848189999999999902e-02 1.906249999999999958e-02
2.087630997000000210e+00 1.860062700000000152e-02 5.664669999999999688e-04 1.000000000000000000e+00 1.852320000000000008e-02 1.910589999999999858e-02
2.088326873999999833e+00 1.865100700000000070e-02 5.673170000000000166e-04 1.000000000000000000e+00 1.856850000000000167e-02 1.915350000000000039e-02
2.089022983000000000e+00 1.869939300000000165e-02 5.681949999999999631e-04 1.000000000000000000e+00 1.861559999999999951e-02 1.920300000000000132e-02
2.089719323999999823e+00 1.874477700000000066e-02 5.690709999999999866e-04 1.000000000000000000e+00 1.866249999999999853e-02 1.925229999999999997e-02
2.090415897000000189e+00 1.878703199999999865e-02 5.699249999999999889e-04 1.000000000000000000e+00 1.870799999999999894e-02 1.930019999999999999e-02
2.091112702000000212e+00 1.882654799999999851e-02 5.707449999999999980e-04 1.000000000000000000e+00 1.875160000000000021e-02 1.934599999999999861e-02
2.091809739999999973e+00 1.886378400000000150e-02 5.715289999999999824e-04 1.000000000000000000e+00 1.879300000000000068e-02 1.938969999999999930e-02
2.092507009000000195e+00 1.889888600000000016e-02 5.722760000000000347e-04 1.000000000000000000e+00 1.883229999999999973e-02 1.943109999999999976e-02
2.093204511999999795e+00 1.893148999999999874e-02 5.729850000000000308e-04 1.000000000000000000e+00 1.886940000000000145e-02 1.947010000000000060e-02
2.093902246999999939e+00 1.896076999999999832e-02 5.736520000000000161e-04 1.000000000000000000e+00 1.890369999999999898e-02 1.950630000000000072e-02
2.094600214000000182e+00 1.898572800000000033e-02 5.742710000000000045e-04 1.000000000000000000e+00 1.893469999999999875e-02 1.953910000000000022e-02
2.095298414000000164e+00 1.900559900000000149e-02 5.748329999999999629e-04 1.000000000000000000e+00 1.896159999999999859e-02 1.956760000000000096e-02
2.095996846999999885e+00 1.902024199999999970e-02 5.753309999999999978e-04 1.000000000000000000e+00 1.898369999999999919e-02 1.959129999999999899e-02
2.096695512999999789e+00 1.903034199999999870e-02 5.757650000000000007e-04 1.000000000000000000e+00 1.900100000000000053e-02 1.960999999999999896e-02
2.097394410999999792e+00 1.903735599999999833e-02 5.761409999999999578e-04 1.000000000000000000e+00 1.901399999999999965e-02 1.962440000000000018e-02
2.098093543000000061e+00 1.904320300000000160e-02 5.764739999999999968e-04 1.000000000000000000e+00 1.902370000000000103e-02 1.963540000000000077e-02
2.098792906999999985e+00 1.904980400000000004e-02 5.767829999999999832e-04 1.000000000000000000e+00 1.903180000000000149e-02 1.964480000000000046e-02
2.099492505000000175e+00 1.905859799999999951e-02 5.770900000000000465e-04 1.000000000000000000e+00 1.903969999999999968e-02 1.965410000000000074e-02
2.100192336000000104e+00 1.907020699999999874e-02 5.774110000000000050e-04 1.000000000000000000e+00 1.904899999999999996e-02 1.966460000000000083e-02
2.100892400000000215e+00 1.908431099999999964e-02 5.777560000000000161e-04 1.000000000000000000e+00 1.906019999999999937e-02 1.967709999999999945e-02
2.101592697000000065e+00 1.909977399999999992e-02 5.781239999999999556e-04 1.000000000000000000e+00 1.907330000000000136e-02 1.969150000000000067e-02
2.102293228000000180e+00 1.911496000000000028e-02 5.785060000000000072e-04 1.000000000000000000e+00 1.908779999999999852e-02 1.970730000000000051e-02
2.102993992000000034e+00 1.912814700000000159e-02 5.788870000000000430e-04 1.000000000000000000e+00 1.910229999999999914e-02 1.972310000000000035e-02
2.103694990000000153e+00 1.913791899999999976e-02 5.792459999999999493e-04 1.000000000000000000e+00 1.911550000000000055e-02 1.973750000000000157e-02
2.104396222000000094e+00 1.914345799999999861e-02 5.795690000000000477e-04 1.000000000000000000e+00 1.912619999999999945e-02 1.974930000000000088e-02
2.105097687000000217e+00 1.914466600000000115e-02 5.798420000000000093e-04 1.000000000000000000e+00 1.913339999999999833e-02 1.975750000000000076e-02
2.105799386999999800e+00 1.914211799999999963e-02 5.800630000000000196e-04 1.000000000000000000e+00 1.913679999999999895e-02 1.976189999999999891e-02
2.106501320000000010e+00 1.913689500000000099e-02 5.802360000000000330e-04 1.000000000000000000e+00 1.913660000000000014e-02 1.976249999999999882e-02
2.107203487000000042e+00 1.913033700000000073e-02 5.803709999999999902e-04 1.000000000000000000e+00 1.913350000000000120e-02 1.976019999999999860e-02
2.107905887999999894e+00 1.912379999999999983e-02 5.804850000000000504e-04 1.000000000000000000e+00 1.912849999999999967e-02 1.975599999999999926e-02
2.108608523000000012e+00 1.911843300000000065e-02 5.805940000000000319e-04 1.000000000000000000e+00 1.912269999999999942e-02 1.975110000000000060e-02
2.109311393000000034e+00 1.911500699999999983e-02 5.807139999999999698e-04 1.000000000000000000e+00 1.911710000000000145e-02 1.974650000000000016e-02
2.110014496999999878e+00 1.911381700000000169e-02 5.808579999999999603e-04 1.000000000000000000e+00 1.911279999999999923e-02 1.974319999999999894e-02
2.110717834999999987e+00 1.911465700000000018e-02 5.810309999999999737e-04 1.000000000000000000e+00 1.911020000000000080e-02 1.974180000000000032e-02
2.111421406999999917e+00 1.911687899999999982e-02 5.812319999999999943e-04 1.000000000000000000e+00 1.910950000000000149e-02 1.974230000000000082e-02
2.112125214999999834e+00 1.911954999999999905e-02 5.814540000000000203e-04 1.000000000000000000e+00 1.911039999999999961e-02 1.974439999999999876e-02
2.112829255999999933e+00 1.912167899999999907e-02 5.816859999999999869e-04 1.000000000000000000e+00 1.911219999999999933e-02 1.974750000000000116e-02
2.113533533000000020e+00 1.912248299999999915e-02 5.819139999999999990e-04 1.000000000000000000e+00 1.911430000000000073e-02 1.975079999999999891e-02
2.114238043999999928e+00 1.912161299999999911e-02 5.821249999999999602e-04 1.000000000000000000e+00 1.911590000000000164e-02 1.975350000000000023e-02
2.114942790000000183e+00 1.911927500000000155e-02 5.823129999999999929e-04 1.000000000000000000e+00 1.911639999999999867e-02 1.975500000000000173e-02
2.115647770999999899e+00 1.911619399999999955e-02 5.824759999999999573e-04 1.000000000000000000e+00 1.911579999999999877e-02 1.975529999999999994e-02
2.116352986999999963e+00 1.911342099999999850e-02 5.826219999999999793e-04 1.000000000000000000e+00 1.911430000000000073e-02 1.975460000000000063e-02
2.117058437999999931e+00 1.911203300000000049e-02 5.827640000000000467e-04 1.000000000000000000e+00 1.911260000000000042e-02 1.975359999999999963e-02
2.117764123999999804e+00 1.911280799999999849e-02 5.829159999999999463e-04 1.000000000000000000e+00 1.911140000000000061e-02 1.975309999999999913e-02
2.118470045000000024e+00 1.911599500000000021e-02 5.830909999999999913e-04 1.000000000000000000e+00 1.911130000000000120e-02 1.975390000000000132e-02
2.119176201999999787e+00 1.912124600000000146e-02 5.832979999999999979e-04 1.000000000000000000e+00 1.911289999999999864e-02 1.975649999999999976e-02
2.119882593999999898e+00 1.912773400000000040e-02 5.835350000000000432e-04 1.000000000000000000e+00 1.911610000000000045e-02 1.976079999999999851e-02
2.120589221999999996e+00 1.913441499999999837e-02 5.837960000000000328e-04 1.000000000000000000e+00 1.912070000000000089e-02 1.976649999999999935e-02
2.121296084999999998e+00 1.914033700000000032e-02 5.840710000000000259e-04 1.000000000000000000e+00 1.912590000000000123e-02 1.977289999999999950e-02
2.122003182999999904e+00 1.914490799999999868e-02 5.843450000000000033e-04 1.000000000000000000e+00 1.913120000000000098e-02 1.977949999999999847e-02
2.122710517999999880e+00 1.914803699999999970e-02 5.846090000000000401e-04 1.000000000000000000e+00 1.913600000000000023e-02 1.978550000000000100e-02
2.123418088000000203e+00 1.915011999999999964e-02 5.848570000000000418e-04 1.000000000000000000e+00 1.914000000000000076e-02 1.979070000000000135e-02
2.124125894000000070e+00 1.915190599999999979e-02 5.850879999999999926e-04 1.000000000000000000e+00 1.914329999999999851e-02 1.979509999999999950e-02
2.124833935999999923e+00 1.915427700000000080e-02 5.853100000000000186e-04 1.000000000000000000e+00 1.914630000000000151e-02 1.979919999999999944e-02
2.125542214000000207e+00 1.915801199999999857e-02 5.855320000000000446e-04 1.000000000000000000e+00 1.914949999999999986e-02 1.980339999999999878e-02
2.126250728000000034e+00 1.916357900000000003e-02 5.857629999999999955e-04 1.000000000000000000e+00 1.915340000000000098e-02 1.980840000000000031e-02
2.126959477999999848e+00 1.917100000000000054e-02 5.860130000000000287e-04 1.000000000000000000e+00 1.915839999999999904e-02 1.981449999999999878e-02
2.127668465000000175e+00 1.917982400000000157e-02 5.862849999999999746e-04 1.000000000000000000e+00 1.916450000000000098e-02 1.982199999999999934e-02
2.128377688000000045e+00 1.918921300000000010e-02 5.865799999999999573e-04 1.000000000000000000e+00 1.917169999999999985e-02 1.983060000000000031e-02
2.129087146999999902e+00 1.919813000000000075e-02 5.868909999999999752e-04 1.000000000000000000e+00 1.917929999999999982e-02 1.983980000000000118e-02
2.129796842000000190e+00 1.920557800000000093e-02 5.872079999999999791e-04 1.000000000000000000e+00 1.918680000000000038e-02 1.984889999999999918e-02
2.130506775000000186e+00 1.921082400000000134e-02 5.875179999999999812e-04 1.000000000000000000e+00 1.919339999999999935e-02 1.985719999999999846e-02
2.131216944000000169e+00 1.921355699999999916e-02 5.878119999999999483e-04 1.000000000000000000e+00 1.919869999999999910e-02 1.986399999999999971e-02
2.131927349000000138e+00 1.921391999999999892e-02 5.880800000000000480e-04 1.000000000000000000e+00 1.920229999999999854e-02 1.986910000000000065e-02
2.132637991999999816e+00 1.921244000000000077e-02 5.883200000000000322e-04 1.000000000000000000e+00 1.920420000000000113e-02 1.987239999999999840e-02
2.133348870999999924e+00 1.920987600000000073e-02 5.885309999999999934e-04 1.000000000000000000e+00 1.920470000000000163e-02 1.987409999999999871e-02
2.134059987000000103e+00 1.920702999999999994e-02 5.887180000000000104e-04 1.000000000000000000e+00 1.920410000000000172e-02 1.987469999999999862e-02
2.134771340999999989e+00 1.920457199999999962e-02 5.888889999999999923e-04 1.000000000000000000e+00 1.920320000000000013e-02 1.987469999999999862e-02
2.135482930999999862e+00 1.920291299999999854e-02 5.890500000000000336e-04 1.000000000000000000e+00 1.920219999999999913e-02 1.987459999999999921e-02
2.136194758999999888e+00 1.920213499999999865e-02 5.892070000000000120e-04 1.000000000000000000e+00 1.920159999999999922e-02 1.987480000000000149e-02
2.136906823999999983e+00 1.920200000000000032e-02 5.893639999999999903e-04 1.000000000000000000e+00 1.920130000000000101e-02 1.987529999999999852e-02
2.137619126000000147e+00 1.920201900000000073e-02 5.895230000000000001e-04 1.000000000000000000e+00 1.920120000000000160e-02 1.987600000000000131e-02
2.138331666000000020e+00 1.920157000000000114e-02 5.896809999999999942e-04 1.000000000000000000e+00 1.920099999999999932e-02 1.987649999999999834e-02
2.139044442999999962e+00 1.920002300000000009e-02 5.898369999999999568e-04 1.000000000000000000e+00 1.919999999999999832e-02 1.987639999999999893e-02
2.139757458000000057e+00 1.919685499999999878e-02 5.899870000000000418e-04 1.000000000000000000e+00 1.919780000000000098e-02 1.987519999999999912e-02
2.140470710000000221e+00 1.919171199999999966e-02 5.901269999999999693e-04 1.000000000000000000e+00 1.919399999999999926e-02 1.987250000000000127e-02
2.141184200000000093e+00 1.918442600000000095e-02 5.902540000000000174e-04 1.000000000000000000e+00 1.918829999999999841e-02 1.986809999999999965e-02
2.141897929000000200e+00 1.917498299999999961e-02 5.903650000000000304e-04 1.000000000000000000e+00 1.918090000000000073e-02 1.986189999999999831e-02
2.142611894999999933e+00 1.916346899999999895e-02 5.904579999999999768e-04 1.000000000000000000e+00 1.917179999999999926e-02 1.985400000000000012e-02
2.143326098999999818e+00 1.915001699999999835e-02 5.905279999999999948e-04 1.000000000000000000e+00 1.916110000000000035e-02 1.984460000000000043e-02
2.144040540999999855e+00 1.913477200000000128e-02 5.905710000000000213e-04 1.000000000000000000e+00 1.914920000000000164e-02 1.983359999999999984e-02
2.144755221000000045e+00 1.911790099999999964e-02 5.905840000000000091e-04 1.000000000000000000e+00 1.913609999999999964e-02 1.982130000000000003e-02
2.145470138999999943e+00 1.909962600000000149e-02 5.905619999999999880e-04 1.000000000000000000e+00 1.912180000000000130e-02 1.980749999999999872e-02
2.146185296000000076e+00 1.908029400000000111e-02 5.905049999999999579e-04 1.000000000000000000e+00 1.910629999999999967e-02 1.979219999999999938e-02
2.146900690999999917e+00 1.906043300000000162e-02 5.904159999999999660e-04 1.000000000000000000e+00 1.908970000000000111e-02 1.977570000000000022e-02
2.147616323999999910e+00 1.904080099999999956e-02 5.903020000000000142e-04 1.000000000000000000e+00 1.907220000000000096e-02 1.975800000000000126e-02
2.148332197000000221e+00 1.902236399999999994e-02 5.901769999999999976e-04 1.000000000000000000e+00 1.905429999999999971e-02 1.973969999999999891e-02
2.149048307000000158e+00 1.900620999999999908e-02 5.900550000000000283e-04 1.000000000000000000e+00 1.903650000000000134e-02 1.972180000000000114e-02
2.149764656999999968e+00 1.899338899999999941e-02 5.899570000000000031e-04 1.000000000000000000e+00 1.901989999999999931e-02 1.970509999999999970e-02
2.150481244999999930e+00 1.898468500000000114e-02 5.899009999999999887e-04 1.000000000000000000e+00 1.900550000000000156e-02 1.969080000000000136e-02
2.151198072000000128e+00 1.898040999999999964e-02 5.898999999999999730e-04 1.000000000000000000e+00 1.899419999999999928e-02 1.967990000000000017e-02
2.151915138000000116e+00 1.898024900000000112e-02 5.899640000000000049e-04 1.000000000000000000e+00 1.898659999999999931e-02 1.967290000000000011e-02
2.152632442999999896e+00 1.898322800000000130e-02 5.900929999999999761e-04 1.000000000000000000e+00 1.898259999999999878e-02 1.966980000000000117e-02
2.153349986999999910e+00 1.898782300000000089e-02 5.902769999999999458e-04 1.000000000000000000e+00 1.898180000000000006e-02 1.967019999999999880e-02
2.154067770999999798e+00 1.899219799999999833e-02 5.904979999999999561e-04 1.000000000000000000e+00 1.898319999999999869e-02 1.967280000000000070e-02
2.154785792999999838e+00 1.899451599999999948e-02 5.907350000000000014e-04 1.000000000000000000e+00 1.898520000000000069e-02 1.967630000000000073e-02
2.155504055000000196e+00 1.899326200000000034e-02 5.909619999999999977e-04 1.000000000000000000e+00 1.898649999999999990e-02 1.967889999999999917e-02
2.156222555999999901e+00 1.898750899999999964e-02 5.911580000000000480e-04 1.000000000000000000e+00 1.898549999999999890e-02 1.967930000000000026e-02
2.156941296999999924e+00 1.897709499999999938e-02 5.913049999999999773e-04 1.000000000000000000e+00 1.898120000000000016e-02 1.967630000000000073e-02
2.157660277999999821e+00 1.896264799999999862e-02 5.913949999999999849e-04 1.000000000000000000e+00 1.897329999999999850e-02 1.966949999999999948e-02
2.158379497999999952e+00 1.894549099999999833e-02 5.914310000000000097e-04 1.000000000000000000e+00 1.896190000000000028e-02 1.965909999999999880e-02
2.159098957999999957e+00 1.892741300000000057e-02 5.914229999999999921e-04 1.000000000000000000e+00 1.894780000000000075e-02 1.964580000000000146e-02
2.159818657000000197e+00 1.891034399999999907e-02 5.913900000000000146e-04 1.000000000000000000e+00 1.893229999999999913e-02 1.963099999999999914e-02
2.160538596999999950e+00 1.889600500000000044e-02 5.913539999999999899e-04 1.000000000000000000e+00 1.891690000000000038e-02 1.961629999999999971e-02
2.161258775999999937e+00 1.888560499999999975e-02 5.913389999999999706e-04 1.000000000000000000e+00 1.890299999999999966e-02 1.960309999999999830e-02
2.161979195999999881e+00 1.887964799999999888e-02 5.913620000000000074e-04 1.000000000000000000e+00 1.889180000000000026e-02 1.959270000000000109e-02
2.162699856000000143e+00 1.887792699999999921e-02 5.914349999999999642e-04 1.000000000000000000e+00 1.888400000000000148e-02 1.958580000000000043e-02
2.163420755999999834e+00 1.887967499999999854e-02 5.915620000000000123e-04 1.000000000000000000e+00 1.887990000000000154e-02 1.958259999999999862e-02
2.164141895999999843e+00 1.888384300000000085e-02 5.917369999999999488e-04 1.000000000000000000e+00 1.887899999999999995e-02 1.958280000000000090e-02
2.164863276999999808e+00 1.888938999999999896e-02 5.919529999999999887e-04 1.000000000000000000e+00 1.888070000000000026e-02 1.958560000000000162e-02
2.165584898000000091e+00 1.889547000000000102e-02 5.921960000000000201e-04 1.000000000000000000e+00 1.888420000000000029e-02 1.959050000000000027e-02
2.166306758999999804e+00 1.890148200000000070e-02 5.924570000000000097e-04 1.000000000000000000e+00 1.888899999999999954e-02 1.959649999999999934e-02
2.167028862000000000e+00 1.890700299999999862e-02 5.927239999999999853e-04 1.000000000000000000e+00 1.889429999999999929e-02 1.960299999999999890e-02
2.167751205000000070e+00 1.891168500000000099e-02 5.929880000000000220e-04 1.000000000000000000e+00 1.889969999999999845e-02 1.960960000000000134e-02
2.168473788000000013e+00 1.891520699999999985e-02 5.932440000000000413e-04 1.000000000000000000e+00 1.890469999999999998e-02 1.961579999999999921e-02
2.169196612999999996e+00 1.891734000000000124e-02 5.934830000000000097e-04 1.000000000000000000e+00 1.890889999999999932e-02 1.962099999999999955e-02
2.169919677999999852e+00 1.891806199999999938e-02 5.937030000000000042e-04 1.000000000000000000e+00 1.891189999999999885e-02 1.962509999999999949e-02
2.170642985000000191e+00 1.891763800000000051e-02 5.939030000000000090e-04 1.000000000000000000e+00 1.891380000000000144e-02 1.962790000000000021e-02
2.171366533000000043e+00 1.891659199999999943e-02 5.940849999999999473e-04 1.000000000000000000e+00 1.891440000000000135e-02 1.962950000000000111e-02
2.172090321000000213e+00 1.891553500000000068e-02 5.942550000000000219e-04 1.000000000000000000e+00 1.891429999999999848e-02 1.963029999999999983e-02
2.172814352000000060e+00 1.891494399999999951e-02 5.944200000000000178e-04 1.000000000000000000e+00 1.891390000000000085e-02 1.963080000000000033e-02
2.173538622999999781e+00 1.891500200000000020e-02 5.945870000000000452e-04 1.000000000000000000e+00 1.891349999999999976e-02 1.963140000000000024e-02
2.174263135999999985e+00 1.891555899999999846e-02 5.947590000000000428e-04 1.000000000000000000e+00 1.891349999999999976e-02 1.963229999999999836e-02
2.174987890000000146e+00 1.891622999999999916e-02 5.949339999999999793e-04 1.000000000000000000e+00 1.891380000000000144e-02 1.963350000000000165e-02
2.175712885999999902e+00 1.891654699999999883e-02 5.951109999999999473e-04 1.000000000000000000e+00 1.891419999999999907e-02 1.963480000000000086e-02
2.176438124000000141e+00 1.891604900000000075e-02 5.952859999999999922e-04 1.000000000000000000e+00 1.891440000000000135e-02 1.963579999999999839e-02
2.177163602999999892e+00 1.891429199999999922e-02 5.954520000000000039e-04 1.000000000000000000e+00 1.891380000000000144e-02 1.963610000000000008e-02
2.177889324000000126e+00 1.891080700000000170e-02 5.956060000000000434e-04 1.000000000000000000e+00 1.891210000000000113e-02 1.963530000000000136e-02
2.178615288000000039e+00 1.890512399999999885e-02 5.957410000000000006e-04 1.000000000000000000e+00 1.890889999999999932e-02 1.963289999999999827e-02
2.179341492999999907e+00 1.889693200000000170e-02 5.958509999999999978e-04 1.000000000000000000e+00 1.890379999999999838e-02 1.962869999999999893e-02
2.180067939999999815e+00 1.888636200000000029e-02 5.959329999999999879e-04 1.000000000000000000e+00 1.889669999999999891e-02 1.962229999999999877e-02
2.180794629000000207e+00 1.887424999999999867e-02 5.959850000000000477e-04 1.000000000000000000e+00 1.888760000000000092e-02 1.961390000000000008e-02
2.181521560999999831e+00 1.886221800000000004e-02 5.960149999999999780e-04 1.000000000000000000e+00 1.887720000000000023e-02 1.960409999999999930e-02
2.182248734999999940e+00 1.885242200000000062e-02 5.960409999999999537e-04 1.000000000000000000e+00 1.886670000000000014e-02 1.959419999999999912e-02
2.182976151000000087e+00 1.884703700000000051e-02 5.960860000000000117e-04 1.000000000000000000e+00 1.885749999999999926e-02 1.958570000000000103e-02
2.183703808999999829e+00 1.884763199999999958e-02 5.961760000000000193e-04 1.000000000000000000e+00 1.885150000000000020e-02 1.958040000000000128e-02
2.184431711000000220e+00 1.885470900000000075e-02 5.963350000000000291e-04 1.000000000000000000e+00 1.884999999999999870e-02 1.957990000000000078e-02
2.185159855000000206e+00 1.886756699999999828e-02 5.965739999999999975e-04 1.000000000000000000e+00 1.885360000000000161e-02 1.958470000000000003e-02
2.185888240999999788e+00 1.888454300000000016e-02 5.968910000000000014e-04 1.000000000000000000e+00 1.886229999999999851e-02 1.959479999999999902e-02
2.186616871000000017e+00 1.890346700000000019e-02 5.972720000000000373e-04 1.000000000000000000e+00 1.887520000000000170e-02 1.960929999999999965e-02
2.187345742999999842e+00 1.892212999999999881e-02 5.976949999999999754e-04 1.000000000000000000e+00 1.889079999999999926e-02 1.962660000000000099e-02
2.188074857999999789e+00 1.893856999999999832e-02 5.981310000000000099e-04 1.000000000000000000e+00 1.890750000000000069e-02 1.964489999999999986e-02
2.188804216999999941e+00 1.895111999999999838e-02 5.985510000000000093e-04 1.000000000000000000e+00 1.892339999999999994e-02 1.966240000000000002e-02
2.189533818000000132e+00 1.895826899999999982e-02 5.989279999999999821e-04 1.000000000000000000e+00 1.893680000000000016e-02 1.967709999999999945e-02
2.190263663000000083e+00 1.895846199999999884e-02 5.992379999999999842e-04 1.000000000000000000e+00 1.894600000000000103e-02 1.968750000000000014e-02
2.190993750000000073e+00 1.894995099999999960e-02 5.994550000000000399e-04 1.000000000000000000e+00 1.894919999999999938e-02 1.969160000000000008e-02
2.191724081999999907e+00 1.893075599999999997e-02 5.995520000000000493e-04 1.000000000000000000e+00 1.894449999999999953e-02 1.968759999999999954e-02
2.192454655999999780e+00 1.889873499999999984e-02 5.995020000000000210e-04 1.000000000000000000e+00 1.892989999999999950e-02 1.967319999999999833e-02
2.193185474999999940e+00 1.885177799999999959e-02 5.992709999999999617e-04 1.000000000000000000e+00 1.890299999999999966e-02 1.964629999999999849e-02
2.193916536000000139e+00 1.878811099999999970e-02 5.988270000000000181e-04 1.000000000000000000e+00 1.886180000000000148e-02 1.960459999999999980e-02
2.194647842000000182e+00 1.870671399999999929e-02 5.981339999999999487e-04 1.000000000000000000e+00 1.880420000000000008e-02 1.954600000000000087e-02
2.195379390999999902e+00 1.860780399999999862e-02 5.971639999999999631e-04 1.000000000000000000e+00 1.872860000000000150e-02 1.946890000000000079e-02
2.196111183999999827e+00 1.849323400000000076e-02 5.958989999999999947e-04 1.000000000000000000e+00 1.863470000000000057e-02 1.937269999999999964e-02
2.196843220999999957e+00 1.836663399999999974e-02 5.943429999999999980e-04 1.000000000000000000e+00 1.852320000000000008e-02 1.925829999999999903e-02
2.197575501999999847e+00 1.823313799999999943e-02 5.925249999999999961e-04 1.000000000000000000e+00 1.839700000000000016e-02 1.912859999999999908e-02
2.198308028000000025e+00 1.809872200000000111e-02 5.905030000000000348e-04 1.000000000000000000e+00 1.826039999999999955e-02 1.898810000000000081e-02
2.199040796999999881e+00 1.796931300000000065e-02 5.883610000000000272e-04 1.000000000000000000e+00 1.811969999999999900e-02 1.884320000000000092e-02
2.199773811000000023e+00 1.784996200000000047e-02 5.861969999999999984e-04 1.000000000000000000e+00 1.798160000000000036e-02 1.870089999999999947e-02
