8.000000000000000444e-01 1.902508400000000113e-02 3.749329999999999829e-04 1.000000000000000000e+00 1.902440000000000034e-02 1.903420000000000112e-02
8.002666667000000178e-01 1.902615900000000082e-02 3.748919999999999878e-04 1.000000000000000000e+00 1.902540000000000134e-02 1.903509999999999924e-02
8.005334222000000111e-01 1.902739399999999956e-02 3.748129999999999908e-04 1.000000000000000000e+00 1.902649999999999827e-02 1.903619999999999965e-02
8.008002667000000407e-01 1.902880399999999986e-02 3.747560000000000149e-04 1.000000000000000000e+00 1.902780000000000096e-02 1.903749999999999887e-02
8.010672000999999876e-01 1.903041000000000108e-02 3.747169999999999971e-04 1.000000000000000000e+00 1.902919999999999959e-02 1.903900000000000037e-02
8.013342224999999708e-01 1.903222300000000089e-02 3.746949999999999760e-04 1.000000000000000000e+00 1.903089999999999990e-02 1.904070000000000068e-02
8.016013338999999904e-01 1.903424600000000119e-02 3.746859999999999969e-04 1.000000000000000000e+00 1.903279999999999902e-02 1.904259999999999980e-02
8.018685344000000548e-01 1.903647199999999873e-02 3.746859999999999969e-04 1.000000000000000000e+00 1.903490000000000043e-02 1.904470000000000121e-02
8.021358239000000445e-01 1.903889300000000118e-02 3.746940000000000145e-04 1.000000000000000000e+00 1.903720000000000065e-02 1.904700000000000143e-02
8.024032024999999679e-01 1.904151100000000055e-02 3.747059999999999866e-04 1.000000000000000000e+00 1.903960000000000027e-02 1.904940000000000105e-02
8.026706702000000471e-01 1.904434099999999935e-02 3.747229999999999832e-04 1.000000000000000000e+00 1.904230000000000159e-02 1.905209999999999890e-02
8.029382270999999571e-01 1.904741700000000051e-02 3.747430000000000270e-04 1.000000000000000000e+00 1.904509999999999884e-02 1.905489999999999962e-02
8.032058732000000312e-01 1.905078400000000116e-02 3.747649999999999940e-04 1.000000000000000000e+00 1.904820000000000124e-02 1.905799999999999855e-02
8.034736085000000472e-01 1.905448599999999895e-02 3.747910000000000239e-04 1.000000000000000000e+00 1.905159999999999840e-02 1.906129999999999977e-02
8.037414330000000051e-01 1.905855299999999891e-02 3.748189999999999768e-04 1.000000000000000000e+00 1.905520000000000130e-02 1.906499999999999861e-02
8.040093468000000243e-01 1.906298699999999999e-02 3.748509999999999928e-04 1.000000000000000000e+00 1.905930000000000124e-02 1.906909999999999855e-02
8.042773498999999937e-01 1.906774600000000000e-02 3.748849999999999860e-04 1.000000000000000000e+00 1.906369999999999940e-02 1.907350000000000018e-02
8.045454424000000326e-01 1.907274399999999911e-02 3.749220000000000265e-04 1.000000000000000000e+00 1.906849999999999865e-02 1.907829999999999943e-02
8.048136242000000218e-01 1.907785700000000015e-02 3.749590000000000128e-04 1.000000000000000000e+00 1.907359999999999958e-02 1.908330000000000096e-02
8.050818953999999694e-01 1.908293999999999963e-02 3.749970000000000148e-04 1.000000000000000000e+00 1.907879999999999993e-02 1.908860000000000071e-02
8.053502559999999866e-01 1.908785600000000027e-02 3.750320000000000238e-04 1.000000000000000000e+00 1.908409999999999968e-02 1.909380000000000105e-02
8.056187060999999705e-01 1.909249299999999858e-02 3.750639999999999855e-04 1.000000000000000000e+00 1.908920000000000061e-02 1.909900000000000139e-02
8.058872457000000322e-01 1.909678299999999912e-02 3.750919999999999927e-04 1.000000000000000000e+00 1.909419999999999867e-02 1.910390000000000005e-02
8.061558747999999497e-01 1.910070300000000013e-02 3.751140000000000138e-04 1.000000000000000000e+00 1.909879999999999911e-02 1.910850000000000048e-02
8.064245933999999449e-01 1.910426800000000064e-02 3.751310000000000104e-04 1.000000000000000000e+00 1.910310000000000133e-02 1.911269999999999983e-02
8.066934016000000263e-01 1.910751600000000147e-02 3.751420000000000210e-04 1.000000000000000000e+00 1.910699999999999898e-02 1.911670000000000036e-02
8.069622993999999716e-01 1.911050099999999849e-02 3.751480000000000071e-04 1.000000000000000000e+00 1.911059999999999842e-02 1.912029999999999980e-02
8.072312868000000030e-01 1.911328099999999933e-02 3.751499999999999843e-04 1.000000000000000000e+00 1.911399999999999905e-02 1.912360000000000101e-02
8.075003639000000177e-01 1.911591199999999879e-02 3.751459999999999756e-04 1.000000000000000000e+00 1.911730000000000027e-02 1.912679999999999936e-02
8.077695307000000158e-01 1.911843499999999960e-02 3.751380000000000122e-04 1.000000000000000000e+00 1.912039999999999920e-02 1.912989999999999829e-02
8.080387871999999971e-01 1.912087100000000109e-02 3.751259999999999859e-04 1.000000000000000000e+00 1.912339999999999873e-02 1.913279999999999842e-02
8.083081334999999701e-01 1.912320400000000128e-02 3.751100000000000051e-04 1.000000000000000000e+00 1.912619999999999945e-02 1.913569999999999854e-02
8.085775695000000374e-01 1.912537200000000159e-02 3.750889999999999997e-04 1.000000000000000000e+00 1.912890000000000076e-02 1.913830000000000045e-02
8.088470953999999935e-01 1.912725700000000167e-02 3.750650000000000013e-04 1.000000000000000000e+00 1.913130000000000039e-02 1.914060000000000067e-02
8.091167111000000522e-01 1.912868800000000133e-02 3.750369999999999941e-04 1.000000000000000000e+00 1.913319999999999951e-02 1.914249999999999979e-02
8.093864166999999998e-01 1.912944700000000081e-02 3.750049999999999781e-04 1.000000000000000000e+00 1.913449999999999873e-02 1.914369999999999961e-02
8.096562121000000500e-01 1.912928300000000040e-02 3.749690000000000076e-04 1.000000000000000000e+00 1.913489999999999983e-02 1.914410000000000070e-02
8.099260974999999974e-01 1.912792699999999943e-02 3.749289999999999741e-04 1.000000000000000000e+00 1.913429999999999992e-02 1.914340000000000139e-02
8.101960728999999528e-01 1.912510200000000146e-02 3.748819999999999930e-04 1.000000000000000000e+00 1.913230000000000139e-02 1.914139999999999939e-02
8.104661383000000274e-01 1.912053199999999911e-02 3.748280000000000101e-04 1.000000000000000000e+00 1.912890000000000076e-02 1.913799999999999876e-02
8.107362935999999909e-01 1.911393100000000067e-02 3.747639999999999782e-04 1.000000000000000000e+00 1.912379999999999983e-02 1.913279999999999842e-02
8.110065390999999790e-01 1.910500299999999888e-02 3.746870000000000127e-04 1.000000000000000000e+00 1.911679999999999977e-02 1.912569999999999895e-02
8.112768745999999753e-01 1.909343900000000024e-02 3.745940000000000120e-04 1.000000000000000000e+00 1.910759999999999889e-02 1.911650000000000155e-02
8.115473001999999880e-01 1.907893800000000015e-02 3.744810000000000218e-04 1.000000000000000000e+00 1.909599999999999839e-02 1.910490000000000105e-02
8.118178160000000254e-01 1.906123200000000087e-02 3.743430000000000173e-04 1.000000000000000000e+00 1.908170000000000005e-02 1.909059999999999924e-02
8.120884218999999682e-01 1.904015400000000011e-02 3.741770000000000057e-04 1.000000000000000000e+00 1.906460000000000099e-02 1.907340000000000077e-02
8.123591181000000550e-01 1.901566999999999841e-02 3.739799999999999939e-04 1.000000000000000000e+00 1.904430000000000012e-02 1.905309999999999990e-02
8.126299044000000471e-01 1.898792200000000083e-02 3.737489999999999888e-04 1.000000000000000000e+00 1.902080000000000090e-02 1.902960000000000068e-02
8.129007810999999695e-01 1.895721200000000106e-02 3.734860000000000220e-04 1.000000000000000000e+00 1.899419999999999928e-02 1.900289999999999965e-02
8.131717480000000275e-01 1.892395200000000083e-02 3.731920000000000007e-04 1.000000000000000000e+00 1.896470000000000100e-02 1.897329999999999850e-02
8.134428052000000076e-01 1.888859700000000003e-02 3.728720000000000038e-04 1.000000000000000000e+00 1.893250000000000141e-02 1.894099999999999950e-02
8.137139528000000288e-01 1.885158099999999920e-02 3.725290000000000242e-04 1.000000000000000000e+00 1.889810000000000101e-02 1.890649999999999969e-02
8.139851907999999803e-01 1.881330000000000155e-02 3.721679999999999780e-04 1.000000000000000000e+00 1.886190000000000089e-02 1.887029999999999957e-02
8.142565191999999730e-01 1.877415799999999912e-02 3.717920000000000209e-04 1.000000000000000000e+00 1.882440000000000155e-02 1.883270000000000083e-02
8.145279381000000152e-01 1.873467300000000030e-02 3.714039999999999833e-04 1.000000000000000000e+00 1.878610000000000002e-02 1.879429999999999990e-02
8.147994473999999876e-01 1.869562599999999991e-02 3.710100000000000138e-04 1.000000000000000000e+00 1.874759999999999968e-02 1.875570000000000015e-02
8.150710472000000095e-01 1.865820099999999926e-02 3.706129999999999971e-04 1.000000000000000000e+00 1.870990000000000153e-02 1.871779999999999972e-02
8.153427374999999699e-01 1.862404299999999985e-02 3.702220000000000207e-04 1.000000000000000000e+00 1.867409999999999903e-02 1.868190000000000128e-02
8.156145184999999964e-01 1.859519299999999944e-02 3.698509999999999797e-04 1.000000000000000000e+00 1.864189999999999944e-02 1.864949999999999941e-02
8.158863899999999614e-01 1.857385900000000159e-02 3.695120000000000089e-04 1.000000000000000000e+00 1.861519999999999841e-02 1.862259999999999957e-02
8.161583520999999841e-01 1.856205400000000144e-02 3.692219999999999964e-04 1.000000000000000000e+00 1.859600000000000142e-02 1.860310000000000089e-02
8.164304048999999619e-01 1.856118799999999930e-02 3.689960000000000158e-04 1.000000000000000000e+00 1.858599999999999836e-02 1.859289999999999901e-02
8.167025482999999975e-01 1.857172699999999968e-02 3.688440000000000078e-04 1.000000000000000000e+00 1.858639999999999945e-02 1.859310000000000129e-02
8.169747824999999963e-01 1.859303500000000081e-02 3.687720000000000125e-04 1.000000000000000000e+00 1.859740000000000004e-02 1.860380000000000020e-02
8.172471074999999585e-01 1.862344399999999942e-02 3.687779999999999986e-04 1.000000000000000000e+00 1.861820000000000142e-02 1.862429999999999988e-02
8.175195231999999868e-01 1.866055299999999986e-02 3.688540000000000026e-04 1.000000000000000000e+00 1.864700000000000038e-02 1.865280000000000063e-02
8.177920296999999783e-01 1.870167299999999852e-02 3.689909999999999913e-04 1.000000000000000000e+00 1.868119999999999850e-02 1.868670000000000053e-02
8.180646270000000442e-01 1.874425899999999923e-02 3.691759999999999768e-04 1.000000000000000000e+00 1.871820000000000081e-02 1.872350000000000056e-02
8.183373151999999706e-01 1.878626400000000043e-02 3.694009999999999959e-04 1.000000000000000000e+00 1.875550000000000134e-02 1.876070000000000168e-02
8.186100942999999797e-01 1.882628299999999921e-02 3.696619999999999854e-04 1.000000000000000000e+00 1.879130000000000036e-02 1.879640000000000130e-02
8.188829643999999686e-01 1.886346599999999887e-02 3.699560000000000066e-04 1.000000000000000000e+00 1.882429999999999867e-02 1.882939999999999961e-02
8.191559253000000318e-01 1.889721100000000056e-02 3.702830000000000054e-04 1.000000000000000000e+00 1.885409999999999864e-02 1.885919999999999958e-02
8.194289772999999721e-01 1.892675200000000155e-02 3.706390000000000270e-04 1.000000000000000000e+00 1.888039999999999857e-02 1.888569999999999832e-02
8.197021203000000034e-01 1.895074799999999990e-02 3.710140000000000226e-04 1.000000000000000000e+00 1.890319999999999848e-02 1.890870000000000051e-02
8.199753544000000227e-01 1.896708100000000022e-02 3.713880000000000024e-04 1.000000000000000000e+00 1.892160000000000022e-02 1.892730000000000107e-02
8.202486795000000219e-01 1.897295800000000157e-02 3.717300000000000205e-04 1.000000000000000000e+00 1.893409999999999885e-02 1.894020000000000079e-02
8.205220957000000093e-01 1.896540400000000168e-02 3.720010000000000048e-04 1.000000000000000000e+00 1.893850000000000047e-02 1.894490000000000063e-02
8.207956030999999930e-01 1.894207800000000108e-02 3.721589999999999989e-04 1.000000000000000000e+00 1.893229999999999913e-02 1.893900000000000097e-02
8.210692015999999649e-01 1.890225400000000028e-02 3.721710000000000252e-04 1.000000000000000000e+00 1.891299999999999926e-02 1.891999999999999932e-02
8.213428913000000442e-01 1.884770399999999985e-02 3.720190000000000172e-04 1.000000000000000000e+00 1.887979999999999867e-02 1.888710000000000042e-02
8.216166723000000172e-01 1.878313900000000078e-02 3.717099999999999766e-04 1.000000000000000000e+00 1.883359999999999895e-02 1.884119999999999892e-02
8.218905444999999865e-01 1.871595699999999834e-02 3.712809999999999982e-04 1.000000000000000000e+00 1.877830000000000124e-02 1.878610000000000002e-02
8.221645079999999606e-01 1.865517200000000111e-02 3.707939999999999739e-04 1.000000000000000000e+00 1.871969999999999884e-02 1.872779999999999931e-02
8.224385628999999476e-01 1.860969000000000165e-02 3.703290000000000249e-04 1.000000000000000000e+00 1.866560000000000094e-02 1.867380000000000081e-02
8.227127091000000503e-01 1.858633300000000002e-02 3.699700000000000102e-04 1.000000000000000000e+00 1.862360000000000057e-02 1.863199999999999926e-02
8.229869466000000466e-01 1.858823299999999915e-02 3.697829999999999932e-04 1.000000000000000000e+00 1.859989999999999907e-02 1.860850000000000004e-02
8.232612755999999532e-01 1.861410999999999968e-02 3.698069999999999916e-04 1.000000000000000000e+00 1.859790000000000054e-02 1.860660000000000092e-02
8.235356959999999837e-01 1.865868199999999935e-02 3.700399999999999740e-04 1.000000000000000000e+00 1.861710000000000101e-02 1.862590000000000079e-02
8.238102079000000355e-01 1.871409300000000109e-02 3.704469999999999855e-04 1.000000000000000000e+00 1.865359999999999935e-02 1.866270000000000082e-02
8.240848112999999975e-01 1.877183799999999902e-02 3.709669999999999873e-04 1.000000000000000000e+00 1.870139999999999997e-02 1.871060000000000084e-02
8.243595062999999890e-01 1.882458500000000132e-02 3.715279999999999841e-04 1.000000000000000000e+00 1.875330000000000052e-02 1.876270000000000021e-02
8.246342928000000017e-01 1.886736099999999916e-02 3.720649999999999825e-04 1.000000000000000000e+00 1.880290000000000086e-02 1.881239999999999996e-02
8.249091709000000439e-01 1.889789700000000031e-02 3.725290000000000242e-04 1.000000000000000000e+00 1.884519999999999945e-02 1.885480000000000142e-02
8.251841406000000045e-01 1.891620499999999844e-02 3.728909999999999777e-04 1.000000000000000000e+00 1.887760000000000132e-02 1.888739999999999863e-02
8.254592020000000030e-01 1.892374299999999981e-02 3.731429999999999881e-04 1.000000000000000000e+00 1.889930000000000082e-02 1.890920000000000101e-02
8.257343550000000310e-01 1.892250800000000108e-02 3.732920000000000032e-04 1.000000000000000000e+00 1.891079999999999844e-02 1.892080000000000151e-02
8.260095997999999939e-01 1.891441300000000145e-02 3.733489999999999791e-04 1.000000000000000000e+00 1.891359999999999916e-02 1.892370000000000163e-02
8.262849364000000030e-01 1.890104199999999984e-02 3.733300000000000052e-04 1.000000000000000000e+00 1.890910000000000160e-02 1.891930000000000001e-02
8.265603647000000498e-01 1.888374899999999829e-02 3.732499999999999924e-04 1.000000000000000000e+00 1.889880000000000032e-02 1.890899999999999873e-02
8.268358848000000316e-01 1.886393499999999834e-02 3.731240000000000142e-04 1.000000000000000000e+00 1.888400000000000148e-02 1.889439999999999870e-02
8.271114967999999568e-01 1.884328500000000128e-02 3.729660000000000202e-04 1.000000000000000000e+00 1.886639999999999845e-02 1.887679999999999914e-02
8.273872006000000390e-01 1.882380599999999848e-02 3.727940000000000225e-04 1.000000000000000000e+00 1.884759999999999908e-02 1.885799999999999976e-02
8.276629962999999535e-01 1.880764299999999889e-02 3.726259999999999794e-04 1.000000000000000000e+00 1.882949999999999902e-02 1.883999999999999911e-02
8.279388840000000416e-01 1.879672300000000129e-02 3.724830000000000046e-04 1.000000000000000000e+00 1.881410000000000027e-02 1.882469999999999977e-02
8.282148635999999620e-01 1.879237699999999900e-02 3.723819999999999865e-04 1.000000000000000000e+00 1.880329999999999849e-02 1.881390000000000146e-02
8.284909351999999449e-01 1.879506499999999969e-02 3.723360000000000211e-04 1.000000000000000000e+00 1.879820000000000102e-02 1.880880000000000052e-02
8.287670988999999988e-01 1.880430500000000033e-02 3.723509999999999862e-04 1.000000000000000000e+00 1.879940000000000083e-02 1.881009999999999974e-02
8.290433546000000042e-01 1.881879100000000138e-02 3.724259999999999745e-04 1.000000000000000000e+00 1.880650000000000030e-02 1.881729999999999861e-02
8.293197023999999695e-01 1.883667199999999875e-02 3.725530000000000226e-04 1.000000000000000000e+00 1.881849999999999842e-02 1.882939999999999961e-02
8.295961423000000057e-01 1.885589099999999962e-02 3.727170000000000027e-04 1.000000000000000000e+00 1.883400000000000005e-02 1.884490000000000123e-02
8.298726743000000017e-01 1.887453399999999837e-02 3.729019999999999883e-04 1.000000000000000000e+00 1.885109999999999911e-02 1.886209999999999970e-02
8.301492984999999658e-01 1.889111300000000104e-02 3.730900000000000210e-04 1.000000000000000000e+00 1.886809999999999876e-02 1.887919999999999876e-02
8.304260150000000174e-01 1.890475999999999962e-02 3.732690000000000205e-04 1.000000000000000000e+00 1.888379999999999920e-02 1.889489999999999920e-02
8.307028236000000287e-01 1.891531899999999988e-02 3.734289999999999918e-04 1.000000000000000000e+00 1.889729999999999882e-02 1.890850000000000170e-02
8.309797246000000248e-01 1.892331400000000011e-02 3.735659999999999805e-04 1.000000000000000000e+00 1.890820000000000001e-02 1.891949999999999882e-02
8.312567177999999890e-01 1.892980199999999905e-02 3.736820000000000181e-04 1.000000000000000000e+00 1.891709999999999919e-02 1.892840000000000147e-02
8.315338034000000489e-01 1.893612399999999862e-02 3.737839999999999978e-04 1.000000000000000000e+00 1.892459999999999976e-02 1.893610000000000085e-02
8.318109812999999741e-01 1.894359899999999847e-02 3.738820000000000229e-04 1.000000000000000000e+00 1.893190000000000150e-02 1.894339999999999913e-02
8.320882517000000034e-01 1.895322899999999852e-02 3.739859999999999799e-04 1.000000000000000000e+00 1.894010000000000138e-02 1.895169999999999841e-02
8.323656144000000090e-01 1.896550799999999898e-02 3.741039999999999947e-04 1.000000000000000000e+00 1.895000000000000157e-02 1.896170000000000147e-02
8.326430696000000076e-01 1.898036499999999904e-02 3.742419999999999991e-04 1.000000000000000000e+00 1.896219999999999850e-02 1.897389999999999841e-02
8.329206172999999991e-01 1.899725199999999919e-02 3.744010000000000090e-04 1.000000000000000000e+00 1.897659999999999972e-02 1.898839999999999903e-02
8.331982574999999835e-01 1.901532699999999854e-02 3.745749999999999839e-04 1.000000000000000000e+00 1.899290000000000006e-02 1.900469999999999937e-02
8.334759902999999692e-01 1.903365400000000054e-02 3.747600000000000237e-04 1.000000000000000000e+00 1.901040000000000021e-02 1.902229999999999893e-02
8.337538155999999478e-01 1.905135999999999982e-02 3.749469999999999865e-04 1.000000000000000000e+00 1.902830000000000146e-02 1.904029999999999959e-02
8.340317335000000387e-01 1.906774099999999916e-02 3.751289999999999790e-04 1.000000000000000000e+00 1.904580000000000162e-02 1.905779999999999974e-02
8.343097441000000281e-01 1.908229999999999996e-02 3.752989999999999994e-04 1.000000000000000000e+00 1.906230000000000077e-02 1.907439999999999830e-02
8.345878474000000269e-01 1.909476599999999913e-02 3.754529999999999847e-04 1.000000000000000000e+00 1.907719999999999902e-02 1.908930000000000002e-02
8.348660433000000269e-01 1.910508899999999871e-02 3.755869999999999803e-04 1.000000000000000000e+00 1.909020000000000161e-02 1.910239999999999855e-02
8.351443320000000448e-01 1.911341899999999955e-02 3.757009999999999864e-04 1.000000000000000000e+00 1.910109999999999933e-02 1.911329999999999973e-02
8.354227133999999610e-01 1.912005300000000144e-02 3.757960000000000185e-04 1.000000000000000000e+00 1.910999999999999852e-02 1.912229999999999833e-02
8.357011877000000144e-01 1.912537500000000001e-02 3.758750000000000155e-04 1.000000000000000000e+00 1.911720000000000086e-02 1.912950000000000067e-02
8.359797546999999662e-01 1.912977299999999922e-02 3.759430000000000020e-04 1.000000000000000000e+00 1.912290000000000170e-02 1.913520000000000151e-02
8.362584146999999524e-01 1.913357799999999831e-02 3.760030000000000251e-04 1.000000000000000000e+00 1.912739999999999926e-02 1.913990000000000136e-02
8.365371674999999563e-01 1.913703099999999879e-02 3.760580000000000238e-04 1.000000000000000000e+00 1.913130000000000039e-02 1.914369999999999961e-02
8.368160131999999862e-01 1.914027899999999963e-02 3.761120000000000066e-04 1.000000000000000000e+00 1.913460000000000161e-02 1.914719999999999964e-02
8.370949518000000422e-01 1.914340299999999981e-02 3.761659999999999895e-04 1.000000000000000000e+00 1.913770000000000054e-02 1.915029999999999857e-02
8.373739835000000298e-01 1.914643900000000121e-02 3.762200000000000266e-04 1.000000000000000000e+00 1.914079999999999948e-02 1.915340000000000098e-02
8.376531082000000517e-01 1.914939900000000098e-02 3.762740000000000095e-04 1.000000000000000000e+00 1.914379999999999901e-02 1.915649999999999992e-02
8.379323258999999968e-01 1.915227799999999828e-02 3.763279999999999924e-04 1.000000000000000000e+00 1.914679999999999854e-02 1.915949999999999945e-02
8.382116365999999763e-01 1.915505600000000017e-02 3.763799999999999980e-04 1.000000000000000000e+00 1.914980000000000154e-02 1.916259999999999838e-02
8.384910405000000067e-01 1.915769900000000026e-02 3.764300000000000263e-04 1.000000000000000000e+00 1.915270000000000167e-02 1.916560000000000138e-02
8.387705374999999686e-01 1.916015899999999952e-02 3.764770000000000074e-04 1.000000000000000000e+00 1.915559999999999832e-02 1.916860000000000092e-02
8.390501276999999813e-01 1.916239499999999873e-02 3.765199999999999797e-04 1.000000000000000000e+00 1.915839999999999904e-02 1.917140000000000163e-02
8.393298111000000450e-01 1.916438700000000148e-02 3.765600000000000132e-04 1.000000000000000000e+00 1.916090000000000154e-02 1.917400000000000007e-02
8.396095877000000485e-01 1.916614700000000143e-02 3.765950000000000222e-04 1.000000000000000000e+00 1.916330000000000117e-02 1.917630000000000029e-02
8.398894576000000001e-01 1.916772400000000057e-02 3.766260000000000224e-04 1.000000000000000000e+00 1.916529999999999970e-02 1.917850000000000110e-02
8.401694207000000025e-01 1.916919699999999893e-02 3.766539999999999754e-04 1.000000000000000000e+00 1.916719999999999882e-02 1.918040000000000023e-02
8.404494771999999614e-01 1.917065700000000067e-02 3.766800000000000053e-04 1.000000000000000000e+00 1.916889999999999913e-02 1.918210000000000054e-02
8.407296269999999794e-01 1.917217900000000100e-02 3.767040000000000037e-04 1.000000000000000000e+00 1.917050000000000004e-02 1.918370000000000145e-02
8.410098701999999538e-01 1.917380200000000021e-02 3.767280000000000021e-04 1.000000000000000000e+00 1.917200000000000154e-02 1.918529999999999888e-02
8.412902067999999955e-01 1.917550900000000030e-02 3.767539999999999778e-04 1.000000000000000000e+00 1.917359999999999898e-02 1.918689999999999979e-02
8.415706369000000020e-01 1.917723699999999976e-02 3.767810000000000234e-04 1.000000000000000000e+00 1.917519999999999988e-02 1.918850000000000069e-02
8.418511604999999731e-01 1.917888900000000105e-02 3.768080000000000149e-04 1.000000000000000000e+00 1.917670000000000138e-02 1.919010000000000160e-02
8.421317775000000116e-01 1.918037200000000109e-02 3.768360000000000221e-04 1.000000000000000000e+00 1.917819999999999941e-02 1.919159999999999963e-02
8.424124881000000231e-01 1.918163100000000107e-02 3.768639999999999751e-04 1.000000000000000000e+00 1.917960000000000151e-02 1.919300000000000173e-02
8.426932923000000075e-01 1.918266999999999889e-02 3.768910000000000207e-04 1.000000000000000000e+00 1.918069999999999845e-02 1.919430000000000094e-02
8.429741899999999566e-01 1.918355600000000091e-02 3.769169999999999964e-04 1.000000000000000000e+00 1.918179999999999885e-02 1.919529999999999847e-02
8.432551813999999979e-01 1.918440399999999865e-02 3.769420000000000106e-04 1.000000000000000000e+00 1.918270000000000045e-02 1.919629999999999947e-02
8.435362665000000204e-01 1.918533399999999833e-02 3.769670000000000247e-04 1.000000000000000000e+00 1.918359999999999857e-02 1.919730000000000047e-02
8.438174452000000159e-01 1.918643600000000116e-02 3.769919999999999847e-04 1.000000000000000000e+00 1.918459999999999957e-02 1.919830000000000148e-02
8.440987177000000008e-01 1.918774300000000016e-02 3.770180000000000146e-04 1.000000000000000000e+00 1.918579999999999938e-02 1.919960000000000069e-02
8.443800839999999752e-01 1.918921700000000147e-02 3.770460000000000218e-04 1.000000000000000000e+00 1.918720000000000148e-02 1.920099999999999932e-02
8.446615440000000419e-01 1.919077099999999883e-02 3.770730000000000132e-04 1.000000000000000000e+00 1.918869999999999951e-02 1.920250000000000082e-02
8.449430977999999870e-01 1.919229199999999969e-02 3.771010000000000204e-04 1.000000000000000000e+00 1.919020000000000101e-02 1.920410000000000172e-02
8.452247455000000409e-01 1.919368200000000010e-02 3.771289999999999734e-04 1.000000000000000000e+00 1.919169999999999904e-02 1.920559999999999976e-02
8.455064870999999815e-01 1.919487400000000066e-02 3.771550000000000033e-04 1.000000000000000000e+00 1.919320000000000054e-02 1.920710000000000126e-02
8.457883226000000310e-01 1.919583799999999979e-02 3.771790000000000017e-04 1.000000000000000000e+00 1.919440000000000035e-02 1.920840000000000047e-02
8.460702520999999754e-01 1.919656999999999961e-02 3.772010000000000228e-04 1.000000000000000000e+00 1.919540000000000135e-02 1.920950000000000088e-02
8.463522755000000286e-01 1.919707500000000094e-02 3.772210000000000125e-04 1.000000000000000000e+00 1.919629999999999947e-02 1.921029999999999960e-02
8.466343928999999768e-01 1.919735100000000139e-02 3.772380000000000091e-04 1.000000000000000000e+00 1.919679999999999997e-02 1.921089999999999950e-02
8.469166044000000504e-01 1.919738299999999842e-02 3.772529999999999742e-04 1.000000000000000000e+00 1.919720000000000107e-02 1.921130000000000060e-02
8.471989099000000190e-01 1.919716000000000131e-02 3.772669999999999778e-04 1.000000000000000000e+00 1.919720000000000107e-02 1.921140000000000000e-02
8.474813095000000018e-01 1.919667400000000038e-02 3.772779999999999884e-04 1.000000000000000000e+00 1.919689999999999938e-02 1.921109999999999832e-02
8.477638033000000073e-01 1.919593699999999972e-02 3.772879999999999832e-04 1.000000000000000000e+00 1.919629999999999947e-02 1.921060000000000129e-02
8.480463912000000271e-01 1.919497599999999901e-02 3.772979999999999780e-04 1.000000000000000000e+00 1.919550000000000076e-02 1.920979999999999910e-02
8.483290733999999667e-01 1.919382199999999927e-02 3.773059999999999956e-04 1.000000000000000000e+00 1.919440000000000035e-02 1.920880000000000157e-02
8.486118497000000316e-01 1.919249699999999934e-02 3.773149999999999746e-04 1.000000000000000000e+00 1.919310000000000113e-02 1.920749999999999888e-02
8.488947203000000163e-01 1.919101399999999930e-02 3.773229999999999922e-04 1.000000000000000000e+00 1.919169999999999904e-02 1.920610000000000026e-02
8.491776852000000320e-01 1.918936799999999832e-02 3.773310000000000097e-04 1.000000000000000000e+00 1.919010000000000160e-02 1.920459999999999876e-02
8.494607444999999757e-01 1.918755899999999986e-02 3.773380000000000115e-04 1.000000000000000000e+00 1.918829999999999841e-02 1.920289999999999844e-02
8.497438980999999503e-01 1.918560199999999952e-02 3.773450000000000133e-04 1.000000000000000000e+00 1.918649999999999869e-02 1.920109999999999872e-02
8.500271459999999557e-01 1.918354800000000165e-02 3.773509999999999994e-04 1.000000000000000000e+00 1.918450000000000016e-02 1.919919999999999960e-02
8.503104884000000085e-01 1.918148700000000054e-02 3.773569999999999854e-04 1.000000000000000000e+00 1.918250000000000163e-02 1.919720000000000107e-02
8.505939251999999895e-01 1.917954300000000029e-02 3.773630000000000257e-04 1.000000000000000000e+00 1.918059999999999904e-02 1.919529999999999847e-02
8.508774565000000178e-01 1.917785099999999923e-02 3.773690000000000117e-04 1.000000000000000000e+00 1.917879999999999932e-02 1.919360000000000163e-02
8.511610823999999909e-01 1.917652900000000118e-02 3.773760000000000135e-04 1.000000000000000000e+00 1.917719999999999841e-02 1.919210000000000013e-02
8.514448027000000030e-01 1.917564600000000105e-02 3.773849999999999926e-04 1.000000000000000000e+00 1.917610000000000148e-02 1.919099999999999973e-02
8.517286176999999681e-01 1.917520699999999967e-02 3.773960000000000032e-04 1.000000000000000000e+00 1.917529999999999929e-02 1.919030000000000041e-02
8.520125271999999805e-01 1.917515100000000139e-02 3.774100000000000068e-04 1.000000000000000000e+00 1.917500000000000107e-02 1.918999999999999873e-02
8.522965313999999459e-01 1.917536800000000166e-02 3.774250000000000261e-04 1.000000000000000000e+00 1.917500000000000107e-02 1.918999999999999873e-02
8.525806301999999670e-01 1.917573100000000141e-02 3.774420000000000227e-04 1.000000000000000000e+00 1.917510000000000048e-02 1.919020000000000101e-02
8.528648237999999493e-01 1.917612399999999925e-02 3.774609999999999966e-04 1.000000000000000000e+00 1.917539999999999870e-02 1.919049999999999923e-02
8.531491119999999873e-01 1.917647199999999996e-02 3.774800000000000247e-04 1.000000000000000000e+00 1.917570000000000038e-02 1.919080000000000091e-02
8.534334950999999947e-01 1.917674299999999957e-02 3.775000000000000144e-04 1.000000000000000000e+00 1.917589999999999920e-02 1.919109999999999913e-02
8.537179728999999551e-01 1.917694699999999974e-02 3.775200000000000040e-04 1.000000000000000000e+00 1.917599999999999860e-02 1.919130000000000141e-02
8.540025455999999959e-01 1.917710499999999985e-02 3.775410000000000094e-04 1.000000000000000000e+00 1.917610000000000148e-02 1.919140000000000082e-02
8.542872130999999980e-01 1.917723600000000028e-02 3.775629999999999763e-04 1.000000000000000000e+00 1.917610000000000148e-02 1.919150000000000023e-02
8.545719754999999695e-01 1.917732999999999938e-02 3.775849999999999975e-04 1.000000000000000000e+00 1.917610000000000148e-02 1.919150000000000023e-02
8.548568328000000216e-01 1.917734899999999978e-02 3.776089999999999959e-04 1.000000000000000000e+00 1.917599999999999860e-02 1.919150000000000023e-02
8.551417851000000514e-01 1.917723699999999976e-02 3.776340000000000100e-04 1.000000000000000000e+00 1.917579999999999979e-02 1.919130000000000141e-02
8.554268323000000507e-01 1.917693599999999859e-02 3.776590000000000242e-04 1.000000000000000000e+00 1.917550000000000157e-02 1.919099999999999973e-02
8.557119746000000360e-01 1.917641200000000032e-02 3.776839999999999841e-04 1.000000000000000000e+00 1.917490000000000167e-02 1.919059999999999863e-02
8.559972118999999990e-01 1.917566700000000041e-02 3.777089999999999983e-04 1.000000000000000000e+00 1.917419999999999888e-02 1.918989999999999932e-02
8.562825442999999481e-01 1.917474699999999893e-02 3.777340000000000125e-04 1.000000000000000000e+00 1.917330000000000076e-02 1.918910000000000060e-02
8.565679719000000025e-01 1.917372900000000047e-02 3.777590000000000266e-04 1.000000000000000000e+00 1.917239999999999917e-02 1.918819999999999901e-02
8.568534945000000347e-01 1.917271200000000148e-02 3.777839999999999866e-04 1.000000000000000000e+00 1.917140000000000163e-02 1.918720000000000148e-02
8.571391123999999584e-01 1.917179200000000000e-02 3.778079999999999850e-04 1.000000000000000000e+00 1.917050000000000004e-02 1.918639999999999929e-02
8.574248253999999791e-01 1.917104700000000009e-02 3.778329999999999991e-04 1.000000000000000000e+00 1.916970000000000132e-02 1.918569999999999998e-02
8.577106337000000025e-01 1.917053399999999949e-02 3.778569999999999976e-04 1.000000000000000000e+00 1.916920000000000082e-02 1.918519999999999948e-02
8.579965372000000201e-01 1.917028100000000082e-02 3.778820000000000117e-04 1.000000000000000000e+00 1.916889999999999913e-02 1.918500000000000066e-02
8.582825361000000486e-01 1.917029699999999934e-02 3.779070000000000259e-04 1.000000000000000000e+00 1.916889999999999913e-02 1.918510000000000007e-02
8.585686301999999603e-01 1.917057200000000031e-02 3.779310000000000243e-04 1.000000000000000000e+00 1.916920000000000082e-02 1.918539999999999829e-02
8.588548198000000022e-01 1.917108500000000090e-02 3.779559999999999842e-04 1.000000000000000000e+00 1.916970000000000132e-02 1.918600000000000166e-02
8.591411047000000467e-01 1.917180099999999873e-02 3.779809999999999984e-04 1.000000000000000000e+00 1.917050000000000004e-02 1.918680000000000038e-02
8.594274850999999993e-01 1.917267300000000119e-02 3.780049999999999968e-04 1.000000000000000000e+00 1.917140000000000163e-02 1.918769999999999851e-02
8.597139608999999627e-01 1.917364300000000063e-02 3.780289999999999952e-04 1.000000000000000000e+00 1.917239999999999917e-02 1.918869999999999951e-02
8.600005321999999452e-01 1.917464799999999900e-02 3.780529999999999937e-04 1.000000000000000000e+00 1.917340000000000017e-02 1.918979999999999991e-02
8.602871990999999552e-01 1.917562700000000064e-02 3.780769999999999921e-04 1.000000000000000000e+00 1.917440000000000117e-02 1.919090000000000032e-02
8.605739614999999842e-01 1.917652599999999929e-02 3.781009999999999905e-04 1.000000000000000000e+00 1.917539999999999870e-02 1.919190000000000132e-02
8.608608195000000407e-01 1.917730299999999971e-02 3.781239999999999732e-04 1.000000000000000000e+00 1.917620000000000088e-02 1.919270000000000004e-02
8.611477731000000135e-01 1.917792600000000139e-02 3.781470000000000100e-04 1.000000000000000000e+00 1.917690000000000020e-02 1.919339999999999935e-02
8.614348223000000138e-01 1.917837199999999909e-02 3.781699999999999927e-04 1.000000000000000000e+00 1.917730000000000129e-02 1.919389999999999985e-02
8.617219672999999469e-01 1.917862299999999881e-02 3.781920000000000138e-04 1.000000000000000000e+00 1.917759999999999951e-02 1.919420000000000154e-02
8.620092079000000185e-01 1.917866699999999994e-02 3.782149999999999965e-04 1.000000000000000000e+00 1.917759999999999951e-02 1.919430000000000094e-02
8.622965443000000230e-01 1.917850700000000089e-02 3.782389999999999949e-04 1.000000000000000000e+00 1.917740000000000070e-02 1.919420000000000154e-02
8.625839764999999604e-01 1.917816199999999860e-02 3.782619999999999776e-04 1.000000000000000000e+00 1.917709999999999901e-02 1.919389999999999985e-02
8.628715045000000528e-01 1.917767500000000166e-02 3.782859999999999760e-04 1.000000000000000000e+00 1.917649999999999910e-02 1.919339999999999935e-02
8.631591282999999670e-01 1.917710699999999879e-02 3.783099999999999744e-04 1.000000000000000000e+00 1.917589999999999920e-02 1.919289999999999885e-02
8.634468480000000445e-01 1.917652300000000087e-02 3.783340000000000270e-04 1.000000000000000000e+00 1.917529999999999929e-02 1.919229999999999894e-02
8.637346636999999605e-01 1.917598400000000008e-02 3.783580000000000255e-04 1.000000000000000000e+00 1.917479999999999879e-02 1.919190000000000132e-02
8.640225752000000314e-01 1.917552900000000018e-02 3.783829999999999854e-04 1.000000000000000000e+00 1.917440000000000117e-02 1.919150000000000023e-02
8.643105827000000518e-01 1.917517300000000022e-02 3.784069999999999838e-04 1.000000000000000000e+00 1.917409999999999948e-02 1.919119999999999854e-02
8.645986863000000300e-01 1.917490999999999987e-02 3.784300000000000207e-04 1.000000000000000000e+00 1.917390000000000067e-02 1.919109999999999913e-02
8.648868857999999493e-01 1.917472300000000116e-02 3.784530000000000034e-04 1.000000000000000000e+00 1.917369999999999838e-02 1.919099999999999973e-02
8.651751814999999457e-01 1.917459999999999998e-02 3.784759999999999860e-04 1.000000000000000000e+00 1.917359999999999898e-02 1.919090000000000032e-02
8.654635732000000026e-01 1.917453800000000139e-02 3.784990000000000229e-04 1.000000000000000000e+00 1.917359999999999898e-02 1.919099999999999973e-02
8.657520610000000172e-01 1.917455100000000148e-02 3.785209999999999898e-04 1.000000000000000000e+00 1.917369999999999838e-02 1.919109999999999913e-02
8.660406451000000061e-01 1.917465900000000015e-02 3.785440000000000267e-04 1.000000000000000000e+00 1.917380000000000126e-02 1.919119999999999854e-02
8.663293252999999527e-01 1.917487899999999884e-02 3.785659999999999937e-04 1.000000000000000000e+00 1.917400000000000007e-02 1.919150000000000023e-02
8.666181016999999764e-01 1.917520899999999862e-02 3.785880000000000148e-04 1.000000000000000000e+00 1.917429999999999829e-02 1.919190000000000132e-02
8.669069743999999744e-01 1.917562500000000170e-02 3.786099999999999817e-04 1.000000000000000000e+00 1.917479999999999879e-02 1.919239999999999835e-02
8.671959433999999467e-01 1.917608300000000002e-02 3.786330000000000186e-04 1.000000000000000000e+00 1.917519999999999988e-02 1.919289999999999885e-02
8.674850087000000043e-01 1.917652400000000035e-02 3.786549999999999855e-04 1.000000000000000000e+00 1.917570000000000038e-02 1.919339999999999935e-02
8.677741704000000444e-01 1.917689499999999936e-02 3.786770000000000067e-04 1.000000000000000000e+00 1.917610000000000148e-02 1.919380000000000044e-02
8.680634284999999561e-01 1.917715799999999970e-02 3.786989999999999736e-04 1.000000000000000000e+00 1.917639999999999970e-02 1.919409999999999866e-02
8.683527828999999532e-01 1.917730100000000076e-02 3.787199999999999790e-04 1.000000000000000000e+00 1.917659999999999851e-02 1.919440000000000035e-02
8.686422338999999493e-01 1.917733799999999864e-02 3.787420000000000001e-04 1.000000000000000000e+00 1.917659999999999851e-02 1.919449999999999976e-02
8.689317813000000390e-01 1.917730399999999918e-02 3.787630000000000055e-04 1.000000000000000000e+00 1.917659999999999851e-02 1.919449999999999976e-02
8.692214252000000085e-01 1.917723699999999976e-02 3.787850000000000266e-04 1.000000000000000000e+00 1.917659999999999851e-02 1.919449999999999976e-02
8.695111656999999772e-01 1.917717199999999927e-02 3.788059999999999778e-04 1.000000000000000000e+00 1.917649999999999910e-02 1.919449999999999976e-02
8.698010027000000477e-01 1.917712499999999973e-02 3.788269999999999832e-04 1.000000000000000000e+00 1.917649999999999910e-02 1.919449999999999976e-02
8.700909364000000146e-01 1.917709600000000111e-02 3.788479999999999886e-04 1.000000000000000000e+00 1.917639999999999970e-02 1.919449999999999976e-02
8.703809666999999806e-01 1.917706500000000008e-02 3.788700000000000097e-04 1.000000000000000000e+00 1.917639999999999970e-02 1.919459999999999916e-02
8.706710936999999539e-01 1.917700300000000149e-02 3.788910000000000151e-04 1.000000000000000000e+00 1.917639999999999970e-02 1.919459999999999916e-02
8.709613174000000457e-01 1.917687900000000084e-02 3.789120000000000205e-04 1.000000000000000000e+00 1.917620000000000088e-02 1.919449999999999976e-02
8.712516378000000339e-01 1.917666900000000035e-02 3.789339999999999874e-04 1.000000000000000000e+00 1.917599999999999860e-02 1.919430000000000094e-02
8.715420550000000377e-01 1.917636299999999835e-02 3.789549999999999928e-04 1.000000000000000000e+00 1.917570000000000038e-02 1.919399999999999926e-02
8.718325690999999544e-01 1.917597099999999999e-02 3.789770000000000139e-04 1.000000000000000000e+00 1.917529999999999929e-02 1.919370000000000104e-02
8.721231798999999896e-01 1.917551699999999956e-02 3.789989999999999809e-04 1.000000000000000000e+00 1.917479999999999879e-02 1.919329999999999994e-02
8.724138876000000486e-01 1.917503200000000158e-02 3.790210000000000020e-04 1.000000000000000000e+00 1.917440000000000117e-02 1.919289999999999885e-02
8.727046923000000289e-01 1.917454700000000012e-02 3.790430000000000231e-04 1.000000000000000000e+00 1.917390000000000067e-02 1.919250000000000123e-02
8.729955938000000248e-01 1.917408500000000043e-02 3.790639999999999743e-04 1.000000000000000000e+00 1.917349999999999957e-02 1.919210000000000013e-02
8.732865923999999502e-01 1.917365299999999884e-02 3.790859999999999955e-04 1.000000000000000000e+00 1.917309999999999848e-02 1.919169999999999904e-02
8.735776879000000106e-01 1.917324600000000143e-02 3.791070000000000008e-04 1.000000000000000000e+00 1.917270000000000085e-02 1.919140000000000082e-02
8.738688805000000004e-01 1.917284500000000086e-02 3.791280000000000062e-04 1.000000000000000000e+00 1.917229999999999976e-02 1.919109999999999913e-02
8.741601701000000224e-01 1.917242300000000094e-02 3.791479999999999959e-04 1.000000000000000000e+00 1.917200000000000154e-02 1.919080000000000091e-02
8.744515567999999739e-01 1.917195299999999852e-02 3.791690000000000013e-04 1.000000000000000000e+00 1.917150000000000104e-02 1.919039999999999982e-02
8.747430406999999741e-01 1.917140700000000142e-02 3.791889999999999909e-04 1.000000000000000000e+00 1.917100000000000054e-02 1.918989999999999932e-02
8.750346217000000149e-01 1.917077099999999965e-02 3.792089999999999806e-04 1.000000000000000000e+00 1.917040000000000063e-02 1.918939999999999882e-02
8.753262998999999933e-01 1.917004300000000119e-02 3.792290000000000244e-04 1.000000000000000000e+00 1.916970000000000132e-02 1.918869999999999951e-02
8.756180753000000205e-01 1.916924000000000058e-02 3.792490000000000141e-04 1.000000000000000000e+00 1.916889999999999913e-02 1.918800000000000019e-02
8.759099479999999938e-01 1.916840300000000052e-02 3.792690000000000037e-04 1.000000000000000000e+00 1.916810000000000042e-02 1.918720000000000148e-02
8.762019180000000240e-01 1.916758600000000035e-02 3.792879999999999776e-04 1.000000000000000000e+00 1.916730000000000170e-02 1.918649999999999869e-02
8.764939853000000003e-01 1.916685400000000053e-02 3.793080000000000214e-04 1.000000000000000000e+00 1.916659999999999892e-02 1.918589999999999879e-02
8.767861500000000419e-01 1.916626299999999936e-02 3.793269999999999953e-04 1.000000000000000000e+00 1.916609999999999842e-02 1.918529999999999888e-02
8.770784120000000295e-01 1.916585200000000058e-02 3.793460000000000235e-04 1.000000000000000000e+00 1.916570000000000079e-02 1.918500000000000066e-02
8.773707714999999796e-01 1.916562399999999916e-02 3.793639999999999816e-04 1.000000000000000000e+00 1.916549999999999851e-02 1.918490000000000126e-02
8.776632283999999951e-01 1.916554599999999858e-02 3.793830000000000097e-04 1.000000000000000000e+00 1.916539999999999910e-02 1.918490000000000126e-02
8.779557827999999731e-01 1.916554800000000100e-02 3.794010000000000221e-04 1.000000000000000000e+00 1.916549999999999851e-02 1.918490000000000126e-02
8.782484347000000247e-01 1.916554100000000121e-02 3.794189999999999802e-04 1.000000000000000000e+00 1.916549999999999851e-02 1.918500000000000066e-02
8.785411842000000471e-01 1.916543600000000097e-02 3.794359999999999769e-04 1.000000000000000000e+00 1.916549999999999851e-02 1.918500000000000066e-02
8.788340313000000403e-01 1.916515699999999864e-02 3.794529999999999735e-04 1.000000000000000000e+00 1.916529999999999970e-02 1.918479999999999838e-02
8.791269760000000044e-01 1.916465900000000055e-02 3.794700000000000243e-04 1.000000000000000000e+00 1.916489999999999860e-02 1.918450000000000016e-02
8.794200183000000504e-01 1.916392700000000074e-02 3.794860000000000052e-04 1.000000000000000000e+00 1.916429999999999870e-02 1.918390000000000026e-02
8.797131582999999644e-01 1.916297900000000012e-02 3.795010000000000245e-04 1.000000000000000000e+00 1.916340000000000057e-02 1.918320000000000095e-02
8.800063959999999685e-01 1.916184900000000163e-02 3.795149999999999739e-04 1.000000000000000000e+00 1.916239999999999957e-02 1.918219999999999995e-02
8.802997314999999601e-01 1.916058600000000028e-02 3.795280000000000160e-04 1.000000000000000000e+00 1.916129999999999917e-02 1.918109999999999954e-02
8.805931647000000417e-01 1.915923900000000152e-02 3.795399999999999881e-04 1.000000000000000000e+00 1.916009999999999935e-02 1.917999999999999913e-02
8.808866958000000080e-01 1.915786300000000067e-02 3.795520000000000144e-04 1.000000000000000000e+00 1.915880000000000014e-02 1.917869999999999991e-02
8.811803246999999617e-01 1.915650899999999865e-02 3.795630000000000249e-04 1.000000000000000000e+00 1.915750000000000092e-02 1.917750000000000010e-02
8.814740515000000221e-01 1.915522799999999984e-02 3.795730000000000198e-04 1.000000000000000000e+00 1.915620000000000170e-02 1.917630000000000029e-02
8.817678760999999588e-01 1.915406299999999895e-02 3.795839999999999761e-04 1.000000000000000000e+00 1.915499999999999842e-02 1.917510000000000048e-02
8.820617988000000187e-01 1.915304500000000049e-02 3.795960000000000024e-04 1.000000000000000000e+00 1.915390000000000148e-02 1.917400000000000007e-02
8.823558193999999633e-01 1.915218700000000107e-02 3.796079999999999745e-04 1.000000000000000000e+00 1.915290000000000048e-02 1.917309999999999848e-02
8.826499380000000228e-01 1.915148399999999987e-02 3.796210000000000166e-04 1.000000000000000000e+00 1.915209999999999829e-02 1.917229999999999976e-02
8.829441545999999752e-01 1.915090900000000068e-02 3.796359999999999817e-04 1.000000000000000000e+00 1.915129999999999957e-02 1.917160000000000045e-02
8.832384693000000508e-01 1.915042600000000164e-02 3.796520000000000168e-04 1.000000000000000000e+00 1.915069999999999967e-02 1.917100000000000054e-02
8.835328822000000359e-01 1.914999200000000110e-02 3.796679999999999977e-04 1.000000000000000000e+00 1.915019999999999917e-02 1.917059999999999945e-02
8.838273931000000250e-01 1.914957399999999907e-02 3.796849999999999943e-04 1.000000000000000000e+00 1.914980000000000154e-02 1.917019999999999835e-02
8.841220022000000345e-01 1.914915199999999915e-02 3.797009999999999752e-04 1.000000000000000000e+00 1.914949999999999986e-02 1.916999999999999954e-02
8.844167095999999617e-01 1.914873599999999954e-02 3.797159999999999945e-04 1.000000000000000000e+00 1.914930000000000104e-02 1.916980000000000073e-02
8.847115151000000122e-01 1.914835800000000074e-02 3.797299999999999981e-04 1.000000000000000000e+00 1.914909999999999876e-02 1.916959999999999845e-02
8.850064189999999886e-01 1.914807899999999841e-02 3.797420000000000244e-04 1.000000000000000000e+00 1.914899999999999936e-02 1.916959999999999845e-02
8.853014210999999856e-01 1.914796599999999890e-02 3.797529999999999808e-04 1.000000000000000000e+00 1.914909999999999876e-02 1.916959999999999845e-02
8.855965216000000195e-01 1.914808700000000113e-02 3.797639999999999913e-04 1.000000000000000000e+00 1.914920000000000164e-02 1.916990000000000013e-02
8.858917203999999712e-01 1.914849100000000012e-02 3.797739999999999862e-04 1.000000000000000000e+00 1.914959999999999926e-02 1.917030000000000123e-02
8.861870176999999682e-01 1.914920100000000111e-02 3.797839999999999810e-04 1.000000000000000000e+00 1.915019999999999917e-02 1.917090000000000113e-02
8.864824134000000022e-01 1.915022099999999852e-02 3.797960000000000073e-04 1.000000000000000000e+00 1.915100000000000136e-02 1.917169999999999985e-02
8.867779074999999622e-01 1.915154000000000162e-02 3.798100000000000109e-04 1.000000000000000000e+00 1.915209999999999829e-02 1.917280000000000026e-02
8.870735000999999675e-01 1.915314499999999989e-02 3.798249999999999760e-04 1.000000000000000000e+00 1.915340000000000098e-02 1.917419999999999888e-02
8.873691913000000264e-01 1.915503099999999945e-02 3.798420000000000268e-04 1.000000000000000000e+00 1.915510000000000129e-02 1.917579999999999979e-02
8.876649810000000196e-01 1.915720599999999954e-02 3.798620000000000165e-04 1.000000000000000000e+00 1.915700000000000042e-02 1.917769999999999891e-02
8.879608693999999636e-01 1.915969500000000089e-02 3.798820000000000061e-04 1.000000000000000000e+00 1.915930000000000064e-02 1.917999999999999913e-02
8.882568562999999529e-01 1.916254300000000063e-02 3.799049999999999888e-04 1.000000000000000000e+00 1.916199999999999848e-02 1.918270000000000045e-02
8.885529419000000040e-01 1.916582199999999903e-02 3.799270000000000099e-04 1.000000000000000000e+00 1.916520000000000029e-02 1.918600000000000166e-02
8.888491262000000059e-01 1.916963400000000137e-02 3.799499999999999926e-04 1.000000000000000000e+00 1.916910000000000142e-02 1.918979999999999991e-02
8.891454092999999670e-01 1.917410300000000137e-02 3.799720000000000137e-04 1.000000000000000000e+00 1.917380000000000126e-02 1.919440000000000035e-02
8.894417910999999899e-01 1.917934300000000147e-02 3.799909999999999876e-04 1.000000000000000000e+00 1.917939999999999923e-02 1.919999999999999832e-02
8.897382716999999719e-01 1.918540399999999965e-02 3.800070000000000227e-04 1.000000000000000000e+00 1.918589999999999879e-02 1.920639999999999847e-02
8.900348511000000240e-01 1.919220799999999880e-02 3.800189999999999948e-04 1.000000000000000000e+00 1.919339999999999935e-02 1.921379999999999963e-02
8.903315294000000435e-01 1.919947500000000057e-02 3.800249999999999809e-04 1.000000000000000000e+00 1.920159999999999922e-02 1.922180000000000069e-02
8.906283066000000304e-01 1.920668999999999849e-02 3.800230000000000036e-04 1.000000000000000000e+00 1.920989999999999850e-02 1.923009999999999997e-02
8.909251826999999846e-01 1.921311499999999936e-02 3.800119999999999930e-04 1.000000000000000000e+00 1.921780000000000016e-02 1.923769999999999994e-02
8.912221577000000172e-01 1.921785499999999897e-02 3.799890000000000104e-04 1.000000000000000000e+00 1.922420000000000032e-02 1.924400000000000069e-02
8.915192318000000338e-01 1.921995799999999879e-02 3.799520000000000241e-04 1.000000000000000000e+00 1.922830000000000025e-02 1.924800000000000122e-02
8.918164049000000260e-01 1.921854300000000113e-02 3.799009999999999800e-04 1.000000000000000000e+00 1.922909999999999897e-02 1.924860000000000113e-02
8.921136769999999938e-01 1.921289400000000119e-02 3.798329999999999936e-04 1.000000000000000000e+00 1.922590000000000063e-02 1.924529999999999991e-02
8.924110481999999456e-01 1.920250100000000029e-02 3.797469999999999947e-04 1.000000000000000000e+00 1.921820000000000125e-02 1.923760000000000053e-02
8.927085186000000006e-01 1.918706699999999862e-02 3.796410000000000062e-04 1.000000000000000000e+00 1.920579999999999857e-02 1.922520000000000132e-02
8.930060881000000395e-01 1.916643499999999903e-02 3.795110000000000193e-04 1.000000000000000000e+00 1.918869999999999951e-02 1.920809999999999879e-02
8.933037567999999595e-01 1.914056199999999985e-02 3.793530000000000253e-04 1.000000000000000000e+00 1.916690000000000060e-02 1.918649999999999869e-02
8.936015246999999828e-01 1.910948200000000055e-02 3.791619999999999995e-04 1.000000000000000000e+00 1.914070000000000008e-02 1.916040000000000104e-02
8.938993919000000066e-01 1.907332499999999861e-02 3.789330000000000259e-04 1.000000000000000000e+00 1.911010000000000139e-02 1.912989999999999829e-02
8.941973583000000225e-01 1.903237699999999963e-02 3.786610000000000258e-04 1.000000000000000000e+00 1.907529999999999989e-02 1.909519999999999967e-02
8.944954241000000472e-01 1.898714699999999936e-02 3.783419999999999904e-04 1.000000000000000000e+00 1.903639999999999846e-02 1.905640000000000112e-02
8.947935892999999696e-01 1.893838200000000013e-02 3.779759999999999739e-04 1.000000000000000000e+00 1.899380000000000165e-02 1.901380000000000084e-02
8.950918538000000035e-01 1.888701300000000111e-02 3.775660000000000236e-04 1.000000000000000000e+00 1.894790000000000016e-02 1.896799999999999875e-02
8.953902177000000462e-01 1.883402600000000024e-02 3.771180000000000170e-04 1.000000000000000000e+00 1.889949999999999963e-02 1.891960000000000169e-02
8.956886810999999948e-01 1.878024999999999833e-02 3.766390000000000102e-04 1.000000000000000000e+00 1.884919999999999998e-02 1.886929999999999857e-02
8.959872439999999605e-01 1.872614100000000170e-02 3.761370000000000208e-04 1.000000000000000000e+00 1.879760000000000111e-02 1.881769999999999970e-02
8.962859064999999514e-01 1.867166500000000048e-02 3.756179999999999805e-04 1.000000000000000000e+00 1.874510000000000065e-02 1.876509999999999984e-02
8.965846683999999511e-01 1.861632400000000007e-02 3.750839999999999752e-04 1.000000000000000000e+00 1.869159999999999919e-02 1.871159999999999837e-02
8.968835299999999844e-01 1.855946400000000121e-02 3.745350000000000046e-04 1.000000000000000000e+00 1.863679999999999851e-02 1.865669999999999829e-02
8.971824912000000429e-01 1.850078700000000118e-02 3.739689999999999833e-04 1.000000000000000000e+00 1.858020000000000158e-02 1.860010000000000135e-02
8.974815520000000157e-01 1.844093200000000016e-02 3.733890000000000126e-04 1.000000000000000000e+00 1.852180000000000146e-02 1.854159999999999836e-02
8.977807125000000221e-01 1.838189000000000142e-02 3.728030000000000016e-04 1.000000000000000000e+00 1.846230000000000093e-02 1.848210000000000131e-02
8.980799726999999510e-01 1.832698699999999944e-02 3.722309999999999942e-04 1.000000000000000000e+00 1.840359999999999913e-02 1.842339999999999950e-02
8.983793327000000328e-01 1.828033100000000036e-02 3.717020000000000133e-04 1.000000000000000000e+00 1.834869999999999904e-02 1.836849999999999941e-02
8.986787925000000454e-01 1.824581800000000045e-02 3.712529999999999910e-04 1.000000000000000000e+00 1.830110000000000070e-02 1.832090000000000107e-02
8.989783520999999888e-01 1.822603000000000070e-02 3.709179999999999747e-04 1.000000000000000000e+00 1.826430000000000067e-02 1.828410000000000105e-02
8.992780115999999824e-01 1.822145199999999909e-02 3.707189999999999856e-04 1.000000000000000000e+00 1.824059999999999918e-02 1.826049999999999895e-02
8.995777709000000177e-01 1.823031699999999936e-02 3.706650000000000027e-04 1.000000000000000000e+00 1.823090000000000127e-02 1.825080000000000105e-02
8.998776302000000005e-01 1.824919800000000120e-02 3.707420000000000225e-04 1.000000000000000000e+00 1.823390000000000080e-02 1.825399999999999939e-02
9.001775894000000333e-01 1.827409199999999873e-02 3.709240000000000150e-04 1.000000000000000000e+00 1.824709999999999874e-02 1.826730000000000020e-02
9.004776486000000135e-01 1.830165200000000159e-02 3.711769999999999870e-04 1.000000000000000000e+00 1.826739999999999961e-02 1.828770000000000048e-02
9.007778078000000521e-01 1.833010900000000068e-02 3.714720000000000240e-04 1.000000000000000000e+00 1.829180000000000042e-02 1.831220000000000070e-02
9.010780670000000381e-01 1.835959300000000044e-02 3.717920000000000209e-04 1.000000000000000000e+00 1.831860000000000085e-02 1.833919999999999995e-02
9.013784263999999880e-01 1.839181900000000022e-02 3.721320000000000075e-04 1.000000000000000000e+00 1.834749999999999923e-02 1.836830000000000060e-02
9.016788859000000045e-01 1.842922500000000047e-02 3.725029999999999943e-04 1.000000000000000000e+00 1.837969999999999882e-02 1.840050000000000019e-02
9.019794454999999767e-01 1.847389099999999923e-02 3.729229999999999936e-04 1.000000000000000000e+00 1.841670000000000113e-02 1.843770000000000131e-02
9.022801053000000238e-01 1.852656899999999968e-02 3.734049999999999934e-04 1.000000000000000000e+00 1.846010000000000012e-02 1.848129999999999912e-02
9.025808654000000431e-01 1.858611099999999891e-02 3.739580000000000269e-04 1.000000000000000000e+00 1.851049999999999918e-02 1.853190000000000046e-02
9.028817256000000180e-01 1.864942099999999936e-02 3.745700000000000136e-04 1.000000000000000000e+00 1.856709999999999958e-02 1.858860000000000026e-02
9.031826861999999734e-01 1.871195800000000076e-02 3.752159999999999935e-04 1.000000000000000000e+00 1.862729999999999941e-02 1.864899999999999891e-02
9.034837471000000120e-01 1.876855399999999979e-02 3.758580000000000189e-04 1.000000000000000000e+00 1.868739999999999984e-02 1.870919999999999875e-02
9.037849084000000310e-01 1.881433199999999958e-02 3.764509999999999775e-04 1.000000000000000000e+00 1.874280000000000043e-02 1.876480000000000162e-02
9.040861700000000223e-01 1.884544700000000128e-02 3.769509999999999896e-04 1.000000000000000000e+00 1.878919999999999896e-02 1.881129999999999955e-02
9.043875321000000023e-01 1.885952999999999935e-02 3.773210000000000149e-04 1.000000000000000000e+00 1.882290000000000005e-02 1.884510000000000005e-02
9.046889945999999627e-01 1.885580599999999926e-02 3.775350000000000233e-04 1.000000000000000000e+00 1.884129999999999833e-02 1.886360000000000120e-02
9.049905576000000229e-01 1.883499500000000021e-02 3.775820000000000044e-04 1.000000000000000000e+00 1.884320000000000092e-02 1.886559999999999973e-02
9.052922210999999608e-01 1.879911100000000029e-02 3.774639999999999896e-04 1.000000000000000000e+00 1.882879999999999970e-02 1.885130000000000139e-02
9.055939852000000068e-01 1.875122699999999878e-02 3.771970000000000140e-04 1.000000000000000000e+00 1.879969999999999905e-02 1.882210000000000133e-02
9.058958498000000414e-01 1.869523799999999944e-02 3.768040000000000061e-04 1.000000000000000000e+00 1.875819999999999918e-02 1.878060000000000146e-02
9.061978150999999704e-01 1.863557600000000092e-02 3.763220000000000063e-04 1.000000000000000000e+00 1.870789999999999953e-02 1.873029999999999834e-02
9.064998810000000073e-01 1.857682299999999925e-02 3.757909999999999940e-04 1.000000000000000000e+00 1.865270000000000122e-02 1.867510000000000003e-02
9.068020476999999469e-01 1.852325499999999889e-02 3.752520000000000183e-04 1.000000000000000000e+00 1.859699999999999895e-02 1.861940000000000123e-02
9.071043149999999944e-01 1.847836500000000007e-02 3.747479999999999973e-04 1.000000000000000000e+00 1.854489999999999958e-02 1.856719999999999898e-02
9.074066831000000555e-01 1.844450300000000098e-02 3.743120000000000171e-04 1.000000000000000000e+00 1.849970000000000087e-02 1.852200000000000027e-02
9.077091520000000191e-01 1.842267900000000083e-02 3.739710000000000148e-04 1.000000000000000000e+00 1.846400000000000124e-02 1.848630000000000065e-02
9.080117216999999963e-01 1.841263400000000064e-02 3.737370000000000167e-04 1.000000000000000000e+00 1.843919999999999934e-02 1.846139999999999934e-02
9.083143922999999953e-01 1.841308100000000128e-02 3.736139999999999774e-04 1.000000000000000000e+00 1.842529999999999862e-02 1.844760000000000150e-02
9.086171638000000161e-01 1.842208799999999966e-02 3.735909999999999947e-04 1.000000000000000000e+00 1.842159999999999978e-02 1.844389999999999918e-02
9.089200361999999478e-01 1.843745700000000085e-02 3.736559999999999881e-04 1.000000000000000000e+00 1.842660000000000131e-02 1.844900000000000012e-02
9.092230095000000123e-01 1.845701900000000159e-02 3.737880000000000065e-04 1.000000000000000000e+00 1.843850000000000003e-02 1.846089999999999884e-02
9.095260837999999959e-01 1.847876799999999958e-02 3.739670000000000060e-04 1.000000000000000000e+00 1.845540000000000028e-02 1.847779999999999909e-02
9.098292592000000178e-01 1.850084499999999840e-02 3.741729999999999969e-04 1.000000000000000000e+00 1.847510000000000124e-02 1.849759999999999946e-02
9.101325355999999589e-01 1.852145499999999917e-02 3.743870000000000054e-04 1.000000000000000000e+00 1.849610000000000143e-02 1.851859999999999964e-02
9.104359131000000493e-01 1.853879400000000080e-02 3.745889999999999875e-04 1.000000000000000000e+00 1.851629999999999943e-02 1.853880000000000111e-02
9.107393917999999644e-01 1.855113699999999879e-02 3.747600000000000237e-04 1.000000000000000000e+00 1.853410000000000127e-02 1.855659999999999948e-02
9.110429716000000289e-01 1.855711399999999955e-02 3.748819999999999930e-04 1.000000000000000000e+00 1.854760000000000089e-02 1.857009999999999911e-02
9.113466526000000290e-01 1.855610800000000171e-02 3.749420000000000162e-04 1.000000000000000000e+00 1.855559999999999848e-02 1.857800000000000076e-02
9.116504347999999647e-01 1.854862900000000051e-02 3.749339999999999986e-04 1.000000000000000000e+00 1.855729999999999880e-02 1.857970000000000108e-02
9.119543182999999553e-01 1.853646999999999934e-02 3.748609999999999876e-04 1.000000000000000000e+00 1.855290000000000064e-02 1.857520000000000004e-02
9.122583029999999926e-01 1.852247799999999847e-02 3.747409999999999955e-04 1.000000000000000000e+00 1.854369999999999977e-02 1.856589999999999976e-02
9.125623890999999821e-01 1.850993199999999977e-02 3.745989999999999823e-04 1.000000000000000000e+00 1.853199999999999986e-02 1.855419999999999986e-02
9.128665766000000348e-01 1.850170300000000129e-02 3.744649999999999867e-04 1.000000000000000000e+00 1.852070000000000105e-02 1.854280000000000164e-02
9.131708654000000314e-01 1.849943999999999894e-02 3.743660000000000000e-04 1.000000000000000000e+00 1.851210000000000008e-02 1.853420000000000067e-02
9.134752556999999884e-01 1.850314100000000073e-02 3.743209999999999962e-04 1.000000000000000000e+00 1.850819999999999896e-02 1.853020000000000014e-02
9.137797475000000169e-01 1.851130499999999873e-02 3.743320000000000067e-04 1.000000000000000000e+00 1.850929999999999936e-02 1.853130000000000055e-02
9.140843406999999976e-01 1.852161700000000064e-02 3.743889999999999827e-04 1.000000000000000000e+00 1.851459999999999911e-02 1.853660000000000030e-02
9.143890354999999470e-01 1.853188700000000036e-02 3.744740000000000200e-04 1.000000000000000000e+00 1.852260000000000018e-02 1.854460000000000136e-02
9.146938318999999762e-01 1.854084500000000024e-02 3.745660000000000048e-04 1.000000000000000000e+00 1.853149999999999936e-02 1.855359999999999995e-02
9.149987297999999658e-01 1.854843200000000011e-02 3.746539999999999810e-04 1.000000000000000000e+00 1.854029999999999914e-02 1.856230000000000033e-02
9.153037294000000434e-01 1.855552900000000116e-02 3.747329999999999780e-04 1.000000000000000000e+00 1.854830000000000020e-02 1.857040000000000080e-02
9.156088305999999788e-01 1.856334700000000087e-02 3.748080000000000205e-04 1.000000000000000000e+00 1.855619999999999839e-02 1.857829999999999898e-02
9.159140336000000104e-01 1.857286500000000090e-02 3.748870000000000175e-04 1.000000000000000000e+00 1.856440000000000173e-02 1.858649999999999886e-02
9.162193382000000108e-01 1.858462300000000150e-02 3.749800000000000182e-04 1.000000000000000000e+00 1.857390000000000083e-02 1.859600000000000142e-02
9.165247447000000047e-01 1.859891600000000006e-02 3.750930000000000084e-04 1.000000000000000000e+00 1.858510000000000023e-02 1.860720000000000082e-02
9.168302528999999756e-01 1.861618400000000090e-02 3.752319999999999744e-04 1.000000000000000000e+00 1.859840000000000104e-02 1.862060000000000104e-02
9.171358630000000511e-01 1.863722699999999927e-02 3.754040000000000263e-04 1.000000000000000000e+00 1.861449999999999910e-02 1.863669999999999910e-02
9.174415750000000092e-01 1.866307000000000035e-02 3.756170000000000190e-04 1.000000000000000000e+00 1.863429999999999948e-02 1.865649999999999947e-02
9.177473887999999524e-01 1.869448099999999890e-02 3.758790000000000243e-04 1.000000000000000000e+00 1.865850000000000147e-02 1.868070000000000147e-02
9.180533046000000086e-01 1.873141799999999968e-02 3.761969999999999897e-04 1.000000000000000000e+00 1.868780000000000094e-02 1.871010000000000034e-02
9.183593223999999555e-01 1.877271100000000095e-02 3.765689999999999923e-04 1.000000000000000000e+00 1.872209999999999847e-02 1.874460000000000015e-02
9.186654422000000153e-01 1.881613999999999856e-02 3.769859999999999986e-04 1.000000000000000000e+00 1.876059999999999880e-02 1.878319999999999990e-02
9.189716639999999659e-01 1.885890200000000030e-02 3.774289999999999807e-04 1.000000000000000000e+00 1.880139999999999936e-02 1.882409999999999986e-02
9.192779879000000376e-01 1.889822799999999955e-02 3.778750000000000099e-04 1.000000000000000000e+00 1.884219999999999992e-02 1.886499999999999982e-02
9.195844139000000084e-01 1.893194900000000000e-02 3.782969999999999866e-04 1.000000000000000000e+00 1.888039999999999857e-02 1.890350000000000016e-02
9.198909419999999892e-01 1.895883699999999922e-02 3.786770000000000067e-04 1.000000000000000000e+00 1.891429999999999848e-02 1.893740000000000007e-02
9.201975722999999885e-01 1.897866700000000115e-02 3.789999999999999966e-04 1.000000000000000000e+00 1.894229999999999872e-02 1.896559999999999913e-02
9.205043049000000144e-01 1.899209699999999945e-02 3.792609999999999862e-04 1.000000000000000000e+00 1.896420000000000050e-02 1.898760000000000031e-02
9.208111396000000504e-01 1.900037499999999990e-02 3.794620000000000068e-04 1.000000000000000000e+00 1.898019999999999916e-02 1.900380000000000125e-02
9.211180767000000102e-01 1.900501599999999958e-02 3.796100000000000060e-04 1.000000000000000000e+00 1.899139999999999856e-02 1.901500000000000065e-02
9.214251159999999885e-01 1.900746199999999927e-02 3.797149999999999788e-04 1.000000000000000000e+00 1.899879999999999972e-02 1.902250000000000121e-02
9.217322577000000017e-01 1.900881999999999919e-02 3.797900000000000212e-04 1.000000000000000000e+00 1.900369999999999837e-02 1.902749999999999928e-02
9.220395018000000498e-01 1.900972100000000026e-02 3.798410000000000111e-04 1.000000000000000000e+00 1.900730000000000128e-02 1.903109999999999871e-02
9.223468483000000218e-01 1.901036299999999887e-02 3.798750000000000043e-04 1.000000000000000000e+00 1.900999999999999912e-02 1.903380000000000002e-02
9.226542973000000369e-01 1.901068599999999886e-02 3.798939999999999782e-04 1.000000000000000000e+00 1.901219999999999993e-02 1.903600000000000084e-02
9.229618486999999760e-01 1.901065000000000046e-02 3.798990000000000027e-04 1.000000000000000000e+00 1.901399999999999965e-02 1.903770000000000115e-02
9.232695026999999666e-01 1.901044600000000029e-02 3.798930000000000167e-04 1.000000000000000000e+00 1.901519999999999946e-02 1.903890000000000096e-02
9.235772592000000003e-01 1.901058400000000051e-02 3.798769999999999816e-04 1.000000000000000000e+00 1.901629999999999987e-02 1.903979999999999909e-02
9.238851181999999662e-01 1.901179199999999958e-02 3.798580000000000077e-04 1.000000000000000000e+00 1.901749999999999968e-02 1.904089999999999949e-02
9.241930798999999919e-01 1.901473999999999873e-02 3.798420000000000268e-04 1.000000000000000000e+00 1.901970000000000049e-02 1.904300000000000090e-02
9.245011442999999662e-01 1.901971599999999901e-02 3.798329999999999936e-04 1.000000000000000000e+00 1.902349999999999874e-02 1.904660000000000034e-02
9.248093114000000003e-01 1.902630699999999925e-02 3.798319999999999778e-04 1.000000000000000000e+00 1.902919999999999959e-02 1.905219999999999830e-02
9.251175810999999749e-01 1.903324600000000019e-02 3.798319999999999778e-04 1.000000000000000000e+00 1.903670000000000015e-02 1.905950000000000005e-02
9.254259536000000175e-01 1.903844899999999896e-02 3.798210000000000214e-04 1.000000000000000000e+00 1.904480000000000062e-02 1.906740000000000171e-02
9.257344290000000253e-01 1.903921299999999928e-02 3.797760000000000176e-04 1.000000000000000000e+00 1.905159999999999840e-02 1.907390000000000127e-02
9.260430070999999819e-01 1.903263700000000155e-02 3.796749999999999995e-04 1.000000000000000000e+00 1.905470000000000080e-02 1.907659999999999911e-02
9.263516881000000147e-01 1.901600300000000007e-02 3.794900000000000139e-04 1.000000000000000000e+00 1.905099999999999849e-02 1.907249999999999918e-02
9.266604720000000128e-01 1.898714699999999936e-02 3.792000000000000015e-04 1.000000000000000000e+00 1.903780000000000056e-02 1.905890000000000015e-02
9.269693587999999762e-01 1.894462300000000071e-02 3.787880000000000197e-04 1.000000000000000000e+00 1.901250000000000162e-02 1.903310000000000071e-02
9.272783486000000241e-01 1.888756600000000146e-02 3.782449999999999810e-04 1.000000000000000000e+00 1.897340000000000138e-02 1.899349999999999997e-02
9.275874414000000456e-01 1.881536300000000161e-02 3.775699999999999781e-04 1.000000000000000000e+00 1.891910000000000119e-02 1.893879999999999869e-02
9.278966372000000407e-01 1.872718599999999983e-02 3.767619999999999953e-04 1.000000000000000000e+00 1.884879999999999889e-02 1.886820000000000164e-02
9.282059361000000175e-01 1.862163299999999855e-02 3.758190000000000012e-04 1.000000000000000000e+00 1.876169999999999921e-02 1.878080000000000027e-02
9.285153380999999762e-01 1.849663000000000002e-02 3.747320000000000165e-04 1.000000000000000000e+00 1.865680000000000116e-02 1.867569999999999994e-02
9.288248432000000276e-01 1.834979899999999997e-02 3.734829999999999747e-04 1.000000000000000000e+00 1.853269999999999917e-02 1.855129999999999973e-02
9.291344514999999582e-01 1.817904799999999974e-02 3.720500000000000174e-04 1.000000000000000000e+00 1.838760000000000047e-02 1.840610000000000163e-02
9.294441629999999899e-01 1.798340600000000039e-02 3.704089999999999835e-04 1.000000000000000000e+00 1.822019999999999890e-02 1.823860000000000064e-02
9.297539777000000116e-01 1.776378500000000069e-02 3.685429999999999848e-04 1.000000000000000000e+00 1.802990000000000148e-02 1.804820000000000035e-02
9.300638957000000318e-01 1.752336499999999908e-02 3.664469999999999967e-04 1.000000000000000000e+00 1.781750000000000000e-02 1.783579999999999888e-02
9.303739170000000502e-01 1.726749199999999887e-02 3.641370000000000002e-04 1.000000000000000000e+00 1.758579999999999866e-02 1.760400000000000159e-02
9.306840415999999561e-01 1.700311300000000025e-02 3.616480000000000042e-04 1.000000000000000000e+00 1.733919999999999906e-02 1.735710000000000031e-02
9.309942695999999795e-01 1.673778899999999945e-02 3.590350000000000073e-04 1.000000000000000000e+00 1.708329999999999918e-02 1.710110000000000102e-02
9.313046010000000097e-01 1.647857900000000014e-02 3.563610000000000258e-04 1.000000000000000000e+00 1.682480000000000087e-02 1.684230000000000102e-02
9.316150359000000547e-01 1.623111199999999893e-02 3.536920000000000146e-04 1.000000000000000000e+00 1.657000000000000139e-02 1.658719999999999986e-02
9.319255743000000036e-01 1.599916300000000027e-02 3.510890000000000126e-04 1.000000000000000000e+00 1.632389999999999883e-02 1.634089999999999848e-02
9.322362160999999592e-01 1.578495599999999929e-02 3.485979999999999851e-04 1.000000000000000000e+00 1.609079999999999885e-02 1.610740000000000088e-02
9.325469615000000490e-01 1.559001299999999979e-02 3.462560000000000269e-04 1.000000000000000000e+00 1.587310000000000110e-02 1.588950000000000085e-02
9.328578105000000509e-01 1.541618600000000013e-02 3.440949999999999911e-04 1.000000000000000000e+00 1.567330000000000112e-02 1.568939999999999918e-02
9.331687630999999650e-01 1.526637399999999922e-02 3.421459999999999866e-04 1.000000000000000000e+00 1.549359999999999973e-02 1.550950000000000072e-02
9.334798194000000215e-01 1.514448300000000025e-02 3.404489999999999925e-04 1.000000000000000000e+00 1.533709999999999934e-02 1.535289999999999919e-02
9.337909792999999903e-01 1.505458299999999985e-02 3.390479999999999969e-04 1.000000000000000000e+00 1.520750000000000053e-02 1.522309999999999983e-02
9.341022429999999988e-01 1.499959399999999977e-02 3.379869999999999880e-04 1.000000000000000000e+00 1.510850000000000040e-02 1.512409999999999970e-02
9.344136104000000387e-01 1.498006900000000037e-02 3.372970000000000200e-04 1.000000000000000000e+00 1.504270000000000086e-02 1.505830000000000016e-02
9.347250816000000073e-01 1.499362400000000053e-02 3.369870000000000179e-04 1.000000000000000000e+00 1.501100000000000004e-02 1.502659999999999933e-02
9.350366566000000157e-01 1.503526999999999988e-02 3.370350000000000147e-04 1.000000000000000000e+00 1.501159999999999994e-02 1.502730000000000038e-02
9.353483354999999611e-01 1.509860099999999969e-02 3.373960000000000067e-04 1.000000000000000000e+00 1.504059999999999946e-02 1.505639999999999930e-02
9.356601182999999544e-01 1.517737299999999921e-02 3.380100000000000248e-04 1.000000000000000000e+00 1.509259999999999942e-02 1.510850000000000040e-02
9.359720049999999958e-01 1.526715000000000017e-02 3.388150000000000146e-04 1.000000000000000000e+00 1.516230000000000008e-02 1.517830000000000047e-02
9.362839955999999741e-01 1.536646300000000034e-02 3.397639999999999948e-04 1.000000000000000000e+00 1.524559999999999978e-02 1.526180000000000071e-02
9.365960903000000171e-01 1.547722300000000002e-02 3.408369999999999759e-04 1.000000000000000000e+00 1.534070000000000052e-02 1.535700000000000086e-02
9.369082890000000052e-01 1.560413299999999920e-02 3.420450000000000226e-04 1.000000000000000000e+00 1.544869999999999924e-02 1.546510000000000072e-02
9.372205917999999469e-01 1.575308699999999895e-02 3.434239999999999971e-04 1.000000000000000000e+00 1.557279999999999949e-02 1.558949999999999919e-02
9.375329985999999449e-01 1.592876899999999887e-02 3.450230000000000202e-04 1.000000000000000000e+00 1.571770000000000111e-02 1.573449999999999849e-02
9.378455096000000157e-01 1.613214099999999915e-02 3.468780000000000084e-04 1.000000000000000000e+00 1.588679999999999953e-02 1.590389999999999859e-02
9.381581248000000484e-01 1.635857300000000125e-02 3.489930000000000246e-04 1.000000000000000000e+00 1.608089999999999867e-02 1.609820000000000001e-02
9.384708442000000428e-01 1.659736800000000123e-02 3.513240000000000265e-04 1.000000000000000000e+00 1.629600000000000146e-02 1.631350000000000161e-02
9.387836677999999990e-01 1.683294299999999952e-02 3.537719999999999732e-04 1.000000000000000000e+00 1.652319999999999831e-02 1.654109999999999955e-02
9.390965957000000364e-01 1.704750899999999889e-02 3.561939999999999985e-04 1.000000000000000000e+00 1.674940000000000109e-02 1.676750000000000115e-02
9.394096279000000438e-01 1.722438999999999915e-02 3.584309999999999840e-04 1.000000000000000000e+00 1.695910000000000126e-02 1.697749999999999954e-02
9.397227644000000213e-01 1.735099500000000100e-02 3.603270000000000214e-04 1.000000000000000000e+00 1.713740000000000055e-02 1.715610000000000052e-02
9.400360052999999771e-01 1.742055400000000129e-02 3.617620000000000102e-04 1.000000000000000000e+00 1.727209999999999857e-02 1.729110000000000022e-02
9.403493507000000307e-01 1.743242500000000139e-02 3.626610000000000163e-04 1.000000000000000000e+00 1.735580000000000109e-02 1.737489999999999868e-02
9.406628004999999515e-01 1.739107200000000047e-02 3.630059999999999732e-04 1.000000000000000000e+00 1.738610000000000155e-02 1.740519999999999914e-02
9.409763546999999617e-01 1.730452799999999958e-02 3.628200000000000262e-04 1.000000000000000000e+00 1.736510000000000137e-02 1.738429999999999837e-02
9.412900134999999668e-01 1.718289599999999959e-02 3.621659999999999745e-04 1.000000000000000000e+00 1.729889999999999900e-02 1.731809999999999947e-02
9.416037768999999669e-01 1.703729899999999881e-02 3.611309999999999954e-04 1.000000000000000000e+00 1.719599999999999948e-02 1.721510000000000054e-02
9.419176447999999535e-01 1.687929100000000113e-02 3.598149999999999829e-04 1.000000000000000000e+00 1.706629999999999953e-02 1.708540000000000059e-02
9.422316173000000461e-01 1.672047700000000095e-02 3.583309999999999816e-04 1.000000000000000000e+00 1.692089999999999914e-02 1.693980000000000138e-02
9.425456945000000308e-01 1.657202699999999959e-02 3.567929999999999973e-04 1.000000000000000000e+00 1.677079999999999890e-02 1.678959999999999828e-02
9.428598764000000187e-01 1.644387099999999879e-02 3.553159999999999977e-04 1.000000000000000000e+00 1.662699999999999942e-02 1.664579999999999879e-02
9.431741631000000181e-01 1.634373100000000023e-02 3.540029999999999783e-04 1.000000000000000000e+00 1.649930000000000146e-02 1.651800000000000143e-02
9.434885544000000124e-01 1.627620800000000034e-02 3.529380000000000147e-04 1.000000000000000000e+00 1.639540000000000095e-02 1.641410000000000091e-02
9.438030506000000264e-01 1.624223500000000070e-02 3.521770000000000130e-04 1.000000000000000000e+00 1.632050000000000167e-02 1.633920000000000164e-02
9.441176516000000518e-01 1.623915899999999954e-02 3.517430000000000101e-04 1.000000000000000000e+00 1.627639999999999990e-02 1.629509999999999986e-02
9.444323574999999860e-01 1.626158299999999959e-02 3.516200000000000250e-04 1.000000000000000000e+00 1.626160000000000105e-02 1.628040000000000043e-02
9.447471683000000509e-01 1.630268600000000026e-02 3.517670000000000085e-04 1.000000000000000000e+00 1.627220000000000055e-02 1.629099999999999993e-02
9.450620840000000245e-01 1.635573300000000077e-02 3.521260000000000232e-04 1.000000000000000000e+00 1.630260000000000042e-02 1.632159999999999861e-02
9.453771047000000260e-01 1.641516399999999945e-02 3.526329999999999829e-04 1.000000000000000000e+00 1.634709999999999983e-02 1.636620000000000089e-02
9.456922303999999446e-01 1.647695199999999957e-02 3.532319999999999818e-04 1.000000000000000000e+00 1.640029999999999960e-02 1.641950000000000007e-02
9.460074612000000105e-01 1.653826400000000044e-02 3.538770000000000002e-04 1.000000000000000000e+00 1.645809999999999981e-02 1.647749999999999909e-02
9.463227969999999933e-01 1.659671799999999989e-02 3.545320000000000134e-04 1.000000000000000000e+00 1.651709999999999984e-02 1.653659999999999852e-02
9.466382379000000125e-01 1.664977999999999944e-02 3.551679999999999985e-04 1.000000000000000000e+00 1.657449999999999896e-02 1.659410000000000052e-02
9.469537839999999651e-01 1.669466299999999848e-02 3.557540000000000095e-04 1.000000000000000000e+00 1.662749999999999992e-02 1.664720000000000089e-02
9.472694352999999623e-01 1.672876100000000171e-02 3.562619999999999849e-04 1.000000000000000000e+00 1.667329999999999854e-02 1.669309999999999891e-02
9.475851916999999958e-01 1.675038800000000147e-02 3.566670000000000192e-04 1.000000000000000000e+00 1.670939999999999925e-02 1.672929999999999903e-02
9.479010534999999793e-01 1.675955100000000100e-02 3.569530000000000229e-04 1.000000000000000000e+00 1.673430000000000056e-02 1.675429999999999975e-02
9.482170205000000074e-01 1.675841100000000083e-02 3.571180000000000188e-04 1.000000000000000000e+00 1.674789999999999959e-02 1.676779999999999937e-02
9.485330927999999773e-01 1.675131200000000084e-02 3.571819999999999965e-04 1.000000000000000000e+00 1.675170000000000131e-02 1.677170000000000050e-02
9.488492705000000083e-01 1.674416800000000025e-02 3.571819999999999965e-04 1.000000000000000000e+00 1.674940000000000109e-02 1.676949999999999968e-02
9.491655535999999893e-01 1.674322899999999836e-02 3.571709999999999859e-04 1.000000000000000000e+00 1.674609999999999987e-02 1.676619999999999847e-02
9.494819421000000315e-01 1.675340499999999899e-02 3.572059999999999949e-04 1.000000000000000000e+00 1.674689999999999859e-02 1.676710000000000006e-02
9.497984361000000320e-01 1.677666699999999858e-02 3.573329999999999887e-04 1.000000000000000000e+00 1.675629999999999828e-02 1.677649999999999975e-02
9.501150355999999908e-01 1.681125699999999959e-02 3.575739999999999886e-04 1.000000000000000000e+00 1.677630000000000093e-02 1.679649999999999893e-02
9.504317406000000190e-01 1.685227699999999884e-02 3.579189999999999997e-04 1.000000000000000000e+00 1.680579999999999921e-02 1.682619999999999949e-02
9.507485512000000138e-01 1.689366100000000079e-02 3.583319999999999973e-04 1.000000000000000000e+00 1.684160000000000171e-02 1.686210000000000139e-02
9.510654673999999753e-01 1.693064000000000027e-02 3.587640000000000230e-04 1.000000000000000000e+00 1.687900000000000164e-02 1.689960000000000073e-02
9.513824892000000144e-01 1.696163900000000058e-02 3.591770000000000206e-04 1.000000000000000000e+00 1.691430000000000017e-02 1.693499999999999867e-02
9.516996167000000284e-01 1.698854099999999936e-02 3.595510000000000004e-04 1.000000000000000000e+00 1.694589999999999985e-02 1.696670000000000122e-02
9.520168499000000173e-01 1.701528700000000047e-02 3.598979999999999888e-04 1.000000000000000000e+00 1.697469999999999882e-02 1.699559999999999960e-02
9.523341888999999894e-01 1.704556499999999863e-02 3.602429999999999998e-04 1.000000000000000000e+00 1.700329999999999897e-02 1.702439999999999856e-02
9.526516336000000473e-01 1.708077699999999838e-02 3.606120000000000094e-04 1.000000000000000000e+00 1.703429999999999875e-02 1.705550000000000122e-02
9.529691840999999775e-01 1.711938899999999875e-02 3.610139999999999964e-04 1.000000000000000000e+00 1.706879999999999856e-02 1.709019999999999984e-02
9.532868405000000100e-01 1.715779900000000135e-02 3.614380000000000045e-04 1.000000000000000000e+00 1.710590000000000027e-02 1.712740000000000096e-02
9.536046028000000341e-01 1.719213299999999833e-02 3.618560000000000266e-04 1.000000000000000000e+00 1.714310000000000139e-02 1.716470000000000148e-02
9.539224710000000496e-01 1.722005399999999853e-02 3.622370000000000082e-04 1.000000000000000000e+00 1.717749999999999833e-02 1.719920000000000129e-02
9.542404451999999537e-01 1.724174200000000087e-02 3.625610000000000139e-04 1.000000000000000000e+00 1.720709999999999948e-02 1.722889999999999838e-02
9.545585252999999604e-01 1.725980900000000096e-02 3.628260000000000122e-04 1.000000000000000000e+00 1.723179999999999851e-02 1.725360000000000088e-02
9.548767114999999750e-01 1.727834699999999946e-02 3.630540000000000243e-04 1.000000000000000000e+00 1.725329999999999919e-02 1.727510000000000157e-02
9.551950036999999893e-01 1.730160400000000168e-02 3.632759999999999961e-04 1.000000000000000000e+00 1.727460000000000107e-02 1.729639999999999997e-02
9.555134021000000200e-01 1.733269600000000160e-02 3.635320000000000153e-04 1.000000000000000000e+00 1.729920000000000069e-02 1.732090000000000019e-02
9.558319065000000503e-01 1.737267400000000114e-02 3.638490000000000192e-04 1.000000000000000000e+00 1.732960000000000056e-02 1.735139999999999946e-02
9.561505171999999941e-01 1.742011099999999854e-02 3.642429999999999887e-04 1.000000000000000000e+00 1.736719999999999930e-02 1.738889999999999880e-02
9.564692339999999460e-01 1.747132499999999936e-02 3.647039999999999831e-04 1.000000000000000000e+00 1.741089999999999999e-02 1.743269999999999889e-02
9.567880571000000334e-01 1.752129700000000165e-02 3.652050000000000110e-04 1.000000000000000000e+00 1.745820000000000011e-02 1.748009999999999842e-02
9.571069864000000260e-01 1.756511399999999973e-02 3.657050000000000231e-04 1.000000000000000000e+00 1.750509999999999913e-02 1.752700000000000091e-02
9.574260221000000515e-01 1.759959499999999913e-02 3.661620000000000087e-04 1.000000000000000000e+00 1.754760000000000000e-02 1.756949999999999831e-02
9.577451640999999904e-01 1.762450399999999917e-02 3.665469999999999991e-04 1.000000000000000000e+00 1.758289999999999853e-02 1.760489999999999972e-02
9.580644124999999622e-01 1.764285700000000137e-02 3.668540000000000082e-04 1.000000000000000000e+00 1.761060000000000056e-02 1.763270000000000115e-02
9.583837672999999668e-01 1.766007600000000025e-02 3.671039999999999872e-04 1.000000000000000000e+00 1.763289999999999996e-02 1.765500000000000055e-02
9.587032285000000043e-01 1.768228000000000161e-02 3.673390000000000010e-04 1.000000000000000000e+00 1.765370000000000134e-02 1.767579999999999846e-02
9.590227962999999800e-01 1.771425800000000009e-02 3.676080000000000081e-04 1.000000000000000000e+00 1.767789999999999986e-02 1.770009999999999986e-02
9.593424705999999968e-01 1.775793200000000058e-02 3.679539999999999807e-04 1.000000000000000000e+00 1.770949999999999955e-02 1.773179999999999895e-02
9.596622514000000548e-01 1.781181700000000062e-02 3.683960000000000012e-04 1.000000000000000000e+00 1.775039999999999951e-02 1.777279999999999832e-02
9.599821388000000510e-01 1.787163500000000030e-02 3.689279999999999751e-04 1.000000000000000000e+00 1.779990000000000044e-02 1.782239999999999866e-02
9.603021327999999857e-01 1.793179099999999901e-02 3.695200000000000264e-04 1.000000000000000000e+00 1.785489999999999994e-02 1.787750000000000103e-02
9.606222334999999779e-01 1.798710400000000029e-02 3.701269999999999886e-04 1.000000000000000000e+00 1.791099999999999984e-02 1.793379999999999974e-02
9.609424410000000361e-01 1.803419699999999834e-02 3.707079999999999750e-04 1.000000000000000000e+00 1.796410000000000021e-02 1.798699999999999952e-02
9.612627551000000325e-01 1.807212299999999897e-02 3.712310000000000241e-04 1.000000000000000000e+00 1.801109999999999864e-02 1.803410000000000082e-02
9.615831759999999839e-01 1.810212199999999827e-02 3.716820000000000236e-04 1.000000000000000000e+00 1.805069999999999938e-02 1.807390000000000038e-02
9.619037038000000095e-01 1.812675099999999997e-02 3.720640000000000210e-04 1.000000000000000000e+00 1.808349999999999888e-02 1.810679999999999928e-02
9.622243382999999817e-01 1.814885600000000140e-02 3.723940000000000128e-04 1.000000000000000000e+00 1.811130000000000032e-02 1.813470000000000013e-02
9.625450798000000363e-01 1.817076399999999897e-02 3.726919999999999886e-04 1.000000000000000000e+00 1.813609999999999875e-02 1.815970000000000084e-02
9.628659281000000458e-01 1.819397400000000165e-02 3.729749999999999992e-04 1.000000000000000000e+00 1.816009999999999847e-02 1.818379999999999996e-02
9.631868834000000268e-01 1.821928700000000068e-02 3.732590000000000257e-04 1.000000000000000000e+00 1.818459999999999868e-02 1.820839999999999959e-02
9.635079456999999792e-01 1.824713999999999850e-02 3.735529999999999927e-04 1.000000000000000000e+00 1.821060000000000040e-02 1.823440000000000130e-02
9.638291150000000140e-01 1.827787399999999951e-02 3.738629999999999948e-04 1.000000000000000000e+00 1.823860000000000064e-02 1.826250000000000095e-02
9.641503914000000286e-01 1.831180199999999855e-02 3.741959999999999796e-04 1.000000000000000000e+00 1.826919999999999933e-02 1.829309999999999964e-02
9.644717749000000229e-01 1.834914600000000021e-02 3.745560000000000100e-04 1.000000000000000000e+00 1.830249999999999932e-02 1.832649999999999904e-02
9.647932654999999968e-01 1.838998999999999842e-02 3.749469999999999865e-04 1.000000000000000000e+00 1.833900000000000113e-02 1.836310000000000026e-02
9.651148631999999505e-01 1.843436299999999875e-02 3.753699999999999789e-04 1.000000000000000000e+00 1.837890000000000010e-02 1.840299999999999922e-02
9.654365682000000115e-01 1.848240500000000036e-02 3.758279999999999802e-04 1.000000000000000000e+00 1.842210000000000028e-02 1.844629999999999881e-02
9.657583803999999494e-01 1.853445899999999966e-02 3.763209999999999906e-04 1.000000000000000000e+00 1.846909999999999871e-02 1.849330000000000071e-02
9.660802997999999864e-01 1.859094099999999972e-02 3.768539999999999802e-04 1.000000000000000000e+00 1.851989999999999886e-02 1.854420000000000027e-02
9.664023266000000278e-01 1.865200900000000064e-02 3.774289999999999807e-04 1.000000000000000000e+00 1.857500000000000123e-02 1.859939999999999857e-02
9.667244606999999545e-01 1.871714600000000048e-02 3.780470000000000076e-04 1.000000000000000000e+00 1.863429999999999948e-02 1.865879999999999969e-02
9.670467021999999968e-01 1.878491300000000030e-02 3.787039999999999981e-04 1.000000000000000000e+00 1.869739999999999944e-02 1.872199999999999906e-02
9.673690511000000436e-01 1.885300000000000170e-02 3.793870000000000185e-04 1.000000000000000000e+00 1.876299999999999843e-02 1.878770000000000093e-02
9.676915073999999839e-01 1.891859200000000144e-02 3.800769999999999865e-04 1.000000000000000000e+00 1.882920000000000080e-02 1.885399999999999923e-02
9.680140712999999453e-01 1.897888099999999953e-02 3.807489999999999963e-04 1.000000000000000000e+00 1.889350000000000057e-02 1.891839999999999841e-02
9.683367426000000222e-01 1.903156500000000029e-02 3.813789999999999954e-04 1.000000000000000000e+00 1.895360000000000100e-02 1.897870000000000112e-02
9.686595216000000175e-01 1.907515200000000147e-02 3.819429999999999852e-04 1.000000000000000000e+00 1.900730000000000128e-02 1.903240000000000140e-02
9.689824081000000255e-01 1.910904199999999969e-02 3.824270000000000165e-04 1.000000000000000000e+00 1.905290000000000109e-02 1.907820000000000002e-02
9.693054022000000547e-01 1.913337600000000055e-02 3.828220000000000017e-04 1.000000000000000000e+00 1.908980000000000052e-02 1.911519999999999886e-02
9.696285040000000022e-01 1.914878299999999908e-02 3.831250000000000020e-04 1.000000000000000000e+00 1.911770000000000136e-02 1.914309999999999970e-02
9.699517134999999790e-01 1.915609100000000009e-02 3.833379999999999947e-04 1.000000000000000000e+00 1.913700000000000123e-02 1.916249999999999898e-02
9.702750306999999852e-01 1.915608599999999925e-02 3.834679999999999816e-04 1.000000000000000000e+00 1.914820000000000064e-02 1.917369999999999838e-02
9.705984557000000290e-01 1.914939499999999961e-02 3.835190000000000257e-04 1.000000000000000000e+00 1.915180000000000007e-02 1.917730000000000129e-02
9.709219886000000077e-01 1.913647300000000107e-02 3.834970000000000045e-04 1.000000000000000000e+00 1.914860000000000173e-02 1.917400000000000007e-02
9.712456292000000158e-01 1.911769699999999947e-02 3.834069999999999969e-04 1.000000000000000000e+00 1.913870000000000154e-02 1.916409999999999988e-02
9.715693777999999670e-01 1.909351000000000104e-02 3.832560000000000047e-04 1.000000000000000000e+00 1.912260000000000001e-02 1.914789999999999895e-02
9.718932341999999558e-01 1.906458499999999848e-02 3.830500000000000137e-04 1.000000000000000000e+00 1.910070000000000170e-02 1.912600000000000064e-02
9.722171985999999988e-01 1.903194999999999887e-02 3.827969999999999875e-04 1.000000000000000000e+00 1.907369999999999899e-02 1.909900000000000139e-02
9.725412709999999850e-01 1.899706099999999911e-02 3.825090000000000066e-04 1.000000000000000000e+00 1.904269999999999921e-02 1.906789999999999874e-02
9.728654515000000336e-01 1.896177300000000121e-02 3.822000000000000202e-04 1.000000000000000000e+00 1.900900000000000159e-02 1.903420000000000112e-02
9.731897399000000171e-01 1.892821500000000171e-02 3.818879999999999866e-04 1.000000000000000000e+00 1.897449999999999831e-02 1.899970000000000131e-02
9.735141364999999603e-01 1.889857199999999890e-02 3.815930000000000038e-04 1.000000000000000000e+00 1.894119999999999832e-02 1.896650000000000072e-02
9.738386411999999659e-01 1.887483699999999848e-02 3.813329999999999758e-04 1.000000000000000000e+00 1.891129999999999894e-02 1.893649999999999847e-02
9.741632541000000423e-01 1.885861800000000060e-02 3.811260000000000234e-04 1.000000000000000000e+00 1.888659999999999992e-02 1.891189999999999885e-02
9.744879751999999673e-01 1.885102099999999906e-02 3.809880000000000189e-04 1.000000000000000000e+00 1.886880000000000154e-02 1.889410000000000048e-02
9.748128044999999631e-01 1.885259099999999841e-02 3.809290000000000115e-04 1.000000000000000000e+00 1.885900000000000076e-02 1.888439999999999910e-02
9.751377421000000378e-01 1.886327999999999963e-02 3.809560000000000030e-04 1.000000000000000000e+00 1.885780000000000095e-02 1.888329999999999870e-02
9.754627879999999696e-01 1.888236800000000007e-02 3.810679999999999775e-04 1.000000000000000000e+00 1.886530000000000151e-02 1.889089999999999867e-02
9.757879422999999885e-01 1.890836900000000126e-02 3.812619999999999963e-04 1.000000000000000000e+00 1.888089999999999907e-02 1.890659999999999910e-02
9.761132049999999838e-01 1.893902600000000117e-02 3.815240000000000016e-04 1.000000000000000000e+00 1.890340000000000076e-02 1.892920000000000019e-02
9.764385759999999470e-01 1.897149899999999931e-02 3.818350000000000194e-04 1.000000000000000000e+00 1.893080000000000110e-02 1.895669999999999994e-02
9.767640555000000058e-01 1.900279499999999941e-02 3.821709999999999973e-04 1.000000000000000000e+00 1.896060000000000106e-02 1.898659999999999931e-02
9.770896435999999463e-01 1.903036099999999911e-02 3.825039999999999820e-04 1.000000000000000000e+00 1.899030000000000162e-02 1.901629999999999987e-02
9.774153400999999741e-01 1.905265800000000009e-02 3.828120000000000069e-04 1.000000000000000000e+00 1.901740000000000028e-02 1.904350000000000140e-02
9.777411451999999947e-01 1.906951000000000132e-02 3.830780000000000209e-04 1.000000000000000000e+00 1.904039999999999899e-02 1.906669999999999893e-02
9.780670589000000081e-01 1.908209699999999925e-02 3.832989999999999770e-04 1.000000000000000000e+00 1.905899999999999955e-02 1.908539999999999889e-02
9.783930813000000226e-01 1.909261099999999892e-02 3.834819999999999852e-04 1.000000000000000000e+00 1.907390000000000127e-02 1.910030000000000061e-02
9.787192123000000299e-01 1.910365899999999853e-02 3.836420000000000108e-04 1.000000000000000000e+00 1.908659999999999871e-02 1.911310000000000092e-02
9.790454521000000465e-01 1.911762200000000078e-02 3.838000000000000049e-04 1.000000000000000000e+00 1.909929999999999961e-02 1.912579999999999836e-02
9.793718004999999449e-01 1.913609499999999880e-02 3.839770000000000271e-04 1.000000000000000000e+00 1.911399999999999905e-02 1.914060000000000067e-02
9.796982577999999720e-01 1.915955100000000036e-02 3.841870000000000267e-04 1.000000000000000000e+00 1.913219999999999851e-02 1.915889999999999954e-02
9.800248239000000083e-01 1.918727900000000153e-02 3.844370000000000057e-04 1.000000000000000000e+00 1.915450000000000139e-02 1.918119999999999895e-02
9.803514988000000541e-01 1.921760800000000061e-02 3.847230000000000094e-04 1.000000000000000000e+00 1.918040000000000023e-02 1.920720000000000066e-02
9.806782827000000147e-01 1.924835700000000066e-02 3.850339999999999731e-04 1.000000000000000000e+00 1.920880000000000157e-02 1.923570000000000141e-02
9.810051753999999846e-01 1.927739100000000136e-02 3.853530000000000085e-04 1.000000000000000000e+00 1.923789999999999875e-02 1.926490000000000147e-02
9.813321771999999887e-01 1.930311499999999916e-02 3.856630000000000106e-04 1.000000000000000000e+00 1.926599999999999840e-02 1.929310000000000053e-02
9.816592879000000105e-01 1.932477200000000048e-02 3.859499999999999758e-04 1.000000000000000000e+00 1.929159999999999903e-02 1.931870000000000115e-02
9.819865075999999471e-01 1.934245999999999882e-02 3.862070000000000108e-04 1.000000000000000000e+00 1.931379999999999902e-02 1.934100000000000055e-02
9.823138365000000372e-01 1.935690899999999853e-02 3.864310000000000141e-04 1.000000000000000000e+00 1.933249999999999899e-02 1.935989999999999933e-02
9.826412744000000421e-01 1.936911700000000167e-02 3.866270000000000102e-04 1.000000000000000000e+00 1.934810000000000002e-02 1.937559999999999977e-02
9.829688214999999785e-01 1.938001500000000044e-02 3.868020000000000009e-04 1.000000000000000000e+00 1.936140000000000083e-02 1.938899999999999998e-02
9.832964777999999573e-01 1.939025899999999997e-02 3.869629999999999880e-04 1.000000000000000000e+00 1.937310000000000074e-02 1.940079999999999930e-02
9.836242432999999785e-01 1.940019000000000118e-02 3.871169999999999733e-04 1.000000000000000000e+00 1.938370000000000024e-02 1.941150000000000167e-02
9.839521180000000422e-01 1.940990899999999950e-02 3.872680000000000198e-04 1.000000000000000000e+00 1.939369999999999983e-02 1.942170000000000007e-02
9.842801021000000539e-01 1.941938899999999871e-02 3.874169999999999806e-04 1.000000000000000000e+00 1.940329999999999833e-02 1.943140000000000145e-02
9.846081953999999969e-01 1.942854899999999982e-02 3.875649999999999798e-04 1.000000000000000000e+00 1.941259999999999861e-02 1.944090000000000054e-02
9.849363982000000073e-01 1.943728000000000122e-02 3.877129999999999791e-04 1.000000000000000000e+00 1.942160000000000067e-02 1.944999999999999854e-02
9.852647102999999573e-01 1.944542800000000071e-02 3.878570000000000238e-04 1.000000000000000000e+00 1.943020000000000164e-02 1.945879999999999832e-02
9.855931318999999746e-01 1.945280400000000062e-02 3.879980000000000213e-04 1.000000000000000000e+00 1.943829999999999864e-02 1.946710000000000107e-02
9.859216629000000509e-01 1.945921499999999846e-02 3.881320000000000169e-04 1.000000000000000000e+00 1.944579999999999920e-02 1.947480000000000044e-02
9.862503034999999807e-01 1.946452599999999936e-02 3.882569999999999793e-04 1.000000000000000000e+00 1.945240000000000163e-02 1.948160000000000169e-02
9.865790535999999777e-01 1.946869899999999903e-02 3.883720000000000011e-04 1.000000000000000000e+00 1.945809999999999901e-02 1.948739999999999847e-02
9.869079133000000503e-01 1.947180899999999965e-02 3.884760000000000123e-04 1.000000000000000000e+00 1.946269999999999945e-02 1.949220000000000119e-02
9.872368825999999764e-01 1.947400100000000120e-02 3.885699999999999744e-04 1.000000000000000000e+00 1.946629999999999888e-02 1.949590000000000004e-02
9.875659614999999780e-01 1.947543599999999875e-02 3.886550000000000117e-04 1.000000000000000000e+00 1.946890000000000079e-02 1.949870000000000075e-02
9.878951501999999607e-01 1.947624800000000156e-02 3.887319999999999773e-04 1.000000000000000000e+00 1.947079999999999991e-02 1.950069999999999928e-02
9.882244486000000272e-01 1.947653599999999915e-02 3.888019999999999953e-04 1.000000000000000000e+00 1.947190000000000032e-02 1.950199999999999850e-02
9.885538566999999555e-01 1.947638100000000094e-02 3.888650000000000114e-04 1.000000000000000000e+00 1.947259999999999963e-02 1.950280000000000069e-02
9.888833746999999841e-01 1.947588299999999939e-02 3.889240000000000188e-04 1.000000000000000000e+00 1.947279999999999844e-02 1.950319999999999832e-02
9.892130024999999938e-01 1.947517199999999893e-02 3.889780000000000017e-04 1.000000000000000000e+00 1.947269999999999904e-02 1.950319999999999832e-02
9.895427400999999845e-01 1.947440099999999882e-02 3.890279999999999758e-04 1.000000000000000000e+00 1.947240000000000082e-02 1.950299999999999950e-02
9.898725876999999729e-01 1.947371499999999908e-02 3.890750000000000111e-04 1.000000000000000000e+00 1.947199999999999973e-02 1.950280000000000069e-02
9.902025451999999506e-01 1.947321800000000047e-02 3.891200000000000149e-04 1.000000000000000000e+00 1.947159999999999863e-02 1.950259999999999841e-02
9.905326127000000369e-01 1.947296600000000127e-02 3.891650000000000187e-04 1.000000000000000000e+00 1.947139999999999982e-02 1.950249999999999900e-02
9.908627903000000181e-01 1.947298000000000084e-02 3.892100000000000225e-04 1.000000000000000000e+00 1.947149999999999923e-02 1.950259999999999841e-02
9.911930778999999969e-01 1.947328099999999854e-02 3.892550000000000263e-04 1.000000000000000000e+00 1.947170000000000151e-02 1.950290000000000010e-02
9.915234755999999816e-01 1.947391000000000053e-02 3.892999999999999759e-04 1.000000000000000000e+00 1.947230000000000141e-02 1.950359999999999941e-02
9.918539833999999722e-01 1.947492600000000004e-02 3.893449999999999797e-04 1.000000000000000000e+00 1.947319999999999954e-02 1.950460000000000041e-02
9.921846013999999769e-01 1.947638200000000042e-02 3.893920000000000150e-04 1.000000000000000000e+00 1.947449999999999876e-02 1.950589999999999963e-02
9.925153295999999958e-01 1.947827800000000165e-02 3.894400000000000119e-04 1.000000000000000000e+00 1.947619999999999907e-02 1.950759999999999994e-02
9.928461680000000289e-01 1.948052700000000095e-02 3.894899999999999860e-04 1.000000000000000000e+00 1.947810000000000166e-02 1.950970000000000135e-02
9.931771167999999816e-01 1.948295699999999867e-02 3.895409999999999758e-04 1.000000000000000000e+00 1.948029999999999901e-02 1.951189999999999869e-02
9.935081757999999486e-01 1.948534099999999977e-02 3.895950000000000129e-04 1.000000000000000000e+00 1.948249999999999982e-02 1.951409999999999950e-02
9.938393451999999462e-01 1.948744599999999855e-02 3.896489999999999958e-04 1.000000000000000000e+00 1.948460000000000122e-02 1.951620000000000091e-02
9.941706249999999745e-01 1.948909199999999953e-02 3.897039999999999944e-04 1.000000000000000000e+00 1.948630000000000154e-02 1.951800000000000063e-02
9.945020152000000335e-01 1.949017700000000089e-02 3.897579999999999773e-04 1.000000000000000000e+00 1.948760000000000076e-02 1.951939999999999925e-02
9.948335159000000205e-01 1.949067800000000086e-02 3.898090000000000214e-04 1.000000000000000000e+00 1.948839999999999947e-02 1.952030000000000085e-02
9.951651270000000382e-01 1.949063100000000132e-02 3.898589999999999955e-04 1.000000000000000000e+00 1.948870000000000116e-02 1.952069999999999847e-02
9.954968486999999921e-01 1.949009700000000136e-02 3.899059999999999766e-04 1.000000000000000000e+00 1.948849999999999888e-02 1.952069999999999847e-02
9.958286809999999933e-01 1.948914300000000044e-02 3.899500000000000188e-04 1.000000000000000000e+00 1.948789999999999897e-02 1.952020000000000144e-02
9.961606239000000418e-01 1.948783499999999849e-02 3.899919999999999754e-04 1.000000000000000000e+00 1.948700000000000085e-02 1.951929999999999985e-02
9.964926775000000347e-01 1.948624599999999873e-02 3.900320000000000089e-04 1.000000000000000000e+00 1.948559999999999875e-02 1.951819999999999944e-02
9.968248416999999639e-01 1.948446200000000100e-02 3.900700000000000109e-04 1.000000000000000000e+00 1.948410000000000072e-02 1.951670000000000141e-02
9.971571165999999486e-01 1.948258500000000018e-02 3.901069999999999972e-04 1.000000000000000000e+00 1.948240000000000041e-02 1.951519999999999991e-02
9.974895022999999972e-01 1.948072099999999945e-02 3.901430000000000219e-04 1.000000000000000000e+00 1.948070000000000010e-02 1.951359999999999900e-02
9.978219987999999985e-01 1.947895900000000055e-02 3.901770000000000151e-04 1.000000000000000000e+00 1.947909999999999919e-02 1.951210000000000097e-02
9.981546061999999608e-01 1.947734400000000060e-02 3.902099999999999926e-04 1.000000000000000000e+00 1.947760000000000116e-02 1.951079999999999828e-02
9.984873243999999870e-01 1.947586399999999898e-02 3.902430000000000243e-04 1.000000000000000000e+00 1.947629999999999847e-02 1.950949999999999906e-02
9.988201534999999742e-01 1.947444900000000131e-02 3.902740000000000245e-04 1.000000000000000000e+00 1.947499999999999926e-02 1.950839999999999866e-02
9.991530935000000335e-01 1.947299099999999852e-02 3.903040000000000090e-04 1.000000000000000000e+00 1.947370000000000004e-02 1.950719999999999885e-02
9.994861445999999594e-01 1.947139000000000161e-02 3.903329999999999777e-04 1.000000000000000000e+00 1.947240000000000082e-02 1.950589999999999963e-02
9.998193065999999574e-01 1.946959100000000137e-02 3.903600000000000234e-04 1.000000000000000000e+00 1.947079999999999991e-02 1.950450000000000100e-02
1.000152579999999958e+00 1.946762900000000018e-02 3.903849999999999833e-04 1.000000000000000000e+00 1.946909999999999960e-02 1.950280000000000069e-02
1.000485963999999894e+00 1.946563299999999955e-02 3.904089999999999817e-04 1.000000000000000000e+00 1.946720000000000048e-02 1.950110000000000038e-02
1.000819458999999911e+00 1.946381200000000047e-02 3.904329999999999802e-04 1.000000000000000000e+00 1.946540000000000076e-02 1.949930000000000066e-02
1.001153066000000091e+00 1.946239699999999934e-02 3.904569999999999786e-04 1.000000000000000000e+00 1.946370000000000045e-02 1.949769999999999975e-02
1.001486783000000047e+00 1.946157199999999990e-02 3.904840000000000242e-04 1.000000000000000000e+00 1.946250000000000063e-02 1.949659999999999935e-02
1.001820611999999944e+00 1.946140799999999949e-02 3.905150000000000244e-04 1.000000000000000000e+00 1.946169999999999844e-02 1.949590000000000004e-02
1.002154553000000003e+00 1.946183199999999835e-02 3.905499999999999792e-04 1.000000000000000000e+00 1.946140000000000023e-02 1.949570000000000122e-02
1.002488604000000061e+00 1.946263599999999844e-02 3.905900000000000127e-04 1.000000000000000000e+00 1.946159999999999904e-02 1.949590000000000004e-02
1.002822767000000059e+00 1.946354200000000034e-02 3.906350000000000165e-04 1.000000000000000000e+00 1.946200000000000013e-02 1.949640000000000054e-02
1.003157040999999916e+00 1.946427599999999911e-02 3.906830000000000133e-04 1.000000000000000000e+00 1.946240000000000123e-02 1.949690000000000104e-02
1.003491426999999936e+00 1.946465299999999843e-02 3.907320000000000259e-04 1.000000000000000000e+00 1.946260000000000004e-02 1.949719999999999925e-02
1.003825924000000036e+00 1.946461099999999972e-02 3.907820000000000000e-04 1.000000000000000000e+00 1.946260000000000004e-02 1.949729999999999866e-02
1.004160533000000077e+00 1.946420800000000020e-02 3.908319999999999741e-04 1.000000000000000000e+00 1.946240000000000123e-02 1.949719999999999925e-02
1.004495252999999977e+00 1.946357099999999896e-02 3.908800000000000252e-04 1.000000000000000000e+00 1.946200000000000013e-02 1.949690000000000104e-02
1.004830085000000039e+00 1.946282900000000093e-02 3.909259999999999905e-04 1.000000000000000000e+00 1.946149999999999963e-02 1.949659999999999935e-02
1.005165027999999960e+00 1.946205000000000157e-02 3.909709999999999943e-04 1.000000000000000000e+00 1.946089999999999973e-02 1.949620000000000172e-02
1.005500083000000044e+00 1.946121199999999857e-02 3.910130000000000051e-04 1.000000000000000000e+00 1.946039999999999923e-02 1.949580000000000063e-02
1.005835250000000070e+00 1.946020399999999831e-02 3.910529999999999844e-04 1.000000000000000000e+00 1.945979999999999932e-02 1.949520000000000072e-02
1.006170527999999953e+00 1.945886900000000017e-02 3.910909999999999864e-04 1.000000000000000000e+00 1.945879999999999832e-02 1.949439999999999854e-02
1.006505917999999999e+00 1.945705699999999982e-02 3.911249999999999796e-04 1.000000000000000000e+00 1.945749999999999910e-02 1.949319999999999872e-02
1.006841419999999987e+00 1.945468499999999934e-02 3.911559999999999798e-04 1.000000000000000000e+00 1.945559999999999998e-02 1.949139999999999900e-02
1.007177033999999916e+00 1.945176699999999828e-02 3.911839999999999870e-04 1.000000000000000000e+00 1.945320000000000035e-02 1.948909999999999879e-02
1.007512760000000007e+00 1.944843400000000055e-02 3.912090000000000012e-04 1.000000000000000000e+00 1.945020000000000082e-02 1.948619999999999866e-02
1.007848596999999957e+00 1.944491300000000117e-02 3.912319999999999839e-04 1.000000000000000000e+00 1.944680000000000020e-02 1.948300000000000032e-02
1.008184546999999931e+00 1.944149100000000172e-02 3.912550000000000207e-04 1.000000000000000000e+00 1.944330000000000017e-02 1.947959999999999969e-02
1.008520607999999985e+00 1.943846299999999958e-02 3.912799999999999807e-04 1.000000000000000000e+00 1.943989999999999954e-02 1.947629999999999847e-02
1.008856782000000063e+00 1.943607300000000163e-02 3.913079999999999879e-04 1.000000000000000000e+00 1.943690000000000001e-02 1.947350000000000123e-02
1.009193066999999999e+00 1.943446500000000146e-02 3.913410000000000196e-04 1.000000000000000000e+00 1.943450000000000039e-02 1.947120000000000101e-02
1.009529464999999959e+00 1.943365600000000054e-02 3.913799999999999831e-04 1.000000000000000000e+00 1.943289999999999948e-02 1.946979999999999891e-02
1.009865975000000082e+00 1.943353000000000094e-02 3.914249999999999869e-04 1.000000000000000000e+00 1.943200000000000136e-02 1.946900000000000019e-02
1.010202596999999924e+00 1.943387699999999871e-02 3.914739999999999995e-04 1.000000000000000000e+00 1.943179999999999907e-02 1.946890000000000079e-02
1.010539330999999930e+00 1.943443699999999885e-02 3.915270000000000208e-04 1.000000000000000000e+00 1.943200000000000136e-02 1.946929999999999841e-02
1.010876177999999959e+00 1.943496800000000038e-02 3.915810000000000037e-04 1.000000000000000000e+00 1.943239999999999898e-02 1.946979999999999891e-02
1.011213136000000068e+00 1.943529499999999827e-02 3.916360000000000023e-04 1.000000000000000000e+00 1.943280000000000007e-02 1.947039999999999882e-02
1.011550206999999979e+00 1.943533899999999939e-02 3.916890000000000237e-04 1.000000000000000000e+00 1.943309999999999829e-02 1.947070000000000051e-02
1.011887390999999914e+00 1.943510799999999955e-02 3.917409999999999751e-04 1.000000000000000000e+00 1.943309999999999829e-02 1.947089999999999932e-02
1.012224687000000012e+00 1.943467399999999901e-02 3.917899999999999877e-04 1.000000000000000000e+00 1.943289999999999948e-02 1.947079999999999991e-02
1.012562095000000051e+00 1.943412799999999843e-02 3.918390000000000002e-04 1.000000000000000000e+00 1.943260000000000126e-02 1.947070000000000051e-02
1.012899615000000031e+00 1.943353999999999915e-02 3.918850000000000198e-04 1.000000000000000000e+00 1.943229999999999957e-02 1.947039999999999882e-02
1.013237248999999895e+00 1.943293600000000135e-02 3.919300000000000236e-04 1.000000000000000000e+00 1.943189999999999848e-02 1.947010000000000060e-02
1.013574994000000062e+00 1.943230099999999905e-02 3.919740000000000116e-04 1.000000000000000000e+00 1.943140000000000145e-02 1.946979999999999891e-02
1.013912852999999892e+00 1.943159800000000131e-02 3.920160000000000224e-04 1.000000000000000000e+00 1.943090000000000095e-02 1.946940000000000129e-02
1.014250824000000106e+00 1.943080499999999891e-02 3.920579999999999790e-04 1.000000000000000000e+00 1.943020000000000164e-02 1.946880000000000138e-02
1.014588907000000040e+00 1.942993800000000076e-02 3.920989999999999740e-04 1.000000000000000000e+00 1.942939999999999945e-02 1.946820000000000148e-02
1.014927104000000080e+00 1.942906599999999831e-02 3.921390000000000075e-04 1.000000000000000000e+00 1.942860000000000073e-02 1.946749999999999869e-02
1.015265413000000061e+00 1.942829000000000084e-02 3.921800000000000026e-04 1.000000000000000000e+00 1.942779999999999854e-02 1.946679999999999938e-02
1.015603833999999983e+00 1.942770699999999892e-02 3.922199999999999818e-04 1.000000000000000000e+00 1.942719999999999864e-02 1.946629999999999888e-02
1.015942369000000012e+00 1.942737199999999831e-02 3.922600000000000153e-04 1.000000000000000000e+00 1.942690000000000042e-02 1.946610000000000007e-02
1.016281017000000064e+00 1.942726499999999912e-02 3.922999999999999946e-04 1.000000000000000000e+00 1.942690000000000042e-02 1.946610000000000007e-02
1.016619777000000058e+00 1.942728800000000089e-02 3.923390000000000124e-04 1.000000000000000000e+00 1.942699999999999982e-02 1.946629999999999888e-02
1.016958650000000075e+00 1.942729400000000120e-02 3.923779999999999759e-04 1.000000000000000000e+00 1.942709999999999923e-02 1.946650000000000116e-02
1.017297635999999894e+00 1.942713199999999973e-02 3.924159999999999779e-04 1.000000000000000000e+00 1.942709999999999923e-02 1.946660000000000057e-02
1.017636736000000042e+00 1.942669600000000024e-02 3.924530000000000184e-04 1.000000000000000000e+00 1.942680000000000101e-02 1.946629999999999888e-02
1.017975947999999908e+00 1.942595199999999980e-02 3.924889999999999889e-04 1.000000000000000000e+00 1.942610000000000170e-02 1.946579999999999838e-02
1.018315273000000021e+00 1.942494200000000060e-02 3.925250000000000137e-04 1.000000000000000000e+00 1.942510000000000070e-02 1.946490000000000026e-02
1.018654712000000018e+00 1.942376000000000172e-02 3.925609999999999842e-04 1.000000000000000000e+00 1.942390000000000089e-02 1.946370000000000045e-02
1.018994262999999956e+00 1.942250900000000099e-02 3.925980000000000246e-04 1.000000000000000000e+00 1.942249999999999879e-02 1.946240000000000123e-02
1.019333928000000000e+00 1.942127100000000037e-02 3.926360000000000267e-04 1.000000000000000000e+00 1.942110000000000017e-02 1.946109999999999854e-02
1.019673706000000069e+00 1.942008599999999960e-02 3.926760000000000059e-04 1.000000000000000000e+00 1.941970000000000154e-02 1.945989999999999873e-02
1.020013596999999939e+00 1.941895399999999869e-02 3.927170000000000010e-04 1.000000000000000000e+00 1.941850000000000173e-02 1.945879999999999832e-02
1.020353601999999915e+00 1.941785600000000070e-02 3.927579999999999960e-04 1.000000000000000000e+00 1.941740000000000133e-02 1.945790000000000020e-02
1.020693719000000055e+00 1.941676999999999986e-02 3.927989999999999910e-04 1.000000000000000000e+00 1.941640000000000033e-02 1.945699999999999860e-02
1.021033950999999940e+00 1.941568299999999955e-02 3.928390000000000245e-04 1.000000000000000000e+00 1.941549999999999873e-02 1.945629999999999929e-02
1.021374294999999988e+00 1.941459599999999924e-02 3.928770000000000265e-04 1.000000000000000000e+00 1.941470000000000001e-02 1.945550000000000057e-02
1.021714752999999920e+00 1.941352199999999903e-02 3.929129999999999971e-04 1.000000000000000000e+00 1.941390000000000129e-02 1.945480000000000126e-02
1.022055324999999959e+00 1.941248099999999879e-02 3.929480000000000060e-04 1.000000000000000000e+00 1.941299999999999970e-02 1.945409999999999848e-02
1.022396010000000022e+00 1.941150300000000009e-02 3.929809999999999835e-04 1.000000000000000000e+00 1.941210000000000158e-02 1.945329999999999976e-02
1.022736808999999969e+00 1.941062199999999890e-02 3.930149999999999768e-04 1.000000000000000000e+00 1.941110000000000058e-02 1.945240000000000163e-02
1.023077720999999940e+00 1.940986700000000079e-02 3.930499999999999858e-04 1.000000000000000000e+00 1.941009999999999958e-02 1.945150000000000004e-02
1.023418747000000018e+00 1.940925599999999973e-02 3.930879999999999878e-04 1.000000000000000000e+00 1.940909999999999858e-02 1.945059999999999845e-02
1.023759886999999980e+00 1.940877900000000100e-02 3.931280000000000213e-04 1.000000000000000000e+00 1.940820000000000045e-02 1.944979999999999973e-02
1.024101139999999965e+00 1.940839000000000106e-02 3.931720000000000093e-04 1.000000000000000000e+00 1.940740000000000173e-02 1.944919999999999982e-02
1.024442507000000058e+00 1.940801699999999963e-02 3.932179999999999747e-04 1.000000000000000000e+00 1.940669999999999895e-02 1.944859999999999992e-02
1.024783988000000035e+00 1.940757099999999846e-02 3.932660000000000257e-04 1.000000000000000000e+00 1.940609999999999905e-02 1.944819999999999882e-02
1.025125582000000035e+00 1.940696999999999908e-02 3.933140000000000225e-04 1.000000000000000000e+00 1.940549999999999914e-02 1.944769999999999832e-02
1.025467291000000003e+00 1.940615999999999869e-02 3.933620000000000194e-04 1.000000000000000000e+00 1.940489999999999923e-02 1.944720000000000129e-02
1.025809112999999995e+00 1.940512600000000171e-02 3.934090000000000005e-04 1.000000000000000000e+00 1.940400000000000111e-02 1.944649999999999851e-02
1.026151049999999953e+00 1.940389000000000003e-02 3.934540000000000043e-04 1.000000000000000000e+00 1.940300000000000011e-02 1.944560000000000038e-02
1.026493099999999936e+00 1.940250099999999908e-02 3.934979999999999923e-04 1.000000000000000000e+00 1.940180000000000030e-02 1.944459999999999938e-02
1.026835264000000025e+00 1.940102299999999988e-02 3.935410000000000188e-04 1.000000000000000000e+00 1.940040000000000167e-02 1.944330000000000017e-02
1.027177543000000082e+00 1.939951499999999912e-02 3.935839999999999912e-04 1.000000000000000000e+00 1.939890000000000017e-02 1.944200000000000095e-02
1.027519934999999940e+00 1.939802300000000035e-02 3.936270000000000177e-04 1.000000000000000000e+00 1.939739999999999867e-02 1.944059999999999885e-02
1.027862441999999987e+00 1.939657399999999976e-02 3.936699999999999900e-04 1.000000000000000000e+00 1.939580000000000123e-02 1.943920000000000023e-02
1.028205062999999919e+00 1.939518399999999934e-02 3.937149999999999938e-04 1.000000000000000000e+00 1.939429999999999973e-02 1.943790000000000101e-02
1.028547797999999958e+00 1.939386400000000024e-02 3.937599999999999976e-04 1.000000000000000000e+00 1.939290000000000111e-02 1.943659999999999832e-02
1.028890647000000103e+00 1.939262599999999961e-02 3.938060000000000171e-04 1.000000000000000000e+00 1.939159999999999842e-02 1.943550000000000139e-02
1.029233610999999993e+00 1.939148699999999892e-02 3.938519999999999825e-04 1.000000000000000000e+00 1.939050000000000148e-02 1.943450000000000039e-02
1.029576688999999989e+00 1.939046599999999856e-02 3.938980000000000020e-04 1.000000000000000000e+00 1.938950000000000048e-02 1.943370000000000167e-02
1.029919881000000093e+00 1.938956799999999939e-02 3.939430000000000058e-04 1.000000000000000000e+00 1.938869999999999830e-02 1.943299999999999889e-02
1.030263187000000080e+00 1.938878200000000024e-02 3.939880000000000096e-04 1.000000000000000000e+00 1.938799999999999898e-02 1.943249999999999839e-02
1.030606608999999896e+00 1.938806900000000083e-02 3.940319999999999977e-04 1.000000000000000000e+00 1.938739999999999908e-02 1.943200000000000136e-02
1.030950143999999957e+00 1.938736799999999857e-02 3.940759999999999858e-04 1.000000000000000000e+00 1.938669999999999977e-02 1.943150000000000086e-02
1.031293793999999986e+00 1.938660400000000172e-02 3.941190000000000123e-04 1.000000000000000000e+00 1.938600000000000045e-02 1.943090000000000095e-02
1.031637558999999982e+00 1.938570900000000097e-02 3.941619999999999846e-04 1.000000000000000000e+00 1.938519999999999827e-02 1.943020000000000164e-02
1.031981438000000084e+00 1.938463299999999834e-02 3.942050000000000111e-04 1.000000000000000000e+00 1.938410000000000133e-02 1.942930000000000004e-02
1.032325431999999932e+00 1.938336100000000173e-02 3.942479999999999834e-04 1.000000000000000000e+00 1.938290000000000152e-02 1.942810000000000023e-02
1.032669540000000108e+00 1.938191599999999903e-02 3.942910000000000100e-04 1.000000000000000000e+00 1.938140000000000002e-02 1.942690000000000042e-02
1.033013763000000029e+00 1.938035200000000000e-02 3.943330000000000207e-04 1.000000000000000000e+00 1.937989999999999852e-02 1.942549999999999832e-02
1.033358100999999918e+00 1.937873899999999899e-02 3.943749999999999773e-04 1.000000000000000000e+00 1.937830000000000108e-02 1.942409999999999970e-02
1.033702553999999996e+00 1.937713400000000072e-02 3.944169999999999881e-04 1.000000000000000000e+00 1.937679999999999958e-02 1.942270000000000107e-02
1.034047120999999958e+00 1.937556899999999874e-02 3.944589999999999989e-04 1.000000000000000000e+00 1.937530000000000155e-02 1.942139999999999839e-02
1.034391803999999970e+00 1.937403399999999831e-02 3.944989999999999782e-04 1.000000000000000000e+00 1.937389999999999946e-02 1.942009999999999917e-02
1.034736601000000089e+00 1.937248800000000021e-02 3.945390000000000117e-04 1.000000000000000000e+00 1.937250000000000083e-02 1.941879999999999995e-02
1.035081512999999953e+00 1.937087800000000110e-02 3.945779999999999752e-04 1.000000000000000000e+00 1.937099999999999933e-02 1.941740000000000133e-02
1.035426540000000006e+00 1.936916799999999911e-02 3.946169999999999929e-04 1.000000000000000000e+00 1.936929999999999902e-02 1.941589999999999983e-02
1.035771683000000110e+00 1.936736500000000097e-02 3.946549999999999950e-04 1.000000000000000000e+00 1.936759999999999871e-02 1.941429999999999892e-02
1.036116940000000097e+00 1.936552799999999991e-02 3.946929999999999970e-04 1.000000000000000000e+00 1.936569999999999958e-02 1.941259999999999861e-02
1.036462312000000052e+00 1.936375499999999986e-02 3.947320000000000147e-04 1.000000000000000000e+00 1.936389999999999986e-02 1.941100000000000117e-02
1.036807800000000057e+00 1.936215300000000000e-02 3.947700000000000167e-04 1.000000000000000000e+00 1.936219999999999955e-02 1.940940000000000026e-02
1.037153401999999947e+00 1.936079699999999904e-02 3.948099999999999960e-04 1.000000000000000000e+00 1.936080000000000093e-02 1.940810000000000105e-02
1.037499120000000108e+00 1.935969900000000105e-02 3.948499999999999753e-04 1.000000000000000000e+00 1.935960000000000111e-02 1.940700000000000064e-02
1.037844953000000014e+00 1.935879399999999861e-02 3.948900000000000088e-04 1.000000000000000000e+00 1.935860000000000011e-02 1.940619999999999845e-02
1.038190901000000110e+00 1.935795699999999855e-02 3.949310000000000038e-04 1.000000000000000000e+00 1.935780000000000139e-02 1.940549999999999914e-02
1.038536965000000034e+00 1.935702799999999835e-02 3.949719999999999989e-04 1.000000000000000000e+00 1.935689999999999980e-02 1.940470000000000042e-02
1.038883143999999925e+00 1.935585500000000167e-02 3.950129999999999939e-04 1.000000000000000000e+00 1.935579999999999939e-02 1.940379999999999883e-02
1.039229438000000005e+00 1.935432100000000072e-02 3.950520000000000117e-04 1.000000000000000000e+00 1.935450000000000018e-02 1.940259999999999901e-02
1.039575847999999914e+00 1.935236400000000037e-02 3.950889999999999979e-04 1.000000000000000000e+00 1.935289999999999927e-02 1.940120000000000039e-02
1.039922374000000094e+00 1.934997299999999948e-02 3.951240000000000069e-04 1.000000000000000000e+00 1.935100000000000015e-02 1.939940000000000067e-02
1.040269013999999936e+00 1.934717999999999855e-02 3.951539999999999914e-04 1.000000000000000000e+00 1.934889999999999874e-02 1.939739999999999867e-02
1.040615770999999912e+00 1.934404600000000016e-02 3.951800000000000213e-04 1.000000000000000000e+00 1.934639999999999971e-02 1.939509999999999845e-02
1.040962643000000076e+00 1.934065399999999879e-02 3.952000000000000109e-04 1.000000000000000000e+00 1.934380000000000127e-02 1.939259999999999942e-02
1.041309629999999986e+00 1.933709200000000017e-02 3.952149999999999760e-04 1.000000000000000000e+00 1.934100000000000055e-02 1.938990000000000158e-02
1.041656732999999946e+00 1.933345800000000128e-02 3.952240000000000093e-04 1.000000000000000000e+00 1.933800000000000102e-02 1.938700000000000145e-02
1.042003951999999956e+00 1.932984000000000091e-02 3.952299999999999954e-04 1.000000000000000000e+00 1.933489999999999862e-02 1.938389999999999905e-02
1.042351287000000015e+00 1.932631199999999827e-02 3.952329999999999884e-04 1.000000000000000000e+00 1.933160000000000087e-02 1.938060000000000130e-02
1.042698737000000042e+00 1.932291900000000090e-02 3.952350000000000199e-04 1.000000000000000000e+00 1.932820000000000024e-02 1.937730000000000008e-02
1.043046303999999980e+00 1.931967100000000007e-02 3.952389999999999745e-04 1.000000000000000000e+00 1.932470000000000021e-02 1.937389999999999946e-02
1.043393986000000107e+00 1.931654500000000094e-02 3.952439999999999990e-04 1.000000000000000000e+00 1.932110000000000077e-02 1.937039999999999942e-02
1.043741784000000061e+00 1.931350100000000028e-02 3.952539999999999938e-04 1.000000000000000000e+00 1.931760000000000074e-02 1.936689999999999939e-02
1.044089698000000066e+00 1.931049699999999938e-02 3.952669999999999816e-04 1.000000000000000000e+00 1.931400000000000131e-02 1.936349999999999877e-02
1.044437727000000038e+00 1.930750499999999911e-02 3.952839999999999783e-04 1.000000000000000000e+00 1.931050000000000127e-02 1.936020000000000102e-02
1.044785872999999921e+00 1.930452599999999894e-02 3.953049999999999837e-04 1.000000000000000000e+00 1.930720000000000006e-02 1.935689999999999980e-02
1.045134135000000075e+00 1.930158100000000168e-02 3.953280000000000205e-04 1.000000000000000000e+00 1.930389999999999884e-02 1.935380000000000086e-02
1.045482513000000058e+00 1.929870699999999828e-02 3.953520000000000189e-04 1.000000000000000000e+00 1.930089999999999931e-02 1.935090000000000074e-02
1.045831007999999951e+00 1.929593300000000122e-02 3.953769999999999789e-04 1.000000000000000000e+00 1.929809999999999859e-02 1.934829999999999883e-02
1.046179618000000033e+00 1.929326300000000147e-02 3.954019999999999931e-04 1.000000000000000000e+00 1.929550000000000015e-02 1.934579999999999980e-02
1.046528343999999944e+00 1.929066600000000145e-02 3.954270000000000072e-04 1.000000000000000000e+00 1.929300000000000112e-02 1.934340000000000018e-02
1.046877186999999987e+00 1.928807399999999880e-02 3.954499999999999899e-04 1.000000000000000000e+00 1.929070000000000090e-02 1.934119999999999936e-02
1.047226146000000080e+00 1.928539799999999874e-02 3.954709999999999953e-04 1.000000000000000000e+00 1.928819999999999840e-02 1.933879999999999974e-02
1.047575222000000084e+00 1.928255099999999847e-02 3.954909999999999849e-04 1.000000000000000000e+00 1.928559999999999997e-02 1.933630000000000071e-02
1.047924413000000055e+00 1.927947799999999920e-02 3.955089999999999973e-04 1.000000000000000000e+00 1.928279999999999925e-02 1.933359999999999940e-02
1.048273722000000019e+00 1.927617499999999956e-02 3.955249999999999782e-04 1.000000000000000000e+00 1.927960000000000090e-02 1.933050000000000046e-02
1.048623145999999950e+00 1.927269499999999941e-02 3.955419999999999748e-04 1.000000000000000000e+00 1.927620000000000028e-02 1.932719999999999924e-02
1.048972687000000015e+00 1.926913400000000026e-02 3.955580000000000099e-04 1.000000000000000000e+00 1.927250000000000144e-02 1.932369999999999921e-02
1.049322344999999990e+00 1.926560299999999920e-02 3.955750000000000065e-04 1.000000000000000000e+00 1.926879999999999912e-02 1.932019999999999918e-02
1.049672119000000015e+00 1.926220299999999858e-02 3.955939999999999804e-04 1.000000000000000000e+00 1.926519999999999969e-02 1.931669999999999915e-02
1.050022009999999950e+00 1.925899899999999887e-02 3.956140000000000242e-04 1.000000000000000000e+00 1.926179999999999906e-02 1.931340000000000140e-02
1.050372016999999936e+00 1.925601299999999891e-02 3.956359999999999912e-04 1.000000000000000000e+00 1.925860000000000072e-02 1.931029999999999899e-02
1.050722141000000054e+00 1.925322800000000070e-02 3.956589999999999738e-04 1.000000000000000000e+00 1.925570000000000059e-02 1.930760000000000115e-02
1.051072382000000083e+00 1.925059999999999966e-02 3.956830000000000265e-04 1.000000000000000000e+00 1.925299999999999928e-02 1.930499999999999924e-02
1.051422738999999940e+00 1.924807300000000096e-02 3.957070000000000249e-04 1.000000000000000000e+00 1.925050000000000025e-02 1.930259999999999962e-02
1.051773212999999929e+00 1.924558200000000066e-02 3.957300000000000075e-04 1.000000000000000000e+00 1.924810000000000063e-02 1.930029999999999940e-02
1.052123804000000051e+00 1.924305800000000038e-02 3.957529999999999902e-04 1.000000000000000000e+00 1.924560000000000159e-02 1.929789999999999978e-02
1.052474512000000084e+00 1.924043199999999829e-02 3.957760000000000271e-04 1.000000000000000000e+00 1.924309999999999909e-02 1.929550000000000015e-02
1.052825337000000028e+00 1.923763100000000156e-02 3.957979999999999940e-04 1.000000000000000000e+00 1.924040000000000125e-02 1.929290000000000171e-02
1.053176279000000104e+00 1.923459500000000016e-02 3.958200000000000151e-04 1.000000000000000000e+00 1.923740000000000172e-02 1.929000000000000159e-02
1.053527338000000091e+00 1.923127999999999990e-02 3.958410000000000205e-04 1.000000000000000000e+00 1.923419999999999991e-02 1.928689999999999918e-02
1.053878512999999906e+00 1.922767599999999910e-02 3.958620000000000259e-04 1.000000000000000000e+00 1.923069999999999988e-02 1.928360000000000143e-02
1.054229805999999936e+00 1.922381100000000037e-02 3.958809999999999998e-04 1.000000000000000000e+00 1.922700000000000103e-02 1.927999999999999853e-02
1.054581216000000099e+00 1.921975100000000020e-02 3.958999999999999737e-04 1.000000000000000000e+00 1.922309999999999991e-02 1.927629999999999968e-02
1.054932742999999951e+00 1.921559499999999851e-02 3.959170000000000245e-04 1.000000000000000000e+00 1.921909999999999938e-02 1.927239999999999856e-02
1.055284388000000018e+00 1.921145700000000123e-02 3.959330000000000054e-04 1.000000000000000000e+00 1.921520000000000172e-02 1.926860000000000031e-02
1.055636148999999913e+00 1.920745199999999986e-02 3.959470000000000090e-04 1.000000000000000000e+00 1.921140000000000000e-02 1.926490000000000147e-02
1.055988028000000023e+00 1.920367400000000044e-02 3.959599999999999969e-04 1.000000000000000000e+00 1.920780000000000057e-02 1.926150000000000084e-02
1.056340024000000044e+00 1.920017300000000093e-02 3.959720000000000232e-04 1.000000000000000000e+00 1.920449999999999935e-02 1.925819999999999962e-02
1.056692136999999976e+00 1.919694799999999840e-02 3.959820000000000180e-04 1.000000000000000000e+00 1.920140000000000041e-02 1.925529999999999950e-02
1.057044367999999901e+00 1.919393100000000088e-02 3.959909999999999971e-04 1.000000000000000000e+00 1.919859999999999969e-02 1.925239999999999937e-02
1.057396715999999959e+00 1.919100500000000056e-02 3.959990000000000146e-04 1.000000000000000000e+00 1.919579999999999897e-02 1.924970000000000153e-02
1.057749182000000010e+00 1.918801900000000060e-02 3.960069999999999779e-04 1.000000000000000000e+00 1.919289999999999885e-02 1.924690000000000081e-02
1.058101764999999972e+00 1.918481899999999879e-02 3.960139999999999797e-04 1.000000000000000000e+00 1.918970000000000051e-02 1.924379999999999841e-02
1.058454465000000067e+00 1.918128499999999931e-02 3.960200000000000200e-04 1.000000000000000000e+00 1.918620000000000048e-02 1.924040000000000125e-02
1.058807282999999932e+00 1.917734899999999978e-02 3.960270000000000218e-04 1.000000000000000000e+00 1.918229999999999935e-02 1.923659999999999953e-02
1.059160219000000014e+00 1.917301100000000022e-02 3.960330000000000079e-04 1.000000000000000000e+00 1.917800000000000060e-02 1.923240000000000019e-02
1.059513272000000006e+00 1.916833500000000162e-02 3.960400000000000096e-04 1.000000000000000000e+00 1.917330000000000076e-02 1.922789999999999916e-02
1.059866444000000074e+00 1.916342799999999971e-02 3.960459999999999957e-04 1.000000000000000000e+00 1.916839999999999863e-02 1.922309999999999991e-02
1.060219731999999970e+00 1.915841999999999892e-02 3.960529999999999975e-04 1.000000000000000000e+00 1.916349999999999998e-02 1.921830000000000066e-02
1.060573138999999943e+00 1.915343900000000127e-02 3.960589999999999835e-04 1.000000000000000000e+00 1.915849999999999845e-02 1.921350000000000141e-02
1.060926663000000048e+00 1.914859400000000142e-02 3.960650000000000238e-04 1.000000000000000000e+00 1.915369999999999920e-02 1.920880000000000157e-02
1.061280306000000007e+00 1.914396499999999890e-02 3.960710000000000099e-04 1.000000000000000000e+00 1.914899999999999936e-02 1.920430000000000054e-02
1.061634066000000098e+00 1.913960500000000051e-02 3.960769999999999959e-04 1.000000000000000000e+00 1.914460000000000120e-02 1.919999999999999832e-02
1.061987943999999962e+00 1.913554799999999875e-02 3.960839999999999977e-04 1.000000000000000000e+00 1.914050000000000126e-02 1.919600000000000126e-02
1.062341940000000040e+00 1.913182199999999972e-02 3.960909999999999995e-04 1.000000000000000000e+00 1.913660000000000014e-02 1.919219999999999954e-02
1.062696053999999890e+00 1.912846199999999885e-02 3.960999999999999786e-04 1.000000000000000000e+00 1.913300000000000070e-02 1.918869999999999951e-02
1.063050285999999955e+00 1.912551599999999866e-02 3.961109999999999891e-04 1.000000000000000000e+00 1.912969999999999948e-02 1.918550000000000116e-02
1.063404636000000014e+00 1.912304100000000034e-02 3.961249999999999927e-04 1.000000000000000000e+00 1.912679999999999936e-02 1.918260000000000104e-02
1.063759104000000066e+00 1.912108800000000136e-02 3.961419999999999894e-04 1.000000000000000000e+00 1.912430000000000033e-02 1.918020000000000141e-02
1.064113689999999890e+00 1.911968799999999927e-02 3.961640000000000105e-04 1.000000000000000000e+00 1.912219999999999892e-02 1.917819999999999941e-02
1.064468395000000012e+00 1.911883699999999964e-02 3.961910000000000019e-04 1.000000000000000000e+00 1.912070000000000089e-02 1.917680000000000079e-02
1.064823217999999905e+00 1.911849300000000029e-02 3.962230000000000179e-04 1.000000000000000000e+00 1.911960000000000048e-02 1.917579999999999979e-02
1.065178159000000013e+00 1.911859200000000023e-02 3.962600000000000042e-04 1.000000000000000000e+00 1.911890000000000117e-02 1.917519999999999988e-02
1.065533217999999893e+00 1.911906799999999948e-02 3.963029999999999765e-04 1.000000000000000000e+00 1.911859999999999948e-02 1.917500000000000107e-02
1.065888396000000071e+00 1.911987600000000093e-02 3.963509999999999733e-04 1.000000000000000000e+00 1.911869999999999889e-02 1.917519999999999988e-02
1.066243692000000021e+00 1.912101399999999868e-02 3.964050000000000104e-04 1.000000000000000000e+00 1.911919999999999939e-02 1.917579999999999979e-02
1.066599107000000046e+00 1.912251900000000102e-02 3.964630000000000020e-04 1.000000000000000000e+00 1.912000000000000158e-02 1.917680000000000079e-02
1.066954640000000065e+00 1.912445899999999990e-02 3.965260000000000182e-04 1.000000000000000000e+00 1.912130000000000080e-02 1.917819999999999941e-02
1.067310291000000078e+00 1.912690400000000013e-02 3.965940000000000047e-04 1.000000000000000000e+00 1.912300000000000111e-02 1.917999999999999913e-02
1.067666060999999944e+00 1.912990700000000155e-02 3.966670000000000157e-04 1.000000000000000000e+00 1.912530000000000133e-02 1.918239999999999876e-02
1.068021950000000109e+00 1.913348900000000005e-02 3.967449999999999970e-04 1.000000000000000000e+00 1.912809999999999858e-02 1.918539999999999829e-02
1.068377957000000045e+00 1.913762899999999975e-02 3.968290000000000185e-04 1.000000000000000000e+00 1.913149999999999920e-02 1.918889999999999832e-02
1.068734083000000057e+00 1.914227300000000132e-02 3.969180000000000104e-04 1.000000000000000000e+00 1.913559999999999914e-02 1.919300000000000173e-02
1.069090327999999923e+00 1.914733299999999902e-02 3.970110000000000110e-04 1.000000000000000000e+00 1.914010000000000017e-02 1.919770000000000157e-02
1.069446691000000005e+00 1.915269699999999978e-02 3.971070000000000047e-04 1.000000000000000000e+00 1.914520000000000111e-02 1.920289999999999844e-02
1.069803174000000023e+00 1.915822699999999990e-02 3.972040000000000141e-04 1.000000000000000000e+00 1.915060000000000026e-02 1.920840000000000047e-02
1.070159775000000035e+00 1.916376499999999927e-02 3.973010000000000235e-04 1.000000000000000000e+00 1.915620000000000170e-02 1.921410000000000132e-02
1.070516494999999901e+00 1.916914100000000065e-02 3.973979999999999787e-04 1.000000000000000000e+00 1.916179999999999967e-02 1.921979999999999869e-02
1.070873332999999983e+00 1.917419399999999857e-02 3.974919999999999951e-04 1.000000000000000000e+00 1.916719999999999882e-02 1.922530000000000072e-02
1.071230291000000001e+00 1.917879600000000143e-02 3.975839999999999800e-04 1.000000000000000000e+00 1.917220000000000035e-02 1.923040000000000166e-02
1.071587368000000096e+00 1.918287200000000012e-02 3.976720000000000103e-04 1.000000000000000000e+00 1.917680000000000079e-02 1.923499999999999863e-02
1.071944564000000044e+00 1.918642300000000106e-02 3.977569999999999934e-04 1.000000000000000000e+00 1.918080000000000132e-02 1.923909999999999856e-02
1.072301879000000069e+00 1.918952200000000052e-02 3.978399999999999992e-04 1.000000000000000000e+00 1.918430000000000135e-02 1.924270000000000147e-02
1.072659312999999948e+00 1.919230900000000115e-02 3.979189999999999962e-04 1.000000000000000000e+00 1.918749999999999969e-02 1.924599999999999922e-02
1.073016865999999903e+00 1.919496199999999944e-02 3.979950000000000002e-04 1.000000000000000000e+00 1.919049999999999923e-02 1.924910000000000163e-02
1.073374537999999934e+00 1.919765400000000150e-02 3.980699999999999885e-04 1.000000000000000000e+00 1.919349999999999876e-02 1.925210000000000116e-02
1.073732329000000041e+00 1.920051399999999839e-02 3.981419999999999838e-04 1.000000000000000000e+00 1.919660000000000116e-02 1.925529999999999950e-02
1.074090240000000085e+00 1.920359099999999902e-02 3.982130000000000175e-04 1.000000000000000000e+00 1.919979999999999951e-02 1.925850000000000131e-02
1.074448269999999983e+00 1.920683600000000144e-02 3.982829999999999812e-04 1.000000000000000000e+00 1.920310000000000072e-02 1.926200000000000134e-02
1.074806420000000040e+00 1.921011800000000172e-02 3.983529999999999992e-04 1.000000000000000000e+00 1.920660000000000076e-02 1.926550000000000137e-02
1.075164688999999951e+00 1.921326300000000126e-02 3.984209999999999857e-04 1.000000000000000000e+00 1.920989999999999850e-02 1.926889999999999853e-02
1.075523076999999939e+00 1.921610699999999963e-02 3.984869999999999949e-04 1.000000000000000000e+00 1.921310000000000032e-02 1.927210000000000034e-02
1.075881584000000002e+00 1.921853499999999840e-02 3.985519999999999883e-04 1.000000000000000000e+00 1.921580000000000163e-02 1.927500000000000047e-02
1.076240212000000085e+00 1.922049899999999853e-02 3.986139999999999887e-04 1.000000000000000000e+00 1.921809999999999838e-02 1.927740000000000009e-02
1.076598957999999939e+00 1.922198799999999888e-02 3.986740000000000119e-04 1.000000000000000000e+00 1.921990000000000157e-02 1.927929999999999922e-02
1.076957825000000035e+00 1.922299499999999967e-02 3.987320000000000035e-04 1.000000000000000000e+00 1.922110000000000138e-02 1.928070000000000131e-02
1.077316810999999985e+00 1.922347500000000028e-02 3.987889999999999794e-04 1.000000000000000000e+00 1.922180000000000069e-02 1.928150000000000003e-02
1.077675916000000012e+00 1.922335500000000100e-02 3.988449999999999938e-04 1.000000000000000000e+00 1.922190000000000010e-02 1.928180000000000172e-02
1.078035142000000057e+00 1.922257999999999953e-02 3.988980000000000152e-04 1.000000000000000000e+00 1.922159999999999841e-02 1.928159999999999943e-02
1.078394486999999957e+00 1.922119300000000100e-02 3.989479999999999893e-04 1.000000000000000000e+00 1.922070000000000028e-02 1.928099999999999953e-02
1.078753950999999933e+00 1.921938899999999992e-02 3.989940000000000088e-04 1.000000000000000000e+00 1.921950000000000047e-02 1.927989999999999912e-02
1.079113535999999929e+00 1.921753000000000003e-02 3.990350000000000038e-04 1.000000000000000000e+00 1.921820000000000125e-02 1.927869999999999931e-02
1.079473241000000083e+00 1.921607300000000018e-02 3.990740000000000216e-04 1.000000000000000000e+00 1.921689999999999857e-02 1.927749999999999950e-02
1.079833065000000092e+00 1.921543800000000135e-02 3.991129999999999851e-04 1.000000000000000000e+00 1.921600000000000044e-02 1.927680000000000018e-02
1.080193009000000037e+00 1.921587199999999843e-02 3.991549999999999959e-04 1.000000000000000000e+00 1.921590000000000104e-02 1.927670000000000078e-02
1.080553074000000002e+00 1.921734400000000079e-02 3.992019999999999770e-04 1.000000000000000000e+00 1.921660000000000035e-02 1.927749999999999950e-02
1.080913258000000043e+00 1.921954400000000160e-02 3.992530000000000211e-04 1.000000000000000000e+00 1.921820000000000125e-02 1.927910000000000040e-02
1.081273563000000104e+00 1.922197100000000089e-02 3.993080000000000197e-04 1.000000000000000000e+00 1.922029999999999919e-02 1.928130000000000122e-02
1.081633987000000019e+00 1.922408100000000050e-02 3.993639999999999799e-04 1.000000000000000000e+00 1.922269999999999882e-02 1.928360000000000143e-02
1.081994531999999953e+00 1.922543700000000147e-02 3.994159999999999855e-04 1.000000000000000000e+00 1.922480000000000022e-02 1.928579999999999878e-02
1.082355197000000047e+00 1.922580700000000101e-02 3.994599999999999735e-04 1.000000000000000000e+00 1.922640000000000113e-02 1.928739999999999968e-02
1.082715982000000077e+00 1.922517899999999849e-02 3.994949999999999825e-04 1.000000000000000000e+00 1.922729999999999925e-02 1.928830000000000128e-02
1.083076887000000044e+00 1.922371000000000149e-02 3.995189999999999809e-04 1.000000000000000000e+00 1.922750000000000153e-02 1.928840000000000068e-02
1.083437913000000030e+00 1.922166499999999889e-02 3.995310000000000072e-04 1.000000000000000000e+00 1.922700000000000103e-02 1.928790000000000018e-02
1.083799058999999954e+00 1.921937500000000035e-02 3.995310000000000072e-04 1.000000000000000000e+00 1.922619999999999885e-02 1.928699999999999859e-02
1.084160325000000036e+00 1.921725700000000148e-02 3.995229999999999897e-04 1.000000000000000000e+00 1.922509999999999844e-02 1.928590000000000165e-02
1.084521711999999916e+00 1.921584399999999929e-02 3.995089999999999861e-04 1.000000000000000000e+00 1.922429999999999972e-02 1.928490000000000065e-02
1.084883218999999954e+00 1.921578999999999995e-02 3.994930000000000052e-04 1.000000000000000000e+00 1.922400000000000150e-02 1.928449999999999956e-02
1.085244847000000012e+00 1.921779100000000143e-02 3.994819999999999947e-04 1.000000000000000000e+00 1.922470000000000082e-02 1.928509999999999946e-02
1.085606595000000008e+00 1.922242099999999995e-02 3.994830000000000104e-04 1.000000000000000000e+00 1.922710000000000044e-02 1.928730000000000028e-02
1.085968464000000022e+00 1.922992199999999999e-02 3.995030000000000000e-04 1.000000000000000000e+00 1.923160000000000147e-02 1.929159999999999903e-02
1.086330452999999974e+00 1.924005100000000107e-02 3.995460000000000266e-04 1.000000000000000000e+00 1.923849999999999866e-02 1.929830000000000087e-02
1.086692562999999945e+00 1.925206100000000087e-02 3.996110000000000200e-04 1.000000000000000000e+00 1.924769999999999953e-02 1.930720000000000006e-02
1.087054793999999935e+00 1.926484499999999919e-02 3.996919999999999943e-04 1.000000000000000000e+00 1.925879999999999953e-02 1.931799999999999837e-02
1.087417145999999946e+00 1.927720999999999948e-02 3.997800000000000247e-04 1.000000000000000000e+00 1.927090000000000053e-02 1.932980000000000115e-02
1.087779617999999893e+00 1.928817799999999957e-02 3.998660000000000235e-04 1.000000000000000000e+00 1.928310000000000093e-02 1.934169999999999986e-02
1.088142211000000081e+00 1.929720899999999920e-02 3.999380000000000187e-04 1.000000000000000000e+00 1.929439999999999975e-02 1.935270000000000046e-02
1.088504925999999928e+00 1.930426199999999912e-02 3.999909999999999859e-04 1.000000000000000000e+00 1.930439999999999934e-02 1.936229999999999896e-02
1.088867760999999934e+00 1.930969600000000119e-02 4.000240000000000176e-04 1.000000000000000000e+00 1.931259999999999921e-02 1.937020000000000061e-02
1.089230716000000099e+00 1.931405500000000011e-02 4.000389999999999827e-04 1.000000000000000000e+00 1.931920000000000165e-02 1.937639999999999849e-02
1.089593792999999922e+00 1.931783499999999848e-02 4.000399999999999985e-04 1.000000000000000000e+00 1.932460000000000080e-02 1.938130000000000061e-02
1.089956990999999986e+00 1.932133999999999935e-02 4.000319999999999809e-04 1.000000000000000000e+00 1.932899999999999896e-02 1.938530000000000114e-02
1.090320310000000070e+00 1.932466500000000129e-02 4.000189999999999931e-04 1.000000000000000000e+00 1.933290000000000008e-02 1.938880000000000117e-02
1.090683749999999952e+00 1.932780599999999946e-02 4.000019999999999964e-04 1.000000000000000000e+00 1.933640000000000012e-02 1.939190000000000011e-02
1.091047311999999936e+00 1.933081099999999983e-02 3.999839999999999841e-04 1.000000000000000000e+00 1.933970000000000133e-02 1.939470000000000083e-02
1.091410994000000079e+00 1.933386999999999953e-02 3.999639999999999944e-04 1.000000000000000000e+00 1.934289999999999968e-02 1.939750000000000155e-02
1.091774798000000102e+00 1.933729000000000003e-02 3.999429999999999891e-04 1.000000000000000000e+00 1.934610000000000149e-02 1.940029999999999880e-02
1.092138722999999922e+00 1.934134599999999884e-02 3.999259999999999924e-04 1.000000000000000000e+00 1.934949999999999865e-02 1.940329999999999833e-02
1.092502768999999985e+00 1.934609799999999907e-02 3.999149999999999819e-04 1.000000000000000000e+00 1.935330000000000036e-02 1.940669999999999895e-02
1.092866936000000067e+00 1.935129299999999858e-02 3.999109999999999731e-04 1.000000000000000000e+00 1.935749999999999971e-02 1.941040000000000126e-02
1.093231225000000029e+00 1.935640599999999961e-02 3.999140000000000203e-04 1.000000000000000000e+00 1.936169999999999905e-02 1.941419999999999951e-02
1.093595636000000093e+00 1.936081900000000133e-02 3.999219999999999837e-04 1.000000000000000000e+00 1.936569999999999958e-02 1.941789999999999836e-02
1.093960167999999955e+00 1.936405399999999860e-02 3.999329999999999942e-04 1.000000000000000000e+00 1.936890000000000139e-02 1.942079999999999848e-02
1.094324821000000059e+00 1.936590200000000081e-02 3.999419999999999733e-04 1.000000000000000000e+00 1.937099999999999933e-02 1.942270000000000107e-02
1.094689596000000043e+00 1.936640099999999837e-02 3.999489999999999751e-04 1.000000000000000000e+00 1.937180000000000152e-02 1.942330000000000098e-02
1.095054492999999907e+00 1.936566199999999877e-02 3.999550000000000154e-04 1.000000000000000000e+00 1.937140000000000042e-02 1.942280000000000048e-02
1.095419511000000012e+00 1.936362999999999973e-02 3.999590000000000241e-04 1.000000000000000000e+00 1.936970000000000011e-02 1.942100000000000076e-02
1.095784650999999998e+00 1.935994099999999857e-02 3.999590000000000241e-04 1.000000000000000000e+00 1.936670000000000058e-02 1.941810000000000064e-02
1.096149912000000004e+00 1.935393900000000056e-02 3.999520000000000223e-04 1.000000000000000000e+00 1.936229999999999896e-02 1.941369999999999901e-02
1.096515294999999890e+00 1.934488100000000127e-02 3.999300000000000012e-04 1.000000000000000000e+00 1.935600000000000168e-02 1.940740000000000173e-02
1.096880800999999961e+00 1.933223699999999864e-02 3.998839999999999817e-04 1.000000000000000000e+00 1.934719999999999843e-02 1.939870000000000136e-02
1.097246428000000051e+00 1.931597100000000122e-02 3.998079999999999776e-04 1.000000000000000000e+00 1.933549999999999852e-02 1.938710000000000086e-02
1.097612175999999939e+00 1.929668400000000145e-02 3.996970000000000189e-04 1.000000000000000000e+00 1.932089999999999849e-02 1.937250000000000083e-02
1.097978047000000013e+00 1.927555900000000114e-02 3.995560000000000214e-04 1.000000000000000000e+00 1.930370000000000003e-02 1.935529999999999889e-02
1.098344039999999966e+00 1.925414199999999840e-02 3.993910000000000255e-04 1.000000000000000000e+00 1.928480000000000125e-02 1.933630000000000071e-02
1.098710153999999939e+00 1.923400299999999952e-02 3.992140000000000033e-04 1.000000000000000000e+00 1.926510000000000028e-02 1.931659999999999974e-02
1.099076391000000097e+00 1.921639899999999859e-02 3.990420000000000056e-04 1.000000000000000000e+00 1.924599999999999922e-02 1.929739999999999928e-02
1.099442749999999913e+00 1.920201599999999884e-02 3.988849999999999731e-04 1.000000000000000000e+00 1.922849999999999906e-02 1.927989999999999912e-02
1.099809231000000054e+00 1.919087100000000171e-02 3.987549999999999862e-04 1.000000000000000000e+00 1.921339999999999854e-02 1.926469999999999919e-02
1.100175834000000075e+00 1.918238200000000129e-02 3.986540000000000222e-04 1.000000000000000000e+00 1.920070000000000110e-02 1.925199999999999828e-02
1.100542558999999976e+00 1.917559599999999961e-02 3.985810000000000112e-04 1.000000000000000000e+00 1.919039999999999982e-02 1.924170000000000047e-02
1.100909407000000062e+00 1.916947600000000126e-02 3.985309999999999829e-04 1.000000000000000000e+00 1.918179999999999885e-02 1.923309999999999950e-02
1.101276377000000029e+00 1.916314100000000159e-02 3.984939999999999967e-04 1.000000000000000000e+00 1.917409999999999948e-02 1.922540000000000013e-02
1.101643469000000097e+00 1.915601000000000109e-02 3.984640000000000122e-04 1.000000000000000000e+00 1.916649999999999951e-02 1.921799999999999897e-02
1.102010683000000046e+00 1.914778099999999914e-02 3.984339999999999735e-04 1.000000000000000000e+00 1.915860000000000132e-02 1.921020000000000019e-02
1.102378019999999959e+00 1.913834700000000000e-02 3.984009999999999960e-04 1.000000000000000000e+00 1.915000000000000036e-02 1.920169999999999863e-02
1.102745478999999973e+00 1.912767400000000076e-02 3.983600000000000010e-04 1.000000000000000000e+00 1.914039999999999839e-02 1.919219999999999954e-02
1.103113060999999950e+00 1.911573399999999881e-02 3.983120000000000042e-04 1.000000000000000000e+00 1.912979999999999889e-02 1.918179999999999885e-02
1.103480765999999891e+00 1.910253199999999846e-02 3.982519999999999810e-04 1.000000000000000000e+00 1.911819999999999839e-02 1.917030000000000123e-02
1.103848592000000073e+00 1.908816299999999827e-02 3.981799999999999858e-04 1.000000000000000000e+00 1.910560000000000036e-02 1.915789999999999854e-02
1.104216542000000079e+00 1.907287400000000008e-02 3.980950000000000027e-04 1.000000000000000000e+00 1.909220000000000014e-02 1.914460000000000120e-02
1.104584613999999965e+00 1.905706600000000098e-02 3.979969999999999775e-04 1.000000000000000000e+00 1.907810000000000061e-02 1.913060000000000108e-02
1.104952809000000036e+00 1.904118700000000108e-02 3.978869999999999803e-04 1.000000000000000000e+00 1.906359999999999999e-02 1.911610000000000045e-02
1.105321127000000070e+00 1.902558400000000163e-02 3.977680000000000039e-04 1.000000000000000000e+00 1.904890000000000055e-02 1.910140000000000102e-02
1.105689566999999984e+00 1.901033699999999868e-02 3.976440000000000031e-04 1.000000000000000000e+00 1.903430000000000052e-02 1.908670000000000158e-02
1.106058130000000084e+00 1.899519900000000081e-02 3.975159999999999935e-04 1.000000000000000000e+00 1.901970000000000049e-02 1.907199999999999868e-02
1.106426815999999924e+00 1.897959800000000030e-02 3.973839999999999751e-04 1.000000000000000000e+00 1.900479999999999878e-02 1.905710000000000043e-02
1.106795624999999950e+00 1.896277700000000010e-02 3.972439999999999934e-04 1.000000000000000000e+00 1.898940000000000003e-02 1.904159999999999880e-02
1.107164556999999938e+00 1.894389499999999879e-02 3.970900000000000081e-04 1.000000000000000000e+00 1.897290000000000088e-02 1.902500000000000024e-02
1.107533611999999890e+00 1.892209099999999852e-02 3.969159999999999789e-04 1.000000000000000000e+00 1.895449999999999913e-02 1.900649999999999909e-02
1.107902790000000026e+00 1.889643800000000151e-02 3.967120000000000195e-04 1.000000000000000000e+00 1.893349999999999894e-02 1.898530000000000009e-02
1.108272090999999904e+00 1.886589199999999869e-02 3.964710000000000196e-04 1.000000000000000000e+00 1.890889999999999932e-02 1.896060000000000106e-02
1.108641514999999966e+00 1.882922299999999910e-02 3.961799999999999914e-04 1.000000000000000000e+00 1.887979999999999867e-02 1.893130000000000160e-02
1.109011061999999992e+00 1.878509199999999976e-02 3.958289999999999942e-04 1.000000000000000000e+00 1.884490000000000123e-02 1.889619999999999841e-02
1.109380731999999981e+00 1.873222700000000060e-02 3.954049999999999861e-04 1.000000000000000000e+00 1.880280000000000146e-02 1.885399999999999923e-02
1.109750526000000015e+00 1.866953899999999889e-02 3.948959999999999949e-04 1.000000000000000000e+00 1.875239999999999893e-02 1.880340000000000136e-02
1.110120443000000012e+00 1.859615900000000099e-02 3.942940000000000030e-04 1.000000000000000000e+00 1.869240000000000138e-02 1.874320000000000153e-02
1.110490482999999973e+00 1.851143200000000127e-02 3.935890000000000157e-04 1.000000000000000000e+00 1.862209999999999907e-02 1.867270000000000041e-02
1.110860645999999896e+00 1.841482800000000114e-02 3.927739999999999769e-04 1.000000000000000000e+00 1.854079999999999964e-02 1.859119999999999870e-02
1.111230933000000087e+00 1.830600300000000125e-02 3.918430000000000090e-04 1.000000000000000000e+00 1.844799999999999912e-02 1.849819999999999937e-02
1.111601344000000102e+00 1.818475799999999878e-02 3.907900000000000176e-04 1.000000000000000000e+00 1.834339999999999929e-02 1.839340000000000072e-02
1.111971876999999997e+00 1.805102000000000095e-02 3.896080000000000008e-04 1.000000000000000000e+00 1.822690000000000074e-02 1.827660000000000048e-02
1.112342535000000021e+00 1.790453599999999867e-02 3.882930000000000040e-04 1.000000000000000000e+00 1.809830000000000119e-02 1.814769999999999925e-02
1.112713314999999925e+00 1.774444099999999969e-02 3.868380000000000256e-04 1.000000000000000000e+00 1.795700000000000074e-02 1.800610000000000058e-02
1.113084219999999958e+00 1.756909799999999827e-02 3.852300000000000234e-04 1.000000000000000000e+00 1.780239999999999947e-02 1.785110000000000169e-02
1.113455247999999953e+00 1.737651100000000073e-02 3.834509999999999850e-04 1.000000000000000000e+00 1.763280000000000056e-02 1.768110000000000168e-02
1.113826399999999994e+00 1.716550600000000051e-02 3.814830000000000066e-04 1.000000000000000000e+00 1.744659999999999961e-02 1.749449999999999963e-02
1.114197674999999998e+00 1.693756999999999902e-02 3.793150000000000232e-04 1.000000000000000000e+00 1.724329999999999960e-02 1.729050000000000031e-02
1.114569074000000048e+00 1.669834900000000122e-02 3.769600000000000229e-04 1.000000000000000000e+00 1.702410000000000034e-02 1.707080000000000056e-02
1.114940596999999922e+00 1.645819399999999891e-02 3.744689999999999954e-04 1.000000000000000000e+00 1.679409999999999931e-02 1.684019999999999961e-02
1.115312244000000064e+00 1.623082699999999975e-02 3.719349999999999956e-04 1.000000000000000000e+00 1.656180000000000152e-02 1.660729999999999845e-02
1.115684015000000029e+00 1.603043800000000102e-02 3.694869999999999947e-04 1.000000000000000000e+00 1.633889999999999995e-02 1.638380000000000045e-02
1.116055910000000040e+00 1.586790600000000107e-02 3.672629999999999970e-04 1.000000000000000000e+00 1.613749999999999907e-02 1.618179999999999966e-02
1.116427928000000014e+00 1.574772799999999903e-02 3.653780000000000244e-04 1.000000000000000000e+00 1.596720000000000084e-02 1.601110000000000033e-02
1.116800070999999894e+00 1.566671799999999962e-02 3.638949999999999845e-04 1.000000000000000000e+00 1.583330000000000154e-02 1.587670000000000053e-02
1.117172338000000043e+00 1.561499700000000025e-02 3.628069999999999841e-04 1.000000000000000000e+00 1.573460000000000136e-02 1.577780000000000155e-02
1.117544727999999932e+00 1.557889500000000059e-02 3.620429999999999894e-04 1.000000000000000000e+00 1.566450000000000134e-02 1.570749999999999924e-02
1.117917242999999949e+00 1.554437000000000006e-02 3.614849999999999856e-04 1.000000000000000000e+00 1.561249999999999964e-02 1.565539999999999987e-02
1.118289882000000013e+00 1.549976599999999989e-02 3.609999999999999928e-04 1.000000000000000000e+00 1.556699999999999924e-02 1.560970000000000066e-02
1.118662645999999983e+00 1.543692999999999975e-02 3.604659999999999874e-04 1.000000000000000000e+00 1.551710000000000068e-02 1.555969999999999923e-02
1.119035532999999916e+00 1.535101500000000084e-02 3.597839999999999827e-04 1.000000000000000000e+00 1.545440000000000008e-02 1.549689999999999922e-02
1.119408544999999977e+00 1.523979100000000080e-02 3.588880000000000238e-04 1.000000000000000000e+00 1.537290000000000011e-02 1.541520000000000043e-02
1.119781681000000084e+00 1.510347000000000078e-02 3.577359999999999915e-04 1.000000000000000000e+00 1.526929999999999954e-02 1.531129999999999991e-02
1.120154942000000098e+00 1.494546100000000016e-02 3.563169999999999836e-04 1.000000000000000000e+00 1.514270000000000026e-02 1.518450000000000008e-02
1.120528326999999935e+00 1.477348799999999955e-02 3.546590000000000072e-04 1.000000000000000000e+00 1.499589999999999951e-02 1.503729999999999997e-02
1.120901836000000040e+00 1.460002500000000085e-02 3.528320000000000262e-04 1.000000000000000000e+00 1.483510000000000037e-02 1.487630000000000029e-02
1.121275470000000052e+00 1.444093400000000076e-02 3.509580000000000100e-04 1.000000000000000000e+00 1.467109999999999942e-02 1.471189999999999998e-02
1.121649228999999970e+00 1.431207599999999996e-02 3.491939999999999909e-04 1.000000000000000000e+00 1.451719999999999920e-02 1.455769999999999981e-02
1.122023111999999934e+00 1.422495200000000078e-02 3.477040000000000035e-04 1.000000000000000000e+00 1.438689999999999934e-02 1.442719999999999940e-02
1.122397120000000026e+00 1.418296299999999982e-02 3.466170000000000188e-04 1.000000000000000000e+00 1.429079999999999934e-02 1.433090000000000058e-02
1.122771251999999942e+00 1.418024799999999946e-02 3.459879999999999813e-04 1.000000000000000000e+00 1.423310000000000027e-02 1.427310000000000037e-02
1.123145508999999986e+00 1.420376500000000014e-02 3.457840000000000219e-04 1.000000000000000000e+00 1.421080000000000086e-02 1.425099999999999978e-02
1.123519890999999937e+00 1.423803499999999958e-02 3.459010000000000210e-04 1.000000000000000000e+00 1.421520000000000075e-02 1.425550000000000081e-02
1.123894396999999934e+00 1.427064100000000058e-02 3.461979999999999810e-04 1.000000000000000000e+00 1.423460000000000003e-02 1.427510000000000064e-02
1.124269028999999920e+00 1.429615600000000084e-02 3.465510000000000096e-04 1.000000000000000000e+00 1.425880000000000029e-02 1.429949999999999971e-02
1.124643784999999951e+00 1.431687899999999937e-02 3.468929999999999735e-04 1.000000000000000000e+00 1.428220000000000010e-02 1.432310000000000007e-02
1.125018666999999972e+00 1.434030099999999974e-02 3.472230000000000195e-04 1.000000000000000000e+00 1.430470000000000005e-02 1.434580000000000057e-02
1.125393673000000039e+00 1.437474400000000006e-02 3.475899999999999975e-04 1.000000000000000000e+00 1.433060000000000063e-02 1.437180000000000055e-02
1.125768804000000012e+00 1.442531900000000068e-02 3.480590000000000094e-04 1.000000000000000000e+00 1.436519999999999984e-02 1.440660000000000031e-02
1.126144059999999891e+00 1.449217600000000071e-02 3.486769999999999822e-04 1.000000000000000000e+00 1.441270000000000051e-02 1.445429999999999979e-02
1.126519441999999982e+00 1.457163700000000013e-02 3.494519999999999875e-04 1.000000000000000000e+00 1.447380000000000021e-02 1.451569999999999944e-02
1.126894947999999896e+00 1.465933900000000040e-02 3.503620000000000042e-04 1.000000000000000000e+00 1.454699999999999917e-02 1.458899999999999954e-02
1.127270580000000022e+00 1.475371399999999937e-02 3.513769999999999936e-04 1.000000000000000000e+00 1.462959999999999955e-02 1.467189999999999987e-02
1.127646337000000054e+00 1.485801599999999993e-02 3.524849999999999837e-04 1.000000000000000000e+00 1.472110000000000085e-02 1.476359999999999999e-02
1.128022218999999993e+00 1.497969000000000037e-02 3.537169999999999746e-04 1.000000000000000000e+00 1.482370000000000042e-02 1.486649999999999951e-02
1.128398226000000060e+00 1.512730900000000024e-02 3.551350000000000210e-04 1.000000000000000000e+00 1.494310000000000083e-02 1.498610000000000046e-02
1.128774358999999894e+00 1.530606200000000049e-02 3.568120000000000254e-04 1.000000000000000000e+00 1.508529999999999940e-02 1.512870000000000013e-02
1.129150617000000079e+00 1.551308499999999937e-02 3.587880000000000214e-04 1.000000000000000000e+00 1.525420000000000074e-02 1.529800000000000083e-02
1.129526999999999948e+00 1.573436900000000152e-02 3.610299999999999772e-04 1.000000000000000000e+00 1.544710000000000007e-02 1.549129999999999951e-02
1.129903509000000028e+00 1.594428900000000038e-02 3.634019999999999742e-04 1.000000000000000000e+00 1.565259999999999915e-02 1.569720000000000143e-02
1.130280144000000098e+00 1.610838800000000126e-02 3.656600000000000193e-04 1.000000000000000000e+00 1.584930000000000019e-02 1.589439999999999950e-02
1.130656904000000074e+00 1.618909199999999868e-02 3.674780000000000212e-04 1.000000000000000000e+00 1.600829999999999961e-02 1.605380000000000001e-02
1.131033790000000039e+00 1.615339699999999989e-02 3.684960000000000037e-04 1.000000000000000000e+00 1.609729999999999842e-02 1.614279999999999882e-02
1.131410800999999910e+00 1.598099199999999942e-02 3.683860000000000064e-04 1.000000000000000000e+00 1.608659999999999951e-02 1.613200000000000051e-02
1.131787937999999993e+00 1.567089400000000118e-02 3.669190000000000017e-04 1.000000000000000000e+00 1.595649999999999846e-02 1.600129999999999955e-02
1.132165201000000065e+00 1.524509599999999965e-02 3.640310000000000117e-04 1.000000000000000000e+00 1.570279999999999940e-02 1.574669999999999889e-02
1.132542589000000044e+00 1.474804199999999940e-02 3.598639999999999955e-04 1.000000000000000000e+00 1.534070000000000052e-02 1.538349999999999961e-02
1.132920103000000012e+00 1.424157000000000027e-02 3.547830000000000081e-04 1.000000000000000000e+00 1.490529999999999980e-02 1.494670000000000026e-02
1.133297742999999969e+00 1.379567899999999993e-02 3.493610000000000183e-04 1.000000000000000000e+00 1.444780000000000023e-02 1.448759999999999978e-02
1.133675508999999915e+00 1.347675400000000051e-02 3.443140000000000241e-04 1.000000000000000000e+00 1.402819999999999935e-02 1.406649999999999914e-02
1.134053401000000072e+00 1.333525999999999982e-02 3.403880000000000078e-04 1.000000000000000000e+00 1.370599999999999943e-02 1.374320000000000055e-02
1.134431418999999996e+00 1.339602500000000064e-02 3.382209999999999861e-04 1.000000000000000000e+00 1.352949999999999986e-02 1.356579999999999939e-02
1.134809562999999910e+00 1.365342500000000028e-02 3.381960000000000261e-04 1.000000000000000000e+00 1.352700000000000083e-02 1.356289999999999926e-02
1.135187831999999952e+00 1.407309600000000022e-02 3.403519999999999831e-04 1.000000000000000000e+00 1.370159999999999954e-02 1.373760000000000085e-02
1.135566228000000066e+00 1.459980800000000058e-02 3.443830000000000263e-04 1.000000000000000000e+00 1.403159999999999998e-02 1.406800000000000064e-02
1.135944749999999948e+00 1.516934099999999938e-02 3.497260000000000191e-04 1.000000000000000000e+00 1.447520000000000057e-02 1.451230000000000055e-02
1.136323398999999901e+00 1.572110800000000100e-02 3.557060000000000126e-04 1.000000000000000000e+00 1.497979999999999971e-02 1.501770000000000015e-02
1.136702172999999982e+00 1.620815800000000029e-02 3.616769999999999729e-04 1.000000000000000000e+00 1.549219999999999937e-02 1.553090000000000026e-02
1.137081073999999914e+00 1.660239300000000001e-02 3.671279999999999856e-04 1.000000000000000000e+00 1.596730000000000024e-02 1.600669999999999871e-02
1.137460101000000057e+00 1.689448500000000075e-02 3.717309999999999820e-04 1.000000000000000000e+00 1.637380000000000085e-02 1.641369999999999982e-02
1.137839253999999967e+00 1.708996499999999863e-02 3.753399999999999944e-04 1.000000000000000000e+00 1.669560000000000141e-02 1.673600000000000088e-02
1.138218533999999948e+00 1.720352899999999866e-02 3.779589999999999773e-04 1.000000000000000000e+00 1.693050000000000110e-02 1.697099999999999997e-02
1.138597939999999920e+00 1.725373599999999868e-02 3.796919999999999961e-04 1.000000000000000000e+00 1.708580000000000168e-02 1.712649999999999936e-02
1.138977472999999963e+00 1.725927500000000100e-02 3.806959999999999750e-04 1.000000000000000000e+00 1.717480000000000048e-02 1.721560000000000104e-02
1.139357131999999995e+00 1.723699700000000043e-02 3.811479999999999903e-04 1.000000000000000000e+00 1.721299999999999913e-02 1.725389999999999910e-02
1.139736918000000099e+00 1.720079000000000052e-02 3.812220000000000170e-04 1.000000000000000000e+00 1.721589999999999926e-02 1.725679999999999922e-02
1.140116829999999970e+00 1.716067400000000076e-02 3.810670000000000160e-04 1.000000000000000000e+00 1.719700000000000048e-02 1.723819999999999866e-02
1.140496868999999913e+00 1.712170000000000011e-02 3.808010000000000019e-04 1.000000000000000000e+00 1.716689999999999883e-02 1.720850000000000157e-02
1.140877034999999928e+00 1.708300399999999886e-02 3.804899999999999840e-04 1.000000000000000000e+00 1.713189999999999852e-02 1.717399999999999829e-02
1.141257326999999933e+00 1.703787600000000041e-02 3.801459999999999887e-04 1.000000000000000000e+00 1.709319999999999937e-02 1.713579999999999964e-02
1.141637746000000009e+00 1.697550299999999943e-02 3.797229999999999963e-04 1.000000000000000000e+00 1.704659999999999856e-02 1.708979999999999874e-02
1.142018291999999935e+00 1.688420900000000072e-02 3.791290000000000220e-04 1.000000000000000000e+00 1.698430000000000079e-02 1.702820000000000028e-02
1.142398964999999933e+00 1.675562300000000074e-02 3.782629999999999933e-04 1.000000000000000000e+00 1.689749999999999933e-02 1.694179999999999992e-02
1.142779763999999920e+00 1.658814700000000100e-02 3.770420000000000130e-04 1.000000000000000000e+00 1.677889999999999937e-02 1.682360000000000105e-02
1.143160691000000062e+00 1.638858799999999907e-02 3.754389999999999811e-04 1.000000000000000000e+00 1.662659999999999832e-02 1.667160000000000170e-02
1.143541743999999971e+00 1.617135399999999890e-02 3.734979999999999941e-04 1.000000000000000000e+00 1.644510000000000069e-02 1.649020000000000000e-02
1.143922925000000035e+00 1.595555099999999837e-02 3.713370000000000126e-04 1.000000000000000000e+00 1.624530000000000071e-02 1.629040000000000002e-02
1.144304232999999948e+00 1.576108600000000054e-02 3.691270000000000185e-04 1.000000000000000000e+00 1.604270000000000002e-02 1.608769999999999992e-02
1.144685667000000073e+00 1.560511399999999979e-02 3.670629999999999921e-04 1.000000000000000000e+00 1.585419999999999885e-02 1.589909999999999934e-02
1.145067228999999909e+00 1.549956700000000055e-02 3.653279999999999961e-04 1.000000000000000000e+00 1.569560000000000052e-02 1.574040000000000161e-02
1.145448918000000038e+00 1.545018199999999980e-02 3.640669999999999822e-04 1.000000000000000000e+00 1.557900000000000083e-02 1.562389999999999959e-02
1.145830735000000100e+00 1.545637100000000000e-02 3.633679999999999809e-04 1.000000000000000000e+00 1.551169999999999979e-02 1.555680000000000084e-02
1.146212677999999929e+00 1.551182800000000007e-02 3.632539999999999749e-04 1.000000000000000000e+00 1.549530000000000005e-02 1.554069999999999931e-02
1.146594748999999913e+00 1.560554299999999950e-02 3.636849999999999849e-04 1.000000000000000000e+00 1.552620000000000042e-02 1.557200000000000077e-02
1.146976946999999969e+00 1.572337999999999861e-02 3.645620000000000241e-04 1.000000000000000000e+00 1.559609999999999989e-02 1.564230000000000134e-02
1.147359272999999957e+00 1.585033300000000117e-02 3.657490000000000112e-04 1.000000000000000000e+00 1.569330000000000030e-02 1.574009999999999992e-02
1.147741726000000018e+00 1.597321700000000136e-02 3.670960000000000239e-04 1.000000000000000000e+00 1.580509999999999901e-02 1.585239999999999913e-02
1.148124307000000011e+00 1.608301399999999964e-02 3.684630000000000262e-04 1.000000000000000000e+00 1.591940000000000022e-02 1.596720000000000084e-02
1.148507015000000075e+00 1.617605700000000063e-02 3.697470000000000227e-04 1.000000000000000000e+00 1.602730000000000127e-02 1.607549999999999951e-02
1.148889851000000073e+00 1.625344299999999936e-02 3.708919999999999990e-04 1.000000000000000000e+00 1.612359999999999835e-02 1.617220000000000116e-02
1.149272813999999920e+00 1.631911600000000157e-02 3.718850000000000215e-04 1.000000000000000000e+00 1.620749999999999968e-02 1.625640000000000071e-02
1.149655904999999922e+00 1.637737800000000146e-02 3.727469999999999872e-04 1.000000000000000000e+00 1.628040000000000043e-02 1.632959999999999967e-02
1.150039122999999996e+00 1.643117200000000083e-02 3.735069999999999731e-04 1.000000000000000000e+00 1.634510000000000129e-02 1.639449999999999935e-02
1.150422470000000086e+00 1.648174100000000114e-02 3.741920000000000250e-04 1.000000000000000000e+00 1.640379999999999963e-02 1.645339999999999997e-02
1.150805944000000025e+00 1.652957199999999932e-02 3.748199999999999926e-04 1.000000000000000000e+00 1.645800000000000041e-02 1.650770000000000015e-02
1.151189545999999897e+00 1.657586600000000160e-02 3.754040000000000263e-04 1.000000000000000000e+00 1.650870000000000115e-02 1.655850000000000030e-02
1.151573275999999924e+00 1.662351000000000106e-02 3.759659999999999847e-04 1.000000000000000000e+00 1.655739999999999990e-02 1.660729999999999845e-02
1.151957133000000022e+00 1.667692100000000080e-02 3.765360000000000148e-04 1.000000000000000000e+00 1.660680000000000142e-02 1.665679999999999938e-02
1.152341118999999914e+00 1.674091399999999910e-02 3.771599999999999736e-04 1.000000000000000000e+00 1.666060000000000110e-02 1.671080000000000135e-02
1.152725232999999960e+00 1.681912400000000127e-02 3.778839999999999890e-04 1.000000000000000000e+00 1.672279999999999947e-02 1.677319999999999853e-02
1.153109474999999939e+00 1.691282399999999991e-02 3.787460000000000089e-04 1.000000000000000000e+00 1.679670000000000121e-02 1.684739999999999849e-02
1.153493843999999990e+00 1.702056999999999876e-02 3.797639999999999913e-04 1.000000000000000000e+00 1.688390000000000030e-02 1.693489999999999926e-02
1.153878342000000057e+00 1.713869599999999840e-02 3.809299999999999731e-04 1.000000000000000000e+00 1.698389999999999969e-02 1.703539999999999915e-02
1.154262968999999917e+00 1.726232399999999903e-02 3.822140000000000238e-04 1.000000000000000000e+00 1.709429999999999977e-02 1.714629999999999974e-02
1.154647723000000070e+00 1.738637700000000147e-02 3.835719999999999928e-04 1.000000000000000000e+00 1.721150000000000110e-02 1.726400000000000157e-02
1.155032604999999934e+00 1.750636499999999943e-02 3.849540000000000145e-04 1.000000000000000000e+00 1.733109999999999859e-02 1.738429999999999837e-02
1.155417616000000036e+00 1.761875699999999878e-02 3.863119999999999835e-04 1.000000000000000000e+00 1.744909999999999864e-02 1.750279999999999891e-02
1.155802755999999931e+00 1.772115900000000022e-02 3.876050000000000133e-04 1.000000000000000000e+00 1.756169999999999953e-02 1.761590000000000031e-02
1.156188022999999898e+00 1.781236699999999909e-02 3.888060000000000040e-04 1.000000000000000000e+00 1.766629999999999936e-02 1.772100000000000064e-02
1.156573419000000102e+00 1.789237800000000045e-02 3.898980000000000132e-04 1.000000000000000000e+00 1.776109999999999842e-02 1.781620000000000079e-02
1.156958944000000100e+00 1.796233599999999889e-02 3.908760000000000164e-04 1.000000000000000000e+00 1.784559999999999966e-02 1.790119999999999906e-02
1.157344597000000030e+00 1.802435200000000043e-02 3.917489999999999926e-04 1.000000000000000000e+00 1.792049999999999893e-02 1.797640000000000002e-02
1.157730377999999893e+00 1.808116099999999837e-02 3.925350000000000085e-04 1.000000000000000000e+00 1.798730000000000120e-02 1.804369999999999932e-02
1.158116287999999994e+00 1.813572199999999995e-02 3.932580000000000082e-04 1.000000000000000000e+00 1.804839999999999917e-02 1.810519999999999838e-02
1.158502327000000109e+00 1.819081399999999960e-02 3.939430000000000058e-04 1.000000000000000000e+00 1.810650000000000107e-02 1.816359999999999850e-02
1.158888493999999936e+00 1.824873100000000067e-02 3.946180000000000087e-04 1.000000000000000000e+00 1.816409999999999900e-02 1.822150000000000158e-02
1.159274791000000082e+00 1.831110500000000113e-02 3.953040000000000221e-04 1.000000000000000000e+00 1.822340000000000071e-02 1.828110000000000152e-02
1.159661215999999939e+00 1.837878500000000165e-02 3.960200000000000200e-04 1.000000000000000000e+00 1.828600000000000017e-02 1.834399999999999920e-02
1.160047768999999951e+00 1.845176000000000108e-02 3.967759999999999972e-04 1.000000000000000000e+00 1.835289999999999838e-02 1.841119999999999909e-02
1.160434452000000061e+00 1.852912300000000151e-02 3.975760000000000166e-04 1.000000000000000000e+00 1.842420000000000169e-02 1.848270000000000121e-02
1.160821263000000103e+00 1.860906400000000155e-02 3.984160000000000154e-04 1.000000000000000000e+00 1.849929999999999977e-02 1.855810000000000098e-02
1.161208204000000022e+00 1.868899099999999855e-02 3.992830000000000055e-04 1.000000000000000000e+00 1.857680000000000095e-02 1.863590000000000038e-02
1.161595273000000095e+00 1.876573299999999972e-02 4.001540000000000045e-04 1.000000000000000000e+00 1.865450000000000094e-02 1.871389999999999859e-02
1.161982472000000044e+00 1.883591199999999979e-02 4.010029999999999823e-04 1.000000000000000000e+00 1.872980000000000131e-02 1.878960000000000005e-02
1.162369798999999926e+00 1.889640600000000101e-02 4.017959999999999999e-04 1.000000000000000000e+00 1.879990000000000133e-02 1.886010000000000117e-02
1.162757255999999906e+00 1.894485699999999898e-02 4.025039999999999803e-04 1.000000000000000000e+00 1.886190000000000089e-02 1.892239999999999894e-02
1.163144841000000040e+00 1.898017000000000107e-02 4.031029999999999791e-04 1.000000000000000000e+00 1.891359999999999916e-02 1.897439999999999891e-02
1.163532556000000051e+00 1.900286600000000020e-02 4.035759999999999998e-04 1.000000000000000000e+00 1.895379999999999981e-02 1.901479999999999837e-02
1.163920400999999938e+00 1.901514699999999961e-02 4.039259999999999812e-04 1.000000000000000000e+00 1.898230000000000056e-02 1.904360000000000080e-02
1.164308373999999979e+00 1.902063999999999838e-02 4.041690000000000126e-04 1.000000000000000000e+00 1.900080000000000172e-02 1.906220000000000137e-02
1.164696476999999897e+00 1.902375599999999931e-02 4.043340000000000085e-04 1.000000000000000000e+00 1.901200000000000112e-02 1.907350000000000018e-02
1.165084709000000052e+00 1.902885400000000130e-02 4.044599999999999866e-04 1.000000000000000000e+00 1.901950000000000168e-02 1.908110000000000014e-02
1.165473071000000083e+00 1.903936000000000170e-02 4.045879999999999962e-04 1.000000000000000000e+00 1.902699999999999877e-02 1.908879999999999952e-02
1.165861561999999907e+00 1.905712700000000009e-02 4.047529999999999921e-04 1.000000000000000000e+00 1.903789999999999996e-02 1.909980000000000011e-02
1.166250181999999969e+00 1.908219099999999835e-02 4.049759999999999797e-04 1.000000000000000000e+00 1.905410000000000090e-02 1.911619999999999986e-02
1.166638931999999906e+00 1.911298900000000037e-02 4.052629999999999991e-04 1.000000000000000000e+00 1.907640000000000030e-02 1.913859999999999867e-02
1.167027811999999942e+00 1.914690900000000015e-02 4.056040000000000014e-04 1.000000000000000000e+00 1.910399999999999945e-02 1.916630000000000070e-02
1.167416820999999993e+00 1.918101599999999865e-02 4.059809999999999743e-04 1.000000000000000000e+00 1.913489999999999983e-02 1.919749999999999929e-02
1.167805959999999921e+00 1.921269000000000102e-02 4.063679999999999961e-04 1.000000000000000000e+00 1.916690000000000060e-02 1.922969999999999888e-02
1.168195228999999946e+00 1.924003900000000045e-02 4.067410000000000144e-04 1.000000000000000000e+00 1.919759999999999869e-02 1.926049999999999984e-02
1.168584626999999987e+00 1.926199099999999914e-02 4.070820000000000168e-04 1.000000000000000000e+00 1.922509999999999844e-02 1.928819999999999840e-02
1.168974154999999904e+00 1.927814300000000106e-02 4.073789999999999768e-04 1.000000000000000000e+00 1.924800000000000122e-02 1.931139999999999940e-02
1.169363812999999919e+00 1.928845499999999949e-02 4.076239999999999855e-04 1.000000000000000000e+00 1.926570000000000019e-02 1.932930000000000065e-02
1.169753601000000032e+00 1.929294200000000042e-02 4.078150000000000113e-04 1.000000000000000000e+00 1.927790000000000059e-02 1.934160000000000046e-02
1.170143519000000021e+00 1.929151800000000055e-02 4.079490000000000069e-04 1.000000000000000000e+00 1.928440000000000015e-02 1.934840000000000171e-02
1.170533567000000108e+00 1.928400200000000148e-02 4.080260000000000267e-04 1.000000000000000000e+00 1.928519999999999887e-02 1.934939999999999924e-02
1.170923745000000071e+00 1.927038099999999962e-02 4.080409999999999918e-04 1.000000000000000000e+00 1.928030000000000022e-02 1.934459999999999999e-02
1.171314052999999911e+00 1.925118699999999947e-02 4.079940000000000107e-04 1.000000000000000000e+00 1.926970000000000072e-02 1.933419999999999930e-02
1.171704491000000070e+00 1.922787999999999928e-02 4.078870000000000065e-04 1.000000000000000000e+00 1.925400000000000028e-02 1.931849999999999887e-02
1.172095059000000106e+00 1.920302100000000067e-02 4.077320000000000054e-04 1.000000000000000000e+00 1.923450000000000160e-02 1.929900000000000018e-02
1.172485757000000017e+00 1.918006699999999856e-02 4.075519999999999902e-04 1.000000000000000000e+00 1.921310000000000032e-02 1.927759999999999890e-02
1.172876586000000110e+00 1.916274999999999923e-02 4.073740000000000065e-04 1.000000000000000000e+00 1.919289999999999885e-02 1.925730000000000150e-02
1.173267545000000078e+00 1.915414199999999900e-02 4.072349999999999863e-04 1.000000000000000000e+00 1.917670000000000138e-02 1.924100000000000116e-02
1.173658633999999923e+00 1.915570700000000098e-02 4.071629999999999911e-04 1.000000000000000000e+00 1.916719999999999882e-02 1.923139999999999919e-02
1.174049853000000088e+00 1.916667299999999866e-02 4.071759999999999789e-04 1.000000000000000000e+00 1.916589999999999960e-02 1.923000000000000057e-02
1.174441202999999989e+00 1.918405999999999931e-02 4.072750000000000198e-04 1.000000000000000000e+00 1.917239999999999917e-02 1.923650000000000013e-02
1.174832684000000071e+00 1.920337999999999906e-02 4.074400000000000157e-04 1.000000000000000000e+00 1.918469999999999898e-02 1.924879999999999994e-02
1.175224295000000030e+00 1.921989600000000020e-02 4.076379999999999891e-04 1.000000000000000000e+00 1.919950000000000129e-02 1.926359999999999878e-02
1.175616036000000086e+00 1.922998000000000068e-02 4.078299999999999764e-04 1.000000000000000000e+00 1.921290000000000150e-02 1.927709999999999840e-02
1.176007908000000102e+00 1.923211699999999996e-02 4.079859999999999932e-04 1.000000000000000000e+00 1.922180000000000069e-02 1.928629999999999928e-02
1.176399911000000076e+00 1.922717300000000018e-02 4.080870000000000114e-04 1.000000000000000000e+00 1.922480000000000022e-02 1.928950000000000109e-02
1.176792043999999926e+00 1.921783100000000119e-02 4.081339999999999925e-04 1.000000000000000000e+00 1.922209999999999891e-02 1.928699999999999859e-02
1.177184307999999957e+00 1.920741700000000093e-02 4.081430000000000257e-04 1.000000000000000000e+00 1.921540000000000054e-02 1.928049999999999903e-02
1.177576702999999947e+00 1.919856799999999919e-02 4.081369999999999855e-04 1.000000000000000000e+00 1.920710000000000126e-02 1.927250000000000144e-02
1.177969228000000035e+00 1.919222300000000131e-02 4.081350000000000082e-04 1.000000000000000000e+00 1.919929999999999901e-02 1.926490000000000147e-02
1.178361884999999942e+00 1.918732500000000160e-02 4.081450000000000030e-04 1.000000000000000000e+00 1.919300000000000173e-02 1.925870000000000012e-02
1.178754671999999948e+00 1.918129699999999993e-02 4.081590000000000066e-04 1.000000000000000000e+00 1.918749999999999969e-02 1.925340000000000037e-02
1.179147589999999912e+00 1.917113399999999940e-02 4.081590000000000066e-04 1.000000000000000000e+00 1.918100000000000013e-02 1.924700000000000022e-02
1.179540639999999918e+00 1.915468199999999926e-02 4.081210000000000046e-04 1.000000000000000000e+00 1.917119999999999935e-02 1.923740000000000172e-02
1.179933820000000022e+00 1.913167099999999940e-02 4.080280000000000040e-04 1.000000000000000000e+00 1.915640000000000051e-02 1.922259999999999941e-02
1.180327131000000085e+00 1.910412800000000147e-02 4.078779999999999732e-04 1.000000000000000000e+00 1.913600000000000023e-02 1.920240000000000141e-02
1.180720573000000106e+00 1.907598300000000122e-02 4.076870000000000016e-04 1.000000000000000000e+00 1.911159999999999942e-02 1.917800000000000060e-02
1.181114146999999948e+00 1.905200900000000169e-02 4.074869999999999968e-04 1.000000000000000000e+00 1.908599999999999880e-02 1.915249999999999939e-02
1.181507851999999970e+00 1.903647099999999925e-02 4.073190000000000079e-04 1.000000000000000000e+00 1.906309999999999949e-02 1.912979999999999889e-02
1.181901687999999950e+00 1.903196299999999896e-02 4.072209999999999827e-04 1.000000000000000000e+00 1.904660000000000034e-02 1.911349999999999855e-02
1.182295654999999890e+00 1.903884900000000005e-02 4.072200000000000212e-04 1.000000000000000000e+00 1.903919999999999918e-02 1.910629999999999967e-02
1.182689753000000010e+00 1.905545499999999892e-02 4.073230000000000166e-04 1.000000000000000000e+00 1.904170000000000168e-02 1.910910000000000039e-02
1.183083982999999950e+00 1.907877700000000162e-02 4.075199999999999743e-04 1.000000000000000000e+00 1.905350000000000099e-02 1.912109999999999851e-02
1.183478344999999932e+00 1.910535999999999832e-02 4.077880000000000198e-04 1.000000000000000000e+00 1.907239999999999977e-02 1.914029999999999898e-02
1.183872837000000011e+00 1.913190899999999903e-02 4.080959999999999904e-04 1.000000000000000000e+00 1.909560000000000077e-02 1.916369999999999879e-02
1.184267461999999993e+00 1.915553799999999973e-02 4.084129999999999944e-04 1.000000000000000000e+00 1.912010000000000098e-02 1.918850000000000069e-02
1.184662217999999934e+00 1.917376999999999970e-02 4.087089999999999929e-04 1.000000000000000000e+00 1.914309999999999970e-02 1.921159999999999882e-02
1.185057105000000055e+00 1.918461600000000156e-02 4.089590000000000261e-04 1.000000000000000000e+00 1.916199999999999848e-02 1.923060000000000047e-02
1.185452123999999996e+00 1.918689599999999842e-02 4.091419999999999801e-04 1.000000000000000000e+00 1.917469999999999938e-02 1.924340000000000078e-02
1.185847274999999978e+00 1.918079400000000101e-02 4.092459999999999913e-04 1.000000000000000000e+00 1.917989999999999973e-02 1.924860000000000113e-02
1.186242556999999920e+00 1.916830300000000112e-02 4.092710000000000055e-04 1.000000000000000000e+00 1.917750000000000010e-02 1.924630000000000091e-02
1.186637970999999903e+00 1.915322800000000131e-02 4.092330000000000034e-04 1.000000000000000000e+00 1.916920000000000082e-02 1.923800000000000163e-02
1.187033516999999927e+00 1.914053099999999882e-02 4.091650000000000170e-04 1.000000000000000000e+00 1.915789999999999854e-02 1.922669999999999935e-02
1.187429194999999993e+00 1.913513799999999945e-02 4.091079999999999869e-04 1.000000000000000000e+00 1.914770000000000014e-02 1.921650000000000094e-02
1.187825005000000100e+00 1.914061099999999835e-02 4.091070000000000253e-04 1.000000000000000000e+00 1.914259999999999920e-02 1.921149999999999941e-02
1.188220947000000027e+00 1.915818999999999855e-02 4.091960000000000172e-04 1.000000000000000000e+00 1.914599999999999982e-02 1.921490000000000004e-02
1.188617019999999913e+00 1.918653899999999898e-02 4.093929999999999748e-04 1.000000000000000000e+00 1.915940000000000004e-02 1.922839999999999966e-02
1.189013225999999923e+00 1.922225300000000164e-02 4.096920000000000206e-04 1.000000000000000000e+00 1.918210000000000054e-02 1.925139999999999837e-02
1.189409563999999975e+00 1.926088399999999895e-02 4.100700000000000092e-04 1.000000000000000000e+00 1.921209999999999932e-02 1.928159999999999943e-02
1.189806032999999985e+00 1.929806599999999914e-02 4.104940000000000173e-04 1.000000000000000000e+00 1.924580000000000041e-02 1.931559999999999874e-02
1.190202634999999898e+00 1.933039099999999885e-02 4.109240000000000115e-04 1.000000000000000000e+00 1.927960000000000090e-02 1.934980000000000033e-02
1.190599369999999935e+00 1.935583199999999990e-02 4.113289999999999915e-04 1.000000000000000000e+00 1.931050000000000127e-02 1.938099999999999892e-02
1.190996235999999930e+00 1.937374000000000041e-02 4.116859999999999747e-04 1.000000000000000000e+00 1.933620000000000130e-02 1.940710000000000005e-02
1.191393235000000050e+00 1.938457400000000164e-02 4.119819999999999732e-04 1.000000000000000000e+00 1.935569999999999999e-02 1.942709999999999923e-02
1.191790365999999990e+00 1.938952500000000120e-02 4.122169999999999871e-04 1.000000000000000000e+00 1.936900000000000080e-02 1.944080000000000114e-02
1.192187628999999971e+00 1.939014999999999836e-02 4.123959999999999865e-04 1.000000000000000000e+00 1.937670000000000017e-02 1.944900000000000101e-02
1.192585025000000076e+00 1.938807199999999925e-02 4.125299999999999822e-04 1.000000000000000000e+00 1.938010000000000080e-02 1.945279999999999926e-02
1.192982554000000084e+00 1.938472899999999985e-02 4.126299999999999846e-04 1.000000000000000000e+00 1.938049999999999842e-02 1.945360000000000145e-02
1.193380214000000050e+00 1.938118700000000111e-02 4.127089999999999817e-04 1.000000000000000000e+00 1.937929999999999861e-02 1.945269999999999985e-02
1.193778008000000002e+00 1.937800500000000023e-02 4.127749999999999909e-04 1.000000000000000000e+00 1.937739999999999949e-02 1.945109999999999895e-02
1.194175933999999994e+00 1.937518699999999858e-02 4.128329999999999825e-04 1.000000000000000000e+00 1.937540000000000096e-02 1.944939999999999863e-02
1.194573992999999890e+00 1.937222499999999986e-02 4.128849999999999881e-04 1.000000000000000000e+00 1.937339999999999895e-02 1.944759999999999892e-02
1.194972184000000048e+00 1.936823899999999890e-02 4.129289999999999762e-04 1.000000000000000000e+00 1.937109999999999874e-02 1.944550000000000098e-02
1.195370508000000109e+00 1.936219700000000113e-02 4.129560000000000218e-04 1.000000000000000000e+00 1.936770000000000158e-02 1.944219999999999976e-02
1.195768965000000073e+00 1.935319500000000012e-02 4.129609999999999921e-04 1.000000000000000000e+00 1.936239999999999836e-02 1.943699999999999942e-02
1.196167554000000077e+00 1.934076599999999882e-02 4.129369999999999937e-04 1.000000000000000000e+00 1.935450000000000018e-02 1.942910000000000123e-02
1.196566277000000067e+00 1.932510700000000109e-02 4.128790000000000021e-04 1.000000000000000000e+00 1.934340000000000018e-02 1.941810000000000064e-02
1.196965132000000098e+00 1.930717499999999934e-02 4.127900000000000102e-04 1.000000000000000000e+00 1.932930000000000065e-02 1.940410000000000051e-02
1.197364120999999892e+00 1.928856300000000162e-02 4.126789999999999972e-04 1.000000000000000000e+00 1.931300000000000031e-02 1.938789999999999958e-02
1.197763241999999950e+00 1.927113399999999879e-02 4.125579999999999894e-04 1.000000000000000000e+00 1.929569999999999896e-02 1.937070000000000111e-02
1.198162496999999993e+00 1.925651000000000099e-02 4.124449999999999991e-04 1.000000000000000000e+00 1.927890000000000159e-02 1.935399999999999968e-02
1.198561884000000077e+00 1.924555000000000016e-02 4.123530000000000142e-04 1.000000000000000000e+00 1.926409999999999928e-02 1.933930000000000024e-02
1.198961404999999925e+00 1.923801400000000120e-02 4.122919999999999753e-04 1.000000000000000000e+00 1.925210000000000116e-02 1.932740000000000152e-02
1.199361058000000035e+00 1.923249399999999928e-02 4.122619999999999909e-04 1.000000000000000000e+00 1.924280000000000088e-02 1.931820000000000065e-02
1.199760844999999909e+00 1.922668500000000030e-02 4.122530000000000118e-04 1.000000000000000000e+00 1.923530000000000031e-02 1.931089999999999890e-02
1.200160765999999990e+00 1.921789299999999978e-02 4.122460000000000100e-04 1.000000000000000000e+00 1.922779999999999975e-02 1.930360000000000062e-02
1.200560818999999890e+00 1.920368500000000159e-02 4.122169999999999871e-04 1.000000000000000000e+00 1.921830000000000066e-02 1.929430000000000034e-02
1.200961005999999998e+00 1.918253899999999845e-02 4.121449999999999918e-04 1.000000000000000000e+00 1.920459999999999876e-02 1.928070000000000131e-02
1.201361327000000090e+00 1.915438900000000083e-02 4.120129999999999734e-04 1.000000000000000000e+00 1.918519999999999948e-02 1.926160000000000025e-02
1.201761780000000002e+00 1.912092899999999832e-02 4.118179999999999931e-04 1.000000000000000000e+00 1.915999999999999995e-02 1.923640000000000072e-02
1.202162367999999981e+00 1.908557400000000098e-02 4.115729999999999844e-04 1.000000000000000000e+00 1.912989999999999829e-02 1.920650000000000135e-02
1.202563088000000002e+00 1.905296500000000157e-02 4.113049999999999931e-04 1.000000000000000000e+00 1.909769999999999870e-02 1.917440000000000117e-02
1.202963943000000091e+00 1.902805899999999995e-02 4.110550000000000141e-04 1.000000000000000000e+00 1.906700000000000061e-02 1.914389999999999842e-02
1.203364931000000082e+00 1.901494100000000048e-02 4.108690000000000129e-04 1.000000000000000000e+00 1.904209999999999930e-02 1.911909999999999998e-02
1.203766051999999975e+00 1.901574099999999920e-02 4.107860000000000070e-04 1.000000000000000000e+00 1.902660000000000115e-02 1.910390000000000005e-02
1.204167307999999936e+00 1.902998900000000063e-02 4.108280000000000178e-04 1.000000000000000000e+00 1.902279999999999943e-02 1.910040000000000002e-02
1.204568697000000022e+00 1.905471799999999827e-02 4.109970000000000225e-04 1.000000000000000000e+00 1.903099999999999931e-02 1.910890000000000158e-02
1.204970220000000092e+00 1.908528899999999834e-02 4.112720000000000156e-04 1.000000000000000000e+00 1.904940000000000105e-02 1.912760000000000155e-02
1.205371876000000064e+00 1.911666100000000007e-02 4.116149999999999952e-04 1.000000000000000000e+00 1.907450000000000118e-02 1.915309999999999929e-02
1.205773667000000104e+00 1.914468299999999915e-02 4.119819999999999732e-04 1.000000000000000000e+00 1.910229999999999914e-02 1.918119999999999895e-02
1.206175591999999908e+00 1.916696000000000025e-02 4.123320000000000088e-04 1.000000000000000000e+00 1.912900000000000017e-02 1.920820000000000166e-02
1.206577650000000057e+00 1.918309500000000070e-02 4.126399999999999795e-04 1.000000000000000000e+00 1.915209999999999829e-02 1.923149999999999860e-02
1.206979843000000052e+00 1.919430899999999968e-02 4.128959999999999987e-04 1.000000000000000000e+00 1.917040000000000063e-02 1.924999999999999975e-02
1.207382168999999950e+00 1.920269299999999985e-02 4.131059999999999984e-04 1.000000000000000000e+00 1.918430000000000135e-02 1.926409999999999928e-02
1.207784629999999915e+00 1.921039000000000080e-02 4.132839999999999821e-04 1.000000000000000000e+00 1.919500000000000026e-02 1.927509999999999987e-02
1.208187225000000087e+00 1.921896899999999894e-02 4.134499999999999937e-04 1.000000000000000000e+00 1.920420000000000113e-02 1.928449999999999956e-02
1.208589954000000022e+00 1.922914400000000010e-02 4.136179999999999826e-04 1.000000000000000000e+00 1.921329999999999913e-02 1.929379999999999984e-02
1.208992816999999942e+00 1.924083000000000043e-02 4.137960000000000206e-04 1.000000000000000000e+00 1.922319999999999932e-02 1.930410000000000112e-02
1.209395814999999930e+00 1.925344099999999961e-02 4.139869999999999921e-04 1.000000000000000000e+00 1.923429999999999931e-02 1.931539999999999993e-02
1.209798946999999902e+00 1.926626500000000117e-02 4.141859999999999813e-04 1.000000000000000000e+00 1.924630000000000091e-02 1.932769999999999974e-02
1.210202213000000082e+00 1.927875899999999948e-02 4.143889999999999792e-04 1.000000000000000000e+00 1.925879999999999953e-02 1.934050000000000005e-02
1.210605614000000108e+00 1.929066999999999935e-02 4.145889999999999840e-04 1.000000000000000000e+00 1.927130000000000162e-02 1.935320000000000096e-02
1.211009148999999896e+00 1.930196099999999942e-02 4.147840000000000186e-04 1.000000000000000000e+00 1.928329999999999975e-02 1.936550000000000077e-02
1.211412818999999974e+00 1.931263800000000003e-02 4.149739999999999744e-04 1.000000000000000000e+00 1.929470000000000143e-02 1.937710000000000127e-02
1.211816623000000037e+00 1.932259600000000091e-02 4.151590000000000141e-04 1.000000000000000000e+00 1.930530000000000093e-02 1.938799999999999898e-02
1.212220561999999946e+00 1.933159099999999866e-02 4.153399999999999909e-04 1.000000000000000000e+00 1.931499999999999884e-02 1.939799999999999858e-02
1.212624635999999922e+00 1.933935499999999905e-02 4.155149999999999816e-04 1.000000000000000000e+00 1.932369999999999921e-02 1.940700000000000064e-02
1.213028844000000106e+00 1.934576699999999982e-02 4.156830000000000247e-04 1.000000000000000000e+00 1.933129999999999918e-02 1.941500000000000170e-02
1.213433186999999913e+00 1.935097599999999890e-02 4.158410000000000188e-04 1.000000000000000000e+00 1.933779999999999874e-02 1.942199999999999829e-02
1.213837663999999927e+00 1.935536399999999990e-02 4.159899999999999796e-04 1.000000000000000000e+00 1.934359999999999899e-02 1.942810000000000023e-02
1.214242277000000092e+00 1.935934599999999950e-02 4.161300000000000155e-04 1.000000000000000000e+00 1.934869999999999993e-02 1.943359999999999879e-02
1.214647024000000020e+00 1.936311099999999882e-02 4.162619999999999797e-04 1.000000000000000000e+00 1.935349999999999918e-02 1.943869999999999973e-02
1.215051907000000098e+00 1.936643000000000045e-02 4.163869999999999963e-04 1.000000000000000000e+00 1.935800000000000021e-02 1.944339999999999957e-02
1.215456923999999939e+00 1.936864699999999925e-02 4.165010000000000023e-04 1.000000000000000000e+00 1.936179999999999846e-02 1.944759999999999892e-02
1.215862076000000069e+00 1.936888599999999835e-02 4.166020000000000205e-04 1.000000000000000000e+00 1.936449999999999977e-02 1.945039999999999963e-02
1.216267363999999906e+00 1.936638799999999827e-02 4.166810000000000175e-04 1.000000000000000000e+00 1.936519999999999908e-02 1.945140000000000063e-02
1.216672785999999951e+00 1.936086799999999983e-02 4.167360000000000161e-04 1.000000000000000000e+00 1.936339999999999936e-02 1.944989999999999913e-02
1.217078343999999923e+00 1.935272500000000118e-02 4.167640000000000233e-04 1.000000000000000000e+00 1.935889999999999833e-02 1.944560000000000038e-02
1.217484036999999963e+00 1.934301700000000054e-02 4.167679999999999779e-04 1.000000000000000000e+00 1.935210000000000055e-02 1.943900000000000142e-02
1.217889865000000071e+00 1.933321400000000134e-02 4.167560000000000058e-04 1.000000000000000000e+00 1.934380000000000127e-02 1.943090000000000095e-02
1.218295828000000025e+00 1.932478600000000005e-02 4.167400000000000249e-04 1.000000000000000000e+00 1.933520000000000030e-02 1.942249999999999879e-02
1.218701926000000046e+00 1.931879699999999866e-02 4.167290000000000143e-04 1.000000000000000000e+00 1.932750000000000093e-02 1.941510000000000111e-02
1.219108159999999996e+00 1.931563799999999956e-02 4.167339999999999847e-04 1.000000000000000000e+00 1.932180000000000009e-02 1.940949999999999967e-02
1.219514530000000097e+00 1.931500699999999862e-02 4.167589999999999988e-04 1.000000000000000000e+00 1.931839999999999946e-02 1.940630000000000133e-02
1.219921035000000042e+00 1.931611000000000092e-02 4.168020000000000253e-04 1.000000000000000000e+00 1.931710000000000024e-02 1.940510000000000151e-02
1.220327675000000056e+00 1.931802800000000098e-02 4.168600000000000170e-04 1.000000000000000000e+00 1.931739999999999846e-02 1.940549999999999914e-02
1.220734450999999998e+00 1.932006799999999927e-02 4.169269999999999877e-04 1.000000000000000000e+00 1.931859999999999827e-02 1.940669999999999895e-02
1.221141362000000008e+00 1.932198599999999933e-02 4.169989999999999830e-04 1.000000000000000000e+00 1.932000000000000037e-02 1.940820000000000045e-02
1.221548410000000029e+00 1.932400899999999963e-02 4.170749999999999870e-04 1.000000000000000000e+00 1.932129999999999959e-02 1.940969999999999848e-02
1.221955592000000035e+00 1.932665899999999951e-02 4.171590000000000085e-04 1.000000000000000000e+00 1.932259999999999880e-02 1.941129999999999939e-02
1.222362911000000052e+00 1.933049300000000068e-02 4.172539999999999864e-04 1.000000000000000000e+00 1.932450000000000140e-02 1.941340000000000079e-02
1.222770364999999915e+00 1.933584400000000134e-02 4.173649999999999994e-04 1.000000000000000000e+00 1.932729999999999865e-02 1.941649999999999973e-02
1.223177954999999928e+00 1.934268100000000046e-02 4.174960000000000021e-04 1.000000000000000000e+00 1.933150000000000146e-02 1.942100000000000076e-02
1.223585681000000092e+00 1.935061500000000156e-02 4.176450000000000171e-04 1.000000000000000000e+00 1.933709999999999943e-02 1.942709999999999923e-02
1.223993542999999962e+00 1.935902800000000035e-02 4.178089999999999972e-04 1.000000000000000000e+00 1.934400000000000008e-02 1.943440000000000098e-02
1.224401540999999982e+00 1.936727599999999924e-02 4.179790000000000176e-04 1.000000000000000000e+00 1.935169999999999946e-02 1.944250000000000145e-02
1.224809674999999931e+00 1.937487300000000079e-02 4.181499999999999996e-04 1.000000000000000000e+00 1.935979999999999993e-02 1.945090000000000013e-02
1.225217945000000030e+00 1.938160699999999861e-02 4.183160000000000112e-04 1.000000000000000000e+00 1.936759999999999871e-02 1.945910000000000001e-02
1.225626351000000058e+00 1.938754100000000119e-02 4.184719999999999738e-04 1.000000000000000000e+00 1.937480000000000105e-02 1.946669999999999998e-02
1.226034893000000014e+00 1.939292299999999941e-02 4.186190000000000115e-04 1.000000000000000000e+00 1.938149999999999942e-02 1.947360000000000063e-02
1.226443570999999899e+00 1.939804399999999970e-02 4.187579999999999775e-04 1.000000000000000000e+00 1.938749999999999848e-02 1.947990000000000138e-02
1.226852386000000017e+00 1.940311499999999856e-02 4.188919999999999731e-04 1.000000000000000000e+00 1.939309999999999992e-02 1.948580000000000104e-02
1.227261335999999980e+00 1.940818799999999983e-02 4.190229999999999758e-04 1.000000000000000000e+00 1.939849999999999908e-02 1.949139999999999900e-02
1.227670424000000038e+00 1.941316699999999854e-02 4.191520000000000011e-04 1.000000000000000000e+00 1.940369999999999942e-02 1.949690000000000104e-02
1.228079646999999941e+00 1.941787099999999974e-02 4.192789999999999950e-04 1.000000000000000000e+00 1.940870000000000095e-02 1.950220000000000078e-02
1.228489007000000077e+00 1.942211400000000074e-02 4.194040000000000116e-04 1.000000000000000000e+00 1.941350000000000020e-02 1.950730000000000172e-02
1.228898502999999920e+00 1.942576500000000109e-02 4.195229999999999879e-04 1.000000000000000000e+00 1.941800000000000123e-02 1.951200000000000156e-02
1.229308135999999996e+00 1.942875800000000083e-02 4.196359999999999782e-04 1.000000000000000000e+00 1.942199999999999829e-02 1.951620000000000091e-02
1.229717905000000000e+00 1.943108099999999935e-02 4.197410000000000052e-04 1.000000000000000000e+00 1.942539999999999892e-02 1.951989999999999975e-02
1.230127811000000015e+00 1.943273900000000096e-02 4.198389999999999761e-04 1.000000000000000000e+00 1.942819999999999964e-02 1.952289999999999928e-02
1.230537854000000042e+00 1.943374499999999880e-02 4.199280000000000222e-04 1.000000000000000000e+00 1.943030000000000104e-02 1.952519999999999950e-02
1.230948032999999997e+00 1.943412400000000054e-02 4.200089999999999965e-04 1.000000000000000000e+00 1.943169999999999967e-02 1.952680000000000041e-02
1.231358348999999963e+00 1.943393699999999835e-02 4.200839999999999848e-04 1.000000000000000000e+00 1.943239999999999898e-02 1.952759999999999913e-02
1.231768801999999940e+00 1.943329400000000026e-02 4.201529999999999870e-04 1.000000000000000000e+00 1.943249999999999839e-02 1.952790000000000081e-02
1.232179391999999929e+00 1.943234699999999912e-02 4.202179999999999804e-04 1.000000000000000000e+00 1.943200000000000136e-02 1.952759999999999913e-02
1.232590118000000068e+00 1.943125299999999903e-02 4.202809999999999966e-04 1.000000000000000000e+00 1.943100000000000036e-02 1.952689999999999981e-02
1.233000982000000079e+00 1.943013400000000168e-02 4.203440000000000128e-04 1.000000000000000000e+00 1.942989999999999995e-02 1.952600000000000169e-02
1.233411982000000018e+00 1.942904300000000001e-02 4.204069999999999747e-04 1.000000000000000000e+00 1.942860000000000073e-02 1.952500000000000069e-02
1.233823118999999968e+00 1.942794999999999939e-02 4.204720000000000224e-04 1.000000000000000000e+00 1.942740000000000092e-02 1.952399999999999969e-02
1.234234394000000012e+00 1.942676800000000051e-02 4.205370000000000158e-04 1.000000000000000000e+00 1.942610000000000170e-02 1.952310000000000156e-02
1.234645804999999985e+00 1.942538099999999851e-02 4.206030000000000250e-04 1.000000000000000000e+00 1.942479999999999901e-02 1.952210000000000056e-02
1.235057354000000052e+00 1.942369099999999987e-02 4.206680000000000185e-04 1.000000000000000000e+00 1.942340000000000039e-02 1.952090000000000075e-02
1.235469039000000047e+00 1.942163599999999907e-02 4.207300000000000189e-04 1.000000000000000000e+00 1.942170000000000007e-02 1.951949999999999866e-02
1.235880861999999913e+00 1.941920199999999999e-02 4.207899999999999878e-04 1.000000000000000000e+00 1.941959999999999867e-02 1.951779999999999834e-02
1.236292823000000096e+00 1.941641599999999884e-02 4.208470000000000179e-04 1.000000000000000000e+00 1.941729999999999845e-02 1.951570000000000041e-02
1.236704919999999985e+00 1.941333199999999842e-02 4.209010000000000008e-04 1.000000000000000000e+00 1.941450000000000120e-02 1.951330000000000078e-02
1.237117154999999968e+00 1.941001700000000163e-02 4.209530000000000064e-04 1.000000000000000000e+00 1.941150000000000167e-02 1.951059999999999947e-02
1.237529528000000045e+00 1.940654799999999916e-02 4.210029999999999805e-04 1.000000000000000000e+00 1.940829999999999986e-02 1.950769999999999935e-02
1.237942037999999911e+00 1.940300600000000042e-02 4.210519999999999931e-04 1.000000000000000000e+00 1.940499999999999864e-02 1.950479999999999922e-02
1.238354685000000011e+00 1.939947100000000146e-02 4.210980000000000127e-04 1.000000000000000000e+00 1.940170000000000089e-02 1.950179999999999969e-02
1.238767469999999982e+00 1.939601700000000151e-02 4.211420000000000007e-04 1.000000000000000000e+00 1.939859999999999848e-02 1.949889999999999957e-02
1.239180391999999964e+00 1.939269500000000146e-02 4.211849999999999730e-04 1.000000000000000000e+00 1.939549999999999955e-02 1.949609999999999885e-02
1.239593452000000040e+00 1.938951599999999900e-02 4.212250000000000065e-04 1.000000000000000000e+00 1.939259999999999942e-02 1.949340000000000100e-02
1.240006649999999988e+00 1.938644499999999868e-02 4.212630000000000085e-04 1.000000000000000000e+00 1.938979999999999870e-02 1.949079999999999910e-02
1.240419986000000030e+00 1.938339199999999929e-02 4.213010000000000106e-04 1.000000000000000000e+00 1.938689999999999858e-02 1.948810000000000126e-02
1.240833459000000083e+00 1.938022299999999851e-02 4.213369999999999811e-04 1.000000000000000000e+00 1.938379999999999964e-02 1.948520000000000113e-02
1.241247070000000008e+00 1.937678400000000106e-02 4.213719999999999901e-04 1.000000000000000000e+00 1.938049999999999842e-02 1.948209999999999872e-02
1.241660819000000027e+00 1.937292499999999917e-02 4.214069999999999990e-04 1.000000000000000000e+00 1.937679999999999958e-02 1.947859999999999869e-02
1.242074705999999917e+00 1.936853599999999870e-02 4.214399999999999765e-04 1.000000000000000000e+00 1.937260000000000024e-02 1.947470000000000104e-02
1.242488730999999902e+00 1.936356399999999978e-02 4.214719999999999925e-04 1.000000000000000000e+00 1.936790000000000039e-02 1.947029999999999941e-02
1.242902893999999980e+00 1.935802400000000145e-02 4.215029999999999927e-04 1.000000000000000000e+00 1.936270000000000005e-02 1.946540000000000076e-02
1.243317194999999931e+00 1.935199900000000167e-02 4.215299999999999841e-04 1.000000000000000000e+00 1.935699999999999921e-02 1.946010000000000101e-02
1.243731633999999975e+00 1.934561400000000056e-02 4.215549999999999983e-04 1.000000000000000000e+00 1.935109999999999955e-02 1.945449999999999957e-02
1.244146210999999891e+00 1.933900699999999834e-02 4.215770000000000194e-04 1.000000000000000000e+00 1.934490000000000168e-02 1.944869999999999932e-02
1.244560926999999984e+00 1.933228999999999850e-02 4.215949999999999776e-04 1.000000000000000000e+00 1.933870000000000033e-02 1.944279999999999967e-02
1.244975780000000087e+00 1.932552099999999828e-02 4.216089999999999812e-04 1.000000000000000000e+00 1.933249999999999899e-02 1.943680000000000060e-02
1.245390771999999924e+00 1.931867699999999938e-02 4.216189999999999760e-04 1.000000000000000000e+00 1.932630000000000112e-02 1.943080000000000154e-02
1.245805902999999937e+00 1.931165099999999912e-02 4.216240000000000005e-04 1.000000000000000000e+00 1.931990000000000096e-02 1.942469999999999961e-02
1.246221170999999961e+00 1.930426899999999890e-02 4.216240000000000005e-04 1.000000000000000000e+00 1.931329999999999852e-02 1.941829999999999945e-02
1.246636577999999940e+00 1.929631500000000138e-02 4.216189999999999760e-04 1.000000000000000000e+00 1.930619999999999906e-02 1.941129999999999939e-02
1.247052124000000095e+00 1.928757000000000041e-02 4.216070000000000039e-04 1.000000000000000000e+00 1.929830000000000087e-02 1.940369999999999942e-02
1.247467807999999900e+00 1.927784600000000126e-02 4.215889999999999915e-04 1.000000000000000000e+00 1.928950000000000109e-02 1.939509999999999845e-02
1.247883630000000021e+00 1.926702300000000118e-02 4.215639999999999774e-04 1.000000000000000000e+00 1.927970000000000031e-02 1.938549999999999995e-02
1.248299591999999958e+00 1.925506499999999829e-02 4.215320000000000156e-04 1.000000000000000000e+00 1.926879999999999912e-02 1.937490000000000046e-02
1.248715690999999905e+00 1.924203099999999972e-02 4.214919999999999821e-04 1.000000000000000000e+00 1.925680000000000100e-02 1.936329999999999996e-02
1.249131929999999890e+00 1.922806399999999957e-02 4.214450000000000010e-04 1.000000000000000000e+00 1.924390000000000128e-02 1.935069999999999846e-02
1.249548306999999969e+00 1.921337899999999918e-02 4.213900000000000024e-04 1.000000000000000000e+00 1.923029999999999878e-02 1.933750000000000052e-02
1.249964823000000003e+00 1.919822399999999984e-02 4.213260000000000247e-04 1.000000000000000000e+00 1.921619999999999925e-02 1.932369999999999921e-02
1.250381477999999991e+00 1.918284199999999856e-02 4.212560000000000067e-04 1.000000000000000000e+00 1.920180000000000151e-02 1.930959999999999968e-02
1.250798271999999933e+00 1.916742000000000098e-02 4.211780000000000255e-04 1.000000000000000000e+00 1.918730000000000088e-02 1.929530000000000134e-02
1.251215205000000052e+00 1.915206200000000095e-02 4.210940000000000039e-04 1.000000000000000000e+00 1.917280000000000026e-02 1.928090000000000012e-02
1.251632276999999904e+00 1.913674900000000151e-02 4.210039999999999963e-04 1.000000000000000000e+00 1.915820000000000023e-02 1.926639999999999950e-02
1.252049487000000072e+00 1.912135300000000065e-02 4.209090000000000184e-04 1.000000000000000000e+00 1.914350000000000079e-02 1.925179999999999947e-02
1.252466837000000055e+00 1.910565200000000075e-02 4.208090000000000159e-04 1.000000000000000000e+00 1.912849999999999967e-02 1.923690000000000122e-02
1.252884325999999993e+00 1.908938400000000091e-02 4.207029999999999732e-04 1.000000000000000000e+00 1.911310000000000092e-02 1.922149999999999900e-02
1.253301954000000107e+00 1.907229400000000005e-02 4.205899999999999830e-04 1.000000000000000000e+00 1.909699999999999939e-02 1.920540000000000094e-02
1.253719722000000036e+00 1.905416999999999875e-02 4.204699999999999909e-04 1.000000000000000000e+00 1.907999999999999974e-02 1.918860000000000010e-02
1.254137628000000060e+00 1.903484800000000005e-02 4.203400000000000040e-04 1.000000000000000000e+00 1.906209999999999849e-02 1.917069999999999885e-02
1.254555673999999899e+00 1.901419199999999921e-02 4.201990000000000065e-04 1.000000000000000000e+00 1.904319999999999971e-02 1.915180000000000007e-02
1.254973858999999914e+00 1.899201899999999887e-02 4.200440000000000055e-04 1.000000000000000000e+00 1.902310000000000112e-02 1.913180000000000089e-02
1.255392183999999967e+00 1.896803199999999925e-02 4.198730000000000235e-04 1.000000000000000000e+00 1.900169999999999984e-02 1.911039999999999961e-02
1.255810647999999974e+00 1.894173700000000016e-02 4.196800000000000205e-04 1.000000000000000000e+00 1.897870000000000112e-02 1.908740000000000089e-02
1.256229252000000018e+00 1.891242300000000112e-02 4.194600000000000260e-04 1.000000000000000000e+00 1.895360000000000100e-02 1.906220000000000137e-02
1.256647995000000018e+00 1.887915700000000058e-02 4.192050000000000225e-04 1.000000000000000000e+00 1.892560000000000076e-02 1.903420000000000112e-02
1.257066876999999971e+00 1.884088100000000029e-02 4.189059999999999767e-04 1.000000000000000000e+00 1.889390000000000167e-02 1.900229999999999975e-02
1.257485900000000045e+00 1.879652999999999879e-02 4.185549999999999796e-04 1.000000000000000000e+00 1.885749999999999926e-02 1.896559999999999913e-02
1.257905062000000074e+00 1.874521399999999963e-02 4.181410000000000205e-04 1.000000000000000000e+00 1.881520000000000067e-02 1.892320000000000113e-02
1.258324363000000057e+00 1.868636900000000128e-02 4.176580000000000049e-04 1.000000000000000000e+00 1.876629999999999965e-02 1.887399999999999842e-02
1.258743804999999938e+00 1.861991199999999888e-02 4.170989999999999854e-04 1.000000000000000000e+00 1.871019999999999975e-02 1.881779999999999911e-02
1.259163385999999996e+00 1.854627199999999906e-02 4.164630000000000003e-04 1.000000000000000000e+00 1.864680000000000157e-02 1.875419999999999865e-02
1.259583107000000091e+00 1.846639500000000003e-02 4.157529999999999885e-04 1.000000000000000000e+00 1.857659999999999867e-02 1.868370000000000100e-02
1.260002968000000001e+00 1.838161099999999909e-02 4.149739999999999744e-04 1.000000000000000000e+00 1.850020000000000137e-02 1.860710000000000142e-02
1.260422968999999949e+00 1.829352100000000009e-02 4.141370000000000229e-04 1.000000000000000000e+00 1.841869999999999966e-02 1.852530000000000149e-02
1.260843109999999934e+00 1.820387999999999867e-02 4.132569999999999907e-04 1.000000000000000000e+00 1.833370000000000138e-02 1.844000000000000153e-02
1.261263390999999956e+00 1.811451199999999928e-02 4.123490000000000055e-04 1.000000000000000000e+00 1.824649999999999883e-02 1.835240000000000135e-02
1.261683812000000016e+00 1.802731299999999967e-02 4.114310000000000254e-04 1.000000000000000000e+00 1.815889999999999865e-02 1.826449999999999949e-02
1.262104373999999973e+00 1.794422999999999851e-02 4.105240000000000018e-04 1.000000000000000000e+00 1.807260000000000116e-02 1.817780000000000090e-02
1.262525075000000108e+00 1.786715700000000157e-02 4.096479999999999783e-04 1.000000000000000000e+00 1.798939999999999914e-02 1.809420000000000125e-02
1.262945916999999918e+00 1.779761399999999980e-02 4.088259999999999919e-04 1.000000000000000000e+00 1.791109999999999924e-02 1.801559999999999967e-02
1.263366898999999988e+00 1.773621300000000067e-02 4.080749999999999851e-04 1.000000000000000000e+00 1.783919999999999950e-02 1.794340000000000171e-02
1.263788021000000095e+00 1.768201700000000126e-02 4.074029999999999752e-04 1.000000000000000000e+00 1.777429999999999982e-02 1.787829999999999975e-02
1.264209284000000100e+00 1.763200900000000057e-02 4.068030000000000149e-04 1.000000000000000000e+00 1.771589999999999970e-02 1.781960000000000141e-02
1.264630686999999920e+00 1.758105899999999958e-02 4.062490000000000198e-04 1.000000000000000000e+00 1.766150000000000012e-02 1.776509999999999895e-02
1.265052230000000000e+00 1.752266499999999977e-02 4.056940000000000090e-04 1.000000000000000000e+00 1.760710000000000053e-02 1.771050000000000055e-02
1.265473913999999978e+00 1.745061200000000076e-02 4.050769999999999978e-04 1.000000000000000000e+00 1.754740000000000119e-02 1.765049999999999952e-02
1.265895739000000075e+00 1.736135499999999846e-02 4.043389999999999788e-04 1.000000000000000000e+00 1.747709999999999889e-02 1.757989999999999900e-02
1.266317703999999988e+00 1.725643600000000000e-02 4.034439999999999815e-04 1.000000000000000000e+00 1.739320000000000102e-02 1.749560000000000004e-02
1.266739810000000022e+00 1.714407199999999978e-02 4.024009999999999848e-04 1.000000000000000000e+00 1.729649999999999938e-02 1.739850000000000077e-02
1.267162056999999953e+00 1.703896099999999830e-02 4.012810000000000227e-04 1.000000000000000000e+00 1.719319999999999876e-02 1.729479999999999906e-02
1.267584443999999921e+00 1.695986600000000052e-02 4.002179999999999822e-04 1.000000000000000000e+00 1.709499999999999909e-02 1.719619999999999829e-02
1.268006972000000010e+00 1.692534000000000052e-02 3.993870000000000167e-04 1.000000000000000000e+00 1.701719999999999969e-02 1.711820000000000008e-02
1.268429640999999997e+00 1.694877800000000115e-02 3.989730000000000034e-04 1.000000000000000000e+00 1.697540000000000160e-02 1.707639999999999852e-02
1.268852451000000103e+00 1.703444200000000033e-02 3.991180000000000097e-04 1.000000000000000000e+00 1.698200000000000057e-02 1.708329999999999918e-02
1.269275402000000108e+00 1.717594000000000065e-02 3.998849999999999974e-04 1.000000000000000000e+00 1.704249999999999862e-02 1.714440000000000061e-02
1.269698494000000011e+00 1.735771300000000031e-02 4.012399999999999734e-04 1.000000000000000000e+00 1.715409999999999852e-02 1.725679999999999922e-02
1.270121727000000034e+00 1.755903600000000009e-02 4.030530000000000050e-04 1.000000000000000000e+00 1.730610000000000134e-02 1.740999999999999839e-02
1.270545100000000094e+00 1.775903800000000129e-02 4.051389999999999983e-04 1.000000000000000000e+00 1.748270000000000032e-02 1.758790000000000006e-02
1.270968615999999995e+00 1.794111300000000159e-02 4.072969999999999867e-04 1.000000000000000000e+00 1.766670000000000046e-02 1.777310000000000001e-02
1.271392271999999934e+00 1.809545099999999851e-02 4.093550000000000270e-04 1.000000000000000000e+00 1.784269999999999953e-02 1.795039999999999830e-02
1.271816068999999993e+00 1.821932000000000065e-02 4.111920000000000028e-04 1.000000000000000000e+00 1.800010000000000152e-02 1.810890000000000069e-02
1.272240008000000033e+00 1.831554300000000010e-02 4.127550000000000012e-04 1.000000000000000000e+00 1.813369999999999913e-02 1.824339999999999989e-02
1.272664087999999971e+00 1.839009700000000108e-02 4.140419999999999908e-04 1.000000000000000000e+00 1.824289999999999939e-02 1.835339999999999888e-02
1.273088309000000029e+00 1.844977100000000023e-02 4.150900000000000119e-04 1.000000000000000000e+00 1.833080000000000126e-02 1.844200000000000006e-02
1.273512672000000068e+00 1.850049900000000011e-02 4.159550000000000248e-04 1.000000000000000000e+00 1.840210000000000110e-02 1.851399999999999921e-02
1.273937176000000004e+00 1.854658099999999948e-02 4.166929999999999896e-04 1.000000000000000000e+00 1.846180000000000043e-02 1.857419999999999904e-02
1.274361821999999922e+00 1.859064399999999992e-02 4.173509999999999959e-04 1.000000000000000000e+00 1.851389999999999980e-02 1.862689999999999832e-02
1.274786608999999959e+00 1.863403199999999829e-02 4.179629999999999825e-04 1.000000000000000000e+00 1.856160000000000102e-02 1.867529999999999885e-02
1.275211537999999978e+00 1.867732799999999999e-02 4.185510000000000250e-04 1.000000000000000000e+00 1.860710000000000142e-02 1.872129999999999975e-02
1.275636608999999977e+00 1.872074799999999886e-02 4.191269999999999870e-04 1.000000000000000000e+00 1.865150000000000141e-02 1.876639999999999905e-02
1.276061821000000096e+00 1.876435699999999887e-02 4.196979999999999786e-04 1.000000000000000000e+00 1.869559999999999972e-02 1.881110000000000074e-02
1.276487174999999974e+00 1.880809500000000037e-02 4.202650000000000157e-04 1.000000000000000000e+00 1.873980000000000090e-02 1.885579999999999895e-02
1.276912669999999972e+00 1.885172900000000110e-02 4.208269999999999741e-04 1.000000000000000000e+00 1.878399999999999861e-02 1.890060000000000004e-02
1.277338308000000033e+00 1.889481000000000147e-02 4.213830000000000006e-04 1.000000000000000000e+00 1.882819999999999980e-02 1.894519999999999885e-02
1.277764086999999993e+00 1.893671900000000116e-02 4.219289999999999781e-04 1.000000000000000000e+00 1.887180000000000107e-02 1.898920000000000122e-02
1.278190009000000016e+00 1.897677199999999939e-02 4.224599999999999905e-04 1.000000000000000000e+00 1.891419999999999907e-02 1.903209999999999971e-02
1.278616071999999937e+00 1.901436100000000046e-02 4.229699999999999975e-04 1.000000000000000000e+00 1.895490000000000022e-02 1.907319999999999849e-02
1.279042277999999921e+00 1.904906899999999834e-02 4.234560000000000060e-04 1.000000000000000000e+00 1.899319999999999828e-02 1.911180000000000170e-02
1.279468625000000026e+00 1.908071799999999998e-02 4.239140000000000074e-04 1.000000000000000000e+00 1.902869999999999909e-02 1.914770000000000014e-02
1.279895113999999889e+00 1.910934300000000086e-02 4.243440000000000016e-04 1.000000000000000000e+00 1.906120000000000037e-02 1.918069999999999845e-02
1.280321746000000038e+00 1.913512800000000125e-02 4.247450000000000270e-04 1.000000000000000000e+00 1.909090000000000092e-02 1.921080000000000010e-02
1.280748519999999946e+00 1.915832799999999878e-02 4.251190000000000069e-04 1.000000000000000000e+00 1.911780000000000077e-02 1.923820000000000044e-02
1.281175436000000056e+00 1.917920299999999884e-02 4.254649999999999795e-04 1.000000000000000000e+00 1.914230000000000098e-02 1.926309999999999828e-02
1.281602495000000008e+00 1.919798500000000074e-02 4.257859999999999922e-04 1.000000000000000000e+00 1.916460000000000038e-02 1.928579999999999878e-02
1.282029695999999941e+00 1.921486700000000006e-02 4.260809999999999749e-04 1.000000000000000000e+00 1.918490000000000126e-02 1.930640000000000134e-02
1.282457039000000076e+00 1.923001599999999908e-02 4.263529999999999751e-04 1.000000000000000000e+00 1.920329999999999954e-02 1.932510000000000130e-02
1.282884523999999971e+00 1.924358099999999919e-02 4.266009999999999767e-04 1.000000000000000000e+00 1.921990000000000157e-02 1.934189999999999868e-02
1.283312153000000011e+00 1.925571400000000016e-02 4.268279999999999730e-04 1.000000000000000000e+00 1.923479999999999981e-02 1.935709999999999861e-02
1.283739922999999949e+00 1.926656200000000096e-02 4.270359999999999955e-04 1.000000000000000000e+00 1.924820000000000003e-02 1.937070000000000111e-02
1.284167837000000034e+00 1.927625700000000150e-02 4.272270000000000212e-04 1.000000000000000000e+00 1.926020000000000162e-02 1.938290000000000152e-02
1.284595893000000100e+00 1.928489099999999845e-02 4.273999999999999804e-04 1.000000000000000000e+00 1.927109999999999934e-02 1.939389999999999864e-02
1.285024090999999924e+00 1.929250199999999957e-02 4.275579999999999745e-04 1.000000000000000000e+00 1.928080000000000072e-02 1.940369999999999942e-02
1.285452432999999894e+00 1.929908199999999865e-02 4.277010000000000035e-04 1.000000000000000000e+00 1.928940000000000168e-02 1.941239999999999979e-02
1.285880917000000068e+00 1.930460399999999951e-02 4.278299999999999746e-04 1.000000000000000000e+00 1.929689999999999878e-02 1.941990000000000036e-02
1.286309544000000082e+00 1.930907000000000109e-02 4.279449999999999964e-04 1.000000000000000000e+00 1.930310000000000012e-02 1.942620000000000111e-02
1.286738313999999939e+00 1.931255499999999861e-02 4.280479999999999919e-04 1.000000000000000000e+00 1.930810000000000165e-02 1.943119999999999917e-02
1.287167225999999998e+00 1.931522700000000078e-02 4.281430000000000240e-04 1.000000000000000000e+00 1.931180000000000049e-02 1.943500000000000089e-02
1.287596281999999981e+00 1.931732599999999925e-02 4.282310000000000001e-04 1.000000000000000000e+00 1.931449999999999834e-02 1.943790000000000101e-02
1.288025481000000028e+00 1.931912599999999897e-02 4.283180000000000147e-04 1.000000000000000000e+00 1.931640000000000093e-02 1.943999999999999895e-02
1.288454822999999916e+00 1.932086599999999904e-02 4.284040000000000135e-04 1.000000000000000000e+00 1.931799999999999837e-02 1.944179999999999867e-02
1.288884308000000090e+00 1.932271099999999936e-02 4.284919999999999896e-04 1.000000000000000000e+00 1.931949999999999987e-02 1.944359999999999838e-02
1.289313936000000105e+00 1.932472099999999957e-02 4.285830000000000130e-04 1.000000000000000000e+00 1.932129999999999959e-02 1.944550000000000098e-02
1.289743706999999961e+00 1.932685300000000148e-02 4.286749999999999979e-04 1.000000000000000000e+00 1.932330000000000159e-02 1.944780000000000120e-02
1.290173621999999964e+00 1.932898200000000150e-02 4.287669999999999828e-04 1.000000000000000000e+00 1.932549999999999893e-02 1.945020000000000082e-02
1.290603678999999948e+00 1.933091699999999954e-02 4.288580000000000061e-04 1.000000000000000000e+00 1.932769999999999974e-02 1.945260000000000045e-02
1.291033880999999939e+00 1.933242400000000083e-02 4.289459999999999822e-04 1.000000000000000000e+00 1.932949999999999946e-02 1.945459999999999898e-02
1.291464224999999910e+00 1.933323799999999912e-02 4.290329999999999968e-04 1.000000000000000000e+00 1.933079999999999868e-02 1.945610000000000048e-02
1.291894713000000028e+00 1.933309100000000016e-02 4.291149999999999869e-04 1.000000000000000000e+00 1.933119999999999977e-02 1.945679999999999979e-02
1.292325345000000070e+00 1.933175399999999960e-02 4.291930000000000224e-04 1.000000000000000000e+00 1.933069999999999927e-02 1.945660000000000098e-02
1.292756119999999953e+00 1.932909400000000152e-02 4.292640000000000019e-04 1.000000000000000000e+00 1.932920000000000124e-02 1.945540000000000116e-02
1.293187038999999983e+00 1.932512600000000150e-02 4.293249999999999866e-04 1.000000000000000000e+00 1.932680000000000162e-02 1.945339999999999916e-02
1.293618101000000076e+00 1.932004600000000044e-02 4.293739999999999992e-04 1.000000000000000000e+00 1.932359999999999980e-02 1.945039999999999963e-02
1.294049307000000093e+00 1.931421800000000105e-02 4.294079999999999924e-04 1.000000000000000000e+00 1.931969999999999868e-02 1.944680000000000020e-02
1.294480657000000035e+00 1.930812200000000048e-02 4.294289999999999978e-04 1.000000000000000000e+00 1.931539999999999993e-02 1.944270000000000026e-02
1.294912150999999900e+00 1.930225199999999891e-02 4.294379999999999769e-04 1.000000000000000000e+00 1.931089999999999890e-02 1.943829999999999864e-02
1.295343788000000051e+00 1.929700700000000144e-02 4.294379999999999769e-04 1.000000000000000000e+00 1.930650000000000074e-02 1.943380000000000107e-02
1.295775568999999905e+00 1.929258500000000098e-02 4.294349999999999838e-04 1.000000000000000000e+00 1.930219999999999853e-02 1.942949999999999885e-02
1.296207493999999905e+00 1.928892399999999896e-02 4.294319999999999908e-04 1.000000000000000000e+00 1.929830000000000087e-02 1.942539999999999892e-02
1.296639563999999911e+00 1.928569100000000064e-02 4.294330000000000066e-04 1.000000000000000000e+00 1.929449999999999915e-02 1.942160000000000067e-02
1.297071776999999981e+00 1.928237099999999954e-02 4.294370000000000153e-04 1.000000000000000000e+00 1.929089999999999971e-02 1.941789999999999836e-02
1.297504133999999976e+00 1.927840700000000088e-02 4.294419999999999856e-04 1.000000000000000000e+00 1.928699999999999859e-02 1.941400000000000070e-02
1.297936634999999894e+00 1.927337800000000073e-02 4.294440000000000171e-04 1.000000000000000000e+00 1.928260000000000043e-02 1.940959999999999908e-02
1.298369281000000042e+00 1.926713600000000068e-02 4.294410000000000241e-04 1.000000000000000000e+00 1.927740000000000009e-02 1.940450000000000161e-02
1.298802070999999891e+00 1.925981699999999852e-02 4.294289999999999978e-04 1.000000000000000000e+00 1.927130000000000162e-02 1.939839999999999967e-02
1.299235005000000109e+00 1.925172400000000131e-02 4.294090000000000081e-04 1.000000000000000000e+00 1.926430000000000156e-02 1.939149999999999902e-02
1.299668083000000030e+00 1.924310900000000130e-02 4.293810000000000010e-04 1.000000000000000000e+00 1.925659999999999872e-02 1.938389999999999905e-02
1.300101305999999957e+00 1.923394200000000040e-02 4.293470000000000077e-04 1.000000000000000000e+00 1.924839999999999884e-02 1.937559999999999977e-02
1.300534673000000030e+00 1.922382699999999889e-02 4.293049999999999969e-04 1.000000000000000000e+00 1.923940000000000025e-02 1.936670000000000058e-02
1.300968184000000027e+00 1.921210400000000068e-02 4.292540000000000071e-04 1.000000000000000000e+00 1.922940000000000066e-02 1.935670000000000099e-02
1.301401840000000032e+00 1.919815299999999905e-02 4.291869999999999821e-04 1.000000000000000000e+00 1.921789999999999957e-02 1.934519999999999990e-02
1.301835641000000043e+00 1.918172400000000069e-02 4.291009999999999833e-04 1.000000000000000000e+00 1.920439999999999994e-02 1.933179999999999968e-02
1.302269585999999979e+00 1.916317000000000020e-02 4.289930000000000175e-04 1.000000000000000000e+00 1.918869999999999951e-02 1.931619999999999865e-02
1.302703675999999922e+00 1.914341199999999854e-02 4.288660000000000237e-04 1.000000000000000000e+00 1.917129999999999876e-02 1.929869999999999849e-02
1.303137911000000093e+00 1.912366799999999992e-02 4.287259999999999877e-04 1.000000000000000000e+00 1.915270000000000167e-02 1.928010000000000140e-02
1.303572289999999967e+00 1.910504799999999948e-02 4.285809999999999815e-04 1.000000000000000000e+00 1.913389999999999883e-02 1.926129999999999856e-02
1.304006814000000070e+00 1.908822599999999980e-02 4.284420000000000155e-04 1.000000000000000000e+00 1.911590000000000164e-02 1.924330000000000138e-02
1.304441482999999957e+00 1.907332299999999967e-02 4.283129999999999902e-04 1.000000000000000000e+00 1.909929999999999961e-02 1.922659999999999994e-02
1.304876297000000074e+00 1.906004000000000032e-02 4.281959999999999911e-04 1.000000000000000000e+00 1.908440000000000136e-02 1.921159999999999882e-02
1.305311255999999975e+00 1.904793899999999984e-02 4.280900000000000026e-04 1.000000000000000000e+00 1.907100000000000115e-02 1.919809999999999919e-02
1.305746359000000023e+00 1.903666399999999828e-02 4.279910000000000160e-04 1.000000000000000000e+00 1.905890000000000015e-02 1.918569999999999998e-02
1.306181607999999938e+00 1.902602999999999933e-02 4.278980000000000153e-04 1.000000000000000000e+00 1.904770000000000074e-02 1.917419999999999888e-02
1.306617002000000083e+00 1.901594699999999832e-02 4.278080000000000077e-04 1.000000000000000000e+00 1.903710000000000124e-02 1.916330000000000117e-02
1.307052541000000012e+00 1.900628899999999913e-02 4.277230000000000246e-04 1.000000000000000000e+00 1.902679999999999996e-02 1.915280000000000107e-02
1.307488224999999948e+00 1.899684000000000095e-02 4.276409999999999803e-04 1.000000000000000000e+00 1.901680000000000037e-02 1.914249999999999979e-02
1.307924054999999974e+00 1.898733600000000049e-02 4.275629999999999990e-04 1.000000000000000000e+00 1.900680000000000078e-02 1.913219999999999851e-02
1.308360028999999924e+00 1.897754000000000107e-02 4.274899999999999881e-04 1.000000000000000000e+00 1.899649999999999950e-02 1.912169999999999842e-02
1.308796148999999964e+00 1.896725499999999884e-02 4.274200000000000243e-04 1.000000000000000000e+00 1.898580000000000059e-02 1.911090000000000011e-02
1.309232415000000094e+00 1.895615299999999989e-02 4.273519999999999836e-04 1.000000000000000000e+00 1.897449999999999831e-02 1.909960000000000130e-02
1.309668824999999925e+00 1.894357799999999911e-02 4.272850000000000129e-04 1.000000000000000000e+00 1.896240000000000078e-02 1.908759999999999971e-02
1.310105381999999929e+00 1.892848999999999920e-02 4.272090000000000089e-04 1.000000000000000000e+00 1.894900000000000057e-02 1.907439999999999830e-02
1.310542083999999941e+00 1.890972200000000034e-02 4.271160000000000082e-04 1.000000000000000000e+00 1.893359999999999835e-02 1.905919999999999837e-02
1.310978930999999958e+00 1.888656999999999836e-02 4.269909999999999916e-04 1.000000000000000000e+00 1.891549999999999829e-02 1.904120000000000118e-02
1.311415924000000066e+00 1.885945899999999856e-02 4.268249999999999800e-04 1.000000000000000000e+00 1.889419999999999988e-02 1.901999999999999871e-02
1.311853063000000041e+00 1.883038899999999946e-02 4.266189999999999891e-04 1.000000000000000000e+00 1.887000000000000136e-02 1.899570000000000078e-02
1.312290347000000024e+00 1.880273400000000150e-02 4.263870000000000225e-04 1.000000000000000000e+00 1.884419999999999845e-02 1.896990000000000134e-02
1.312727777000000096e+00 1.878043199999999968e-02 4.261539999999999859e-04 1.000000000000000000e+00 1.881949999999999942e-02 1.894500000000000003e-02
1.313165353000000035e+00 1.876677699999999838e-02 4.259569999999999741e-04 1.000000000000000000e+00 1.879870000000000152e-02 1.892390000000000044e-02
1.313603075000000064e+00 1.876322600000000090e-02 4.258250000000000099e-04 1.000000000000000000e+00 1.878439999999999971e-02 1.890930000000000041e-02
1.314040942000000101e+00 1.876875399999999861e-02 4.257789999999999904e-04 1.000000000000000000e+00 1.877799999999999955e-02 1.890270000000000145e-02
1.314478956000000087e+00 1.877993199999999918e-02 4.258159999999999766e-04 1.000000000000000000e+00 1.877909999999999996e-02 1.890359999999999957e-02
1.314917115999999941e+00 1.879173400000000091e-02 4.259129999999999860e-04 1.000000000000000000e+00 1.878530000000000130e-02 1.890959999999999863e-02
1.315355421000000025e+00 1.879873099999999908e-02 4.260290000000000236e-04 1.000000000000000000e+00 1.879290000000000127e-02 1.891709999999999919e-02
1.315793873000000058e+00 1.879637099999999922e-02 4.261180000000000154e-04 1.000000000000000000e+00 1.879760000000000111e-02 1.892179999999999904e-02
1.316232470999999959e+00 1.878193800000000149e-02 4.261339999999999963e-04 1.000000000000000000e+00 1.879559999999999911e-02 1.891960000000000169e-02
1.316671214999999950e+00 1.875507400000000005e-02 4.260469999999999817e-04 1.000000000000000000e+00 1.878399999999999861e-02 1.890789999999999832e-02
1.317110105999999892e+00 1.871779999999999972e-02 4.258449999999999996e-04 1.000000000000000000e+00 1.876200000000000090e-02 1.888569999999999832e-02
1.317549142000000062e+00 1.867407100000000042e-02 4.255390000000000062e-04 1.000000000000000000e+00 1.873060000000000003e-02 1.885399999999999923e-02
1.317988324999999961e+00 1.862897000000000164e-02 4.251600000000000019e-04 1.000000000000000000e+00 1.869250000000000078e-02 1.881570000000000117e-02
1.318427655000000032e+00 1.858769299999999888e-02 4.247510000000000131e-04 1.000000000000000000e+00 1.865170000000000022e-02 1.877459999999999893e-02
1.318867130999999970e+00 1.855452200000000038e-02 4.243620000000000139e-04 1.000000000000000000e+00 1.861259999999999998e-02 1.873529999999999987e-02
1.319306752999999999e+00 1.853202099999999922e-02 4.240350000000000152e-04 1.000000000000000000e+00 1.857920000000000058e-02 1.870159999999999878e-02
1.319746521999999977e+00 1.852069199999999832e-02 4.238010000000000171e-04 1.000000000000000000e+00 1.855410000000000045e-02 1.867629999999999985e-02
1.320186437999999907e+00 1.851920899999999828e-02 4.236709999999999760e-04 1.000000000000000000e+00 1.853849999999999942e-02 1.866059999999999941e-02
1.320626499999999925e+00 1.852516099999999832e-02 4.236409999999999915e-04 1.000000000000000000e+00 1.853209999999999927e-02 1.865409999999999985e-02
1.321066708999999895e+00 1.853600000000000039e-02 4.236940000000000129e-04 1.000000000000000000e+00 1.853319999999999967e-02 1.865520000000000025e-02
1.321507063999999954e+00 1.854985199999999862e-02 4.238080000000000189e-04 1.000000000000000000e+00 1.854019999999999974e-02 1.866210000000000091e-02
1.321947567000000046e+00 1.856583900000000065e-02 4.239660000000000130e-04 1.000000000000000000e+00 1.855120000000000033e-02 1.867310000000000150e-02
1.322388216000000005e+00 1.858373699999999948e-02 4.241560000000000230e-04 1.000000000000000000e+00 1.856529999999999986e-02 1.868710000000000163e-02
1.322829011999999915e+00 1.860320299999999871e-02 4.243720000000000088e-04 1.000000000000000000e+00 1.858160000000000020e-02 1.870350000000000137e-02
1.323269954999999998e+00 1.862284200000000056e-02 4.246070000000000226e-04 1.000000000000000000e+00 1.859960000000000085e-02 1.872149999999999856e-02
1.323711045000000031e+00 1.863962300000000100e-02 4.248440000000000137e-04 1.000000000000000000e+00 1.861780000000000032e-02 1.873970000000000150e-02
1.324152282000000014e+00 1.864896699999999893e-02 4.250540000000000134e-04 1.000000000000000000e+00 1.863360000000000016e-02 1.875550000000000134e-02
1.324593665999999947e+00 1.864548400000000036e-02 4.251920000000000179e-04 1.000000000000000000e+00 1.864330000000000154e-02 1.876509999999999984e-02
1.325035197000000053e+00 1.862422400000000172e-02 4.252079999999999987e-04 1.000000000000000000e+00 1.864220000000000113e-02 1.876380000000000062e-02
1.325476875000000110e+00 1.858198800000000067e-02 4.250510000000000204e-04 1.000000000000000000e+00 1.862609999999999960e-02 1.874750000000000028e-02
1.325918700999999977e+00 1.851820399999999991e-02 4.246850000000000039e-04 1.000000000000000000e+00 1.859200000000000089e-02 1.871290000000000106e-02
1.326360674000000017e+00 1.843518599999999924e-02 4.240940000000000226e-04 1.000000000000000000e+00 1.853880000000000111e-02 1.865899999999999850e-02
1.326802794000000008e+00 1.833756099999999875e-02 4.232899999999999944e-04 1.000000000000000000e+00 1.846760000000000068e-02 1.858689999999999995e-02
1.327245062000000031e+00 1.823113599999999848e-02 4.223070000000000209e-04 1.000000000000000000e+00 1.838170000000000082e-02 1.849989999999999968e-02
1.327687477000000005e+00 1.812164700000000114e-02 4.211910000000000133e-04 1.000000000000000000e+00 1.828559999999999908e-02 1.840249999999999872e-02
1.328130038999999929e+00 1.801368399999999856e-02 4.199979999999999859e-04 1.000000000000000000e+00 1.818399999999999878e-02 1.829959999999999920e-02
1.328572749000000108e+00 1.791037599999999869e-02 4.187729999999999968e-04 1.000000000000000000e+00 1.808130000000000154e-02 1.819540000000000046e-02
1.329015607000000099e+00 1.781375899999999846e-02 4.175569999999999868e-04 1.000000000000000000e+00 1.798080000000000164e-02 1.809329999999999966e-02
1.329458612000000040e+00 1.772566999999999893e-02 4.163799999999999945e-04 1.000000000000000000e+00 1.788500000000000159e-02 1.799600000000000158e-02
1.329901765000000013e+00 1.764861399999999997e-02 4.152709999999999887e-04 1.000000000000000000e+00 1.779640000000000041e-02 1.790579999999999949e-02
1.330345066000000021e+00 1.758614699999999989e-02 4.142640000000000168e-04 1.000000000000000000e+00 1.771760000000000002e-02 1.782550000000000107e-02
1.330788513999999978e+00 1.754244400000000079e-02 4.133990000000000039e-04 1.000000000000000000e+00 1.765210000000000043e-02 1.775840000000000057e-02
1.331232109999999969e+00 1.752112700000000092e-02 4.127199999999999923e-04 1.000000000000000000e+00 1.760340000000000169e-02 1.770820000000000033e-02
1.331675853999999992e+00 1.752388599999999894e-02 4.122670000000000154e-04 1.000000000000000000e+00 1.757469999999999866e-02 1.767830000000000096e-02
1.332119746000000049e+00 1.754937800000000089e-02 4.120610000000000245e-04 1.000000000000000000e+00 1.756780000000000147e-02 1.767010000000000108e-02
1.332563785999999917e+00 1.759287799999999929e-02 4.120950000000000177e-04 1.000000000000000000e+00 1.758180000000000159e-02 1.768310000000000021e-02
1.333007974000000040e+00 1.764693700000000143e-02 4.123330000000000246e-04 1.000000000000000000e+00 1.761319999999999900e-02 1.771369999999999889e-02
1.333452309999999974e+00 1.770274399999999942e-02 4.127110000000000132e-04 1.000000000000000000e+00 1.765610000000000096e-02 1.775590000000000154e-02
1.333896793999999941e+00 1.775192000000000089e-02 4.131469999999999934e-04 1.000000000000000000e+00 1.770299999999999999e-02 1.780230000000000007e-02
1.334341425999999942e+00 1.778820600000000085e-02 4.135650000000000155e-04 1.000000000000000000e+00 1.774660000000000126e-02 1.784550000000000025e-02
1.334786207000000058e+00 1.780856100000000053e-02 4.138999999999999776e-04 1.000000000000000000e+00 1.778079999999999938e-02 1.787949999999999956e-02
1.335231135999999985e+00 1.781339499999999923e-02 4.141169999999999790e-04 1.000000000000000000e+00 1.780220000000000066e-02 1.790069999999999856e-02
1.335676212999999946e+00 1.780587399999999931e-02 4.142099999999999797e-04 1.000000000000000000e+00 1.780999999999999944e-02 1.790850000000000081e-02
1.336121437999999939e+00 1.779054799999999978e-02 4.141990000000000233e-04 1.000000000000000000e+00 1.780630000000000060e-02 1.790479999999999849e-02
1.336566812000000048e+00 1.777176499999999840e-02 4.141179999999999948e-04 1.000000000000000000e+00 1.779419999999999960e-02 1.789289999999999978e-02
1.337012333999999969e+00 1.775256999999999877e-02 4.140020000000000115e-04 1.000000000000000000e+00 1.777739999999999876e-02 1.787630000000000122e-02
1.337458005000000005e+00 1.773429899999999851e-02 4.138790000000000264e-04 1.000000000000000000e+00 1.775900000000000048e-02 1.785809999999999828e-02
1.337903824000000075e+00 1.771702500000000083e-02 4.137599999999999958e-04 1.000000000000000000e+00 1.774080000000000101e-02 1.784010000000000110e-02
1.338349792000000038e+00 1.770024300000000092e-02 4.136470000000000056e-04 1.000000000000000000e+00 1.772349999999999967e-02 1.782289999999999916e-02
1.338795908999999895e+00 1.768332200000000132e-02 4.135349999999999768e-04 1.000000000000000000e+00 1.770719999999999933e-02 1.780659999999999882e-02
1.339242174000000007e+00 1.766527000000000028e-02 4.134119999999999917e-04 1.000000000000000000e+00 1.769110000000000127e-02 1.779050000000000076e-02
1.339688588000000014e+00 1.764364599999999894e-02 4.132650000000000082e-04 1.000000000000000000e+00 1.767420000000000102e-02 1.777340000000000170e-02
1.340135150999999913e+00 1.761345799999999850e-02 4.130650000000000033e-04 1.000000000000000000e+00 1.765370000000000134e-02 1.775269999999999973e-02
1.340581862999999929e+00 1.756669599999999970e-02 4.127609999999999873e-04 1.000000000000000000e+00 1.762489999999999890e-02 1.772359999999999908e-02
1.341028722999999978e+00 1.749322899999999903e-02 4.122759999999999945e-04 1.000000000000000000e+00 1.758090000000000000e-02 1.767919999999999908e-02
1.341475733000000004e+00 1.738311700000000001e-02 4.115149999999999928e-04 1.000000000000000000e+00 1.751290000000000138e-02 1.761069999999999997e-02
1.341922891000000062e+00 1.722955400000000109e-02 4.103819999999999885e-04 1.000000000000000000e+00 1.741250000000000089e-02 1.750960000000000016e-02
1.342370199000000097e+00 1.703102700000000067e-02 4.088040000000000250e-04 1.000000000000000000e+00 1.727340000000000125e-02 1.736980000000000121e-02
1.342817656000000026e+00 1.679172300000000145e-02 4.067499999999999935e-04 1.000000000000000000e+00 1.709350000000000105e-02 1.718890000000000001e-02
1.343265262000000071e+00 1.651974299999999993e-02 4.042369999999999991e-04 1.000000000000000000e+00 1.687479999999999883e-02 1.696920000000000026e-02
1.343713017000000010e+00 1.622376600000000058e-02 4.013180000000000089e-04 1.000000000000000000e+00 1.662280000000000008e-02 1.671600000000000169e-02
1.344160921000000064e+00 1.590986299999999978e-02 3.980610000000000094e-04 1.000000000000000000e+00 1.634400000000000089e-02 1.643589999999999982e-02
1.344608975000000095e+00 1.558001999999999998e-02 3.945150000000000132e-04 1.000000000000000000e+00 1.604370000000000102e-02 1.613409999999999844e-02
1.345057178000000020e+00 1.523308999999999948e-02 3.907030000000000030e-04 1.000000000000000000e+00 1.572449999999999889e-02 1.581339999999999829e-02
1.345505530000000061e+00 1.486777000000000064e-02 3.866230000000000014e-04 1.000000000000000000e+00 1.538699999999999964e-02 1.547420000000000045e-02
1.345954032000000078e+00 1.448596899999999958e-02 3.822669999999999909e-04 1.000000000000000000e+00 1.503170000000000027e-02 1.511700000000000023e-02
1.346402682999999989e+00 1.409454100000000036e-02 3.776559999999999770e-04 1.000000000000000000e+00 1.466070000000000047e-02 1.474400000000000016e-02
1.346851484000000099e+00 1.370422299999999975e-02 3.728529999999999757e-04 1.000000000000000000e+00 1.427969999999999934e-02 1.436109999999999991e-02
1.347300434999999963e+00 1.332622699999999952e-02 3.679600000000000210e-04 1.000000000000000000e+00 1.389729999999999958e-02 1.397649999999999934e-02
1.347749534999999943e+00 1.296780600000000012e-02 3.630929999999999878e-04 1.000000000000000000e+00 1.352229999999999925e-02 1.359939999999999934e-02
1.348198784999999900e+00 1.262913799999999982e-02 3.583370000000000218e-04 1.000000000000000000e+00 1.316100000000000082e-02 1.323610000000000064e-02
1.348648183999999972e+00 1.230293300000000027e-02 3.537139999999999816e-04 1.000000000000000000e+00 1.281470000000000005e-02 1.288779999999999960e-02
1.349097734000000104e+00 1.197673500000000051e-02 3.491689999999999768e-04 1.000000000000000000e+00 1.247889999999999937e-02 1.255009999999999980e-02
1.349547432999999907e+00 1.163668500000000078e-02 3.445829999999999770e-04 1.000000000000000000e+00 1.214490000000000014e-02 1.221410000000000030e-02
1.349997281999999910e+00 1.127115100000000009e-02 3.398009999999999811e-04 1.000000000000000000e+00 1.180149999999999949e-02 1.186869999999999939e-02
1.350447281000000110e+00 1.087278399999999992e-02 3.346709999999999811e-04 1.000000000000000000e+00 1.143880000000000070e-02 1.150389999999999920e-02
1.350897430000000066e+00 1.043914200000000021e-02 3.290680000000000146e-04 1.000000000000000000e+00 1.104909999999999920e-02 1.111189999999999921e-02
1.351347728999999998e+00 9.972422200000000819e-03 3.229129999999999761e-04 1.000000000000000000e+00 1.062860000000000020e-02 1.068900000000000058e-02
1.351798178999999989e+00 9.479308699999999463e-03 3.161799999999999984e-04 1.000000000000000000e+00 1.017790000000000014e-02 1.023570000000000035e-02
1.352248778000000096e+00 8.971157900000000310e-03 3.089049999999999977e-04 1.000000000000000000e+00 9.701519999999999935e-03 9.756650000000000392e-03
1.352699528000000040e+00 8.463877200000000794e-03 3.011959999999999941e-04 1.000000000000000000e+00 9.208779999999999744e-03 9.261129999999999363e-03
1.353150427000000100e+00 7.976663400000000292e-03 2.932379999999999731e-04 1.000000000000000000e+00 8.713139999999999427e-03 8.762719999999999884e-03
1.353601478000000080e+00 7.529009199999999770e-03 2.852889999999999853e-04 1.000000000000000000e+00 8.231139999999999637e-03 8.278050000000000339e-03
1.354052677999999954e+00 7.136448400000000233e-03 2.776429999999999979e-04 1.000000000000000000e+00 7.779939999999999946e-03 7.824350000000000749e-03
1.354504029000000109e+00 6.806287799999999680e-03 2.705820000000000057e-04 1.000000000000000000e+00 7.373840000000000429e-03 7.416009999999999790e-03
1.354955530000000019e+00 6.535148799999999578e-03 2.642979999999999960e-04 1.000000000000000000e+00 7.020969999999999642e-03 7.061190000000000175e-03
1.355407181999999988e+00 6.309354999999999998e-03 2.588399999999999816e-04 1.000000000000000000e+00 6.720959999999999782e-03 6.759539999999999646e-03
1.355858985000000017e+00 6.108209499999999598e-03 2.540919999999999789e-04 1.000000000000000000e+00 6.464890000000000046e-03 6.502039999999999730e-03
1.356310938000000021e+00 5.909052700000000380e-03 2.497970000000000073e-04 1.000000000000000000e+00 6.237259999999999679e-03 6.273130000000000026e-03
1.356763041000000003e+00 5.692394800000000199e-03 2.456199999999999963e-04 1.000000000000000000e+00 6.019710000000000165e-03 6.054340000000000069e-03
1.357215295999999904e+00 5.445579400000000007e-03 2.412249999999999952e-04 1.000000000000000000e+00 5.794989999999999863e-03 5.828319999999999682e-03
1.357667701000000005e+00 5.164453799999999678e-03 2.363400000000000039e-04 1.000000000000000000e+00 5.550320000000000080e-03 5.582229999999999658e-03
1.358120256999999942e+00 4.853202299999999705e-03 2.308029999999999923e-04 1.000000000000000000e+00 5.279400000000000065e-03 5.309750000000000233e-03
1.358572963000000078e+00 4.523158600000000418e-03 2.245840000000000032e-04 1.000000000000000000e+00 4.983060000000000093e-03 5.011700000000000009e-03
1.359025820999999912e+00 4.191261800000000218e-03 2.177910000000000024e-04 1.000000000000000000e+00 4.668839999999999622e-03 4.695689999999999760e-03
1.359478830000000027e+00 3.878154100000000010e-03 2.106710000000000028e-04 1.000000000000000000e+00 4.350009999999999641e-03 4.375040000000000179e-03
1.359931988999999897e+00 3.605757700000000038e-03 2.035980000000000114e-04 1.000000000000000000e+00 4.043920000000000327e-03 4.067199999999999982e-03
1.360385299999999908e+00 3.393944199999999935e-03 1.970469999999999991e-04 1.000000000000000000e+00 3.769740000000000157e-03 3.791459999999999969e-03
1.360838761999999980e+00 3.256698100000000179e-03 1.915270000000000113e-04 1.000000000000000000e+00 3.545589999999999940e-03 3.566049999999999862e-03
1.361292375000000110e+00 3.198928499999999925e-03 1.874839999999999959e-04 1.000000000000000000e+00 3.385249999999999804e-03 3.404799999999999927e-03
1.361746139000000078e+00 3.214976000000000032e-03 1.851900000000000074e-04 1.000000000000000000e+00 3.295320000000000020e-03 3.314350000000000195e-03
1.362200054000000105e+00 3.289909299999999818e-03 1.846589999999999950e-04 1.000000000000000000e+00 3.273820000000000202e-03 3.292740000000000163e-03
1.362654121000000051e+00 3.403119599999999793e-03 1.856489999999999974e-04 1.000000000000000000e+00 3.310730000000000010e-03 3.329869999999999965e-03
1.363108339000000058e+00 3.532895400000000009e-03 1.877340000000000020e-04 1.000000000000000000e+00 3.390359999999999815e-03 3.409970000000000015e-03
1.363562707999999901e+00 3.660291400000000115e-03 1.904230000000000029e-04 1.000000000000000000e+00 3.494699999999999890e-03 3.514909999999999996e-03
1.364017229000000109e+00 3.770980299999999834e-03 1.932600000000000030e-04 1.000000000000000000e+00 3.606439999999999819e-03 3.627309999999999909e-03
1.364471902000000014e+00 3.855384900000000201e-03 1.958809999999999902e-04 1.000000000000000000e+00 3.711040000000000085e-03 3.732529999999999962e-03
1.364926725999999979e+00 3.907939699999999836e-03 1.980239999999999865e-04 1.000000000000000000e+00 3.797480000000000213e-03 3.819470000000000157e-03
1.365381701000000003e+00 3.926806300000000235e-03 1.995280000000000046e-04 1.000000000000000000e+00 3.858369999999999855e-03 3.880730000000000204e-03
1.365836827999999947e+00 3.914426500000000100e-03 2.003200000000000065e-04 1.000000000000000000e+00 3.890170000000000086e-03 3.912729999999999680e-03
1.366292107000000033e+00 3.878210400000000127e-03 2.004259999999999950e-04 1.000000000000000000e+00 3.893569999999999844e-03 3.916160000000000127e-03
1.366747538000000040e+00 3.830104400000000110e-03 1.999720000000000024e-04 1.000000000000000000e+00 3.873800000000000160e-03 3.896279999999999796e-03
1.367203120000000105e+00 3.784700099999999817e-03 1.991829999999999935e-04 1.000000000000000000e+00 3.840210000000000151e-03 3.862509999999999988e-03
1.367658854999999951e+00 3.755989400000000079e-03 1.983449999999999992e-04 1.000000000000000000e+00 3.804710000000000210e-03 3.826819999999999874e-03
1.368114741000000079e+00 3.754535499999999987e-03 1.977520000000000135e-04 1.000000000000000000e+00 3.779419999999999915e-03 3.801389999999999977e-03
1.368570778999999904e+00 3.786409299999999797e-03 1.976570000000000085e-04 1.000000000000000000e+00 3.774510000000000018e-03 3.796460000000000199e-03
1.369026969999999954e+00 3.854256300000000017e-03 1.982350000000000019e-04 1.000000000000000000e+00 3.797120000000000183e-03 3.819219999999999907e-03
1.369483312000000064e+00 3.959839599999999925e-03 1.995909999999999937e-04 1.000000000000000000e+00 3.851859999999999919e-03 3.874289999999999852e-03
1.369939806000000093e+00 4.106163500000000084e-03 2.017950000000000017e-04 1.000000000000000000e+00 3.942219999999999752e-03 3.965169999999999632e-03
1.370396452999999903e+00 4.297657800000000139e-03 2.049060000000000063e-04 1.000000000000000000e+00 4.071830000000000241e-03 4.095539999999999944e-03
1.370853252000000078e+00 4.538151899999999690e-03 2.089770000000000017e-04 1.000000000000000000e+00 4.244669999999999867e-03 4.269389999999999644e-03
1.371310202999999950e+00 4.827668599999999574e-03 2.140250000000000117e-04 1.000000000000000000e+00 4.463749999999999836e-03 4.489769999999999699e-03
1.371767305999999964e+00 5.159672199999999764e-03 2.199810000000000068e-04 1.000000000000000000e+00 4.728979999999999816e-03 4.756569999999999895e-03
1.372224561999999981e+00 5.520342999999999604e-03 2.266649999999999991e-04 1.000000000000000000e+00 5.035139999999999581e-03 5.064540000000000187e-03
1.372681969999999918e+00 5.890297699999999873e-03 2.337879999999999917e-04 1.000000000000000000e+00 5.371179999999999705e-03 5.402599999999999590e-03
1.373139531000000080e+00 6.248237200000000303e-03 2.409939999999999901e-04 1.000000000000000000e+00 5.721350000000000047e-03 5.754859999999999663e-03
1.373597243999999939e+00 6.574889700000000232e-03 2.479219999999999753e-04 1.000000000000000000e+00 6.067549999999999680e-03 6.103149999999999895e-03
1.374055110000000024e+00 6.855851500000000216e-03 2.542609999999999836e-04 1.000000000000000000e+00 6.392359999999999709e-03 6.429930000000000367e-03
1.374513128000000028e+00 7.082329800000000328e-03 2.597850000000000072e-04 1.000000000000000000e+00 6.681349999999999963e-03 6.720699999999999591e-03
1.374971299000000036e+00 7.249942199999999740e-03 2.643510000000000174e-04 1.000000000000000000e+00 6.924119999999999754e-03 6.964979999999999956e-03
1.375429623000000046e+00 7.356224399999999886e-03 2.678819999999999943e-04 1.000000000000000000e+00 7.113859999999999628e-03 7.155909999999999702e-03
1.375888100000000058e+00 7.398194900000000171e-03 2.703310000000000110e-04 1.000000000000000000e+00 7.245810000000000098e-03 7.288710000000000327e-03
1.376346728999999991e+00 7.371113099999999918e-03 2.716479999999999850e-04 1.000000000000000000e+00 7.315649999999999931e-03 7.359029999999999912e-03
1.376805510999999926e+00 7.268919500000000158e-03 2.717579999999999822e-04 1.000000000000000000e+00 7.318400000000000079e-03 7.361870000000000393e-03
1.377264446000000087e+00 7.086401200000000053e-03 2.705660000000000248e-04 1.000000000000000000e+00 7.248680000000000401e-03 7.291790000000000251e-03
1.377723534000000027e+00 6.822271500000000148e-03 2.679720000000000019e-04 1.000000000000000000e+00 7.102070000000000258e-03 7.144369999999999714e-03
1.378182776000000054e+00 6.481969399999999888e-03 2.639119999999999899e-04 1.000000000000000000e+00 6.877379999999999778e-03 6.918399999999999897e-03
1.378642170000000000e+00 6.079257700000000042e-03 2.583940000000000065e-04 1.000000000000000000e+00 6.578829999999999921e-03 6.618139999999999787e-03
1.379101716999999949e+00 5.636063299999999852e-03 2.515369999999999737e-04 1.000000000000000000e+00 6.217549999999999639e-03 6.254769999999999774e-03
1.379561417999999984e+00 5.180484499999999694e-03 2.435910000000000061e-04 1.000000000000000000e+00 5.811710000000000313e-03 5.846579999999999659e-03
1.380021272000000021e+00 4.743544899999999585e-03 2.349399999999999969e-04 1.000000000000000000e+00 5.385240000000000339e-03 5.417650000000000417e-03
1.380481279000000061e+00 4.355528000000000004e-03 2.260960000000000118e-04 1.000000000000000000e+00 4.965530000000000117e-03 4.995499999999999940e-03
1.380941439000000104e+00 4.042708199999999960e-03 2.176599999999999997e-04 1.000000000000000000e+00 4.580400000000000096e-03 4.608140000000000153e-03
1.381401753000000010e+00 3.824800199999999796e-03 2.102720000000000088e-04 1.000000000000000000e+00 4.255250000000000352e-03 4.281120000000000238e-03
1.381862219999999919e+00 3.713578899999999804e-03 2.045410000000000056e-04 1.000000000000000000e+00 4.010610000000000390e-03 4.035079999999999917e-03
1.382322840999999913e+00 3.712505200000000127e-03 2.009539999999999872e-04 1.000000000000000000e+00 3.860489999999999842e-03 3.884110000000000080e-03
1.382783614999999910e+00 3.817188400000000141e-03 1.997950000000000073e-04 1.000000000000000000e+00 3.811600000000000057e-03 3.834989999999999927e-03
1.383244542999999993e+00 4.016600000000000378e-03 2.010969999999999891e-04 1.000000000000000000e+00 3.863409999999999848e-03 3.887180000000000062e-03
1.383705624999999939e+00 4.294757700000000414e-03 2.046499999999999871e-04 1.000000000000000000e+00 4.008870000000000315e-03 4.033590000000000092e-03
1.384166860000000110e+00 4.632745199999999813e-03 2.100559999999999960e-04 1.000000000000000000e+00 4.235710000000000169e-03 4.261889999999999949e-03
1.384628248999999922e+00 5.011045500000000166e-03 2.168249999999999984e-04 1.000000000000000000e+00 4.528179999999999705e-03 4.556229999999999655e-03
1.385089792000000042e+00 5.411927100000000004e-03 2.244589999999999867e-04 1.000000000000000000e+00 4.869110000000000278e-03 4.899340000000000292e-03
1.385551487999999942e+00 5.821345099999999939e-03 2.325240000000000119e-04 1.000000000000000000e+00 5.242010000000000072e-03 5.274629999999999770e-03
1.386013339000000011e+00 6.229961499999999743e-03 2.406890000000000125e-04 1.000000000000000000e+00 5.632859999999999950e-03 5.667980000000000414e-03
1.386475343000000082e+00 6.632397800000000218e-03 2.487330000000000053e-04 1.000000000000000000e+00 6.031070000000000354e-03 6.068719999999999670e-03
1.386937502000000100e+00 7.024800500000000052e-03 2.565199999999999902e-04 1.000000000000000000e+00 6.429110000000000033e-03 6.469279999999999996e-03
1.387399813999999898e+00 7.401226599999999670e-03 2.639550000000000164e-04 1.000000000000000000e+00 6.820820000000000008e-03 6.863460000000000047e-03
1.387862281000000086e+00 7.750361800000000155e-03 2.709340000000000186e-04 1.000000000000000000e+00 7.198809999999999931e-03 7.243809999999999832e-03
1.388324901000000056e+00 8.054308899999999480e-03 2.772930000000000165e-04 1.000000000000000000e+00 7.551940000000000042e-03 7.599120000000000007e-03
1.388787675999999971e+00 8.290491800000000799e-03 2.827989999999999736e-04 1.000000000000000000e+00 7.864319999999999297e-03 7.913409999999999195e-03
1.389250606000000055e+00 8.436589700000000219e-03 2.871740000000000122e-04 1.000000000000000000e+00 8.116570000000000035e-03 8.167209999999999401e-03
1.389713688999999919e+00 8.476609700000000205e-03 2.901399999999999834e-04 1.000000000000000000e+00 8.289329999999999268e-03 8.341019999999999338e-03
1.390176926999999951e+00 8.405682700000000063e-03 2.914920000000000206e-04 1.000000000000000000e+00 8.367660000000000722e-03 8.419829999999999676e-03
1.390640319000000069e+00 8.231601300000000385e-03 2.911410000000000235e-04 1.000000000000000000e+00 8.344970000000000165e-03 8.397019999999999831e-03
1.391103865999999911e+00 7.972517599999999482e-03 2.891379999999999818e-04 1.000000000000000000e+00 8.224650000000000016e-03 8.275980000000000489e-03
1.391567567000000061e+00 7.652387299999999747e-03 2.856590000000000106e-04 1.000000000000000000e+00 8.019089999999999552e-03 8.069180000000000449e-03
1.392031422999999934e+00 7.296633799999999691e-03 2.809730000000000083e-04 1.000000000000000000e+00 7.746900000000000140e-03 7.795350000000000369e-03
1.392495433999999976e+00 6.930244200000000403e-03 2.754069999999999739e-04 1.000000000000000000e+00 7.429930000000000388e-03 7.476469999999999817e-03
1.392959599000000104e+00 6.578796100000000070e-03 2.693330000000000181e-04 1.000000000000000000e+00 7.091629999999999809e-03 7.136120000000000137e-03
1.393423918999999955e+00 6.270712399999999603e-03 2.631859999999999972e-04 1.000000000000000000e+00 6.757149999999999962e-03 6.799620000000000143e-03
1.393888392999999892e+00 6.037874300000000034e-03 2.574909999999999916e-04 1.000000000000000000e+00 6.454170000000000393e-03 6.494820000000000107e-03
1.394353023000000080e+00 5.911934100000000233e-03 2.528610000000000037e-04 1.000000000000000000e+00 6.212620000000000295e-03 6.251829999999999887e-03
1.394817806999999910e+00 5.915983700000000331e-03 2.499290000000000257e-04 1.000000000000000000e+00 6.061379999999999893e-03 6.099720000000000315e-03
1.395282745999999907e+00 6.054351700000000155e-03 2.491819999999999734e-04 1.000000000000000000e+00 6.021949999999999872e-03 6.060119999999999570e-03
1.395747840999999934e+00 6.304947400000000118e-03 2.507680000000000087e-04 1.000000000000000000e+00 6.100630000000000115e-03 6.139369999999999897e-03
1.396213090000000046e+00 6.618985299999999641e-03 2.543579999999999930e-04 1.000000000000000000e+00 6.282620000000000045e-03 6.322569999999999579e-03
1.396678494000000104e+00 6.930018500000000199e-03 2.591730000000000205e-04 1.000000000000000000e+00 6.531249999999999729e-03 6.572839999999999933e-03
1.397144053999999969e+00 7.170814699999999986e-03 2.641739999999999952e-04 1.000000000000000000e+00 6.794330000000000334e-03 6.837629999999999923e-03
1.397609769000000002e+00 7.292718800000000390e-03 2.683329999999999938e-04 1.000000000000000000e+00 7.016449999999999597e-03 7.061200000000000115e-03
1.398075637999999898e+00 7.280781200000000127e-03 2.708939999999999851e-04 1.000000000000000000e+00 7.153989999999999828e-03 7.199640000000000206e-03
1.398541663999999907e+00 7.158687500000000120e-03 2.715460000000000053e-04 1.000000000000000000e+00 7.187589999999999778e-03 7.233479999999999598e-03
1.399007844000000000e+00 6.981204000000000402e-03 2.704949999999999911e-04 1.000000000000000000e+00 7.127699999999999834e-03 7.173249999999999939e-03
1.399474179999999901e+00 6.816612900000000412e-03 2.683930000000000170e-04 1.000000000000000000e+00 7.010889999999999657e-03 7.055739999999999582e-03
1.399940672000000053e+00 6.724883400000000212e-03 2.661599999999999860e-04 1.000000000000000000e+00 6.887869999999999930e-03 6.931999999999999794e-03
1.400407318000000068e+00 6.739397799999999675e-03 2.647060000000000233e-04 1.000000000000000000e+00 6.807480000000000302e-03 6.851180000000000117e-03
1.400874120999999972e+00 6.858422099999999903e-03 2.646470000000000159e-04 1.000000000000000000e+00 6.801820000000000088e-03 6.845569999999999607e-03
1.401341079000000045e+00 7.048848499999999656e-03 2.661119999999999892e-04 1.000000000000000000e+00 6.877750000000000183e-03 6.922079999999999726e-03
1.401808192999999925e+00 7.260166099999999789e-03 2.687480000000000229e-04 1.000000000000000000e+00 7.017329999999999575e-03 7.062640000000000237e-03
1.402275461999999973e+00 7.442838299999999900e-03 2.718940000000000094e-04 1.000000000000000000e+00 7.186180000000000345e-03 7.232660000000000131e-03
1.402742887000000049e+00 7.563958200000000034e-03 2.748499999999999858e-04 1.000000000000000000e+00 7.346410000000000266e-03 7.393989999999999591e-03
1.403210467999999933e+00 7.615025499999999829e-03 2.771000000000000134e-04 1.000000000000000000e+00 7.468909999999999612e-03 7.517330000000000019e-03
1.403678205000000068e+00 7.610002200000000327e-03 2.784330000000000225e-04 1.000000000000000000e+00 7.540830000000000102e-03 7.589750000000000142e-03
1.404146098000000009e+00 7.576025699999999925e-03 2.789339999999999962e-04 1.000000000000000000e+00 7.566350000000000332e-03 7.615450000000000171e-03
1.404614145999999897e+00 7.541751499999999921e-03 2.788959999999999942e-04 1.000000000000000000e+00 7.561739999999999955e-03 7.610819999999999912e-03
1.405082350999999896e+00 7.528096100000000214e-03 2.786849999999999787e-04 1.000000000000000000e+00 7.547530000000000211e-03 7.596529999999999776e-03
1.405550711999999924e+00 7.544548800000000152e-03 2.786169999999999923e-04 1.000000000000000000e+00 7.541469999999999771e-03 7.590440000000000381e-03
1.406019228999999982e+00 7.591080899999999923e-03 2.788879999999999766e-04 1.000000000000000000e+00 7.554570000000000035e-03 7.603630000000000111e-03
1.406487902000000068e+00 7.663501799999999919e-03 2.795739999999999901e-04 1.000000000000000000e+00 7.591099999999999931e-03 7.640420000000000197e-03
1.406956730999999960e+00 7.759080500000000401e-03 2.806780000000000256e-04 1.000000000000000000e+00 7.651370000000000220e-03 7.701109999999999726e-03
1.407425716999999965e+00 7.879884400000000330e-03 2.821960000000000202e-04 1.000000000000000000e+00 7.735399999999999915e-03 7.785730000000000255e-03
1.407894858999999999e+00 8.032634699999999239e-03 2.841629999999999829e-04 1.000000000000000000e+00 7.845529999999999865e-03 7.896629999999999969e-03
1.408364157000000061e+00 8.225328800000000773e-03 2.866580000000000191e-04 1.000000000000000000e+00 7.986740000000000853e-03 8.038830000000000281e-03
1.408833612000000013e+00 8.462185299999999341e-03 2.897660000000000036e-04 1.000000000000000000e+00 8.164720000000000311e-03 8.218049999999999314e-03
1.409303222999999994e+00 8.738877199999999998e-03 2.935160000000000134e-04 1.000000000000000000e+00 8.382340000000000277e-03 8.437170000000000780e-03
1.409772991000000086e+00 9.040244500000000835e-03 2.978279999999999816e-04 1.000000000000000000e+00 8.636100000000000720e-03 8.692659999999999623e-03
1.410242914999999986e+00 9.341683099999999532e-03 3.024850000000000151e-04 1.000000000000000000e+00 8.914190000000000655e-03 8.972650000000000417e-03
1.410712995999999997e+00 9.614372799999999775e-03 3.071549999999999823e-04 1.000000000000000000e+00 9.197169999999999304e-03 9.257549999999999807e-03
1.411183233999999898e+00 9.833125800000000125e-03 3.114640000000000117e-04 1.000000000000000000e+00 9.461640000000000328e-03 9.523810000000000608e-03
1.411653628000000049e+00 9.984468999999999289e-03 3.150869999999999734e-04 1.000000000000000000e+00 9.686129999999999393e-03 9.749829999999999261e-03
1.412124179000000090e+00 1.007189999999999995e-02 3.178379999999999747e-04 1.000000000000000000e+00 9.857450000000000240e-03 9.922339999999999979e-03
1.412594887000000021e+00 1.011618799999999992e-02 3.197329999999999964e-04 1.000000000000000000e+00 9.975259999999999683e-03 1.004099999999999958e-02
1.413065752000000064e+00 1.014966100000000079e-02 3.209940000000000102e-04 1.000000000000000000e+00 1.005290000000000003e-02 1.011920000000000007e-02
1.413536773999999996e+00 1.020583499999999991e-02 3.219890000000000100e-04 1.000000000000000000e+00 1.011379999999999918e-02 1.018059999999999972e-02
1.414007953000000040e+00 1.030755900000000086e-02 3.231220000000000142e-04 1.000000000000000000e+00 1.018389999999999920e-02 1.025120000000000024e-02
1.414479288999999973e+00 1.045798400000000003e-02 3.246929999999999760e-04 1.000000000000000000e+00 1.028270000000000052e-02 1.035080000000000028e-02
1.414950782000000018e+00 1.063816300000000083e-02 3.267799999999999850e-04 1.000000000000000000e+00 1.041590000000000051e-02 1.048490000000000012e-02
1.415422431999999953e+00 1.081262399999999985e-02 3.292060000000000190e-04 1.000000000000000000e+00 1.057220000000000035e-02 1.064239999999999978e-02
1.415894240000000082e+00 1.094169099999999992e-02 3.315920000000000195e-04 1.000000000000000000e+00 1.072689999999999928e-02 1.079820000000000085e-02
1.416366205000000100e+00 1.099609900000000050e-02 3.334909999999999958e-04 1.000000000000000000e+00 1.085020000000000082e-02 1.092240000000000051e-02
1.416838327000000008e+00 1.096859900000000075e-02 3.345530000000000205e-04 1.000000000000000000e+00 1.091789999999999948e-02 1.099059999999999968e-02
1.417310606000000028e+00 1.087805700000000000e-02 3.346509999999999914e-04 1.000000000000000000e+00 1.092109999999999956e-02 1.099389999999999916e-02
1.417783043000000021e+00 1.076455400000000083e-02 3.339449999999999884e-04 1.000000000000000000e+00 1.087029999999999941e-02 1.094280000000000079e-02
1.418255636999999902e+00 1.067716600000000009e-02 3.328510000000000019e-04 1.000000000000000000e+00 1.079360000000000042e-02 1.086570000000000071e-02
1.418728388999999979e+00 1.065880800000000052e-02 3.319279999999999974e-04 1.000000000000000000e+00 1.072829999999999964e-02 1.080000000000000057e-02
1.419201299000000027e+00 1.073349699999999983e-02 3.317129999999999732e-04 1.000000000000000000e+00 1.070989999999999963e-02 1.078160000000000056e-02
1.419674365999999965e+00 1.090027399999999973e-02 3.325579999999999964e-04 1.000000000000000000e+00 1.076180000000000019e-02 1.083390000000000047e-02
1.420147591000000098e+00 1.113552100000000065e-02 3.345350000000000081e-04 1.000000000000000000e+00 1.088929999999999933e-02 1.096240000000000062e-02
1.420620972999999898e+00 1.140227700000000059e-02 3.374310000000000156e-04 1.000000000000000000e+00 1.107950000000000081e-02 1.115389999999999958e-02
1.421094512999999893e+00 1.166284000000000071e-02 3.408500000000000180e-04 1.000000000000000000e+00 1.130710000000000048e-02 1.138310000000000016e-02
1.421568211999999942e+00 1.188982300000000075e-02 3.443540000000000034e-04 1.000000000000000000e+00 1.154290000000000004e-02 1.162050000000000062e-02
1.422042068000000103e+00 1.207216699999999997e-02 3.475929999999999905e-04 1.000000000000000000e+00 1.176289999999999975e-02 1.184209999999999950e-02
1.422516082000000015e+00 1.221438300000000053e-02 3.503819999999999938e-04 1.000000000000000000e+00 1.195359999999999999e-02 1.203410000000000070e-02
1.422990253999999899e+00 1.233038099999999963e-02 3.527070000000000097e-04 1.000000000000000000e+00 1.211309999999999991e-02 1.219480000000000043e-02
1.423464583999999977e+00 1.243520400000000005e-02 3.546670000000000248e-04 1.000000000000000000e+00 1.224790000000000080e-02 1.233060000000000059e-02
1.423939072000000028e+00 1.253807900000000058e-02 3.563999999999999894e-04 1.000000000000000000e+00 1.236740000000000061e-02 1.245100000000000026e-02
1.424413718000000051e+00 1.263953899999999998e-02 3.580100000000000231e-04 1.000000000000000000e+00 1.247859999999999941e-02 1.256299999999999951e-02
1.424888522999999907e+00 1.273302699999999919e-02 3.595229999999999932e-04 1.000000000000000000e+00 1.258319999999999925e-02 1.266849999999999921e-02
1.425363485999999957e+00 1.280937799999999974e-02 3.608969999999999973e-04 1.000000000000000000e+00 1.267809999999999944e-02 1.276419999999999985e-02
1.425838606999999980e+00 1.286144399999999965e-02 3.620550000000000157e-04 1.000000000000000000e+00 1.275759999999999915e-02 1.284429999999999947e-02
1.426313887000000058e+00 1.288666699999999922e-02 3.629290000000000077e-04 1.000000000000000000e+00 1.281629999999999922e-02 1.290359999999999945e-02
1.426789324000000025e+00 1.288632999999999966e-02 3.634819999999999870e-04 1.000000000000000000e+00 1.285140000000000067e-02 1.293910000000000025e-02
1.427264920999999909e+00 1.286247000000000085e-02 3.637110000000000148e-04 1.000000000000000000e+00 1.286250000000000067e-02 1.295040000000000080e-02
1.427740675999999986e+00 1.281437099999999975e-02 3.636199999999999914e-04 1.000000000000000000e+00 1.284959999999999922e-02 1.293769999999999989e-02
1.428216589000000036e+00 1.273726600000000056e-02 3.631910000000000130e-04 1.000000000000000000e+00 1.281170000000000052e-02 1.289970000000000006e-02
1.428692662000000002e+00 1.262450199999999925e-02 3.623710000000000039e-04 1.000000000000000000e+00 1.274510000000000053e-02 1.283300000000000066e-02
1.429168892999999940e+00 1.247254799999999997e-02 3.610900000000000004e-04 1.000000000000000000e+00 1.264559999999999990e-02 1.273299999999999953e-02
1.429645282000000073e+00 1.228672100000000045e-02 3.593119999999999778e-04 1.000000000000000000e+00 1.251129999999999950e-02 1.259799999999999982e-02
1.430121830999999899e+00 1.208436199999999953e-02 3.570909999999999731e-04 1.000000000000000000e+00 1.234709999999999974e-02 1.243269999999999965e-02
1.430598537999999920e+00 1.189328700000000065e-02 3.546110000000000104e-04 1.000000000000000000e+00 1.216659999999999964e-02 1.225109999999999914e-02
1.431075403999999995e+00 1.174523599999999918e-02 3.521789999999999903e-04 1.000000000000000000e+00 1.199169999999999923e-02 1.207510000000000007e-02
1.431552428999999904e+00 1.166665799999999989e-02 3.501649999999999923e-04 1.000000000000000000e+00 1.184789999999999975e-02 1.193029999999999959e-02
1.432029613000000090e+00 1.167030299999999993e-02 3.489090000000000030e-04 1.000000000000000000e+00 1.175780000000000054e-02 1.183960000000000047e-02
1.432506956999999970e+00 1.175105799999999999e-02 3.486140000000000202e-04 1.000000000000000000e+00 1.173450000000000014e-02 1.181609999999999952e-02
1.432984459000000044e+00 1.188743199999999986e-02 3.492850000000000143e-04 1.000000000000000000e+00 1.177759999999999918e-02 1.185959999999999966e-02
1.433462119999999951e+00 1.204813400000000027e-02 3.507259999999999892e-04 1.000000000000000000e+00 1.187369999999999919e-02 1.195640000000000071e-02
1.433939940999999996e+00 1.220124499999999945e-02 3.526049999999999757e-04 1.000000000000000000e+00 1.200009999999999966e-02 1.208369999999999930e-02
1.434417921000000096e+00 1.232270599999999924e-02 3.545549999999999960e-04 1.000000000000000000e+00 1.213149999999999992e-02 1.221619999999999998e-02
1.434896060000000029e+00 1.240187499999999970e-02 3.562719999999999798e-04 1.000000000000000000e+00 1.224669999999999925e-02 1.233229999999999917e-02
1.435374359000000100e+00 1.244280099999999986e-02 3.575860000000000150e-04 1.000000000000000000e+00 1.233360000000000012e-02 1.241989999999999934e-02
1.435852817000000003e+00 1.246126000000000004e-02 3.584859999999999826e-04 1.000000000000000000e+00 1.239110000000000038e-02 1.247810000000000065e-02
1.436331435000000045e+00 1.247901400000000008e-02 3.590989999999999851e-04 1.000000000000000000e+00 1.242839999999999917e-02 1.251589999999999994e-02
1.436810211999999920e+00 1.251690199999999989e-02 3.596410000000000080e-04 1.000000000000000000e+00 1.246079999999999931e-02 1.254880000000000058e-02
1.437289148999999933e+00 1.258897900000000014e-02 3.603410000000000250e-04 1.000000000000000000e+00 1.250470000000000054e-02 1.259320000000000057e-02
1.437768245000000000e+00 1.269934900000000040e-02 3.613749999999999883e-04 1.000000000000000000e+00 1.257259999999999975e-02 1.266180000000000083e-02
1.438247500999999984e+00 1.284226899999999991e-02 3.628209999999999877e-04 1.000000000000000000e+00 1.267040000000000007e-02 1.276049999999999927e-02
1.438726917000000105e+00 1.300515999999999998e-02 3.646489999999999844e-04 1.000000000000000000e+00 1.279620000000000063e-02 1.288740000000000024e-02
1.439206492999999920e+00 1.317310900000000055e-02 3.667470000000000040e-04 1.000000000000000000e+00 1.294209999999999978e-02 1.303460000000000035e-02
1.439686228000000012e+00 1.333294699999999951e-02 3.689580000000000138e-04 1.000000000000000000e+00 1.309710000000000041e-02 1.319090000000000019e-02
1.440166123000000020e+00 1.347549999999999963e-02 3.711319999999999832e-04 1.000000000000000000e+00 1.325020000000000017e-02 1.334519999999999977e-02
1.440646179000000027e+00 1.359561999999999923e-02 3.731459999999999812e-04 1.000000000000000000e+00 1.339229999999999934e-02 1.348839999999999935e-02
1.441126394000000088e+00 1.369063700000000029e-02 3.749170000000000020e-04 1.000000000000000000e+00 1.351710000000000064e-02 1.361419999999999991e-02
1.441606769999999926e+00 1.375877099999999950e-02 3.763899999999999928e-04 1.000000000000000000e+00 1.362039999999999952e-02 1.371840000000000039e-02
1.442087305000000041e+00 1.379874499999999941e-02 3.775280000000000215e-04 1.000000000000000000e+00 1.369919999999999992e-02 1.379790000000000010e-02
1.442568000999999933e+00 1.381131499999999936e-02 3.783090000000000129e-04 1.000000000000000000e+00 1.375189999999999919e-02 1.385100000000000046e-02
1.443048856999999963e+00 1.380210400000000080e-02 3.787439999999999774e-04 1.000000000000000000e+00 1.377899999999999958e-02 1.387850000000000021e-02
1.443529872999999908e+00 1.378374800000000018e-02 3.788980000000000169e-04 1.000000000000000000e+00 1.378539999999999974e-02 1.388509999999999918e-02
1.444011050000000074e+00 1.377563799999999977e-02 3.789150000000000135e-04 1.000000000000000000e+00 1.378150000000000035e-02 1.388129999999999920e-02
1.444492386999999933e+00 1.379987899999999927e-02 3.790080000000000142e-04 1.000000000000000000e+00 1.378300000000000011e-02 1.388290000000000010e-02
1.444973883999999931e+00 1.387417600000000022e-02 3.794219999999999733e-04 1.000000000000000000e+00 1.380780000000000028e-02 1.390809999999999963e-02
1.445455541999999927e+00 1.400397299999999942e-02 3.803599999999999971e-04 1.000000000000000000e+00 1.387090000000000024e-02 1.397200000000000004e-02
1.445937360999999921e+00 1.417739600000000010e-02 3.818979999999999814e-04 1.000000000000000000e+00 1.397840000000000020e-02 1.408049999999999927e-02
1.446419340000000053e+00 1.436568400000000009e-02 3.839329999999999848e-04 1.000000000000000000e+00 1.412279999999999959e-02 1.422630000000000075e-02
1.446901479999999962e+00 1.453024800000000082e-02 3.861809999999999809e-04 1.000000000000000000e+00 1.428369999999999987e-02 1.438870000000000079e-02
1.447383780000000009e+00 1.463449000000000000e-02 3.882499999999999775e-04 1.000000000000000000e+00 1.443170000000000043e-02 1.453809999999999998e-02
1.447866241999999914e+00 1.465658499999999975e-02 3.897530000000000070e-04 1.000000000000000000e+00 1.453740000000000067e-02 1.464470000000000008e-02
1.448348863999999958e+00 1.459853099999999966e-02 3.904339999999999959e-04 1.000000000000000000e+00 1.458090000000000080e-02 1.468880000000000012e-02
1.448831647000000000e+00 1.448786500000000081e-02 3.902609999999999825e-04 1.000000000000000000e+00 1.455990000000000062e-02 1.466789999999999934e-02
1.449314591000000041e+00 1.437116899999999961e-02 3.894650000000000260e-04 1.000000000000000000e+00 1.449180000000000086e-02 1.459960000000000077e-02
1.449797694999999997e+00 1.430118399999999977e-02 3.884879999999999844e-04 1.000000000000000000e+00 1.441049999999999970e-02 1.451799999999999966e-02
1.450280961000000035e+00 1.432185799999999981e-02 3.878749999999999819e-04 1.000000000000000000e+00 1.435729999999999992e-02 1.446449999999999993e-02
1.450764388000000071e+00 1.445629799999999937e-02 3.881250000000000151e-04 1.000000000000000000e+00 1.436950000000000033e-02 1.447709999999999969e-02
1.451247976000000106e+00 1.470154100000000026e-02 3.895530000000000021e-04 1.000000000000000000e+00 1.447090000000000008e-02 1.457950000000000045e-02
1.451731726000000000e+00 1.503123399999999922e-02 3.922029999999999852e-04 1.000000000000000000e+00 1.466590000000000081e-02 1.477610000000000035e-02
1.452215636000000032e+00 1.540497099999999994e-02 3.958629999999999875e-04 1.000000000000000000e+00 1.493970000000000020e-02 1.505219999999999995e-02
1.452699707999999923e+00 1.578030199999999952e-02 4.001410000000000166e-04 1.000000000000000000e+00 1.526409999999999920e-02 1.537930000000000026e-02
1.453183941000000035e+00 1.612347299999999928e-02 4.045990000000000068e-04 1.000000000000000000e+00 1.560590000000000067e-02 1.572399999999999839e-02
1.453668336000000005e+00 1.641559999999999894e-02 4.088550000000000149e-04 1.000000000000000000e+00 1.593549999999999828e-02 1.605629999999999905e-02
1.454152891999999975e+00 1.665316799999999944e-02 4.126649999999999936e-04 1.000000000000000000e+00 1.623230000000000159e-02 1.635570000000000079e-02
1.454637610000000025e+00 1.684377700000000075e-02 4.159279999999999792e-04 1.000000000000000000e+00 1.648749999999999868e-02 1.661309999999999870e-02
1.455122489000000074e+00 1.699955300000000058e-02 4.186629999999999996e-04 1.000000000000000000e+00 1.670160000000000047e-02 1.682900000000000021e-02
1.455607529999999983e+00 1.713080000000000158e-02 4.209549999999999837e-04 1.000000000000000000e+00 1.688040000000000027e-02 1.700950000000000031e-02
1.456092731999999890e+00 1.724204899999999888e-02 4.228890000000000231e-04 1.000000000000000000e+00 1.703069999999999931e-02 1.716120000000000145e-02
1.456578096999999961e+00 1.733108300000000060e-02 4.245179999999999765e-04 1.000000000000000000e+00 1.715639999999999873e-02 1.728800000000000128e-02
1.457063623000000030e+00 1.739091900000000121e-02 4.258369999999999820e-04 1.000000000000000000e+00 1.725700000000000151e-02 1.738960000000000158e-02
1.457549310000000098e+00 1.741347999999999854e-02 4.267990000000000043e-04 1.000000000000000000e+00 1.732859999999999956e-02 1.746189999999999895e-02
1.458035160000000108e+00 1.739343800000000065e-02 4.273349999999999870e-04 1.000000000000000000e+00 1.736570000000000127e-02 1.749939999999999829e-02
1.458521171999999977e+00 1.733101600000000117e-02 4.273980000000000032e-04 1.000000000000000000e+00 1.736439999999999859e-02 1.749819999999999848e-02
1.459007345999999927e+00 1.723272199999999893e-02 4.269809999999999968e-04 1.000000000000000000e+00 1.732430000000000081e-02 1.745779999999999901e-02
1.459493681000000098e+00 1.710992600000000100e-02 4.261329999999999806e-04 1.000000000000000000e+00 1.724950000000000094e-02 1.738249999999999865e-02
1.459980178999999989e+00 1.697580099999999870e-02 4.249550000000000267e-04 1.000000000000000000e+00 1.714840000000000114e-02 1.728069999999999953e-02
1.460466838999999961e+00 1.684177300000000085e-02 4.235709999999999736e-04 1.000000000000000000e+00 1.703110000000000041e-02 1.716260000000000008e-02
1.460953662000000097e+00 1.671457700000000129e-02 4.221030000000000073e-04 1.000000000000000000e+00 1.690720000000000070e-02 1.703790000000000165e-02
1.461440646000000010e+00 1.659516999999999937e-02 4.206360000000000025e-04 1.000000000000000000e+00 1.678349999999999981e-02 1.691339999999999857e-02
1.461927793000000086e+00 1.647950999999999930e-02 4.192059999999999840e-04 1.000000000000000000e+00 1.666259999999999963e-02 1.679169999999999968e-02
1.462415102000000022e+00 1.636106500000000102e-02 4.177990000000000024e-04 1.000000000000000000e+00 1.654320000000000096e-02 1.667160000000000170e-02
1.462902573999999900e+00 1.623423200000000122e-02 4.163699999999999997e-04 1.000000000000000000e+00 1.642160000000000147e-02 1.654929999999999943e-02
1.463390208000000081e+00 1.609731199999999904e-02 4.148709999999999789e-04 1.000000000000000000e+00 1.629449999999999996e-02 1.642129999999999979e-02
1.463878004999999982e+00 1.595416499999999932e-02 4.132839999999999821e-04 1.000000000000000000e+00 1.616060000000000066e-02 1.628649999999999889e-02
1.464365963999999964e+00 1.581368199999999904e-02 4.116349999999999849e-04 1.000000000000000000e+00 1.602260000000000142e-02 1.614760000000000154e-02
1.464854086000000111e+00 1.568691900000000056e-02 4.100010000000000069e-04 1.000000000000000000e+00 1.588699999999999835e-02 1.601110000000000033e-02
1.465342370999999977e+00 1.558274200000000012e-02 4.084839999999999739e-04 1.000000000000000000e+00 1.576200000000000170e-02 1.588519999999999863e-02
1.465830819000000007e+00 1.550346000000000016e-02 4.071689999999999771e-04 1.000000000000000000e+00 1.565439999999999887e-02 1.577680000000000055e-02
1.466319428999999896e+00 1.544243900000000051e-02 4.060889999999999942e-04 1.000000000000000000e+00 1.556639999999999933e-02 1.568809999999999996e-02
1.466808201999999950e+00 1.538506700000000053e-02 4.051929999999999811e-04 1.000000000000000000e+00 1.549359999999999973e-02 1.561479999999999986e-02
1.467297137999999945e+00 1.531337099999999923e-02 4.043499999999999894e-04 1.000000000000000000e+00 1.542529999999999943e-02 1.554600000000000079e-02
1.467786237000000105e+00 1.521298999999999915e-02 4.033929999999999916e-04 1.000000000000000000e+00 1.534809999999999994e-02 1.546830000000000080e-02
1.468275498999999984e+00 1.507992499999999923e-02 4.021769999999999816e-04 1.000000000000000000e+00 1.525059999999999957e-02 1.536999999999999998e-02
1.468764924000000027e+00 1.492451499999999931e-02 4.006510000000000236e-04 1.000000000000000000e+00 1.512849999999999959e-02 1.524709999999999954e-02
1.469254513000000095e+00 1.477072200000000002e-02 3.988999999999999924e-04 1.000000000000000000e+00 1.498880000000000004e-02 1.510629999999999959e-02
1.469744264000000022e+00 1.465080799999999954e-02 3.971530000000000242e-04 1.000000000000000000e+00 1.484899999999999935e-02 1.496560000000000078e-02
1.470234178999999974e+00 1.459696199999999978e-02 3.957400000000000024e-04 1.000000000000000000e+00 1.473430000000000052e-02 1.485019999999999916e-02
1.470724257000000090e+00 1.463247300000000001e-02 3.950119999999999782e-04 1.000000000000000000e+00 1.467150000000000051e-02 1.478709999999999920e-02
1.471214497999999926e+00 1.476528700000000020e-02 3.952499999999999850e-04 1.000000000000000000e+00 1.468170000000000065e-02 1.479759999999999930e-02
1.471704903000000009e+00 1.498538100000000074e-02 3.965819999999999784e-04 1.000000000000000000e+00 1.477499999999999994e-02 1.489200000000000072e-02
1.472195471000000033e+00 1.526680000000000051e-02 3.989420000000000032e-04 1.000000000000000000e+00 1.494739999999999958e-02 1.506599999999999953e-02
1.472686203000000082e+00 1.557322600000000078e-02 4.020809999999999879e-04 1.000000000000000000e+00 1.518109999999999946e-02 1.530180000000000082e-02
1.473177098999999934e+00 1.586565699999999829e-02 4.056239999999999911e-04 1.000000000000000000e+00 1.544809999999999933e-02 1.557129999999999972e-02
1.473668157999999950e+00 1.611026200000000019e-02 4.091499999999999976e-04 1.000000000000000000e+00 1.571629999999999902e-02 1.584179999999999963e-02
1.474159379999999908e+00 1.628454299999999855e-02 4.122780000000000260e-04 1.000000000000000000e+00 1.595529999999999865e-02 1.608300000000000007e-02
1.474650766999999973e+00 1.638045600000000157e-02 4.147320000000000130e-04 1.000000000000000000e+00 1.614229999999999832e-02 1.627170000000000005e-02
1.475142316999999981e+00 1.640405600000000019e-02 4.163759999999999857e-04 1.000000000000000000e+00 1.626549999999999871e-02 1.639619999999999966e-02
1.475634031000000013e+00 1.637189600000000037e-02 4.172189999999999775e-04 1.000000000000000000e+00 1.632470000000000102e-02 1.645610000000000128e-02
1.476125909000000069e+00 1.630570500000000020e-02 4.173849999999999891e-04 1.000000000000000000e+00 1.632950000000000026e-02 1.646130000000000163e-02
1.476617950999999929e+00 1.622699199999999911e-02 4.170679999999999852e-04 1.000000000000000000e+00 1.629560000000000036e-02 1.642740000000000172e-02
1.477110157000000035e+00 1.615337099999999970e-02 4.164880000000000144e-04 1.000000000000000000e+00 1.624070000000000027e-02 1.637229999999999935e-02
1.477602526999999943e+00 1.609727700000000011e-02 4.158449999999999733e-04 1.000000000000000000e+00 1.618090000000000153e-02 1.631240000000000120e-02
1.478095061000000099e+00 1.606685100000000005e-02 4.153019999999999889e-04 1.000000000000000000e+00 1.612970000000000029e-02 1.626110000000000055e-02
1.478587759999999918e+00 1.606780699999999992e-02 4.149860000000000007e-04 1.000000000000000000e+00 1.609700000000000020e-02 1.622830000000000106e-02
1.479080621999999900e+00 1.610471200000000019e-02 4.149889999999999937e-04 1.000000000000000000e+00 1.609019999999999895e-02 1.622169999999999862e-02
1.479573648999999991e+00 1.618080100000000160e-02 4.153879999999999877e-04 1.000000000000000000e+00 1.611500000000000085e-02 1.624700000000000102e-02
1.480066840000000106e+00 1.629635499999999848e-02 4.162290000000000022e-04 1.000000000000000000e+00 1.617530000000000009e-02 1.630799999999999958e-02
1.480560196000000106e+00 1.644657500000000147e-02 4.175240000000000093e-04 1.000000000000000000e+00 1.627179999999999946e-02 1.640540000000000054e-02
1.481053715999999909e+00 1.662040600000000076e-02 4.192269999999999894e-04 1.000000000000000000e+00 1.640089999999999951e-02 1.653589999999999921e-02
1.481547401000000042e+00 1.680139500000000022e-02 4.212269999999999838e-04 1.000000000000000000e+00 1.655420000000000155e-02 1.669059999999999988e-02
1.482041249999999977e+00 1.697070499999999912e-02 4.233589999999999966e-04 1.000000000000000000e+00 1.671840000000000132e-02 1.685640000000000055e-02
1.482535264000000019e+00 1.711140800000000156e-02 4.254269999999999775e-04 1.000000000000000000e+00 1.687810000000000005e-02 1.701760000000000078e-02
1.483029442000000087e+00 1.721269699999999903e-02 4.272500000000000039e-04 1.000000000000000000e+00 1.701849999999999891e-02 1.715939999999999827e-02
1.483523785000000039e+00 1.727249499999999882e-02 4.287000000000000120e-04 1.000000000000000000e+00 1.712910000000000127e-02 1.727100000000000163e-02
1.484018293000000099e+00 1.729770799999999845e-02 4.297290000000000051e-04 1.000000000000000000e+00 1.720549999999999857e-02 1.734839999999999993e-02
1.484512966000000045e+00 1.730217300000000055e-02 4.303779999999999780e-04 1.000000000000000000e+00 1.725120000000000126e-02 1.739459999999999965e-02
1.485007804000000098e+00 1.730305700000000016e-02 4.307630000000000226e-04 1.000000000000000000e+00 1.727520000000000097e-02 1.741909999999999986e-02
1.485502805999999953e+00 1.731686899999999862e-02 4.310440000000000018e-04 1.000000000000000000e+00 1.729079999999999853e-02 1.743509999999999852e-02
1.485997973999999999e+00 1.735606199999999849e-02 4.313909999999999902e-04 1.000000000000000000e+00 1.731179999999999872e-02 1.745659999999999920e-02
1.486493306000000070e+00 1.742697099999999943e-02 4.319449999999999852e-04 1.000000000000000000e+00 1.734969999999999915e-02 1.749509999999999954e-02
1.486988804000000108e+00 1.752928600000000156e-02 4.327959999999999945e-04 1.000000000000000000e+00 1.741190000000000099e-02 1.755810000000000010e-02
1.487484467000000032e+00 1.765693700000000102e-02 4.339659999999999850e-04 1.000000000000000000e+00 1.750049999999999870e-02 1.764780000000000168e-02
1.487980295000000064e+00 1.780006500000000033e-02 4.354180000000000246e-04 1.000000000000000000e+00 1.761249999999999968e-02 1.776089999999999960e-02
1.488476289000000063e+00 1.794747600000000040e-02 4.370670000000000219e-04 1.000000000000000000e+00 1.774109999999999923e-02 1.789090000000000125e-02
1.488972447000000088e+00 1.808901699999999890e-02 4.388060000000000268e-04 1.000000000000000000e+00 1.787760000000000044e-02 1.802880000000000107e-02
1.489468771999999941e+00 1.821732699999999844e-02 4.405309999999999738e-04 1.000000000000000000e+00 1.801339999999999886e-02 1.816579999999999931e-02
1.489965261000000041e+00 1.832859499999999961e-02 4.421539999999999954e-04 1.000000000000000000e+00 1.814119999999999969e-02 1.829489999999999936e-02
1.490461916000000109e+00 1.842224199999999840e-02 4.436220000000000159e-04 1.000000000000000000e+00 1.825639999999999902e-02 1.841119999999999909e-02
1.490958736999999923e+00 1.849978899999999912e-02 4.449100000000000212e-04 1.000000000000000000e+00 1.835689999999999891e-02 1.851279999999999940e-02
1.491455723000000066e+00 1.856348799999999952e-02 4.460199999999999885e-04 1.000000000000000000e+00 1.844259999999999997e-02 1.859939999999999857e-02
1.491952874999999956e+00 1.861524300000000007e-02 4.469639999999999985e-04 1.000000000000000000e+00 1.851449999999999971e-02 1.867210000000000050e-02
1.492450193000000036e+00 1.865632999999999875e-02 4.477579999999999776e-04 1.000000000000000000e+00 1.857369999999999854e-02 1.873210000000000153e-02
1.492947676000000001e+00 1.868782199999999977e-02 4.484180000000000154e-04 1.000000000000000000e+00 1.862139999999999976e-02 1.878049999999999858e-02
1.493445324999999935e+00 1.871144199999999827e-02 4.489609999999999998e-04 1.000000000000000000e+00 1.865889999999999910e-02 1.881860000000000130e-02
1.493943140000000058e+00 1.873025299999999879e-02 4.494090000000000064e-04 1.000000000000000000e+00 1.868790000000000034e-02 1.884829999999999839e-02
1.494441120999999928e+00 1.874874199999999880e-02 4.497980000000000055e-04 1.000000000000000000e+00 1.871130000000000015e-02 1.887230000000000157e-02
1.494939269000000071e+00 1.877213100000000093e-02 4.501719999999999854e-04 1.000000000000000000e+00 1.873319999999999846e-02 1.889479999999999979e-02
1.495437582000000099e+00 1.880519199999999835e-02 4.505830000000000056e-04 1.000000000000000000e+00 1.875800000000000037e-02 1.892030000000000101e-02
1.495936061000000095e+00 1.885095200000000068e-02 4.510790000000000090e-04 1.000000000000000000e+00 1.879000000000000115e-02 1.895300000000000110e-02
1.496434706000000059e+00 1.890982600000000111e-02 4.516939999999999887e-04 1.000000000000000000e+00 1.883229999999999973e-02 1.899599999999999900e-02
1.496933518000000074e+00 1.897937499999999972e-02 4.524360000000000165e-04 1.000000000000000000e+00 1.888580000000000120e-02 1.905039999999999858e-02
1.497432496000000057e+00 1.905472000000000068e-02 4.532860000000000101e-04 1.000000000000000000e+00 1.894929999999999878e-02 1.911469999999999836e-02
1.497931640000000009e+00 1.912940900000000000e-02 4.542009999999999971e-04 1.000000000000000000e+00 1.901910000000000059e-02 1.918539999999999829e-02
1.498430949999999928e+00 1.919647999999999841e-02 4.551210000000000086e-04 1.000000000000000000e+00 1.909009999999999874e-02 1.925719999999999862e-02
1.498930426999999899e+00 1.924955399999999858e-02 4.559750000000000109e-04 1.000000000000000000e+00 1.915620000000000170e-02 1.932400000000000090e-02
1.499430070999999920e+00 1.928379300000000046e-02 4.566980000000000106e-04 1.000000000000000000e+00 1.921149999999999941e-02 1.937989999999999852e-02
1.499929880999999909e+00 1.929671300000000006e-02 4.572390000000000178e-04 1.000000000000000000e+00 1.925110000000000016e-02 1.941999999999999976e-02
1.500429857000000089e+00 1.928877099999999969e-02 4.575660000000000165e-04 1.000000000000000000e+00 1.927210000000000034e-02 1.944140000000000104e-02
1.500930000999999958e+00 1.926358300000000079e-02 4.576769999999999753e-04 1.000000000000000000e+00 1.927409999999999887e-02 1.944359999999999838e-02
1.501430311000000017e+00 1.922762999999999903e-02 4.576010000000000255e-04 1.000000000000000000e+00 1.925939999999999944e-02 1.942899999999999835e-02
1.501930787000000045e+00 1.918933999999999918e-02 4.573949999999999804e-04 1.000000000000000000e+00 1.923309999999999950e-02 1.940280000000000130e-02
1.502431430999999984e+00 1.915759300000000054e-02 4.571390000000000154e-04 1.000000000000000000e+00 1.920200000000000032e-02 1.937169999999999864e-02
1.502932241999999974e+00 1.913989699999999947e-02 4.569199999999999824e-04 1.000000000000000000e+00 1.917380000000000126e-02 1.934359999999999899e-02
1.503433218999999932e+00 1.914070899999999881e-02 4.568160000000000254e-04 1.000000000000000000e+00 1.915539999999999951e-02 1.932539999999999952e-02
1.503934362999999941e+00 1.916040899999999977e-02 4.568780000000000258e-04 1.000000000000000000e+00 1.915129999999999957e-02 1.932160000000000127e-02
1.504435675000000083e+00 1.919532399999999972e-02 4.571220000000000188e-04 1.000000000000000000e+00 1.916309999999999888e-02 1.933380000000000168e-02
1.504937152999999972e+00 1.923888899999999860e-02 4.575259999999999831e-04 1.000000000000000000e+00 1.918879999999999891e-02 1.935999999999999874e-02
1.505438798999999994e+00 1.928363400000000089e-02 4.580380000000000215e-04 1.000000000000000000e+00 1.922389999999999863e-02 1.939569999999999836e-02
1.505940612000000067e+00 1.932336999999999944e-02 4.585899999999999851e-04 1.000000000000000000e+00 1.926249999999999837e-02 1.943500000000000089e-02
1.506442591999999969e+00 1.935481699999999985e-02 4.591239999999999905e-04 1.000000000000000000e+00 1.929950000000000068e-02 1.947259999999999963e-02
1.506944740000000005e+00 1.937815600000000055e-02 4.596019999999999815e-04 1.000000000000000000e+00 1.933150000000000146e-02 1.950529999999999972e-02
1.507447055000000091e+00 1.939634599999999834e-02 4.600140000000000175e-04 1.000000000000000000e+00 1.935769999999999852e-02 1.953200000000000075e-02
1.507949537000000007e+00 1.941355200000000059e-02 4.603769999999999868e-04 1.000000000000000000e+00 1.937940000000000149e-02 1.955430000000000015e-02
1.508452187000000055e+00 1.943334799999999959e-02 4.607219999999999979e-04 1.000000000000000000e+00 1.939940000000000067e-02 1.957489999999999924e-02
1.508955003999999933e+00 1.945737999999999981e-02 4.610789999999999811e-04 1.000000000000000000e+00 1.942030000000000145e-02 1.959649999999999934e-02
1.509457988999999944e+00 1.948495299999999930e-02 4.614640000000000256e-04 1.000000000000000000e+00 1.944380000000000067e-02 1.962049999999999905e-02
1.509961142000000089e+00 1.951355100000000051e-02 4.618770000000000232e-04 1.000000000000000000e+00 1.946979999999999891e-02 1.964710000000000067e-02
1.510464462000000063e+00 1.953997299999999868e-02 4.622979999999999841e-04 1.000000000000000000e+00 1.949659999999999935e-02 1.967460000000000042e-02
1.510967949999999949e+00 1.956154100000000173e-02 4.627030000000000184e-04 1.000000000000000000e+00 1.952210000000000056e-02 1.970059999999999867e-02
1.511471605999999968e+00 1.957690000000000125e-02 4.630680000000000191e-04 1.000000000000000000e+00 1.954399999999999887e-02 1.972300000000000095e-02
1.511975429999999898e+00 1.958620700000000131e-02 4.633789999999999827e-04 1.000000000000000000e+00 1.956099999999999853e-02 1.974050000000000110e-02
1.512479421999999962e+00 1.959075500000000136e-02 4.636320000000000090e-04 1.000000000000000000e+00 1.957269999999999843e-02 1.975270000000000151e-02
1.512983581999999938e+00 1.959231599999999851e-02 4.638369999999999841e-04 1.000000000000000000e+00 1.957990000000000078e-02 1.976040000000000088e-02
1.513487910000000047e+00 1.959251799999999974e-02 4.640049999999999730e-04 1.000000000000000000e+00 1.958390000000000131e-02 1.976489999999999844e-02
1.513992406000000068e+00 1.959250300000000070e-02 4.641509999999999950e-04 1.000000000000000000e+00 1.958609999999999865e-02 1.976750000000000035e-02
1.514497070000000001e+00 1.959289900000000043e-02 4.642849999999999907e-04 1.000000000000000000e+00 1.958760000000000015e-02 1.976949999999999888e-02
1.515001902000000067e+00 1.959404099999999954e-02 4.644130000000000003e-04 1.000000000000000000e+00 1.958920000000000106e-02 1.977150000000000088e-02
1.515506902999999905e+00 1.959622999999999921e-02 4.645389999999999784e-04 1.000000000000000000e+00 1.959139999999999840e-02 1.977399999999999991e-02
1.516012072000000099e+00 1.959991100000000111e-02 4.646669999999999880e-04 1.000000000000000000e+00 1.959440000000000140e-02 1.977740000000000054e-02
1.516517408999999983e+00 1.960566000000000045e-02 4.648030000000000152e-04 1.000000000000000000e+00 1.959850000000000134e-02 1.978179999999999869e-02
1.517022915000000083e+00 1.961403499999999842e-02 4.649559999999999848e-04 1.000000000000000000e+00 1.960409999999999930e-02 1.978769999999999835e-02
1.517528589000000094e+00 1.962536000000000141e-02 4.651340000000000227e-04 1.000000000000000000e+00 1.961159999999999987e-02 1.979550000000000060e-02
1.518034432000000100e+00 1.963956000000000035e-02 4.653440000000000224e-04 1.000000000000000000e+00 1.962130000000000124e-02 1.980550000000000019e-02
1.518540444000000100e+00 1.965609499999999843e-02 4.655889999999999768e-04 1.000000000000000000e+00 1.963329999999999936e-02 1.981799999999999881e-02
1.519046624000000012e+00 1.967401800000000145e-02 4.658649999999999857e-04 1.000000000000000000e+00 1.964749999999999830e-02 1.983249999999999943e-02
1.519552972999999918e+00 1.969213200000000108e-02 4.661660000000000087e-04 1.000000000000000000e+00 1.966319999999999873e-02 1.984879999999999978e-02
1.520059489999999958e+00 1.970917999999999976e-02 4.664779999999999881e-04 1.000000000000000000e+00 1.967980000000000076e-02 1.986579999999999943e-02
1.520566177000000074e+00 1.972404300000000013e-02 4.667860000000000130e-04 1.000000000000000000e+00 1.969610000000000111e-02 1.988269999999999968e-02
1.521073032000000103e+00 1.973589200000000141e-02 4.670769999999999870e-04 1.000000000000000000e+00 1.971130000000000104e-02 1.989830000000000071e-02
1.521580056999999986e+00 1.974428500000000031e-02 4.673359999999999992e-04 1.000000000000000000e+00 1.972449999999999898e-02 1.991189999999999974e-02
1.522087250000000003e+00 1.974919600000000011e-02 4.675549999999999780e-04 1.000000000000000000e+00 1.973499999999999907e-02 1.992270000000000152e-02
1.522594612000000014e+00 1.975097599999999995e-02 4.677320000000000002e-04 1.000000000000000000e+00 1.974249999999999963e-02 1.993050000000000030e-02
1.523102144000000102e+00 1.975026900000000085e-02 4.678649999999999801e-04 1.000000000000000000e+00 1.974710000000000007e-02 1.993520000000000014e-02
1.523609844999999963e+00 1.974788900000000111e-02 4.679630000000000053e-04 1.000000000000000000e+00 1.974889999999999979e-02 1.993719999999999867e-02
1.524117715000000040e+00 1.974468000000000056e-02 4.680339999999999848e-04 1.000000000000000000e+00 1.974849999999999869e-02 1.993690000000000045e-02
1.524625754000000111e+00 1.974138199999999829e-02 4.680899999999999991e-04 1.000000000000000000e+00 1.974650000000000016e-02 1.993489999999999845e-02
1.525133961999999954e+00 1.973852699999999877e-02 4.681420000000000047e-04 1.000000000000000000e+00 1.974340000000000123e-02 1.993210000000000121e-02
1.525642340000000097e+00 1.973637799999999887e-02 4.681989999999999806e-04 1.000000000000000000e+00 1.974000000000000060e-02 1.992899999999999880e-02
1.526150888000000094e+00 1.973493200000000017e-02 4.682689999999999986e-04 1.000000000000000000e+00 1.973669999999999938e-02 1.992609999999999867e-02
1.526659605000000086e+00 1.973396999999999998e-02 4.683539999999999817e-04 1.000000000000000000e+00 1.973389999999999866e-02 1.992369999999999905e-02
1.527168491000000072e+00 1.973314699999999949e-02 4.684509999999999911e-04 1.000000000000000000e+00 1.973170000000000132e-02 1.992199999999999874e-02
1.527677546999999914e+00 1.973208699999999885e-02 4.685560000000000181e-04 1.000000000000000000e+00 1.973010000000000042e-02 1.992089999999999833e-02
1.528186773000000054e+00 1.973045099999999955e-02 4.686609999999999908e-04 1.000000000000000000e+00 1.972880000000000120e-02 1.992009999999999961e-02
1.528696169000000049e+00 1.972796500000000008e-02 4.687609999999999932e-04 1.000000000000000000e+00 1.972760000000000138e-02 1.991920000000000149e-02
1.529205734000000039e+00 1.972440500000000041e-02 4.688469999999999921e-04 1.000000000000000000e+00 1.972609999999999988e-02 1.991800000000000168e-02
1.529715469999999966e+00 1.971957300000000066e-02 4.689159999999999943e-04 1.000000000000000000e+00 1.972379999999999967e-02 1.991590000000000027e-02
1.530225375000000110e+00 1.971328199999999864e-02 4.689660000000000226e-04 1.000000000000000000e+00 1.972020000000000023e-02 1.991240000000000024e-02
1.530735450000000109e+00 1.970540200000000033e-02 4.689939999999999756e-04 1.000000000000000000e+00 1.971499999999999989e-02 1.990729999999999930e-02
1.531245694999999962e+00 1.969594900000000079e-02 4.690040000000000246e-04 1.000000000000000000e+00 1.970790000000000042e-02 1.990029999999999924e-02
1.531756109999999893e+00 1.968519999999999992e-02 4.689979999999999843e-04 1.000000000000000000e+00 1.969889999999999836e-02 1.989149999999999946e-02
1.532266695999999984e+00 1.967376599999999878e-02 4.689820000000000035e-04 1.000000000000000000e+00 1.968829999999999886e-02 1.988109999999999877e-02
1.532777451000000069e+00 1.966258200000000136e-02 4.689629999999999754e-04 1.000000000000000000e+00 1.967690000000000064e-02 1.986999999999999877e-02
1.533288377000000091e+00 1.965276599999999860e-02 4.689499999999999875e-04 1.000000000000000000e+00 1.966559999999999836e-02 1.985900000000000165e-02
1.533799472999999969e+00 1.964538199999999943e-02 4.689539999999999963e-04 1.000000000000000000e+00 1.965549999999999936e-02 1.984910000000000146e-02
1.534310740000000006e+00 1.964116700000000104e-02 4.689830000000000192e-04 1.000000000000000000e+00 1.964749999999999830e-02 1.984150000000000150e-02
1.534822176000000038e+00 1.964030699999999921e-02 4.690420000000000266e-04 1.000000000000000000e+00 1.964230000000000143e-02 1.983669999999999878e-02
1.535333784000000090e+00 1.964235599999999970e-02 4.691349999999999730e-04 1.000000000000000000e+00 1.964010000000000061e-02 1.983489999999999906e-02
1.535845561999999997e+00 1.964633099999999952e-02 4.692569999999999966e-04 1.000000000000000000e+00 1.964070000000000052e-02 1.983590000000000006e-02
1.536357509999999982e+00 1.965096800000000130e-02 4.694000000000000256e-04 1.000000000000000000e+00 1.964319999999999955e-02 1.983880000000000018e-02
1.536869628999999904e+00 1.965505799999999956e-02 4.695540000000000109e-04 1.000000000000000000e+00 1.964660000000000017e-02 1.984270000000000131e-02
1.537381918999999986e+00 1.965777499999999886e-02 4.697079999999999962e-04 1.000000000000000000e+00 1.965010000000000021e-02 1.984649999999999956e-02
1.537894380000000005e+00 1.965886500000000106e-02 4.698530000000000024e-04 1.000000000000000000e+00 1.965280000000000152e-02 1.984970000000000137e-02
1.538407011000000102e+00 1.965868100000000077e-02 4.699829999999999893e-04 1.000000000000000000e+00 1.965449999999999836e-02 1.985179999999999931e-02
1.538919813999999997e+00 1.965802700000000153e-02 4.701010000000000041e-04 1.000000000000000000e+00 1.965530000000000055e-02 1.985299999999999912e-02
1.539432786999999969e+00 1.965790099999999846e-02 4.702110000000000014e-04 1.000000000000000000e+00 1.965570000000000164e-02 1.985369999999999843e-02
1.539945931000000101e+00 1.965920800000000093e-02 4.703220000000000144e-04 1.000000000000000000e+00 1.965630000000000155e-02 1.985469999999999943e-02
1.540459247000000031e+00 1.966253499999999835e-02 4.704420000000000064e-04 1.000000000000000000e+00 1.965779999999999958e-02 1.985649999999999915e-02
1.540972733000000039e+00 1.966804299999999964e-02 4.705789999999999951e-04 1.000000000000000000e+00 1.966069999999999970e-02 1.985980000000000037e-02
1.541486391000000067e+00 1.967547999999999866e-02 4.707369999999999892e-04 1.000000000000000000e+00 1.966520000000000074e-02 1.986469999999999902e-02
1.542000218999999950e+00 1.968429099999999959e-02 4.709180000000000202e-04 1.000000000000000000e+00 1.967119999999999980e-02 1.987119999999999859e-02
1.542514219000000075e+00 1.969377699999999912e-02 4.711189999999999866e-04 1.000000000000000000e+00 1.967829999999999926e-02 1.987879999999999855e-02
1.543028390999999999e+00 1.970325200000000096e-02 4.713359999999999880e-04 1.000000000000000000e+00 1.968610000000000151e-02 1.988720000000000071e-02
1.543542734000000083e+00 1.971215800000000046e-02 4.715620000000000228e-04 1.000000000000000000e+00 1.969419999999999851e-02 1.989590000000000108e-02
1.544057248000000104e+00 1.972013099999999838e-02 4.717920000000000121e-04 1.000000000000000000e+00 1.970219999999999957e-02 1.990449999999999858e-02
1.544571933999999924e+00 1.972699799999999906e-02 4.720190000000000084e-04 1.000000000000000000e+00 1.970970000000000014e-02 1.991269999999999846e-02
1.545086790999999904e+00 1.973274900000000082e-02 4.722400000000000187e-04 1.000000000000000000e+00 1.971660000000000079e-02 1.992029999999999842e-02
1.545601819999999904e+00 1.973746700000000159e-02 4.724490000000000026e-04 1.000000000000000000e+00 1.972290000000000154e-02 1.992729999999999849e-02
1.546117020999999925e+00 1.974127399999999963e-02 4.726460000000000145e-04 1.000000000000000000e+00 1.972849999999999951e-02 1.993349999999999983e-02
1.546632393000000105e+00 1.974428199999999842e-02 4.728290000000000227e-04 1.000000000000000000e+00 1.973340000000000163e-02 1.993899999999999839e-02
1.547147937000000084e+00 1.974657000000000148e-02 4.729979999999999732e-04 1.000000000000000000e+00 1.973760000000000098e-02 1.994370000000000170e-02
1.547663653000000084e+00 1.974818600000000091e-02 4.731520000000000127e-04 1.000000000000000000e+00 1.974110000000000101e-02 1.994759999999999936e-02
1.548179541000000103e+00 1.974915199999999899e-02 4.732919999999999944e-04 1.000000000000000000e+00 1.974369999999999944e-02 1.995069999999999830e-02
1.548695600999999922e+00 1.974948300000000170e-02 4.734219999999999813e-04 1.000000000000000000e+00 1.974549999999999916e-02 1.995289999999999911e-02
1.549211832999999983e+00 1.974920100000000095e-02 4.735410000000000118e-04 1.000000000000000000e+00 1.974640000000000076e-02 1.995430000000000120e-02
1.549728237000000064e+00 1.974834500000000048e-02 4.736520000000000248e-04 1.000000000000000000e+00 1.974640000000000076e-02 1.995469999999999883e-02
1.550244812999999944e+00 1.974698800000000004e-02 4.737580000000000133e-04 1.000000000000000000e+00 1.974570000000000145e-02 1.995440000000000061e-02
1.550761561000000066e+00 1.974524299999999913e-02 4.738599999999999930e-04 1.000000000000000000e+00 1.974429999999999935e-02 1.995349999999999902e-02
1.551278480999999987e+00 1.974327400000000163e-02 4.739599999999999955e-04 1.000000000000000000e+00 1.974240000000000023e-02 1.995210000000000039e-02
1.551795574000000011e+00 1.974129100000000109e-02 4.740599999999999979e-04 1.000000000000000000e+00 1.974040000000000170e-02 1.995059999999999889e-02
1.552312839000000055e+00 1.973952899999999872e-02 4.741610000000000161e-04 1.000000000000000000e+00 1.973849999999999910e-02 1.994920000000000027e-02
1.552830276999999981e+00 1.973820999999999909e-02 4.742640000000000115e-04 1.000000000000000000e+00 1.973700000000000107e-02 1.994819999999999927e-02
1.553347886999999927e+00 1.973749699999999968e-02 4.743659999999999912e-04 1.000000000000000000e+00 1.973619999999999888e-02 1.994769999999999877e-02
1.553865669999999977e+00 1.973744300000000035e-02 4.744700000000000024e-04 1.000000000000000000e+00 1.973609999999999948e-02 1.994800000000000045e-02
1.554383625000000047e+00 1.973797000000000051e-02 4.745740000000000136e-04 1.000000000000000000e+00 1.973669999999999938e-02 1.994879999999999917e-02
1.554901752999999998e+00 1.973885499999999960e-02 4.746759999999999933e-04 1.000000000000000000e+00 1.973770000000000038e-02 1.994999999999999898e-02
1.555420052999999969e+00 1.973977199999999918e-02 4.747779999999999730e-04 1.000000000000000000e+00 1.973880000000000079e-02 1.995140000000000108e-02
1.555938526999999905e+00 1.974034200000000100e-02 4.748779999999999755e-04 1.000000000000000000e+00 1.973959999999999951e-02 1.995239999999999861e-02
1.556457173000000083e+00 1.974020599999999973e-02 4.749770000000000164e-04 1.000000000000000000e+00 1.973969999999999891e-02 1.995279999999999970e-02
1.556975991999999920e+00 1.973910300000000090e-02 4.750730000000000100e-04 1.000000000000000000e+00 1.973890000000000020e-02 1.995229999999999920e-02
1.557494984000000082e+00 1.973691299999999829e-02 4.751679999999999880e-04 1.000000000000000000e+00 1.973700000000000107e-02 1.995090000000000058e-02
1.558014148999999904e+00 1.973367999999999997e-02 4.752600000000000270e-04 1.000000000000000000e+00 1.973400000000000154e-02 1.994840000000000155e-02
1.558533487000000051e+00 1.972959700000000149e-02 4.753509999999999962e-04 1.000000000000000000e+00 1.973019999999999982e-02 1.994510000000000033e-02
1.559052998000000079e+00 1.972495599999999835e-02 4.754410000000000038e-04 1.000000000000000000e+00 1.972580000000000167e-02 1.994129999999999861e-02
1.559572683000000071e+00 1.972009400000000051e-02 4.755289999999999799e-04 1.000000000000000000e+00 1.972109999999999835e-02 1.993730000000000155e-02
1.560092540000000083e+00 1.971532399999999935e-02 4.756159999999999945e-04 1.000000000000000000e+00 1.971639999999999851e-02 1.993330000000000102e-02
1.560612571000000059e+00 1.971087900000000059e-02 4.757019999999999933e-04 1.000000000000000000e+00 1.971219999999999917e-02 1.992970000000000158e-02
1.561132774999999917e+00 1.970685299999999987e-02 4.757860000000000149e-04 1.000000000000000000e+00 1.970840000000000092e-02 1.992649999999999977e-02
1.561653152999999961e+00 1.970314399999999883e-02 4.758669999999999892e-04 1.000000000000000000e+00 1.970509999999999970e-02 1.992369999999999905e-02
1.562173704000000107e+00 1.969938499999999981e-02 4.759440000000000090e-04 1.000000000000000000e+00 1.970219999999999957e-02 1.992120000000000002e-02
1.562694427999999913e+00 1.969486599999999837e-02 4.760130000000000112e-04 1.000000000000000000e+00 1.969910000000000064e-02 1.991839999999999930e-02
1.563215326999999988e+00 1.968846700000000116e-02 4.760669999999999941e-04 1.000000000000000000e+00 1.969510000000000011e-02 1.991479999999999986e-02
1.563736398000000083e+00 1.967861900000000136e-02 4.760969999999999785e-04 1.000000000000000000e+00 1.968929999999999986e-02 1.990919999999999843e-02
1.564257644000000003e+00 1.966331799999999908e-02 4.760899999999999768e-04 1.000000000000000000e+00 1.967999999999999958e-02 1.990010000000000043e-02
1.564779063000000026e+00 1.964021399999999959e-02 4.760270000000000148e-04 1.000000000000000000e+00 1.966559999999999836e-02 1.988590000000000149e-02
1.565300656000000012e+00 1.960679699999999873e-02 4.758869999999999789e-04 1.000000000000000000e+00 1.964410000000000114e-02 1.986459999999999962e-02
1.565822422999999963e+00 1.956066799999999981e-02 4.756440000000000017e-04 1.000000000000000000e+00 1.961330000000000018e-02 1.983400000000000094e-02
1.566344364000000100e+00 1.949991900000000097e-02 4.752700000000000219e-04 1.000000000000000000e+00 1.957129999999999981e-02 1.979200000000000056e-02
1.566866477999999896e+00 1.942354599999999987e-02 4.747430000000000183e-04 1.000000000000000000e+00 1.951630000000000031e-02 1.973700000000000107e-02
1.567388766999999961e+00 1.933189600000000119e-02 4.740449999999999785e-04 1.000000000000000000e+00 1.944740000000000010e-02 1.966779999999999917e-02
1.567911229999999989e+00 1.922704500000000163e-02 4.731720000000000023e-04 1.000000000000000000e+00 1.936440000000000036e-02 1.958439999999999834e-02
1.568433866999999982e+00 1.911300800000000077e-02 4.721400000000000163e-04 1.000000000000000000e+00 1.926879999999999912e-02 1.948820000000000066e-02
1.568956679000000021e+00 1.899567200000000164e-02 4.709839999999999752e-04 1.000000000000000000e+00 1.916369999999999879e-02 1.938230000000000161e-02
1.569479663999999941e+00 1.888237499999999985e-02 4.697619999999999791e-04 1.000000000000000000e+00 1.905369999999999980e-02 1.927150000000000044e-02
1.570002823999999908e+00 1.878107500000000124e-02 4.685499999999999778e-04 1.000000000000000000e+00 1.894490000000000063e-02 1.916189999999999907e-02
1.570526158000000061e+00 1.869921399999999873e-02 4.674349999999999859e-04 1.000000000000000000e+00 1.884430000000000133e-02 1.906050000000000105e-02
1.571049667000000039e+00 1.864243700000000128e-02 4.665030000000000023e-04 1.000000000000000000e+00 1.875850000000000087e-02 1.897429999999999950e-02
1.571573349999999980e+00 1.861344700000000171e-02 4.658239999999999907e-04 1.000000000000000000e+00 1.869329999999999950e-02 1.890889999999999932e-02
1.572097207999999968e+00 1.861130800000000002e-02 4.654419999999999933e-04 1.000000000000000000e+00 1.865199999999999844e-02 1.886760000000000173e-02
1.572621239999999920e+00 1.863143299999999933e-02 4.653610000000000190e-04 1.000000000000000000e+00 1.863489999999999938e-02 1.885099999999999970e-02
1.573145448000000002e+00 1.866636500000000073e-02 4.655489999999999975e-04 1.000000000000000000e+00 1.863940000000000041e-02 1.885629999999999945e-02
1.573669828999999964e+00 1.870723399999999967e-02 4.659369999999999810e-04 1.000000000000000000e+00 1.866019999999999832e-02 1.887799999999999895e-02
1.574194386000000057e+00 1.874557699999999938e-02 4.664380000000000089e-04 1.000000000000000000e+00 1.869010000000000116e-02 1.890889999999999932e-02
1.574719116999999891e+00 1.877507700000000113e-02 4.669620000000000194e-04 1.000000000000000000e+00 1.872199999999999906e-02 1.894190000000000110e-02
1.575244024000000076e+00 1.879278200000000093e-02 4.674349999999999859e-04 1.000000000000000000e+00 1.874999999999999931e-02 1.897089999999999888e-02
1.575769105000000003e+00 1.879947900000000088e-02 4.678129999999999745e-04 1.000000000000000000e+00 1.877030000000000018e-02 1.899199999999999847e-02
1.576294360999999977e+00 1.879915799999999984e-02 4.680859999999999904e-04 1.000000000000000000e+00 1.878229999999999830e-02 1.900479999999999878e-02
1.576819793000000081e+00 1.879776799999999942e-02 4.682800000000000092e-04 1.000000000000000000e+00 1.878799999999999915e-02 1.901129999999999834e-02
1.577345400000000009e+00 1.880161899999999858e-02 4.684460000000000208e-04 1.000000000000000000e+00 1.879170000000000146e-02 1.901550000000000115e-02
1.577871180999999901e+00 1.881589900000000051e-02 4.686429999999999784e-04 1.000000000000000000e+00 1.879799999999999874e-02 1.902250000000000121e-02
1.578397137999999922e+00 1.884366300000000008e-02 4.689270000000000048e-04 1.000000000000000000e+00 1.881160000000000124e-02 1.903679999999999956e-02
1.578923271000000073e+00 1.888547000000000142e-02 4.693359999999999936e-04 1.000000000000000000e+00 1.883570000000000036e-02 1.906160000000000146e-02
1.579449579000000048e+00 1.893965200000000126e-02 4.698880000000000114e-04 1.000000000000000000e+00 1.887149999999999939e-02 1.909840000000000149e-02
1.579976062000000070e+00 1.900301000000000073e-02 4.705749999999999864e-04 1.000000000000000000e+00 1.891860000000000069e-02 1.914640000000000092e-02
1.580502719999999917e+00 1.907166700000000048e-02 4.713739999999999901e-04 1.000000000000000000e+00 1.897489999999999941e-02 1.920389999999999944e-02
1.581029554999999975e+00 1.914183300000000046e-02 4.722500000000000135e-04 1.000000000000000000e+00 1.903770000000000115e-02 1.926780000000000159e-02
1.581556563999999998e+00 1.921031100000000075e-02 4.731639999999999848e-04 1.000000000000000000e+00 1.910359999999999836e-02 1.933489999999999862e-02
1.582083750000000011e+00 1.927472300000000055e-02 4.740790000000000260e-04 1.000000000000000000e+00 1.916980000000000073e-02 1.940230000000000080e-02
1.582611111000000070e+00 1.933350199999999894e-02 4.749670000000000216e-04 1.000000000000000000e+00 1.923369999999999941e-02 1.946739999999999929e-02
1.583138648000000037e+00 1.938575899999999894e-02 4.758049999999999888e-04 1.000000000000000000e+00 1.929339999999999875e-02 1.952829999999999844e-02
1.583666360999999911e+00 1.943112699999999943e-02 4.765789999999999783e-04 1.000000000000000000e+00 1.934769999999999893e-02 1.958369999999999903e-02
1.584194249999999915e+00 1.946961599999999862e-02 4.772810000000000268e-04 1.000000000000000000e+00 1.939580000000000123e-02 1.963300000000000115e-02
1.584722315000000048e+00 1.950152600000000166e-02 4.779070000000000171e-04 1.000000000000000000e+00 1.943759999999999932e-02 1.967580000000000023e-02
1.585250555000000006e+00 1.952737200000000117e-02 4.784580000000000191e-04 1.000000000000000000e+00 1.947300000000000073e-02 1.971229999999999857e-02
1.585778971999999953e+00 1.954782999999999868e-02 4.789370000000000259e-04 1.000000000000000000e+00 1.950249999999999900e-02 1.974269999999999844e-02
1.586307565000000031e+00 1.956365800000000113e-02 4.793500000000000235e-04 1.000000000000000000e+00 1.952649999999999872e-02 1.976759999999999975e-02
1.586836335000000098e+00 1.957563400000000148e-02 4.797040000000000136e-04 1.000000000000000000e+00 1.954579999999999859e-02 1.978769999999999835e-02
1.587365279999999990e+00 1.958447699999999944e-02 4.800049999999999825e-04 1.000000000000000000e+00 1.956089999999999912e-02 1.980360000000000106e-02
1.587894402000000094e+00 1.959080699999999828e-02 4.802620000000000174e-04 1.000000000000000000e+00 1.957259999999999903e-02 1.981590000000000087e-02
1.588423700000000105e+00 1.959511200000000133e-02 4.804809999999999962e-04 1.000000000000000000e+00 1.958129999999999940e-02 1.982530000000000056e-02
1.588953174000000024e+00 1.959775100000000006e-02 4.806699999999999905e-04 1.000000000000000000e+00 1.958760000000000015e-02 1.983209999999999834e-02
1.589482824999999933e+00 1.959897400000000164e-02 4.808340000000000248e-04 1.000000000000000000e+00 1.959170000000000009e-02 1.983680000000000165e-02
1.590012653000000054e+00 1.959894100000000167e-02 4.809780000000000153e-04 1.000000000000000000e+00 1.959400000000000031e-02 1.983959999999999890e-02
1.590542657000000082e+00 1.959773500000000154e-02 4.811050000000000092e-04 1.000000000000000000e+00 1.959469999999999962e-02 1.984079999999999872e-02
1.591072838000000100e+00 1.959536799999999843e-02 4.812199999999999768e-04 1.000000000000000000e+00 1.959390000000000090e-02 1.984069999999999931e-02
1.591603196000000109e+00 1.959175599999999837e-02 4.813230000000000264e-04 1.000000000000000000e+00 1.959179999999999949e-02 1.983920000000000128e-02
1.592133730000000025e+00 1.958667000000000047e-02 4.814150000000000113e-04 1.000000000000000000e+00 1.958839999999999887e-02 1.983649999999999997e-02
1.592664440999999931e+00 1.957967799999999967e-02 4.814919999999999769e-04 1.000000000000000000e+00 1.958350000000000021e-02 1.983230000000000062e-02
1.593195329999999910e+00 1.957006600000000054e-02 4.815500000000000227e-04 1.000000000000000000e+00 1.957690000000000125e-02 1.982640000000000097e-02
1.593726395000000018e+00 1.955676199999999837e-02 4.815800000000000072e-04 1.000000000000000000e+00 1.956799999999999859e-02 1.981820000000000109e-02
1.594257636999999894e+00 1.953830200000000045e-02 4.815700000000000124e-04 1.000000000000000000e+00 1.955580000000000165e-02 1.980660000000000059e-02
1.594789055999999983e+00 1.951283900000000057e-02 4.815040000000000032e-04 1.000000000000000000e+00 1.953910000000000022e-02 1.979039999999999966e-02
1.595320652000000061e+00 1.947825499999999987e-02 4.813589999999999969e-04 1.000000000000000000e+00 1.951610000000000150e-02 1.976790000000000144e-02
1.595852425999999991e+00 1.943238400000000046e-02 4.811139999999999883e-04 1.000000000000000000e+00 1.948499999999999885e-02 1.973710000000000048e-02
1.596384376999999910e+00 1.937336099999999867e-02 4.807440000000000172e-04 1.000000000000000000e+00 1.944380000000000067e-02 1.969610000000000111e-02
1.596916505000000042e+00 1.930006600000000114e-02 4.802270000000000085e-04 1.000000000000000000e+00 1.939060000000000089e-02 1.964290000000000133e-02
1.597448809999999941e+00 1.921259200000000056e-02 4.795499999999999741e-04 1.000000000000000000e+00 1.932429999999999912e-02 1.957640000000000075e-02
1.597981292999999914e+00 1.911265900000000059e-02 4.787090000000000138e-04 1.000000000000000000e+00 1.924470000000000000e-02 1.949649999999999994e-02
1.598513953999999959e+00 1.900385699999999900e-02 4.777180000000000228e-04 1.000000000000000000e+00 1.915309999999999929e-02 1.940439999999999873e-02
1.599046791999999995e+00 1.889161799999999891e-02 4.766120000000000100e-04 1.000000000000000000e+00 1.905240000000000058e-02 1.930300000000000071e-02
1.599579807000000020e+00 1.878283899999999909e-02 4.754410000000000038e-04 1.000000000000000000e+00 1.894699999999999857e-02 1.919689999999999938e-02
1.600113000999999979e+00 1.868514599999999970e-02 4.742769999999999994e-04 1.000000000000000000e+00 1.884270000000000042e-02 1.909189999999999846e-02
1.600646371999999928e+00 1.860583500000000112e-02 4.732010000000000252e-04 1.000000000000000000e+00 1.874620000000000106e-02 1.899469999999999978e-02
1.601179920000000090e+00 1.855065599999999870e-02 4.722940000000000016e-04 1.000000000000000000e+00 1.866409999999999944e-02 1.891200000000000173e-02
1.601713646999999963e+00 1.852266400000000118e-02 4.716260000000000005e-04 1.000000000000000000e+00 1.860190000000000107e-02 1.884929999999999939e-02
1.602247551999999908e+00 1.852142799999999950e-02 4.712429999999999874e-04 1.000000000000000000e+00 1.856280000000000083e-02 1.881009999999999974e-02
1.602781634000000066e+00 1.854285699999999940e-02 4.711539999999999956e-04 1.000000000000000000e+00 1.854770000000000030e-02 1.879509999999999861e-02
1.603315894999999935e+00 1.857978299999999902e-02 4.713340000000000108e-04 1.000000000000000000e+00 1.855410000000000045e-02 1.880189999999999986e-02
1.603850333000000017e+00 1.862327600000000111e-02 4.717179999999999854e-04 1.000000000000000000e+00 1.857680000000000095e-02 1.882520000000000027e-02
1.604384950000000032e+00 1.866439400000000082e-02 4.722220000000000063e-04 1.000000000000000000e+00 1.860880000000000173e-02 1.885799999999999976e-02
1.604919744999999898e+00 1.869597500000000009e-02 4.727539999999999802e-04 1.000000000000000000e+00 1.864259999999999876e-02 1.889269999999999838e-02
1.605454718000000058e+00 1.871399300000000168e-02 4.732320000000000255e-04 1.000000000000000000e+00 1.867169999999999941e-02 1.892270000000000063e-02
1.605989869999999931e+00 1.871814999999999937e-02 4.736019999999999965e-04 1.000000000000000000e+00 1.869180000000000147e-02 1.894360000000000141e-02
1.606525200000000098e+00 1.871158699999999828e-02 4.738440000000000121e-04 1.000000000000000000e+00 1.870120000000000116e-02 1.895379999999999981e-02
1.607060707999999893e+00 1.869988399999999995e-02 4.739729999999999833e-04 1.000000000000000000e+00 1.870149999999999937e-02 1.895480000000000081e-02
1.607596395000000067e+00 1.868966199999999925e-02 4.740330000000000064e-04 1.000000000000000000e+00 1.869629999999999903e-02 1.895010000000000097e-02
1.608132260999999952e+00 1.868718100000000062e-02 4.740839999999999963e-04 1.000000000000000000e+00 1.869060000000000166e-02 1.894500000000000003e-02
1.608668304999999910e+00 1.869722500000000134e-02 4.741920000000000163e-04 1.000000000000000000e+00 1.868960000000000066e-02 1.894449999999999953e-02
1.609204526999999940e+00 1.872244299999999834e-02 4.744099999999999793e-04 1.000000000000000000e+00 1.869780000000000053e-02 1.895339999999999872e-02
1.609740928999999987e+00 1.876316100000000042e-02 4.747759999999999958e-04 1.000000000000000000e+00 1.871820000000000081e-02 1.897449999999999831e-02
1.610277509000000107e+00 1.881759900000000083e-02 4.753059999999999924e-04 1.000000000000000000e+00 1.875169999999999962e-02 1.900900000000000159e-02
1.610814267999999938e+00 1.888238600000000100e-02 4.759909999999999901e-04 1.000000000000000000e+00 1.879789999999999933e-02 1.905630000000000171e-02
1.611351207000000008e+00 1.895323999999999967e-02 4.768069999999999904e-04 1.000000000000000000e+00 1.885449999999999973e-02 1.911420000000000133e-02
1.611888323999999928e+00 1.902568300000000157e-02 4.777119999999999826e-04 1.000000000000000000e+00 1.891829999999999901e-02 1.917929999999999982e-02
1.612425620000000004e+00 1.909568799999999955e-02 4.786619999999999786e-04 1.000000000000000000e+00 1.898539999999999950e-02 1.924789999999999834e-02
1.612963095000000013e+00 1.916012599999999955e-02 4.796129999999999903e-04 1.000000000000000000e+00 1.905240000000000058e-02 1.931640000000000093e-02
1.613500748999999956e+00 1.921699699999999955e-02 4.805249999999999843e-04 1.000000000000000000e+00 1.911600000000000105e-02 1.938159999999999883e-02
1.614038582999999916e+00 1.926542900000000058e-02 4.813730000000000005e-04 1.000000000000000000e+00 1.917419999999999888e-02 1.944130000000000164e-02
1.614576596000000031e+00 1.930550199999999869e-02 4.821369999999999953e-04 1.000000000000000000e+00 1.922549999999999953e-02 1.949410000000000032e-02
1.615114788000000079e+00 1.933797799999999872e-02 4.828119999999999981e-04 1.000000000000000000e+00 1.926949999999999844e-02 1.953950000000000131e-02
1.615653159999999922e+00 1.936400400000000063e-02 4.833999999999999864e-04 1.000000000000000000e+00 1.930650000000000074e-02 1.957769999999999996e-02
1.616191710999999920e+00 1.938484700000000019e-02 4.839059999999999846e-04 1.000000000000000000e+00 1.933719999999999883e-02 1.960960000000000134e-02
1.616730441000000074e+00 1.940168700000000079e-02 4.843410000000000033e-04 1.000000000000000000e+00 1.936239999999999836e-02 1.963579999999999839e-02
1.617269351000000022e+00 1.941547899999999938e-02 4.847170000000000146e-04 1.000000000000000000e+00 1.938319999999999974e-02 1.965750000000000136e-02
1.617808440999999986e+00 1.942688799999999980e-02 4.850429999999999976e-04 1.000000000000000000e+00 1.940029999999999880e-02 1.967539999999999914e-02
1.618347710999999967e+00 1.943629200000000085e-02 4.853300000000000170e-04 1.000000000000000000e+00 1.941439999999999833e-02 1.969009999999999858e-02
1.618887160000000103e+00 1.944383499999999959e-02 4.855840000000000048e-04 1.000000000000000000e+00 1.942570000000000061e-02 1.970210000000000017e-02
1.619426789000000033e+00 1.944951799999999897e-02 4.858120000000000168e-04 1.000000000000000000e+00 1.943450000000000039e-02 1.971159999999999926e-02
1.619966597999999980e+00 1.945330199999999871e-02 4.860180000000000077e-04 1.000000000000000000e+00 1.944090000000000054e-02 1.971880000000000160e-02
1.620506586999999943e+00 1.945519899999999941e-02 4.862050000000000247e-04 1.000000000000000000e+00 1.944519999999999929e-02 1.972389999999999907e-02
1.621046755000000061e+00 1.945532800000000090e-02 4.863749999999999909e-04 1.000000000000000000e+00 1.944740000000000010e-02 1.972710000000000088e-02
1.621587104000000057e+00 1.945392699999999933e-02 4.865289999999999762e-04 1.000000000000000000e+00 1.944800000000000001e-02 1.972859999999999892e-02
1.622127633000000069e+00 1.945131900000000164e-02 4.866690000000000122e-04 1.000000000000000000e+00 1.944720000000000129e-02 1.972880000000000120e-02
1.622668342999999957e+00 1.944785900000000137e-02 4.867949999999999903e-04 1.000000000000000000e+00 1.944550000000000098e-02 1.972799999999999901e-02
1.623209232000000002e+00 1.944386799999999957e-02 4.869089999999999963e-04 1.000000000000000000e+00 1.944310000000000135e-02 1.972650000000000098e-02
1.623750301999999923e+00 1.943958800000000070e-02 4.870100000000000145e-04 1.000000000000000000e+00 1.944030000000000064e-02 1.972449999999999898e-02
1.624291552000000083e+00 1.943516699999999972e-02 4.871009999999999836e-04 1.000000000000000000e+00 1.943720000000000170e-02 1.972209999999999935e-02
1.624832982000000037e+00 1.943067399999999847e-02 4.871809999999999964e-04 1.000000000000000000e+00 1.943390000000000048e-02 1.971929999999999863e-02
1.625374593000000090e+00 1.942612900000000031e-02 4.872519999999999759e-04 1.000000000000000000e+00 1.943040000000000045e-02 1.971629999999999910e-02
1.625916385000000020e+00 1.942153199999999830e-02 4.873170000000000236e-04 1.000000000000000000e+00 1.942670000000000161e-02 1.971289999999999848e-02
1.626458356999999966e+00 1.941688800000000020e-02 4.873739999999999995e-04 1.000000000000000000e+00 1.942270000000000107e-02 1.970929999999999904e-02
1.627000510000000011e+00 1.941220600000000129e-02 4.874279999999999824e-04 1.000000000000000000e+00 1.941860000000000114e-02 1.970550000000000079e-02
1.627542843000000072e+00 1.940749500000000030e-02 4.874769999999999950e-04 1.000000000000000000e+00 1.941429999999999892e-02 1.970140000000000086e-02
1.628085358000000094e+00 1.940274000000000165e-02 4.875239999999999760e-04 1.000000000000000000e+00 1.940980000000000136e-02 1.969720000000000151e-02
1.628628052999999909e+00 1.939789299999999939e-02 4.875699999999999956e-04 1.000000000000000000e+00 1.940510000000000151e-02 1.969279999999999989e-02
1.629170929000000045e+00 1.939286200000000029e-02 4.876139999999999836e-04 1.000000000000000000e+00 1.940019999999999939e-02 1.968819999999999945e-02
1.629713986000000059e+00 1.938752200000000078e-02 4.876570000000000102e-04 1.000000000000000000e+00 1.939499999999999905e-02 1.968340000000000020e-02
1.630257223999999949e+00 1.938172300000000001e-02 4.876990000000000209e-04 1.000000000000000000e+00 1.938940000000000108e-02 1.967819999999999986e-02
1.630800642999999939e+00 1.937530700000000133e-02 4.877390000000000002e-04 1.000000000000000000e+00 1.938329999999999914e-02 1.967249999999999902e-02
1.631344243000000027e+00 1.936813000000000076e-02 4.877770000000000022e-04 1.000000000000000000e+00 1.937660000000000077e-02 1.966630000000000114e-02
1.631888025000000075e+00 1.936005999999999838e-02 4.878099999999999797e-04 1.000000000000000000e+00 1.936919999999999961e-02 1.965940000000000049e-02
1.632431986999999918e+00 1.935098600000000058e-02 4.878379999999999869e-04 1.000000000000000000e+00 1.936090000000000033e-02 1.965180000000000052e-02
1.632976130999999942e+00 1.934079799999999932e-02 4.878589999999999923e-04 1.000000000000000000e+00 1.935189999999999827e-02 1.964329999999999896e-02
1.633520456999999926e+00 1.932937699999999828e-02 4.878700000000000029e-04 1.000000000000000000e+00 1.934179999999999927e-02 1.963389999999999927e-02
1.634064962999999926e+00 1.931659999999999974e-02 4.878689999999999871e-04 1.000000000000000000e+00 1.933069999999999927e-02 1.962349999999999858e-02
1.634609651999999969e+00 1.930236000000000104e-02 4.878530000000000063e-04 1.000000000000000000e+00 1.931849999999999887e-02 1.961190000000000155e-02
1.635154522000000110e+00 1.928661200000000159e-02 4.878220000000000060e-04 1.000000000000000000e+00 1.930489999999999984e-02 1.959899999999999837e-02
1.635699572999999907e+00 1.926940900000000123e-02 4.877729999999999935e-04 1.000000000000000000e+00 1.929010000000000100e-02 1.958470000000000003e-02
1.636244806000000107e+00 1.925094000000000111e-02 4.877050000000000070e-04 1.000000000000000000e+00 1.927390000000000006e-02 1.956899999999999959e-02
1.636790221000000045e+00 1.923153400000000152e-02 4.876200000000000239e-04 1.000000000000000000e+00 1.925670000000000159e-02 1.955219999999999875e-02
1.637335817999999943e+00 1.921163399999999827e-02 4.875200000000000215e-04 1.000000000000000000e+00 1.923849999999999866e-02 1.953449999999999978e-02
1.637881597000000022e+00 1.919175600000000079e-02 4.874069999999999770e-04 1.000000000000000000e+00 1.921990000000000157e-02 1.951610000000000150e-02
1.638427556999999979e+00 1.917243799999999998e-02 4.872869999999999849e-04 1.000000000000000000e+00 1.920109999999999872e-02 1.949760000000000035e-02
1.638973699999999978e+00 1.915419800000000075e-02 4.871650000000000156e-04 1.000000000000000000e+00 1.918260000000000104e-02 1.947919999999999860e-02
1.639520024000000076e+00 1.913750900000000046e-02 4.870489999999999780e-04 1.000000000000000000e+00 1.916479999999999920e-02 1.946149999999999963e-02
1.640066530999999994e+00 1.912276499999999990e-02 4.869440000000000053e-04 1.000000000000000000e+00 1.914810000000000123e-02 1.944490000000000107e-02
1.640613220000000094e+00 1.911025499999999960e-02 4.868580000000000065e-04 1.000000000000000000e+00 1.913269999999999901e-02 1.942970000000000114e-02
1.641160090999999932e+00 1.910011600000000032e-02 4.867970000000000218e-04 1.000000000000000000e+00 1.911909999999999998e-02 1.941630000000000092e-02
1.641707143999999952e+00 1.909230500000000039e-02 4.867660000000000216e-04 1.000000000000000000e+00 1.910730000000000067e-02 1.940489999999999923e-02
1.642254380000000014e+00 1.908657999999999882e-02 4.867650000000000058e-04 1.000000000000000000e+00 1.909759999999999930e-02 1.939559999999999895e-02
1.642801798000000035e+00 1.908252200000000107e-02 4.867960000000000060e-04 1.000000000000000000e+00 1.908980000000000052e-02 1.938840000000000008e-02
1.643349399000000099e+00 1.907959199999999939e-02 4.868529999999999820e-04 1.000000000000000000e+00 1.908369999999999858e-02 1.938300000000000092e-02
1.643897181999999901e+00 1.907720900000000122e-02 4.869319999999999790e-04 1.000000000000000000e+00 1.907910000000000161e-02 1.937919999999999920e-02
1.644445147000000107e+00 1.907484300000000105e-02 4.870240000000000181e-04 1.000000000000000000e+00 1.907549999999999871e-02 1.937629999999999908e-02
1.644993295999999994e+00 1.907210200000000050e-02 4.871230000000000048e-04 1.000000000000000000e+00 1.907249999999999918e-02 1.937409999999999827e-02
1.645541627000000062e+00 1.906880999999999854e-02 4.872209999999999757e-04 1.000000000000000000e+00 1.906969999999999846e-02 1.937200000000000033e-02
1.646090140999999951e+00 1.906506399999999962e-02 4.873130000000000148e-04 1.000000000000000000e+00 1.906679999999999833e-02 1.936979999999999952e-02
1.646638838000000105e+00 1.906125499999999917e-02 4.873969999999999822e-04 1.000000000000000000e+00 1.906390000000000168e-02 1.936739999999999989e-02
1.647187716999999996e+00 1.905803699999999989e-02 4.874769999999999950e-04 1.000000000000000000e+00 1.906110000000000096e-02 1.936509999999999967e-02
1.647736780000000012e+00 1.905623000000000039e-02 4.875549999999999762e-04 1.000000000000000000e+00 1.905880000000000074e-02 1.936320000000000055e-02
1.648286024999999988e+00 1.905666400000000094e-02 4.876419999999999908e-04 1.000000000000000000e+00 1.905760000000000093e-02 1.936229999999999896e-02
1.648835454000000089e+00 1.906000799999999981e-02 4.877460000000000020e-04 1.000000000000000000e+00 1.905820000000000083e-02 1.936310000000000114e-02
1.649385066000000011e+00 1.906661499999999856e-02 4.878759999999999889e-04 1.000000000000000000e+00 1.906089999999999868e-02 1.936610000000000067e-02
1.649934860999999975e+00 1.907644600000000037e-02 4.880390000000000075e-04 1.000000000000000000e+00 1.906619999999999843e-02 1.937180000000000152e-02
1.650484838999999981e+00 1.908908900000000006e-02 4.882390000000000124e-04 1.000000000000000000e+00 1.907419999999999949e-02 1.938010000000000080e-02
1.651035000999999891e+00 1.910386199999999923e-02 4.884750000000000420e-04 1.000000000000000000e+00 1.908460000000000018e-02 1.939110000000000139e-02
1.651585346000000065e+00 1.911997400000000139e-02 4.887420000000000176e-04 1.000000000000000000e+00 1.909699999999999939e-02 1.940419999999999992e-02
1.652135874000000060e+00 1.913669700000000112e-02 4.890339999999999531e-04 1.000000000000000000e+00 1.911109999999999892e-02 1.941899999999999876e-02
1.652686585999999958e+00 1.915348999999999871e-02 4.893439999999999552e-04 1.000000000000000000e+00 1.912619999999999945e-02 1.943490000000000148e-02
1.653237481999999980e+00 1.917005100000000045e-02 4.896640000000000064e-04 1.000000000000000000e+00 1.914180000000000048e-02 1.945140000000000063e-02
1.653788561000000046e+00 1.918629399999999957e-02 4.899890000000000278e-04 1.000000000000000000e+00 1.915769999999999973e-02 1.946830000000000088e-02
1.654339824000000014e+00 1.920225500000000141e-02 4.903149999999999566e-04 1.000000000000000000e+00 1.917380000000000126e-02 1.948520000000000113e-02
1.654891270000000025e+00 1.921799999999999897e-02 4.906389999999999623e-04 1.000000000000000000e+00 1.918979999999999991e-02 1.950220000000000078e-02
1.655442901000000022e+00 1.923351699999999859e-02 4.909600000000000292e-04 1.000000000000000000e+00 1.920590000000000144e-02 1.951910000000000103e-02
1.655994715000000062e+00 1.924864000000000089e-02 4.912750000000000016e-04 1.000000000000000000e+00 1.922190000000000010e-02 1.953589999999999841e-02
1.656546713000000004e+00 1.926301299999999897e-02 4.915819999999999565e-04 1.000000000000000000e+00 1.923760000000000053e-02 1.955230000000000162e-02
1.657098895000000072e+00 1.927606299999999953e-02 4.918760000000000319e-04 1.000000000000000000e+00 1.925270000000000106e-02 1.956799999999999859e-02
1.657651261999999903e+00 1.928699000000000038e-02 4.921500000000000093e-04 1.000000000000000000e+00 1.926659999999999831e-02 1.958239999999999981e-02
1.658203811999999999e+00 1.929473900000000172e-02 4.923969999999999953e-04 1.000000000000000000e+00 1.927859999999999990e-02 1.959479999999999902e-02
1.658756547000000081e+00 1.929797000000000110e-02 4.926060000000000334e-04 1.000000000000000000e+00 1.928749999999999909e-02 1.960409999999999930e-02
1.659309466000000066e+00 1.929502300000000142e-02 4.927640000000000275e-04 1.000000000000000000e+00 1.929200000000000012e-02 1.960910000000000084e-02
1.659862568999999954e+00 1.928393999999999942e-02 4.928550000000000509e-04 1.000000000000000000e+00 1.929070000000000090e-02 1.960819999999999924e-02
1.660415855999999968e+00 1.926263300000000123e-02 4.928610000000000369e-04 1.000000000000000000e+00 1.928180000000000172e-02 1.959970000000000115e-02
1.660969327999999967e+00 1.922926200000000044e-02 4.927609999999999803e-04 1.000000000000000000e+00 1.926339999999999997e-02 1.958170000000000049e-02
1.661522984999999952e+00 1.918287200000000012e-02 4.925349999999999997e-04 1.000000000000000000e+00 1.923410000000000050e-02 1.955290000000000153e-02
1.662076826000000063e+00 1.912418399999999893e-02 4.921720000000000305e-04 1.000000000000000000e+00 1.919310000000000113e-02 1.951220000000000038e-02
1.662630851000000076e+00 1.905629600000000035e-02 4.916760000000000271e-04 1.000000000000000000e+00 1.914089999999999889e-02 1.946029999999999982e-02
1.663185061999999936e+00 1.898497500000000116e-02 4.910739999999999810e-04 1.000000000000000000e+00 1.908009999999999914e-02 1.939969999999999889e-02
1.663739456999999922e+00 1.891820300000000149e-02 4.904189999999999678e-04 1.000000000000000000e+00 1.901529999999999887e-02 1.933500000000000149e-02
1.664294036000000032e+00 1.886489900000000094e-02 4.897869999999999915e-04 1.000000000000000000e+00 1.895300000000000110e-02 1.927279999999999965e-02
1.664848800999999989e+00 1.883303299999999902e-02 4.892689999999999670e-04 1.000000000000000000e+00 1.890050000000000063e-02 1.922029999999999919e-02
1.665403750999999932e+00 1.882766300000000143e-02 4.889509999999999473e-04 1.000000000000000000e+00 1.886480000000000101e-02 1.918479999999999838e-02
1.665958885000000000e+00 1.884956399999999921e-02 4.888969999999999644e-04 1.000000000000000000e+00 1.885070000000000148e-02 1.917109999999999995e-02
1.666514204999999915e+00 1.889496200000000126e-02 4.891309999999999625e-04 1.000000000000000000e+00 1.885999999999999829e-02 1.918100000000000013e-02
1.667069710000000038e+00 1.895648499999999861e-02 4.896320000000000446e-04 1.000000000000000000e+00 1.889079999999999926e-02 1.921279999999999863e-02
1.667625399999999924e+00 1.902500500000000108e-02 4.903400000000000250e-04 1.000000000000000000e+00 1.893819999999999878e-02 1.926140000000000144e-02
1.668181275000000019e+00 1.909173399999999909e-02 4.911699999999999747e-04 1.000000000000000000e+00 1.899529999999999968e-02 1.931980000000000156e-02
1.668737335000000099e+00 1.914990600000000126e-02 4.920330000000000103e-04 1.000000000000000000e+00 1.905480000000000021e-02 1.938080000000000011e-02
1.669293581000000026e+00 1.919563300000000014e-02 4.928489999999999564e-04 1.000000000000000000e+00 1.911049999999999902e-02 1.943800000000000042e-02
1.669850011999999939e+00 1.922787100000000055e-02 4.935649999999999543e-04 1.000000000000000000e+00 1.915800000000000142e-02 1.948679999999999857e-02
1.670406628999999921e+00 1.924775100000000044e-02 4.941519999999999810e-04 1.000000000000000000e+00 1.919500000000000026e-02 1.952500000000000069e-02
1.670963431000000110e+00 1.925763299999999970e-02 4.946059999999999736e-04 1.000000000000000000e+00 1.922120000000000078e-02 1.955240000000000103e-02
1.671520418999999924e+00 1.926026100000000074e-02 4.949410000000000441e-04 1.000000000000000000e+00 1.923769999999999994e-02 1.956979999999999831e-02
1.672077591999999946e+00 1.925816500000000070e-02 4.951800000000000125e-04 1.000000000000000000e+00 1.924630000000000091e-02 1.957930000000000087e-02
1.672634951000000036e+00 1.925337599999999913e-02 4.953470000000000399e-04 1.000000000000000000e+00 1.924910000000000163e-02 1.958290000000000031e-02
1.673192495999999974e+00 1.924735899999999861e-02 4.954659999999999620e-04 1.000000000000000000e+00 1.924789999999999834e-02 1.958239999999999981e-02
1.673750226999999979e+00 1.924107699999999879e-02 4.955549999999999539e-04 1.000000000000000000e+00 1.924439999999999831e-02 1.957959999999999909e-02
1.674308144000000054e+00 1.923511500000000055e-02 4.956280000000000191e-04 1.000000000000000000e+00 1.923980000000000135e-02 1.957549999999999915e-02
1.674866246999999975e+00 1.922979500000000092e-02 4.956949999999999898e-04 1.000000000000000000e+00 1.923470000000000041e-02 1.957110000000000100e-02
1.675424535000000104e+00 1.922528399999999874e-02 4.957629999999999763e-04 1.000000000000000000e+00 1.922990000000000116e-02 1.956679999999999878e-02
1.675983009999999940e+00 1.922163500000000080e-02 4.958350000000000257e-04 1.000000000000000000e+00 1.922549999999999953e-02 1.956300000000000053e-02
1.676541671000000067e+00 1.921879900000000169e-02 4.959139999999999686e-04 1.000000000000000000e+00 1.922159999999999841e-02 1.955969999999999931e-02
1.677100518999999901e+00 1.921658700000000025e-02 4.960010000000000373e-04 1.000000000000000000e+00 1.921840000000000007e-02 1.955700000000000147e-02
1.677659551999999943e+00 1.921466200000000041e-02 4.960960000000000153e-04 1.000000000000000000e+00 1.921559999999999935e-02 1.955490000000000006e-02
1.678218771999999914e+00 1.921257599999999857e-02 4.961969999999999792e-04 1.000000000000000000e+00 1.921310000000000032e-02 1.955300000000000094e-02
1.678778177999999954e+00 1.920987399999999831e-02 4.962989999999999589e-04 1.000000000000000000e+00 1.921049999999999841e-02 1.955109999999999834e-02
1.679337770999999924e+00 1.920624300000000131e-02 4.963969999999999841e-04 1.000000000000000000e+00 1.920770000000000116e-02 1.954900000000000040e-02
1.679897549999999962e+00 1.920164300000000088e-02 4.964869999999999917e-04 1.000000000000000000e+00 1.920430000000000054e-02 1.954629999999999909e-02
1.680457515999999929e+00 1.919635700000000070e-02 4.965660000000000429e-04 1.000000000000000000e+00 1.920049999999999882e-02 1.954300000000000134e-02
1.681017667999999965e+00 1.919096099999999944e-02 4.966350000000000452e-04 1.000000000000000000e+00 1.919629999999999947e-02 1.953929999999999903e-02
1.681578008000000013e+00 1.918617900000000112e-02 4.966960000000000298e-04 1.000000000000000000e+00 1.919200000000000073e-02 1.953550000000000078e-02
1.682138533999999908e+00 1.918271400000000002e-02 4.967559999999999988e-04 1.000000000000000000e+00 1.918829999999999841e-02 1.953200000000000075e-02
1.682699246999999954e+00 1.918105200000000052e-02 4.968219999999999538e-04 1.000000000000000000e+00 1.918550000000000116e-02 1.952939999999999884e-02
1.683260146000000068e+00 1.918134700000000137e-02 4.968989999999999735e-04 1.000000000000000000e+00 1.918399999999999966e-02 1.952809999999999963e-02
1.683821232999999973e+00 1.918336400000000136e-02 4.969910000000000126e-04 1.000000000000000000e+00 1.918399999999999966e-02 1.952819999999999903e-02
1.684382507000000029e+00 1.918654200000000087e-02 4.970989999999999784e-04 1.000000000000000000e+00 1.918529999999999888e-02 1.952970000000000053e-02
1.684943968000000014e+00 1.919012399999999938e-02 4.972190000000000247e-04 1.000000000000000000e+00 1.918759999999999910e-02 1.953219999999999956e-02
1.685505615999999929e+00 1.919332199999999877e-02 4.973469999999999801e-04 1.000000000000000000e+00 1.919030000000000041e-02 1.953509999999999969e-02
1.686067450999999995e+00 1.919546999999999920e-02 4.974750000000000439e-04 1.000000000000000000e+00 1.919279999999999944e-02 1.953790000000000041e-02
1.686629472999999990e+00 1.919613800000000148e-02 4.975980000000000290e-04 1.000000000000000000e+00 1.919459999999999916e-02 1.953999999999999834e-02
1.687191682999999998e+00 1.919518099999999866e-02 4.977109999999999651e-04 1.000000000000000000e+00 1.919519999999999907e-02 1.954099999999999934e-02
1.687754079999999934e+00 1.919276300000000157e-02 4.978100000000000060e-04 1.000000000000000000e+00 1.919449999999999976e-02 1.954070000000000112e-02
1.688316665000000105e+00 1.918933800000000023e-02 4.978969999999999663e-04 1.000000000000000000e+00 1.919260000000000063e-02 1.953919999999999962e-02
1.688879436999999983e+00 1.918558700000000047e-02 4.979739999999999861e-04 1.000000000000000000e+00 1.918979999999999991e-02 1.953680000000000000e-02
1.689442397000000096e+00 1.918229000000000115e-02 4.980450000000000198e-04 1.000000000000000000e+00 1.918680000000000038e-02 1.953409999999999869e-02
1.690005544999999998e+00 1.918016399999999955e-02 4.981179999999999766e-04 1.000000000000000000e+00 1.918409999999999907e-02 1.953179999999999847e-02
1.690568880000000052e+00 1.917967099999999883e-02 4.981980000000000436e-04 1.000000000000000000e+00 1.918239999999999876e-02 1.953039999999999984e-02
1.691132402999999895e+00 1.918090000000000073e-02 4.982880000000000512e-04 1.000000000000000000e+00 1.918210000000000054e-02 1.953020000000000103e-02
1.691696112999999890e+00 1.918354499999999976e-02 4.983910000000000467e-04 1.000000000000000000e+00 1.918320000000000095e-02 1.953150000000000025e-02
1.692260011999999980e+00 1.918700200000000161e-02 4.985029999999999670e-04 1.000000000000000000e+00 1.918569999999999998e-02 1.953399999999999928e-02
1.692824099000000082e+00 1.919055000000000066e-02 4.986209999999999818e-04 1.000000000000000000e+00 1.918900000000000119e-02 1.953730000000000050e-02
1.693388373999999974e+00 1.919355600000000051e-02 4.987359999999999493e-04 1.000000000000000000e+00 1.919270000000000004e-02 1.954080000000000053e-02
1.693952836000000017e+00 1.919561800000000110e-02 4.988450000000000393e-04 1.000000000000000000e+00 1.919610000000000066e-02 1.954399999999999887e-02
1.694517486999999933e+00 1.919663699999999903e-02 4.989410000000000329e-04 1.000000000000000000e+00 1.919869999999999910e-02 1.954650000000000137e-02
1.695082326000000084e+00 1.919677499999999926e-02 4.990240000000000387e-04 1.000000000000000000e+00 1.920049999999999882e-02 1.954790000000000000e-02
1.695647354000000107e+00 1.919634500000000008e-02 4.990959999999999798e-04 1.000000000000000000e+00 1.920120000000000160e-02 1.954840000000000050e-02
1.696212569999999920e+00 1.919566899999999854e-02 4.991610000000000274e-04 1.000000000000000000e+00 1.920099999999999932e-02 1.954799999999999940e-02
1.696777973999999967e+00 1.919494100000000009e-02 4.992249999999999509e-04 1.000000000000000000e+00 1.920020000000000060e-02 1.954710000000000128e-02
1.697343567000000109e+00 1.919416499999999914e-02 4.992930000000000458e-04 1.000000000000000000e+00 1.919879999999999851e-02 1.954579999999999859e-02
1.697909348000000040e+00 1.919318000000000066e-02 4.993649999999999868e-04 1.000000000000000000e+00 1.919720000000000107e-02 1.954430000000000056e-02
1.698475316999999984e+00 1.919174300000000069e-02 4.994430000000000223e-04 1.000000000000000000e+00 1.919519999999999907e-02 1.954260000000000025e-02
1.699041476000000106e+00 1.918964500000000170e-02 4.995229999999999809e-04 1.000000000000000000e+00 1.919300000000000173e-02 1.954070000000000112e-02
1.699607823000000018e+00 1.918679100000000165e-02 4.996020000000000322e-04 1.000000000000000000e+00 1.919049999999999923e-02 1.953859999999999972e-02
1.700174359000000024e+00 1.918320499999999831e-02 4.996780000000000362e-04 1.000000000000000000e+00 1.918769999999999851e-02 1.953610000000000069e-02
1.700741083999999903e+00 1.917896399999999973e-02 4.997450000000000069e-04 1.000000000000000000e+00 1.918459999999999957e-02 1.953329999999999997e-02
1.701307998000000099e+00 1.917410300000000137e-02 4.998030000000000528e-04 1.000000000000000000e+00 1.918119999999999895e-02 1.952999999999999875e-02
1.701875100000000085e+00 1.916854000000000127e-02 4.998469999999999866e-04 1.000000000000000000e+00 1.917740000000000070e-02 1.952629999999999991e-02
1.702442392000000027e+00 1.916206800000000085e-02 4.998760000000000096e-04 1.000000000000000000e+00 1.917309999999999848e-02 1.952189999999999828e-02
1.703009873000000063e+00 1.915443699999999985e-02 4.998859999999999502e-04 1.000000000000000000e+00 1.916800000000000101e-02 1.951659999999999853e-02
1.703577542999999972e+00 1.914551100000000047e-02 4.998760000000000096e-04 1.000000000000000000e+00 1.916179999999999967e-02 1.950999999999999956e-02
1.704145401999999976e+00 1.913544699999999987e-02 4.998440000000000478e-04 1.000000000000000000e+00 1.915429999999999910e-02 1.950210000000000138e-02
1.704713450000000075e+00 1.912484700000000037e-02 4.997940000000000195e-04 1.000000000000000000e+00 1.914559999999999873e-02 1.949290000000000050e-02
1.705281687999999907e+00 1.911481500000000028e-02 4.997330000000000348e-04 1.000000000000000000e+00 1.913619999999999904e-02 1.948300000000000032e-02
1.705850115000000056e+00 1.910686300000000171e-02 4.996739999999999732e-04 1.000000000000000000e+00 1.912689999999999876e-02 1.947329999999999894e-02
1.706418731999999938e+00 1.910266500000000131e-02 4.996350000000000097e-04 1.000000000000000000e+00 1.911909999999999998e-02 1.946509999999999907e-02
1.706987537999999915e+00 1.910368499999999872e-02 4.996319999999999624e-04 1.000000000000000000e+00 1.911430000000000073e-02 1.945989999999999873e-02
1.707556534000000070e+00 1.911077300000000104e-02 4.996819999999999908e-04 1.000000000000000000e+00 1.911380000000000023e-02 1.945900000000000060e-02
1.708125719999999959e+00 1.912384500000000043e-02 4.997969999999999583e-04 1.000000000000000000e+00 1.911850000000000008e-02 1.946350000000000163e-02
1.708695094999999942e+00 1.914177599999999924e-02 4.999759999999999578e-04 1.000000000000000000e+00 1.912859999999999908e-02 1.947339999999999835e-02
1.709264660000000102e+00 1.916255999999999862e-02 5.002119999999999874e-04 1.000000000000000000e+00 1.914340000000000139e-02 1.948799999999999838e-02
1.709834414999999996e+00 1.918373400000000090e-02 5.004840000000000417e-04 1.000000000000000000e+00 1.916150000000000145e-02 1.950580000000000022e-02
1.710404360000000068e+00 1.920296800000000081e-02 5.007679999999999597e-04 1.000000000000000000e+00 1.918090000000000073e-02 1.952500000000000069e-02
1.710974494000000012e+00 1.921862499999999960e-02 5.010389999999999983e-04 1.000000000000000000e+00 1.919960000000000069e-02 1.954339999999999897e-02
1.711544818999999995e+00 1.923015999999999961e-02 5.012779999999999667e-04 1.000000000000000000e+00 1.921600000000000044e-02 1.955940000000000109e-02
1.712115333999999933e+00 1.923818500000000140e-02 5.014769999999999558e-04 1.000000000000000000e+00 1.922930000000000125e-02 1.957220000000000140e-02
1.712686039000000049e+00 1.924421700000000096e-02 5.016359999999999656e-04 1.000000000000000000e+00 1.923959999999999906e-02 1.958199999999999871e-02
1.713256934999999981e+00 1.925013799999999997e-02 5.017700000000000155e-04 1.000000000000000000e+00 1.924769999999999953e-02 1.958959999999999868e-02
1.713828020000000008e+00 1.925756899999999869e-02 5.018950000000000321e-04 1.000000000000000000e+00 1.925489999999999841e-02 1.959630000000000052e-02
1.714399296000000072e+00 1.926729199999999836e-02 5.020299999999999893e-04 1.000000000000000000e+00 1.926260000000000125e-02 1.960349999999999940e-02
1.714970762999999954e+00 1.927892399999999937e-02 5.021850000000000445e-04 1.000000000000000000e+00 1.927140000000000103e-02 1.961200000000000096e-02
1.715542420000000012e+00 1.929089800000000077e-02 5.023609999999999968e-04 1.000000000000000000e+00 1.928140000000000062e-02 1.962169999999999886e-02
1.716114267000000027e+00 1.930077499999999918e-02 5.025439999999999508e-04 1.000000000000000000e+00 1.929149999999999962e-02 1.963169999999999846e-02
1.716686305000000079e+00 1.930579300000000165e-02 5.027140000000000254e-04 1.000000000000000000e+00 1.930000000000000118e-02 1.964020000000000002e-02
1.717258533999999948e+00 1.930354299999999940e-02 5.028440000000000123e-04 1.000000000000000000e+00 1.930460000000000162e-02 1.964480000000000046e-02
1.717830952999999994e+00 1.929259200000000077e-02 5.029080000000000442e-04 1.000000000000000000e+00 1.930339999999999834e-02 1.964360000000000064e-02
1.718403563999999939e+00 1.927289700000000064e-02 5.028889999999999619e-04 1.000000000000000000e+00 1.929480000000000084e-02 1.963499999999999968e-02
1.718976365000000062e+00 1.924592199999999864e-02 5.027809999999999961e-04 1.000000000000000000e+00 1.927869999999999931e-02 1.961890000000000162e-02
1.719549357000000001e+00 1.921440699999999932e-02 5.025949999999999949e-04 1.000000000000000000e+00 1.925589999999999941e-02 1.959599999999999884e-02
1.720122539999999978e+00 1.918186100000000144e-02 5.023539999999999950e-04 1.000000000000000000e+00 1.922839999999999966e-02 1.956839999999999968e-02
1.720695913999999993e+00 1.915191399999999905e-02 5.020880000000000351e-04 1.000000000000000000e+00 1.919910000000000019e-02 1.953890000000000141e-02
1.721269479999999907e+00 1.912772399999999873e-02 5.018340000000000474e-04 1.000000000000000000e+00 1.917100000000000054e-02 1.951069999999999888e-02
1.721843235999999999e+00 1.911150699999999980e-02 5.016260000000000250e-04 1.000000000000000000e+00 1.914710000000000023e-02 1.948659999999999975e-02
1.722417183999999990e+00 1.910432299999999944e-02 5.014909999999999594e-04 1.000000000000000000e+00 1.912940000000000126e-02 1.946869999999999851e-02
1.722991323000000019e+00 1.910604899999999995e-02 5.014449999999999940e-04 1.000000000000000000e+00 1.911929999999999880e-02 1.945850000000000010e-02
1.723565653000000086e+00 1.911551800000000148e-02 5.014940000000000066e-04 1.000000000000000000e+00 1.911699999999999858e-02 1.945610000000000048e-02
1.724140175000000053e+00 1.913073300000000046e-02 5.016309999999999953e-04 1.000000000000000000e+00 1.912190000000000070e-02 1.946109999999999854e-02
1.724714888999999918e+00 1.914916200000000082e-02 5.018410000000000492e-04 1.000000000000000000e+00 1.913259999999999961e-02 1.947180000000000091e-02
1.725289794000000043e+00 1.916805599999999929e-02 5.021010000000000230e-04 1.000000000000000000e+00 1.914700000000000082e-02 1.948640000000000094e-02
1.725864889999999985e+00 1.918477999999999850e-02 5.023840000000000337e-04 1.000000000000000000e+00 1.916280000000000067e-02 1.950259999999999841e-02
1.726440178999999908e+00 1.919710800000000092e-02 5.026600000000000425e-04 1.000000000000000000e+00 1.917769999999999891e-02 1.951779999999999834e-02
1.727015659000000092e+00 1.920347799999999952e-02 5.029039999999999812e-04 1.000000000000000000e+00 1.918970000000000051e-02 1.953020000000000103e-02
1.727591330999999952e+00 1.920315599999999900e-02 5.030940000000000455e-04 1.000000000000000000e+00 1.919720000000000107e-02 1.953809999999999922e-02
1.728167194000000073e+00 1.919635399999999881e-02 5.032160000000000149e-04 1.000000000000000000e+00 1.919929999999999901e-02 1.954049999999999884e-02
1.728743249999999954e+00 1.918426300000000001e-02 5.032679999999999662e-04 1.000000000000000000e+00 1.919600000000000126e-02 1.953730000000000050e-02
1.729319497999999955e+00 1.916895799999999983e-02 5.032539999999999627e-04 1.000000000000000000e+00 1.918790000000000079e-02 1.952920000000000003e-02
1.729895938000000077e+00 1.915310699999999908e-02 5.031929999999999780e-04 1.000000000000000000e+00 1.917649999999999910e-02 1.951759999999999953e-02
1.730472570000000099e+00 1.913948199999999933e-02 5.031099999999999722e-04 1.000000000000000000e+00 1.916369999999999879e-02 1.950450000000000100e-02
1.731049394000000019e+00 1.913030199999999834e-02 5.030349999999999839e-04 1.000000000000000000e+00 1.915170000000000067e-02 1.949230000000000060e-02
1.731626410000000060e+00 1.912666799999999945e-02 5.029929999999999731e-04 1.000000000000000000e+00 1.914240000000000039e-02 1.948269999999999863e-02
1.732203619000000083e+00 1.912829599999999949e-02 5.030040000000000379e-04 1.000000000000000000e+00 1.913689999999999836e-02 1.947710000000000066e-02
1.732781020000000005e+00 1.913370199999999896e-02 5.030730000000000401e-04 1.000000000000000000e+00 1.913530000000000092e-02 1.947559999999999916e-02
1.733358613999999909e+00 1.914081200000000010e-02 5.031909999999999465e-04 1.000000000000000000e+00 1.913710000000000064e-02 1.947760000000000116e-02
1.733936399999999933e+00 1.914768700000000004e-02 5.033439999999999703e-04 1.000000000000000000e+00 1.914089999999999889e-02 1.948180000000000051e-02
1.734514378999999940e+00 1.915306900000000173e-02 5.035130000000000291e-04 1.000000000000000000e+00 1.914530000000000051e-02 1.948679999999999857e-02
1.735092550000000067e+00 1.915649599999999855e-02 5.036840000000000111e-04 1.000000000000000000e+00 1.914940000000000045e-02 1.949149999999999841e-02
1.735670915000000036e+00 1.915802100000000077e-02 5.038450000000000524e-04 1.000000000000000000e+00 1.915249999999999939e-02 1.949530000000000013e-02
1.736249471999999905e+00 1.915774500000000033e-02 5.039919999999999817e-04 1.000000000000000000e+00 1.915439999999999851e-02 1.949779999999999916e-02
1.736828220999999894e+00 1.915548400000000040e-02 5.041190000000000298e-04 1.000000000000000000e+00 1.915489999999999901e-02 1.949899999999999897e-02
1.737407163999999948e+00 1.915080099999999855e-02 5.042210000000000095e-04 1.000000000000000000e+00 1.915379999999999860e-02 1.949839999999999907e-02
1.737986299999999984e+00 1.914332900000000059e-02 5.042910000000000274e-04 1.000000000000000000e+00 1.915050000000000086e-02 1.949559999999999835e-02
1.738565629000000001e+00 1.913315399999999944e-02 5.043270000000000522e-04 1.000000000000000000e+00 1.914480000000000001e-02 1.949019999999999919e-02
1.739145149999999918e+00 1.912095999999999935e-02 5.043270000000000522e-04 1.000000000000000000e+00 1.913660000000000014e-02 1.948220000000000160e-02
1.739724865999999981e+00 1.910777599999999993e-02 5.043009999999999680e-04 1.000000000000000000e+00 1.912619999999999945e-02 1.947199999999999973e-02
1.740304773999999943e+00 1.909442100000000031e-02 5.042580000000000499e-04 1.000000000000000000e+00 1.911430000000000073e-02 1.946029999999999982e-02
1.740884875000000109e+00 1.908089899999999839e-02 5.042070000000000059e-04 1.000000000000000000e+00 1.910150000000000042e-02 1.944780000000000120e-02
1.741465169999999896e+00 1.906615500000000130e-02 5.041489999999999600e-04 1.000000000000000000e+00 1.908790000000000139e-02 1.943450000000000039e-02
1.742045658999999969e+00 1.904837699999999828e-02 5.040749999999999875e-04 1.000000000000000000e+00 1.907309999999999908e-02 1.941999999999999976e-02
1.742626341000000023e+00 1.902585899999999913e-02 5.039690000000000532e-04 1.000000000000000000e+00 1.905600000000000002e-02 1.940300000000000011e-02
1.743207216000000059e+00 1.899808600000000083e-02 5.038109999999999507e-04 1.000000000000000000e+00 1.903530000000000152e-02 1.938240000000000102e-02
1.743788284999999938e+00 1.896662199999999895e-02 5.035950000000000192e-04 1.000000000000000000e+00 1.901080000000000131e-02 1.935769999999999852e-02
1.744369548000000103e+00 1.893530300000000055e-02 5.033319999999999982e-04 1.000000000000000000e+00 1.898340000000000097e-02 1.932999999999999996e-02
1.744951004000000028e+00 1.890955700000000045e-02 5.030590000000000365e-04 1.000000000000000000e+00 1.895579999999999835e-02 1.930199999999999971e-02
1.745532655000000100e+00 1.889495899999999937e-02 5.028279999999999772e-04 1.000000000000000000e+00 1.893200000000000091e-02 1.927780000000000118e-02
1.746114498999999931e+00 1.889549600000000121e-02 5.026979999999999903e-04 1.000000000000000000e+00 1.891630000000000048e-02 1.926189999999999847e-02
1.746696537000000049e+00 1.891216700000000056e-02 5.027189999999999957e-04 1.000000000000000000e+00 1.891229999999999994e-02 1.925769999999999912e-02
1.747278769000000009e+00 1.894250399999999890e-02 5.029119999999999988e-04 1.000000000000000000e+00 1.892140000000000141e-02 1.926690000000000000e-02
1.747861195999999895e+00 1.898121599999999867e-02 5.032640000000000117e-04 1.000000000000000000e+00 1.894250000000000100e-02 1.928840000000000068e-02
1.748443815999999984e+00 1.902168499999999998e-02 5.037330000000000236e-04 1.000000000000000000e+00 1.897220000000000156e-02 1.931870000000000115e-02
1.749026630999999998e+00 1.905771300000000043e-02 5.042560000000000184e-04 1.000000000000000000e+00 1.900570000000000037e-02 1.935289999999999927e-02
1.749609638999999994e+00 1.908483199999999949e-02 5.047689999999999642e-04 1.000000000000000000e+00 1.903799999999999937e-02 1.938600000000000045e-02
1.750192842999999998e+00 1.910078899999999996e-02 5.052159999999999550e-04 1.000000000000000000e+00 1.906499999999999861e-02 1.941359999999999961e-02
1.750776239999999984e+00 1.910520699999999905e-02 5.055599999999999504e-04 1.000000000000000000e+00 1.908390000000000086e-02 1.943309999999999829e-02
1.751359831999999894e+00 1.909891099999999967e-02 5.057809999999999606e-04 1.000000000000000000e+00 1.909339999999999996e-02 1.944299999999999848e-02
1.751943618999999952e+00 1.908337099999999828e-02 5.058740000000000155e-04 1.000000000000000000e+00 1.909359999999999877e-02 1.944330000000000017e-02
1.752527600000000074e+00 1.906058399999999847e-02 5.058470000000000241e-04 1.000000000000000000e+00 1.908500000000000127e-02 1.943450000000000039e-02
1.753111775999999900e+00 1.903333700000000087e-02 5.057150000000000057e-04 1.000000000000000000e+00 1.906909999999999855e-02 1.941829999999999945e-02
1.753696147000000094e+00 1.900544100000000139e-02 5.055069999999999833e-04 1.000000000000000000e+00 1.904809999999999837e-02 1.939669999999999936e-02
1.754280711999999909e+00 1.898156299999999991e-02 5.052669999999999991e-04 1.000000000000000000e+00 1.902490000000000084e-02 1.937289999999999845e-02
1.754865472000000093e+00 1.896646199999999990e-02 5.050480000000000204e-04 1.000000000000000000e+00 1.900349999999999956e-02 1.935090000000000074e-02
1.755450426999999980e+00 1.896369399999999969e-02 5.049069999999999687e-04 1.000000000000000000e+00 1.898779999999999912e-02 1.933469999999999980e-02
1.756035578000000097e+00 1.897439100000000017e-02 5.048900000000000263e-04 1.000000000000000000e+00 1.898089999999999847e-02 1.932769999999999974e-02
1.756620923000000056e+00 1.899653200000000000e-02 5.050210000000000289e-04 1.000000000000000000e+00 1.898460000000000078e-02 1.933160000000000087e-02
1.757206462999999941e+00 1.902510400000000101e-02 5.052910000000000517e-04 1.000000000000000000e+00 1.899810000000000040e-02 1.934570000000000040e-02
1.757792199000000055e+00 1.905314199999999861e-02 5.056560000000000525e-04 1.000000000000000000e+00 1.901840000000000128e-02 1.936660000000000117e-02
1.758378129000000012e+00 1.907332100000000072e-02 5.060470000000000289e-04 1.000000000000000000e+00 1.904039999999999899e-02 1.938950000000000048e-02
1.758964254999999977e+00 1.907949600000000134e-02 5.063840000000000225e-04 1.000000000000000000e+00 1.905849999999999905e-02 1.940820000000000045e-02
1.759550576999999949e+00 1.906776099999999904e-02 5.065910000000000291e-04 1.000000000000000000e+00 1.906700000000000061e-02 1.941719999999999904e-02
1.760137094000000069e+00 1.903672899999999876e-02 5.066110000000000188e-04 1.000000000000000000e+00 1.906170000000000087e-02 1.941210000000000158e-02
1.760723805999999891e+00 1.898726200000000128e-02 5.064120000000000297e-04 1.000000000000000000e+00 1.904020000000000018e-02 1.939029999999999920e-02
1.761310713999999944e+00 1.892200900000000005e-02 5.059889999999999831e-04 1.000000000000000000e+00 1.900189999999999865e-02 1.935129999999999836e-02
1.761897816999999922e+00 1.884516199999999864e-02 5.053619999999999770e-04 1.000000000000000000e+00 1.894790000000000016e-02 1.929629999999999887e-02
1.762485116999999990e+00 1.876252499999999865e-02 5.045730000000000224e-04 1.000000000000000000e+00 1.888139999999999957e-02 1.922859999999999847e-02
1.763072611999999983e+00 1.868165199999999998e-02 5.036869999999999499e-04 1.000000000000000000e+00 1.880719999999999961e-02 1.915309999999999929e-02
1.763660302999999985e+00 1.861150099999999905e-02 5.027890000000000137e-04 1.000000000000000000e+00 1.873199999999999865e-02 1.907649999999999971e-02
1.764248188999999911e+00 1.856126099999999904e-02 5.019799999999999610e-04 1.000000000000000000e+00 1.866369999999999835e-02 1.900699999999999959e-02
1.764836271999999928e+00 1.853840299999999844e-02 5.013679999999999743e-04 1.000000000000000000e+00 1.861049999999999857e-02 1.895290000000000169e-02
1.765424550999999953e+00 1.854650299999999891e-02 5.010400000000000140e-04 1.000000000000000000e+00 1.857939999999999939e-02 1.892129999999999854e-02
1.766013025999999986e+00 1.858382399999999879e-02 5.010490000000000473e-04 1.000000000000000000e+00 1.857429999999999845e-02 1.891610000000000166e-02
1.766601697000000026e+00 1.864333199999999857e-02 5.013949999999999657e-04 1.000000000000000000e+00 1.859519999999999923e-02 1.893730000000000066e-02
1.767190564000000075e+00 1.871429999999999969e-02 5.020209999999999560e-04 1.000000000000000000e+00 1.863750000000000129e-02 1.898029999999999856e-02
1.767779627999999992e+00 1.878492500000000093e-02 5.028260000000000542e-04 1.000000000000000000e+00 1.869349999999999831e-02 1.903730000000000006e-02
1.768368887000000056e+00 1.884485699999999958e-02 5.036899999999999971e-04 1.000000000000000000e+00 1.875399999999999984e-02 1.909879999999999911e-02
1.768958344000000071e+00 1.888687099999999952e-02 5.044939999999999711e-04 1.000000000000000000e+00 1.880980000000000152e-02 1.915570000000000120e-02
1.769547996000000012e+00 1.890721999999999889e-02 5.051450000000000298e-04 1.000000000000000000e+00 1.885380000000000042e-02 1.920039999999999941e-02
1.770137845999999904e+00 1.890506499999999868e-02 5.055770000000000012e-04 1.000000000000000000e+00 1.888120000000000076e-02 1.922830000000000025e-02
1.770727892000000026e+00 1.888148799999999836e-02 5.057580000000000322e-04 1.000000000000000000e+00 1.888940000000000063e-02 1.923659999999999953e-02
1.771318133999999933e+00 1.883883299999999927e-02 5.056820000000000282e-04 1.000000000000000000e+00 1.887799999999999895e-02 1.922480000000000022e-02
1.771908574000000014e+00 1.878044900000000114e-02 5.053609999999999613e-04 1.000000000000000000e+00 1.884790000000000076e-02 1.919409999999999866e-02
1.772499210000000103e+00 1.871064500000000144e-02 5.048270000000000101e-04 1.000000000000000000e+00 1.880160000000000164e-02 1.914679999999999854e-02
1.773090043000000060e+00 1.863446499999999936e-02 5.041260000000000316e-04 1.000000000000000000e+00 1.874229999999999993e-02 1.908630000000000049e-02
1.773681073000000108e+00 1.855711599999999850e-02 5.033149999999999473e-04 1.000000000000000000e+00 1.867430000000000131e-02 1.901709999999999859e-02
1.774272300000000024e+00 1.848302300000000120e-02 5.024540000000000516e-04 1.000000000000000000e+00 1.860229999999999870e-02 1.894389999999999963e-02
1.774863724000000031e+00 1.841509599999999885e-02 5.016000000000000493e-04 1.000000000000000000e+00 1.853029999999999955e-02 1.887080000000000007e-02
1.775455344999999907e+00 1.835441700000000134e-02 5.007940000000000438e-04 1.000000000000000000e+00 1.846170000000000103e-02 1.880110000000000114e-02
1.776047163999999956e+00 1.830062099999999956e-02 5.000599999999999793e-04 1.000000000000000000e+00 1.839819999999999997e-02 1.873680000000000137e-02
1.776639180000000096e+00 1.825261099999999845e-02 4.994059999999999819e-04 1.000000000000000000e+00 1.834049999999999916e-02 1.867840000000000125e-02
1.777231393000000104e+00 1.820929300000000139e-02 4.988269999999999727e-04 1.000000000000000000e+00 1.828849999999999920e-02 1.862590000000000079e-02
1.777823802999999980e+00 1.816981700000000130e-02 4.983140000000000269e-04 1.000000000000000000e+00 1.824150000000000077e-02 1.857850000000000126e-02
1.778416411000000030e+00 1.813321799999999956e-02 4.978569999999999870e-04 1.000000000000000000e+00 1.819890000000000049e-02 1.853559999999999930e-02
1.779009217000000032e+00 1.809770900000000002e-02 4.974400000000000349e-04 1.000000000000000000e+00 1.815960000000000144e-02 1.849599999999999855e-02
1.779602219999999901e+00 1.806010300000000096e-02 4.970419999999999483e-04 1.000000000000000000e+00 1.812170000000000100e-02 1.845789999999999931e-02
1.780195420000000084e+00 1.801593699999999923e-02 4.966249999999999961e-04 1.000000000000000000e+00 1.808250000000000135e-02 1.841850000000000084e-02
1.780788819000000078e+00 1.796059699999999829e-02 4.961409999999999649e-04 1.000000000000000000e+00 1.803839999999999957e-02 1.837400000000000144e-02
1.781382414999999941e+00 1.789125199999999985e-02 4.955390000000000272e-04 1.000000000000000000e+00 1.798560000000000089e-02 1.832059999999999939e-02
1.781976208999999978e+00 1.780896800000000141e-02 4.947859999999999888e-04 1.000000000000000000e+00 1.792190000000000102e-02 1.825610000000000080e-02
1.782570200999999965e+00 1.772002199999999847e-02 4.938870000000000369e-04 1.000000000000000000e+00 1.784780000000000047e-02 1.818099999999999924e-02
1.783164390999999904e+00 1.763547600000000062e-02 4.928969999999999532e-04 1.000000000000000000e+00 1.776789999999999967e-02 1.809969999999999982e-02
1.783758779000000017e+00 1.756878699999999890e-02 4.919259999999999518e-04 1.000000000000000000e+00 1.769019999999999967e-02 1.802070000000000061e-02
1.784353365999999941e+00 1.753176099999999987e-02 4.911149999999999760e-04 1.000000000000000000e+00 1.762510000000000118e-02 1.795429999999999943e-02
1.784948149999999956e+00 1.753030499999999950e-02 4.905989999999999830e-04 1.000000000000000000e+00 1.758209999999999981e-02 1.791039999999999993e-02
1.785543133000000005e+00 1.756145799999999854e-02 4.904619999999999943e-04 1.000000000000000000e+00 1.756670000000000106e-02 1.789469999999999950e-02
1.786138314000000005e+00 1.761289599999999941e-02 4.906990000000000397e-04 1.000000000000000000e+00 1.757830000000000156e-02 1.790649999999999881e-02
1.786733692999999956e+00 1.766544399999999890e-02 4.912070000000000151e-04 1.000000000000000000e+00 1.760899999999999965e-02 1.793780000000000027e-02
1.787329270999999942e+00 1.769766500000000131e-02 4.917990000000000122e-04 1.000000000000000000e+00 1.764490000000000156e-02 1.797460000000000030e-02
1.787925047999999961e+00 1.769122500000000139e-02 4.922460000000000030e-04 1.000000000000000000e+00 1.766950000000000118e-02 1.799989999999999923e-02
1.788521022999999932e+00 1.763542400000000024e-02 4.923349999999999949e-04 1.000000000000000000e+00 1.766730000000000037e-02 1.799800000000000011e-02
1.789117196000000076e+00 1.752951200000000057e-02 4.919110000000000409e-04 1.000000000000000000e+00 1.762750000000000081e-02 1.795779999999999946e-02
1.789713568999999893e+00 1.738247500000000140e-02 4.909190000000000342e-04 1.000000000000000000e+00 1.754640000000000019e-02 1.787549999999999903e-02
1.790310140000000105e+00 1.721042399999999847e-02 4.894059999999999556e-04 1.000000000000000000e+00 1.742809999999999845e-02 1.775509999999999936e-02
1.790906909999999908e+00 1.703261600000000042e-02 4.875120000000000039e-04 1.000000000000000000e+00 1.728290000000000035e-02 1.760739999999999875e-02
1.791503878999999966e+00 1.686703300000000003e-02 4.854309999999999810e-04 1.000000000000000000e+00 1.712520000000000014e-02 1.744690000000000130e-02
1.792101047000000058e+00 1.672664100000000043e-02 4.833700000000000019e-04 1.000000000000000000e+00 1.696970000000000076e-02 1.728870000000000060e-02
1.792698413999999962e+00 1.661690000000000042e-02 4.815040000000000032e-04 1.000000000000000000e+00 1.682859999999999912e-02 1.714509999999999992e-02
1.793295979999999901e+00 1.653485199999999919e-02 4.799369999999999960e-04 1.000000000000000000e+00 1.670879999999999935e-02 1.702340000000000103e-02
1.793893745000000095e+00 1.646958800000000028e-02 4.786789999999999752e-04 1.000000000000000000e+00 1.661069999999999908e-02 1.692400000000000154e-02
1.794491709999999962e+00 1.640396499999999952e-02 4.776439999999999961e-04 1.000000000000000000e+00 1.652810000000000043e-02 1.684029999999999902e-02
1.795089874000000085e+00 1.631714800000000007e-02 4.766570000000000138e-04 1.000000000000000000e+00 1.644860000000000072e-02 1.675990000000000119e-02
1.795688237000000020e+00 1.618790399999999949e-02 4.754809999999999831e-04 1.000000000000000000e+00 1.635580000000000020e-02 1.666590000000000085e-02
1.796286800000000072e+00 1.599874299999999930e-02 4.738550000000000227e-04 1.000000000000000000e+00 1.623190000000000049e-02 1.653999999999999915e-02
1.796885561999999936e+00 1.574031099999999989e-02 4.715440000000000105e-04 1.000000000000000000e+00 1.606080000000000008e-02 1.636620000000000089e-02
1.797484523999999917e+00 1.541544599999999932e-02 4.683879999999999749e-04 1.000000000000000000e+00 1.583280000000000104e-02 1.613399999999999904e-02
1.798083686000000014e+00 1.504123899999999965e-02 4.643599999999999789e-04 1.000000000000000000e+00 1.554700000000000006e-02 1.584299999999999944e-02
1.798683046999999924e+00 1.464777299999999935e-02 4.595970000000000112e-04 1.000000000000000000e+00 1.521439999999999945e-02 1.550409999999999983e-02
1.799282607999999950e+00 1.427285499999999922e-02 4.544029999999999792e-04 1.000000000000000000e+00 1.485700000000000041e-02 1.513989999999999954e-02
1.799882369000000093e+00 1.395331500000000086e-02 4.492090000000000015e-04 1.000000000000000000e+00 1.450410000000000067e-02 1.478029999999999969e-02
1.800482329000000048e+00 1.371549799999999958e-02 4.444839999999999815e-04 1.000000000000000000e+00 1.418640000000000005e-02 1.445639999999999946e-02
1.801082489999999980e+00 1.356815500000000015e-02 4.406239999999999745e-04 1.000000000000000000e+00 1.392819999999999996e-02 1.419340000000000011e-02
1.801682851000000030e+00 1.350059800000000081e-02 4.378440000000000045e-04 1.000000000000000000e+00 1.374200000000000074e-02 1.400369999999999913e-02
1.802283411999999974e+00 1.348702499999999971e-02 4.361289999999999980e-04 1.000000000000000000e+00 1.362539999999999932e-02 1.388499999999999977e-02
1.802884173000000034e+00 1.349552300000000059e-02 4.352569999999999833e-04 1.000000000000000000e+00 1.356330000000000036e-02 1.382199999999999922e-02
1.803485135000000072e+00 1.349828200000000034e-02 4.348859999999999965e-04 1.000000000000000000e+00 1.353359999999999980e-02 1.379179999999999989e-02
1.804086295999999923e+00 1.347891900000000066e-02 4.346679999999999793e-04 1.000000000000000000e+00 1.351390000000000056e-02 1.377199999999999952e-02
1.804687657999999972e+00 1.343409299999999938e-02 4.343509999999999754e-04 1.000000000000000000e+00 1.348820000000000054e-02 1.374599999999999954e-02
1.805289221000000000e+00 1.336939000000000009e-02 4.338119999999999997e-04 1.000000000000000000e+00 1.344859999999999979e-02 1.370569999999999948e-02
1.805890983999999921e+00 1.329188100000000018e-02 4.330340000000000014e-04 1.000000000000000000e+00 1.339410000000000080e-02 1.365030000000000063e-02
1.806492948000000043e+00 1.320327399999999922e-02 4.320440000000000261e-04 1.000000000000000000e+00 1.332619999999999985e-02 1.358119999999999987e-02
1.807095112000000059e+00 1.309743099999999966e-02 4.308390000000000266e-04 1.000000000000000000e+00 1.324460000000000047e-02 1.349799999999999958e-02
1.807697477000000053e+00 1.296304600000000064e-02 4.293489999999999850e-04 1.000000000000000000e+00 1.314459999999999934e-02 1.339629999999999987e-02
1.808300043000000024e+00 1.279045699999999987e-02 4.274540000000000175e-04 1.000000000000000000e+00 1.301869999999999937e-02 1.326809999999999969e-02
1.808902809999999972e+00 1.257866399999999982e-02 4.250479999999999732e-04 1.000000000000000000e+00 1.286039999999999926e-02 1.310710000000000000e-02
1.809505777000000037e+00 1.233878499999999968e-02 4.221070000000000160e-04 1.000000000000000000e+00 1.266879999999999916e-02 1.291209999999999927e-02
1.810108945999999941e+00 1.209216599999999968e-02 4.187409999999999809e-04 1.000000000000000000e+00 1.245120000000000081e-02 1.269089999999999975e-02
1.810712314999999961e+00 1.186378599999999943e-02 4.151879999999999829e-04 1.000000000000000000e+00 1.222310000000000063e-02 1.245899999999999959e-02
1.811315886000000042e+00 1.167403399999999980e-02 4.117500000000000066e-04 1.000000000000000000e+00 1.200350000000000028e-02 1.223579999999999980e-02
1.811919658000000100e+00 1.153231799999999974e-02 4.087110000000000244e-04 1.000000000000000000e+00 1.180939999999999941e-02 1.203869999999999940e-02
1.812523630999999913e+00 1.143499599999999936e-02 4.062460000000000268e-04 1.000000000000000000e+00 1.165139999999999926e-02 1.187840000000000076e-02
1.813127806000000009e+00 1.136756899999999924e-02 4.043730000000000263e-04 1.000000000000000000e+00 1.153039999999999968e-02 1.175580000000000028e-02
1.813732182000000082e+00 1.130924999999999986e-02 4.029589999999999886e-04 1.000000000000000000e+00 1.143850000000000075e-02 1.166249999999999926e-02
1.814336758999999910e+00 1.123763099999999966e-02 4.017550000000000049e-04 1.000000000000000000e+00 1.136090000000000017e-02 1.158380000000000000e-02
1.814941538000000021e+00 1.113199200000000028e-02 4.004549999999999733e-04 1.000000000000000000e+00 1.127970000000000014e-02 1.150100000000000081e-02
1.815546518999999970e+00 1.097531199999999922e-02 3.987409999999999826e-04 1.000000000000000000e+00 1.117600000000000017e-02 1.139519999999999943e-02
1.816151700999999896e+00 1.075649199999999944e-02 3.963269999999999749e-04 1.000000000000000000e+00 1.103319999999999995e-02 1.124939999999999968e-02
1.816757085000000105e+00 1.047376600000000067e-02 3.930030000000000047e-04 1.000000000000000000e+00 1.083920000000000022e-02 1.105130000000000001e-02
1.817362670000000069e+00 1.013881800000000083e-02 3.886820000000000032e-04 1.000000000000000000e+00 1.059000000000000045e-02 1.079689999999999990e-02
1.817968457999999954e+00 9.779446000000000666e-03 3.834709999999999746e-04 1.000000000000000000e+00 1.029279999999999952e-02 1.049360000000000050e-02
1.818574447000000038e+00 9.438229899999999242e-03 3.777149999999999844e-04 1.000000000000000000e+00 9.968370000000000702e-03 1.016270000000000021e-02
1.819180639000000044e+00 9.165088199999999255e-03 3.720039999999999979e-04 1.000000000000000000e+00 9.650149999999999700e-03 9.838210000000000011e-03
1.819787032000000027e+00 9.004781099999999497e-03 3.670929999999999766e-04 1.000000000000000000e+00 9.378620000000000706e-03 9.561530000000000376e-03
1.820393627999999930e+00 8.982475900000000055e-03 3.637310000000000044e-04 1.000000000000000000e+00 9.192060000000000161e-03 9.371630000000000585e-03
1.821000425999999894e+00 9.092997499999999969e-03 3.624270000000000182e-04 1.000000000000000000e+00 9.115460000000000576e-03 9.293960000000000415e-03
1.821607425999999919e+00 9.297926200000000696e-03 3.632469999999999731e-04 1.000000000000000000e+00 9.151450000000000209e-03 9.331159999999999802e-03
1.822214629000000086e+00 9.532883600000000013e-03 3.657320000000000145e-04 1.000000000000000000e+00 9.276559999999999667e-03 9.459240000000000703e-03
1.822822034000000091e+00 9.723160899999999662e-03 3.689960000000000158e-04 1.000000000000000000e+00 9.444900000000000864e-03 9.631380000000000149e-03
1.823429640999999934e+00 9.802712300000000420e-03 3.719500000000000150e-04 1.000000000000000000e+00 9.598539999999999156e-03 9.788450000000000623e-03
1.824037450999999921e+00 9.730156599999999559e-03 3.735739999999999981e-04 1.000000000000000000e+00 9.681240000000000678e-03 9.873130000000000794e-03
1.824645462999999967e+00 9.496950400000000667e-03 3.731270000000000073e-04 1.000000000000000000e+00 9.651679999999999288e-03 9.843249999999999569e-03
1.825253677999999935e+00 9.125835000000000544e-03 3.702700000000000175e-04 1.000000000000000000e+00 9.491750000000000187e-03 9.680370000000000641e-03
1.825862096000000045e+00 8.661543799999999252e-03 3.650750000000000241e-04 1.000000000000000000e+00 9.208310000000000800e-03 9.391510000000000483e-03
1.826470717000000077e+00 8.157808100000000368e-03 3.579650000000000193e-04 1.000000000000000000e+00 8.828670000000000267e-03 9.004520000000000232e-03
1.827079541000000029e+00 7.665103199999999568e-03 3.495929999999999849e-04 1.000000000000000000e+00 8.392109999999999501e-03 8.559469999999999579e-03
1.827688567000000042e+00 7.222072999999999861e-03 3.407090000000000205e-04 1.000000000000000000e+00 7.940519999999999523e-03 8.099079999999999821e-03
1.828297797000000058e+00 6.851385199999999835e-03 3.320229999999999753e-04 1.000000000000000000e+00 7.510460000000000053e-03 7.660609999999999989e-03
1.828907228999999912e+00 6.559006699999999843e-03 3.240990000000000017e-04 1.000000000000000000e+00 7.127819999999999989e-03 7.270450000000000350e-03
1.829516864999999992e+00 6.335705900000000376e-03 3.172650000000000058e-04 1.000000000000000000e+00 6.805310000000000178e-03 6.941550000000000324e-03
1.830126703999999993e+00 6.160078799999999660e-03 3.115789999999999792e-04 1.000000000000000000e+00 6.542179999999999870e-03 6.673160000000000029e-03
1.830736745999999915e+00 6.002841000000000080e-03 3.068249999999999905e-04 1.000000000000000000e+00 6.325820000000000227e-03 6.452420000000000377e-03
1.831346992000000062e+00 5.832510299999999620e-03 3.025710000000000140e-04 1.000000000000000000e+00 6.134989999999999888e-03 6.257689999999999780e-03
1.831957440999999909e+00 5.622262900000000140e-03 2.982630000000000003e-04 1.000000000000000000e+00 5.944539999999999894e-03 6.063329999999999588e-03
1.832568092999999898e+00 5.356431400000000176e-03 2.933570000000000036e-04 1.000000000000000000e+00 5.731120000000000138e-03 5.845559999999999645e-03
1.833178948999999891e+00 5.034970100000000191e-03 2.874430000000000192e-04 1.000000000000000000e+00 5.478799999999999816e-03 5.588150000000000062e-03
1.833790009000000110e+00 4.674091200000000078e-03 2.803500000000000111e-04 1.000000000000000000e+00 5.183219999999999668e-03 5.286639999999999569e-03
1.834401272000000027e+00 4.302462899999999826e-03 2.722010000000000185e-04 1.000000000000000000e+00 4.853009999999999616e-03 4.949860000000000371e-03
1.835012738999999948e+00 3.954016700000000106e-03 2.634089999999999847e-04 1.000000000000000000e+00 4.507790000000000234e-03 4.597819999999999858e-03
1.835624410000000095e+00 3.659675299999999923e-03 2.546019999999999859e-04 1.000000000000000000e+00 4.173429999999999675e-03 4.256880000000000212e-03
1.836236285000000024e+00 3.440958200000000106e-03 2.465060000000000146e-04 1.000000000000000000e+00 3.875940000000000028e-03 3.953579999999999942e-03
1.836848363999999956e+00 3.307576500000000176e-03 2.397959999999999924e-04 1.000000000000000000e+00 3.636309999999999803e-03 3.709309999999999951e-03
1.837460646999999891e+00 3.259431399999999836e-03 2.349770000000000103e-04 1.000000000000000000e+00 3.467650000000000073e-03 3.537429999999999828e-03
1.838073132999999970e+00 3.291428999999999796e-03 2.323310000000000089e-04 1.000000000000000000e+00 3.375410000000000129e-03 3.443519999999999828e-03
1.838685823999999913e+00 3.398464099999999946e-03 2.319459999999999914e-04 1.000000000000000000e+00 3.360039999999999902e-03 3.428000000000000057e-03
1.839298719999999943e+00 3.577635699999999822e-03 2.337870000000000031e-04 1.000000000000000000e+00 3.419909999999999964e-03 3.489229999999999849e-03
1.839911818999999893e+00 3.826238699999999840e-03 2.377450000000000082e-04 1.000000000000000000e+00 3.553010000000000109e-03 3.625139999999999786e-03
1.840525122999999930e+00 4.136278499999999914e-03 2.436209999999999906e-04 1.000000000000000000e+00 3.755960000000000028e-03 3.832289999999999915e-03
1.841138632000000053e+00 4.488197200000000261e-03 2.510570000000000054e-04 1.000000000000000000e+00 4.020519999999999650e-03 4.102269999999999875e-03
1.841752344999999957e+00 4.847308199999999893e-03 2.594620000000000173e-04 1.000000000000000000e+00 4.329399999999999742e-03 4.417439999999999908e-03
1.842366262000000088e+00 5.166114599999999633e-03 2.680049999999999794e-04 1.000000000000000000e+00 4.653739999999999960e-03 4.748370000000000021e-03
1.842980384000000083e+00 5.393252299999999957e-03 2.757009999999999951e-04 1.000000000000000000e+00 4.954550000000000273e-03 5.055269999999999729e-03
1.843594710999999942e+00 5.487143899999999755e-03 2.815679999999999984e-04 1.000000000000000000e+00 5.188899999999999763e-03 5.294369999999999632e-03
1.844209242000000026e+00 5.429754200000000246e-03 2.848279999999999909e-04 1.000000000000000000e+00 5.319950000000000373e-03 5.428080000000000058e-03
1.844823979000000058e+00 5.235298600000000413e-03 2.850770000000000083e-04 1.000000000000000000e+00 5.327509999999999711e-03 5.435810000000000121e-03
1.845438920000000094e+00 4.949713300000000218e-03 2.824200000000000235e-04 1.000000000000000000e+00 5.215619999999999805e-03 5.321689999999999580e-03
1.846054065999999994e+00 4.640264699999999652e-03 2.775070000000000249e-04 1.000000000000000000e+00 5.013759999999999918e-03 5.115800000000000208e-03
1.846669418000000062e+00 4.377985800000000309e-03 2.714589999999999907e-04 1.000000000000000000e+00 4.770719999999999995e-03 4.867920000000000406e-03
1.847284973999999913e+00 4.218687399999999747e-03 2.656639999999999826e-04 1.000000000000000000e+00 4.542550000000000233e-03 4.635280000000000303e-03
1.847900735999999933e+00 4.188722599999999963e-03 2.614410000000000063e-04 1.000000000000000000e+00 4.378250000000000197e-03 4.467829999999999892e-03
1.848516703000000039e+00 4.279914999999999588e-03 2.596650000000000152e-04 1.000000000000000000e+00 4.307619999999999852e-03 4.395999999999999734e-03
1.849132875000000009e+00 4.454945800000000358e-03 2.605080000000000069e-04 1.000000000000000000e+00 4.335130000000000407e-03 4.424319999999999815e-03
1.849749252999999927e+00 4.660726100000000052e-03 2.634289999999999744e-04 1.000000000000000000e+00 4.441220000000000064e-03 4.532849999999999727e-03
1.850365835999999931e+00 4.844898000000000260e-03 2.674350000000000034e-04 1.000000000000000000e+00 4.590310000000000223e-03 4.685240000000000238e-03
1.850982624000000021e+00 4.970069799999999975e-03 2.714519999999999889e-04 1.000000000000000000e+00 4.742309999999999581e-03 4.840579999999999709e-03
1.851599618999999919e+00 5.021441100000000220e-03 2.746310000000000071e-04 1.000000000000000000e+00 4.863870000000000172e-03 4.964800000000000116e-03
1.852216818999999903e+00 5.006482500000000203e-03 2.765180000000000112e-04 1.000000000000000000e+00 4.935980000000000402e-03 5.038489999999999636e-03
1.852834223999999974e+00 4.948010200000000150e-03 2.770760000000000150e-04 1.000000000000000000e+00 4.956089999999999801e-03 5.059059999999999772e-03
1.853451836000000075e+00 4.874120499999999752e-03 2.765849999999999819e-04 1.000000000000000000e+00 4.935130000000000246e-03 5.037670000000000169e-03
1.854069653000000040e+00 4.808986999999999810e-03 2.755009999999999903e-04 1.000000000000000000e+00 4.891279999999999586e-03 4.992879999999999888e-03
1.854687675999999952e+00 4.767651000000000354e-03 2.742999999999999996e-04 1.000000000000000000e+00 4.843300000000000036e-03 4.943859999999999574e-03
1.855305905000000033e+00 4.755714200000000363e-03 2.733549999999999739e-04 1.000000000000000000e+00 4.805770000000000007e-03 4.905480000000000257e-03
1.855924340999999922e+00 4.772844600000000249e-03 2.728990000000000040e-04 1.000000000000000000e+00 4.787399999999999815e-03 4.886680000000000017e-03
1.856542981999999897e+00 4.817712699999999841e-03 2.730440000000000102e-04 1.000000000000000000e+00 4.792280000000000324e-03 4.891640000000000051e-03
1.857161829999999902e+00 4.891806500000000016e-03 2.738490000000000000e-04 1.000000000000000000e+00 4.822589999999999863e-03 4.922590000000000125e-03
1.857780884000000077e+00 5.000357199999999613e-03 2.753869999999999842e-04 1.000000000000000000e+00 4.881210000000000410e-03 4.982480000000000069e-03
1.858400143999999976e+00 5.149909099999999858e-03 2.777589999999999812e-04 1.000000000000000000e+00 4.972619999999999645e-03 5.075900000000000377e-03
1.859019610999999905e+00 5.343723600000000080e-03 2.810660000000000090e-04 1.000000000000000000e+00 5.101709999999999752e-03 5.207849999999999979e-03
1.859639284000000004e+00 5.577053499999999955e-03 2.853329999999999734e-04 1.000000000000000000e+00 5.270839999999999727e-03 5.380700000000000413e-03
1.860259163999999910e+00 5.834463500000000406e-03 2.904280000000000186e-04 1.000000000000000000e+00 5.476430000000000013e-03 5.590789999999999996e-03
1.860879249999999985e+00 6.090606699999999950e-03 2.960320000000000009e-04 1.000000000000000000e+00 5.706850000000000291e-03 5.826239999999999891e-03
1.861499543000000090e+00 6.314165499999999792e-03 3.016550000000000112e-04 1.000000000000000000e+00 5.942349999999999889e-03 6.066880000000000189e-03
1.862120043000000003e+00 6.473363600000000412e-03 3.067130000000000160e-04 1.000000000000000000e+00 6.157440000000000135e-03 6.286670000000000279e-03
1.862740749999999945e+00 6.540933399999999780e-03 3.106130000000000024e-04 1.000000000000000000e+00 6.324630000000000356e-03 6.457540000000000328e-03
1.863361663000000057e+00 6.497289399999999979e-03 3.128240000000000122e-04 1.000000000000000000e+00 6.418339999999999809e-03 6.553360000000000261e-03
1.863982784000000059e+00 6.331791199999999877e-03 3.129189999999999901e-04 1.000000000000000000e+00 6.417960000000000331e-03 6.553100000000000071e-03
1.864604111000000009e+00 6.043148100000000390e-03 3.105900000000000197e-04 1.000000000000000000e+00 6.309849999999999660e-03 6.442830000000000085e-03
1.865225646000000070e+00 5.639975000000000196e-03 3.056530000000000228e-04 1.000000000000000000e+00 6.088589999999999627e-03 6.217020000000000185e-03
1.865847387999999940e+00 5.141459499999999870e-03 2.980650000000000270e-04 1.000000000000000000e+00 5.757939999999999586e-03 5.879490000000000237e-03
1.866469337000000062e+00 4.577324800000000075e-03 2.879420000000000156e-04 1.000000000000000000e+00 5.331500000000000301e-03 5.444130000000000150e-03
1.867091492999999991e+00 3.985661300000000254e-03 2.755969999999999839e-04 1.000000000000000000e+00 4.832600000000000263e-03 4.934779999999999722e-03
1.867713857000000033e+00 3.408481399999999800e-03 2.615539999999999966e-04 1.000000000000000000e+00 4.292630000000000404e-03 4.383480000000000362e-03
1.868336428999999965e+00 2.885595800000000186e-03 2.465489999999999869e-04 1.000000000000000000e+00 3.747620000000000118e-03 3.827000000000000107e-03
1.868959207000000067e+00 2.448929900000000170e-03 2.314919999999999988e-04 1.000000000000000000e+00 3.233540000000000025e-03 3.302110000000000028e-03
1.869582193999999919e+00 2.118898499999999872e-03 2.173889999999999883e-04 1.000000000000000000e+00 2.781679999999999917e-03 2.840749999999999959e-03
1.870205388000000024e+00 1.903917900000000069e-03 2.052389999999999911e-04 1.000000000000000000e+00 2.415220000000000040e-03 2.466579999999999901e-03
1.870828790000000019e+00 1.802854200000000070e-03 1.959069999999999930e-04 1.000000000000000000e+00 2.147930000000000152e-03 2.193679999999999936e-03
1.871452399000000044e+00 1.809068399999999967e-03 1.900120000000000097e-04 1.000000000000000000e+00 1.985100000000000059e-03 2.027469999999999967e-03
1.872076217000000042e+00 1.914685499999999908e-03 1.878589999999999915e-04 1.000000000000000000e+00 1.926039999999999957e-03 1.967229999999999934e-03
1.872700242000000070e+00 2.113529500000000012e-03 1.894429999999999953e-04 1.000000000000000000e+00 1.967070000000000016e-03 2.009200000000000048e-03
1.873324476000000072e+00 2.402102000000000143e-03 1.945259999999999871e-04 1.000000000000000000e+00 2.103990000000000027e-03 2.149129999999999964e-03
1.873948917000000103e+00 2.778455699999999792e-03 2.027329999999999985e-04 1.000000000000000000e+00 2.333420000000000112e-03 2.383559999999999846e-03
1.874573567000000107e+00 3.239282899999999885e-03 2.136119999999999870e-04 1.000000000000000000e+00 2.652410000000000011e-03 2.709510000000000043e-03
1.875198425000000002e+00 3.776308899999999795e-03 2.266520000000000112e-04 1.000000000000000000e+00 3.056759999999999946e-03 3.122680000000000074e-03
1.875823491000000010e+00 4.373130099999999847e-03 2.412749999999999964e-04 1.000000000000000000e+00 3.538400000000000139e-03 3.614829999999999866e-03
1.876448764999999907e+00 5.004065000000000249e-03 2.568219999999999748e-04 1.000000000000000000e+00 4.083039999999999586e-03 4.171399999999999587e-03
1.877074248000000001e+00 5.635785199999999995e-03 2.725820000000000001e-04 1.000000000000000000e+00 4.669060000000000051e-03 4.770299999999999888e-03
1.877699938999999985e+00 6.231838800000000234e-03 2.878329999999999799e-04 1.000000000000000000e+00 5.268420000000000221e-03 5.382890000000000418e-03
1.878325838999999942e+00 6.758916000000000229e-03 3.019200000000000095e-04 1.000000000000000000e+00 5.849749999999999915e-03 5.977099999999999948e-03
1.878951948000000094e+00 7.192918799999999807e-03 3.143180000000000084e-04 1.000000000000000000e+00 6.382930000000000201e-03 6.522149999999999996e-03
1.879578264999999915e+00 7.523199999999999853e-03 3.246920000000000145e-04 1.000000000000000000e+00 6.843929999999999805e-03 6.993499999999999717e-03
1.880204790999999931e+00 7.753903300000000026e-03 3.329270000000000059e-04 1.000000000000000000e+00 7.218750000000000340e-03 7.376790000000000257e-03
1.880831525999999920e+00 7.902249400000000215e-03 3.391229999999999852e-04 1.000000000000000000e+00 7.505219999999999947e-03 7.669790000000000114e-03
1.881458470000000105e+00 7.994690299999999278e-03 3.435770000000000208e-04 1.000000000000000000e+00 7.712639999999999774e-03 7.882010000000000058e-03
1.882085623000000041e+00 8.061737899999999249e-03 3.467260000000000003e-04 1.000000000000000000e+00 7.859510000000000107e-03 8.032310000000000838e-03
1.882712984999999950e+00 8.132030700000000834e-03 3.490880000000000025e-04 1.000000000000000000e+00 7.969580000000000414e-03 8.144969999999999641e-03
1.883340556000000054e+00 8.226234400000000807e-03 3.511669999999999939e-04 1.000000000000000000e+00 8.067049999999999221e-03 8.244720000000000520e-03
1.883968335999999910e+00 8.351657700000000850e-03 3.533580000000000141e-04 1.000000000000000000e+00 8.171229999999999813e-03 8.351310000000000677e-03
1.884596326000000044e+00 8.498939800000000766e-03 3.558559999999999892e-04 1.000000000000000000e+00 8.291750000000000509e-03 8.474560000000000773e-03
1.885224524000000068e+00 8.642498900000000067e-03 3.585899999999999938e-04 1.000000000000000000e+00 8.425220000000000625e-03 8.611050000000000301e-03
1.885852933000000009e+00 8.745936899999999167e-03 3.612309999999999978e-04 1.000000000000000000e+00 8.555000000000000104e-03 8.743759999999999727e-03
1.886481550000000063e+00 8.771646200000000199e-03 3.632619999999999925e-04 1.000000000000000000e+00 8.654560000000000378e-03 8.845590000000000397e-03
1.887110376999999950e+00 8.692636099999999713e-03 3.641159999999999948e-04 1.000000000000000000e+00 8.694449999999999401e-03 8.886430000000000717e-03
1.887739413999999893e+00 8.502741799999999697e-03 3.633399999999999738e-04 1.000000000000000000e+00 8.651270000000000834e-03 8.842360000000000497e-03
1.888368660999999893e+00 8.221760399999999969e-03 3.607430000000000120e-04 1.000000000000000000e+00 8.516019999999999146e-03 8.704200000000000478e-03
1.888998117000000088e+00 7.893314999999999707e-03 3.564929999999999900e-04 1.000000000000000000e+00 8.299229999999999455e-03 8.482709999999999209e-03
1.889627782999999894e+00 7.575513300000000401e-03 3.511400000000000025e-04 1.000000000000000000e+00 8.030860000000000776e-03 8.208490000000000578e-03
1.890257658999999979e+00 7.326859399999999939e-03 3.455379999999999975e-04 1.000000000000000000e+00 7.754610000000000322e-03 7.926229999999999387e-03
1.890887744999999898e+00 7.191263699999999627e-03 3.406729999999999958e-04 1.000000000000000000e+00 7.517959999999999747e-03 7.684459999999999728e-03
1.891518041000000094e+00 7.185975500000000432e-03 3.374210000000000208e-04 1.000000000000000000e+00 7.360440000000000212e-03 7.523600000000000079e-03
1.892148546999999903e+00 7.295730500000000007e-03 3.362840000000000078e-04 1.000000000000000000e+00 7.303239999999999905e-03 7.465300000000000234e-03
1.892779262999999990e+00 7.474700400000000057e-03 3.372110000000000211e-04 1.000000000000000000e+00 7.342809999999999962e-03 7.505940000000000008e-03
1.893410188999999910e+00 7.655955199999999947e-03 3.395800000000000251e-04 1.000000000000000000e+00 7.450260000000000216e-03 7.615979999999999625e-03
1.894041325999999970e+00 7.766546200000000108e-03 3.423449999999999757e-04 1.000000000000000000e+00 7.576900000000000128e-03 7.745649999999999757e-03
1.894672673000000085e+00 7.744949099999999705e-03 3.442920000000000030e-04 1.000000000000000000e+00 7.664980000000000057e-03 7.835919999999999691e-03
1.895304230999999895e+00 7.556380899999999567e-03 3.443249999999999805e-04 1.000000000000000000e+00 7.661170000000000133e-03 7.832260000000000610e-03
1.895935998999999983e+00 7.201878299999999768e-03 3.416819999999999992e-04 1.000000000000000000e+00 7.529479999999999854e-03 7.697859999999999946e-03
1.896567976999999905e+00 6.718347799999999787e-03 3.360899999999999890e-04 1.000000000000000000e+00 7.260199999999999640e-03 7.422810000000000172e-03
1.897200167000000048e+00 6.169058100000000301e-03 3.278080000000000165e-04 1.000000000000000000e+00 6.872330000000000279e-03 7.026519999999999641e-03
1.897832567000000026e+00 5.627286100000000041e-03 3.175920000000000045e-04 1.000000000000000000e+00 6.408600000000000407e-03 6.552670000000000022e-03
1.898465177999999920e+00 5.158007600000000248e-03 3.065489999999999817e-04 1.000000000000000000e+00 5.924519999999999960e-03 6.058009999999999957e-03
1.899097999000000092e+00 4.803128900000000132e-03 2.959169999999999791e-04 1.000000000000000000e+00 5.474689999999999938e-03 5.598370000000000082e-03
1.899731032000000042e+00 4.574823599999999768e-03 2.867850000000000130e-04 1.000000000000000000e+00 5.100529999999999821e-03 5.216069999999999734e-03
1.900364275999999908e+00 4.458301900000000324e-03 2.798380000000000268e-04 1.000000000000000000e+00 4.822879999999999875e-03 4.932439999999999741e-03
1.900997730000000052e+00 4.422605900000000333e-03 2.752370000000000077e-04 1.000000000000000000e+00 4.641519999999999674e-03 4.747219999999999912e-03
1.901631395999999974e+00 4.434976799999999601e-03 2.726949999999999904e-04 1.000000000000000000e+00 4.540950000000000195e-03 4.644589999999999656e-03
1.902265273000000034e+00 4.473571699999999776e-03 2.717080000000000081e-04 1.000000000000000000e+00 4.499949999999999957e-03 4.602829999999999595e-03
1.902899362000000094e+00 4.534127500000000380e-03 2.718379999999999950e-04 1.000000000000000000e+00 4.501250000000000043e-03 4.604310000000000347e-03
1.903533662000000071e+00 4.628406300000000376e-03 2.729000000000000197e-04 1.000000000000000000e+00 4.537760000000000057e-03 4.641799999999999746e-03
1.904168172999999964e+00 4.775517800000000229e-03 2.749909999999999833e-04 1.000000000000000000e+00 4.613439999999999902e-03 4.719349999999999760e-03
1.904802896000000079e+00 4.989342400000000045e-03 2.783549999999999870e-04 1.000000000000000000e+00 4.738479999999999775e-03 4.847409999999999913e-03
1.905437830000000110e+00 5.267190399999999856e-03 2.831570000000000267e-04 1.000000000000000000e+00 4.921080000000000419e-03 5.034349999999999936e-03
1.906072975999999919e+00 5.584289200000000161e-03 2.892700000000000002e-04 1.000000000000000000e+00 5.158989999999999583e-03 5.277869999999999610e-03
1.906708333999999949e+00 5.896552900000000090e-03 2.961789999999999844e-04 1.000000000000000000e+00 5.434510000000000035e-03 5.559859999999999802e-03
1.907343902999999896e+00 6.151290200000000298e-03 3.030479999999999893e-04 1.000000000000000000e+00 5.715060000000000105e-03 5.846950000000000064e-03
1.907979684000000065e+00 6.302233299999999636e-03 3.089179999999999856e-04 1.000000000000000000e+00 5.959660000000000304e-03 6.097240000000000298e-03
1.908615678000000093e+00 6.323820699999999767e-03 3.129469999999999973e-04 1.000000000000000000e+00 6.129530000000000221e-03 6.271040000000000295e-03
1.909251883000000038e+00 6.219890100000000088e-03 3.146119999999999754e-04 1.000000000000000000e+00 6.199020000000000398e-03 6.342129999999999643e-03
1.909888299999999983e+00 6.024029400000000325e-03 3.138509999999999737e-04 1.000000000000000000e+00 6.163629999999999803e-03 6.305919999999999581e-03
1.910524928999999927e+00 5.791864899999999740e-03 3.110890000000000161e-04 1.000000000000000000e+00 6.042350000000000151e-03 6.181859999999999959e-03
1.911161770999999954e+00 5.587931699999999779e-03 3.071959999999999773e-04 1.000000000000000000e+00 5.873940000000000237e-03 6.009630000000000180e-03
1.911798824999999979e+00 5.471308499999999984e-03 3.033290000000000227e-04 1.000000000000000000e+00 5.708310000000000294e-03 5.840299999999999658e-03
1.912436091000000005e+00 5.483336899999999986e-03 3.007090000000000240e-04 1.000000000000000000e+00 5.595710000000000267e-03 5.725270000000000185e-03
1.913073569999999890e+00 5.639999799999999980e-03 3.003430000000000075e-04 1.000000000000000000e+00 5.576189999999999966e-03 5.705520000000000383e-03
1.913711260999999997e+00 5.929898900000000160e-03 3.027719999999999804e-04 1.000000000000000000e+00 5.671889999999999744e-03 5.803700000000000178e-03
1.914349164999999964e+00 6.317432500000000166e-03 3.079409999999999981e-04 1.000000000000000000e+00 5.883229999999999710e-03 6.020219999999999738e-03
1.914987280999999930e+00 6.750683199999999579e-03 3.152389999999999815e-04 1.000000000000000000e+00 6.189540000000000319e-03 6.333919999999999828e-03
1.915625609999999979e+00 7.172411600000000269e-03 3.236889999999999971e-04 1.000000000000000000e+00 6.553849999999999953e-03 6.706980000000000407e-03
1.916264152000000109e+00 7.532843699999999809e-03 3.322180000000000098e-04 1.000000000000000000e+00 6.931190000000000268e-03 7.093389999999999765e-03
1.916902907000000100e+00 7.801169999999999632e-03 3.398969999999999748e-04 1.000000000000000000e+00 7.278660000000000165e-03 7.449240000000000202e-03
1.917541874999999951e+00 7.972742799999999949e-03 3.461259999999999858e-04 1.000000000000000000e+00 7.565279999999999748e-03 7.742830000000000025e-03
1.918181055000000024e+00 8.069290399999999933e-03 3.507289999999999822e-04 1.000000000000000000e+00 7.778959999999999694e-03 7.961789999999999839e-03
1.918820449000000039e+00 8.131100400000000616e-03 3.539430000000000093e-04 1.000000000000000000e+00 7.928279999999999356e-03 8.114929999999999366e-03
1.919460055999999915e+00 8.203261899999999759e-03 3.563169999999999836e-04 1.000000000000000000e+00 8.038280000000000078e-03 8.227840000000000154e-03
1.920099876000000094e+00 8.320547100000000654e-03 3.585250000000000004e-04 1.000000000000000000e+00 8.141229999999999301e-03 8.333530000000000451e-03
1.920739908999999912e+00 8.496507199999999566e-03 3.611490000000000078e-04 1.000000000000000000e+00 8.265569999999999862e-03 8.461110000000000853e-03
1.921380155999999895e+00 8.720339900000000435e-03 3.644899999999999746e-04 1.000000000000000000e+00 8.426740000000000272e-03 8.626369999999999524e-03
1.922020615999999960e+00 8.962402100000000857e-03 3.684970000000000194e-04 1.000000000000000000e+00 8.623050000000000159e-03 8.827530000000000099e-03
1.922661289000000107e+00 9.185159499999999769e-03 3.728140000000000121e-04 1.000000000000000000e+00 8.837380000000000582e-03 9.047110000000000568e-03
1.923302175999999974e+00 9.355318799999999893e-03 3.769269999999999912e-04 1.000000000000000000e+00 9.043809999999999349e-03 9.258540000000000866e-03
1.923943277000000007e+00 9.452884800000000212e-03 3.803370000000000145e-04 1.000000000000000000e+00 9.216030000000000055e-03 9.434899999999999537e-03
1.924584591999999983e+00 9.475136800000000595e-03 3.826960000000000236e-04 1.000000000000000000e+00 9.334870000000000320e-03 9.556600000000000164e-03
1.925226120000000041e+00 9.435527600000000181e-03 3.838800000000000177e-04 1.000000000000000000e+00 9.392889999999999226e-03 9.616019999999999429e-03
1.925867862000000041e+00 9.359408600000000689e-03 3.840049999999999800e-04 1.000000000000000000e+00 9.395489999999999398e-03 9.618720000000000742e-03
1.926509817999999985e+00 9.278069499999999636e-03 3.833840000000000143e-04 1.000000000000000000e+00 9.359030000000000821e-03 9.581450000000000036e-03
1.927151988000000093e+00 9.223075500000000454e-03 3.824659999999999800e-04 1.000000000000000000e+00 9.307060000000000680e-03 9.528329999999999786e-03
1.927794371999999923e+00 9.221387799999999565e-03 3.817550000000000067e-04 1.000000000000000000e+00 9.265890000000000584e-03 9.486309999999999534e-03
1.928436969999999917e+00 9.291872899999999505e-03 3.817299999999999925e-04 1.000000000000000000e+00 9.260219999999999563e-03 9.480660000000000129e-03
1.929079782000000076e+00 9.443187599999999793e-03 3.827680000000000188e-04 1.000000000000000000e+00 9.309579999999999592e-03 9.531410000000000576e-03
1.929722809000000039e+00 9.672703499999999247e-03 3.850850000000000171e-04 1.000000000000000000e+00 9.425660000000000635e-03 9.650529999999999178e-03
1.930366049999999944e+00 9.966575999999999561e-03 3.887049999999999859e-04 1.000000000000000000e+00 9.610719999999999680e-03 9.840329999999999563e-03
1.931009505000000015e+00 1.030085199999999923e-02 3.934499999999999955e-04 1.000000000000000000e+00 9.856979999999999562e-03 1.009280000000000073e-02
1.931653174999999889e+00 1.064400100000000016e-02 3.989609999999999771e-04 1.000000000000000000e+00 1.014720000000000032e-02 1.039039999999999929e-02
1.932297058999999928e+00 1.096098400000000000e-02 4.047570000000000009e-04 1.000000000000000000e+00 1.045659999999999992e-02 1.070770000000000055e-02
1.932941157999999993e+00 1.121859400000000014e-02 4.102980000000000212e-04 1.000000000000000000e+00 1.075569999999999998e-02 1.101449999999999999e-02
1.933585472000000083e+00 1.139141999999999932e-02 4.150690000000000065e-04 1.000000000000000000e+00 1.101539999999999984e-02 1.128089999999999996e-02
1.934229999999999894e+00 1.146712199999999973e-02 4.186600000000000065e-04 1.000000000000000000e+00 1.121109999999999988e-02 1.148180000000000034e-02
1.934874744000000035e+00 1.144982200000000012e-02 4.208370000000000231e-04 1.000000000000000000e+00 1.132810000000000067e-02 1.160199999999999947e-02
1.935519701999999898e+00 1.136037500000000068e-02 4.215819999999999897e-04 1.000000000000000000e+00 1.136440000000000020e-02 1.163959999999999995e-02
1.936164875000000007e+00 1.123324799999999950e-02 4.211120000000000163e-04 1.000000000000000000e+00 1.133209999999999947e-02 1.160689999999999986e-02
1.936810264000000004e+00 1.111014700000000077e-02 4.198539999999999954e-04 1.000000000000000000e+00 1.125579999999999983e-02 1.152889999999999991e-02
1.937455866999999943e+00 1.103160700000000057e-02 4.183769999999999959e-04 1.000000000000000000e+00 1.116769999999999916e-02 1.143890000000000011e-02
1.938101685999999990e+00 1.102833999999999932e-02 4.172849999999999867e-04 1.000000000000000000e+00 1.110189999999999962e-02 1.137170000000000021e-02
1.938747720000000063e+00 1.111448699999999928e-02 4.170949999999999766e-04 1.000000000000000000e+00 1.108680000000000082e-02 1.135639999999999913e-02
1.939393968999999940e+00 1.128465099999999971e-02 4.181179999999999836e-04 1.000000000000000000e+00 1.113959999999999950e-02 1.141069999999999932e-02
1.940040433000000064e+00 1.151590400000000042e-02 4.203880000000000008e-04 1.000000000000000000e+00 1.126259999999999935e-02 1.153679999999999983e-02
1.940687113999999935e+00 1.177419600000000066e-02 4.236709999999999760e-04 1.000000000000000000e+00 1.144320000000000059e-02 1.172220000000000033e-02
1.941334008999999972e+00 1.202344399999999945e-02 4.275419999999999937e-04 1.000000000000000000e+00 1.165850000000000046e-02 1.194289999999999935e-02
1.941981120999999977e+00 1.223444800000000020e-02 4.315069999999999735e-04 1.000000000000000000e+00 1.188059999999999984e-02 1.217080000000000072e-02
1.942628448000000008e+00 1.239081199999999931e-02 4.351280000000000122e-04 1.000000000000000000e+00 1.208419999999999980e-02 1.237970000000000043e-02
1.943275990000000064e+00 1.249028999999999938e-02 4.381100000000000185e-04 1.000000000000000000e+00 1.225170000000000078e-02 1.255170000000000070e-02
1.943923749000000090e+00 1.254166500000000045e-02 4.403340000000000162e-04 1.000000000000000000e+00 1.237539999999999994e-02 1.267880000000000049e-02
1.944571724000000001e+00 1.255896599999999953e-02 4.418350000000000142e-04 1.000000000000000000e+00 1.245680000000000051e-02 1.276260000000000068e-02
1.945219913999999939e+00 1.255537999999999967e-02 4.427400000000000064e-04 1.000000000000000000e+00 1.250309999999999963e-02 1.281039999999999957e-02
1.945868321000000067e+00 1.253894200000000084e-02 4.431990000000000235e-04 1.000000000000000000e+00 1.252299999999999941e-02 1.283130000000000034e-02
1.946516944000000082e+00 1.251077800000000018e-02 4.433279999999999946e-04 1.000000000000000000e+00 1.252340000000000050e-02 1.283210000000000080e-02
1.947165782999999983e+00 1.246559000000000035e-02 4.431700000000000006e-04 1.000000000000000000e+00 1.250670000000000080e-02 1.281539999999999936e-02
1.947814837999999993e+00 1.239345799999999956e-02 4.426850000000000077e-04 1.000000000000000000e+00 1.247069999999999949e-02 1.277889999999999929e-02
1.948464109999999971e+00 1.228236400000000048e-02 4.417620000000000032e-04 1.000000000000000000e+00 1.240879999999999934e-02 1.271590000000000047e-02
1.949113598000000058e+00 1.212087100000000008e-02 4.402480000000000174e-04 1.000000000000000000e+00 1.231209999999999943e-02 1.261720000000000029e-02
1.949763302000000031e+00 1.190111400000000083e-02 4.379739999999999914e-04 1.000000000000000000e+00 1.217129999999999948e-02 1.247329999999999967e-02
1.950413222999999974e+00 1.162166300000000083e-02 4.348029999999999907e-04 1.000000000000000000e+00 1.197930000000000002e-02 1.227690000000000031e-02
1.951063361000000107e+00 1.128978100000000047e-02 4.306719999999999993e-04 1.000000000000000000e+00 1.173369999999999969e-02 1.202549999999999973e-02
1.951713714999999905e+00 1.092226500000000045e-02 4.256279999999999981e-04 1.000000000000000000e+00 1.143880000000000070e-02 1.172370000000000009e-02
1.952364286999999976e+00 1.054446499999999939e-02 4.198539999999999954e-04 1.000000000000000000e+00 1.110689999999999941e-02 1.138379999999999947e-02
1.953015074999999934e+00 1.018739800000000029e-02 4.136799999999999831e-04 1.000000000000000000e+00 1.075779999999999965e-02 1.102640000000000044e-02
1.953666080000000083e+00 9.883654000000000397e-03 4.075579999999999763e-04 1.000000000000000000e+00 1.041710000000000032e-02 1.067749999999999949e-02
1.954317301999999978e+00 9.662816899999999293e-03 4.020200000000000032e-04 1.000000000000000000e+00 1.011289999999999932e-02 1.036600000000000021e-02
1.954968741000000065e+00 9.547302000000000566e-03 3.976049999999999853e-04 1.000000000000000000e+00 9.872389999999999985e-03 1.011979999999999998e-02
1.955620396999999899e+00 9.549106400000000050e-03 3.947849999999999819e-04 1.000000000000000000e+00 9.718229999999999577e-03 9.962129999999999597e-03
1.956272271000000007e+00 9.667736999999999165e-03 3.938759999999999809e-04 1.000000000000000000e+00 9.665079999999999505e-03 9.908010000000000081e-03
1.956924361000000001e+00 9.889718599999999804e-03 3.949779999999999849e-04 1.000000000000000000e+00 9.717430000000000859e-03 9.962050000000000072e-03
1.957576669000000047e+00 1.018991099999999941e-02 3.979480000000000192e-04 1.000000000000000000e+00 9.868510000000000476e-03 1.011729999999999921e-02
1.958229194999999923e+00 1.053490500000000066e-02 4.024200000000000129e-04 1.000000000000000000e+00 1.010089999999999946e-02 1.035589999999999948e-02
1.958881937999999989e+00 1.088834800000000082e-02 4.078700000000000099e-04 1.000000000000000000e+00 1.038870000000000071e-02 1.065130000000000070e-02
1.959534899000000108e+00 1.121733599999999963e-02 4.137160000000000078e-04 1.000000000000000000e+00 1.070179999999999916e-02 1.097279999999999957e-02
1.960188076999999973e+00 1.149849300000000026e-02 4.194159999999999837e-04 1.000000000000000000e+00 1.101109999999999936e-02 1.129020000000000024e-02
1.960841472999999890e+00 1.172205400000000085e-02 4.245650000000000118e-04 1.000000000000000000e+00 1.129310000000000036e-02 1.157979999999999947e-02
1.961495087000000082e+00 1.189271000000000078e-02 4.289469999999999980e-04 1.000000000000000000e+00 1.153449999999999961e-02 1.182770000000000002e-02
1.962148919000000102e+00 1.202684199999999939e-02 4.325490000000000086e-04 1.000000000000000000e+00 1.173330000000000033e-02 1.203199999999999929e-02
1.962802968000000092e+00 1.214716199999999954e-02 4.355329999999999922e-04 1.000000000000000000e+00 1.189780000000000004e-02 1.220109999999999945e-02
1.963457235999999995e+00 1.227643800000000063e-02 4.381739999999999962e-04 1.000000000000000000e+00 1.204329999999999984e-02 1.235059999999999977e-02
1.964111721999999949e+00 1.243222499999999987e-02 4.407769999999999982e-04 1.000000000000000000e+00 1.218720000000000046e-02 1.249860000000000033e-02
1.964766425999999955e+00 1.262399300000000002e-02 4.436080000000000123e-04 1.000000000000000000e+00 1.234509999999999948e-02 1.266100000000000038e-02
1.965421348000000012e+00 1.285296600000000039e-02 4.468459999999999837e-04 1.000000000000000000e+00 1.252780000000000039e-02 1.284880000000000050e-02
1.966076487999999900e+00 1.311407600000000055e-02 4.505590000000000072e-04 1.000000000000000000e+00 1.273999999999999959e-02 1.306679999999999994e-02
1.966731846999999922e+00 1.339892900000000039e-02 4.547260000000000234e-04 1.000000000000000000e+00 1.298080000000000067e-02 1.331429999999999940e-02
1.967387423999999996e+00 1.369870200000000010e-02 4.592600000000000176e-04 1.000000000000000000e+00 1.324580000000000028e-02 1.358660000000000076e-02
1.968043219999999982e+00 1.400616399999999977e-02 4.640490000000000153e-04 1.000000000000000000e+00 1.352910000000000050e-02 1.387769999999999976e-02
1.968699234000000020e+00 1.431665900000000068e-02 4.689869999999999738e-04 1.000000000000000000e+00 1.382459999999999939e-02 1.418130000000000085e-02
1.969355468000000053e+00 1.462811800000000072e-02 4.739909999999999957e-04 1.000000000000000000e+00 1.412749999999999943e-02 1.449259999999999958e-02
1.970011919000000056e+00 1.494040399999999914e-02 4.790099999999999827e-04 1.000000000000000000e+00 1.443499999999999991e-02 1.480839999999999934e-02
1.970668590000000053e+00 1.525422199999999957e-02 4.840189999999999749e-04 1.000000000000000000e+00 1.474540000000000052e-02 1.512729999999999977e-02
1.971325479999999963e+00 1.556986399999999923e-02 4.890110000000000246e-04 1.000000000000000000e+00 1.505820000000000075e-02 1.544869999999999924e-02
1.971982587999999925e+00 1.588599499999999998e-02 4.939779999999999519e-04 1.000000000000000000e+00 1.537269999999999956e-02 1.577169999999999961e-02
1.972639916000000104e+00 1.619873999999999967e-02 4.989019999999999610e-04 1.000000000000000000e+00 1.568740000000000065e-02 1.609500000000000167e-02
1.973297461999999891e+00 1.650129800000000105e-02 5.037359999999999624e-04 1.000000000000000000e+00 1.599880000000000052e-02 1.641480000000000022e-02
1.973955227999999895e+00 1.678441599999999992e-02 5.084030000000000450e-04 1.000000000000000000e+00 1.630130000000000121e-02 1.672569999999999960e-02
1.974613213000000034e+00 1.703790900000000039e-02 5.127989999999999805e-04 1.000000000000000000e+00 1.658750000000000155e-02 1.701980000000000159e-02
1.975271417000000085e+00 1.725297900000000162e-02 5.168049999999999554e-04 1.000000000000000000e+00 1.684899999999999939e-02 1.728860000000000119e-02
1.975929840999999909e+00 1.742493300000000009e-02 5.203189999999999898e-04 1.000000000000000000e+00 1.707830000000000112e-02 1.752439999999999901e-02
1.976588484999999951e+00 1.755534099999999861e-02 5.232760000000000362e-04 1.000000000000000000e+00 1.727060000000000053e-02 1.772220000000000045e-02
1.977247347000000044e+00 1.765266999999999878e-02 5.256800000000000491e-04 1.000000000000000000e+00 1.742600000000000052e-02 1.788210000000000147e-02
1.977906429999999993e+00 1.773079899999999848e-02 5.276089999999999556e-04 1.000000000000000000e+00 1.754970000000000141e-02 1.800939999999999833e-02
1.978565732000000077e+00 1.780549000000000021e-02 5.292069999999999630e-04 1.000000000000000000e+00 1.765150000000000052e-02 1.811410000000000103e-02
1.979225253999999934e+00 1.788990199999999919e-02 5.306469999999999763e-04 1.000000000000000000e+00 1.774330000000000004e-02 1.820859999999999840e-02
1.979884996000000008e+00 1.799063299999999893e-02 5.320910000000000526e-04 1.000000000000000000e+00 1.783600000000000116e-02 1.830400000000000083e-02
1.980544956999999995e+00 1.810578399999999977e-02 5.336390000000000317e-04 1.000000000000000000e+00 1.793619999999999937e-02 1.840709999999999916e-02
1.981205139000000059e+00 1.822581100000000148e-02 5.353060000000000413e-04 1.000000000000000000e+00 1.804479999999999973e-02 1.851890000000000133e-02
1.981865540999999897e+00 1.833687499999999901e-02 5.370239999999999866e-04 1.000000000000000000e+00 1.815659999999999843e-02 1.863410000000000066e-02
1.982526162999999952e+00 1.842537600000000025e-02 5.386629999999999890e-04 1.000000000000000000e+00 1.826240000000000155e-02 1.874320000000000153e-02
1.983187005000000003e+00 1.848215400000000064e-02 5.400789999999999497e-04 1.000000000000000000e+00 1.835219999999999907e-02 1.883599999999999858e-02
1.983848067000000048e+00 1.850492600000000140e-02 5.411609999999999641e-04 1.000000000000000000e+00 1.841809999999999975e-02 1.890410000000000007e-02
1.984509349999999950e+00 1.849842800000000079e-02 5.418550000000000493e-04 1.000000000000000000e+00 1.845650000000000068e-02 1.894409999999999844e-02
1.985170853000000069e+00 1.847252500000000006e-02 5.421819999999999938e-04 1.000000000000000000e+00 1.846909999999999871e-02 1.895770000000000094e-02
1.985832575999999960e+00 1.843916500000000042e-02 5.422250000000000203e-04 1.000000000000000000e+00 1.846199999999999924e-02 1.895089999999999969e-02
1.986494521000000013e+00 1.840918299999999910e-02 5.421010000000000195e-04 1.000000000000000000e+00 1.844360000000000097e-02 1.893260000000000082e-02
1.987156684999999978e+00 1.838977099999999920e-02 5.419339999999999921e-04 1.000000000000000000e+00 1.842270000000000019e-02 1.891160000000000063e-02
1.987819071000000104e+00 1.838301000000000171e-02 5.418200000000000403e-04 1.000000000000000000e+00 1.840589999999999934e-02 1.889479999999999979e-02
1.988481677000000003e+00 1.838526700000000028e-02 5.418060000000000367e-04 1.000000000000000000e+00 1.839620000000000144e-02 1.888540000000000010e-02
1.989144505000000063e+00 1.838734200000000096e-02 5.418759999999999463e-04 1.000000000000000000e+00 1.839220000000000091e-02 1.888190000000000007e-02
1.989807552999999896e+00 1.837501199999999960e-02 5.419469999999999800e-04 1.000000000000000000e+00 1.838769999999999988e-02 1.887789999999999954e-02
1.990470822000000028e+00 1.833002099999999843e-02 5.418649999999999899e-04 1.000000000000000000e+00 1.837190000000000004e-02 1.886229999999999851e-02
1.991134312000000017e+00 1.823150899999999991e-02 5.414190000000000148e-04 1.000000000000000000e+00 1.832980000000000026e-02 1.881980000000000111e-02
1.991798023999999945e+00 1.805795600000000001e-02 5.403530000000000355e-04 1.000000000000000000e+00 1.824370000000000158e-02 1.873210000000000153e-02
1.992461956000000090e+00 1.778952599999999995e-02 5.383859999999999644e-04 1.000000000000000000e+00 1.809449999999999947e-02 1.857970000000000108e-02
1.993126109999999951e+00 1.741050099999999837e-02 5.352360000000000234e-04 1.000000000000000000e+00 1.786369999999999972e-02 1.834339999999999929e-02
1.993790485999999973e+00 1.691143399999999949e-02 5.306469999999999763e-04 1.000000000000000000e+00 1.753559999999999841e-02 1.800730000000000039e-02
1.994455081999999990e+00 1.629072300000000001e-02 5.244149999999999723e-04 1.000000000000000000e+00 1.709919999999999843e-02 1.755980000000000041e-02
1.995119901000000029e+00 1.555535700000000056e-02 5.164059999999999614e-04 1.000000000000000000e+00 1.654979999999999993e-02 1.699619999999999950e-02
1.995784940999999924e+00 1.472083899999999945e-02 5.065749999999999940e-04 1.000000000000000000e+00 1.589020000000000016e-02 1.631929999999999839e-02
1.996450201999999896e+00 1.381020399999999954e-02 4.949769999999999604e-04 1.000000000000000000e+00 1.513079999999999981e-02 1.553979999999999945e-02
1.997115685999999890e+00 1.285238300000000021e-02 4.817670000000000242e-04 1.000000000000000000e+00 1.428929999999999957e-02 1.467590000000000040e-02
1.997781390999999962e+00 1.187999999999999994e-02 4.672069999999999739e-04 1.000000000000000000e+00 1.338950000000000036e-02 1.375209999999999974e-02
1.998447317999999973e+00 1.092701400000000052e-02 4.516510000000000164e-04 1.000000000000000000e+00 1.245989999999999945e-02 1.279749999999999985e-02
1.999113466999999922e+00 1.002653400000000014e-02 4.355420000000000255e-04 1.000000000000000000e+00 1.153110000000000072e-02 1.184370000000000041e-02
1.999779838000000032e+00 9.209043599999999427e-03 4.193989999999999871e-04 1.000000000000000000e+00 1.063449999999999986e-02 1.092300000000000042e-02
2.000446431999999941e+00 8.501102099999999565e-03 4.037940000000000171e-04 1.000000000000000000e+00 9.800220000000000112e-03 1.006620000000000084e-02
2.001113247000000150e+00 7.924392800000000861e-03 3.893379999999999779e-04 1.000000000000000000e+00 9.055469999999999492e-03 9.301409999999999539e-03
2.001780285000000159e+00 7.494838000000000194e-03 3.766460000000000120e-04 1.000000000000000000e+00 8.423669999999999422e-03 8.652619999999999756e-03
2.002447544999999884e+00 7.221527000000000154e-03 3.662909999999999799e-04 1.000000000000000000e+00 7.923130000000000450e-03 8.138660000000000685e-03
2.003115027999999853e+00 7.105383600000000043e-03 3.587400000000000246e-04 1.000000000000000000e+00 7.565979999999999928e-03 7.771990000000000322e-03
2.003782732999999983e+00 7.137709499999999631e-03 3.542770000000000099e-04 1.000000000000000000e+00 7.356829999999999967e-03 7.557369999999999886e-03
2.004450659999999829e+00 7.299102400000000157e-03 3.529329999999999902e-04 1.000000000000000000e+00 7.291569999999999822e-03 7.490570000000000214e-03
2.005118809999999918e+00 7.559466199999999997e-03 3.544420000000000058e-04 1.000000000000000000e+00 7.356330000000000334e-03 7.557350000000000005e-03
2.005787182999999807e+00 7.879844199999999632e-03 3.582629999999999951e-04 1.000000000000000000e+00 7.527490000000000396e-03 7.733450000000000220e-03
2.006455778999999939e+00 8.216532699999999287e-03 3.636399999999999810e-04 1.000000000000000000e+00 7.772989999999999587e-03 7.985920000000000518e-03
2.007124597999999871e+00 8.527122399999999963e-03 3.697250000000000016e-04 1.000000000000000000e+00 8.055470000000000338e-03 8.276369999999999907e-03
2.007793638999999963e+00 8.777295299999999731e-03 3.757000000000000248e-04 1.000000000000000000e+00 8.336980000000000779e-03 8.565829999999999972e-03
2.008462903999999938e+00 8.946615300000000312e-03 3.808959999999999798e-04 1.000000000000000000e+00 8.584500000000000117e-03 8.820349999999999371e-03
2.009132391000000073e+00 9.031510600000000610e-03 3.848769999999999947e-04 1.000000000000000000e+00 8.774890000000000467e-03 9.016180000000000375e-03
2.009802102000000090e+00 9.044479899999999239e-03 3.874780000000000195e-04 1.000000000000000000e+00 8.898120000000000682e-03 9.143000000000000085e-03
2.010472035999999907e+00 9.009879199999999352e-03 3.887920000000000004e-04 1.000000000000000000e+00 8.957639999999999353e-03 9.204389999999999794e-03
2.011142194000000050e+00 8.957671400000000519e-03 3.891279999999999782e-04 1.000000000000000000e+00 8.968200000000000824e-03 9.215489999999999793e-03
2.011812573999999909e+00 8.917251299999999839e-03 3.889219999999999873e-04 1.000000000000000000e+00 8.951640000000000291e-03 9.198740000000000389e-03
2.012483178000000095e+00 8.912951400000000690e-03 3.886580000000000048e-04 1.000000000000000000e+00 8.932139999999999871e-03 9.179019999999999541e-03
2.013154006000000162e+00 8.962043499999999135e-03 3.887879999999999917e-04 1.000000000000000000e+00 8.932280000000000775e-03 9.179490000000000219e-03
2.013825058000000112e+00 9.074821000000000276e-03 3.896780000000000187e-04 1.000000000000000000e+00 8.970409999999999842e-03 9.219019999999999646e-03
2.014496332999999861e+00 9.255864200000000000e-03 3.915859999999999740e-04 1.000000000000000000e+00 9.059680000000000510e-03 9.311130000000000795e-03
2.015167830999999854e+00 9.505480599999999516e-03 3.946590000000000037e-04 1.000000000000000000e+00 9.208169999999999897e-03 9.464099999999999596e-03
2.015839553999999811e+00 9.820764200000000124e-03 3.989449999999999962e-04 1.000000000000000000e+00 9.419520000000000670e-03 9.681669999999999859e-03
2.016511500000000012e+00 1.019625199999999940e-02 4.044079999999999810e-04 1.000000000000000000e+00 9.693659999999999777e-03 9.963800000000000087e-03
2.017183671000000178e+00 1.062440499999999996e-02 4.109459999999999784e-04 1.000000000000000000e+00 1.002749999999999996e-02 1.030730000000000014e-02
2.017856065000000143e+00 1.109620099999999998e-02 4.184109999999999891e-04 1.000000000000000000e+00 1.041549999999999941e-02 1.070650000000000074e-02
2.018528684000000073e+00 1.160177800000000009e-02 4.266210000000000206e-04 1.000000000000000000e+00 1.085039999999999963e-02 1.115400000000000072e-02
2.019201526999999885e+00 1.213104500000000002e-02 4.353839999999999772e-04 1.000000000000000000e+00 1.132370000000000078e-02 1.164089999999999916e-02
2.019874594000000023e+00 1.267405400000000057e-02 4.445040000000000254e-04 1.000000000000000000e+00 1.182620000000000025e-02 1.215789999999999926e-02
2.020547886000000126e+00 1.322118199999999973e-02 4.537960000000000171e-04 1.000000000000000000e+00 1.234850000000000010e-02 1.269529999999999964e-02
2.021221402000000111e+00 1.376320699999999952e-02 4.630869999999999930e-04 1.000000000000000000e+00 1.288130000000000004e-02 1.324359999999999947e-02
2.021895141999999979e+00 1.429150799999999964e-02 4.722209999999999906e-04 1.000000000000000000e+00 1.341550000000000034e-02 1.379329999999999966e-02
2.022569106999999811e+00 1.479840800000000074e-02 4.810619999999999827e-04 1.000000000000000000e+00 1.394240000000000063e-02 1.433539999999999988e-02
2.023243297000000052e+00 1.527759899999999935e-02 4.894949999999999475e-04 1.000000000000000000e+00 1.445399999999999983e-02 1.486179999999999966e-02
2.023917711000000175e+00 1.572445999999999913e-02 4.974310000000000016e-04 1.000000000000000000e+00 1.494329999999999964e-02 1.536530000000000014e-02
2.024592350999999901e+00 1.613614699999999999e-02 5.048080000000000362e-04 1.000000000000000000e+00 1.540489999999999915e-02 1.584030000000000160e-02
2.025267214999999954e+00 1.651140300000000088e-02 5.115939999999999811e-04 1.000000000000000000e+00 1.583489999999999898e-02 1.628270000000000065e-02
2.025942303999999972e+00 1.685016199999999839e-02 5.177769999999999725e-04 1.000000000000000000e+00 1.623070000000000068e-02 1.669009999999999938e-02
2.026617617999999954e+00 1.715309500000000015e-02 5.233650000000000281e-04 1.000000000000000000e+00 1.659129999999999980e-02 1.706119999999999859e-02
2.027293156999999901e+00 1.742120999999999947e-02 5.283770000000000133e-04 1.000000000000000000e+00 1.691650000000000098e-02 1.739599999999999827e-02
2.027968921999999896e+00 1.765560299999999888e-02 5.328369999999999808e-04 1.000000000000000000e+00 1.720669999999999839e-02 1.769480000000000011e-02
2.028644911000000217e+00 1.785741799999999990e-02 5.367699999999999989e-04 1.000000000000000000e+00 1.746270000000000114e-02 1.795860000000000165e-02
2.029321126000000142e+00 1.802797199999999975e-02 5.402029999999999506e-04 1.000000000000000000e+00 1.768569999999999864e-02 1.818849999999999981e-02
2.029997566000000031e+00 1.816896299999999978e-02 5.431630000000000442e-04 1.000000000000000000e+00 1.787700000000000053e-02 1.838570000000000135e-02
2.030674231999999968e+00 1.828262699999999921e-02 5.456760000000000386e-04 1.000000000000000000e+00 1.803810000000000136e-02 1.855199999999999905e-02
2.031351123999999952e+00 1.837170499999999859e-02 5.477760000000000355e-04 1.000000000000000000e+00 1.817130000000000134e-02 1.868960000000000066e-02
2.032028240999999902e+00 1.843920900000000154e-02 5.495009999999999825e-04 1.000000000000000000e+00 1.827880000000000130e-02 1.880070000000000005e-02
2.032705583999999899e+00 1.848802800000000010e-02 5.508899999999999518e-04 1.000000000000000000e+00 1.836329999999999907e-02 1.888830000000000023e-02
2.033383151999999860e+00 1.852054699999999832e-02 5.519820000000000152e-04 1.000000000000000000e+00 1.842749999999999944e-02 1.895490000000000022e-02
2.034060945999999870e+00 1.853843200000000052e-02 5.528109999999999491e-04 1.000000000000000000e+00 1.847359999999999974e-02 1.900289999999999965e-02
2.034738967000000009e+00 1.854271299999999886e-02 5.534049999999999777e-04 1.000000000000000000e+00 1.850359999999999852e-02 1.903430000000000052e-02
2.035417213000000114e+00 1.853409899999999833e-02 5.537829999999999663e-04 1.000000000000000000e+00 1.851879999999999846e-02 1.905050000000000146e-02
2.036095685999999905e+00 1.851347700000000041e-02 5.539609999999999500e-04 1.000000000000000000e+00 1.852020000000000055e-02 1.905259999999999940e-02
2.036774384000000104e+00 1.848232299999999842e-02 5.539539999999999482e-04 1.000000000000000000e+00 1.850919999999999996e-02 1.904180000000000109e-02
2.037453308999999990e+00 1.844288499999999914e-02 5.537829999999999663e-04 1.000000000000000000e+00 1.848699999999999996e-02 1.901950000000000168e-02
2.038132459999999924e+00 1.839801199999999831e-02 5.534760000000000114e-04 1.000000000000000000e+00 1.845569999999999850e-02 1.898779999999999912e-02
2.038811836999999905e+00 1.835063199999999867e-02 5.530679999999999841e-04 1.000000000000000000e+00 1.841749999999999984e-02 1.894909999999999997e-02
2.039491441000000016e+00 1.830294299999999860e-02 5.525960000000000334e-04 1.000000000000000000e+00 1.837499999999999897e-02 1.890589999999999979e-02
2.040171271999999814e+00 1.825552800000000003e-02 5.520920000000000124e-04 1.000000000000000000e+00 1.833009999999999848e-02 1.886029999999999998e-02
2.040851329000000103e+00 1.820660199999999881e-02 5.515659999999999704e-04 1.000000000000000000e+00 1.828360000000000055e-02 1.881309999999999927e-02
2.041531613000000078e+00 1.815154899999999946e-02 5.510060000000000435e-04 1.000000000000000000e+00 1.823450000000000071e-02 1.876320000000000071e-02
2.042212123000000101e+00 1.808296100000000156e-02 5.503630000000000024e-04 1.000000000000000000e+00 1.817950000000000121e-02 1.870729999999999962e-02
2.042892860999999893e+00 1.799125700000000008e-02 5.495530000000000423e-04 1.000000000000000000e+00 1.811290000000000122e-02 1.863940000000000041e-02
2.043573825000000177e+00 1.786589800000000158e-02 5.484599999999999632e-04 1.000000000000000000e+00 1.802669999999999967e-02 1.855149999999999855e-02
2.044255016000000147e+00 1.769707800000000150e-02 5.469500000000000403e-04 1.000000000000000000e+00 1.791219999999999965e-02 1.843430000000000069e-02
2.044936434999999886e+00 1.747760400000000075e-02 5.448910000000000385e-04 1.000000000000000000e+00 1.776060000000000139e-02 1.827880000000000130e-02
2.045618080000000116e+00 1.720457599999999920e-02 5.421700000000000217e-04 1.000000000000000000e+00 1.756490000000000135e-02 1.807790000000000091e-02
2.046299953000000116e+00 1.688043900000000055e-02 5.387169999999999719e-04 1.000000000000000000e+00 1.732109999999999900e-02 1.782759999999999900e-02
2.046982052999999802e+00 1.651311499999999835e-02 5.345210000000000412e-04 1.000000000000000000e+00 1.702980000000000119e-02 1.752820000000000072e-02
2.047664380000000062e+00 1.611520799999999892e-02 5.296380000000000272e-04 1.000000000000000000e+00 1.669599999999999904e-02 1.718499999999999889e-02
2.048346935000000091e+00 1.570247400000000099e-02 5.241889999999999918e-04 1.000000000000000000e+00 1.632880000000000095e-02 1.680749999999999952e-02
2.049029716999999806e+00 1.529198900000000062e-02 5.183520000000000271e-04 1.000000000000000000e+00 1.594090000000000090e-02 1.640859999999999888e-02
2.049712727000000179e+00 1.490049400000000024e-02 5.123429999999999564e-04 1.000000000000000000e+00 1.554690000000000065e-02 1.600350000000000036e-02
2.050395964999999876e+00 1.454326199999999951e-02 5.063990000000000418e-04 1.000000000000000000e+00 1.516200000000000013e-02 1.560770000000000039e-02
2.051079430000000148e+00 1.423363100000000006e-02 5.007619999999999736e-04 1.000000000000000000e+00 1.480099999999999992e-02 1.523640000000000064e-02
2.051763123000000189e+00 1.398303700000000024e-02 4.956659999999999669e-04 1.000000000000000000e+00 1.447730000000000024e-02 1.490370000000000063e-02
2.052447043999999998e+00 1.380119100000000085e-02 4.913339999999999548e-04 1.000000000000000000e+00 1.420330000000000030e-02 1.462210000000000072e-02
2.053131193000000021e+00 1.369590700000000022e-02 4.879630000000000035e-04 1.000000000000000000e+00 1.398959999999999960e-02 1.440259999999999978e-02
2.053815569999999813e+00 1.367221799999999987e-02 4.857239999999999865e-04 1.000000000000000000e+00 1.384480000000000086e-02 1.425410000000000045e-02
2.054500174999999818e+00 1.373073999999999996e-02 4.847340000000000112e-04 1.000000000000000000e+00 1.377510000000000019e-02 1.418299999999999943e-02
2.055185009000000118e+00 1.386570999999999984e-02 4.850400000000000046e-04 1.000000000000000000e+00 1.378260000000000075e-02 1.419149999999999925e-02
2.055870070000000105e+00 1.406350900000000008e-02 4.865819999999999976e-04 1.000000000000000000e+00 1.386420000000000013e-02 1.427619999999999931e-02
2.056555361000000026e+00 1.430260499999999949e-02 4.891830000000000223e-04 1.000000000000000000e+00 1.400999999999999988e-02 1.442700000000000059e-02
2.057240879000000078e+00 1.455553499999999965e-02 4.925459999999999561e-04 1.000000000000000000e+00 1.420319999999999916e-02 1.462660000000000002e-02
2.057926625999999981e+00 1.479287200000000031e-02 4.962890000000000183e-04 1.000000000000000000e+00 1.442150000000000029e-02 1.485200000000000062e-02
2.058612601000000097e+00 1.498836299999999934e-02 4.999930000000000086e-04 1.000000000000000000e+00 1.463970000000000028e-02 1.507730000000000008e-02
2.059298806000000148e+00 1.512382900000000009e-02 5.032730000000000450e-04 1.000000000000000000e+00 1.483409999999999937e-02 1.527799999999999991e-02
2.059985238999999968e+00 1.519238499999999922e-02 5.058410000000000380e-04 1.000000000000000000e+00 1.498569999999999937e-02 1.543459999999999971e-02
2.060671900000000001e+00 1.519898899999999956e-02 5.075420000000000409e-04 1.000000000000000000e+00 1.508420000000000073e-02 1.553640000000000056e-02
2.061358790999999968e+00 1.515822200000000071e-02 5.083730000000000063e-04 1.000000000000000000e+00 1.512840000000000018e-02 1.558239999999999972e-02
2.062045910999999787e+00 1.509008000000000051e-02 5.084640000000000297e-04 1.000000000000000000e+00 1.512619999999999937e-02 1.558050000000000060e-02
2.062733258999999819e+00 1.501517100000000077e-02 5.080389999999999516e-04 1.000000000000000000e+00 1.509100000000000025e-02 1.554479999999999924e-02
2.063420836999999786e+00 1.495074799999999982e-02 5.073560000000000396e-04 1.000000000000000000e+00 1.503920000000000083e-02 1.549189999999999942e-02
2.064108644000000048e+00 1.490856699999999931e-02 5.066639999999999859e-04 1.000000000000000000e+00 1.498629999999999927e-02 1.543800000000000033e-02
2.064796680000000162e+00 1.489476200000000063e-02 5.061609999999999807e-04 1.000000000000000000e+00 1.494460000000000059e-02 1.539570000000000001e-02
2.065484946000000210e+00 1.491124700000000074e-02 5.059819999999999813e-04 1.000000000000000000e+00 1.492279999999999995e-02 1.537389999999999937e-02
2.066173441000000111e+00 1.495770100000000033e-02 5.062029999999999915e-04 1.000000000000000000e+00 1.492570000000000008e-02 1.537759999999999995e-02
2.066862164999999862e+00 1.503325200000000042e-02 5.068580000000000047e-04 1.000000000000000000e+00 1.495570000000000059e-02 1.540919999999999963e-02
2.067551118999999993e+00 1.513725599999999998e-02 5.079579999999999772e-04 1.000000000000000000e+00 1.501369999999999962e-02 1.546950000000000061e-02
2.068240303000000058e+00 1.526914799999999975e-02 5.095009999999999860e-04 1.000000000000000000e+00 1.509970000000000062e-02 1.555890000000000051e-02
2.068929715999999974e+00 1.542770000000000079e-02 5.114790000000000135e-04 1.000000000000000000e+00 1.521349999999999959e-02 1.567680000000000115e-02
2.069619359999999908e+00 1.561024700000000071e-02 5.138690000000000228e-04 1.000000000000000000e+00 1.535399999999999959e-02 1.582209999999999867e-02
2.070309233000000138e+00 1.581237799999999846e-02 5.166310000000000346e-04 1.000000000000000000e+00 1.551879999999999926e-02 1.599259999999999918e-02
2.070999335999999857e+00 1.602831000000000047e-02 5.197049999999999717e-04 1.000000000000000000e+00 1.570430000000000090e-02 1.618429999999999869e-02
2.071689668999999956e+00 1.625183399999999972e-02 5.230130000000000152e-04 1.000000000000000000e+00 1.590580000000000119e-02 1.639250000000000082e-02
2.072380231999999989e+00 1.647744500000000029e-02 5.264710000000000353e-04 1.000000000000000000e+00 1.611790000000000098e-02 1.661160000000000067e-02
2.073071026000000039e+00 1.670117800000000055e-02 5.300009999999999964e-04 1.000000000000000000e+00 1.633559999999999873e-02 1.683650000000000077e-02
2.073762048999999941e+00 1.692079299999999994e-02 5.335389999999999751e-04 1.000000000000000000e+00 1.655480000000000146e-02 1.706310000000000118e-02
2.074453302999999860e+00 1.713521999999999962e-02 5.370429999999999605e-04 1.000000000000000000e+00 1.677270000000000150e-02 1.728820000000000009e-02
2.075144787999999796e+00 1.734351500000000032e-02 5.404830000000000224e-04 1.000000000000000000e+00 1.698730000000000032e-02 1.751010000000000066e-02
2.075836503000000111e+00 1.754378200000000082e-02 5.438329999999999683e-04 1.000000000000000000e+00 1.719700000000000048e-02 1.772690000000000030e-02
2.076528447999999916e+00 1.773253199999999877e-02 5.470629999999999764e-04 1.000000000000000000e+00 1.739960000000000118e-02 1.793660000000000046e-02
2.077220624000000182e+00 1.790480300000000038e-02 5.501240000000000340e-04 1.000000000000000000e+00 1.759219999999999881e-02 1.813580000000000053e-02
2.077913031000000021e+00 1.805500800000000086e-02 5.529569999999999711e-04 1.000000000000000000e+00 1.777050000000000157e-02 1.832030000000000117e-02
2.078605668999999878e+00 1.817825400000000133e-02 5.554919999999999866e-04 1.000000000000000000e+00 1.792969999999999980e-02 1.848520000000000024e-02
2.079298537000000113e+00 1.827167600000000058e-02 5.576700000000000190e-04 1.000000000000000000e+00 1.806539999999999882e-02 1.862580000000000138e-02
2.079991637000000004e+00 1.833535899999999899e-02 5.594489999999999489e-04 1.000000000000000000e+00 1.817459999999999909e-02 1.873920000000000100e-02
2.080684966999999830e+00 1.837261100000000050e-02 5.608230000000000073e-04 1.000000000000000000e+00 1.825629999999999961e-02 1.882429999999999867e-02
2.081378529000000199e+00 1.838948500000000055e-02 5.618210000000000001e-04 1.000000000000000000e+00 1.831249999999999892e-02 1.888309999999999989e-02
2.082072322000000142e+00 1.839374400000000007e-02 5.625060000000000520e-04 1.000000000000000000e+00 1.834730000000000041e-02 1.891980000000000051e-02
2.082766346000000102e+00 1.839351800000000106e-02 5.629670000000000464e-04 1.000000000000000000e+00 1.836679999999999910e-02 1.894070000000000129e-02
2.083460601000000079e+00 1.839598400000000064e-02 5.633030000000000242e-04 1.000000000000000000e+00 1.837760000000000088e-02 1.895269999999999941e-02
2.084155088000000156e+00 1.840635800000000113e-02 5.636089999999999633e-04 1.000000000000000000e+00 1.838650000000000007e-02 1.896259999999999959e-02
2.084849806999999888e+00 1.842736199999999921e-02 5.639619999999999920e-04 1.000000000000000000e+00 1.839850000000000166e-02 1.897580000000000100e-02
2.085544757000000082e+00 1.845925099999999944e-02 5.644149999999999688e-04 1.000000000000000000e+00 1.841730000000000103e-02 1.899599999999999900e-02
2.086239937999999849e+00 1.850028899999999962e-02 5.649879999999999920e-04 1.000000000000000000e+00 1.844430000000000028e-02 1.902459999999999915e-02
2.086935351999999799e+00 1.854752900000000010e-02 5.656809999999999530e-04 1.000000000000000000e+00 1.847920000000000118e-02 1.906129999999999977e-02
2.087630997000000210e+00 1.859767699999999996e-02 5.664679999999999846e-04 1.000000000000000000e+00 1.852029999999999996e-02 1.910449999999999995e-02
2.088326873999999833e+00 1.864783299999999908e-02 5.673180000000000323e-04 1.000000000000000000e+00 1.856539999999999926e-02 1.915199999999999889e-02
2.089022983000000000e+00 1.869597200000000167e-02 5.681959999999999789e-04 1.000000000000000000e+00 1.861219999999999888e-02 1.920120000000000160e-02
2.089719323999999823e+00 1.874110199999999907e-02 5.690720000000000023e-04 1.000000000000000000e+00 1.865879999999999969e-02 1.925030000000000144e-02
2.090415897000000189e+00 1.878311499999999953e-02 5.699260000000000046e-04 1.000000000000000000e+00 1.870410000000000128e-02 1.929799999999999918e-02
2.091112702000000212e+00 1.882241800000000048e-02 5.707470000000000295e-04 1.000000000000000000e+00 1.874740000000000087e-02 1.934359999999999899e-02
2.091809739999999973e+00 1.885948200000000033e-02 5.715310000000000138e-04 1.000000000000000000e+00 1.878869999999999846e-02 1.938710000000000086e-02
2.092507009000000195e+00 1.889445699999999992e-02 5.722770000000000504e-04 1.000000000000000000e+00 1.882790000000000158e-02 1.942839999999999845e-02
2.093204511999999795e+00 1.892696899999999835e-02 5.729860000000000465e-04 1.000000000000000000e+00 1.886480000000000101e-02 1.946729999999999988e-02
2.093902246999999939e+00 1.895617499999999872e-02 5.736530000000000318e-04 1.000000000000000000e+00 1.889909999999999854e-02 1.950350000000000000e-02
2.094600214000000182e+00 1.898105500000000015e-02 5.742720000000000203e-04 1.000000000000000000e+00 1.893009999999999832e-02 1.953620000000000009e-02
2.095298414000000164e+00 1.900082599999999844e-02 5.748339999999999787e-04 1.000000000000000000e+00 1.895679999999999935e-02 1.956460000000000143e-02
2.095996846999999885e+00 1.901533099999999990e-02 5.753320000000000135e-04 1.000000000000000000e+00 1.897880000000000053e-02 1.958820000000000006e-02
2.096695512999999789e+00 1.902525099999999997e-02 5.757660000000000165e-04 1.000000000000000000e+00 1.899589999999999959e-02 1.960680000000000062e-02
2.097394410999999792e+00 1.903204799999999933e-02 5.761429999999999893e-04 1.000000000000000000e+00 1.900869999999999990e-02 1.962099999999999955e-02
2.098093543000000061e+00 1.903765500000000055e-02 5.764760000000000283e-04 1.000000000000000000e+00 1.901819999999999899e-02 1.963180000000000133e-02
2.098792906999999985e+00 1.904401000000000010e-02 5.767850000000000147e-04 1.000000000000000000e+00 1.902600000000000124e-02 1.964099999999999874e-02
2.099492505000000175e+00 1.905257299999999973e-02 5.770919999999999696e-04 1.000000000000000000e+00 1.903370000000000062e-02 1.965000000000000080e-02
2.100192336000000104e+00 1.906397699999999931e-02 5.774130000000000365e-04 1.000000000000000000e+00 1.904269999999999921e-02 1.966040000000000149e-02
2.100892400000000215e+00 1.907791299999999843e-02 5.777580000000000476e-04 1.000000000000000000e+00 1.905379999999999921e-02 1.967270000000000130e-02
2.101592697000000065e+00 1.909324600000000122e-02 5.781259999999999871e-04 1.000000000000000000e+00 1.906679999999999833e-02 1.968709999999999904e-02
2.102293228000000180e+00 1.910833600000000007e-02 5.785080000000000387e-04 1.000000000000000000e+00 1.908110000000000014e-02 1.970270000000000007e-02
2.102993992000000034e+00 1.912144899999999870e-02 5.788889999999999661e-04 1.000000000000000000e+00 1.909560000000000077e-02 1.971849999999999992e-02
2.103694990000000153e+00 1.913116399999999911e-02 5.792479999999999808e-04 1.000000000000000000e+00 1.910869999999999930e-02 1.973290000000000113e-02
2.104396222000000094e+00 1.913664799999999916e-02 5.795709999999999707e-04 1.000000000000000000e+00 1.911940000000000167e-02 1.974460000000000104e-02
2.105097687000000217e+00 1.913779599999999859e-02 5.798440000000000408e-04 1.000000000000000000e+00 1.912650000000000114e-02 1.975280000000000091e-02
2.105799386999999800e+00 1.913517099999999943e-02 5.800650000000000511e-04 1.000000000000000000e+00 1.912989999999999829e-02 1.975709999999999966e-02
2.106501320000000010e+00 1.912984200000000107e-02 5.802379999999999561e-04 1.000000000000000000e+00 1.912960000000000008e-02 1.975769999999999957e-02
2.107203487000000042e+00 1.912314400000000164e-02 5.803730000000000217e-04 1.000000000000000000e+00 1.912629999999999886e-02 1.975520000000000054e-02
2.107905887999999894e+00 1.911642100000000150e-02 5.804869999999999735e-04 1.000000000000000000e+00 1.912109999999999851e-02 1.975089999999999832e-02
2.108608523000000012e+00 1.911081800000000164e-02 5.805959999999999550e-04 1.000000000000000000e+00 1.911500000000000005e-02 1.974570000000000145e-02
2.109311393000000034e+00 1.910710499999999923e-02 5.807160000000000013e-04 1.000000000000000000e+00 1.910919999999999980e-02 1.974089999999999873e-02
2.110014496999999878e+00 1.910558600000000079e-02 5.808599999999999918e-04 1.000000000000000000e+00 1.910459999999999936e-02 1.973729999999999929e-02
2.110717834999999987e+00 1.910606700000000088e-02 5.810330000000000052e-04 1.000000000000000000e+00 1.910169999999999924e-02 1.973559999999999898e-02
2.111421406999999917e+00 1.910792000000000046e-02 5.812340000000000258e-04 1.000000000000000000e+00 1.910059999999999883e-02 1.973569999999999838e-02
2.112125214999999834e+00 1.911023400000000025e-02 5.814569999999999591e-04 1.000000000000000000e+00 1.910109999999999933e-02 1.973760000000000098e-02
2.112829255999999933e+00 1.911204400000000164e-02 5.816890000000000342e-04 1.000000000000000000e+00 1.910260000000000083e-02 1.974040000000000170e-02
2.113533533000000020e+00 1.911258299999999896e-02 5.819170000000000462e-04 1.000000000000000000e+00 1.910440000000000055e-02 1.974350000000000063e-02
2.114238043999999928e+00 1.911151700000000148e-02 5.821280000000000074e-04 1.000000000000000000e+00 1.910579999999999917e-02 1.974599999999999966e-02
2.114942790000000183e+00 1.910904899999999948e-02 5.823160000000000402e-04 1.000000000000000000e+00 1.910620000000000027e-02 1.974739999999999829e-02
2.115647770999999899e+00 1.910589500000000121e-02 5.824790000000000046e-04 1.000000000000000000e+00 1.910550000000000095e-02 1.974769999999999998e-02
2.116352986999999963e+00 1.910308299999999987e-02 5.826250000000000265e-04 1.000000000000000000e+00 1.910399999999999945e-02 1.974690000000000126e-02
2.117058437999999931e+00 1.910166099999999895e-02 5.827669999999999855e-04 1.000000000000000000e+00 1.910219999999999974e-02 1.974590000000000026e-02
2.117764123999999804e+00 1.910238200000000108e-02 5.829189999999999936e-04 1.000000000000000000e+00 1.910099999999999992e-02 1.974539999999999976e-02
2.118470045000000024e+00 1.910547099999999887e-02 5.830940000000000385e-04 1.000000000000000000e+00 1.910080000000000111e-02 1.974609999999999907e-02
2.119176201999999787e+00 1.911057199999999928e-02 5.833010000000000451e-04 1.000000000000000000e+00 1.910219999999999974e-02 1.974849999999999869e-02
2.119882593999999898e+00 1.911685899999999994e-02 5.835379999999999821e-04 1.000000000000000000e+00 1.910529999999999867e-02 1.975259999999999863e-02
2.120589221999999996e+00 1.912329800000000038e-02 5.837989999999999716e-04 1.000000000000000000e+00 1.910960000000000089e-02 1.975810000000000066e-02
2.121296084999999998e+00 1.912896099999999988e-02 5.840739999999999647e-04 1.000000000000000000e+00 1.911449999999999955e-02 1.976440000000000141e-02
2.122003182999999904e+00 1.913327800000000009e-02 5.843480000000000505e-04 1.000000000000000000e+00 1.911950000000000108e-02 1.977069999999999869e-02
2.122710517999999880e+00 1.913617700000000074e-02 5.846119999999999789e-04 1.000000000000000000e+00 1.912410000000000151e-02 1.977649999999999894e-02
2.123418088000000203e+00 1.913806900000000061e-02 5.848599999999999806e-04 1.000000000000000000e+00 1.912789999999999976e-02 1.978150000000000047e-02
2.124125894000000070e+00 1.913970699999999886e-02 5.850919999999999472e-04 1.000000000000000000e+00 1.913110000000000158e-02 1.978579999999999922e-02
2.124833935999999923e+00 1.914196900000000173e-02 5.853139999999999732e-04 1.000000000000000000e+00 1.913400000000000170e-02 1.978979999999999975e-02
2.125542214000000207e+00 1.914561799999999966e-02 5.855349999999999834e-04 1.000000000000000000e+00 1.913710000000000064e-02 1.979399999999999910e-02
2.126250728000000034e+00 1.915110199999999971e-02 5.857669999999999500e-04 1.000000000000000000e+00 1.914089999999999889e-02 1.979890000000000122e-02
2.126959477999999848e+00 1.915841899999999945e-02 5.860159999999999675e-04 1.000000000000000000e+00 1.914580000000000101e-02 1.980499999999999969e-02
2.127668465000000175e+00 1.916709899999999994e-02 5.862890000000000375e-04 1.000000000000000000e+00 1.915180000000000007e-02 1.981240000000000084e-02
2.128377688000000045e+00 1.917628700000000019e-02 5.865840000000000203e-04 1.000000000000000000e+00 1.915870000000000073e-02 1.982079999999999953e-02
2.129087146999999902e+00 1.918493900000000155e-02 5.868950000000000382e-04 1.000000000000000000e+00 1.916609999999999842e-02 1.982980000000000159e-02
2.129796842000000190e+00 1.919206299999999879e-02 5.872110000000000263e-04 1.000000000000000000e+00 1.917330000000000076e-02 1.983860000000000137e-02
2.130506775000000186e+00 1.919694300000000103e-02 5.875220000000000442e-04 1.000000000000000000e+00 1.917960000000000151e-02 1.984659999999999896e-02
2.131216944000000169e+00 1.919928900000000133e-02 5.878160000000000112e-04 1.000000000000000000e+00 1.918450000000000016e-02 1.985320000000000140e-02
2.131927349000000138e+00 1.919927199999999987e-02 5.880840000000000026e-04 1.000000000000000000e+00 1.918769999999999851e-02 1.985800000000000065e-02
2.132637991999999816e+00 1.919744500000000048e-02 5.883239999999999867e-04 1.000000000000000000e+00 1.918920000000000001e-02 1.986090000000000078e-02
2.133348870999999924e+00 1.919458900000000148e-02 5.885349999999999479e-04 1.000000000000000000e+00 1.918939999999999882e-02 1.986239999999999881e-02
2.134059987000000103e+00 1.919152199999999905e-02 5.887229999999999807e-04 1.000000000000000000e+00 1.918860000000000010e-02 1.986279999999999990e-02
2.134771340999999989e+00 1.918892000000000167e-02 5.888929999999999469e-04 1.000000000000000000e+00 1.918749999999999969e-02 1.986270000000000049e-02
2.135482930999999862e+00 1.918719099999999927e-02 5.890539999999999882e-04 1.000000000000000000e+00 1.918649999999999869e-02 1.986260000000000109e-02
2.136194758999999888e+00 1.918640400000000065e-02 5.892109999999999665e-04 1.000000000000000000e+00 1.918589999999999879e-02 1.986279999999999990e-02
2.136906823999999983e+00 1.918629900000000041e-02 5.893689999999999606e-04 1.000000000000000000e+00 1.918560000000000057e-02 1.986330000000000040e-02
2.137619126000000147e+00 1.918635900000000005e-02 5.895269999999999547e-04 1.000000000000000000e+00 1.918560000000000057e-02 1.986399999999999971e-02
2.138331666000000020e+00 1.918592900000000087e-02 5.896859999999999645e-04 1.000000000000000000e+00 1.918529999999999888e-02 1.986459999999999962e-02
2.139044442999999962e+00 1.918434700000000090e-02 5.898420000000000355e-04 1.000000000000000000e+00 1.918430000000000135e-02 1.986450000000000021e-02
2.139757458000000057e+00 1.918105999999999978e-02 5.899909999999999963e-04 1.000000000000000000e+00 1.918200000000000113e-02 1.986320000000000099e-02
2.140470710000000221e+00 1.917570000000000038e-02 5.901310000000000323e-04 1.000000000000000000e+00 1.917790000000000120e-02 1.986030000000000087e-02
2.141184200000000093e+00 1.916809699999999853e-02 5.902589999999999877e-04 1.000000000000000000e+00 1.917200000000000154e-02 1.985560000000000103e-02
2.141897929000000200e+00 1.915825800000000093e-02 5.903700000000000007e-04 1.000000000000000000e+00 1.916419999999999929e-02 1.984910000000000146e-02
2.142611894999999933e+00 1.914630499999999888e-02 5.904629999999999471e-04 1.000000000000000000e+00 1.915460000000000079e-02 1.984090000000000159e-02
2.143326098999999818e+00 1.913241900000000120e-02 5.905329999999999651e-04 1.000000000000000000e+00 1.914350000000000079e-02 1.983110000000000081e-02
2.144040540999999855e+00 1.911679700000000134e-02 5.905759999999999916e-04 1.000000000000000000e+00 1.913120000000000098e-02 1.981979999999999853e-02
2.144755221000000045e+00 1.909964800000000032e-02 5.905889999999999794e-04 1.000000000000000000e+00 1.911780000000000077e-02 1.980720000000000050e-02
2.145470138999999943e+00 1.908122300000000132e-02 5.905669999999999583e-04 1.000000000000000000e+00 1.910339999999999955e-02 1.979329999999999978e-02
2.146185296000000076e+00 1.906187200000000054e-02 5.905100000000000366e-04 1.000000000000000000e+00 1.908790000000000139e-02 1.977809999999999985e-02
2.146900690999999917e+00 1.904210699999999909e-02 5.904210000000000447e-04 1.000000000000000000e+00 1.907139999999999877e-02 1.976150000000000129e-02
2.147616323999999910e+00 1.902265100000000153e-02 5.903080000000000003e-04 1.000000000000000000e+00 1.905410000000000090e-02 1.974400000000000113e-02
2.148332197000000221e+00 1.900442600000000135e-02 5.901819999999999679e-04 1.000000000000000000e+00 1.903629999999999906e-02 1.972600000000000048e-02
2.149048307000000158e+00 1.898847500000000119e-02 5.900610000000000143e-04 1.000000000000000000e+00 1.901879999999999890e-02 1.970819999999999864e-02
2.149764656999999968e+00 1.897581200000000162e-02 5.899619999999999734e-04 1.000000000000000000e+00 1.900229999999999975e-02 1.969160000000000008e-02
2.150481244999999930e+00 1.896719700000000161e-02 5.899059999999999590e-04 1.000000000000000000e+00 1.898800000000000140e-02 1.967740000000000114e-02
2.151198072000000128e+00 1.896292999999999937e-02 5.899050000000000517e-04 1.000000000000000000e+00 1.897669999999999912e-02 1.966649999999999995e-02
2.151915138000000116e+00 1.896269700000000058e-02 5.899689999999999752e-04 1.000000000000000000e+00 1.896899999999999975e-02 1.965940000000000049e-02
2.152632442999999896e+00 1.896553000000000128e-02 5.900979999999999464e-04 1.000000000000000000e+00 1.896489999999999981e-02 1.965630000000000155e-02
2.153349986999999910e+00 1.896991899999999828e-02 5.902820000000000246e-04 1.000000000000000000e+00 1.896389999999999881e-02 1.965650000000000036e-02
2.154067770999999798e+00 1.897404000000000104e-02 5.905030000000000348e-04 1.000000000000000000e+00 1.896499999999999922e-02 1.965889999999999999e-02
2.154785792999999838e+00 1.897607100000000060e-02 5.907399999999999717e-04 1.000000000000000000e+00 1.896679999999999894e-02 1.966209999999999833e-02
2.155504055000000196e+00 1.897450900000000051e-02 5.909679999999999838e-04 1.000000000000000000e+00 1.896770000000000053e-02 1.966450000000000142e-02
2.156222555999999901e+00 1.896844199999999855e-02 5.911630000000000183e-04 1.000000000000000000e+00 1.896640000000000131e-02 1.966460000000000083e-02
2.156941296999999924e+00 1.895771900000000135e-02 5.913099999999999476e-04 1.000000000000000000e+00 1.896190000000000028e-02 1.966139999999999902e-02
2.157660277999999821e+00 1.894298100000000110e-02 5.914009999999999710e-04 1.000000000000000000e+00 1.895370000000000041e-02 1.965439999999999895e-02
2.158379497999999952e+00 1.892555900000000152e-02 5.914369999999999957e-04 1.000000000000000000e+00 1.894200000000000050e-02 1.964379999999999946e-02
2.159098957999999957e+00 1.890724499999999961e-02 5.914289999999999782e-04 1.000000000000000000e+00 1.892759999999999929e-02 1.963029999999999983e-02
2.159818657000000197e+00 1.888996999999999898e-02 5.913960000000000007e-04 1.000000000000000000e+00 1.891189999999999885e-02 1.961540000000000158e-02
2.160538596999999950e+00 1.887545200000000090e-02 5.913599999999999760e-04 1.000000000000000000e+00 1.889630000000000129e-02 1.960049999999999987e-02
2.161258775999999937e+00 1.886489300000000063e-02 5.913449999999999566e-04 1.000000000000000000e+00 1.888230000000000117e-02 1.958719999999999906e-02
2.161979195999999881e+00 1.885878800000000133e-02 5.913679999999999935e-04 1.000000000000000000e+00 1.887089999999999948e-02 1.957669999999999896e-02
2.162699856000000143e+00 1.885692200000000165e-02 5.914409999999999503e-04 1.000000000000000000e+00 1.886300000000000129e-02 1.956969999999999890e-02
2.163420755999999834e+00 1.885852299999999857e-02 5.915679999999999984e-04 1.000000000000000000e+00 1.885869999999999908e-02 1.956640000000000115e-02
2.164141895999999843e+00 1.886253800000000161e-02 5.917439999999999506e-04 1.000000000000000000e+00 1.885759999999999867e-02 1.956640000000000115e-02
2.164863276999999808e+00 1.886792600000000014e-02 5.919589999999999748e-04 1.000000000000000000e+00 1.885919999999999958e-02 1.956919999999999840e-02
2.165584898000000091e+00 1.887384300000000126e-02 5.922030000000000219e-04 1.000000000000000000e+00 1.886260000000000020e-02 1.957390000000000171e-02
2.166306758999999804e+00 1.887969700000000084e-02 5.924629999999999957e-04 1.000000000000000000e+00 1.886720000000000064e-02 1.957980000000000137e-02
2.167028862000000000e+00 1.888507500000000117e-02 5.927299999999999713e-04 1.000000000000000000e+00 1.887240000000000098e-02 1.958620000000000153e-02
2.167751205000000070e+00 1.888963600000000131e-02 5.929950000000000238e-04 1.000000000000000000e+00 1.887760000000000132e-02 1.959270000000000109e-02
2.168473788000000013e+00 1.889306600000000003e-02 5.932500000000000273e-04 1.000000000000000000e+00 1.888249999999999998e-02 1.959879999999999955e-02
2.169196612999999996e+00 1.889513500000000040e-02 5.934900000000000115e-04 1.000000000000000000e+00 1.888669999999999932e-02 1.960399999999999990e-02
2.169919677999999852e+00 1.889581699999999878e-02 5.937100000000000060e-04 1.000000000000000000e+00 1.888969999999999885e-02 1.960809999999999984e-02
2.170642985000000191e+00 1.889536699999999972e-02 5.939089999999999951e-04 1.000000000000000000e+00 1.889149999999999857e-02 1.961090000000000055e-02
2.171366533000000043e+00 1.889429999999999929e-02 5.940910000000000418e-04 1.000000000000000000e+00 1.889209999999999848e-02 1.961250000000000146e-02
2.172090321000000213e+00 1.889322200000000118e-02 5.942610000000000080e-04 1.000000000000000000e+00 1.889199999999999907e-02 1.961330000000000018e-02
2.172814352000000060e+00 1.889261000000000065e-02 5.944270000000000196e-04 1.000000000000000000e+00 1.889149999999999857e-02 1.961370000000000127e-02
2.173538622999999781e+00 1.889264699999999852e-02 5.945940000000000470e-04 1.000000000000000000e+00 1.889120000000000035e-02 1.961430000000000118e-02
2.174263135999999985e+00 1.889318800000000173e-02 5.947650000000000289e-04 1.000000000000000000e+00 1.889110000000000095e-02 1.961519999999999930e-02
2.174987890000000146e+00 1.889384900000000075e-02 5.949409999999999811e-04 1.000000000000000000e+00 1.889149999999999857e-02 1.961649999999999852e-02
2.175712885999999902e+00 1.889415599999999876e-02 5.951179999999999491e-04 1.000000000000000000e+00 1.889189999999999967e-02 1.961780000000000121e-02
2.176438124000000141e+00 1.889363900000000027e-02 5.952919999999999783e-04 1.000000000000000000e+00 1.889199999999999907e-02 1.961879999999999874e-02
2.177163602999999892e+00 1.889184500000000086e-02 5.954590000000000057e-04 1.000000000000000000e+00 1.889129999999999976e-02 1.961910000000000043e-02
2.177889324000000126e+00 1.888829699999999834e-02 5.956120000000000294e-04 1.000000000000000000e+00 1.888959999999999945e-02 1.961819999999999883e-02
2.178615288000000039e+00 1.888252299999999828e-02 5.957469999999999866e-04 1.000000000000000000e+00 1.888630000000000170e-02 1.961579999999999921e-02
2.179341492999999907e+00 1.887422000000000058e-02 5.958579999999999996e-04 1.000000000000000000e+00 1.888110000000000135e-02 1.961140000000000105e-02
2.180067939999999815e+00 1.886352800000000093e-02 5.959399999999999897e-04 1.000000000000000000e+00 1.887389999999999901e-02 1.960490000000000149e-02
2.180794629000000207e+00 1.885130000000000139e-02 5.959920000000000495e-04 1.000000000000000000e+00 1.886470000000000161e-02 1.959649999999999934e-02
2.181521560999999831e+00 1.883916500000000147e-02 5.960219999999999798e-04 1.000000000000000000e+00 1.885420000000000151e-02 1.958659999999999915e-02
2.182248734999999940e+00 1.882928400000000169e-02 5.960479999999999555e-04 1.000000000000000000e+00 1.884349999999999914e-02 1.957659999999999956e-02
2.182976151000000087e+00 1.882382700000000131e-02 5.960930000000000135e-04 1.000000000000000000e+00 1.883430000000000173e-02 1.956810000000000146e-02
2.183703808999999829e+00 1.882435400000000147e-02 5.961830000000000211e-04 1.000000000000000000e+00 1.882819999999999980e-02 1.956280000000000172e-02
2.184431711000000220e+00 1.883135299999999859e-02 5.963420000000000309e-04 1.000000000000000000e+00 1.882659999999999889e-02 1.956209999999999893e-02
2.185159855000000206e+00 1.884411299999999914e-02 5.965799999999999836e-04 1.000000000000000000e+00 1.883019999999999833e-02 1.956690000000000165e-02
2.185888240999999788e+00 1.886097000000000121e-02 5.968980000000000032e-04 1.000000000000000000e+00 1.883879999999999930e-02 1.957700000000000065e-02
2.186616871000000017e+00 1.887975899999999943e-02 5.972790000000000391e-04 1.000000000000000000e+00 1.885150000000000020e-02 1.959129999999999899e-02
2.187345742999999842e+00 1.889828600000000025e-02 5.977019999999999772e-04 1.000000000000000000e+00 1.886699999999999836e-02 1.960850000000000093e-02
2.188074857999999789e+00 1.891460600000000047e-02 5.981380000000000117e-04 1.000000000000000000e+00 1.888350000000000098e-02 1.962670000000000040e-02
2.188804216999999941e+00 1.892706799999999828e-02 5.985580000000000110e-04 1.000000000000000000e+00 1.889930000000000082e-02 1.964410000000000114e-02
2.189533818000000132e+00 1.893416900000000069e-02 5.989349999999999839e-04 1.000000000000000000e+00 1.891270000000000104e-02 1.965889999999999999e-02
2.190263663000000083e+00 1.893435200000000151e-02 5.992449999999999860e-04 1.000000000000000000e+00 1.892189999999999844e-02 1.966930000000000067e-02
2.190993750000000073e+00 1.892585800000000026e-02 5.994620000000000417e-04 1.000000000000000000e+00 1.892510000000000026e-02 1.967340000000000061e-02
2.191724081999999907e+00 1.890668300000000052e-02 5.995590000000000511e-04 1.000000000000000000e+00 1.892040000000000041e-02 1.966940000000000008e-02
2.192454655999999780e+00 1.887466700000000122e-02 5.995090000000000228e-04 1.000000000000000000e+00 1.890580000000000038e-02 1.965499999999999886e-02
2.193185474999999940e+00 1.882767899999999994e-02 5.992789999999999792e-04 1.000000000000000000e+00 1.887890000000000054e-02 1.962809999999999902e-02
2.193916536000000139e+00 1.876393499999999895e-02 5.988340000000000199e-04 1.000000000000000000e+00 1.883759999999999948e-02 1.958640000000000034e-02
2.194647842000000182e+00 1.868241400000000135e-02 5.981409999999999505e-04 1.000000000000000000e+00 1.877989999999999868e-02 1.952769999999999853e-02
2.195379390999999902e+00 1.858333900000000080e-02 5.971709999999999649e-04 1.000000000000000000e+00 1.870420000000000069e-02 1.945039999999999963e-02
2.196111183999999827e+00 1.846857500000000096e-02 5.959070000000000122e-04 1.000000000000000000e+00 1.861000000000000154e-02 1.935409999999999908e-02
2.196843220999999957e+00 1.834176399999999998e-02 5.943499999999999998e-04 1.000000000000000000e+00 1.849840000000000165e-02 1.923959999999999906e-02
2.197575501999999847e+00 1.820805299999999835e-02 5.925319999999999979e-04 1.000000000000000000e+00 1.837190000000000004e-02 1.910970000000000030e-02
2.198308028000000025e+00 1.807342600000000007e-02 5.905110000000000523e-04 1.000000000000000000e+00 1.823520000000000002e-02 1.896899999999999975e-02
2.199040796999999881e+00 1.794381600000000132e-02 5.883690000000000447e-04 1.000000000000000000e+00 1.809420000000000125e-02 1.882400000000000045e-02
2.199773811000000023e+00 1.782428200000000032e-02 5.862050000000000160e-04 1.000000000000000000e+00 1.795590000000000033e-02 1.868150000000000019e-02
