8.000000000000000444e-01 1.892389400000000013e-02 3.749530000000000267e-04 1.000000000000000000e+00 1.892320000000000113e-02 1.893299999999999844e-02
8.002666667000000178e-01 1.892496999999999929e-02 3.749119999999999775e-04 1.000000000000000000e+00 1.892419999999999866e-02 1.893390000000000004e-02
8.005334222000000111e-01 1.892620600000000097e-02 3.748329999999999804e-04 1.000000000000000000e+00 1.892529999999999907e-02 1.893500000000000044e-02
8.008002667000000407e-01 1.892761899999999969e-02 3.747749999999999888e-04 1.000000000000000000e+00 1.892659999999999829e-02 1.893629999999999966e-02
8.010672000999999876e-01 1.892922699999999986e-02 3.747369999999999868e-04 1.000000000000000000e+00 1.892809999999999979e-02 1.893780000000000116e-02
8.013342224999999708e-01 1.893104400000000104e-02 3.747150000000000199e-04 1.000000000000000000e+00 1.892980000000000010e-02 1.893950000000000147e-02
8.016013338999999904e-01 1.893306999999999976e-02 3.747059999999999866e-04 1.000000000000000000e+00 1.893159999999999982e-02 1.894140000000000060e-02
8.018685344000000548e-01 1.893529899999999919e-02 3.747059999999999866e-04 1.000000000000000000e+00 1.893370000000000122e-02 1.894349999999999853e-02
8.021358239000000445e-01 1.893772300000000006e-02 3.747129999999999884e-04 1.000000000000000000e+00 1.893600000000000144e-02 1.894579999999999875e-02
8.024032024999999679e-01 1.894034299999999837e-02 3.747259999999999762e-04 1.000000000000000000e+00 1.893850000000000047e-02 1.894830000000000125e-02
8.026706702000000471e-01 1.894317499999999960e-02 3.747420000000000113e-04 1.000000000000000000e+00 1.894109999999999891e-02 1.895089999999999969e-02
8.029382270999999571e-01 1.894625200000000023e-02 3.747620000000000009e-04 1.000000000000000000e+00 1.894399999999999903e-02 1.895370000000000041e-02
8.032058732000000312e-01 1.894961800000000141e-02 3.747849999999999836e-04 1.000000000000000000e+00 1.894699999999999857e-02 1.895679999999999935e-02
8.034736085000000472e-01 1.895331800000000025e-02 3.748099999999999978e-04 1.000000000000000000e+00 1.895039999999999919e-02 1.896019999999999997e-02
8.037414330000000051e-01 1.895738300000000126e-02 3.748390000000000207e-04 1.000000000000000000e+00 1.895410000000000150e-02 1.896379999999999941e-02
8.040093468000000243e-01 1.896181099999999856e-02 3.748700000000000209e-04 1.000000000000000000e+00 1.895809999999999856e-02 1.896789999999999934e-02
8.042773498999999937e-01 1.896656400000000173e-02 3.749049999999999757e-04 1.000000000000000000e+00 1.896250000000000019e-02 1.897230000000000097e-02
8.045454424000000326e-01 1.897155400000000158e-02 3.749410000000000004e-04 1.000000000000000000e+00 1.896729999999999944e-02 1.897710000000000022e-02
8.048136242000000218e-01 1.897665899999999989e-02 3.749790000000000024e-04 1.000000000000000000e+00 1.897240000000000038e-02 1.898209999999999828e-02
8.050818953999999694e-01 1.898173499999999958e-02 3.750159999999999887e-04 1.000000000000000000e+00 1.897760000000000072e-02 1.898729999999999862e-02
8.053502559999999866e-01 1.898664300000000096e-02 3.750520000000000134e-04 1.000000000000000000e+00 1.898290000000000047e-02 1.899259999999999837e-02
8.056187060999999705e-01 1.899127600000000138e-02 3.750839999999999752e-04 1.000000000000000000e+00 1.898800000000000140e-02 1.899769999999999931e-02
8.058872457000000322e-01 1.899556399999999950e-02 3.751110000000000208e-04 1.000000000000000000e+00 1.899299999999999947e-02 1.900270000000000084e-02
8.061558747999999497e-01 1.899948499999999998e-02 3.751340000000000035e-04 1.000000000000000000e+00 1.899759999999999990e-02 1.900730000000000128e-02
8.064245933999999449e-01 1.900305299999999892e-02 3.751499999999999843e-04 1.000000000000000000e+00 1.900189999999999865e-02 1.901150000000000062e-02
8.066934016000000263e-01 1.900630799999999954e-02 3.751620000000000107e-04 1.000000000000000000e+00 1.900579999999999978e-02 1.901539999999999828e-02
8.069622993999999716e-01 1.900930300000000170e-02 3.751679999999999967e-04 1.000000000000000000e+00 1.900949999999999862e-02 1.901900000000000118e-02
8.072312868000000030e-01 1.901209499999999969e-02 3.751690000000000125e-04 1.000000000000000000e+00 1.901289999999999925e-02 1.902239999999999834e-02
8.075003639000000177e-01 1.901473999999999873e-02 3.751660000000000194e-04 1.000000000000000000e+00 1.901610000000000106e-02 1.902560000000000015e-02
8.077695307000000158e-01 1.901728000000000099e-02 3.751580000000000019e-04 1.000000000000000000e+00 1.901919999999999999e-02 1.902869999999999909e-02
8.080387871999999971e-01 1.901973599999999889e-02 3.751459999999999756e-04 1.000000000000000000e+00 1.902219999999999953e-02 1.903169999999999862e-02
8.083081334999999701e-01 1.902209100000000139e-02 3.751289999999999790e-04 1.000000000000000000e+00 1.902509999999999965e-02 1.903449999999999934e-02
8.085775695000000374e-01 1.902428299999999947e-02 3.751089999999999893e-04 1.000000000000000000e+00 1.902780000000000096e-02 1.903720000000000065e-02
8.088470953999999935e-01 1.902619399999999975e-02 3.750839999999999752e-04 1.000000000000000000e+00 1.903020000000000059e-02 1.903950000000000087e-02
8.091167111000000522e-01 1.902765299999999854e-02 3.750560000000000222e-04 1.000000000000000000e+00 1.903219999999999912e-02 1.904139999999999999e-02
8.093864166999999998e-01 1.902844199999999958e-02 3.750250000000000220e-04 1.000000000000000000e+00 1.903349999999999834e-02 1.904269999999999921e-02
8.096562121000000500e-01 1.902830900000000020e-02 3.749889999999999972e-04 1.000000000000000000e+00 1.903389999999999943e-02 1.904310000000000030e-02
8.099260974999999974e-01 1.902698900000000110e-02 3.749480000000000022e-04 1.000000000000000000e+00 1.903329999999999952e-02 1.904240000000000099e-02
8.101960728999999528e-01 1.902420299999999995e-02 3.749019999999999827e-04 1.000000000000000000e+00 1.903140000000000040e-02 1.904049999999999840e-02
8.104661383000000274e-01 1.901967499999999978e-02 3.748469999999999840e-04 1.000000000000000000e+00 1.902809999999999918e-02 1.903710000000000124e-02
8.107362935999999909e-01 1.901312299999999983e-02 3.747830000000000063e-04 1.000000000000000000e+00 1.902300000000000171e-02 1.903200000000000031e-02
8.110065390999999790e-01 1.900425000000000031e-02 3.747059999999999866e-04 1.000000000000000000e+00 1.901600000000000165e-02 1.902500000000000024e-02
8.112768745999999753e-01 1.899274999999999922e-02 3.746129999999999859e-04 1.000000000000000000e+00 1.900690000000000018e-02 1.901579999999999937e-02
8.115473001999999880e-01 1.897832400000000128e-02 3.744999999999999957e-04 1.000000000000000000e+00 1.899539999999999909e-02 1.900419999999999887e-02
8.118178160000000254e-01 1.896070799999999973e-02 3.743619999999999912e-04 1.000000000000000000e+00 1.898120000000000016e-02 1.898999999999999994e-02
8.120884218999999682e-01 1.893973300000000026e-02 3.741959999999999796e-04 1.000000000000000000e+00 1.896410000000000109e-02 1.897290000000000088e-02
8.123591181000000550e-01 1.891537000000000079e-02 3.739990000000000220e-04 1.000000000000000000e+00 1.894399999999999903e-02 1.895279999999999881e-02
8.126299044000000471e-01 1.888775999999999997e-02 3.737680000000000169e-04 1.000000000000000000e+00 1.892069999999999863e-02 1.892939999999999900e-02
8.129007810999999695e-01 1.885720499999999841e-02 3.735049999999999959e-04 1.000000000000000000e+00 1.889419999999999988e-02 1.890290000000000026e-02
8.131717480000000275e-01 1.882411800000000079e-02 3.732119999999999904e-04 1.000000000000000000e+00 1.886480000000000101e-02 1.887339999999999851e-02
8.134428052000000076e-01 1.878894999999999871e-02 3.728909999999999777e-04 1.000000000000000000e+00 1.883280000000000023e-02 1.884129999999999833e-02
8.137139528000000288e-01 1.875213099999999827e-02 3.725490000000000138e-04 1.000000000000000000e+00 1.879859999999999864e-02 1.880710000000000021e-02
8.139851907999999803e-01 1.871405799999999869e-02 3.721870000000000061e-04 1.000000000000000000e+00 1.876260000000000081e-02 1.877099999999999949e-02
8.142565191999999730e-01 1.867513200000000054e-02 3.718109999999999948e-04 1.000000000000000000e+00 1.872539999999999968e-02 1.873359999999999956e-02
8.145279381000000152e-01 1.863586799999999988e-02 3.714239999999999729e-04 1.000000000000000000e+00 1.868730000000000044e-02 1.869540000000000091e-02
8.147994473999999876e-01 1.859704699999999850e-02 3.710289999999999877e-04 1.000000000000000000e+00 1.864899999999999891e-02 1.865709999999999938e-02
8.150710472000000095e-01 1.855984800000000032e-02 3.706320000000000252e-04 1.000000000000000000e+00 1.861149999999999957e-02 1.861940000000000123e-02
8.153427374999999699e-01 1.852591199999999855e-02 3.702420000000000103e-04 1.000000000000000000e+00 1.857599999999999876e-02 1.858370000000000161e-02
8.156145184999999964e-01 1.849727400000000105e-02 3.698700000000000078e-04 1.000000000000000000e+00 1.854400000000000145e-02 1.855160000000000142e-02
8.158863899999999614e-01 1.847613400000000169e-02 3.695309999999999827e-04 1.000000000000000000e+00 1.851739999999999983e-02 1.852480000000000099e-02
8.161583520999999841e-01 1.846449699999999985e-02 3.692410000000000245e-04 1.000000000000000000e+00 1.849840000000000165e-02 1.850560000000000052e-02
8.164304048999999619e-01 1.846376599999999951e-02 3.690149999999999897e-04 1.000000000000000000e+00 1.848860000000000087e-02 1.849550000000000152e-02
8.167025482999999975e-01 1.847439999999999846e-02 3.688629999999999817e-04 1.000000000000000000e+00 1.848910000000000137e-02 1.849570000000000033e-02
8.169747824999999963e-01 1.849575999999999998e-02 3.687909999999999864e-04 1.000000000000000000e+00 1.850020000000000137e-02 1.850649999999999865e-02
8.172471074999999585e-01 1.852618099999999920e-02 3.687970000000000267e-04 1.000000000000000000e+00 1.852099999999999927e-02 1.852699999999999833e-02
8.175195231999999868e-01 1.856326499999999893e-02 3.688739999999999923e-04 1.000000000000000000e+00 1.854969999999999883e-02 1.855539999999999967e-02
8.177920296999999783e-01 1.860432799999999984e-02 3.690100000000000194e-04 1.000000000000000000e+00 1.858380000000000101e-02 1.858939999999999898e-02
8.180646270000000442e-01 1.864683099999999913e-02 3.691950000000000049e-04 1.000000000000000000e+00 1.862079999999999985e-02 1.862609999999999960e-02
8.183373151999999706e-01 1.868873100000000009e-02 3.694200000000000240e-04 1.000000000000000000e+00 1.865800000000000097e-02 1.866320000000000132e-02
8.186100942999999797e-01 1.872862700000000116e-02 3.696810000000000135e-04 1.000000000000000000e+00 1.869360000000000119e-02 1.869869999999999866e-02
8.188829643999999686e-01 1.876566699999999976e-02 3.699749999999999805e-04 1.000000000000000000e+00 1.872650000000000009e-02 1.873160000000000103e-02
8.191559253000000318e-01 1.879925199999999894e-02 3.703019999999999793e-04 1.000000000000000000e+00 1.875610000000000124e-02 1.876130000000000159e-02
8.194289772999999721e-01 1.882861400000000046e-02 3.706580000000000009e-04 1.000000000000000000e+00 1.878229999999999830e-02 1.878760000000000152e-02
8.197021203000000034e-01 1.885242200000000062e-02 3.710340000000000122e-04 1.000000000000000000e+00 1.880489999999999939e-02 1.881029999999999855e-02
8.199753544000000227e-01 1.886856599999999981e-02 3.714079999999999921e-04 1.000000000000000000e+00 1.882299999999999945e-02 1.882879999999999970e-02
8.202486795000000219e-01 1.887427200000000097e-02 3.717489999999999944e-04 1.000000000000000000e+00 1.883539999999999867e-02 1.884150000000000061e-02
8.205220957000000093e-01 1.886658500000000169e-02 3.720199999999999787e-04 1.000000000000000000e+00 1.883970000000000089e-02 1.884610000000000105e-02
8.207956030999999930e-01 1.884318499999999841e-02 3.721780000000000270e-04 1.000000000000000000e+00 1.883340000000000014e-02 1.884009999999999851e-02
8.210692015999999649e-01 1.880336700000000139e-02 3.721899999999999991e-04 1.000000000000000000e+00 1.881410000000000027e-02 1.882110000000000033e-02
8.213428913000000442e-01 1.874891199999999952e-02 3.720379999999999911e-04 1.000000000000000000e+00 1.878099999999999908e-02 1.878830000000000083e-02
8.216166723000000172e-01 1.868452599999999991e-02 3.717290000000000047e-04 1.000000000000000000e+00 1.873500000000000165e-02 1.874260000000000162e-02
8.218905444999999865e-01 1.861758800000000089e-02 3.713000000000000263e-04 1.000000000000000000e+00 1.867989999999999928e-02 1.868770000000000153e-02
8.221645079999999606e-01 1.855707800000000116e-02 3.708130000000000020e-04 1.000000000000000000e+00 1.862159999999999857e-02 1.862959999999999963e-02
8.224385628999999476e-01 1.851185899999999857e-02 3.703479999999999988e-04 1.000000000000000000e+00 1.856769999999999948e-02 1.857589999999999936e-02
8.227127091000000503e-01 1.848870799999999953e-02 3.699889999999999841e-04 1.000000000000000000e+00 1.852600000000000080e-02 1.853430000000000008e-02
8.229869466000000466e-01 1.849072200000000110e-02 3.698029999999999829e-04 1.000000000000000000e+00 1.850239999999999871e-02 1.851099999999999968e-02
8.232612755999999532e-01 1.851660200000000006e-02 3.698260000000000197e-04 1.000000000000000000e+00 1.850040000000000018e-02 1.850910000000000055e-02
8.235356959999999837e-01 1.856106399999999865e-02 3.700590000000000021e-04 1.000000000000000000e+00 1.851939999999999836e-02 1.852830000000000102e-02
8.238102079000000355e-01 1.861627199999999968e-02 3.704669999999999751e-04 1.000000000000000000e+00 1.855580000000000077e-02 1.856479999999999936e-02
8.240848112999999975e-01 1.867375400000000074e-02 3.709860000000000154e-04 1.000000000000000000e+00 1.860329999999999970e-02 1.861250000000000057e-02
8.243595062999999890e-01 1.872621500000000092e-02 3.715470000000000122e-04 1.000000000000000000e+00 1.865500000000000144e-02 1.866430000000000172e-02
8.246342928000000017e-01 1.876871800000000021e-02 3.720840000000000107e-04 1.000000000000000000e+00 1.870420000000000069e-02 1.871369999999999978e-02
8.249091709000000439e-01 1.879901900000000015e-02 3.725479999999999981e-04 1.000000000000000000e+00 1.874630000000000046e-02 1.875589999999999896e-02
8.251841406000000045e-01 1.881714799999999882e-02 3.729100000000000058e-04 1.000000000000000000e+00 1.877850000000000005e-02 1.878830000000000083e-02
8.254592020000000030e-01 1.882456500000000144e-02 3.731629999999999778e-04 1.000000000000000000e+00 1.880010000000000014e-02 1.881000000000000033e-02
8.257343550000000310e-01 1.882326499999999875e-02 3.733109999999999771e-04 1.000000000000000000e+00 1.881160000000000124e-02 1.882160000000000083e-02
8.260095997999999939e-01 1.881515400000000060e-02 3.733680000000000072e-04 1.000000000000000000e+00 1.881429999999999908e-02 1.882440000000000155e-02
8.262849364000000030e-01 1.880180799999999972e-02 3.733489999999999791e-04 1.000000000000000000e+00 1.880990000000000092e-02 1.881999999999999992e-02
8.265603647000000498e-01 1.878457299999999885e-02 3.732690000000000205e-04 1.000000000000000000e+00 1.879959999999999964e-02 1.880980000000000152e-02
8.268358848000000316e-01 1.876484200000000033e-02 3.731429999999999881e-04 1.000000000000000000e+00 1.878490000000000021e-02 1.879530000000000090e-02
8.271114967999999568e-01 1.874429099999999973e-02 3.729849999999999941e-04 1.000000000000000000e+00 1.876740000000000005e-02 1.877780000000000074e-02
8.273872006000000390e-01 1.872491999999999907e-02 3.728129999999999964e-04 1.000000000000000000e+00 1.874870000000000009e-02 1.875910000000000077e-02
8.276629962999999535e-01 1.870886199999999971e-02 3.726460000000000232e-04 1.000000000000000000e+00 1.873069999999999943e-02 1.874119999999999953e-02
8.279388840000000416e-01 1.869803399999999879e-02 3.725019999999999785e-04 1.000000000000000000e+00 1.871540000000000009e-02 1.872599999999999959e-02
8.282148635999999620e-01 1.869375800000000129e-02 3.724010000000000146e-04 1.000000000000000000e+00 1.870470000000000119e-02 1.871520000000000128e-02
8.284909351999999449e-01 1.869648499999999880e-02 3.723549999999999950e-04 1.000000000000000000e+00 1.869960000000000025e-02 1.871019999999999975e-02
8.287670988999999988e-01 1.870573199999999922e-02 3.723700000000000144e-04 1.000000000000000000e+00 1.870080000000000006e-02 1.871149999999999897e-02
8.290433546000000042e-01 1.872019299999999956e-02 3.724460000000000184e-04 1.000000000000000000e+00 1.870789999999999953e-02 1.871859999999999843e-02
8.293197023999999695e-01 1.873802100000000054e-02 3.725719999999999965e-04 1.000000000000000000e+00 1.871990000000000112e-02 1.873069999999999943e-02
8.295961423000000057e-01 1.875716800000000115e-02 3.727359999999999766e-04 1.000000000000000000e+00 1.873529999999999987e-02 1.874610000000000165e-02
8.298726743000000017e-01 1.877572699999999900e-02 3.729210000000000164e-04 1.000000000000000000e+00 1.875229999999999952e-02 1.876320000000000071e-02
8.301492984999999658e-01 1.879221999999999837e-02 3.731100000000000107e-04 1.000000000000000000e+00 1.876919999999999977e-02 1.878029999999999977e-02
8.304260150000000174e-01 1.880578600000000142e-02 3.732890000000000101e-04 1.000000000000000000e+00 1.878480000000000080e-02 1.879590000000000080e-02
8.307028236000000287e-01 1.881627500000000036e-02 3.734480000000000200e-04 1.000000000000000000e+00 1.879820000000000102e-02 1.880940000000000042e-02
8.309797246000000248e-01 1.882421100000000042e-02 3.735850000000000086e-04 1.000000000000000000e+00 1.880909999999999874e-02 1.882040000000000102e-02
8.312567177999999890e-01 1.883065199999999981e-02 3.737009999999999920e-04 1.000000000000000000e+00 1.881789999999999852e-02 1.882930000000000020e-02
8.315338034000000489e-01 1.883693499999999910e-02 3.738030000000000259e-04 1.000000000000000000e+00 1.882539999999999908e-02 1.883680000000000077e-02
8.318109812999999741e-01 1.884437300000000107e-02 3.739009999999999968e-04 1.000000000000000000e+00 1.883270000000000083e-02 1.884419999999999845e-02
8.320882517000000034e-01 1.885396300000000136e-02 3.740050000000000080e-04 1.000000000000000000e+00 1.884080000000000130e-02 1.885239999999999833e-02
8.323656144000000090e-01 1.886619299999999985e-02 3.741239999999999843e-04 1.000000000000000000e+00 1.885070000000000148e-02 1.886229999999999851e-02
8.326430696000000076e-01 1.888099099999999975e-02 3.742619999999999888e-04 1.000000000000000000e+00 1.886279999999999901e-02 1.887449999999999892e-02
8.329206172999999991e-01 1.889780900000000152e-02 3.744199999999999829e-04 1.000000000000000000e+00 1.887720000000000023e-02 1.888890000000000013e-02
8.331982574999999835e-01 1.891580600000000029e-02 3.745940000000000120e-04 1.000000000000000000e+00 1.889340000000000117e-02 1.890520000000000048e-02
8.334759902999999692e-01 1.893404799999999846e-02 3.747789999999999976e-04 1.000000000000000000e+00 1.891079999999999844e-02 1.892270000000000063e-02
8.337538155999999478e-01 1.895167099999999979e-02 3.749660000000000146e-04 1.000000000000000000e+00 1.892860000000000029e-02 1.894059999999999841e-02
8.340317335000000387e-01 1.896796900000000119e-02 3.751480000000000071e-04 1.000000000000000000e+00 1.894600000000000103e-02 1.895809999999999856e-02
8.343097441000000281e-01 1.898245200000000035e-02 3.753189999999999890e-04 1.000000000000000000e+00 1.896240000000000078e-02 1.897449999999999831e-02
8.345878474000000269e-01 1.899485199999999957e-02 3.754720000000000128e-04 1.000000000000000000e+00 1.897729999999999903e-02 1.898940000000000003e-02
8.348660433000000269e-01 1.900511900000000087e-02 3.756060000000000084e-04 1.000000000000000000e+00 1.899019999999999875e-02 1.900239999999999915e-02
8.351443320000000448e-01 1.901340199999999869e-02 3.757200000000000145e-04 1.000000000000000000e+00 1.900109999999999993e-02 1.901330000000000034e-02
8.354227133999999610e-01 1.902000100000000166e-02 3.758149999999999924e-04 1.000000000000000000e+00 1.900999999999999912e-02 1.902229999999999893e-02
8.357011877000000144e-01 1.902529700000000004e-02 3.758939999999999894e-04 1.000000000000000000e+00 1.901709999999999859e-02 1.902939999999999840e-02
8.359797546999999662e-01 1.902967499999999937e-02 3.759619999999999759e-04 1.000000000000000000e+00 1.902279999999999943e-02 1.903509999999999924e-02
8.362584146999999524e-01 1.903346300000000046e-02 3.760219999999999990e-04 1.000000000000000000e+00 1.902730000000000046e-02 1.903969999999999968e-02
8.365371674999999563e-01 1.903690099999999844e-02 3.760780000000000134e-04 1.000000000000000000e+00 1.903109999999999871e-02 1.904360000000000080e-02
8.368160131999999862e-01 1.904013699999999865e-02 3.761319999999999963e-04 1.000000000000000000e+00 1.903449999999999934e-02 1.904700000000000143e-02
8.370949518000000422e-01 1.904324799999999873e-02 3.761859999999999792e-04 1.000000000000000000e+00 1.903759999999999827e-02 1.905019999999999977e-02
8.373739835000000298e-01 1.904627000000000056e-02 3.762400000000000163e-04 1.000000000000000000e+00 1.904060000000000127e-02 1.905319999999999930e-02
8.376531082000000517e-01 1.904921700000000023e-02 3.762939999999999991e-04 1.000000000000000000e+00 1.904360000000000080e-02 1.905630000000000171e-02
8.379323258999999968e-01 1.905208300000000091e-02 3.763470000000000205e-04 1.000000000000000000e+00 1.904660000000000034e-02 1.905930000000000124e-02
8.382116365999999763e-01 1.905485000000000165e-02 3.763990000000000261e-04 1.000000000000000000e+00 1.904959999999999987e-02 1.906240000000000018e-02
8.384910405000000067e-01 1.905748100000000111e-02 3.764490000000000002e-04 1.000000000000000000e+00 1.905249999999999999e-02 1.906539999999999971e-02
8.387705374999999686e-01 1.905993200000000165e-02 3.764959999999999813e-04 1.000000000000000000e+00 1.905540000000000012e-02 1.906829999999999983e-02
8.390501276999999813e-01 1.906216100000000108e-02 3.765400000000000236e-04 1.000000000000000000e+00 1.905810000000000143e-02 1.907110000000000055e-02
8.393298111000000450e-01 1.906414799999999951e-02 3.765789999999999871e-04 1.000000000000000000e+00 1.906069999999999987e-02 1.907369999999999899e-02
8.396095877000000485e-01 1.906590500000000105e-02 3.766150000000000118e-04 1.000000000000000000e+00 1.906300000000000008e-02 1.907609999999999861e-02
8.398894576000000001e-01 1.906748200000000018e-02 3.766460000000000120e-04 1.000000000000000000e+00 1.906510000000000149e-02 1.907820000000000002e-02
8.401694207000000025e-01 1.906895700000000096e-02 3.766730000000000035e-04 1.000000000000000000e+00 1.906700000000000061e-02 1.908009999999999914e-02
8.404494771999999614e-01 1.907041900000000165e-02 3.766989999999999792e-04 1.000000000000000000e+00 1.906860000000000152e-02 1.908179999999999946e-02
8.407296269999999794e-01 1.907194499999999987e-02 3.767229999999999776e-04 1.000000000000000000e+00 1.907019999999999896e-02 1.908349999999999977e-02
8.410098701999999538e-01 1.907357000000000150e-02 3.767479999999999917e-04 1.000000000000000000e+00 1.907179999999999986e-02 1.908500000000000127e-02
8.412902067999999955e-01 1.907528099999999949e-02 3.767730000000000059e-04 1.000000000000000000e+00 1.907340000000000077e-02 1.908659999999999871e-02
8.415706369000000020e-01 1.907700999999999841e-02 3.767999999999999973e-04 1.000000000000000000e+00 1.907489999999999880e-02 1.908829999999999902e-02
8.418511604999999731e-01 1.907866399999999865e-02 3.768280000000000045e-04 1.000000000000000000e+00 1.907649999999999971e-02 1.908989999999999992e-02
8.421317775000000116e-01 1.908014900000000111e-02 3.768560000000000117e-04 1.000000000000000000e+00 1.907800000000000121e-02 1.909140000000000142e-02
8.424124881000000231e-01 1.908140900000000056e-02 3.768840000000000189e-04 1.000000000000000000e+00 1.907930000000000043e-02 1.909280000000000005e-02
8.426932923000000075e-01 1.908245000000000080e-02 3.769110000000000103e-04 1.000000000000000000e+00 1.908050000000000024e-02 1.909399999999999986e-02
8.429741899999999566e-01 1.908333900000000125e-02 3.769369999999999860e-04 1.000000000000000000e+00 1.908150000000000124e-02 1.909510000000000027e-02
8.432551813999999979e-01 1.908418900000000140e-02 3.769620000000000002e-04 1.000000000000000000e+00 1.908249999999999877e-02 1.909610000000000127e-02
8.435362665000000204e-01 1.908512199999999950e-02 3.769870000000000144e-04 1.000000000000000000e+00 1.908340000000000036e-02 1.909699999999999939e-02
8.438174452000000159e-01 1.908622800000000022e-02 3.770119999999999743e-04 1.000000000000000000e+00 1.908440000000000136e-02 1.909809999999999980e-02
8.440987177000000008e-01 1.908753800000000111e-02 3.770380000000000042e-04 1.000000000000000000e+00 1.908560000000000118e-02 1.909929999999999961e-02
8.443800839999999752e-01 1.908901400000000137e-02 3.770649999999999957e-04 1.000000000000000000e+00 1.908699999999999980e-02 1.910070000000000170e-02
8.446615440000000419e-01 1.909056900000000168e-02 3.770930000000000028e-04 1.000000000000000000e+00 1.908850000000000130e-02 1.910229999999999914e-02
8.449430977999999870e-01 1.909209200000000148e-02 3.771210000000000100e-04 1.000000000000000000e+00 1.908999999999999933e-02 1.910390000000000005e-02
8.452247455000000409e-01 1.909348500000000032e-02 3.771480000000000015e-04 1.000000000000000000e+00 1.909150000000000083e-02 1.910540000000000155e-02
8.455064870999999815e-01 1.909467899999999982e-02 3.771739999999999772e-04 1.000000000000000000e+00 1.909299999999999886e-02 1.910689999999999958e-02
8.457883226000000310e-01 1.909564799999999979e-02 3.771979999999999756e-04 1.000000000000000000e+00 1.909419999999999867e-02 1.910819999999999880e-02
8.460702520999999754e-01 1.909638599999999992e-02 3.772199999999999967e-04 1.000000000000000000e+00 1.909529999999999908e-02 1.910929999999999920e-02
8.463522755000000286e-01 1.909689700000000157e-02 3.772399999999999864e-04 1.000000000000000000e+00 1.909610000000000127e-02 1.911010000000000139e-02
8.466343928999999768e-01 1.909717999999999832e-02 3.772569999999999830e-04 1.000000000000000000e+00 1.909670000000000117e-02 1.911080000000000070e-02
8.469166044000000504e-01 1.909722200000000050e-02 3.772730000000000181e-04 1.000000000000000000e+00 1.909699999999999939e-02 1.911109999999999892e-02
8.471989099000000190e-01 1.909700799999999865e-02 3.772860000000000059e-04 1.000000000000000000e+00 1.909699999999999939e-02 1.911119999999999833e-02
8.474813095000000018e-01 1.909653199999999940e-02 3.772979999999999780e-04 1.000000000000000000e+00 1.909680000000000058e-02 1.911099999999999952e-02
8.477638033000000073e-01 1.909580699999999936e-02 3.773080000000000270e-04 1.000000000000000000e+00 1.909620000000000067e-02 1.911049999999999902e-02
8.480463912000000271e-01 1.909485799999999928e-02 3.773170000000000061e-04 1.000000000000000000e+00 1.909539999999999849e-02 1.910970000000000030e-02
8.483290733999999667e-01 1.909371500000000069e-02 3.773259999999999852e-04 1.000000000000000000e+00 1.909430000000000155e-02 1.910869999999999930e-02
8.486118497000000316e-01 1.909240400000000032e-02 3.773340000000000027e-04 1.000000000000000000e+00 1.909299999999999886e-02 1.910740000000000008e-02
8.488947203000000163e-01 1.909093300000000090e-02 3.773420000000000203e-04 1.000000000000000000e+00 1.909160000000000024e-02 1.910600000000000145e-02
8.491776852000000320e-01 1.908930000000000002e-02 3.773499999999999836e-04 1.000000000000000000e+00 1.908999999999999933e-02 1.910449999999999995e-02
8.494607444999999757e-01 1.908750400000000166e-02 3.773580000000000012e-04 1.000000000000000000e+00 1.908829999999999902e-02 1.910279999999999964e-02
8.497438980999999503e-01 1.908556100000000089e-02 3.773639999999999872e-04 1.000000000000000000e+00 1.908639999999999989e-02 1.910099999999999992e-02
8.500271459999999557e-01 1.908351999999999965e-02 3.773709999999999890e-04 1.000000000000000000e+00 1.908450000000000077e-02 1.909910000000000080e-02
8.503104884000000085e-01 1.908147300000000157e-02 3.773769999999999751e-04 1.000000000000000000e+00 1.908249999999999877e-02 1.909720000000000167e-02
8.505939251999999895e-01 1.907954400000000036e-02 3.773819999999999996e-04 1.000000000000000000e+00 1.908059999999999964e-02 1.909529999999999908e-02
8.508774565000000178e-01 1.907786599999999888e-02 3.773879999999999856e-04 1.000000000000000000e+00 1.907879999999999993e-02 1.909359999999999877e-02
8.511610823999999909e-01 1.907655700000000093e-02 3.773949999999999874e-04 1.000000000000000000e+00 1.907729999999999843e-02 1.909210000000000074e-02
8.514448027000000030e-01 1.907568600000000142e-02 3.774040000000000207e-04 1.000000000000000000e+00 1.907609999999999861e-02 1.909100000000000033e-02
8.517286176999999681e-01 1.907525900000000066e-02 3.774159999999999928e-04 1.000000000000000000e+00 1.907539999999999930e-02 1.909030000000000102e-02
8.520125271999999805e-01 1.907521300000000058e-02 3.774289999999999807e-04 1.000000000000000000e+00 1.907510000000000108e-02 1.908999999999999933e-02
8.522965313999999459e-01 1.907543999999999906e-02 3.774440000000000000e-04 1.000000000000000000e+00 1.907500000000000168e-02 1.909009999999999874e-02
8.525806301999999670e-01 1.907581100000000154e-02 3.774620000000000124e-04 1.000000000000000000e+00 1.907520000000000049e-02 1.909030000000000102e-02
8.528648237999999493e-01 1.907621199999999864e-02 3.774800000000000247e-04 1.000000000000000000e+00 1.907549999999999871e-02 1.909059999999999924e-02
8.531491119999999873e-01 1.907656699999999914e-02 3.774989999999999986e-04 1.000000000000000000e+00 1.907580000000000039e-02 1.909090000000000092e-02
8.534334950999999947e-01 1.907684600000000147e-02 3.775189999999999883e-04 1.000000000000000000e+00 1.907599999999999921e-02 1.909119999999999914e-02
8.537179728999999551e-01 1.907705599999999849e-02 3.775389999999999779e-04 1.000000000000000000e+00 1.907609999999999861e-02 1.909140000000000142e-02
8.540025455999999959e-01 1.907722200000000132e-02 3.775599999999999833e-04 1.000000000000000000e+00 1.907620000000000149e-02 1.909150000000000083e-02
8.542872130999999980e-01 1.907735899999999860e-02 3.775820000000000044e-04 1.000000000000000000e+00 1.907620000000000149e-02 1.909160000000000024e-02
8.545719754999999695e-01 1.907745799999999853e-02 3.776049999999999871e-04 1.000000000000000000e+00 1.907620000000000149e-02 1.909160000000000024e-02
8.548568328000000216e-01 1.907748299999999925e-02 3.776280000000000240e-04 1.000000000000000000e+00 1.907609999999999861e-02 1.909160000000000024e-02
8.551417851000000514e-01 1.907737600000000006e-02 3.776529999999999839e-04 1.000000000000000000e+00 1.907599999999999921e-02 1.909140000000000142e-02
8.554268323000000507e-01 1.907707900000000026e-02 3.776779999999999981e-04 1.000000000000000000e+00 1.907560000000000158e-02 1.909119999999999914e-02
8.557119746000000360e-01 1.907655899999999988e-02 3.777030000000000123e-04 1.000000000000000000e+00 1.907510000000000108e-02 1.909069999999999864e-02
8.559972118999999990e-01 1.907581900000000080e-02 3.777280000000000264e-04 1.000000000000000000e+00 1.907439999999999830e-02 1.908999999999999933e-02
8.562825442999999481e-01 1.907490200000000122e-02 3.777540000000000021e-04 1.000000000000000000e+00 1.907350000000000018e-02 1.908920000000000061e-02
8.565679719000000025e-01 1.907388900000000012e-02 3.777780000000000005e-04 1.000000000000000000e+00 1.907249999999999918e-02 1.908829999999999902e-02
8.568534945000000347e-01 1.907287699999999850e-02 3.778030000000000147e-04 1.000000000000000000e+00 1.907150000000000165e-02 1.908740000000000089e-02
8.571391123999999584e-01 1.907196099999999839e-02 3.778279999999999746e-04 1.000000000000000000e+00 1.907060000000000005e-02 1.908659999999999871e-02
8.574248253999999791e-01 1.907122099999999931e-02 3.778519999999999730e-04 1.000000000000000000e+00 1.906990000000000074e-02 1.908589999999999939e-02
8.577106337000000025e-01 1.907071200000000008e-02 3.778769999999999872e-04 1.000000000000000000e+00 1.906940000000000024e-02 1.908539999999999889e-02
8.579965372000000201e-01 1.907046399999999878e-02 3.779009999999999856e-04 1.000000000000000000e+00 1.906909999999999855e-02 1.908520000000000008e-02
8.582825361000000486e-01 1.907048399999999866e-02 3.779259999999999998e-04 1.000000000000000000e+00 1.906909999999999855e-02 1.908529999999999949e-02
8.585686301999999603e-01 1.907076499999999994e-02 3.779510000000000139e-04 1.000000000000000000e+00 1.906940000000000024e-02 1.908560000000000118e-02
8.588548198000000022e-01 1.907128300000000137e-02 3.779750000000000124e-04 1.000000000000000000e+00 1.906990000000000074e-02 1.908620000000000108e-02
8.591411047000000467e-01 1.907200400000000004e-02 3.780000000000000265e-04 1.000000000000000000e+00 1.907069999999999946e-02 1.908690000000000039e-02
8.594274850999999993e-01 1.907288099999999986e-02 3.780249999999999865e-04 1.000000000000000000e+00 1.907160000000000105e-02 1.908790000000000139e-02
8.597139608999999627e-01 1.907385699999999962e-02 3.780489999999999849e-04 1.000000000000000000e+00 1.907259999999999858e-02 1.908889999999999892e-02
8.600005321999999452e-01 1.907486799999999830e-02 3.780729999999999833e-04 1.000000000000000000e+00 1.907359999999999958e-02 1.908999999999999933e-02
8.602871990999999552e-01 1.907585200000000078e-02 3.780960000000000202e-04 1.000000000000000000e+00 1.907469999999999999e-02 1.909109999999999974e-02
8.605739614999999842e-01 1.907675699999999974e-02 3.781200000000000186e-04 1.000000000000000000e+00 1.907560000000000158e-02 1.909210000000000074e-02
8.608608195000000407e-01 1.907753900000000100e-02 3.781430000000000013e-04 1.000000000000000000e+00 1.907640000000000030e-02 1.909289999999999946e-02
8.611477731000000135e-01 1.907816899999999899e-02 3.781659999999999839e-04 1.000000000000000000e+00 1.907709999999999961e-02 1.909370000000000164e-02
8.614348223000000138e-01 1.907862100000000047e-02 3.781890000000000208e-04 1.000000000000000000e+00 1.907760000000000011e-02 1.909419999999999867e-02
8.617219672999999469e-01 1.907887800000000050e-02 3.782120000000000035e-04 1.000000000000000000e+00 1.907779999999999893e-02 1.909450000000000036e-02
8.620092079000000185e-01 1.907892799999999847e-02 3.782349999999999862e-04 1.000000000000000000e+00 1.907789999999999833e-02 1.909459999999999977e-02
8.622965443000000230e-01 1.907877399999999973e-02 3.782580000000000230e-04 1.000000000000000000e+00 1.907769999999999952e-02 1.909440000000000096e-02
8.625839764999999604e-01 1.907843600000000070e-02 3.782810000000000057e-04 1.000000000000000000e+00 1.907729999999999843e-02 1.909409999999999927e-02
8.628715045000000528e-01 1.907795600000000008e-02 3.783050000000000041e-04 1.000000000000000000e+00 1.907680000000000139e-02 1.909370000000000164e-02
8.631591282999999670e-01 1.907739300000000152e-02 3.783290000000000025e-04 1.000000000000000000e+00 1.907620000000000149e-02 1.909309999999999827e-02
8.634468480000000445e-01 1.907681599999999991e-02 3.783530000000000009e-04 1.000000000000000000e+00 1.907560000000000158e-02 1.909260000000000124e-02
8.637346636999999605e-01 1.907628299999999943e-02 3.783780000000000151e-04 1.000000000000000000e+00 1.907510000000000108e-02 1.909210000000000074e-02
8.640225752000000314e-01 1.907583399999999985e-02 3.784020000000000135e-04 1.000000000000000000e+00 1.907469999999999999e-02 1.909179999999999905e-02
8.643105827000000518e-01 1.907548499999999966e-02 3.784260000000000119e-04 1.000000000000000000e+00 1.907439999999999830e-02 1.909150000000000083e-02
8.645986863000000300e-01 1.907522700000000015e-02 3.784489999999999946e-04 1.000000000000000000e+00 1.907419999999999949e-02 1.909129999999999855e-02
8.648868857999999493e-01 1.907504700000000122e-02 3.784729999999999930e-04 1.000000000000000000e+00 1.907400000000000068e-02 1.909129999999999855e-02
8.651751814999999457e-01 1.907493000000000036e-02 3.784959999999999757e-04 1.000000000000000000e+00 1.907400000000000068e-02 1.909119999999999914e-02
8.654635732000000026e-01 1.907487500000000155e-02 3.785179999999999968e-04 1.000000000000000000e+00 1.907400000000000068e-02 1.909129999999999855e-02
8.657520610000000172e-01 1.907489500000000143e-02 3.785409999999999795e-04 1.000000000000000000e+00 1.907400000000000068e-02 1.909140000000000142e-02
8.660406451000000061e-01 1.907500999999999988e-02 3.785630000000000006e-04 1.000000000000000000e+00 1.907410000000000008e-02 1.909160000000000024e-02
8.663293252999999527e-01 1.907523599999999889e-02 3.785850000000000218e-04 1.000000000000000000e+00 1.907439999999999830e-02 1.909179999999999905e-02
8.666181016999999764e-01 1.907557299999999845e-02 3.786080000000000044e-04 1.000000000000000000e+00 1.907469999999999999e-02 1.909220000000000014e-02
8.669069743999999744e-01 1.907599600000000131e-02 3.786300000000000256e-04 1.000000000000000000e+00 1.907510000000000108e-02 1.909270000000000064e-02
8.671959433999999467e-01 1.907646099999999942e-02 3.786519999999999925e-04 1.000000000000000000e+00 1.907560000000000158e-02 1.909320000000000114e-02
8.674850087000000043e-01 1.907690899999999953e-02 3.786740000000000136e-04 1.000000000000000000e+00 1.907609999999999861e-02 1.909370000000000164e-02
8.677741704000000444e-01 1.907728699999999833e-02 3.786959999999999806e-04 1.000000000000000000e+00 1.907649999999999971e-02 1.909419999999999867e-02
8.680634284999999561e-01 1.907755699999999846e-02 3.787180000000000017e-04 1.000000000000000000e+00 1.907680000000000139e-02 1.909450000000000036e-02
8.683527828999999532e-01 1.907770799999999878e-02 3.787400000000000228e-04 1.000000000000000000e+00 1.907700000000000021e-02 1.909469999999999917e-02
8.686422338999999493e-01 1.907775299999999938e-02 3.787609999999999740e-04 1.000000000000000000e+00 1.907700000000000021e-02 1.909490000000000146e-02
8.689317813000000390e-01 1.907772699999999919e-02 3.787829999999999951e-04 1.000000000000000000e+00 1.907700000000000021e-02 1.909490000000000146e-02
8.692214252000000085e-01 1.907766799999999902e-02 3.788040000000000005e-04 1.000000000000000000e+00 1.907700000000000021e-02 1.909490000000000146e-02
8.695111656999999772e-01 1.907760999999999832e-02 3.788250000000000059e-04 1.000000000000000000e+00 1.907690000000000080e-02 1.909490000000000146e-02
8.698010027000000477e-01 1.907757200000000097e-02 3.788470000000000270e-04 1.000000000000000000e+00 1.907690000000000080e-02 1.909490000000000146e-02
8.700909364000000146e-01 1.907755100000000162e-02 3.788679999999999782e-04 1.000000000000000000e+00 1.907690000000000080e-02 1.909500000000000086e-02
8.703809666999999806e-01 1.907752799999999985e-02 3.788889999999999836e-04 1.000000000000000000e+00 1.907690000000000080e-02 1.909500000000000086e-02
8.706710936999999539e-01 1.907747499999999999e-02 3.789099999999999890e-04 1.000000000000000000e+00 1.907680000000000139e-02 1.909500000000000086e-02
8.709613174000000457e-01 1.907735799999999912e-02 3.789320000000000101e-04 1.000000000000000000e+00 1.907669999999999852e-02 1.909490000000000146e-02
8.712516378000000339e-01 1.907715600000000136e-02 3.789530000000000155e-04 1.000000000000000000e+00 1.907649999999999971e-02 1.909479999999999858e-02
8.715420550000000377e-01 1.907685799999999862e-02 3.789749999999999825e-04 1.000000000000000000e+00 1.907620000000000149e-02 1.909450000000000036e-02
8.718325690999999544e-01 1.907647399999999951e-02 3.789959999999999878e-04 1.000000000000000000e+00 1.907580000000000039e-02 1.909419999999999867e-02
8.721231798999999896e-01 1.907602799999999835e-02 3.790180000000000090e-04 1.000000000000000000e+00 1.907529999999999989e-02 1.909380000000000105e-02
8.724138876000000486e-01 1.907555000000000014e-02 3.790399999999999759e-04 1.000000000000000000e+00 1.907489999999999880e-02 1.909339999999999996e-02
8.727046923000000289e-01 1.907507300000000142e-02 3.790619999999999970e-04 1.000000000000000000e+00 1.907439999999999830e-02 1.909299999999999886e-02
8.729955938000000248e-01 1.907461900000000099e-02 3.790840000000000182e-04 1.000000000000000000e+00 1.907400000000000068e-02 1.909260000000000124e-02
8.732865923999999502e-01 1.907419600000000159e-02 3.791050000000000236e-04 1.000000000000000000e+00 1.907359999999999958e-02 1.909229999999999955e-02
8.735776879000000106e-01 1.907379799999999945e-02 3.791259999999999747e-04 1.000000000000000000e+00 1.907330000000000136e-02 1.909189999999999846e-02
8.738688805000000004e-01 1.907340500000000161e-02 3.791469999999999801e-04 1.000000000000000000e+00 1.907290000000000027e-02 1.909160000000000024e-02
8.741601701000000224e-01 1.907299299999999989e-02 3.791679999999999855e-04 1.000000000000000000e+00 1.907249999999999918e-02 1.909129999999999855e-02
8.744515567999999739e-01 1.907253100000000021e-02 3.791879999999999752e-04 1.000000000000000000e+00 1.907210000000000155e-02 1.909090000000000092e-02
8.747430406999999741e-01 1.907199500000000131e-02 3.792080000000000190e-04 1.000000000000000000e+00 1.907160000000000105e-02 1.909049999999999983e-02
8.750346217000000149e-01 1.907136799999999827e-02 3.792290000000000244e-04 1.000000000000000000e+00 1.907100000000000115e-02 1.908989999999999992e-02
8.753262998999999933e-01 1.907064899999999855e-02 3.792490000000000141e-04 1.000000000000000000e+00 1.907029999999999836e-02 1.908930000000000002e-02
8.756180753000000205e-01 1.906985599999999961e-02 3.792679999999999879e-04 1.000000000000000000e+00 1.906949999999999965e-02 1.908860000000000071e-02
8.759099479999999938e-01 1.906902799999999829e-02 3.792879999999999776e-04 1.000000000000000000e+00 1.906870000000000093e-02 1.908779999999999852e-02
8.762019180000000240e-01 1.906822099999999978e-02 3.793080000000000214e-04 1.000000000000000000e+00 1.906800000000000161e-02 1.908709999999999921e-02
8.764939853000000003e-01 1.906749799999999870e-02 3.793269999999999953e-04 1.000000000000000000e+00 1.906729999999999883e-02 1.908649999999999930e-02
8.767861500000000419e-01 1.906691699999999920e-02 3.793460000000000235e-04 1.000000000000000000e+00 1.906669999999999893e-02 1.908599999999999880e-02
8.770784120000000295e-01 1.906651599999999863e-02 3.793649999999999974e-04 1.000000000000000000e+00 1.906630000000000130e-02 1.908560000000000118e-02
8.773707714999999796e-01 1.906629899999999836e-02 3.793830000000000097e-04 1.000000000000000000e+00 1.906619999999999843e-02 1.908549999999999830e-02
8.776632283999999951e-01 1.906622999999999998e-02 3.794019999999999836e-04 1.000000000000000000e+00 1.906609999999999902e-02 1.908549999999999830e-02
8.779557827999999731e-01 1.906624300000000008e-02 3.794199999999999960e-04 1.000000000000000000e+00 1.906619999999999843e-02 1.908560000000000118e-02
8.782484347000000247e-01 1.906624700000000144e-02 3.794380000000000083e-04 1.000000000000000000e+00 1.906619999999999843e-02 1.908570000000000058e-02
8.785411842000000471e-01 1.906615199999999941e-02 3.794550000000000050e-04 1.000000000000000000e+00 1.906619999999999843e-02 1.908570000000000058e-02
8.788340313000000403e-01 1.906588400000000169e-02 3.794730000000000173e-04 1.000000000000000000e+00 1.906599999999999961e-02 1.908549999999999830e-02
8.791269760000000044e-01 1.906539700000000129e-02 3.794889999999999982e-04 1.000000000000000000e+00 1.906559999999999852e-02 1.908520000000000008e-02
8.794200183000000504e-01 1.906467800000000157e-02 3.795049999999999791e-04 1.000000000000000000e+00 1.906499999999999861e-02 1.908460000000000018e-02
8.797131582999999644e-01 1.906374099999999863e-02 3.795199999999999984e-04 1.000000000000000000e+00 1.906419999999999990e-02 1.908390000000000086e-02
8.800063959999999685e-01 1.906262499999999971e-02 3.795340000000000020e-04 1.000000000000000000e+00 1.906319999999999890e-02 1.908299999999999927e-02
8.802997314999999601e-01 1.906137499999999846e-02 3.795469999999999899e-04 1.000000000000000000e+00 1.906209999999999849e-02 1.908189999999999886e-02
8.805931647000000417e-01 1.906004299999999874e-02 3.795599999999999777e-04 1.000000000000000000e+00 1.906089999999999868e-02 1.908069999999999905e-02
8.808866958000000080e-01 1.905868100000000093e-02 3.795709999999999883e-04 1.000000000000000000e+00 1.905959999999999946e-02 1.907949999999999924e-02
8.811803246999999617e-01 1.905734200000000142e-02 3.795819999999999988e-04 1.000000000000000000e+00 1.905830000000000024e-02 1.907829999999999943e-02
8.814740515000000221e-01 1.905607600000000165e-02 3.795930000000000094e-04 1.000000000000000000e+00 1.905710000000000043e-02 1.907709999999999961e-02
8.817678760999999588e-01 1.905492599999999981e-02 3.796040000000000200e-04 1.000000000000000000e+00 1.905590000000000062e-02 1.907589999999999980e-02
8.820617988000000187e-01 1.905392200000000091e-02 3.796149999999999763e-04 1.000000000000000000e+00 1.905480000000000021e-02 1.907489999999999880e-02
8.823558193999999633e-01 1.905307900000000054e-02 3.796270000000000026e-04 1.000000000000000000e+00 1.905379999999999921e-02 1.907400000000000068e-02
8.826499380000000228e-01 1.905238799999999996e-02 3.796410000000000062e-04 1.000000000000000000e+00 1.905300000000000049e-02 1.907319999999999849e-02
8.829441545999999752e-01 1.905182700000000035e-02 3.796550000000000098e-04 1.000000000000000000e+00 1.905230000000000118e-02 1.907249999999999918e-02
8.832384693000000508e-01 1.905135499999999898e-02 3.796709999999999907e-04 1.000000000000000000e+00 1.905170000000000127e-02 1.907189999999999927e-02
8.835328822000000359e-01 1.905093399999999854e-02 3.796870000000000258e-04 1.000000000000000000e+00 1.905120000000000077e-02 1.907150000000000165e-02
8.838273931000000250e-01 1.905052700000000113e-02 3.797040000000000224e-04 1.000000000000000000e+00 1.905079999999999968e-02 1.907119999999999996e-02
8.841220022000000345e-01 1.905011699999999836e-02 3.797200000000000033e-04 1.000000000000000000e+00 1.905050000000000146e-02 1.907089999999999827e-02
8.844167095999999617e-01 1.904971299999999937e-02 3.797350000000000226e-04 1.000000000000000000e+00 1.905019999999999977e-02 1.907069999999999946e-02
8.847115151000000122e-01 1.904934900000000014e-02 3.797490000000000262e-04 1.000000000000000000e+00 1.905010000000000037e-02 1.907060000000000005e-02
8.850064189999999886e-01 1.904908300000000138e-02 3.797620000000000141e-04 1.000000000000000000e+00 1.905000000000000096e-02 1.907060000000000005e-02
8.853014210999999856e-01 1.904898500000000092e-02 3.797730000000000246e-04 1.000000000000000000e+00 1.905010000000000037e-02 1.907060000000000005e-02
8.855965216000000195e-01 1.904912099999999872e-02 3.797830000000000194e-04 1.000000000000000000e+00 1.905029999999999918e-02 1.907089999999999827e-02
8.858917203999999712e-01 1.904954000000000022e-02 3.797930000000000143e-04 1.000000000000000000e+00 1.905070000000000027e-02 1.907129999999999936e-02
8.861870176999999682e-01 1.905026599999999973e-02 3.798030000000000091e-04 1.000000000000000000e+00 1.905130000000000018e-02 1.907189999999999927e-02
8.864824134000000022e-01 1.905130000000000018e-02 3.798149999999999812e-04 1.000000000000000000e+00 1.905209999999999890e-02 1.907280000000000086e-02
8.867779074999999622e-01 1.905263299999999937e-02 3.798289999999999848e-04 1.000000000000000000e+00 1.905319999999999930e-02 1.907390000000000127e-02
8.870735000999999675e-01 1.905424999999999827e-02 3.798440000000000041e-04 1.000000000000000000e+00 1.905460000000000140e-02 1.907520000000000049e-02
8.873691913000000264e-01 1.905614799999999845e-02 3.798620000000000165e-04 1.000000000000000000e+00 1.905619999999999883e-02 1.907690000000000080e-02
8.876649810000000196e-01 1.905833300000000022e-02 3.798809999999999904e-04 1.000000000000000000e+00 1.905810000000000143e-02 1.907879999999999993e-02
8.879608693999999636e-01 1.906083199999999978e-02 3.799019999999999958e-04 1.000000000000000000e+00 1.906040000000000165e-02 1.908110000000000014e-02
8.882568562999999529e-01 1.906368900000000172e-02 3.799240000000000169e-04 1.000000000000000000e+00 1.906319999999999890e-02 1.908390000000000086e-02
8.885529419000000040e-01 1.906697699999999884e-02 3.799469999999999996e-04 1.000000000000000000e+00 1.906640000000000071e-02 1.908709999999999921e-02
8.888491262000000059e-01 1.907079899999999939e-02 3.799690000000000207e-04 1.000000000000000000e+00 1.907029999999999836e-02 1.909100000000000033e-02
8.891454092999999670e-01 1.907527700000000159e-02 3.799909999999999876e-04 1.000000000000000000e+00 1.907489999999999880e-02 1.909560000000000077e-02
8.894417910999999899e-01 1.908052799999999938e-02 3.800100000000000157e-04 1.000000000000000000e+00 1.908050000000000024e-02 1.910109999999999933e-02
8.897382716999999719e-01 1.908660200000000112e-02 3.800270000000000124e-04 1.000000000000000000e+00 1.908709999999999921e-02 1.910759999999999889e-02
8.900348511000000240e-01 1.909341999999999984e-02 3.800380000000000229e-04 1.000000000000000000e+00 1.909459999999999977e-02 1.911500000000000005e-02
8.903315294000000435e-01 1.910070599999999855e-02 3.800440000000000090e-04 1.000000000000000000e+00 1.910279999999999964e-02 1.912300000000000111e-02
8.906283066000000304e-01 1.910794199999999929e-02 3.800419999999999775e-04 1.000000000000000000e+00 1.911119999999999833e-02 1.913130000000000039e-02
8.909251826999999846e-01 1.911439499999999930e-02 3.800310000000000211e-04 1.000000000000000000e+00 1.911909999999999998e-02 1.913899999999999976e-02
8.912221577000000172e-01 1.911916799999999889e-02 3.800079999999999843e-04 1.000000000000000000e+00 1.912559999999999955e-02 1.914530000000000051e-02
8.915192318000000338e-01 1.912131099999999848e-02 3.799720000000000137e-04 1.000000000000000000e+00 1.912969999999999948e-02 1.914930000000000104e-02
8.918164049000000260e-01 1.911994399999999983e-02 3.799200000000000081e-04 1.000000000000000000e+00 1.913050000000000167e-02 1.915000000000000036e-02
8.921136769999999938e-01 1.911435300000000059e-02 3.798520000000000217e-04 1.000000000000000000e+00 1.912739999999999926e-02 1.914679999999999854e-02
8.924110481999999456e-01 1.910402599999999965e-02 3.797660000000000228e-04 1.000000000000000000e+00 1.911969999999999989e-02 1.913909999999999917e-02
8.927085186000000006e-01 1.908866899999999908e-02 3.796599999999999801e-04 1.000000000000000000e+00 1.910740000000000008e-02 1.912679999999999936e-02
8.930060881000000395e-01 1.906812700000000069e-02 3.795299999999999932e-04 1.000000000000000000e+00 1.909030000000000102e-02 1.910979999999999970e-02
8.933037567999999595e-01 1.904235799999999881e-02 3.793719999999999992e-04 1.000000000000000000e+00 1.906870000000000093e-02 1.908829999999999902e-02
8.936015246999999828e-01 1.901139799999999880e-02 3.791819999999999891e-04 1.000000000000000000e+00 1.904259999999999980e-02 1.906230000000000077e-02
8.938993919000000066e-01 1.897538299999999845e-02 3.789519999999999998e-04 1.000000000000000000e+00 1.901219999999999993e-02 1.903190000000000090e-02
8.941973583000000225e-01 1.893459800000000040e-02 3.786799999999999997e-04 1.000000000000000000e+00 1.897750000000000131e-02 1.899740000000000109e-02
8.944954241000000472e-01 1.888955599999999832e-02 3.783610000000000185e-04 1.000000000000000000e+00 1.893879999999999869e-02 1.895880000000000135e-02
8.947935892999999696e-01 1.884100099999999958e-02 3.779950000000000020e-04 1.000000000000000000e+00 1.889640000000000070e-02 1.891639999999999988e-02
8.950918538000000035e-01 1.878986699999999829e-02 3.775849999999999975e-04 1.000000000000000000e+00 1.885080000000000089e-02 1.887080000000000007e-02
8.953902177000000462e-01 1.873713299999999957e-02 3.771369999999999909e-04 1.000000000000000000e+00 1.880259999999999918e-02 1.882270000000000124e-02
8.956886810999999948e-01 1.868362599999999832e-02 3.766579999999999841e-04 1.000000000000000000e+00 1.875260000000000121e-02 1.877260000000000040e-02
8.959872439999999605e-01 1.862979799999999950e-02 3.761559999999999947e-04 1.000000000000000000e+00 1.870130000000000056e-02 1.872129999999999975e-02
8.962859064999999514e-01 1.857561099999999882e-02 3.756370000000000087e-04 1.000000000000000000e+00 1.864909999999999832e-02 1.866910000000000097e-02
8.965846683999999511e-01 1.852056700000000167e-02 3.751030000000000033e-04 1.000000000000000000e+00 1.859589999999999854e-02 1.861579999999999832e-02
8.968835299999999844e-01 1.846400999999999945e-02 3.745539999999999785e-04 1.000000000000000000e+00 1.854130000000000014e-02 1.856119999999999992e-02
8.971824912000000429e-01 1.840564500000000173e-02 3.739880000000000114e-04 1.000000000000000000e+00 1.848510000000000084e-02 1.850490000000000121e-02
8.974815520000000157e-01 1.834610799999999986e-02 3.734079999999999865e-04 1.000000000000000000e+00 1.842699999999999894e-02 1.844679999999999931e-02
8.977807125000000221e-01 1.828738699999999870e-02 3.728219999999999755e-04 1.000000000000000000e+00 1.836780000000000010e-02 1.838760000000000047e-02
8.980799726999999510e-01 1.823279800000000145e-02 3.722500000000000223e-04 1.000000000000000000e+00 1.830939999999999998e-02 1.832920000000000035e-02
8.983793327000000328e-01 1.818643199999999890e-02 3.717209999999999872e-04 1.000000000000000000e+00 1.825480000000000158e-02 1.827459999999999848e-02
8.986787925000000454e-01 1.815216799999999978e-02 3.712720000000000191e-04 1.000000000000000000e+00 1.820750000000000146e-02 1.822719999999999896e-02
8.989783520999999888e-01 1.813257299999999905e-02 3.709359999999999871e-04 1.000000000000000000e+00 1.817080000000000084e-02 1.819060000000000121e-02
8.992780115999999824e-01 1.812811500000000020e-02 3.707380000000000137e-04 1.000000000000000000e+00 1.814730000000000162e-02 1.816720000000000140e-02
8.995777709000000177e-01 1.813702899999999896e-02 3.706830000000000151e-04 1.000000000000000000e+00 1.813760000000000025e-02 1.815750000000000003e-02
8.998776302000000005e-01 1.815589100000000039e-02 3.707599999999999806e-04 1.000000000000000000e+00 1.814059999999999978e-02 1.816059999999999897e-02
9.001775894000000333e-01 1.818071300000000112e-02 3.709419999999999731e-04 1.000000000000000000e+00 1.815369999999999831e-02 1.817389999999999978e-02
9.004776486000000135e-01 1.820816499999999838e-02 3.711960000000000151e-04 1.000000000000000000e+00 1.817389999999999978e-02 1.819420000000000065e-02
9.007778078000000521e-01 1.823649199999999998e-02 3.714909999999999979e-04 1.000000000000000000e+00 1.819809999999999831e-02 1.821860000000000146e-02
9.010780670000000381e-01 1.826583500000000110e-02 3.718109999999999948e-04 1.000000000000000000e+00 1.822479999999999933e-02 1.824539999999999842e-02
9.013784263999999880e-01 1.829790800000000162e-02 3.721509999999999814e-04 1.000000000000000000e+00 1.825359999999999830e-02 1.827430000000000027e-02
9.016788859000000045e-01 1.833514500000000061e-02 3.725220000000000224e-04 1.000000000000000000e+00 1.828559999999999908e-02 1.830640000000000045e-02
9.019794454999999767e-01 1.837961800000000034e-02 3.729410000000000060e-04 1.000000000000000000e+00 1.832239999999999910e-02 1.834339999999999929e-02
9.022801053000000238e-01 1.843206999999999832e-02 3.734240000000000215e-04 1.000000000000000000e+00 1.836559999999999929e-02 1.838669999999999888e-02
9.025808654000000431e-01 1.849135199999999910e-02 3.739759999999999851e-04 1.000000000000000000e+00 1.841579999999999953e-02 1.843710000000000140e-02
9.028817256000000180e-01 1.855436800000000164e-02 3.745880000000000260e-04 1.000000000000000000e+00 1.847210000000000171e-02 1.849349999999999952e-02
9.031826861999999734e-01 1.861659499999999967e-02 3.752350000000000216e-04 1.000000000000000000e+00 1.853199999999999986e-02 1.855359999999999995e-02
9.034837471000000120e-01 1.867288300000000123e-02 3.758769999999999928e-04 1.000000000000000000e+00 1.859169999999999920e-02 1.861350000000000157e-02
9.037849084000000310e-01 1.871837700000000132e-02 3.764700000000000056e-04 1.000000000000000000e+00 1.864690000000000097e-02 1.866879999999999928e-02
9.040861700000000223e-01 1.874925499999999939e-02 3.769700000000000177e-04 1.000000000000000000e+00 1.869300000000000128e-02 1.871509999999999840e-02
9.043875321000000023e-01 1.876316899999999968e-02 3.773399999999999888e-04 1.000000000000000000e+00 1.872650000000000009e-02 1.874870000000000009e-02
9.046889945999999627e-01 1.875935600000000134e-02 3.775539999999999972e-04 1.000000000000000000e+00 1.874479999999999896e-02 1.876709999999999837e-02
9.049905576000000229e-01 1.873854299999999987e-02 3.776009999999999783e-04 1.000000000000000000e+00 1.874680000000000096e-02 1.876910000000000037e-02
9.052922210999999608e-01 1.870274099999999842e-02 3.774830000000000177e-04 1.000000000000000000e+00 1.873249999999999915e-02 1.875490000000000143e-02
9.055939852000000068e-01 1.865501599999999996e-02 3.772159999999999879e-04 1.000000000000000000e+00 1.870339999999999850e-02 1.872580000000000078e-02
9.058958498000000414e-01 1.859925200000000015e-02 3.768229999999999800e-04 1.000000000000000000e+00 1.866220000000000032e-02 1.868459999999999913e-02
9.061978150999999704e-01 1.853985799999999934e-02 3.763409999999999802e-04 1.000000000000000000e+00 1.861209999999999948e-02 1.863449999999999829e-02
9.064998810000000073e-01 1.848139999999999852e-02 3.758090000000000063e-04 1.000000000000000000e+00 1.855729999999999880e-02 1.857960000000000167e-02
9.068020476999999469e-01 1.842813000000000090e-02 3.752709999999999922e-04 1.000000000000000000e+00 1.850190000000000168e-02 1.852420000000000108e-02
9.071043149999999944e-01 1.838352000000000042e-02 3.747660000000000097e-04 1.000000000000000000e+00 1.845010000000000053e-02 1.847230000000000052e-02
9.074066831000000555e-01 1.834990200000000127e-02 3.743309999999999910e-04 1.000000000000000000e+00 1.840510000000000063e-02 1.842740000000000003e-02
9.077091520000000191e-01 1.832827299999999909e-02 3.739899999999999887e-04 1.000000000000000000e+00 1.836959999999999982e-02 1.839189999999999922e-02
9.080117216999999963e-01 1.831836900000000101e-02 3.737559999999999906e-04 1.000000000000000000e+00 1.834490000000000079e-02 1.836710000000000079e-02
9.083143922999999953e-01 1.831890099999999855e-02 3.736319999999999897e-04 1.000000000000000000e+00 1.833109999999999948e-02 1.835329999999999948e-02
9.086171638000000161e-01 1.832794000000000090e-02 3.736100000000000228e-04 1.000000000000000000e+00 1.832740000000000063e-02 1.834970000000000004e-02
9.089200361999999478e-01 1.834329800000000094e-02 3.736750000000000163e-04 1.000000000000000000e+00 1.833250000000000157e-02 1.835480000000000098e-02
9.092230095000000123e-01 1.836281400000000161e-02 3.738069999999999804e-04 1.000000000000000000e+00 1.834430000000000088e-02 1.836669999999999969e-02
9.095260837999999959e-01 1.838449299999999828e-02 3.739859999999999799e-04 1.000000000000000000e+00 1.836110000000000173e-02 1.838350000000000053e-02
9.098292592000000178e-01 1.840648699999999915e-02 3.741920000000000250e-04 1.000000000000000000e+00 1.838079999999999922e-02 1.840320000000000150e-02
9.101325355999999589e-01 1.842701000000000061e-02 3.744059999999999793e-04 1.000000000000000000e+00 1.840160000000000060e-02 1.842409999999999881e-02
9.104359131000000493e-01 1.844426799999999977e-02 3.746069999999999999e-04 1.000000000000000000e+00 1.842179999999999859e-02 1.844430000000000028e-02
9.107393917999999644e-01 1.845654600000000076e-02 3.747779999999999818e-04 1.000000000000000000e+00 1.843950000000000103e-02 1.846189999999999984e-02
9.110429716000000289e-01 1.846248199999999881e-02 3.749010000000000211e-04 1.000000000000000000e+00 1.845300000000000065e-02 1.847539999999999946e-02
9.113466526000000290e-01 1.846146800000000171e-02 3.749609999999999901e-04 1.000000000000000000e+00 1.846100000000000171e-02 1.848340000000000052e-02
9.116504347999999647e-01 1.845401400000000122e-02 3.749530000000000267e-04 1.000000000000000000e+00 1.846269999999999856e-02 1.848500000000000143e-02
9.119543182999999553e-01 1.844191499999999970e-02 3.748800000000000157e-04 1.000000000000000000e+00 1.845830000000000040e-02 1.848059999999999981e-02
9.122583029999999926e-01 1.842800600000000025e-02 3.747600000000000237e-04 1.000000000000000000e+00 1.844919999999999893e-02 1.847139999999999893e-02
9.125623890999999821e-01 1.841555400000000065e-02 3.746180000000000104e-04 1.000000000000000000e+00 1.843770000000000131e-02 1.845979999999999843e-02
9.128665766000000348e-01 1.840741599999999936e-02 3.744840000000000148e-04 1.000000000000000000e+00 1.842639999999999903e-02 1.844840000000000022e-02
9.131708654000000314e-01 1.840522400000000128e-02 3.743849999999999739e-04 1.000000000000000000e+00 1.841790000000000094e-02 1.843989999999999865e-02
9.134752556999999884e-01 1.840897099999999967e-02 3.743400000000000243e-04 1.000000000000000000e+00 1.841399999999999981e-02 1.843600000000000100e-02
9.137797475000000169e-01 1.841715099999999966e-02 3.743509999999999806e-04 1.000000000000000000e+00 1.841510000000000022e-02 1.843710000000000140e-02
9.140843406999999976e-01 1.842745499999999884e-02 3.744080000000000108e-04 1.000000000000000000e+00 1.842039999999999997e-02 1.844240000000000115e-02
9.143890354999999470e-01 1.843770499999999868e-02 3.744919999999999781e-04 1.000000000000000000e+00 1.842840000000000103e-02 1.845039999999999875e-02
9.146938318999999762e-01 1.844663800000000131e-02 3.745849999999999787e-04 1.000000000000000000e+00 1.843730000000000022e-02 1.845940000000000081e-02
9.149987297999999658e-01 1.845420199999999941e-02 3.746730000000000091e-04 1.000000000000000000e+00 1.844600000000000059e-02 1.846810000000000118e-02
9.153037294000000434e-01 1.846128099999999952e-02 3.747520000000000061e-04 1.000000000000000000e+00 1.845410000000000106e-02 1.847609999999999877e-02
9.156088305999999788e-01 1.846908300000000072e-02 3.748269999999999944e-04 1.000000000000000000e+00 1.846189999999999984e-02 1.848400000000000043e-02
9.159140336000000104e-01 1.847858299999999981e-02 3.749059999999999914e-04 1.000000000000000000e+00 1.847019999999999912e-02 1.849220000000000030e-02
9.162193382000000108e-01 1.849031500000000022e-02 3.749989999999999921e-04 1.000000000000000000e+00 1.847959999999999881e-02 1.850159999999999999e-02
9.165247447000000047e-01 1.850457399999999933e-02 3.751119999999999823e-04 1.000000000000000000e+00 1.849069999999999880e-02 1.851279999999999940e-02
9.168302528999999756e-01 1.852179300000000167e-02 3.752510000000000025e-04 1.000000000000000000e+00 1.850399999999999961e-02 1.852610000000000021e-02
9.171358630000000511e-01 1.854277099999999956e-02 3.754230000000000002e-04 1.000000000000000000e+00 1.852010000000000114e-02 1.854219999999999827e-02
9.174415750000000092e-01 1.856852800000000081e-02 3.756359999999999929e-04 1.000000000000000000e+00 1.853969999999999924e-02 1.856189999999999923e-02
9.177473887999999524e-01 1.859982799999999881e-02 3.758979999999999982e-04 1.000000000000000000e+00 1.856379999999999836e-02 1.858610000000000123e-02
9.180533046000000086e-01 1.863662599999999989e-02 3.762160000000000178e-04 1.000000000000000000e+00 1.859299999999999842e-02 1.861530000000000129e-02
9.183593223999999555e-01 1.867775199999999886e-02 3.765880000000000204e-04 1.000000000000000000e+00 1.862720000000000001e-02 1.864959999999999882e-02
9.186654422000000153e-01 1.872099099999999933e-02 3.770050000000000267e-04 1.000000000000000000e+00 1.866550000000000153e-02 1.868799999999999975e-02
9.189716639999999659e-01 1.876355000000000037e-02 3.774480000000000088e-04 1.000000000000000000e+00 1.870609999999999981e-02 1.872880000000000031e-02
9.192779879000000376e-01 1.880267099999999997e-02 3.778930000000000223e-04 1.000000000000000000e+00 1.874659999999999868e-02 1.876939999999999859e-02
9.195844139000000084e-01 1.883619900000000139e-02 3.783160000000000147e-04 1.000000000000000000e+00 1.878470000000000140e-02 1.880770000000000011e-02
9.198909419999999892e-01 1.886291500000000093e-02 3.786959999999999806e-04 1.000000000000000000e+00 1.881829999999999961e-02 1.884150000000000061e-02
9.201975722999999885e-01 1.888260300000000128e-02 3.790190000000000247e-04 1.000000000000000000e+00 1.884629999999999986e-02 1.886950000000000086e-02
9.205043049000000144e-01 1.889592099999999955e-02 3.792800000000000143e-04 1.000000000000000000e+00 1.886799999999999936e-02 1.889139999999999917e-02
9.208111396000000504e-01 1.890411900000000048e-02 3.794809999999999807e-04 1.000000000000000000e+00 1.888400000000000148e-02 1.890750000000000069e-02
9.211180767000000102e-01 1.890870799999999977e-02 3.796289999999999799e-04 1.000000000000000000e+00 1.889499999999999860e-02 1.891860000000000069e-02
9.214251159999999885e-01 1.891112299999999843e-02 3.797340000000000069e-04 1.000000000000000000e+00 1.890239999999999976e-02 1.892610000000000126e-02
9.217322577000000017e-01 1.891246699999999878e-02 3.798089999999999951e-04 1.000000000000000000e+00 1.890740000000000129e-02 1.893109999999999932e-02
9.220395018000000498e-01 1.891336399999999848e-02 3.798599999999999850e-04 1.000000000000000000e+00 1.891090000000000132e-02 1.893469999999999875e-02
9.223468483000000218e-01 1.891401200000000088e-02 3.798939999999999782e-04 1.000000000000000000e+00 1.891369999999999857e-02 1.893740000000000007e-02
9.226542973000000369e-01 1.891434999999999991e-02 3.799130000000000063e-04 1.000000000000000000e+00 1.891589999999999938e-02 1.893960000000000088e-02
9.229618486999999760e-01 1.891433600000000034e-02 3.799179999999999766e-04 1.000000000000000000e+00 1.891769999999999910e-02 1.894130000000000119e-02
9.232695026999999666e-01 1.891415899999999983e-02 3.799119999999999906e-04 1.000000000000000000e+00 1.891899999999999832e-02 1.894250000000000100e-02
9.235772592000000003e-01 1.891432900000000056e-02 3.798960000000000097e-04 1.000000000000000000e+00 1.891999999999999932e-02 1.894349999999999853e-02
9.238851181999999662e-01 1.891557099999999908e-02 3.798769999999999816e-04 1.000000000000000000e+00 1.892129999999999854e-02 1.894469999999999835e-02
9.241930798999999919e-01 1.891855200000000167e-02 3.798610000000000007e-04 1.000000000000000000e+00 1.892349999999999935e-02 1.894679999999999975e-02
9.245011442999999662e-01 1.892355800000000005e-02 3.798520000000000217e-04 1.000000000000000000e+00 1.892730000000000107e-02 1.895049999999999860e-02
9.248093114000000003e-01 1.893017599999999995e-02 3.798499999999999902e-04 1.000000000000000000e+00 1.893310000000000132e-02 1.895610000000000003e-02
9.251175810999999749e-01 1.893714200000000056e-02 3.798510000000000059e-04 1.000000000000000000e+00 1.894059999999999841e-02 1.896339999999999831e-02
9.254259536000000175e-01 1.894238000000000172e-02 3.798389999999999796e-04 1.000000000000000000e+00 1.894869999999999888e-02 1.897129999999999997e-02
9.257344290000000253e-01 1.894319599999999895e-02 3.797949999999999915e-04 1.000000000000000000e+00 1.895559999999999953e-02 1.897789999999999894e-02
9.260430070999999819e-01 1.893670299999999918e-02 3.796939999999999734e-04 1.000000000000000000e+00 1.895869999999999847e-02 1.898060000000000025e-02
9.263516881000000147e-01 1.892019600000000024e-02 3.795089999999999878e-04 1.000000000000000000e+00 1.895519999999999844e-02 1.897669999999999912e-02
9.266604720000000128e-01 1.889152300000000034e-02 3.792180000000000138e-04 1.000000000000000000e+00 1.894209999999999991e-02 1.896319999999999950e-02
9.269693587999999762e-01 1.884924300000000164e-02 3.788059999999999778e-04 1.000000000000000000e+00 1.891709999999999919e-02 1.893769999999999828e-02
9.272783486000000241e-01 1.879249399999999987e-02 3.782640000000000091e-04 1.000000000000000000e+00 1.887830000000000064e-02 1.889839999999999923e-02
9.275874414000000456e-01 1.872066699999999986e-02 3.775890000000000062e-04 1.000000000000000000e+00 1.882440000000000155e-02 1.884409999999999905e-02
9.278966372000000407e-01 1.863293099999999841e-02 3.767810000000000234e-04 1.000000000000000000e+00 1.875459999999999974e-02 1.877389999999999962e-02
9.282059361000000175e-01 1.852788299999999846e-02 3.758379999999999750e-04 1.000000000000000000e+00 1.866800000000000057e-02 1.868699999999999875e-02
9.285153380999999762e-01 1.840345399999999965e-02 3.747499999999999746e-04 1.000000000000000000e+00 1.856369999999999895e-02 1.858249999999999832e-02
9.288248432000000276e-01 1.825727400000000042e-02 3.735020000000000028e-04 1.000000000000000000e+00 1.844010000000000093e-02 1.845880000000000090e-02
9.291344514999999582e-01 1.808726000000000084e-02 3.720689999999999913e-04 1.000000000000000000e+00 1.829580000000000095e-02 1.831429999999999864e-02
9.294441629999999899e-01 1.789245500000000155e-02 3.704280000000000116e-04 1.000000000000000000e+00 1.812920000000000156e-02 1.814759999999999984e-02
9.297539777000000116e-01 1.767377800000000110e-02 3.685609999999999971e-04 1.000000000000000000e+00 1.793990000000000168e-02 1.795820000000000055e-02
9.300638957000000318e-01 1.743440900000000141e-02 3.664650000000000091e-04 1.000000000000000000e+00 1.772860000000000061e-02 1.774680000000000007e-02
9.303739170000000502e-01 1.717968400000000062e-02 3.641550000000000125e-04 1.000000000000000000e+00 1.749799999999999967e-02 1.751609999999999973e-02
9.306840415999999561e-01 1.691653300000000096e-02 3.616660000000000165e-04 1.000000000000000000e+00 1.725259999999999988e-02 1.727050000000000113e-02
9.309942695999999795e-01 1.665248800000000001e-02 3.590530000000000197e-04 1.000000000000000000e+00 1.699799999999999922e-02 1.701570000000000166e-02
9.313046010000000097e-01 1.639457799999999993e-02 3.563789999999999840e-04 1.000000000000000000e+00 1.674080000000000013e-02 1.675830000000000028e-02
9.316150359000000547e-01 1.614839699999999836e-02 3.537100000000000270e-04 1.000000000000000000e+00 1.648720000000000047e-02 1.650439999999999893e-02
9.319255743000000036e-01 1.591769399999999959e-02 3.511060000000000092e-04 1.000000000000000000e+00 1.624249999999999999e-02 1.625940000000000024e-02
9.322362160999999592e-01 1.570467000000000043e-02 3.486149999999999818e-04 1.000000000000000000e+00 1.601050000000000043e-02 1.602709999999999899e-02
9.325469615000000490e-01 1.551083399999999939e-02 3.462730000000000235e-04 1.000000000000000000e+00 1.579399999999999901e-02 1.581029999999999935e-02
9.328578105000000509e-01 1.533802199999999977e-02 3.441119999999999878e-04 1.000000000000000000e+00 1.559510000000000063e-02 1.561120000000000042e-02
9.331687630999999650e-01 1.518912099999999987e-02 3.421629999999999832e-04 1.000000000000000000e+00 1.541640000000000024e-02 1.543220000000000008e-02
9.334798194000000215e-01 1.506802200000000036e-02 3.404659999999999891e-04 1.000000000000000000e+00 1.526070000000000031e-02 1.527640000000000074e-02
9.337909792999999903e-01 1.497877499999999973e-02 3.390649999999999936e-04 1.000000000000000000e+00 1.513169999999999966e-02 1.514730000000000069e-02
9.341022429999999988e-01 1.492428200000000052e-02 3.380039999999999846e-04 1.000000000000000000e+00 1.503320000000000004e-02 1.504869999999999992e-02
9.344136104000000387e-01 1.490508599999999968e-02 3.373140000000000166e-04 1.000000000000000000e+00 1.496770000000000045e-02 1.498329999999999974e-02
9.347250816000000073e-01 1.491879699999999927e-02 3.370029999999999987e-04 1.000000000000000000e+00 1.493620000000000017e-02 1.495179999999999947e-02
9.350366566000000157e-01 1.496043799999999951e-02 3.370520000000000113e-04 1.000000000000000000e+00 1.493680000000000008e-02 1.495239999999999937e-02
9.353483354999999611e-01 1.502362299999999984e-02 3.374130000000000033e-04 1.000000000000000000e+00 1.496560000000000078e-02 1.498140000000000062e-02
9.356601182999999544e-01 1.510213499999999917e-02 3.380270000000000215e-04 1.000000000000000000e+00 1.501740000000000019e-02 1.503320000000000004e-02
9.359720049999999958e-01 1.519156600000000010e-02 3.388320000000000112e-04 1.000000000000000000e+00 1.508669999999999976e-02 1.510270000000000015e-02
9.362839955999999741e-01 1.529046600000000082e-02 3.397809999999999915e-04 1.000000000000000000e+00 1.516960000000000010e-02 1.518569999999999989e-02
9.365960903000000171e-01 1.540075699999999929e-02 3.408540000000000268e-04 1.000000000000000000e+00 1.526420000000000034e-02 1.528050000000000068e-02
9.369082890000000052e-01 1.552713399999999973e-02 3.420620000000000193e-04 1.000000000000000000e+00 1.537170000000000029e-02 1.538810000000000004e-02
9.372205917999999469e-01 1.567547700000000016e-02 3.434409999999999937e-04 1.000000000000000000e+00 1.549520000000000064e-02 1.551179999999999920e-02
9.375329985999999449e-01 1.585044400000000173e-02 3.450400000000000168e-04 1.000000000000000000e+00 1.563940000000000122e-02 1.565619999999999859e-02
9.378455096000000157e-01 1.605297899999999847e-02 3.468950000000000050e-04 1.000000000000000000e+00 1.580770000000000092e-02 1.582470000000000057e-02
9.381581248000000484e-01 1.627844999999999986e-02 3.490100000000000212e-04 1.000000000000000000e+00 1.600079999999999905e-02 1.601800000000000099e-02
9.384708442000000428e-01 1.651617699999999994e-02 3.513410000000000231e-04 1.000000000000000000e+00 1.621480000000000143e-02 1.623230000000000159e-02
9.387836677999999990e-01 1.675062199999999973e-02 3.537890000000000240e-04 1.000000000000000000e+00 1.644090000000000135e-02 1.645869999999999972e-02
9.390965957000000364e-01 1.696406199999999850e-02 3.562120000000000108e-04 1.000000000000000000e+00 1.666590000000000085e-02 1.668410000000000032e-02
9.394096279000000438e-01 1.713989900000000011e-02 3.584489999999999964e-04 1.000000000000000000e+00 1.687460000000000002e-02 1.689299999999999830e-02
9.397227644000000213e-01 1.726561899999999941e-02 3.603449999999999796e-04 1.000000000000000000e+00 1.705200000000000118e-02 1.707070000000000115e-02
9.400360052999999771e-01 1.733450799999999847e-02 3.617790000000000068e-04 1.000000000000000000e+00 1.718609999999999929e-02 1.720500000000000154e-02
9.403493507000000307e-01 1.734596600000000086e-02 3.626789999999999745e-04 1.000000000000000000e+00 1.726940000000000072e-02 1.728839999999999891e-02
9.406628004999999515e-01 1.730446799999999993e-02 3.630239999999999856e-04 1.000000000000000000e+00 1.729949999999999891e-02 1.731859999999999997e-02
9.409763546999999617e-01 1.721803499999999959e-02 3.628379999999999843e-04 1.000000000000000000e+00 1.727860000000000160e-02 1.729779999999999859e-02
9.412900134999999668e-01 1.709673899999999969e-02 3.621839999999999869e-04 1.000000000000000000e+00 1.721280000000000032e-02 1.723190000000000138e-02
9.416037768999999669e-01 1.695166199999999929e-02 3.611479999999999920e-04 1.000000000000000000e+00 1.711040000000000130e-02 1.712939999999999949e-02
9.419176447999999535e-01 1.679430599999999843e-02 3.598329999999999953e-04 1.000000000000000000e+00 1.698140000000000066e-02 1.700029999999999944e-02
9.422316173000000461e-01 1.663622199999999912e-02 3.583489999999999939e-04 1.000000000000000000e+00 1.683660000000000018e-02 1.685549999999999896e-02
9.425456945000000308e-01 1.648852500000000040e-02 3.568110000000000097e-04 1.000000000000000000e+00 1.668729999999999866e-02 1.670610000000000150e-02
9.428598764000000187e-01 1.636108899999999880e-02 3.553340000000000101e-04 1.000000000000000000e+00 1.654419999999999849e-02 1.656289999999999846e-02
9.431741631000000181e-01 1.626158999999999938e-02 3.540199999999999749e-04 1.000000000000000000e+00 1.641710000000000044e-02 1.643580000000000041e-02
9.434885544000000124e-01 1.619458799999999934e-02 3.529550000000000114e-04 1.000000000000000000e+00 1.631379999999999983e-02 1.633240000000000039e-02
9.438030506000000264e-01 1.616099400000000144e-02 3.521950000000000254e-04 1.000000000000000000e+00 1.623930000000000165e-02 1.625789999999999874e-02
9.441176516000000518e-01 1.615814200000000034e-02 3.517600000000000067e-04 1.000000000000000000e+00 1.619539999999999869e-02 1.621399999999999925e-02
9.444323574999999860e-01 1.618064500000000044e-02 3.516370000000000216e-04 1.000000000000000000e+00 1.618069999999999925e-02 1.619939999999999922e-02
9.447471683000000509e-01 1.622170200000000104e-02 3.517850000000000209e-04 1.000000000000000000e+00 1.619119999999999934e-02 1.620999999999999872e-02
9.450620840000000245e-01 1.627460400000000154e-02 3.521430000000000198e-04 1.000000000000000000e+00 1.622149999999999981e-02 1.624039999999999859e-02
9.453771047000000260e-01 1.633381999999999890e-02 3.526499999999999795e-04 1.000000000000000000e+00 1.626570000000000099e-02 1.628479999999999858e-02
9.456922303999999446e-01 1.639535099999999898e-02 3.532489999999999784e-04 1.000000000000000000e+00 1.631869999999999848e-02 1.633789999999999895e-02
9.460074612000000105e-01 1.645638400000000098e-02 3.538939999999999968e-04 1.000000000000000000e+00 1.637620000000000048e-02 1.639550000000000035e-02
9.463227969999999933e-01 1.651455300000000126e-02 3.545500000000000257e-04 1.000000000000000000e+00 1.643500000000000169e-02 1.645440000000000097e-02
9.466382379000000125e-01 1.656734099999999932e-02 3.551849999999999951e-04 1.000000000000000000e+00 1.649209999999999912e-02 1.651160000000000128e-02
9.469537839999999651e-01 1.661197299999999863e-02 3.557710000000000061e-04 1.000000000000000000e+00 1.654479999999999840e-02 1.656449999999999936e-02
9.472694352999999623e-01 1.664585700000000001e-02 3.562799999999999973e-04 1.000000000000000000e+00 1.659040000000000167e-02 1.661019999999999858e-02
9.475851916999999958e-01 1.666731999999999936e-02 3.566849999999999773e-04 1.000000000000000000e+00 1.662639999999999951e-02 1.664619999999999989e-02
9.479010534999999793e-01 1.667637599999999970e-02 3.569700000000000195e-04 1.000000000000000000e+00 1.665120000000000142e-02 1.667110000000000120e-02
9.482170205000000074e-01 1.667518700000000104e-02 3.571359999999999769e-04 1.000000000000000000e+00 1.666460000000000163e-02 1.668460000000000082e-02
9.485330927999999773e-01 1.666808700000000157e-02 3.571989999999999931e-04 1.000000000000000000e+00 1.666849999999999929e-02 1.668849999999999847e-02
9.488492705000000083e-01 1.666097299999999906e-02 3.571989999999999931e-04 1.000000000000000000e+00 1.666619999999999907e-02 1.668630000000000113e-02
9.491655535999999893e-01 1.666006700000000063e-02 3.571879999999999825e-04 1.000000000000000000e+00 1.666290000000000132e-02 1.668299999999999991e-02
9.494819421000000315e-01 1.667025299999999946e-02 3.572240000000000072e-04 1.000000000000000000e+00 1.666379999999999945e-02 1.668390000000000151e-02
9.497984361000000320e-01 1.669347900000000065e-02 3.573510000000000011e-04 1.000000000000000000e+00 1.667309999999999973e-02 1.669330000000000119e-02
9.501150355999999908e-01 1.672797499999999910e-02 3.575920000000000010e-04 1.000000000000000000e+00 1.669299999999999951e-02 1.671320000000000097e-02
9.504317406000000190e-01 1.676884999999999834e-02 3.579370000000000121e-04 1.000000000000000000e+00 1.672239999999999838e-02 1.674269999999999925e-02
9.507485512000000138e-01 1.681005500000000083e-02 3.583500000000000097e-04 1.000000000000000000e+00 1.675799999999999859e-02 1.677839999999999887e-02
9.510654673999999753e-01 1.684684399999999971e-02 3.587819999999999811e-04 1.000000000000000000e+00 1.679519999999999971e-02 1.681579999999999880e-02
9.513824892000000144e-01 1.687766099999999866e-02 3.591940000000000172e-04 1.000000000000000000e+00 1.683029999999999943e-02 1.685100000000000139e-02
9.516996167000000284e-01 1.690439999999999998e-02 3.595690000000000127e-04 1.000000000000000000e+00 1.686170000000000030e-02 1.688250000000000167e-02
9.520168499000000173e-01 1.693099699999999971e-02 3.599160000000000011e-04 1.000000000000000000e+00 1.689039999999999986e-02 1.691130000000000064e-02
9.523341888999999894e-01 1.696112899999999840e-02 3.602610000000000122e-04 1.000000000000000000e+00 1.691880000000000120e-02 1.693990000000000079e-02
9.526516336000000473e-01 1.699618500000000046e-02 3.606290000000000060e-04 1.000000000000000000e+00 1.694970000000000157e-02 1.697090000000000057e-02
9.529691840999999775e-01 1.703462600000000063e-02 3.610320000000000087e-04 1.000000000000000000e+00 1.698399999999999910e-02 1.700530000000000097e-02
9.532868405000000100e-01 1.707285700000000031e-02 3.614560000000000169e-04 1.000000000000000000e+00 1.702100000000000141e-02 1.704239999999999922e-02
9.536046028000000341e-01 1.710701499999999972e-02 3.618739999999999847e-04 1.000000000000000000e+00 1.705800000000000025e-02 1.707960000000000034e-02
9.539224710000000496e-01 1.713477799999999981e-02 3.622550000000000206e-04 1.000000000000000000e+00 1.709230000000000124e-02 1.711390000000000133e-02
9.542404451999999537e-01 1.715633700000000067e-02 3.625790000000000263e-04 1.000000000000000000e+00 1.712170000000000011e-02 1.714339999999999961e-02
9.545585252999999604e-01 1.717430299999999840e-02 3.628440000000000246e-04 1.000000000000000000e+00 1.714629999999999974e-02 1.716799999999999923e-02
9.548767114999999750e-01 1.719275699999999948e-02 3.630719999999999824e-04 1.000000000000000000e+00 1.716770000000000101e-02 1.718940000000000051e-02
9.551950036999999893e-01 1.721593299999999924e-02 3.632940000000000084e-04 1.000000000000000000e+00 1.718890000000000001e-02 1.721069999999999892e-02
9.555134021000000200e-01 1.724692800000000165e-02 3.635490000000000119e-04 1.000000000000000000e+00 1.721340000000000023e-02 1.723509999999999973e-02
9.558319065000000503e-01 1.728677699999999970e-02 3.638669999999999773e-04 1.000000000000000000e+00 1.724370000000000069e-02 1.726540000000000019e-02
9.561505171999999941e-01 1.733405000000000015e-02 3.642610000000000010e-04 1.000000000000000000e+00 1.728110000000000063e-02 1.730280000000000012e-02
9.564692339999999460e-01 1.738506600000000110e-02 3.647219999999999954e-04 1.000000000000000000e+00 1.732469999999999843e-02 1.734640000000000140e-02
9.567880571000000334e-01 1.743482000000000018e-02 3.652230000000000233e-04 1.000000000000000000e+00 1.737170000000000034e-02 1.739349999999999924e-02
9.571069864000000260e-01 1.747842000000000146e-02 3.657229999999999813e-04 1.000000000000000000e+00 1.741840000000000055e-02 1.744029999999999886e-02
9.574260221000000515e-01 1.751270400000000046e-02 3.661800000000000211e-04 1.000000000000000000e+00 1.746069999999999914e-02 1.748260000000000092e-02
9.577451640999999904e-01 1.753744999999999957e-02 3.665650000000000115e-04 1.000000000000000000e+00 1.749590000000000173e-02 1.751780000000000004e-02
9.580644124999999622e-01 1.755567800000000164e-02 3.668720000000000206e-04 1.000000000000000000e+00 1.752350000000000088e-02 1.754549999999999860e-02
9.583837672999999668e-01 1.757279999999999953e-02 3.671219999999999995e-04 1.000000000000000000e+00 1.754560000000000147e-02 1.756769999999999859e-02
9.587032285000000043e-01 1.759491599999999864e-02 3.673570000000000134e-04 1.000000000000000000e+00 1.756629999999999997e-02 1.758840000000000056e-02
9.590227962999999800e-01 1.762678900000000035e-02 3.676260000000000205e-04 1.000000000000000000e+00 1.759039999999999909e-02 1.761259999999999909e-02
9.593424705999999968e-01 1.767032199999999872e-02 3.679719999999999931e-04 1.000000000000000000e+00 1.762189999999999937e-02 1.764409999999999937e-02
9.596622514000000548e-01 1.772401900000000058e-02 3.684140000000000136e-04 1.000000000000000000e+00 1.766260000000000052e-02 1.768489999999999993e-02
9.599821388000000510e-01 1.778360600000000041e-02 3.689459999999999875e-04 1.000000000000000000e+00 1.771189999999999917e-02 1.773430000000000145e-02
9.603021327999999857e-01 1.784350300000000014e-02 3.695379999999999845e-04 1.000000000000000000e+00 1.776660000000000045e-02 1.778909999999999866e-02
9.606222334999999779e-01 1.789854700000000076e-02 3.701460000000000167e-04 1.000000000000000000e+00 1.782250000000000154e-02 1.784519999999999856e-02
9.609424410000000361e-01 1.794538299999999878e-02 3.707259999999999874e-04 1.000000000000000000e+00 1.787530000000000022e-02 1.789810000000000012e-02
9.612627551000000325e-01 1.798307999999999851e-02 3.712489999999999822e-04 1.000000000000000000e+00 1.792209999999999984e-02 1.794499999999999915e-02
9.615831759999999839e-01 1.801288499999999931e-02 3.716999999999999818e-04 1.000000000000000000e+00 1.796149999999999830e-02 1.798459999999999989e-02
9.619037038000000095e-01 1.803735100000000008e-02 3.720819999999999792e-04 1.000000000000000000e+00 1.799409999999999898e-02 1.801739999999999939e-02
9.622243382999999817e-01 1.805932000000000023e-02 3.724120000000000251e-04 1.000000000000000000e+00 1.802170000000000161e-02 1.804510000000000142e-02
9.625450798000000363e-01 1.808110599999999957e-02 3.727100000000000009e-04 1.000000000000000000e+00 1.804650000000000004e-02 1.806999999999999926e-02
9.628659281000000458e-01 1.810420199999999979e-02 3.729939999999999731e-04 1.000000000000000000e+00 1.807030000000000095e-02 1.809399999999999897e-02
9.631868834000000268e-01 1.812940000000000038e-02 3.732769999999999838e-04 1.000000000000000000e+00 1.809469999999999829e-02 1.811839999999999978e-02
9.635079456999999792e-01 1.815713399999999839e-02 3.735710000000000051e-04 1.000000000000000000e+00 1.812060000000000060e-02 1.814440000000000150e-02
9.638291150000000140e-01 1.818774000000000085e-02 3.738810000000000072e-04 1.000000000000000000e+00 1.814850000000000144e-02 1.817229999999999887e-02
9.641503914000000286e-01 1.822152999999999967e-02 3.742139999999999920e-04 1.000000000000000000e+00 1.817890000000000131e-02 1.820280000000000162e-02
9.644717749000000229e-01 1.825872200000000153e-02 3.745740000000000224e-04 1.000000000000000000e+00 1.821209999999999843e-02 1.823610000000000161e-02
9.647932654999999968e-01 1.829939900000000091e-02 3.749649999999999988e-04 1.000000000000000000e+00 1.824850000000000083e-02 1.827240000000000114e-02
9.651148631999999505e-01 1.834358999999999990e-02 3.753890000000000070e-04 1.000000000000000000e+00 1.828810000000000158e-02 1.831210000000000129e-02
9.654365682000000115e-01 1.839143299999999870e-02 3.758459999999999926e-04 1.000000000000000000e+00 1.833119999999999888e-02 1.835530000000000148e-02
9.657583803999999494e-01 1.844326900000000172e-02 3.763400000000000187e-04 1.000000000000000000e+00 1.837789999999999910e-02 1.840200000000000169e-02
9.660802997999999864e-01 1.849951500000000110e-02 3.768719999999999926e-04 1.000000000000000000e+00 1.842850000000000044e-02 1.845269999999999896e-02
9.664023266000000278e-01 1.856032499999999905e-02 3.774480000000000088e-04 1.000000000000000000e+00 1.848330000000000112e-02 1.850759999999999905e-02
9.667244606999999545e-01 1.862518300000000002e-02 3.780659999999999815e-04 1.000000000000000000e+00 1.854240000000000055e-02 1.856680000000000136e-02
9.670467021999999968e-01 1.869265300000000005e-02 3.787230000000000262e-04 1.000000000000000000e+00 1.860509999999999942e-02 1.862959999999999963e-02
9.673690511000000436e-01 1.876042799999999913e-02 3.794059999999999924e-04 1.000000000000000000e+00 1.867040000000000019e-02 1.869499999999999981e-02
9.676915073999999839e-01 1.882570500000000160e-02 3.800960000000000146e-04 1.000000000000000000e+00 1.873630000000000087e-02 1.876099999999999990e-02
9.680140712999999453e-01 1.888568700000000170e-02 3.807680000000000244e-04 1.000000000000000000e+00 1.880029999999999896e-02 1.882520000000000027e-02
9.683367426000000222e-01 1.893808500000000034e-02 3.813970000000000077e-04 1.000000000000000000e+00 1.886010000000000117e-02 1.888509999999999842e-02
9.686595216000000175e-01 1.898141799999999990e-02 3.819620000000000133e-04 1.000000000000000000e+00 1.891349999999999976e-02 1.893859999999999988e-02
9.689824081000000255e-01 1.901509300000000027e-02 3.824459999999999904e-04 1.000000000000000000e+00 1.895900000000000016e-02 1.898419999999999969e-02
9.693054022000000547e-01 1.903925700000000040e-02 3.828409999999999756e-04 1.000000000000000000e+00 1.899570000000000078e-02 1.902099999999999971e-02
9.696285040000000022e-01 1.905453999999999828e-02 3.831439999999999759e-04 1.000000000000000000e+00 1.902349999999999874e-02 1.904890000000000055e-02
9.699517134999999790e-01 1.906176700000000029e-02 3.833570000000000228e-04 1.000000000000000000e+00 1.904259999999999980e-02 1.906810000000000102e-02
9.702750306999999852e-01 1.906172399999999864e-02 3.834870000000000097e-04 1.000000000000000000e+00 1.905379999999999921e-02 1.907920000000000102e-02
9.705984557000000290e-01 1.905503299999999900e-02 3.835369999999999838e-04 1.000000000000000000e+00 1.905750000000000152e-02 1.908289999999999986e-02
9.709219886000000077e-01 1.904214699999999885e-02 3.835150000000000169e-04 1.000000000000000000e+00 1.905420000000000030e-02 1.907959999999999864e-02
9.712456292000000158e-01 1.902344200000000152e-02 3.834260000000000250e-04 1.000000000000000000e+00 1.904439999999999952e-02 1.906980000000000133e-02
9.715693777999999670e-01 1.899935599999999850e-02 3.832749999999999786e-04 1.000000000000000000e+00 1.902840000000000087e-02 1.905369999999999980e-02
9.718932341999999558e-01 1.897055900000000142e-02 3.830689999999999876e-04 1.000000000000000000e+00 1.900670000000000137e-02 1.903190000000000090e-02
9.722171985999999988e-01 1.893807600000000160e-02 3.828160000000000156e-04 1.000000000000000000e+00 1.897980000000000153e-02 1.900500000000000106e-02
9.725412709999999850e-01 1.890335599999999963e-02 3.825270000000000189e-04 1.000000000000000000e+00 1.894900000000000057e-02 1.897410000000000069e-02
9.728654515000000336e-01 1.886824600000000171e-02 3.822189999999999941e-04 1.000000000000000000e+00 1.891549999999999829e-02 1.894059999999999841e-02
9.731897399000000171e-01 1.883486700000000166e-02 3.819070000000000147e-04 1.000000000000000000e+00 1.888120000000000076e-02 1.890630000000000088e-02
9.735141364999999603e-01 1.880539599999999853e-02 3.816110000000000162e-04 1.000000000000000000e+00 1.884809999999999958e-02 1.887319999999999970e-02
9.738386411999999659e-01 1.878181300000000137e-02 3.813509999999999882e-04 1.000000000000000000e+00 1.881829999999999961e-02 1.884349999999999914e-02
9.741632541000000423e-01 1.876572199999999857e-02 3.811449999999999973e-04 1.000000000000000000e+00 1.879369999999999999e-02 1.881889999999999952e-02
9.744879751999999673e-01 1.875821800000000011e-02 3.810069999999999928e-04 1.000000000000000000e+00 1.877600000000000102e-02 1.880129999999999996e-02
9.748128044999999631e-01 1.875984199999999880e-02 3.809479999999999854e-04 1.000000000000000000e+00 1.876620000000000024e-02 1.879159999999999858e-02
9.751377421000000378e-01 1.877054400000000012e-02 3.809740000000000153e-04 1.000000000000000000e+00 1.876509999999999984e-02 1.879050000000000165e-02
9.754627879999999696e-01 1.878960199999999900e-02 3.810870000000000056e-04 1.000000000000000000e+00 1.877250000000000099e-02 1.879799999999999874e-02
9.757879422999999885e-01 1.881553299999999887e-02 3.812810000000000244e-04 1.000000000000000000e+00 1.878809999999999855e-02 1.881369999999999917e-02
9.761132049999999838e-01 1.884608700000000095e-02 3.815429999999999755e-04 1.000000000000000000e+00 1.881050000000000083e-02 1.883620000000000086e-02
9.764385759999999470e-01 1.887843200000000055e-02 3.818539999999999933e-04 1.000000000000000000e+00 1.883779999999999830e-02 1.886360000000000120e-02
9.767640555000000058e-01 1.890958900000000095e-02 3.821890000000000096e-04 1.000000000000000000e+00 1.886739999999999945e-02 1.889329999999999829e-02
9.770896435999999463e-01 1.893701600000000096e-02 3.825230000000000101e-04 1.000000000000000000e+00 1.889690000000000120e-02 1.892289999999999944e-02
9.774153400999999741e-01 1.895918900000000129e-02 3.828300000000000192e-04 1.000000000000000000e+00 1.892390000000000044e-02 1.895000000000000157e-02
9.777411451999999947e-01 1.897593499999999933e-02 3.830969999999999948e-04 1.000000000000000000e+00 1.894689999999999916e-02 1.897309999999999969e-02
9.780670589000000081e-01 1.898843999999999879e-02 3.833180000000000051e-04 1.000000000000000000e+00 1.896540000000000031e-02 1.899170000000000025e-02
9.783930813000000226e-01 1.899889000000000092e-02 3.835010000000000133e-04 1.000000000000000000e+00 1.898019999999999916e-02 1.900649999999999909e-02
9.787192123000000299e-01 1.900988500000000067e-02 3.836609999999999847e-04 1.000000000000000000e+00 1.899280000000000065e-02 1.901929999999999940e-02
9.790454521000000465e-01 1.902379699999999854e-02 3.838189999999999788e-04 1.000000000000000000e+00 1.900550000000000156e-02 1.903200000000000031e-02
9.793718004999999449e-01 1.904220900000000091e-02 3.839960000000000010e-04 1.000000000000000000e+00 1.902010000000000159e-02 1.904669999999999974e-02
9.796982577999999720e-01 1.906558800000000137e-02 3.842060000000000006e-04 1.000000000000000000e+00 1.903820000000000165e-02 1.906479999999999980e-02
9.800248239000000083e-01 1.909321799999999861e-02 3.844550000000000181e-04 1.000000000000000000e+00 1.906040000000000165e-02 1.908709999999999921e-02
9.803514988000000541e-01 1.912343199999999924e-02 3.847419999999999833e-04 1.000000000000000000e+00 1.908620000000000108e-02 1.911300000000000152e-02
9.806782827000000147e-01 1.915405400000000022e-02 3.850519999999999854e-04 1.000000000000000000e+00 1.911449999999999955e-02 1.914139999999999939e-02
9.810051753999999846e-01 1.918295700000000048e-02 3.853719999999999824e-04 1.000000000000000000e+00 1.914350000000000079e-02 1.917040000000000063e-02
9.813321771999999887e-01 1.920855399999999921e-02 3.856819999999999845e-04 1.000000000000000000e+00 1.917140000000000163e-02 1.919850000000000029e-02
9.816592879000000105e-01 1.923009599999999861e-02 3.859690000000000039e-04 1.000000000000000000e+00 1.919689999999999938e-02 1.922400000000000150e-02
9.819865075999999471e-01 1.924768400000000101e-02 3.862250000000000232e-04 1.000000000000000000e+00 1.921899999999999997e-02 1.924620000000000150e-02
9.823138365000000372e-01 1.926204800000000036e-02 3.864499999999999880e-04 1.000000000000000000e+00 1.923760000000000053e-02 1.926490000000000147e-02
9.826412744000000421e-01 1.927418599999999871e-02 3.866459999999999841e-04 1.000000000000000000e+00 1.925320000000000156e-02 1.928059999999999843e-02
9.829688214999999785e-01 1.928502500000000078e-02 3.868200000000000132e-04 1.000000000000000000e+00 1.926639999999999950e-02 1.929389999999999925e-02
9.832964777999999573e-01 1.929521600000000045e-02 3.869820000000000161e-04 1.000000000000000000e+00 1.927800000000000000e-02 1.930569999999999856e-02
9.836242432999999785e-01 1.930509700000000023e-02 3.871360000000000014e-04 1.000000000000000000e+00 1.928859999999999950e-02 1.931640000000000093e-02
9.839521180000000422e-01 1.931476899999999899e-02 3.872859999999999779e-04 1.000000000000000000e+00 1.929849999999999968e-02 1.932649999999999993e-02
9.842801021000000539e-01 1.932420099999999918e-02 3.874360000000000087e-04 1.000000000000000000e+00 1.930810000000000165e-02 1.933620000000000130e-02
9.846081953999999969e-01 1.933331500000000022e-02 3.875840000000000079e-04 1.000000000000000000e+00 1.931739999999999846e-02 1.934560000000000099e-02
9.849363982000000073e-01 1.934200000000000155e-02 3.877309999999999915e-04 1.000000000000000000e+00 1.932630000000000112e-02 1.935469999999999899e-02
9.852647102999999573e-01 1.935010300000000044e-02 3.878759999999999977e-04 1.000000000000000000e+00 1.933489999999999862e-02 1.936339999999999936e-02
9.855931318999999746e-01 1.935743599999999870e-02 3.880169999999999952e-04 1.000000000000000000e+00 1.934289999999999968e-02 1.937169999999999864e-02
9.859216629000000509e-01 1.936380899999999919e-02 3.881509999999999908e-04 1.000000000000000000e+00 1.935040000000000024e-02 1.937929999999999861e-02
9.862503034999999807e-01 1.936908400000000169e-02 3.882760000000000074e-04 1.000000000000000000e+00 1.935699999999999921e-02 1.938609999999999986e-02
9.865790535999999777e-01 1.937322799999999928e-02 3.883909999999999750e-04 1.000000000000000000e+00 1.936260000000000064e-02 1.939190000000000011e-02
9.869079133000000503e-01 1.937631399999999865e-02 3.884949999999999862e-04 1.000000000000000000e+00 1.936720000000000108e-02 1.939659999999999995e-02
9.872368825999999764e-01 1.937848600000000032e-02 3.885890000000000026e-04 1.000000000000000000e+00 1.937080000000000052e-02 1.940029999999999880e-02
9.875659614999999780e-01 1.937990599999999883e-02 3.886739999999999856e-04 1.000000000000000000e+00 1.937339999999999895e-02 1.940309999999999951e-02
9.878951501999999607e-01 1.938070799999999996e-02 3.887510000000000054e-04 1.000000000000000000e+00 1.937519999999999867e-02 1.940510000000000151e-02
9.882244486000000272e-01 1.938098799999999830e-02 3.888210000000000234e-04 1.000000000000000000e+00 1.937639999999999849e-02 1.940640000000000073e-02
9.885538566999999555e-01 1.938082799999999925e-02 3.888839999999999853e-04 1.000000000000000000e+00 1.937699999999999839e-02 1.940719999999999945e-02
9.888833746999999841e-01 1.938032799999999875e-02 3.889429999999999927e-04 1.000000000000000000e+00 1.937720000000000067e-02 1.940760000000000055e-02
9.892130024999999938e-01 1.937961699999999829e-02 3.889969999999999756e-04 1.000000000000000000e+00 1.937710000000000127e-02 1.940760000000000055e-02
9.895427400999999845e-01 1.937884900000000007e-02 3.890470000000000039e-04 1.000000000000000000e+00 1.937679999999999958e-02 1.940740000000000173e-02
9.898725876999999729e-01 1.937816700000000170e-02 3.890939999999999850e-04 1.000000000000000000e+00 1.937639999999999849e-02 1.940719999999999945e-02
9.902025451999999506e-01 1.937767500000000045e-02 3.891389999999999888e-04 1.000000000000000000e+00 1.937610000000000027e-02 1.940700000000000064e-02
9.905326127000000369e-01 1.937742900000000157e-02 3.891839999999999926e-04 1.000000000000000000e+00 1.937590000000000146e-02 1.940690000000000123e-02
9.908627903000000181e-01 1.937744900000000145e-02 3.892289999999999964e-04 1.000000000000000000e+00 1.937590000000000146e-02 1.940700000000000064e-02
9.911930778999999969e-01 1.937775599999999945e-02 3.892729999999999845e-04 1.000000000000000000e+00 1.937619999999999967e-02 1.940740000000000173e-02
9.915234755999999816e-01 1.937838999999999881e-02 3.893190000000000040e-04 1.000000000000000000e+00 1.937679999999999958e-02 1.940800000000000164e-02
9.918539833999999722e-01 1.937941199999999864e-02 3.893640000000000078e-04 1.000000000000000000e+00 1.937770000000000117e-02 1.940899999999999917e-02
9.921846013999999769e-01 1.938087399999999932e-02 3.894109999999999889e-04 1.000000000000000000e+00 1.937900000000000039e-02 1.941040000000000126e-02
9.925153295999999958e-01 1.938277299999999898e-02 3.894589999999999858e-04 1.000000000000000000e+00 1.938070000000000070e-02 1.941210000000000158e-02
9.928461680000000289e-01 1.938502599999999965e-02 3.895090000000000141e-04 1.000000000000000000e+00 1.938259999999999983e-02 1.941410000000000011e-02
9.931771167999999816e-01 1.938745799999999977e-02 3.895600000000000039e-04 1.000000000000000000e+00 1.938480000000000064e-02 1.941630000000000092e-02
9.935081757999999486e-01 1.938984300000000036e-02 3.896139999999999868e-04 1.000000000000000000e+00 1.938700000000000145e-02 1.941860000000000114e-02
9.938393451999999462e-01 1.939195000000000155e-02 3.896680000000000239e-04 1.000000000000000000e+00 1.938909999999999939e-02 1.942069999999999907e-02
9.941706249999999745e-01 1.939359699999999853e-02 3.897230000000000225e-04 1.000000000000000000e+00 1.939079999999999970e-02 1.942249999999999879e-02
9.945020152000000335e-01 1.939468299999999937e-02 3.897759999999999897e-04 1.000000000000000000e+00 1.939209999999999892e-02 1.942380000000000148e-02
9.948335159000000205e-01 1.939518700000000123e-02 3.898279999999999953e-04 1.000000000000000000e+00 1.939290000000000111e-02 1.942469999999999961e-02
9.951651270000000382e-01 1.939514399999999958e-02 3.898780000000000236e-04 1.000000000000000000e+00 1.939319999999999933e-02 1.942520000000000011e-02
9.954968486999999921e-01 1.939461400000000099e-02 3.899250000000000047e-04 1.000000000000000000e+00 1.939309999999999992e-02 1.942510000000000070e-02
9.958286809999999933e-01 1.939366699999999985e-02 3.899689999999999927e-04 1.000000000000000000e+00 1.939250000000000002e-02 1.942469999999999961e-02
9.961606239000000418e-01 1.939236700000000063e-02 3.900110000000000035e-04 1.000000000000000000e+00 1.939149999999999902e-02 1.942380000000000148e-02
9.964926775000000347e-01 1.939078600000000013e-02 3.900509999999999828e-04 1.000000000000000000e+00 1.939019999999999980e-02 1.942260000000000167e-02
9.968248416999999639e-01 1.938901100000000113e-02 3.900889999999999848e-04 1.000000000000000000e+00 1.938859999999999889e-02 1.942119999999999957e-02
9.971571165999999486e-01 1.938714299999999904e-02 3.901260000000000253e-04 1.000000000000000000e+00 1.938700000000000145e-02 1.941970000000000154e-02
9.974895022999999972e-01 1.938528999999999947e-02 3.901609999999999800e-04 1.000000000000000000e+00 1.938530000000000114e-02 1.941810000000000064e-02
9.978219987999999985e-01 1.938353900000000171e-02 3.901959999999999890e-04 1.000000000000000000e+00 1.938370000000000024e-02 1.941669999999999854e-02
9.981546061999999608e-01 1.938193699999999839e-02 3.902290000000000207e-04 1.000000000000000000e+00 1.938219999999999874e-02 1.941529999999999992e-02
9.984873243999999870e-01 1.938046900000000086e-02 3.902619999999999982e-04 1.000000000000000000e+00 1.938089999999999952e-02 1.941410000000000011e-02
9.988201534999999742e-01 1.937906699999999982e-02 3.902929999999999984e-04 1.000000000000000000e+00 1.937960000000000030e-02 1.941290000000000029e-02
9.991530935000000335e-01 1.937762300000000007e-02 3.903229999999999829e-04 1.000000000000000000e+00 1.937840000000000049e-02 1.941179999999999989e-02
9.994861445999999594e-01 1.937603599999999926e-02 3.903520000000000058e-04 1.000000000000000000e+00 1.937699999999999839e-02 1.941050000000000067e-02
9.998193065999999574e-01 1.937425300000000100e-02 3.903789999999999973e-04 1.000000000000000000e+00 1.937550000000000036e-02 1.940909999999999858e-02
1.000152579999999958e+00 1.937230699999999833e-02 3.904040000000000114e-04 1.000000000000000000e+00 1.937380000000000005e-02 1.940740000000000173e-02
1.000485963999999894e+00 1.937032799999999916e-02 3.904280000000000098e-04 1.000000000000000000e+00 1.937190000000000092e-02 1.940570000000000142e-02
1.000819458999999911e+00 1.936852400000000154e-02 3.904520000000000083e-04 1.000000000000000000e+00 1.937010000000000121e-02 1.940390000000000170e-02
1.001153066000000091e+00 1.936712499999999892e-02 3.904760000000000067e-04 1.000000000000000000e+00 1.936850000000000030e-02 1.940240000000000020e-02
1.001486783000000047e+00 1.936631600000000147e-02 3.905029999999999981e-04 1.000000000000000000e+00 1.936720000000000108e-02 1.940120000000000039e-02
1.001820611999999944e+00 1.936616600000000063e-02 3.905339999999999983e-04 1.000000000000000000e+00 1.936649999999999830e-02 1.940060000000000048e-02
1.002154553000000003e+00 1.936660000000000117e-02 3.905690000000000073e-04 1.000000000000000000e+00 1.936620000000000008e-02 1.940040000000000167e-02
1.002488604000000061e+00 1.936741399999999946e-02 3.906089999999999866e-04 1.000000000000000000e+00 1.936639999999999889e-02 1.940060000000000048e-02
1.002822767000000059e+00 1.936832499999999874e-02 3.906539999999999904e-04 1.000000000000000000e+00 1.936679999999999999e-02 1.940110000000000098e-02
1.003157040999999916e+00 1.936906500000000128e-02 3.907010000000000257e-04 1.000000000000000000e+00 1.936720000000000108e-02 1.940160000000000148e-02
1.003491426999999936e+00 1.936944599999999850e-02 3.907509999999999998e-04 1.000000000000000000e+00 1.936739999999999989e-02 1.940199999999999911e-02
1.003825924000000036e+00 1.936940800000000115e-02 3.908009999999999739e-04 1.000000000000000000e+00 1.936739999999999989e-02 1.940209999999999851e-02
1.004160533000000077e+00 1.936900899999999953e-02 3.908499999999999865e-04 1.000000000000000000e+00 1.936720000000000108e-02 1.940199999999999911e-02
1.004495252999999977e+00 1.936837599999999965e-02 3.908989999999999991e-04 1.000000000000000000e+00 1.936679999999999999e-02 1.940170000000000089e-02
1.004830085000000039e+00 1.936763999999999847e-02 3.909450000000000186e-04 1.000000000000000000e+00 1.936629999999999949e-02 1.940129999999999980e-02
1.005165027999999960e+00 1.936686899999999836e-02 3.909890000000000067e-04 1.000000000000000000e+00 1.936579999999999899e-02 1.940089999999999870e-02
1.005500083000000044e+00 1.936603900000000156e-02 3.910319999999999790e-04 1.000000000000000000e+00 1.936519999999999908e-02 1.940050000000000108e-02
1.005835250000000070e+00 1.936504000000000003e-02 3.910720000000000125e-04 1.000000000000000000e+00 1.936459999999999917e-02 1.940000000000000058e-02
1.006170527999999953e+00 1.936371400000000062e-02 3.911100000000000145e-04 1.000000000000000000e+00 1.936370000000000105e-02 1.939919999999999839e-02
1.006505917999999999e+00 1.936191500000000038e-02 3.911440000000000077e-04 1.000000000000000000e+00 1.936239999999999836e-02 1.939799999999999858e-02
1.006841419999999987e+00 1.935955599999999999e-02 3.911750000000000079e-04 1.000000000000000000e+00 1.936049999999999924e-02 1.939619999999999886e-02
1.007177033999999916e+00 1.935665400000000091e-02 3.912030000000000151e-04 1.000000000000000000e+00 1.935800000000000021e-02 1.939389999999999864e-02
1.007512760000000007e+00 1.935333700000000171e-02 3.912279999999999751e-04 1.000000000000000000e+00 1.935510000000000008e-02 1.939099999999999852e-02
1.007848596999999957e+00 1.934983300000000031e-02 3.912510000000000120e-04 1.000000000000000000e+00 1.935169999999999946e-02 1.938780000000000017e-02
1.008184546999999931e+00 1.934642899999999832e-02 3.912739999999999946e-04 1.000000000000000000e+00 1.934819999999999943e-02 1.938449999999999895e-02
1.008520607999999985e+00 1.934341800000000111e-02 3.912990000000000088e-04 1.000000000000000000e+00 1.934479999999999880e-02 1.938120000000000120e-02
1.008856782000000063e+00 1.934104400000000168e-02 3.913270000000000160e-04 1.000000000000000000e+00 1.934179999999999927e-02 1.937840000000000049e-02
1.009193066999999999e+00 1.933944900000000161e-02 3.913599999999999935e-04 1.000000000000000000e+00 1.933949999999999905e-02 1.937619999999999967e-02
1.009529464999999959e+00 1.933864899999999942e-02 3.913990000000000112e-04 1.000000000000000000e+00 1.933790000000000162e-02 1.937470000000000164e-02
1.009865975000000082e+00 1.933853099999999908e-02 3.914440000000000150e-04 1.000000000000000000e+00 1.933700000000000002e-02 1.937399999999999886e-02
1.010202596999999924e+00 1.933888300000000116e-02 3.914929999999999734e-04 1.000000000000000000e+00 1.933680000000000121e-02 1.937389999999999946e-02
1.010539330999999930e+00 1.933944599999999972e-02 3.915459999999999947e-04 1.000000000000000000e+00 1.933700000000000002e-02 1.937420000000000114e-02
1.010876177999999959e+00 1.933997999999999967e-02 3.915999999999999776e-04 1.000000000000000000e+00 1.933740000000000112e-02 1.937480000000000105e-02
1.011213136000000068e+00 1.934030999999999945e-02 3.916540000000000147e-04 1.000000000000000000e+00 1.933790000000000162e-02 1.937530000000000155e-02
1.011550206999999979e+00 1.934035599999999952e-02 3.917079999999999976e-04 1.000000000000000000e+00 1.933810000000000043e-02 1.937569999999999917e-02
1.011887390999999914e+00 1.934012900000000104e-02 3.917589999999999874e-04 1.000000000000000000e+00 1.933810000000000043e-02 1.937579999999999858e-02
1.012224687000000012e+00 1.933970000000000133e-02 3.918090000000000158e-04 1.000000000000000000e+00 1.933800000000000102e-02 1.937579999999999858e-02
1.012562095000000051e+00 1.933916000000000107e-02 3.918570000000000126e-04 1.000000000000000000e+00 1.933769999999999933e-02 1.937559999999999977e-02
1.012899615000000031e+00 1.933857799999999863e-02 3.919039999999999937e-04 1.000000000000000000e+00 1.933730000000000171e-02 1.937540000000000096e-02
1.013237248999999895e+00 1.933798200000000009e-02 3.919489999999999975e-04 1.000000000000000000e+00 1.933690000000000062e-02 1.937509999999999927e-02
1.013574994000000062e+00 1.933735400000000104e-02 3.919929999999999855e-04 1.000000000000000000e+00 1.933649999999999952e-02 1.937480000000000105e-02
1.013912852999999892e+00 1.933665999999999857e-02 3.920349999999999963e-04 1.000000000000000000e+00 1.933589999999999962e-02 1.937439999999999996e-02
1.014250824000000106e+00 1.933587599999999837e-02 3.920770000000000071e-04 1.000000000000000000e+00 1.933529999999999971e-02 1.937380000000000005e-02
1.014588907000000040e+00 1.933501899999999843e-02 3.921180000000000021e-04 1.000000000000000000e+00 1.933450000000000099e-02 1.937320000000000014e-02
1.014927104000000080e+00 1.933415700000000112e-02 3.921579999999999814e-04 1.000000000000000000e+00 1.933369999999999880e-02 1.937250000000000083e-02
1.015265413000000061e+00 1.933338999999999891e-02 3.921989999999999765e-04 1.000000000000000000e+00 1.933290000000000008e-02 1.937180000000000152e-02
1.015603833999999983e+00 1.933281800000000161e-02 3.922390000000000100e-04 1.000000000000000000e+00 1.933239999999999958e-02 1.937140000000000042e-02
1.015942369000000012e+00 1.933249299999999921e-02 3.922789999999999892e-04 1.000000000000000000e+00 1.933199999999999849e-02 1.937120000000000161e-02
1.016281017000000064e+00 1.933239600000000169e-02 3.923190000000000227e-04 1.000000000000000000e+00 1.933199999999999849e-02 1.937120000000000161e-02
1.016619777000000058e+00 1.933242900000000167e-02 3.923579999999999863e-04 1.000000000000000000e+00 1.933210000000000137e-02 1.937140000000000042e-02
1.016958650000000075e+00 1.933244599999999966e-02 3.923970000000000040e-04 1.000000000000000000e+00 1.933230000000000018e-02 1.937159999999999924e-02
1.017297635999999894e+00 1.933229499999999934e-02 3.924350000000000060e-04 1.000000000000000000e+00 1.933230000000000018e-02 1.937169999999999864e-02
1.017636736000000042e+00 1.933187000000000100e-02 3.924719999999999923e-04 1.000000000000000000e+00 1.933199999999999849e-02 1.937140000000000042e-02
1.017975947999999908e+00 1.933113800000000118e-02 3.925080000000000170e-04 1.000000000000000000e+00 1.933129999999999918e-02 1.937089999999999992e-02
1.018315273000000021e+00 1.933014099999999860e-02 3.925439999999999876e-04 1.000000000000000000e+00 1.933030000000000165e-02 1.936999999999999833e-02
1.018654712000000018e+00 1.932897000000000087e-02 3.925800000000000123e-04 1.000000000000000000e+00 1.932909999999999837e-02 1.936879999999999852e-02
1.018994262999999956e+00 1.932773200000000025e-02 3.926169999999999985e-04 1.000000000000000000e+00 1.932769999999999974e-02 1.936759999999999871e-02
1.019333928000000000e+00 1.932650500000000077e-02 3.926550000000000006e-04 1.000000000000000000e+00 1.932630000000000112e-02 1.936629999999999949e-02
1.019673706000000069e+00 1.932532899999999873e-02 3.926949999999999798e-04 1.000000000000000000e+00 1.932489999999999902e-02 1.936509999999999967e-02
1.020013596999999939e+00 1.932420799999999897e-02 3.927359999999999749e-04 1.000000000000000000e+00 1.932369999999999921e-02 1.936399999999999927e-02
1.020353601999999915e+00 1.932311999999999919e-02 3.927770000000000241e-04 1.000000000000000000e+00 1.932259999999999880e-02 1.936299999999999827e-02
1.020693719000000055e+00 1.932204400000000002e-02 3.928180000000000192e-04 1.000000000000000000e+00 1.932160000000000127e-02 1.936219999999999955e-02
1.021033950999999940e+00 1.932096800000000086e-02 3.928579999999999984e-04 1.000000000000000000e+00 1.932079999999999909e-02 1.936150000000000024e-02
1.021374294999999988e+00 1.931989200000000170e-02 3.928960000000000004e-04 1.000000000000000000e+00 1.932000000000000037e-02 1.936080000000000093e-02
1.021714752999999920e+00 1.931882999999999864e-02 3.929320000000000252e-04 1.000000000000000000e+00 1.931920000000000165e-02 1.936010000000000161e-02
1.022055324999999959e+00 1.931780300000000145e-02 3.929660000000000184e-04 1.000000000000000000e+00 1.931830000000000006e-02 1.935929999999999943e-02
1.022396010000000022e+00 1.931683799999999937e-02 3.930000000000000117e-04 1.000000000000000000e+00 1.931739999999999846e-02 1.935850000000000071e-02
1.022736808999999969e+00 1.931596999999999828e-02 3.930340000000000049e-04 1.000000000000000000e+00 1.931650000000000034e-02 1.935759999999999911e-02
1.023077720999999940e+00 1.931522800000000026e-02 3.930690000000000139e-04 1.000000000000000000e+00 1.931549999999999934e-02 1.935670000000000099e-02
1.023418747000000018e+00 1.931462899999999983e-02 3.931060000000000001e-04 1.000000000000000000e+00 1.931449999999999834e-02 1.935589999999999880e-02
1.023759886999999980e+00 1.931416099999999983e-02 3.931469999999999952e-04 1.000000000000000000e+00 1.931360000000000021e-02 1.935510000000000008e-02
1.024101139999999965e+00 1.931378099999999862e-02 3.931909999999999832e-04 1.000000000000000000e+00 1.931280000000000149e-02 1.935450000000000018e-02
1.024442507000000058e+00 1.931341500000000044e-02 3.932370000000000028e-04 1.000000000000000000e+00 1.931209999999999871e-02 1.935390000000000027e-02
1.024783988000000035e+00 1.931297599999999906e-02 3.932849999999999996e-04 1.000000000000000000e+00 1.931149999999999881e-02 1.935349999999999918e-02
1.025125582000000035e+00 1.931238199999999947e-02 3.933329999999999964e-04 1.000000000000000000e+00 1.931099999999999831e-02 1.935299999999999868e-02
1.025467291000000003e+00 1.931157899999999886e-02 3.933809999999999933e-04 1.000000000000000000e+00 1.931029999999999899e-02 1.935250000000000165e-02
1.025809112999999995e+00 1.931055200000000166e-02 3.934279999999999743e-04 1.000000000000000000e+00 1.930950000000000027e-02 1.935189999999999827e-02
1.026151049999999953e+00 1.930932399999999924e-02 3.934729999999999782e-04 1.000000000000000000e+00 1.930849999999999927e-02 1.935100000000000015e-02
1.026493099999999936e+00 1.930794400000000050e-02 3.935170000000000204e-04 1.000000000000000000e+00 1.930729999999999946e-02 1.934989999999999974e-02
1.026835264000000025e+00 1.930647599999999950e-02 3.935599999999999927e-04 1.000000000000000000e+00 1.930590000000000084e-02 1.934869999999999993e-02
1.027177543000000082e+00 1.930497800000000042e-02 3.936030000000000193e-04 1.000000000000000000e+00 1.930439999999999934e-02 1.934740000000000071e-02
1.027519934999999940e+00 1.930349599999999985e-02 3.936459999999999916e-04 1.000000000000000000e+00 1.930290000000000131e-02 1.934599999999999861e-02
1.027862441999999987e+00 1.930205600000000146e-02 3.936890000000000181e-04 1.000000000000000000e+00 1.930130000000000040e-02 1.934459999999999999e-02
1.028205062999999919e+00 1.930067499999999978e-02 3.937340000000000219e-04 1.000000000000000000e+00 1.929979999999999890e-02 1.934330000000000077e-02
1.028547797999999958e+00 1.929936200000000046e-02 3.937790000000000257e-04 1.000000000000000000e+00 1.929840000000000028e-02 1.934200000000000155e-02
1.028890647000000103e+00 1.929813199999999909e-02 3.938249999999999910e-04 1.000000000000000000e+00 1.929710000000000106e-02 1.934090000000000115e-02
1.029233610999999993e+00 1.929700100000000113e-02 3.938710000000000106e-04 1.000000000000000000e+00 1.929600000000000065e-02 1.933990000000000015e-02
1.029576688999999989e+00 1.929598800000000003e-02 3.939169999999999759e-04 1.000000000000000000e+00 1.929499999999999965e-02 1.933910000000000143e-02
1.029919881000000093e+00 1.929509899999999958e-02 3.939619999999999797e-04 1.000000000000000000e+00 1.929420000000000093e-02 1.933850000000000152e-02
1.030263187000000080e+00 1.929432099999999969e-02 3.940069999999999835e-04 1.000000000000000000e+00 1.929350000000000162e-02 1.933790000000000162e-02
1.030606608999999896e+00 1.929361699999999902e-02 3.940510000000000258e-04 1.000000000000000000e+00 1.929290000000000171e-02 1.933740000000000112e-02
1.030950143999999957e+00 1.929292399999999949e-02 3.940950000000000139e-04 1.000000000000000000e+00 1.929229999999999834e-02 1.933690000000000062e-02
1.031293793999999986e+00 1.929217100000000032e-02 3.941379999999999862e-04 1.000000000000000000e+00 1.929159999999999903e-02 1.933640000000000012e-02
1.031637558999999982e+00 1.929128499999999830e-02 3.941810000000000127e-04 1.000000000000000000e+00 1.929070000000000090e-02 1.933570000000000080e-02
1.031981438000000084e+00 1.929021900000000081e-02 3.942239999999999850e-04 1.000000000000000000e+00 1.928969999999999990e-02 1.933479999999999921e-02
1.032325431999999932e+00 1.928895599999999946e-02 3.942670000000000115e-04 1.000000000000000000e+00 1.928840000000000068e-02 1.933369999999999880e-02
1.032669540000000108e+00 1.928752099999999844e-02 3.943090000000000223e-04 1.000000000000000000e+00 1.928699999999999859e-02 1.933239999999999958e-02
1.033013763000000029e+00 1.928596800000000056e-02 3.943519999999999946e-04 1.000000000000000000e+00 1.928550000000000056e-02 1.933100000000000096e-02
1.033358100999999918e+00 1.928436399999999828e-02 3.943940000000000054e-04 1.000000000000000000e+00 1.928399999999999906e-02 1.932959999999999887e-02
1.033702553999999996e+00 1.928276900000000169e-02 3.944360000000000162e-04 1.000000000000000000e+00 1.928240000000000162e-02 1.932829999999999965e-02
1.034047120999999958e+00 1.928121400000000138e-02 3.944780000000000270e-04 1.000000000000000000e+00 1.928099999999999953e-02 1.932700000000000043e-02
1.034391803999999970e+00 1.927968999999999863e-02 3.945180000000000063e-04 1.000000000000000000e+00 1.927960000000000090e-02 1.932570000000000121e-02
1.034736601000000089e+00 1.927815600000000115e-02 3.945579999999999856e-04 1.000000000000000000e+00 1.927809999999999940e-02 1.932439999999999852e-02
1.035081512999999953e+00 1.927655699999999972e-02 3.945970000000000033e-04 1.000000000000000000e+00 1.927660000000000137e-02 1.932299999999999990e-02
1.035426540000000006e+00 1.927485899999999835e-02 3.946360000000000211e-04 1.000000000000000000e+00 1.927500000000000047e-02 1.932149999999999840e-02
1.035771683000000110e+00 1.927306800000000084e-02 3.946740000000000231e-04 1.000000000000000000e+00 1.927330000000000015e-02 1.931990000000000096e-02
1.036116940000000097e+00 1.927124300000000040e-02 3.947120000000000251e-04 1.000000000000000000e+00 1.927150000000000044e-02 1.931830000000000006e-02
1.036462312000000052e+00 1.926948200000000097e-02 3.947500000000000271e-04 1.000000000000000000e+00 1.926970000000000072e-02 1.931659999999999974e-02
1.036807800000000057e+00 1.926789199999999827e-02 3.947889999999999906e-04 1.000000000000000000e+00 1.926800000000000040e-02 1.931510000000000171e-02
1.037153401999999947e+00 1.926654800000000139e-02 3.948280000000000084e-04 1.000000000000000000e+00 1.926649999999999890e-02 1.931379999999999902e-02
1.037499120000000108e+00 1.926546100000000108e-02 3.948690000000000034e-04 1.000000000000000000e+00 1.926539999999999850e-02 1.931269999999999862e-02
1.037844953000000014e+00 1.926456799999999928e-02 3.949089999999999827e-04 1.000000000000000000e+00 1.926440000000000097e-02 1.931189999999999990e-02
1.038190901000000110e+00 1.926374200000000037e-02 3.949499999999999777e-04 1.000000000000000000e+00 1.926349999999999937e-02 1.931120000000000059e-02
1.038536965000000034e+00 1.926282500000000078e-02 3.949910000000000270e-04 1.000000000000000000e+00 1.926270000000000066e-02 1.931039999999999840e-02
1.038883143999999925e+00 1.926166299999999831e-02 3.950320000000000220e-04 1.000000000000000000e+00 1.926160000000000025e-02 1.930950000000000027e-02
1.039229438000000005e+00 1.926014100000000145e-02 3.950709999999999856e-04 1.000000000000000000e+00 1.926040000000000044e-02 1.930830000000000046e-02
1.039575847999999914e+00 1.925819700000000120e-02 3.951080000000000260e-04 1.000000000000000000e+00 1.925879999999999953e-02 1.930689999999999837e-02
1.039922374000000094e+00 1.925582099999999935e-02 3.951429999999999808e-04 1.000000000000000000e+00 1.925690000000000041e-02 1.930520000000000153e-02
1.040269013999999936e+00 1.925304400000000041e-02 3.951730000000000195e-04 1.000000000000000000e+00 1.925469999999999959e-02 1.930310000000000012e-02
1.040615770999999912e+00 1.924992999999999843e-02 3.951989999999999952e-04 1.000000000000000000e+00 1.925229999999999997e-02 1.930089999999999931e-02
1.040962643000000076e+00 1.924655800000000042e-02 3.952189999999999848e-04 1.000000000000000000e+00 1.924970000000000153e-02 1.929840000000000028e-02
1.041309629999999986e+00 1.924302099999999904e-02 3.952340000000000042e-04 1.000000000000000000e+00 1.924690000000000081e-02 1.929569999999999896e-02
1.041656732999999946e+00 1.923941300000000035e-02 3.952429999999999832e-04 1.000000000000000000e+00 1.924400000000000069e-02 1.929279999999999884e-02
1.042003951999999956e+00 1.923582399999999859e-02 3.952490000000000235e-04 1.000000000000000000e+00 1.924089999999999828e-02 1.928979999999999931e-02
1.042351287000000015e+00 1.923232600000000098e-02 3.952520000000000165e-04 1.000000000000000000e+00 1.923760000000000053e-02 1.928660000000000097e-02
1.042698737000000042e+00 1.922896199999999875e-02 3.952539999999999938e-04 1.000000000000000000e+00 1.923419999999999991e-02 1.928320000000000034e-02
1.043046303999999980e+00 1.922574300000000000e-02 3.952569999999999868e-04 1.000000000000000000e+00 1.923069999999999988e-02 1.927979999999999972e-02
1.043393986000000107e+00 1.922264599999999948e-02 3.952630000000000271e-04 1.000000000000000000e+00 1.922719999999999985e-02 1.927639999999999909e-02
1.043741784000000061e+00 1.921962899999999849e-02 3.952730000000000219e-04 1.000000000000000000e+00 1.922369999999999982e-02 1.927299999999999847e-02
1.044089698000000066e+00 1.921664899999999884e-02 3.952860000000000098e-04 1.000000000000000000e+00 1.922019999999999978e-02 1.926960000000000131e-02
1.044437727000000038e+00 1.921368099999999982e-02 3.953030000000000064e-04 1.000000000000000000e+00 1.921669999999999975e-02 1.926620000000000069e-02
1.044785872999999921e+00 1.921072299999999899e-02 3.953240000000000118e-04 1.000000000000000000e+00 1.921339999999999854e-02 1.926299999999999887e-02
1.045134135000000075e+00 1.920779800000000162e-02 3.953469999999999944e-04 1.000000000000000000e+00 1.921020000000000019e-02 1.925999999999999934e-02
1.045482513000000058e+00 1.920494400000000157e-02 3.953709999999999928e-04 1.000000000000000000e+00 1.920710000000000126e-02 1.925709999999999922e-02
1.045831007999999951e+00 1.920218900000000145e-02 3.953960000000000070e-04 1.000000000000000000e+00 1.920439999999999994e-02 1.925440000000000138e-02
1.046179618000000033e+00 1.919953799999999863e-02 3.954210000000000212e-04 1.000000000000000000e+00 1.920180000000000151e-02 1.925199999999999828e-02
1.046528343999999944e+00 1.919695999999999902e-02 3.954450000000000196e-04 1.000000000000000000e+00 1.919929999999999901e-02 1.924959999999999866e-02
1.046877186999999987e+00 1.919438799999999973e-02 3.954690000000000180e-04 1.000000000000000000e+00 1.919699999999999879e-02 1.924740000000000131e-02
1.047226146000000080e+00 1.919173299999999902e-02 3.954900000000000234e-04 1.000000000000000000e+00 1.919459999999999916e-02 1.924510000000000109e-02
1.047575222000000084e+00 1.918890800000000105e-02 3.955100000000000130e-04 1.000000000000000000e+00 1.919200000000000073e-02 1.924259999999999859e-02
1.047924413000000055e+00 1.918585700000000061e-02 3.955270000000000096e-04 1.000000000000000000e+00 1.918920000000000001e-02 1.923990000000000075e-02
1.048273722000000019e+00 1.918257799999999874e-02 3.955440000000000063e-04 1.000000000000000000e+00 1.918600000000000166e-02 1.923679999999999835e-02
1.048623145999999950e+00 1.917912199999999984e-02 3.955599999999999871e-04 1.000000000000000000e+00 1.918260000000000104e-02 1.923350000000000060e-02
1.048972687000000015e+00 1.917558399999999899e-02 3.955769999999999838e-04 1.000000000000000000e+00 1.917900000000000160e-02 1.923009999999999997e-02
1.049322344999999990e+00 1.917207599999999970e-02 3.955939999999999804e-04 1.000000000000000000e+00 1.917529999999999929e-02 1.922650000000000053e-02
1.049672119000000015e+00 1.916869900000000085e-02 3.956130000000000085e-04 1.000000000000000000e+00 1.917169999999999985e-02 1.922309999999999991e-02
1.050022009999999950e+00 1.916551699999999997e-02 3.956329999999999981e-04 1.000000000000000000e+00 1.916829999999999923e-02 1.921979999999999869e-02
1.050372016999999936e+00 1.916255199999999936e-02 3.956550000000000193e-04 1.000000000000000000e+00 1.916520000000000029e-02 1.921679999999999916e-02
1.050722141000000054e+00 1.915978700000000104e-02 3.956780000000000019e-04 1.000000000000000000e+00 1.916230000000000017e-02 1.921399999999999844e-02
1.051072382000000083e+00 1.915717899999999987e-02 3.957020000000000003e-04 1.000000000000000000e+00 1.915959999999999885e-02 1.921149999999999941e-02
1.051422738999999940e+00 1.915467200000000106e-02 3.957259999999999988e-04 1.000000000000000000e+00 1.915709999999999982e-02 1.920909999999999979e-02
1.051773212999999929e+00 1.915220100000000064e-02 3.957489999999999814e-04 1.000000000000000000e+00 1.915470000000000020e-02 1.920679999999999957e-02
1.052123804000000051e+00 1.914969799999999972e-02 3.957720000000000183e-04 1.000000000000000000e+00 1.915230000000000057e-02 1.920449999999999935e-02
1.052474512000000084e+00 1.914709200000000097e-02 3.957950000000000010e-04 1.000000000000000000e+00 1.914969999999999867e-02 1.920200000000000032e-02
1.052825337000000028e+00 1.914431200000000013e-02 3.958170000000000221e-04 1.000000000000000000e+00 1.914700000000000082e-02 1.919950000000000129e-02
1.053176279000000104e+00 1.914129700000000156e-02 3.958389999999999890e-04 1.000000000000000000e+00 1.914410000000000070e-02 1.919660000000000116e-02
1.053527338000000091e+00 1.913800300000000065e-02 3.958599999999999944e-04 1.000000000000000000e+00 1.914089999999999889e-02 1.919360000000000163e-02
1.053878512999999906e+00 1.913442099999999868e-02 3.958799999999999841e-04 1.000000000000000000e+00 1.913750000000000173e-02 1.919020000000000101e-02
1.054229805999999936e+00 1.913057799999999878e-02 3.958999999999999737e-04 1.000000000000000000e+00 1.913379999999999942e-02 1.918670000000000098e-02
1.054581216000000099e+00 1.912654100000000038e-02 3.959179999999999861e-04 1.000000000000000000e+00 1.912989999999999829e-02 1.918299999999999866e-02
1.054932742999999951e+00 1.912240800000000046e-02 3.959359999999999984e-04 1.000000000000000000e+00 1.912590000000000123e-02 1.917910000000000101e-02
1.055284388000000018e+00 1.911829400000000095e-02 3.959519999999999793e-04 1.000000000000000000e+00 1.912200000000000011e-02 1.917539999999999870e-02
1.055636148999999913e+00 1.911431400000000030e-02 3.959659999999999829e-04 1.000000000000000000e+00 1.911819999999999839e-02 1.917169999999999985e-02
1.055988028000000023e+00 1.911056100000000160e-02 3.959790000000000250e-04 1.000000000000000000e+00 1.911469999999999836e-02 1.916829999999999923e-02
1.056340024000000044e+00 1.910708699999999829e-02 3.959909999999999971e-04 1.000000000000000000e+00 1.911140000000000061e-02 1.916510000000000088e-02
1.056692136999999976e+00 1.910388699999999995e-02 3.960009999999999919e-04 1.000000000000000000e+00 1.910840000000000108e-02 1.916210000000000135e-02
1.057044367999999901e+00 1.910089800000000157e-02 3.960100000000000252e-04 1.000000000000000000e+00 1.910550000000000095e-02 1.915930000000000064e-02
1.057396715999999959e+00 1.909800000000000039e-02 3.960179999999999885e-04 1.000000000000000000e+00 1.910279999999999964e-02 1.915659999999999932e-02
1.057749182000000010e+00 1.909504100000000010e-02 3.960249999999999903e-04 1.000000000000000000e+00 1.909989999999999952e-02 1.915379999999999860e-02
1.058101764999999972e+00 1.909187000000000037e-02 3.960319999999999921e-04 1.000000000000000000e+00 1.909680000000000058e-02 1.915079999999999907e-02
1.058454465000000067e+00 1.908836400000000003e-02 3.960389999999999939e-04 1.000000000000000000e+00 1.909330000000000055e-02 1.914739999999999845e-02
1.058807282999999932e+00 1.908445599999999964e-02 3.960459999999999957e-04 1.000000000000000000e+00 1.908939999999999942e-02 1.914360000000000020e-02
1.059160219000000014e+00 1.908014599999999922e-02 3.960519999999999818e-04 1.000000000000000000e+00 1.908510000000000068e-02 1.913940000000000086e-02
1.059513272000000006e+00 1.907549700000000029e-02 3.960589999999999835e-04 1.000000000000000000e+00 1.908050000000000024e-02 1.913489999999999983e-02
1.059866444000000074e+00 1.907061700000000151e-02 3.960650000000000238e-04 1.000000000000000000e+00 1.907560000000000158e-02 1.913019999999999998e-02
1.060219731999999970e+00 1.906563500000000091e-02 3.960710000000000099e-04 1.000000000000000000e+00 1.907069999999999946e-02 1.912540000000000073e-02
1.060573138999999943e+00 1.906067999999999998e-02 3.960780000000000117e-04 1.000000000000000000e+00 1.906570000000000140e-02 1.912060000000000148e-02
1.060926663000000048e+00 1.905586000000000085e-02 3.960839999999999977e-04 1.000000000000000000e+00 1.906089999999999868e-02 1.911590000000000164e-02
1.061280306000000007e+00 1.905125699999999853e-02 3.960899999999999838e-04 1.000000000000000000e+00 1.905630000000000171e-02 1.911150000000000002e-02
1.061634066000000098e+00 1.904692200000000085e-02 3.960960000000000240e-04 1.000000000000000000e+00 1.905199999999999949e-02 1.910720000000000127e-02
1.061987943999999962e+00 1.904288900000000034e-02 3.961030000000000258e-04 1.000000000000000000e+00 1.904780000000000015e-02 1.910320000000000074e-02
1.062341940000000040e+00 1.903918699999999908e-02 3.961099999999999734e-04 1.000000000000000000e+00 1.904399999999999843e-02 1.909939999999999902e-02
1.062696053999999890e+00 1.903585099999999947e-02 3.961190000000000067e-04 1.000000000000000000e+00 1.904039999999999899e-02 1.909599999999999839e-02
1.063050285999999955e+00 1.903292800000000104e-02 3.961300000000000173e-04 1.000000000000000000e+00 1.903710000000000124e-02 1.909280000000000005e-02
1.063404636000000014e+00 1.903047299999999914e-02 3.961440000000000209e-04 1.000000000000000000e+00 1.903420000000000112e-02 1.908999999999999933e-02
1.063759104000000066e+00 1.902854000000000004e-02 3.961610000000000175e-04 1.000000000000000000e+00 1.903169999999999862e-02 1.908759999999999971e-02
1.064113689999999890e+00 1.902715699999999940e-02 3.961829999999999844e-04 1.000000000000000000e+00 1.902970000000000009e-02 1.908560000000000118e-02
1.064468395000000012e+00 1.902632099999999882e-02 3.962090000000000143e-04 1.000000000000000000e+00 1.902819999999999859e-02 1.908409999999999968e-02
1.064823217999999905e+00 1.902598900000000010e-02 3.962409999999999760e-04 1.000000000000000000e+00 1.902710000000000165e-02 1.908309999999999867e-02
1.065178159000000013e+00 1.902609800000000170e-02 3.962789999999999781e-04 1.000000000000000000e+00 1.902639999999999887e-02 1.908260000000000164e-02
1.065533217999999893e+00 1.902658100000000074e-02 3.963220000000000046e-04 1.000000000000000000e+00 1.902610000000000065e-02 1.908239999999999936e-02
1.065888396000000071e+00 1.902739300000000008e-02 3.963700000000000014e-04 1.000000000000000000e+00 1.902620000000000006e-02 1.908260000000000164e-02
1.066243692000000021e+00 1.902853300000000025e-02 3.964239999999999843e-04 1.000000000000000000e+00 1.902670000000000056e-02 1.908320000000000155e-02
1.066599107000000046e+00 1.903003899999999859e-02 3.964819999999999759e-04 1.000000000000000000e+00 1.902759999999999868e-02 1.908419999999999908e-02
1.066954640000000065e+00 1.903197599999999906e-02 3.965449999999999921e-04 1.000000000000000000e+00 1.902879999999999849e-02 1.908560000000000118e-02
1.067310291000000078e+00 1.903441599999999845e-02 3.966129999999999786e-04 1.000000000000000000e+00 1.903060000000000168e-02 1.908740000000000089e-02
1.067666060999999944e+00 1.903741200000000008e-02 3.966859999999999896e-04 1.000000000000000000e+00 1.903279999999999902e-02 1.908980000000000052e-02
1.068021950000000109e+00 1.904098400000000038e-02 3.967640000000000251e-04 1.000000000000000000e+00 1.903559999999999974e-02 1.909280000000000005e-02
1.068377957000000045e+00 1.904511299999999893e-02 3.968479999999999924e-04 1.000000000000000000e+00 1.903900000000000037e-02 1.909630000000000008e-02
1.068734083000000057e+00 1.904974300000000093e-02 3.969369999999999843e-04 1.000000000000000000e+00 1.904300000000000090e-02 1.910040000000000002e-02
1.069090327999999923e+00 1.905478700000000011e-02 3.970299999999999849e-04 1.000000000000000000e+00 1.904760000000000134e-02 1.910509999999999986e-02
1.069446691000000005e+00 1.906013399999999941e-02 3.971250000000000170e-04 1.000000000000000000e+00 1.905259999999999940e-02 1.911020000000000080e-02
1.069803174000000023e+00 1.906564599999999859e-02 3.972229999999999880e-04 1.000000000000000000e+00 1.905799999999999855e-02 1.911569999999999936e-02
1.070159775000000035e+00 1.907116500000000103e-02 3.973199999999999974e-04 1.000000000000000000e+00 1.906359999999999999e-02 1.912140000000000020e-02
1.070516494999999901e+00 1.907652400000000095e-02 3.974159999999999911e-04 1.000000000000000000e+00 1.906920000000000143e-02 1.912710000000000105e-02
1.070873332999999983e+00 1.908156000000000088e-02 3.975110000000000232e-04 1.000000000000000000e+00 1.907460000000000058e-02 1.913250000000000020e-02
1.071230291000000001e+00 1.908614700000000122e-02 3.976019999999999923e-04 1.000000000000000000e+00 1.907959999999999864e-02 1.913760000000000114e-02
1.071587368000000096e+00 1.909020999999999982e-02 3.976909999999999842e-04 1.000000000000000000e+00 1.908409999999999968e-02 1.914220000000000158e-02
1.071944564000000044e+00 1.909374800000000066e-02 3.977760000000000215e-04 1.000000000000000000e+00 1.908810000000000021e-02 1.914630000000000151e-02
1.072301879000000069e+00 1.909683599999999898e-02 3.978580000000000116e-04 1.000000000000000000e+00 1.909160000000000024e-02 1.914990000000000095e-02
1.072659312999999948e+00 1.909961400000000087e-02 3.979380000000000243e-04 1.000000000000000000e+00 1.909479999999999858e-02 1.915319999999999870e-02
1.073016865999999903e+00 1.910225800000000043e-02 3.980139999999999741e-04 1.000000000000000000e+00 1.909780000000000158e-02 1.915630000000000110e-02
1.073374537999999934e+00 1.910494299999999923e-02 3.980880000000000009e-04 1.000000000000000000e+00 1.910080000000000111e-02 1.915930000000000064e-02
1.073732329000000041e+00 1.910779799999999876e-02 3.981610000000000119e-04 1.000000000000000000e+00 1.910380000000000064e-02 1.916239999999999957e-02
1.074090240000000085e+00 1.911086899999999908e-02 3.982319999999999914e-04 1.000000000000000000e+00 1.910709999999999839e-02 1.916570000000000079e-02
1.074448269999999983e+00 1.911410900000000065e-02 3.983020000000000093e-04 1.000000000000000000e+00 1.911039999999999961e-02 1.916910000000000142e-02
1.074806420000000040e+00 1.911738600000000010e-02 3.983719999999999731e-04 1.000000000000000000e+00 1.911380000000000023e-02 1.917260000000000145e-02
1.075164688999999951e+00 1.912052699999999827e-02 3.984400000000000138e-04 1.000000000000000000e+00 1.911720000000000086e-02 1.917599999999999860e-02
1.075523076999999939e+00 1.912336800000000170e-02 3.985060000000000230e-04 1.000000000000000000e+00 1.912029999999999980e-02 1.917929999999999982e-02
1.075881584000000002e+00 1.912579400000000152e-02 3.985710000000000164e-04 1.000000000000000000e+00 1.912310000000000051e-02 1.918210000000000054e-02
1.076240212000000085e+00 1.912775699999999870e-02 3.986330000000000168e-04 1.000000000000000000e+00 1.912540000000000073e-02 1.918459999999999957e-02
1.076598957999999939e+00 1.912924699999999853e-02 3.986929999999999858e-04 1.000000000000000000e+00 1.912710000000000105e-02 1.918649999999999869e-02
1.076957825000000035e+00 1.913025399999999931e-02 3.987509999999999774e-04 1.000000000000000000e+00 1.912830000000000086e-02 1.918780000000000138e-02
1.077316810999999985e+00 1.913073599999999888e-02 3.988080000000000075e-04 1.000000000000000000e+00 1.912900000000000017e-02 1.918869999999999951e-02
1.077675916000000012e+00 1.913061799999999854e-02 3.988640000000000219e-04 1.000000000000000000e+00 1.912919999999999898e-02 1.918900000000000119e-02
1.078035142000000057e+00 1.912984699999999844e-02 3.989169999999999890e-04 1.000000000000000000e+00 1.912880000000000136e-02 1.918879999999999891e-02
1.078394486999999957e+00 1.912846400000000127e-02 3.989670000000000174e-04 1.000000000000000000e+00 1.912799999999999917e-02 1.918809999999999960e-02
1.078753950999999933e+00 1.912666699999999997e-02 3.990120000000000212e-04 1.000000000000000000e+00 1.912679999999999936e-02 1.918709999999999860e-02
1.079113535999999929e+00 1.912481699999999882e-02 3.990539999999999777e-04 1.000000000000000000e+00 1.912550000000000014e-02 1.918589999999999879e-02
1.079473241000000083e+00 1.912337000000000065e-02 3.990929999999999955e-04 1.000000000000000000e+00 1.912420000000000092e-02 1.918469999999999898e-02
1.079833065000000092e+00 1.912274599999999949e-02 3.991320000000000132e-04 1.000000000000000000e+00 1.912339999999999873e-02 1.918399999999999966e-02
1.080193009000000037e+00 1.912318799999999930e-02 3.991740000000000240e-04 1.000000000000000000e+00 1.912319999999999992e-02 1.918390000000000026e-02
1.080553074000000002e+00 1.912466599999999850e-02 3.992199999999999894e-04 1.000000000000000000e+00 1.912399999999999864e-02 1.918469999999999898e-02
1.080913258000000043e+00 1.912687100000000015e-02 3.992719999999999950e-04 1.000000000000000000e+00 1.912550000000000014e-02 1.918629999999999988e-02
1.081273563000000104e+00 1.912930100000000133e-02 3.993269999999999936e-04 1.000000000000000000e+00 1.912770000000000095e-02 1.918850000000000069e-02
1.081633987000000019e+00 1.913141299999999989e-02 3.993830000000000080e-04 1.000000000000000000e+00 1.913000000000000117e-02 1.919080000000000091e-02
1.081994531999999953e+00 1.913277299999999875e-02 3.994350000000000136e-04 1.000000000000000000e+00 1.913209999999999911e-02 1.919300000000000173e-02
1.082355197000000047e+00 1.913315100000000102e-02 3.994790000000000016e-04 1.000000000000000000e+00 1.913379999999999942e-02 1.919459999999999916e-02
1.082715982000000077e+00 1.913253499999999913e-02 3.995140000000000106e-04 1.000000000000000000e+00 1.913470000000000101e-02 1.919550000000000076e-02
1.083076887000000044e+00 1.913108300000000012e-02 3.995380000000000090e-04 1.000000000000000000e+00 1.913480000000000042e-02 1.919569999999999957e-02
1.083437913000000030e+00 1.912905999999999981e-02 3.995490000000000196e-04 1.000000000000000000e+00 1.913439999999999933e-02 1.919519999999999907e-02
1.083799058999999954e+00 1.912679899999999988e-02 3.995499999999999811e-04 1.000000000000000000e+00 1.913360000000000061e-02 1.919430000000000094e-02
1.084160325000000036e+00 1.912471300000000152e-02 3.995420000000000178e-04 1.000000000000000000e+00 1.913259999999999961e-02 1.919320000000000054e-02
1.084521711999999916e+00 1.912333500000000172e-02 3.995280000000000142e-04 1.000000000000000000e+00 1.913170000000000148e-02 1.919229999999999894e-02
1.084883218999999954e+00 1.912331700000000079e-02 3.995119999999999791e-04 1.000000000000000000e+00 1.913149999999999920e-02 1.919190000000000132e-02
1.085244847000000012e+00 1.912535200000000171e-02 3.995010000000000228e-04 1.000000000000000000e+00 1.913230000000000139e-02 1.919250000000000123e-02
1.085606595000000008e+00 1.913000899999999990e-02 3.995019999999999843e-04 1.000000000000000000e+00 1.913470000000000101e-02 1.919469999999999857e-02
1.085968464000000022e+00 1.913752900000000035e-02 3.995219999999999739e-04 1.000000000000000000e+00 1.913919999999999857e-02 1.919910000000000019e-02
1.086330452999999974e+00 1.914766700000000016e-02 3.995650000000000005e-04 1.000000000000000000e+00 1.914619999999999864e-02 1.920569999999999916e-02
1.086692562999999945e+00 1.915967400000000154e-02 3.996289999999999782e-04 1.000000000000000000e+00 1.915539999999999951e-02 1.921470000000000122e-02
1.087054793999999935e+00 1.917244900000000113e-02 3.997110000000000224e-04 1.000000000000000000e+00 1.916640000000000010e-02 1.922549999999999953e-02
1.087417145999999946e+00 1.918480100000000133e-02 3.997989999999999986e-04 1.000000000000000000e+00 1.917850000000000110e-02 1.923729999999999885e-02
1.087779617999999893e+00 1.919575800000000027e-02 3.998839999999999817e-04 1.000000000000000000e+00 1.919059999999999863e-02 1.924920000000000103e-02
1.088142211000000081e+00 1.920478399999999905e-02 3.999569999999999926e-04 1.000000000000000000e+00 1.920200000000000032e-02 1.926020000000000162e-02
1.088504925999999928e+00 1.921184199999999981e-02 4.000100000000000140e-04 1.000000000000000000e+00 1.921190000000000050e-02 1.926980000000000012e-02
1.088867760999999934e+00 1.921729000000000145e-02 4.000429999999999915e-04 1.000000000000000000e+00 1.922019999999999978e-02 1.927759999999999890e-02
1.089230716000000099e+00 1.922167199999999868e-02 4.000580000000000108e-04 1.000000000000000000e+00 1.922690000000000163e-02 1.928389999999999965e-02
1.089593792999999922e+00 1.922548099999999913e-02 4.000580000000000108e-04 1.000000000000000000e+00 1.923220000000000138e-02 1.928879999999999831e-02
1.089956990999999986e+00 1.922901999999999945e-02 4.000499999999999933e-04 1.000000000000000000e+00 1.923669999999999894e-02 1.929290000000000171e-02
1.090320310000000070e+00 1.923238000000000031e-02 4.000370000000000054e-04 1.000000000000000000e+00 1.924060000000000006e-02 1.929639999999999828e-02
1.090683749999999952e+00 1.923555799999999982e-02 4.000210000000000246e-04 1.000000000000000000e+00 1.924410000000000009e-02 1.929950000000000068e-02
1.091047311999999936e+00 1.923860200000000048e-02 4.000030000000000122e-04 1.000000000000000000e+00 1.924750000000000072e-02 1.930240000000000081e-02
1.091410994000000079e+00 1.924170000000000047e-02 3.999820000000000068e-04 1.000000000000000000e+00 1.925069999999999906e-02 1.930520000000000153e-02
1.091774798000000102e+00 1.924516000000000074e-02 3.999620000000000172e-04 1.000000000000000000e+00 1.925400000000000028e-02 1.930799999999999877e-02
1.092138722999999922e+00 1.924925400000000036e-02 3.999450000000000205e-04 1.000000000000000000e+00 1.925750000000000031e-02 1.931110000000000118e-02
1.092502768999999985e+00 1.925404099999999952e-02 3.999340000000000100e-04 1.000000000000000000e+00 1.926129999999999856e-02 1.931449999999999834e-02
1.092866936000000067e+00 1.925926899999999900e-02 3.999300000000000012e-04 1.000000000000000000e+00 1.926539999999999850e-02 1.931820000000000065e-02
1.093231225000000029e+00 1.926441099999999865e-02 3.999329999999999942e-04 1.000000000000000000e+00 1.926970000000000072e-02 1.932209999999999830e-02
1.093595636000000093e+00 1.926885100000000003e-02 3.999410000000000118e-04 1.000000000000000000e+00 1.927370000000000125e-02 1.932580000000000062e-02
1.093960167999999955e+00 1.927211200000000096e-02 3.999510000000000066e-04 1.000000000000000000e+00 1.927689999999999959e-02 1.932870000000000074e-02
1.094324821000000059e+00 1.927398599999999990e-02 3.999610000000000014e-04 1.000000000000000000e+00 1.927910000000000040e-02 1.933059999999999987e-02
1.094689596000000043e+00 1.927451200000000059e-02 3.999680000000000032e-04 1.000000000000000000e+00 1.927989999999999912e-02 1.933129999999999918e-02
1.095054492999999907e+00 1.927380100000000013e-02 3.999739999999999893e-04 1.000000000000000000e+00 1.927950000000000150e-02 1.933079999999999868e-02
1.095419511000000012e+00 1.927179799999999971e-02 3.999779999999999980e-04 1.000000000000000000e+00 1.927780000000000118e-02 1.932909999999999837e-02
1.095784650999999998e+00 1.926813999999999957e-02 3.999779999999999980e-04 1.000000000000000000e+00 1.927490000000000106e-02 1.932609999999999884e-02
1.096149912000000004e+00 1.926217200000000102e-02 3.999709999999999962e-04 1.000000000000000000e+00 1.927049999999999944e-02 1.932180000000000009e-02
1.096515294999999890e+00 1.925315500000000096e-02 3.999480000000000136e-04 1.000000000000000000e+00 1.926419999999999869e-02 1.931549999999999934e-02
1.096880800999999961e+00 1.924056199999999925e-02 3.999030000000000098e-04 1.000000000000000000e+00 1.925549999999999831e-02 1.930689999999999837e-02
1.097246428000000051e+00 1.922436199999999831e-02 3.998259999999999900e-04 1.000000000000000000e+00 1.924390000000000128e-02 1.929530000000000134e-02
1.097612175999999939e+00 1.920515600000000100e-02 3.997159999999999927e-04 1.000000000000000000e+00 1.922940000000000066e-02 1.928080000000000072e-02
1.097978047000000013e+00 1.918412800000000168e-02 3.995739999999999795e-04 1.000000000000000000e+00 1.921230000000000160e-02 1.926370000000000166e-02
1.098344039999999966e+00 1.916281699999999866e-02 3.994089999999999837e-04 1.000000000000000000e+00 1.919339999999999935e-02 1.924479999999999941e-02
1.098710153999999939e+00 1.914279099999999928e-02 3.992329999999999772e-04 1.000000000000000000e+00 1.917390000000000067e-02 1.922520000000000132e-02
1.099076391000000097e+00 1.912529799999999891e-02 3.990600000000000180e-04 1.000000000000000000e+00 1.915489999999999901e-02 1.920619999999999966e-02
1.099442749999999913e+00 1.911101899999999992e-02 3.989040000000000012e-04 1.000000000000000000e+00 1.913750000000000173e-02 1.918869999999999951e-02
1.099809231000000054e+00 1.909996599999999947e-02 3.987740000000000143e-04 1.000000000000000000e+00 1.912250000000000061e-02 1.917359999999999898e-02
1.100175834000000075e+00 1.909155499999999964e-02 3.986729999999999961e-04 1.000000000000000000e+00 1.910989999999999911e-02 1.916110000000000035e-02
1.100542558999999976e+00 1.908483399999999844e-02 3.985999999999999851e-04 1.000000000000000000e+00 1.909970000000000070e-02 1.915079999999999907e-02
1.100909407000000062e+00 1.907876999999999837e-02 3.985489999999999953e-04 1.000000000000000000e+00 1.909109999999999974e-02 1.914230000000000098e-02
1.101276377000000029e+00 1.907248300000000119e-02 3.985130000000000248e-04 1.000000000000000000e+00 1.908340000000000036e-02 1.913470000000000101e-02
1.101643469000000097e+00 1.906539700000000129e-02 3.984829999999999861e-04 1.000000000000000000e+00 1.907589999999999980e-02 1.912729999999999986e-02
1.102010683000000046e+00 1.905721299999999993e-02 3.984530000000000016e-04 1.000000000000000000e+00 1.906810000000000102e-02 1.911950000000000108e-02
1.102378019999999959e+00 1.904782600000000034e-02 3.984190000000000084e-04 1.000000000000000000e+00 1.905940000000000065e-02 1.911099999999999952e-02
1.102745478999999973e+00 1.903720299999999907e-02 3.983789999999999749e-04 1.000000000000000000e+00 1.904990000000000155e-02 1.910159999999999983e-02
1.103113060999999950e+00 1.902531699999999992e-02 3.983300000000000165e-04 1.000000000000000000e+00 1.903929999999999859e-02 1.909119999999999914e-02
1.103480765999999891e+00 1.901217399999999974e-02 3.982710000000000091e-04 1.000000000000000000e+00 1.902780000000000096e-02 1.907980000000000093e-02
1.103848592000000073e+00 1.899787000000000003e-02 3.981990000000000139e-04 1.000000000000000000e+00 1.901529999999999887e-02 1.906740000000000171e-02
1.104216542000000079e+00 1.898265199999999917e-02 3.981139999999999766e-04 1.000000000000000000e+00 1.900200000000000153e-02 1.905420000000000030e-02
1.104584613999999965e+00 1.896692100000000117e-02 3.980160000000000056e-04 1.000000000000000000e+00 1.898800000000000140e-02 1.904029999999999959e-02
1.104952809000000036e+00 1.895112300000000027e-02 3.979060000000000084e-04 1.000000000000000000e+00 1.897360000000000019e-02 1.902589999999999837e-02
1.105321127000000070e+00 1.893560600000000066e-02 3.977869999999999778e-04 1.000000000000000000e+00 1.895900000000000016e-02 1.901129999999999834e-02
1.105689566999999984e+00 1.892044699999999996e-02 3.976629999999999770e-04 1.000000000000000000e+00 1.894440000000000013e-02 1.899669999999999831e-02
1.106058130000000084e+00 1.890539700000000087e-02 3.975350000000000216e-04 1.000000000000000000e+00 1.892980000000000010e-02 1.898209999999999828e-02
1.106426815999999924e+00 1.888988600000000156e-02 3.974030000000000032e-04 1.000000000000000000e+00 1.891510000000000066e-02 1.896729999999999944e-02
1.106795624999999950e+00 1.887315999999999994e-02 3.972620000000000057e-04 1.000000000000000000e+00 1.889980000000000132e-02 1.895190000000000069e-02
1.107164556999999938e+00 1.885437900000000097e-02 3.971089999999999820e-04 1.000000000000000000e+00 1.888340000000000157e-02 1.893529999999999866e-02
1.107533611999999890e+00 1.883268499999999832e-02 3.969339999999999913e-04 1.000000000000000000e+00 1.886509999999999923e-02 1.891690000000000038e-02
1.107902790000000026e+00 1.880715800000000090e-02 3.967309999999999934e-04 1.000000000000000000e+00 1.884419999999999845e-02 1.889590000000000020e-02
1.108272090999999904e+00 1.877675499999999914e-02 3.964899999999999935e-04 1.000000000000000000e+00 1.881980000000000111e-02 1.887130000000000057e-02
1.108641514999999966e+00 1.874025299999999838e-02 3.961990000000000195e-04 1.000000000000000000e+00 1.879079999999999986e-02 1.884219999999999992e-02
1.109011061999999992e+00 1.869631700000000049e-02 3.958480000000000223e-04 1.000000000000000000e+00 1.875610000000000124e-02 1.880729999999999902e-02
1.109380731999999981e+00 1.864367999999999928e-02 3.954229999999999984e-04 1.000000000000000000e+00 1.871429999999999969e-02 1.876529999999999865e-02
1.109750526000000015e+00 1.858125700000000033e-02 3.949150000000000230e-04 1.000000000000000000e+00 1.866409999999999944e-02 1.871489999999999959e-02
1.110120443000000012e+00 1.850818499999999991e-02 3.943120000000000154e-04 1.000000000000000000e+00 1.860449999999999951e-02 1.865510000000000085e-02
1.110490482999999973e+00 1.842380999999999880e-02 3.936069999999999738e-04 1.000000000000000000e+00 1.853449999999999889e-02 1.858500000000000082e-02
1.110860645999999896e+00 1.832760400000000081e-02 3.927930000000000050e-04 1.000000000000000000e+00 1.845360000000000056e-02 1.850380000000000080e-02
1.111230933000000087e+00 1.821922499999999862e-02 3.918619999999999829e-04 1.000000000000000000e+00 1.836120000000000113e-02 1.841129999999999850e-02
1.111601344000000102e+00 1.809848000000000012e-02 3.908079999999999757e-04 1.000000000000000000e+00 1.825720000000000121e-02 1.830700000000000036e-02
1.111971876999999997e+00 1.796529399999999971e-02 3.896260000000000131e-04 1.000000000000000000e+00 1.814119999999999969e-02 1.819080000000000003e-02
1.112342535000000021e+00 1.781941999999999901e-02 3.883119999999999779e-04 1.000000000000000000e+00 1.801310000000000064e-02 1.806239999999999929e-02
1.112713314999999925e+00 1.765999399999999830e-02 3.868559999999999837e-04 1.000000000000000000e+00 1.787259999999999890e-02 1.792159999999999934e-02
1.113084219999999958e+00 1.748538599999999860e-02 3.852479999999999815e-04 1.000000000000000000e+00 1.771870000000000042e-02 1.776720000000000035e-02
1.113455247999999953e+00 1.729360500000000009e-02 3.834689999999999974e-04 1.000000000000000000e+00 1.754990000000000022e-02 1.759799999999999906e-02
1.113826399999999994e+00 1.708348599999999842e-02 3.815010000000000189e-04 1.000000000000000000e+00 1.736460000000000087e-02 1.741229999999999861e-02
1.114197674999999998e+00 1.685651700000000142e-02 3.793329999999999814e-04 1.000000000000000000e+00 1.716219999999999898e-02 1.720939999999999970e-02
1.114569074000000048e+00 1.661833999999999881e-02 3.769779999999999811e-04 1.000000000000000000e+00 1.694410000000000013e-02 1.699070000000000094e-02
1.114940596999999922e+00 1.637927800000000059e-02 3.744859999999999921e-04 1.000000000000000000e+00 1.671510000000000010e-02 1.676110000000000100e-02
1.115312244000000064e+00 1.615301499999999973e-02 3.719530000000000080e-04 1.000000000000000000e+00 1.648399999999999865e-02 1.652939999999999965e-02
1.115684015000000029e+00 1.595368600000000164e-02 3.695050000000000071e-04 1.000000000000000000e+00 1.626220000000000096e-02 1.630689999999999917e-02
1.116055910000000040e+00 1.579211200000000051e-02 3.672799999999999936e-04 1.000000000000000000e+00 1.606170000000000167e-02 1.610589999999999938e-02
1.116427928000000014e+00 1.567274499999999834e-02 3.653950000000000210e-04 1.000000000000000000e+00 1.589219999999999869e-02 1.593599999999999878e-02
1.116800070999999894e+00 1.559237400000000086e-02 3.639110000000000196e-04 1.000000000000000000e+00 1.575889999999999930e-02 1.580229999999999829e-02
1.117172338000000043e+00 1.554112700000000007e-02 3.628239999999999807e-04 1.000000000000000000e+00 1.566069999999999962e-02 1.570380000000000040e-02
1.117544727999999932e+00 1.550536199999999996e-02 3.620599999999999860e-04 1.000000000000000000e+00 1.559089999999999955e-02 1.563379999999999978e-02
1.117917242999999949e+00 1.547108999999999984e-02 3.615019999999999822e-04 1.000000000000000000e+00 1.553919999999999954e-02 1.558200000000000036e-02
1.118289882000000013e+00 1.542670900000000025e-02 3.610169999999999894e-04 1.000000000000000000e+00 1.549389999999999969e-02 1.553649999999999996e-02
1.118662645999999983e+00 1.536411499999999937e-02 3.604820000000000225e-04 1.000000000000000000e+00 1.544429999999999935e-02 1.548680000000000022e-02
1.119035532999999916e+00 1.527850199999999936e-02 3.598009999999999793e-04 1.000000000000000000e+00 1.538190000000000043e-02 1.542430000000000016e-02
1.119408544999999977e+00 1.516766699999999926e-02 3.589040000000000047e-04 1.000000000000000000e+00 1.530079999999999982e-02 1.534300000000000073e-02
1.119781681000000084e+00 1.503183800000000049e-02 3.577520000000000266e-04 1.000000000000000000e+00 1.519760000000000034e-02 1.523960000000000072e-02
1.120154942000000098e+00 1.487442700000000083e-02 3.563339999999999802e-04 1.000000000000000000e+00 1.507170000000000037e-02 1.511340000000000079e-02
1.120528326999999935e+00 1.470314500000000080e-02 3.546749999999999881e-04 1.000000000000000000e+00 1.492549999999999953e-02 1.496690000000000000e-02
1.120901836000000040e+00 1.453043700000000021e-02 3.528490000000000229e-04 1.000000000000000000e+00 1.476560000000000025e-02 1.480659999999999962e-02
1.121275470000000052e+00 1.437211400000000007e-02 3.509739999999999908e-04 1.000000000000000000e+00 1.460230000000000035e-02 1.464299999999999977e-02
1.121649228999999970e+00 1.424397600000000021e-02 3.492100000000000260e-04 1.000000000000000000e+00 1.444909999999999944e-02 1.448950000000000064e-02
1.122023111999999934e+00 1.415746099999999966e-02 3.477199999999999844e-04 1.000000000000000000e+00 1.431939999999999949e-02 1.435960000000000014e-02
1.122397120000000026e+00 1.411592000000000055e-02 3.466329999999999997e-04 1.000000000000000000e+00 1.422370000000000058e-02 1.426370000000000068e-02
1.122771251999999942e+00 1.411346999999999949e-02 3.460040000000000164e-04 1.000000000000000000e+00 1.416629999999999973e-02 1.420620000000000042e-02
1.123145508999999986e+00 1.413708500000000062e-02 3.458010000000000185e-04 1.000000000000000000e+00 1.414419999999999913e-02 1.418419999999999924e-02
1.123519890999999937e+00 1.417132899999999987e-02 3.459170000000000018e-04 1.000000000000000000e+00 1.414849999999999962e-02 1.418870000000000027e-02
1.123894396999999934e+00 1.420383700000000041e-02 3.462140000000000161e-04 1.000000000000000000e+00 1.416779999999999949e-02 1.420820000000000069e-02
1.124269028999999920e+00 1.422923199999999964e-02 3.465669999999999905e-04 1.000000000000000000e+00 1.419190000000000035e-02 1.423250000000000036e-02
1.124643784999999951e+00 1.424983999999999973e-02 3.469100000000000243e-04 1.000000000000000000e+00 1.421520000000000075e-02 1.425590000000000017e-02
1.125018666999999972e+00 1.427315099999999955e-02 3.472390000000000003e-04 1.000000000000000000e+00 1.423759999999999956e-02 1.427849999999999953e-02
1.125393673000000039e+00 1.430746899999999974e-02 3.476059999999999784e-04 1.000000000000000000e+00 1.426329999999999959e-02 1.430440000000000010e-02
1.125768804000000012e+00 1.435787999999999995e-02 3.480760000000000061e-04 1.000000000000000000e+00 1.429779999999999940e-02 1.433899999999999932e-02
1.126144059999999891e+00 1.442451299999999992e-02 3.486930000000000173e-04 1.000000000000000000e+00 1.434500000000000011e-02 1.438649999999999998e-02
1.126519441999999982e+00 1.450368999999999964e-02 3.494680000000000225e-04 1.000000000000000000e+00 1.440589999999999926e-02 1.444759999999999968e-02
1.126894947999999896e+00 1.459105299999999966e-02 3.503790000000000008e-04 1.000000000000000000e+00 1.447870000000000060e-02 1.452059999999999983e-02
1.127270580000000022e+00 1.468504900000000037e-02 3.513929999999999745e-04 1.000000000000000000e+00 1.456099999999999929e-02 1.460320000000000021e-02
1.127646337000000054e+00 1.478893400000000011e-02 3.525019999999999803e-04 1.000000000000000000e+00 1.465200000000000009e-02 1.469439999999999982e-02
1.128022218999999993e+00 1.491014199999999949e-02 3.537340000000000254e-04 1.000000000000000000e+00 1.475420000000000030e-02 1.479689999999999998e-02
1.128398226000000060e+00 1.505721900000000016e-02 3.551520000000000176e-04 1.000000000000000000e+00 1.487300000000000080e-02 1.491589999999999930e-02
1.128774358999999894e+00 1.523532600000000042e-02 3.568290000000000220e-04 1.000000000000000000e+00 1.501459999999999947e-02 1.505779999999999966e-02
1.129150617000000079e+00 1.544157799999999921e-02 3.588050000000000180e-04 1.000000000000000000e+00 1.518270000000000036e-02 1.522629999999999990e-02
1.129526999999999948e+00 1.566198099999999843e-02 3.610469999999999739e-04 1.000000000000000000e+00 1.537469999999999982e-02 1.541879999999999987e-02
1.129903509000000028e+00 1.587096099999999940e-02 3.634190000000000250e-04 1.000000000000000000e+00 1.557919999999999965e-02 1.562380000000000019e-02
1.130280144000000098e+00 1.603416100000000163e-02 3.656770000000000159e-04 1.000000000000000000e+00 1.577510000000000023e-02 1.582010000000000013e-02
1.130656904000000074e+00 1.611414400000000038e-02 3.674959999999999794e-04 1.000000000000000000e+00 1.593340000000000034e-02 1.597869999999999846e-02
1.131033790000000039e+00 1.607805600000000029e-02 3.685130000000000003e-04 1.000000000000000000e+00 1.602189999999999864e-02 1.606739999999999904e-02
1.131410800999999910e+00 1.590572800000000092e-02 3.684030000000000030e-04 1.000000000000000000e+00 1.601129999999999914e-02 1.605660000000000073e-02
1.131787937999999993e+00 1.559626700000000046e-02 3.669359999999999983e-04 1.000000000000000000e+00 1.588180000000000147e-02 1.592659999999999909e-02
1.132165201000000065e+00 1.517168600000000020e-02 3.640480000000000083e-04 1.000000000000000000e+00 1.562929999999999875e-02 1.567320000000000171e-02
1.132542589000000044e+00 1.467635800000000046e-02 3.598799999999999764e-04 1.000000000000000000e+00 1.526899999999999959e-02 1.531169999999999927e-02
1.132920103000000012e+00 1.417195599999999944e-02 3.548000000000000047e-04 1.000000000000000000e+00 1.483570000000000028e-02 1.487690000000000019e-02
1.133297742999999969e+00 1.372823700000000077e-02 3.493780000000000149e-04 1.000000000000000000e+00 1.438030000000000037e-02 1.442000000000000053e-02
1.133675508999999915e+00 1.341130400000000063e-02 3.443300000000000050e-04 1.000000000000000000e+00 1.396269999999999976e-02 1.400099999999999956e-02
1.134053401000000072e+00 1.327134399999999916e-02 3.404039999999999887e-04 1.000000000000000000e+00 1.364210000000000075e-02 1.367909999999999959e-02
1.134431418999999996e+00 1.333295699999999945e-02 3.382360000000000054e-04 1.000000000000000000e+00 1.346649999999999930e-02 1.350269999999999943e-02
1.134809562999999910e+00 1.359038800000000012e-02 3.382109999999999912e-04 1.000000000000000000e+00 1.346400000000000027e-02 1.349979999999999930e-02
1.135187831999999952e+00 1.400925800000000013e-02 3.403670000000000024e-04 1.000000000000000000e+00 1.363780000000000027e-02 1.367370000000000044e-02
1.135566228000000066e+00 1.453444100000000037e-02 3.443990000000000072e-04 1.000000000000000000e+00 1.396619999999999980e-02 1.400249999999999932e-02
1.135944749999999948e+00 1.510191399999999927e-02 3.497430000000000157e-04 1.000000000000000000e+00 1.440770000000000071e-02 1.444480000000000069e-02
1.136323398999999901e+00 1.565133499999999886e-02 3.557230000000000092e-04 1.000000000000000000e+00 1.490999999999999964e-02 1.494780000000000067e-02
1.136702172999999982e+00 1.613600600000000135e-02 3.616940000000000237e-04 1.000000000000000000e+00 1.542010000000000082e-02 1.545870000000000057e-02
1.137081073999999914e+00 1.652803599999999942e-02 3.671449999999999822e-04 1.000000000000000000e+00 1.589300000000000088e-02 1.593229999999999993e-02
1.137460101000000057e+00 1.681824399999999956e-02 3.717479999999999786e-04 1.000000000000000000e+00 1.629749999999999949e-02 1.633739999999999845e-02
1.137839253999999967e+00 1.701223600000000002e-02 3.753580000000000068e-04 1.000000000000000000e+00 1.661790000000000142e-02 1.665809999999999860e-02
1.138218533999999948e+00 1.712471999999999953e-02 3.779769999999999896e-04 1.000000000000000000e+00 1.685170000000000071e-02 1.689210000000000017e-02
1.138597939999999920e+00 1.717421499999999962e-02 3.797089999999999927e-04 1.000000000000000000e+00 1.700629999999999850e-02 1.704680000000000084e-02
1.138977472999999963e+00 1.717935199999999843e-02 3.807130000000000258e-04 1.000000000000000000e+00 1.709489999999999968e-02 1.713550000000000142e-02
1.139357131999999995e+00 1.715690599999999955e-02 3.811660000000000026e-04 1.000000000000000000e+00 1.713289999999999952e-02 1.717360000000000067e-02
1.139736918000000099e+00 1.712069299999999933e-02 3.812390000000000136e-04 1.000000000000000000e+00 1.713579999999999964e-02 1.717660000000000020e-02
1.140116829999999970e+00 1.708066899999999971e-02 3.810849999999999741e-04 1.000000000000000000e+00 1.711700000000000027e-02 1.715799999999999964e-02
1.140496868999999913e+00 1.704183500000000170e-02 3.808179999999999985e-04 1.000000000000000000e+00 1.708700000000000149e-02 1.712850000000000136e-02
1.140877034999999928e+00 1.700329800000000002e-02 3.805079999999999964e-04 1.000000000000000000e+00 1.705220000000000000e-02 1.709420000000000037e-02
1.141257326999999933e+00 1.695834400000000020e-02 3.801640000000000011e-04 1.000000000000000000e+00 1.701360000000000025e-02 1.705610000000000112e-02
1.141637746000000009e+00 1.689617800000000128e-02 3.797399999999999929e-04 1.000000000000000000e+00 1.696720000000000173e-02 1.701029999999999903e-02
1.142018291999999935e+00 1.680516199999999849e-02 3.791469999999999801e-04 1.000000000000000000e+00 1.690530000000000158e-02 1.694899999999999879e-02
1.142398964999999933e+00 1.667696899999999982e-02 3.782810000000000057e-04 1.000000000000000000e+00 1.681879999999999833e-02 1.686299999999999952e-02
1.142779763999999920e+00 1.651003300000000035e-02 3.770600000000000254e-04 1.000000000000000000e+00 1.670079999999999829e-02 1.674540000000000056e-02
1.143160691000000062e+00 1.631117199999999878e-02 3.754559999999999777e-04 1.000000000000000000e+00 1.654920000000000002e-02 1.659400000000000111e-02
1.143541743999999971e+00 1.609477399999999919e-02 3.735149999999999907e-04 1.000000000000000000e+00 1.636850000000000110e-02 1.641350000000000101e-02
1.143922925000000035e+00 1.587989399999999857e-02 3.713540000000000092e-04 1.000000000000000000e+00 1.616969999999999866e-02 1.621459999999999915e-02
1.144304232999999948e+00 1.568636500000000072e-02 3.691440000000000151e-04 1.000000000000000000e+00 1.596799999999999956e-02 1.601280000000000064e-02
1.144685667000000073e+00 1.553126300000000001e-02 3.670799999999999888e-04 1.000000000000000000e+00 1.578030000000000058e-02 1.582510000000000167e-02
1.145067228999999909e+00 1.542644900000000006e-02 3.653449999999999927e-04 1.000000000000000000e+00 1.562239999999999983e-02 1.566719999999999918e-02
1.145448918000000038e+00 1.537759999999999995e-02 3.640839999999999788e-04 1.000000000000000000e+00 1.550640000000000004e-02 1.555119999999999940e-02
1.145830735000000100e+00 1.538409699999999936e-02 3.633849999999999776e-04 1.000000000000000000e+00 1.543940000000000069e-02 1.548440000000000059e-02
1.146212677999999929e+00 1.543962400000000075e-02 3.632710000000000257e-04 1.000000000000000000e+00 1.542310000000000035e-02 1.546830000000000080e-02
1.146594748999999913e+00 1.553318899999999933e-02 3.637019999999999815e-04 1.000000000000000000e+00 1.545380000000000018e-02 1.549949999999999939e-02
1.146976946999999969e+00 1.565069700000000161e-02 3.645790000000000207e-04 1.000000000000000000e+00 1.552339999999999970e-02 1.556950000000000001e-02
1.147359272999999957e+00 1.577719199999999891e-02 3.657660000000000078e-04 1.000000000000000000e+00 1.562020000000000075e-02 1.566680000000000156e-02
1.147741726000000018e+00 1.589955300000000030e-02 3.671130000000000205e-04 1.000000000000000000e+00 1.573139999999999955e-02 1.577860000000000026e-02
1.148124307000000011e+00 1.600881700000000157e-02 3.684809999999999843e-04 1.000000000000000000e+00 1.584520000000000026e-02 1.589290000000000147e-02
1.148507015000000075e+00 1.610135799999999964e-02 3.697649999999999808e-04 1.000000000000000000e+00 1.595260000000000081e-02 1.600069999999999965e-02
1.148889851000000073e+00 1.617830099999999910e-02 3.709089999999999956e-04 1.000000000000000000e+00 1.604850000000000027e-02 1.609700000000000020e-02
1.149272813999999920e+00 1.624359200000000114e-02 3.719020000000000182e-04 1.000000000000000000e+00 1.613190000000000110e-02 1.618069999999999925e-02
1.149655904999999922e+00 1.630152500000000074e-02 3.727639999999999838e-04 1.000000000000000000e+00 1.620459999999999956e-02 1.625359999999999999e-02
1.150039122999999996e+00 1.635503400000000093e-02 3.735240000000000240e-04 1.000000000000000000e+00 1.626899999999999874e-02 1.631820000000000145e-02
1.150422470000000086e+00 1.640534800000000015e-02 3.742090000000000216e-04 1.000000000000000000e+00 1.632739999999999886e-02 1.637680000000000038e-02
1.150805944000000025e+00 1.645295000000000091e-02 3.748369999999999892e-04 1.000000000000000000e+00 1.638140000000000082e-02 1.643089999999999828e-02
1.151189545999999897e+00 1.649903200000000028e-02 3.754219999999999845e-04 1.000000000000000000e+00 1.643179999999999988e-02 1.648149999999999962e-02
1.151573275999999924e+00 1.654647399999999852e-02 3.759829999999999813e-04 1.000000000000000000e+00 1.648039999999999922e-02 1.653009999999999896e-02
1.151957133000000022e+00 1.659967899999999913e-02 3.765530000000000114e-04 1.000000000000000000e+00 1.652959999999999846e-02 1.657940000000000108e-02
1.152341118999999914e+00 1.666344300000000000e-02 3.771770000000000244e-04 1.000000000000000000e+00 1.658319999999999933e-02 1.663320000000000076e-02
1.152725232999999960e+00 1.674138099999999962e-02 3.779009999999999856e-04 1.000000000000000000e+00 1.664509999999999948e-02 1.669529999999999972e-02
1.153109474999999939e+00 1.683474899999999955e-02 3.787630000000000055e-04 1.000000000000000000e+00 1.671860000000000013e-02 1.676909999999999859e-02
1.153493843999999990e+00 1.694209600000000024e-02 3.797809999999999880e-04 1.000000000000000000e+00 1.680540000000000159e-02 1.685630000000000114e-02
1.153878342000000057e+00 1.705975900000000073e-02 3.809470000000000239e-04 1.000000000000000000e+00 1.690490000000000048e-02 1.695630000000000054e-02
1.154262968999999917e+00 1.718287199999999834e-02 3.822319999999999819e-04 1.000000000000000000e+00 1.701489999999999947e-02 1.706670000000000062e-02
1.154647723000000070e+00 1.730637700000000126e-02 3.835900000000000052e-04 1.000000000000000000e+00 1.713150000000000089e-02 1.718389999999999848e-02
1.155032604999999934e+00 1.742580499999999907e-02 3.849720000000000268e-04 1.000000000000000000e+00 1.725060000000000135e-02 1.730349999999999944e-02
1.155417616000000036e+00 1.753764699999999996e-02 3.863289999999999801e-04 1.000000000000000000e+00 1.736800000000000149e-02 1.742149999999999949e-02
1.155802755999999931e+00 1.763952400000000018e-02 3.876230000000000257e-04 1.000000000000000000e+00 1.748009999999999842e-02 1.753410000000000038e-02
1.156188022999999898e+00 1.773024700000000106e-02 3.888240000000000164e-04 1.000000000000000000e+00 1.758420000000000122e-02 1.763870000000000021e-02
1.156573419000000102e+00 1.780981800000000156e-02 3.899160000000000256e-04 1.000000000000000000e+00 1.767849999999999977e-02 1.773349999999999926e-02
1.156958944000000100e+00 1.787938600000000058e-02 3.908939999999999746e-04 1.000000000000000000e+00 1.776259999999999992e-02 1.781800000000000050e-02
1.157344597000000030e+00 1.794105600000000036e-02 3.917680000000000207e-04 1.000000000000000000e+00 1.783720000000000097e-02 1.789299999999999918e-02
1.157730377999999893e+00 1.799755700000000083e-02 3.925539999999999824e-04 1.000000000000000000e+00 1.790370000000000156e-02 1.795990000000000086e-02
1.158116287999999994e+00 1.805183600000000166e-02 3.932760000000000205e-04 1.000000000000000000e+00 1.796460000000000071e-02 1.802110000000000170e-02
1.158502327000000109e+00 1.810666299999999854e-02 3.939619999999999797e-04 1.000000000000000000e+00 1.802240000000000092e-02 1.807929999999999954e-02
1.158888493999999936e+00 1.816431900000000169e-02 3.946360000000000211e-04 1.000000000000000000e+00 1.807970000000000063e-02 1.813690000000000094e-02
1.159274791000000082e+00 1.822642600000000043e-02 3.953229999999999960e-04 1.000000000000000000e+00 1.813870000000000066e-02 1.819629999999999859e-02
1.159661215999999939e+00 1.829382699999999862e-02 3.960379999999999782e-04 1.000000000000000000e+00 1.820110000000000131e-02 1.825890000000000152e-02
1.160047768999999951e+00 1.836650299999999930e-02 3.967940000000000095e-04 1.000000000000000000e+00 1.826770000000000130e-02 1.832570000000000032e-02
1.160434452000000061e+00 1.844354900000000005e-02 3.975949999999999905e-04 1.000000000000000000e+00 1.833860000000000004e-02 1.839700000000000016e-02
1.160821263000000103e+00 1.852315499999999948e-02 3.984349999999999893e-04 1.000000000000000000e+00 1.841339999999999991e-02 1.847199999999999884e-02
1.161208204000000022e+00 1.860273399999999924e-02 3.993010000000000179e-04 1.000000000000000000e+00 1.849049999999999999e-02 1.854940000000000061e-02
1.161595273000000095e+00 1.867912399999999834e-02 4.001729999999999784e-04 1.000000000000000000e+00 1.856789999999999830e-02 1.862710000000000060e-02
1.161982472000000044e+00 1.874896200000000096e-02 4.010209999999999947e-04 1.000000000000000000e+00 1.864290000000000044e-02 1.870250000000000037e-02
1.162369798999999926e+00 1.880913799999999955e-02 4.018149999999999738e-04 1.000000000000000000e+00 1.871269999999999878e-02 1.877260000000000040e-02
1.162757255999999906e+00 1.885730899999999918e-02 4.025230000000000084e-04 1.000000000000000000e+00 1.877440000000000012e-02 1.883469999999999936e-02
1.163144841000000040e+00 1.889238999999999849e-02 4.031209999999999915e-04 1.000000000000000000e+00 1.882589999999999958e-02 1.888650000000000051e-02
1.163532556000000051e+00 1.891490900000000058e-02 4.035949999999999737e-04 1.000000000000000000e+00 1.886579999999999854e-02 1.892670000000000116e-02
1.163920400999999938e+00 1.892706799999999828e-02 4.039450000000000093e-04 1.000000000000000000e+00 1.889419999999999988e-02 1.895530000000000131e-02
1.164308373999999979e+00 1.893248700000000131e-02 4.041879999999999865e-04 1.000000000000000000e+00 1.891260000000000163e-02 1.897389999999999841e-02
1.164696476999999897e+00 1.893556399999999848e-02 4.043520000000000209e-04 1.000000000000000000e+00 1.892380000000000104e-02 1.898520000000000069e-02
1.165084709000000052e+00 1.894063899999999870e-02 4.044790000000000147e-04 1.000000000000000000e+00 1.893119999999999872e-02 1.899270000000000125e-02
1.165473071000000083e+00 1.895111999999999838e-02 4.046070000000000244e-04 1.000000000000000000e+00 1.893879999999999869e-02 1.900040000000000062e-02
1.165861561999999907e+00 1.896884700000000049e-02 4.047720000000000202e-04 1.000000000000000000e+00 1.894960000000000047e-02 1.901129999999999834e-02
1.166250181999999969e+00 1.899384499999999878e-02 4.049950000000000078e-04 1.000000000000000000e+00 1.896580000000000141e-02 1.902759999999999868e-02
1.166638931999999906e+00 1.902454799999999877e-02 4.052819999999999730e-04 1.000000000000000000e+00 1.898800000000000140e-02 1.905000000000000096e-02
1.167027811999999942e+00 1.905835000000000168e-02 4.056229999999999753e-04 1.000000000000000000e+00 1.901539999999999828e-02 1.907760000000000011e-02
1.167416820999999993e+00 1.909232300000000132e-02 4.060000000000000024e-04 1.000000000000000000e+00 1.904619999999999924e-02 1.910859999999999989e-02
1.167805959999999921e+00 1.912385999999999947e-02 4.063870000000000243e-04 1.000000000000000000e+00 1.907810000000000061e-02 1.914060000000000067e-02
1.168195228999999946e+00 1.915107799999999846e-02 4.067599999999999883e-04 1.000000000000000000e+00 1.910859999999999989e-02 1.917140000000000163e-02
1.168584626999999987e+00 1.917291399999999923e-02 4.071009999999999907e-04 1.000000000000000000e+00 1.913600000000000023e-02 1.919890000000000138e-02
1.168974154999999904e+00 1.918896900000000016e-02 4.073969999999999892e-04 1.000000000000000000e+00 1.915880000000000014e-02 1.922199999999999950e-02
1.169363812999999919e+00 1.919920500000000044e-02 4.076430000000000136e-04 1.000000000000000000e+00 1.917649999999999910e-02 1.923980000000000135e-02
1.169753601000000032e+00 1.920363900000000151e-02 4.078330000000000236e-04 1.000000000000000000e+00 1.918860000000000010e-02 1.925220000000000056e-02
1.170143519000000021e+00 1.920218599999999956e-02 4.079679999999999808e-04 1.000000000000000000e+00 1.919509999999999966e-02 1.925889999999999894e-02
1.170533567000000108e+00 1.919466499999999964e-02 4.080450000000000006e-04 1.000000000000000000e+00 1.919589999999999838e-02 1.925989999999999994e-02
1.170923745000000071e+00 1.918106500000000061e-02 4.080600000000000199e-04 1.000000000000000000e+00 1.919099999999999973e-02 1.925510000000000069e-02
1.171314052999999911e+00 1.916192099999999843e-02 4.080120000000000231e-04 1.000000000000000000e+00 1.918040000000000023e-02 1.924470000000000000e-02
1.171704491000000070e+00 1.913868900000000040e-02 4.079059999999999804e-04 1.000000000000000000e+00 1.916479999999999920e-02 1.922919999999999838e-02
1.172095059000000106e+00 1.911392699999999931e-02 4.077509999999999793e-04 1.000000000000000000e+00 1.914539999999999992e-02 1.920969999999999969e-02
1.172485757000000017e+00 1.909108400000000122e-02 4.075700000000000026e-04 1.000000000000000000e+00 1.912420000000000092e-02 1.918840000000000129e-02
1.172876586000000110e+00 1.907387500000000055e-02 4.073929999999999804e-04 1.000000000000000000e+00 1.910399999999999945e-02 1.916819999999999982e-02
1.173267545000000078e+00 1.906535999999999995e-02 4.072540000000000144e-04 1.000000000000000000e+00 1.908790000000000139e-02 1.915199999999999889e-02
1.173658633999999923e+00 1.906698799999999999e-02 4.071810000000000034e-04 1.000000000000000000e+00 1.907850000000000171e-02 1.914249999999999979e-02
1.174049853000000088e+00 1.907798100000000080e-02 4.071950000000000070e-04 1.000000000000000000e+00 1.907719999999999902e-02 1.914110000000000117e-02
1.174441202999999989e+00 1.909535600000000083e-02 4.072939999999999937e-04 1.000000000000000000e+00 1.908369999999999858e-02 1.914760000000000073e-02
1.174832684000000071e+00 1.911463600000000082e-02 4.074589999999999896e-04 1.000000000000000000e+00 1.909599999999999839e-02 1.915990000000000054e-02
1.175224295000000030e+00 1.913109600000000021e-02 4.076570000000000172e-04 1.000000000000000000e+00 1.911070000000000130e-02 1.917459999999999998e-02
1.175616036000000086e+00 1.914112700000000084e-02 4.078490000000000045e-04 1.000000000000000000e+00 1.912399999999999864e-02 1.918809999999999960e-02
1.176007908000000102e+00 1.914322800000000172e-02 4.080050000000000213e-04 1.000000000000000000e+00 1.913290000000000129e-02 1.919720000000000107e-02
1.176399911000000076e+00 1.913826999999999889e-02 4.081059999999999853e-04 1.000000000000000000e+00 1.913590000000000083e-02 1.920039999999999941e-02
1.176792043999999926e+00 1.912893800000000158e-02 4.081530000000000206e-04 1.000000000000000000e+00 1.913319999999999951e-02 1.919790000000000038e-02
1.177184307999999957e+00 1.911855100000000099e-02 4.081619999999999996e-04 1.000000000000000000e+00 1.912650000000000114e-02 1.919150000000000023e-02
1.177576702999999947e+00 1.910973399999999975e-02 4.081560000000000136e-04 1.000000000000000000e+00 1.911830000000000127e-02 1.918339999999999976e-02
1.177969228000000035e+00 1.910342099999999890e-02 4.081539999999999821e-04 1.000000000000000000e+00 1.911049999999999902e-02 1.917589999999999920e-02
1.178361884999999942e+00 1.909854700000000044e-02 4.081630000000000154e-04 1.000000000000000000e+00 1.910419999999999827e-02 1.916980000000000073e-02
1.178754671999999948e+00 1.909254300000000001e-02 4.081779999999999805e-04 1.000000000000000000e+00 1.909869999999999970e-02 1.916440000000000157e-02
1.179147589999999912e+00 1.908240900000000156e-02 4.081770000000000190e-04 1.000000000000000000e+00 1.909220000000000014e-02 1.915810000000000082e-02
1.179540639999999918e+00 1.906600300000000150e-02 4.081390000000000170e-04 1.000000000000000000e+00 1.908249999999999877e-02 1.914849999999999886e-02
1.179933820000000022e+00 1.904306299999999896e-02 4.080469999999999779e-04 1.000000000000000000e+00 1.906779999999999933e-02 1.913379999999999942e-02
1.180327131000000085e+00 1.901561599999999908e-02 4.078970000000000013e-04 1.000000000000000000e+00 1.904749999999999846e-02 1.911370000000000083e-02
1.180720573000000106e+00 1.898758399999999832e-02 4.077050000000000140e-04 1.000000000000000000e+00 1.902320000000000053e-02 1.908939999999999942e-02
1.181114146999999948e+00 1.896372899999999861e-02 4.075050000000000091e-04 1.000000000000000000e+00 1.899769999999999931e-02 1.906410000000000049e-02
1.181507851999999970e+00 1.894829599999999989e-02 4.073370000000000202e-04 1.000000000000000000e+00 1.897489999999999941e-02 1.904139999999999999e-02
1.181901687999999950e+00 1.894386099999999934e-02 4.072400000000000108e-04 1.000000000000000000e+00 1.895849999999999966e-02 1.902519999999999906e-02
1.182295654999999890e+00 1.895077900000000093e-02 4.072379999999999793e-04 1.000000000000000000e+00 1.895109999999999850e-02 1.901809999999999959e-02
1.182689753000000010e+00 1.896737000000000076e-02 4.073419999999999905e-04 1.000000000000000000e+00 1.895360000000000100e-02 1.902080000000000090e-02
1.183083982999999950e+00 1.899063700000000118e-02 4.075390000000000024e-04 1.000000000000000000e+00 1.896530000000000091e-02 1.903279999999999902e-02
1.183478344999999932e+00 1.901713299999999857e-02 4.078069999999999937e-04 1.000000000000000000e+00 1.898410000000000028e-02 1.905190000000000008e-02
1.183872837000000011e+00 1.904357799999999851e-02 4.081150000000000186e-04 1.000000000000000000e+00 1.900719999999999840e-02 1.907520000000000049e-02
1.184267461999999993e+00 1.906709800000000107e-02 4.084320000000000225e-04 1.000000000000000000e+00 1.903169999999999862e-02 1.909980000000000011e-02
1.184662217999999934e+00 1.908523200000000059e-02 4.087280000000000210e-04 1.000000000000000000e+00 1.905460000000000140e-02 1.912290000000000170e-02
1.185057105000000055e+00 1.909599999999999839e-02 4.089780000000000000e-04 1.000000000000000000e+00 1.907340000000000077e-02 1.914180000000000048e-02
1.185452123999999996e+00 1.909823100000000023e-02 4.091610000000000082e-04 1.000000000000000000e+00 1.908599999999999880e-02 1.915450000000000139e-02
1.185847274999999978e+00 1.909211400000000031e-02 4.092650000000000194e-04 1.000000000000000000e+00 1.909119999999999914e-02 1.915970000000000173e-02
1.186242556999999920e+00 1.907964300000000030e-02 4.092899999999999794e-04 1.000000000000000000e+00 1.908889999999999892e-02 1.915750000000000092e-02
1.186637970999999903e+00 1.906461599999999951e-02 4.092519999999999773e-04 1.000000000000000000e+00 1.908059999999999964e-02 1.914920000000000164e-02
1.187033516999999927e+00 1.905198099999999908e-02 4.091839999999999909e-04 1.000000000000000000e+00 1.906940000000000024e-02 1.913789999999999936e-02
1.187429194999999993e+00 1.904664299999999852e-02 4.091270000000000150e-04 1.000000000000000000e+00 1.905919999999999837e-02 1.912780000000000036e-02
1.187825005000000100e+00 1.905214800000000139e-02 4.091259999999999992e-04 1.000000000000000000e+00 1.905420000000000030e-02 1.912279999999999883e-02
1.188220947000000027e+00 1.906971999999999834e-02 4.092149999999999911e-04 1.000000000000000000e+00 1.905760000000000093e-02 1.912629999999999886e-02
1.188617019999999913e+00 1.909801499999999944e-02 4.094109999999999872e-04 1.000000000000000000e+00 1.907079999999999886e-02 1.913969999999999907e-02
1.189013225999999923e+00 1.913362999999999869e-02 4.097109999999999945e-04 1.000000000000000000e+00 1.909349999999999936e-02 1.916259999999999838e-02
1.189409563999999975e+00 1.917212600000000114e-02 4.100889999999999831e-04 1.000000000000000000e+00 1.912329999999999933e-02 1.919260000000000063e-02
1.189806032999999985e+00 1.920915399999999912e-02 4.105129999999999912e-04 1.000000000000000000e+00 1.915680000000000160e-02 1.922640000000000113e-02
1.190202634999999898e+00 1.924132200000000167e-02 4.109429999999999854e-04 1.000000000000000000e+00 1.919049999999999923e-02 1.926049999999999984e-02
1.190599369999999935e+00 1.926661600000000030e-02 4.113480000000000196e-04 1.000000000000000000e+00 1.922120000000000078e-02 1.929159999999999903e-02
1.190996235999999930e+00 1.928439800000000121e-02 4.117050000000000028e-04 1.000000000000000000e+00 1.924680000000000141e-02 1.931760000000000074e-02
1.191393235000000050e+00 1.929513399999999851e-02 4.120010000000000013e-04 1.000000000000000000e+00 1.926630000000000009e-02 1.933740000000000112e-02
1.191790365999999990e+00 1.930001300000000128e-02 4.122360000000000152e-04 1.000000000000000000e+00 1.927950000000000150e-02 1.935109999999999955e-02
1.192187628999999971e+00 1.930059099999999889e-02 4.124150000000000147e-04 1.000000000000000000e+00 1.928710000000000147e-02 1.935920000000000002e-02
1.192585025000000076e+00 1.929848500000000064e-02 4.125490000000000103e-04 1.000000000000000000e+00 1.929049999999999862e-02 1.936299999999999827e-02
1.192982554000000084e+00 1.929513000000000061e-02 4.126490000000000128e-04 1.000000000000000000e+00 1.929089999999999971e-02 1.936380000000000046e-02
1.193380214000000050e+00 1.929158599999999946e-02 4.127280000000000098e-04 1.000000000000000000e+00 1.928969999999999990e-02 1.936289999999999886e-02
1.193778008000000002e+00 1.928840600000000099e-02 4.127940000000000190e-04 1.000000000000000000e+00 1.928780000000000078e-02 1.936130000000000143e-02
1.194175933999999994e+00 1.928559399999999965e-02 4.128520000000000106e-04 1.000000000000000000e+00 1.928579999999999878e-02 1.935960000000000111e-02
1.194573992999999890e+00 1.928264000000000020e-02 4.129040000000000162e-04 1.000000000000000000e+00 1.928380000000000025e-02 1.935780000000000139e-02
1.194972184000000048e+00 1.927866699999999933e-02 4.129480000000000043e-04 1.000000000000000000e+00 1.928150000000000003e-02 1.935569999999999999e-02
1.195370508000000109e+00 1.927264399999999850e-02 4.129749999999999957e-04 1.000000000000000000e+00 1.927819999999999881e-02 1.935239999999999877e-02
1.195768965000000073e+00 1.926367000000000010e-02 4.129800000000000203e-04 1.000000000000000000e+00 1.927289999999999906e-02 1.934730000000000130e-02
1.196167554000000077e+00 1.925128300000000098e-02 4.129560000000000218e-04 1.000000000000000000e+00 1.926500000000000087e-02 1.933939999999999965e-02
1.196566277000000067e+00 1.923568100000000100e-02 4.128979999999999760e-04 1.000000000000000000e+00 1.925400000000000028e-02 1.932849999999999846e-02
1.196965132000000098e+00 1.921782000000000004e-02 4.128089999999999841e-04 1.000000000000000000e+00 1.924000000000000016e-02 1.931460000000000121e-02
1.197364120999999892e+00 1.919929000000000080e-02 4.126980000000000253e-04 1.000000000000000000e+00 1.922369999999999982e-02 1.929840000000000028e-02
1.197763241999999950e+00 1.918194599999999833e-02 4.125770000000000175e-04 1.000000000000000000e+00 1.920650000000000135e-02 1.928130000000000122e-02
1.198162496999999993e+00 1.916740299999999952e-02 4.124639999999999730e-04 1.000000000000000000e+00 1.918979999999999991e-02 1.926469999999999919e-02
1.198561884000000077e+00 1.915651599999999843e-02 4.123719999999999881e-04 1.000000000000000000e+00 1.917510000000000048e-02 1.924999999999999975e-02
1.198961404999999925e+00 1.914903899999999964e-02 4.123110000000000035e-04 1.000000000000000000e+00 1.916309999999999888e-02 1.923820000000000044e-02
1.199361058000000035e+00 1.914356399999999833e-02 4.122810000000000190e-04 1.000000000000000000e+00 1.915379999999999860e-02 1.922909999999999897e-02
1.199760844999999909e+00 1.913779100000000122e-02 4.122719999999999857e-04 1.000000000000000000e+00 1.914640000000000092e-02 1.922180000000000069e-02
1.200160765999999990e+00 1.912903399999999962e-02 4.122649999999999839e-04 1.000000000000000000e+00 1.913899999999999976e-02 1.921459999999999835e-02
1.200560818999999890e+00 1.911486999999999908e-02 4.122360000000000152e-04 1.000000000000000000e+00 1.912950000000000067e-02 1.920530000000000154e-02
1.200961005999999998e+00 1.909378800000000043e-02 4.121630000000000042e-04 1.000000000000000000e+00 1.911579999999999877e-02 1.919179999999999844e-02
1.201361327000000090e+00 1.906572900000000001e-02 4.120320000000000015e-04 1.000000000000000000e+00 1.909659999999999830e-02 1.917270000000000085e-02
1.201761780000000002e+00 1.903238599999999836e-02 4.118370000000000212e-04 1.000000000000000000e+00 1.907139999999999877e-02 1.914770000000000014e-02
1.202162367999999981e+00 1.899717000000000072e-02 4.115909999999999968e-04 1.000000000000000000e+00 1.904149999999999940e-02 1.911790000000000017e-02
1.202563088000000002e+00 1.896470999999999921e-02 4.113240000000000212e-04 1.000000000000000000e+00 1.900939999999999921e-02 1.908589999999999939e-02
1.202963943000000091e+00 1.893994499999999970e-02 4.110739999999999880e-04 1.000000000000000000e+00 1.897889999999999994e-02 1.905549999999999952e-02
1.203364931000000082e+00 1.892693999999999974e-02 4.108879999999999868e-04 1.000000000000000000e+00 1.895410000000000150e-02 1.903089999999999990e-02
1.203766051999999975e+00 1.892780800000000083e-02 4.108040000000000194e-04 1.000000000000000000e+00 1.893869999999999928e-02 1.901569999999999996e-02
1.204167307999999936e+00 1.894206899999999888e-02 4.108469999999999917e-04 1.000000000000000000e+00 1.893490000000000104e-02 1.901219999999999993e-02
1.204568697000000022e+00 1.896675800000000023e-02 4.110159999999999964e-04 1.000000000000000000e+00 1.894310000000000091e-02 1.902070000000000149e-02
1.204970220000000092e+00 1.899724100000000152e-02 4.112909999999999895e-04 1.000000000000000000e+00 1.896139999999999978e-02 1.903940000000000146e-02
1.205371876000000064e+00 1.902849699999999838e-02 4.116340000000000233e-04 1.000000000000000000e+00 1.898640000000000050e-02 1.906470000000000040e-02
1.205773667000000104e+00 1.905639199999999839e-02 4.120010000000000013e-04 1.000000000000000000e+00 1.901399999999999965e-02 1.909270000000000064e-02
1.206175591999999908e+00 1.907854900000000020e-02 4.123509999999999827e-04 1.000000000000000000e+00 1.904060000000000127e-02 1.911960000000000048e-02
1.206577650000000057e+00 1.909458400000000125e-02 4.126590000000000076e-04 1.000000000000000000e+00 1.906359999999999999e-02 1.914280000000000148e-02
1.206979843000000052e+00 1.910571900000000017e-02 4.129150000000000268e-04 1.000000000000000000e+00 1.908179999999999946e-02 1.916119999999999976e-02
1.207382168999999950e+00 1.911404499999999965e-02 4.131250000000000265e-04 1.000000000000000000e+00 1.909560000000000077e-02 1.917519999999999988e-02
1.207784629999999915e+00 1.912169700000000000e-02 4.133030000000000102e-04 1.000000000000000000e+00 1.910629999999999967e-02 1.918610000000000107e-02
1.208187225000000087e+00 1.913023700000000132e-02 4.134690000000000218e-04 1.000000000000000000e+00 1.911540000000000114e-02 1.919550000000000076e-02
1.208589954000000022e+00 1.914037199999999925e-02 4.136370000000000107e-04 1.000000000000000000e+00 1.912449999999999914e-02 1.920480000000000104e-02
1.208992816999999942e+00 1.915201399999999846e-02 4.138149999999999945e-04 1.000000000000000000e+00 1.913439999999999933e-02 1.921499999999999944e-02
1.209395814999999930e+00 1.916457499999999967e-02 4.140060000000000203e-04 1.000000000000000000e+00 1.914549999999999932e-02 1.922630000000000172e-02
1.209798946999999902e+00 1.917734399999999895e-02 4.142050000000000094e-04 1.000000000000000000e+00 1.915740000000000151e-02 1.923860000000000153e-02
1.210202213000000082e+00 1.918978299999999845e-02 4.144080000000000073e-04 1.000000000000000000e+00 1.916990000000000013e-02 1.925129999999999897e-02
1.210605614000000108e+00 1.920163999999999899e-02 4.146080000000000121e-04 1.000000000000000000e+00 1.918229999999999935e-02 1.926390000000000047e-02
1.211009148999999896e+00 1.921287899999999868e-02 4.148029999999999925e-04 1.000000000000000000e+00 1.919420000000000154e-02 1.927610000000000087e-02
1.211412818999999974e+00 1.922350700000000079e-02 4.149930000000000025e-04 1.000000000000000000e+00 1.920559999999999976e-02 1.928770000000000137e-02
1.211816623000000037e+00 1.923341799999999865e-02 4.151779999999999880e-04 1.000000000000000000e+00 1.921609999999999985e-02 1.929859999999999909e-02
1.212220561999999946e+00 1.924236799999999928e-02 4.153590000000000190e-04 1.000000000000000000e+00 1.922580000000000122e-02 1.930849999999999927e-02
1.212624635999999922e+00 1.925008900000000148e-02 4.155340000000000097e-04 1.000000000000000000e+00 1.923439999999999872e-02 1.931750000000000134e-02
1.213028844000000106e+00 1.925646099999999902e-02 4.157019999999999986e-04 1.000000000000000000e+00 1.924199999999999869e-02 1.932549999999999893e-02
1.213433186999999913e+00 1.926163499999999917e-02 4.158599999999999927e-04 1.000000000000000000e+00 1.924850000000000172e-02 1.933239999999999958e-02
1.213837663999999927e+00 1.926599099999999967e-02 4.160090000000000077e-04 1.000000000000000000e+00 1.925419999999999909e-02 1.933850000000000152e-02
1.214242277000000092e+00 1.926994599999999960e-02 4.161489999999999894e-04 1.000000000000000000e+00 1.925930000000000003e-02 1.934390000000000068e-02
1.214647024000000020e+00 1.927368600000000168e-02 4.162810000000000078e-04 1.000000000000000000e+00 1.926409999999999928e-02 1.934900000000000161e-02
1.215051907000000098e+00 1.927698499999999995e-02 4.164060000000000244e-04 1.000000000000000000e+00 1.926850000000000090e-02 1.935370000000000146e-02
1.215456923999999939e+00 1.927918600000000024e-02 4.165199999999999762e-04 1.000000000000000000e+00 1.927239999999999856e-02 1.935780000000000139e-02
1.215862076000000069e+00 1.927941400000000166e-02 4.166209999999999944e-04 1.000000000000000000e+00 1.927500000000000047e-02 1.936070000000000152e-02
1.216267363999999906e+00 1.927691399999999916e-02 4.167010000000000072e-04 1.000000000000000000e+00 1.927569999999999978e-02 1.936169999999999905e-02
1.216672785999999951e+00 1.927140399999999892e-02 4.167549999999999900e-04 1.000000000000000000e+00 1.927399999999999947e-02 1.936010000000000161e-02
1.217078343999999923e+00 1.926328199999999963e-02 4.167829999999999972e-04 1.000000000000000000e+00 1.926949999999999844e-02 1.935589999999999880e-02
1.217484036999999963e+00 1.925360599999999950e-02 4.167870000000000060e-04 1.000000000000000000e+00 1.926270000000000066e-02 1.934929999999999983e-02
1.217889865000000071e+00 1.924384100000000111e-02 4.167759999999999954e-04 1.000000000000000000e+00 1.925440000000000138e-02 1.934129999999999877e-02
1.218295828000000025e+00 1.923545399999999905e-02 4.167589999999999988e-04 1.000000000000000000e+00 1.924580000000000041e-02 1.933290000000000008e-02
1.218701926000000046e+00 1.922950199999999901e-02 4.167479999999999882e-04 1.000000000000000000e+00 1.923829999999999985e-02 1.932559999999999834e-02
1.219108159999999996e+00 1.922637599999999988e-02 4.167530000000000128e-04 1.000000000000000000e+00 1.923259999999999900e-02 1.932000000000000037e-02
1.219514530000000097e+00 1.922576700000000124e-02 4.167780000000000269e-04 1.000000000000000000e+00 1.922919999999999838e-02 1.931679999999999855e-02
1.219921035000000042e+00 1.922688499999999912e-02 4.168209999999999992e-04 1.000000000000000000e+00 1.922789999999999916e-02 1.931559999999999874e-02
1.220327675000000056e+00 1.922881200000000138e-02 4.168789999999999909e-04 1.000000000000000000e+00 1.922820000000000085e-02 1.931599999999999984e-02
1.220734450999999998e+00 1.923085700000000051e-02 4.169460000000000158e-04 1.000000000000000000e+00 1.922940000000000066e-02 1.931729999999999906e-02
1.221141362000000008e+00 1.923277899999999846e-02 4.170180000000000111e-04 1.000000000000000000e+00 1.923069999999999988e-02 1.931870000000000115e-02
1.221548410000000029e+00 1.923480300000000170e-02 4.170940000000000151e-04 1.000000000000000000e+00 1.923209999999999850e-02 1.932019999999999918e-02
1.221955592000000035e+00 1.923745099999999916e-02 4.171779999999999824e-04 1.000000000000000000e+00 1.923340000000000119e-02 1.932180000000000009e-02
1.222362911000000052e+00 1.924127800000000055e-02 4.172730000000000146e-04 1.000000000000000000e+00 1.923530000000000031e-02 1.932390000000000149e-02
1.222770364999999915e+00 1.924661399999999870e-02 4.173839999999999733e-04 1.000000000000000000e+00 1.923810000000000103e-02 1.932700000000000043e-02
1.223177954999999928e+00 1.925342899999999899e-02 4.175149999999999760e-04 1.000000000000000000e+00 1.924220000000000097e-02 1.933150000000000146e-02
1.223585681000000092e+00 1.926133199999999907e-02 4.176639999999999910e-04 1.000000000000000000e+00 1.924779999999999894e-02 1.933750000000000052e-02
1.223993542999999962e+00 1.926970899999999945e-02 4.178280000000000253e-04 1.000000000000000000e+00 1.925469999999999959e-02 1.934479999999999880e-02
1.224401540999999982e+00 1.927791599999999911e-02 4.179979999999999915e-04 1.000000000000000000e+00 1.926239999999999897e-02 1.935289999999999927e-02
1.224809674999999931e+00 1.928547400000000037e-02 4.181689999999999735e-04 1.000000000000000000e+00 1.927040000000000003e-02 1.936119999999999855e-02
1.225217945000000030e+00 1.929217000000000085e-02 4.183349999999999851e-04 1.000000000000000000e+00 1.927809999999999940e-02 1.936939999999999842e-02
1.225626351000000058e+00 1.929807099999999997e-02 4.184910000000000019e-04 1.000000000000000000e+00 1.928540000000000115e-02 1.937689999999999899e-02
1.226034893000000014e+00 1.930342200000000064e-02 4.186379999999999854e-04 1.000000000000000000e+00 1.929200000000000012e-02 1.938379999999999964e-02
1.226443570999999899e+00 1.930851800000000021e-02 4.187770000000000056e-04 1.000000000000000000e+00 1.929799999999999918e-02 1.939010000000000039e-02
1.226852386000000017e+00 1.931356500000000129e-02 4.189110000000000012e-04 1.000000000000000000e+00 1.930360000000000062e-02 1.939600000000000005e-02
1.227261335999999980e+00 1.931861500000000079e-02 4.190420000000000039e-04 1.000000000000000000e+00 1.930890000000000037e-02 1.940160000000000148e-02
1.227670424000000038e+00 1.932357200000000066e-02 4.191709999999999750e-04 1.000000000000000000e+00 1.931410000000000071e-02 1.940710000000000005e-02
1.228079646999999941e+00 1.932825599999999852e-02 4.192989999999999847e-04 1.000000000000000000e+00 1.931909999999999877e-02 1.941239999999999979e-02
1.228489007000000077e+00 1.933247899999999964e-02 4.194229999999999855e-04 1.000000000000000000e+00 1.932390000000000149e-02 1.941740000000000133e-02
1.228898502999999920e+00 1.933611199999999905e-02 4.195420000000000160e-04 1.000000000000000000e+00 1.932829999999999965e-02 1.942210000000000117e-02
1.229308135999999996e+00 1.933909099999999923e-02 4.196550000000000063e-04 1.000000000000000000e+00 1.933230000000000018e-02 1.942630000000000051e-02
1.229717905000000000e+00 1.934140200000000059e-02 4.197609999999999948e-04 1.000000000000000000e+00 1.933570000000000080e-02 1.942989999999999995e-02
1.230127811000000015e+00 1.934305199999999947e-02 4.198580000000000042e-04 1.000000000000000000e+00 1.933850000000000152e-02 1.943289999999999948e-02
1.230537854000000042e+00 1.934405399999999942e-02 4.199469999999999961e-04 1.000000000000000000e+00 1.934059999999999946e-02 1.943519999999999970e-02
1.230948032999999997e+00 1.934443200000000168e-02 4.200280000000000246e-04 1.000000000000000000e+00 1.934210000000000096e-02 1.943680000000000060e-02
1.231358348999999963e+00 1.934424699999999844e-02 4.201030000000000129e-04 1.000000000000000000e+00 1.934280000000000027e-02 1.943769999999999873e-02
1.231768801999999940e+00 1.934360900000000119e-02 4.201720000000000151e-04 1.000000000000000000e+00 1.934280000000000027e-02 1.943790000000000101e-02
1.232179391999999929e+00 1.934266800000000036e-02 4.202370000000000085e-04 1.000000000000000000e+00 1.934229999999999977e-02 1.943759999999999932e-02
1.232590118000000068e+00 1.934158199999999952e-02 4.203000000000000247e-04 1.000000000000000000e+00 1.934140000000000165e-02 1.943690000000000001e-02
1.233000982000000079e+00 1.934047100000000144e-02 4.203629999999999867e-04 1.000000000000000000e+00 1.934019999999999836e-02 1.943599999999999842e-02
1.233411982000000018e+00 1.933938699999999955e-02 4.204260000000000028e-04 1.000000000000000000e+00 1.933899999999999855e-02 1.943510000000000029e-02
1.233823118999999968e+00 1.933830099999999871e-02 4.204909999999999963e-04 1.000000000000000000e+00 1.933769999999999933e-02 1.943409999999999929e-02
1.234234394000000012e+00 1.933712500000000015e-02 4.205570000000000055e-04 1.000000000000000000e+00 1.933649999999999952e-02 1.943309999999999829e-02
1.234645804999999985e+00 1.933574399999999846e-02 4.206219999999999989e-04 1.000000000000000000e+00 1.933520000000000030e-02 1.943210000000000076e-02
1.235057354000000052e+00 1.933406099999999961e-02 4.206869999999999924e-04 1.000000000000000000e+00 1.933369999999999880e-02 1.943100000000000036e-02
1.235469039000000047e+00 1.933201299999999859e-02 4.207489999999999928e-04 1.000000000000000000e+00 1.933210000000000137e-02 1.942960000000000173e-02
1.235880861999999913e+00 1.932958800000000171e-02 4.208090000000000159e-04 1.000000000000000000e+00 1.932999999999999996e-02 1.942790000000000142e-02
1.236292823000000096e+00 1.932681300000000171e-02 4.208659999999999918e-04 1.000000000000000000e+00 1.932769999999999974e-02 1.942580000000000001e-02
1.236704919999999985e+00 1.932373899999999950e-02 4.209199999999999747e-04 1.000000000000000000e+00 1.932489999999999902e-02 1.942340000000000039e-02
1.237117154999999968e+00 1.932043699999999933e-02 4.209719999999999803e-04 1.000000000000000000e+00 1.932189999999999949e-02 1.942079999999999848e-02
1.237529528000000045e+00 1.931698100000000043e-02 4.210220000000000086e-04 1.000000000000000000e+00 1.931870000000000115e-02 1.941789999999999836e-02
1.237942037999999911e+00 1.931345300000000126e-02 4.210710000000000212e-04 1.000000000000000000e+00 1.931549999999999934e-02 1.941489999999999883e-02
1.238354685000000011e+00 1.930993300000000135e-02 4.211169999999999866e-04 1.000000000000000000e+00 1.931220000000000159e-02 1.941199999999999870e-02
1.238767469999999982e+00 1.930649499999999991e-02 4.211609999999999746e-04 1.000000000000000000e+00 1.930909999999999918e-02 1.940909999999999858e-02
1.239180391999999964e+00 1.930318899999999838e-02 4.212040000000000011e-04 1.000000000000000000e+00 1.930600000000000024e-02 1.940630000000000133e-02
1.239593452000000040e+00 1.930002899999999980e-02 4.212439999999999804e-04 1.000000000000000000e+00 1.930310000000000012e-02 1.940360000000000001e-02
1.240006649999999988e+00 1.929697600000000041e-02 4.212829999999999982e-04 1.000000000000000000e+00 1.930029999999999940e-02 1.940100000000000158e-02
1.240419986000000030e+00 1.929394099999999848e-02 4.213199999999999844e-04 1.000000000000000000e+00 1.929739999999999928e-02 1.939830000000000026e-02
1.240833459000000083e+00 1.929079200000000105e-02 4.213560000000000092e-04 1.000000000000000000e+00 1.929439999999999975e-02 1.939549999999999955e-02
1.241247070000000008e+00 1.928737200000000054e-02 4.213910000000000182e-04 1.000000000000000000e+00 1.929109999999999853e-02 1.939240000000000061e-02
1.241660819000000027e+00 1.928353400000000148e-02 4.214259999999999729e-04 1.000000000000000000e+00 1.928739999999999968e-02 1.938899999999999998e-02
1.242074705999999917e+00 1.927916500000000088e-02 4.214600000000000204e-04 1.000000000000000000e+00 1.928320000000000034e-02 1.938499999999999945e-02
1.242488730999999902e+00 1.927421299999999837e-02 4.214919999999999821e-04 1.000000000000000000e+00 1.927850000000000050e-02 1.938070000000000070e-02
1.242902893999999980e+00 1.926869499999999888e-02 4.215220000000000208e-04 1.000000000000000000e+00 1.927330000000000015e-02 1.937579999999999858e-02
1.243317194999999931e+00 1.926269400000000034e-02 4.215490000000000122e-04 1.000000000000000000e+00 1.926769999999999872e-02 1.937049999999999883e-02
1.243731633999999975e+00 1.925633300000000048e-02 4.215740000000000264e-04 1.000000000000000000e+00 1.926179999999999906e-02 1.936490000000000086e-02
1.244146210999999891e+00 1.924975099999999897e-02 4.215959999999999933e-04 1.000000000000000000e+00 1.925570000000000059e-02 1.935910000000000061e-02
1.244560926999999984e+00 1.924306199999999828e-02 4.216140000000000057e-04 1.000000000000000000e+00 1.924949999999999925e-02 1.935330000000000036e-02
1.244975780000000087e+00 1.923632200000000014e-02 4.216280000000000093e-04 1.000000000000000000e+00 1.924330000000000138e-02 1.934730000000000130e-02
1.245390771999999924e+00 1.922950799999999932e-02 4.216380000000000041e-04 1.000000000000000000e+00 1.923710000000000003e-02 1.934140000000000165e-02
1.245805902999999937e+00 1.922251499999999905e-02 4.216429999999999744e-04 1.000000000000000000e+00 1.923079999999999928e-02 1.933529999999999971e-02
1.246221170999999961e+00 1.921516800000000122e-02 4.216429999999999744e-04 1.000000000000000000e+00 1.922420000000000032e-02 1.932889999999999955e-02
1.246636577999999940e+00 1.920725100000000157e-02 4.216380000000000041e-04 1.000000000000000000e+00 1.921710000000000085e-02 1.932199999999999890e-02
1.247052124000000095e+00 1.919854600000000036e-02 4.216259999999999778e-04 1.000000000000000000e+00 1.920929999999999860e-02 1.931439999999999893e-02
1.247467807999999900e+00 1.918886499999999939e-02 4.216080000000000196e-04 1.000000000000000000e+00 1.920049999999999882e-02 1.930580000000000143e-02
1.247883630000000021e+00 1.917808699999999991e-02 4.215830000000000055e-04 1.000000000000000000e+00 1.919080000000000091e-02 1.929629999999999887e-02
1.248299591999999958e+00 1.916617799999999899e-02 4.215509999999999895e-04 1.000000000000000000e+00 1.917989999999999973e-02 1.928569999999999937e-02
1.248715690999999905e+00 1.915319500000000133e-02 4.215110000000000102e-04 1.000000000000000000e+00 1.916800000000000101e-02 1.927409999999999887e-02
1.249131929999999890e+00 1.913928299999999999e-02 4.214639999999999749e-04 1.000000000000000000e+00 1.915510000000000129e-02 1.926160000000000025e-02
1.249548306999999969e+00 1.912465699999999977e-02 4.214089999999999763e-04 1.000000000000000000e+00 1.914160000000000167e-02 1.924839999999999884e-02
1.249964823000000003e+00 1.910956399999999902e-02 4.213460000000000144e-04 1.000000000000000000e+00 1.912760000000000155e-02 1.923470000000000041e-02
1.250381477999999991e+00 1.909424599999999875e-02 4.212749999999999806e-04 1.000000000000000000e+00 1.911320000000000033e-02 1.922070000000000028e-02
1.250798271999999933e+00 1.907889299999999955e-02 4.211969999999999993e-04 1.000000000000000000e+00 1.909879999999999911e-02 1.920639999999999847e-02
1.251215205000000052e+00 1.906360500000000083e-02 4.211129999999999778e-04 1.000000000000000000e+00 1.908429999999999849e-02 1.919210000000000013e-02
1.251632276999999904e+00 1.904836600000000060e-02 4.210230000000000244e-04 1.000000000000000000e+00 1.906980000000000133e-02 1.917769999999999891e-02
1.252049487000000072e+00 1.903304499999999844e-02 4.209279999999999923e-04 1.000000000000000000e+00 1.905520000000000130e-02 1.916319999999999829e-02
1.252466837000000055e+00 1.901742099999999963e-02 4.208279999999999898e-04 1.000000000000000000e+00 1.904029999999999959e-02 1.914839999999999945e-02
1.252884325999999993e+00 1.900123299999999932e-02 4.207220000000000014e-04 1.000000000000000000e+00 1.902500000000000024e-02 1.913310000000000011e-02
1.253301954000000107e+00 1.898422599999999988e-02 4.206090000000000111e-04 1.000000000000000000e+00 1.900889999999999871e-02 1.911710000000000145e-02
1.253719722000000036e+00 1.896618799999999841e-02 4.204890000000000190e-04 1.000000000000000000e+00 1.899210000000000134e-02 1.910030000000000061e-02
1.254137628000000060e+00 1.894695600000000091e-02 4.203589999999999779e-04 1.000000000000000000e+00 1.897420000000000009e-02 1.908249999999999877e-02
1.254555673999999899e+00 1.892639399999999916e-02 4.202179999999999804e-04 1.000000000000000000e+00 1.895540000000000072e-02 1.906369999999999940e-02
1.254973858999999914e+00 1.890432200000000118e-02 4.200629999999999794e-04 1.000000000000000000e+00 1.893540000000000154e-02 1.904379999999999962e-02
1.255392183999999967e+00 1.888044200000000075e-02 4.198919999999999974e-04 1.000000000000000000e+00 1.891409999999999966e-02 1.902250000000000121e-02
1.255810647999999974e+00 1.885426200000000010e-02 4.196989999999999944e-04 1.000000000000000000e+00 1.889120000000000035e-02 1.899959999999999843e-02
1.256229252000000018e+00 1.882507699999999909e-02 4.194789999999999999e-04 1.000000000000000000e+00 1.886619999999999964e-02 1.897460000000000119e-02
1.256647995000000018e+00 1.879195300000000013e-02 4.192239999999999964e-04 1.000000000000000000e+00 1.883840000000000167e-02 1.894670000000000035e-02
1.257066876999999971e+00 1.875383799999999837e-02 4.189250000000000048e-04 1.000000000000000000e+00 1.880690000000000139e-02 1.891500000000000126e-02
1.257485900000000045e+00 1.870966900000000169e-02 4.185729999999999919e-04 1.000000000000000000e+00 1.877059999999999840e-02 1.887849999999999945e-02
1.257905062000000074e+00 1.865856200000000006e-02 4.181599999999999944e-04 1.000000000000000000e+00 1.872849999999999862e-02 1.883620000000000086e-02
1.258324363000000057e+00 1.859995500000000135e-02 4.176769999999999788e-04 1.000000000000000000e+00 1.867979999999999988e-02 1.878729999999999983e-02
1.258743804999999938e+00 1.853376699999999960e-02 4.171180000000000135e-04 1.000000000000000000e+00 1.862400000000000166e-02 1.873129999999999934e-02
1.259163385999999996e+00 1.846042700000000147e-02 4.164819999999999742e-04 1.000000000000000000e+00 1.856100000000000111e-02 1.866809999999999997e-02
1.259583107000000091e+00 1.838088100000000169e-02 4.157710000000000008e-04 1.000000000000000000e+00 1.849109999999999990e-02 1.859790000000000054e-02
1.260002968000000001e+00 1.829645599999999914e-02 4.149930000000000025e-04 1.000000000000000000e+00 1.841500000000000081e-02 1.852159999999999918e-02
1.260422968999999949e+00 1.820874700000000082e-02 4.141559999999999968e-04 1.000000000000000000e+00 1.833390000000000020e-02 1.844029999999999975e-02
1.260843109999999934e+00 1.811950500000000103e-02 4.132760000000000188e-04 1.000000000000000000e+00 1.824929999999999955e-02 1.835530000000000148e-02
1.261263390999999956e+00 1.803054600000000146e-02 4.123670000000000178e-04 1.000000000000000000e+00 1.816250000000000156e-02 1.826819999999999833e-02
1.261683812000000016e+00 1.794375800000000062e-02 4.114489999999999836e-04 1.000000000000000000e+00 1.807529999999999901e-02 1.818060000000000162e-02
1.262104373999999973e+00 1.786108200000000035e-02 4.105420000000000141e-04 1.000000000000000000e+00 1.798939999999999914e-02 1.809430000000000066e-02
1.262525075000000108e+00 1.778440099999999829e-02 4.096670000000000064e-04 1.000000000000000000e+00 1.790660000000000168e-02 1.801120000000000151e-02
1.262945916999999918e+00 1.771522700000000006e-02 4.088450000000000200e-04 1.000000000000000000e+00 1.782869999999999941e-02 1.793290000000000162e-02
1.263366898999999988e+00 1.765416599999999892e-02 4.080929999999999974e-04 1.000000000000000000e+00 1.775710000000000136e-02 1.786110000000000128e-02
1.263788021000000095e+00 1.760027600000000150e-02 4.074209999999999876e-04 1.000000000000000000e+00 1.769259999999999930e-02 1.779620000000000160e-02
1.264209284000000100e+00 1.755054400000000125e-02 4.068209999999999730e-04 1.000000000000000000e+00 1.763440000000000146e-02 1.773790000000000089e-02
1.264630686999999920e+00 1.749985199999999977e-02 4.062669999999999780e-04 1.000000000000000000e+00 1.758030000000000009e-02 1.768360000000000071e-02
1.265052230000000000e+00 1.744171500000000000e-02 4.057120000000000214e-04 1.000000000000000000e+00 1.752619999999999872e-02 1.762920000000000112e-02
1.265473913999999978e+00 1.736994399999999827e-02 4.050950000000000102e-04 1.000000000000000000e+00 1.746670000000000167e-02 1.756949999999999831e-02
1.265895739000000075e+00 1.728101599999999974e-02 4.043569999999999912e-04 1.000000000000000000e+00 1.739680000000000046e-02 1.749929999999999888e-02
1.266317703999999988e+00 1.717648899999999965e-02 4.034619999999999938e-04 1.000000000000000000e+00 1.731320000000000081e-02 1.741540000000000102e-02
1.266739810000000022e+00 1.706457600000000144e-02 4.024189999999999972e-04 1.000000000000000000e+00 1.721699999999999967e-02 1.731869999999999937e-02
1.267162056999999953e+00 1.695994400000000110e-02 4.012999999999999966e-04 1.000000000000000000e+00 1.711419999999999955e-02 1.721550000000000163e-02
1.267584443999999921e+00 1.688130399999999975e-02 4.002359999999999945e-04 1.000000000000000000e+00 1.701650000000000038e-02 1.711740000000000136e-02
1.268006972000000010e+00 1.684714099999999951e-02 3.994049999999999749e-04 1.000000000000000000e+00 1.693899999999999920e-02 1.703970000000000137e-02
1.268429640999999997e+00 1.687077500000000105e-02 3.989910000000000158e-04 1.000000000000000000e+00 1.689739999999999992e-02 1.699809999999999863e-02
1.268852451000000103e+00 1.695641399999999951e-02 3.991360000000000220e-04 1.000000000000000000e+00 1.690399999999999889e-02 1.700489999999999988e-02
1.269275402000000108e+00 1.709763900000000128e-02 3.999030000000000098e-04 1.000000000000000000e+00 1.696419999999999872e-02 1.706579999999999903e-02
1.269698494000000011e+00 1.727890699999999960e-02 4.012579999999999858e-04 1.000000000000000000e+00 1.707530000000000159e-02 1.717770000000000061e-02
1.270121727000000034e+00 1.747953899999999880e-02 4.030710000000000174e-04 1.000000000000000000e+00 1.722660000000000163e-02 1.733020000000000047e-02
1.270545100000000094e+00 1.767873799999999940e-02 4.051570000000000106e-04 1.000000000000000000e+00 1.740239999999999843e-02 1.750729999999999995e-02
1.270968615999999995e+00 1.785997599999999963e-02 4.073160000000000149e-04 1.000000000000000000e+00 1.758550000000000044e-02 1.769170000000000118e-02
1.271392271999999934e+00 1.801351500000000078e-02 4.093729999999999852e-04 1.000000000000000000e+00 1.776080000000000020e-02 1.786810000000000134e-02
1.271816068999999993e+00 1.813667100000000004e-02 4.112109999999999767e-04 1.000000000000000000e+00 1.791749999999999940e-02 1.802590000000000095e-02
1.272240008000000033e+00 1.823229000000000169e-02 4.127730000000000136e-04 1.000000000000000000e+00 1.805040000000000117e-02 1.815980000000000025e-02
1.272664087999999971e+00 1.830635200000000143e-02 4.140610000000000189e-04 1.000000000000000000e+00 1.815910000000000094e-02 1.826929999999999873e-02
1.273088309000000029e+00 1.836562900000000137e-02 4.151089999999999858e-04 1.000000000000000000e+00 1.824670000000000111e-02 1.835760000000000169e-02
1.273512672000000068e+00 1.841603600000000021e-02 4.159739999999999987e-04 1.000000000000000000e+00 1.831769999999999926e-02 1.842919999999999975e-02
1.273937176000000004e+00 1.846184899999999893e-02 4.167120000000000177e-04 1.000000000000000000e+00 1.837700000000000097e-02 1.848920000000000077e-02
1.274361821999999922e+00 1.850567499999999921e-02 4.173700000000000240e-04 1.000000000000000000e+00 1.842890000000000153e-02 1.854159999999999836e-02
1.274786608999999959e+00 1.854884500000000130e-02 4.179820000000000106e-04 1.000000000000000000e+00 1.847649999999999987e-02 1.858980000000000007e-02
1.275211537999999978e+00 1.859193300000000146e-02 4.185699999999999989e-04 1.000000000000000000e+00 1.852169999999999858e-02 1.863559999999999869e-02
1.275636608999999977e+00 1.863514900000000016e-02 4.191460000000000151e-04 1.000000000000000000e+00 1.856589999999999976e-02 1.868049999999999919e-02
1.276061821000000096e+00 1.867855699999999841e-02 4.197170000000000067e-04 1.000000000000000000e+00 1.860979999999999926e-02 1.872499999999999859e-02
1.276487174999999974e+00 1.872209600000000057e-02 4.202839999999999896e-04 1.000000000000000000e+00 1.865380000000000163e-02 1.876950000000000146e-02
1.276912669999999972e+00 1.876553200000000143e-02 4.208460000000000022e-04 1.000000000000000000e+00 1.869780000000000053e-02 1.881400000000000086e-02
1.277338308000000033e+00 1.880841700000000088e-02 4.214019999999999745e-04 1.000000000000000000e+00 1.874179999999999943e-02 1.885850000000000026e-02
1.277764086999999993e+00 1.885013400000000103e-02 4.219480000000000062e-04 1.000000000000000000e+00 1.878519999999999843e-02 1.890230000000000035e-02
1.278190009000000016e+00 1.889000299999999896e-02 4.224790000000000186e-04 1.000000000000000000e+00 1.882750000000000049e-02 1.894500000000000003e-02
1.278616071999999937e+00 1.892741499999999952e-02 4.229890000000000256e-04 1.000000000000000000e+00 1.886789999999999995e-02 1.898590000000000000e-02
1.279042277999999921e+00 1.896195700000000151e-02 4.234749999999999799e-04 1.000000000000000000e+00 1.890599999999999919e-02 1.902440000000000034e-02
1.279468625000000026e+00 1.899344999999999853e-02 4.239329999999999813e-04 1.000000000000000000e+00 1.894140000000000060e-02 1.906009999999999996e-02
1.279895113999999889e+00 1.902193199999999834e-02 4.243629999999999755e-04 1.000000000000000000e+00 1.897379999999999900e-02 1.909299999999999886e-02
1.280321746000000038e+00 1.904758599999999830e-02 4.247640000000000009e-04 1.000000000000000000e+00 1.900330000000000075e-02 1.912290000000000170e-02
1.280748519999999946e+00 1.907066500000000053e-02 4.251379999999999808e-04 1.000000000000000000e+00 1.903020000000000059e-02 1.915019999999999917e-02
1.281175436000000056e+00 1.909143199999999846e-02 4.254850000000000233e-04 1.000000000000000000e+00 1.905460000000000140e-02 1.917500000000000107e-02
1.281602495000000008e+00 1.911011599999999991e-02 4.258050000000000203e-04 1.000000000000000000e+00 1.907680000000000139e-02 1.919759999999999869e-02
1.282029695999999941e+00 1.912691099999999991e-02 4.261000000000000031e-04 1.000000000000000000e+00 1.909689999999999999e-02 1.921809999999999838e-02
1.282457039000000076e+00 1.914198199999999836e-02 4.263720000000000032e-04 1.000000000000000000e+00 1.911519999999999886e-02 1.923669999999999894e-02
1.282884523999999971e+00 1.915547999999999904e-02 4.266200000000000049e-04 1.000000000000000000e+00 1.913180000000000089e-02 1.925349999999999978e-02
1.283312153000000011e+00 1.916755499999999932e-02 4.268480000000000169e-04 1.000000000000000000e+00 1.914659999999999973e-02 1.926860000000000031e-02
1.283739922999999949e+00 1.917835299999999868e-02 4.270559999999999851e-04 1.000000000000000000e+00 1.915999999999999995e-02 1.928209999999999993e-02
1.284167837000000034e+00 1.918800500000000103e-02 4.272459999999999951e-04 1.000000000000000000e+00 1.917200000000000154e-02 1.929430000000000034e-02
1.284595893000000100e+00 1.919660299999999958e-02 4.274200000000000243e-04 1.000000000000000000e+00 1.918279999999999985e-02 1.930520000000000153e-02
1.285024090999999924e+00 1.920418499999999862e-02 4.275780000000000184e-04 1.000000000000000000e+00 1.919250000000000123e-02 1.931510000000000171e-02
1.285452432999999894e+00 1.921074199999999940e-02 4.277209999999999931e-04 1.000000000000000000e+00 1.920109999999999872e-02 1.932369999999999921e-02
1.285880917000000068e+00 1.921624699999999880e-02 4.278490000000000027e-04 1.000000000000000000e+00 1.920849999999999988e-02 1.933119999999999977e-02
1.286309544000000082e+00 1.922070199999999923e-02 4.279640000000000245e-04 1.000000000000000000e+00 1.921480000000000063e-02 1.933750000000000052e-02
1.286738313999999939e+00 1.922418099999999991e-02 4.280679999999999815e-04 1.000000000000000000e+00 1.921969999999999928e-02 1.934249999999999858e-02
1.287167225999999998e+00 1.922685000000000019e-02 4.281619999999999979e-04 1.000000000000000000e+00 1.922340000000000160e-02 1.934630000000000030e-02
1.287596281999999981e+00 1.922894899999999865e-02 4.282509999999999897e-04 1.000000000000000000e+00 1.922609999999999944e-02 1.934910000000000102e-02
1.288025481000000028e+00 1.923074899999999837e-02 4.283369999999999886e-04 1.000000000000000000e+00 1.922799999999999856e-02 1.935129999999999836e-02
1.288454822999999916e+00 1.923249000000000139e-02 4.284229999999999874e-04 1.000000000000000000e+00 1.922959999999999947e-02 1.935310000000000155e-02
1.288884308000000090e+00 1.923433399999999877e-02 4.285110000000000178e-04 1.000000000000000000e+00 1.923110000000000097e-02 1.935479999999999839e-02
1.289313936000000105e+00 1.923634200000000002e-02 4.286019999999999869e-04 1.000000000000000000e+00 1.923290000000000069e-02 1.935680000000000039e-02
1.289743706999999961e+00 1.923847199999999952e-02 4.286940000000000260e-04 1.000000000000000000e+00 1.923489999999999922e-02 1.935900000000000121e-02
1.290173621999999964e+00 1.924059900000000059e-02 4.287860000000000109e-04 1.000000000000000000e+00 1.923710000000000003e-02 1.936150000000000024e-02
1.290603678999999948e+00 1.924253299999999917e-02 4.288769999999999800e-04 1.000000000000000000e+00 1.923930000000000085e-02 1.936380000000000046e-02
1.291033880999999939e+00 1.924403900000000098e-02 4.289660000000000261e-04 1.000000000000000000e+00 1.924110000000000056e-02 1.936589999999999839e-02
1.291464224999999910e+00 1.924485500000000168e-02 4.290520000000000249e-04 1.000000000000000000e+00 1.924239999999999978e-02 1.936739999999999989e-02
1.291894713000000028e+00 1.924471000000000168e-02 4.291340000000000150e-04 1.000000000000000000e+00 1.924280000000000088e-02 1.936809999999999921e-02
1.292325345000000070e+00 1.924337699999999901e-02 4.292119999999999963e-04 1.000000000000000000e+00 1.924230000000000038e-02 1.936790000000000039e-02
1.292756119999999953e+00 1.924072400000000072e-02 4.292829999999999758e-04 1.000000000000000000e+00 1.924079999999999888e-02 1.936670000000000058e-02
1.293187038999999983e+00 1.923676800000000131e-02 4.293440000000000147e-04 1.000000000000000000e+00 1.923839999999999925e-02 1.936459999999999917e-02
1.293618101000000076e+00 1.923170399999999877e-02 4.293929999999999731e-04 1.000000000000000000e+00 1.923520000000000091e-02 1.936169999999999905e-02
1.294049307000000093e+00 1.922589900000000115e-02 4.294279999999999820e-04 1.000000000000000000e+00 1.923139999999999919e-02 1.935809999999999961e-02
1.294480657000000035e+00 1.921983099999999972e-02 4.294480000000000259e-04 1.000000000000000000e+00 1.922710000000000044e-02 1.935399999999999968e-02
1.294912150999999900e+00 1.921399400000000160e-02 4.294570000000000050e-04 1.000000000000000000e+00 1.922269999999999882e-02 1.934970000000000093e-02
1.295343788000000051e+00 1.920878599999999853e-02 4.294570000000000050e-04 1.000000000000000000e+00 1.921830000000000066e-02 1.934519999999999990e-02
1.295775568999999905e+00 1.920440199999999889e-02 4.294540000000000119e-04 1.000000000000000000e+00 1.921410000000000132e-02 1.934100000000000055e-02
1.296207493999999905e+00 1.920077800000000168e-02 4.294519999999999805e-04 1.000000000000000000e+00 1.921010000000000079e-02 1.933690000000000062e-02
1.296639563999999911e+00 1.919758200000000123e-02 4.294519999999999805e-04 1.000000000000000000e+00 1.920639999999999847e-02 1.933319999999999830e-02
1.297071776999999981e+00 1.919429599999999958e-02 4.294559999999999892e-04 1.000000000000000000e+00 1.920279999999999904e-02 1.932949999999999946e-02
1.297504133999999976e+00 1.919036600000000037e-02 4.294610000000000137e-04 1.000000000000000000e+00 1.919900000000000079e-02 1.932559999999999834e-02
1.297936634999999894e+00 1.918537199999999915e-02 4.294640000000000068e-04 1.000000000000000000e+00 1.919459999999999916e-02 1.932129999999999959e-02
1.298369281000000042e+00 1.917916700000000044e-02 4.294599999999999980e-04 1.000000000000000000e+00 1.918939999999999882e-02 1.931609999999999924e-02
1.298802070999999891e+00 1.917188800000000151e-02 4.294489999999999874e-04 1.000000000000000000e+00 1.918330000000000035e-02 1.931010000000000018e-02
1.299235005000000109e+00 1.916383899999999849e-02 4.294279999999999820e-04 1.000000000000000000e+00 1.917639999999999970e-02 1.930319999999999953e-02
1.299668083000000030e+00 1.915526899999999907e-02 4.293999999999999749e-04 1.000000000000000000e+00 1.916879999999999973e-02 1.929569999999999896e-02
1.300101305999999957e+00 1.914615000000000067e-02 4.293659999999999816e-04 1.000000000000000000e+00 1.916059999999999985e-02 1.928749999999999909e-02
1.300534673000000030e+00 1.913608500000000059e-02 4.293249999999999866e-04 1.000000000000000000e+00 1.915170000000000067e-02 1.927859999999999990e-02
1.300968184000000027e+00 1.912441499999999878e-02 4.292729999999999810e-04 1.000000000000000000e+00 1.914170000000000108e-02 1.926869999999999972e-02
1.301401840000000032e+00 1.911052400000000026e-02 4.292070000000000260e-04 1.000000000000000000e+00 1.913019999999999998e-02 1.925719999999999862e-02
1.301835641000000043e+00 1.909416099999999838e-02 4.291200000000000114e-04 1.000000000000000000e+00 1.911679999999999977e-02 1.924379999999999841e-02
1.302269585999999979e+00 1.907568200000000005e-02 4.290119999999999914e-04 1.000000000000000000e+00 1.910130000000000161e-02 1.922830000000000025e-02
1.302703675999999922e+00 1.905600699999999981e-02 4.288849999999999976e-04 1.000000000000000000e+00 1.908390000000000086e-02 1.921089999999999950e-02
1.303137911000000093e+00 1.903635099999999997e-02 4.287450000000000159e-04 1.000000000000000000e+00 1.906530000000000030e-02 1.919239999999999835e-02
1.303572289999999967e+00 1.901782000000000125e-02 4.286010000000000254e-04 1.000000000000000000e+00 1.904669999999999974e-02 1.917369999999999838e-02
1.304006814000000070e+00 1.900108600000000036e-02 4.284609999999999894e-04 1.000000000000000000e+00 1.902879999999999849e-02 1.915580000000000060e-02
1.304441482999999957e+00 1.898626600000000164e-02 4.283320000000000183e-04 1.000000000000000000e+00 1.901229999999999934e-02 1.913919999999999857e-02
1.304876297000000074e+00 1.897306099999999940e-02 4.282159999999999808e-04 1.000000000000000000e+00 1.899740000000000109e-02 1.912430000000000033e-02
1.305311255999999975e+00 1.896103400000000161e-02 4.281089999999999765e-04 1.000000000000000000e+00 1.898410000000000028e-02 1.911080000000000070e-02
1.305746359000000023e+00 1.894983000000000084e-02 4.280110000000000056e-04 1.000000000000000000e+00 1.897209999999999869e-02 1.909850000000000089e-02
1.306181607999999938e+00 1.893926500000000027e-02 4.279169999999999892e-04 1.000000000000000000e+00 1.896089999999999928e-02 1.908709999999999921e-02
1.306617002000000083e+00 1.892925000000000163e-02 4.278269999999999816e-04 1.000000000000000000e+00 1.895039999999999919e-02 1.907620000000000149e-02
1.307052541000000012e+00 1.891965799999999892e-02 4.277419999999999985e-04 1.000000000000000000e+00 1.894020000000000079e-02 1.906580000000000080e-02
1.307488224999999948e+00 1.891027400000000122e-02 4.276600000000000085e-04 1.000000000000000000e+00 1.893030000000000060e-02 1.905549999999999952e-02
1.307924054999999974e+00 1.890083099999999988e-02 4.275829999999999887e-04 1.000000000000000000e+00 1.892030000000000101e-02 1.904530000000000112e-02
1.308360028999999924e+00 1.889109599999999958e-02 4.275090000000000162e-04 1.000000000000000000e+00 1.890999999999999973e-02 1.903490000000000043e-02
1.308796148999999964e+00 1.888087000000000099e-02 4.274389999999999982e-04 1.000000000000000000e+00 1.889940000000000023e-02 1.902409999999999865e-02
1.309232415000000094e+00 1.886982599999999927e-02 4.273719999999999733e-04 1.000000000000000000e+00 1.888810000000000142e-02 1.901289999999999925e-02
1.309668824999999925e+00 1.885730899999999918e-02 4.273039999999999868e-04 1.000000000000000000e+00 1.887609999999999982e-02 1.900090000000000112e-02
1.310105381999999929e+00 1.884228300000000134e-02 4.272289999999999985e-04 1.000000000000000000e+00 1.886279999999999901e-02 1.898779999999999912e-02
1.310542083999999941e+00 1.882358400000000084e-02 4.271349999999999821e-04 1.000000000000000000e+00 1.884749999999999967e-02 1.897269999999999859e-02
1.310978930999999958e+00 1.880051400000000081e-02 4.270100000000000198e-04 1.000000000000000000e+00 1.882949999999999902e-02 1.895480000000000081e-02
1.311415924000000066e+00 1.877350200000000094e-02 4.268450000000000239e-04 1.000000000000000000e+00 1.880820000000000061e-02 1.893359999999999835e-02
1.311853063000000041e+00 1.874454700000000029e-02 4.266380000000000172e-04 1.000000000000000000e+00 1.878410000000000149e-02 1.890949999999999923e-02
1.312290347000000024e+00 1.871701799999999846e-02 4.264059999999999964e-04 1.000000000000000000e+00 1.875850000000000087e-02 1.888379999999999920e-02
1.312727777000000096e+00 1.869484199999999971e-02 4.261730000000000140e-04 1.000000000000000000e+00 1.873390000000000125e-02 1.885900000000000076e-02
1.313165353000000035e+00 1.868129899999999843e-02 4.259760000000000022e-04 1.000000000000000000e+00 1.871319999999999928e-02 1.883800000000000058e-02
1.313603075000000064e+00 1.867783300000000132e-02 4.258439999999999838e-04 1.000000000000000000e+00 1.869900000000000034e-02 1.882359999999999936e-02
1.314040942000000101e+00 1.868341000000000099e-02 4.257980000000000185e-04 1.000000000000000000e+00 1.869260000000000019e-02 1.881700000000000039e-02
1.314478956000000087e+00 1.869460400000000008e-02 4.258350000000000047e-04 1.000000000000000000e+00 1.869370000000000059e-02 1.881779999999999911e-02
1.314917115999999941e+00 1.870639699999999961e-02 4.259320000000000142e-04 1.000000000000000000e+00 1.869989999999999847e-02 1.882390000000000105e-02
1.315355421000000025e+00 1.871337699999999979e-02 4.260479999999999975e-04 1.000000000000000000e+00 1.870749999999999844e-02 1.883140000000000161e-02
1.315793873000000058e+00 1.871101199999999909e-02 4.261369999999999893e-04 1.000000000000000000e+00 1.871230000000000115e-02 1.883599999999999858e-02
1.316232470999999959e+00 1.869660299999999914e-02 4.261530000000000244e-04 1.000000000000000000e+00 1.871029999999999915e-02 1.883390000000000064e-02
1.316671214999999950e+00 1.866980299999999870e-02 4.260660000000000098e-04 1.000000000000000000e+00 1.869880000000000153e-02 1.882220000000000074e-02
1.317110105999999892e+00 1.863264200000000134e-02 4.258639999999999735e-04 1.000000000000000000e+00 1.867689999999999975e-02 1.880019999999999955e-02
1.317549142000000062e+00 1.858906700000000078e-02 4.255579999999999801e-04 1.000000000000000000e+00 1.864559999999999829e-02 1.876859999999999987e-02
1.317988324999999961e+00 1.854414899999999936e-02 4.251789999999999758e-04 1.000000000000000000e+00 1.860770000000000132e-02 1.873050000000000062e-02
1.318427655000000032e+00 1.850306700000000151e-02 4.247699999999999870e-04 1.000000000000000000e+00 1.856709999999999958e-02 1.868960000000000066e-02
1.318867130999999970e+00 1.847008300000000172e-02 4.243809999999999878e-04 1.000000000000000000e+00 1.852820000000000161e-02 1.865050000000000041e-02
1.319306752999999999e+00 1.844774299999999909e-02 4.240539999999999891e-04 1.000000000000000000e+00 1.849490000000000162e-02 1.861689999999999873e-02
1.319746521999999977e+00 1.843653899999999832e-02 4.238199999999999910e-04 1.000000000000000000e+00 1.846990000000000090e-02 1.859179999999999860e-02
1.320186437999999907e+00 1.843513800000000022e-02 4.236900000000000041e-04 1.000000000000000000e+00 1.845439999999999928e-02 1.857620000000000104e-02
1.320626499999999925e+00 1.844113400000000139e-02 4.236600000000000196e-04 1.000000000000000000e+00 1.844799999999999912e-02 1.856970000000000148e-02
1.321066708999999895e+00 1.845198300000000166e-02 4.237129999999999868e-04 1.000000000000000000e+00 1.844919999999999893e-02 1.857079999999999842e-02
1.321507063999999954e+00 1.846582299999999927e-02 4.238269999999999928e-04 1.000000000000000000e+00 1.845619999999999900e-02 1.857769999999999908e-02
1.321947567000000046e+00 1.848177999999999974e-02 4.239849999999999869e-04 1.000000000000000000e+00 1.846719999999999959e-02 1.858869999999999967e-02
1.322388216000000005e+00 1.849963699999999933e-02 4.241749999999999969e-04 1.000000000000000000e+00 1.848119999999999971e-02 1.860260000000000039e-02
1.322829011999999915e+00 1.851905300000000060e-02 4.243909999999999827e-04 1.000000000000000000e+00 1.849750000000000005e-02 1.861900000000000013e-02
1.323269954999999998e+00 1.853863600000000070e-02 4.246259999999999965e-04 1.000000000000000000e+00 1.851540000000000130e-02 1.863690000000000138e-02
1.323711045000000031e+00 1.855536099999999938e-02 4.248629999999999876e-04 1.000000000000000000e+00 1.853360000000000077e-02 1.865510000000000085e-02
1.324152282000000014e+00 1.856466000000000019e-02 4.250729999999999873e-04 1.000000000000000000e+00 1.854930000000000120e-02 1.867080000000000128e-02
1.324593665999999947e+00 1.856116199999999911e-02 4.252109999999999917e-04 1.000000000000000000e+00 1.855889999999999970e-02 1.868030000000000038e-02
1.325035197000000053e+00 1.853993500000000044e-02 4.252270000000000268e-04 1.000000000000000000e+00 1.855789999999999870e-02 1.867910000000000056e-02
1.325476875000000110e+00 1.849780100000000121e-02 4.250699999999999943e-04 1.000000000000000000e+00 1.854190000000000005e-02 1.866289999999999963e-02
1.325918700999999977e+00 1.843420200000000023e-02 4.247039999999999778e-04 1.000000000000000000e+00 1.850800000000000015e-02 1.862849999999999923e-02
1.326360674000000017e+00 1.835145599999999863e-02 4.241129999999999965e-04 1.000000000000000000e+00 1.845499999999999918e-02 1.857479999999999895e-02
1.326802794000000008e+00 1.825418700000000158e-02 4.233090000000000225e-04 1.000000000000000000e+00 1.838419999999999985e-02 1.850310000000000149e-02
1.327245062000000031e+00 1.814818799999999913e-02 4.223249999999999791e-04 1.000000000000000000e+00 1.829870000000000108e-02 1.841660000000000172e-02
1.327687477000000005e+00 1.803917799999999946e-02 4.212099999999999872e-04 1.000000000000000000e+00 1.820309999999999984e-02 1.831970000000000126e-02
1.328130038999999929e+00 1.793172599999999853e-02 4.200159999999999983e-04 1.000000000000000000e+00 1.810200000000000004e-02 1.821719999999999937e-02
1.328572749000000108e+00 1.782894399999999935e-02 4.187920000000000249e-04 1.000000000000000000e+00 1.799989999999999923e-02 1.811360000000000053e-02
1.329015607000000099e+00 1.773285499999999876e-02 4.175760000000000149e-04 1.000000000000000000e+00 1.789989999999999984e-02 1.801200000000000023e-02
1.329458612000000040e+00 1.764528400000000066e-02 4.163990000000000226e-04 1.000000000000000000e+00 1.780460000000000029e-02 1.791519999999999918e-02
1.329901765000000013e+00 1.756872900000000168e-02 4.152900000000000168e-04 1.000000000000000000e+00 1.771649999999999961e-02 1.782550000000000107e-02
1.330345066000000021e+00 1.750673399999999949e-02 4.142829999999999907e-04 1.000000000000000000e+00 1.763819999999999971e-02 1.774569999999999967e-02
1.330788513999999978e+00 1.746345800000000115e-02 4.134170000000000162e-04 1.000000000000000000e+00 1.757310000000000122e-02 1.767900000000000027e-02
1.331232109999999969e+00 1.744250599999999998e-02 4.127390000000000204e-04 1.000000000000000000e+00 1.752470000000000069e-02 1.762920000000000112e-02
1.331675853999999992e+00 1.744555299999999906e-02 4.122849999999999735e-04 1.000000000000000000e+00 1.749639999999999876e-02 1.759959999999999997e-02
1.332119746000000049e+00 1.747124499999999983e-02 4.120789999999999826e-04 1.000000000000000000e+00 1.748960000000000098e-02 1.759159999999999890e-02
1.332563785999999917e+00 1.751485499999999931e-02 4.121129999999999759e-04 1.000000000000000000e+00 1.750370000000000051e-02 1.760470000000000090e-02
1.333007974000000040e+00 1.756894700000000142e-02 4.123509999999999827e-04 1.000000000000000000e+00 1.753520000000000079e-02 1.763529999999999959e-02
1.333452309999999974e+00 1.762472799999999923e-02 4.127290000000000255e-04 1.000000000000000000e+00 1.757809999999999928e-02 1.767749999999999877e-02
1.333896793999999941e+00 1.767384500000000053e-02 4.131660000000000215e-04 1.000000000000000000e+00 1.762499999999999831e-02 1.772380000000000136e-02
1.334341425999999942e+00 1.771006899999999842e-02 4.135829999999999737e-04 1.000000000000000000e+00 1.766850000000000018e-02 1.776700000000000154e-02
1.334786207000000058e+00 1.773038099999999992e-02 4.139179999999999899e-04 1.000000000000000000e+00 1.770259999999999889e-02 1.780090000000000144e-02
1.335231135999999985e+00 1.773520599999999989e-02 4.141349999999999914e-04 1.000000000000000000e+00 1.772400000000000017e-02 1.782210000000000044e-02
1.335676212999999946e+00 1.772771299999999911e-02 4.142279999999999920e-04 1.000000000000000000e+00 1.773189999999999836e-02 1.782999999999999863e-02
1.336121437999999939e+00 1.771244799999999869e-02 4.142169999999999815e-04 1.000000000000000000e+00 1.772819999999999951e-02 1.782629999999999978e-02
1.336566812000000048e+00 1.769374599999999978e-02 4.141360000000000072e-04 1.000000000000000000e+00 1.771609999999999852e-02 1.781440000000000107e-02
1.337012333999999969e+00 1.767464200000000082e-02 4.140200000000000238e-04 1.000000000000000000e+00 1.769949999999999996e-02 1.779800000000000132e-02
1.337458005000000005e+00 1.765646200000000124e-02 4.138969999999999845e-04 1.000000000000000000e+00 1.768120000000000108e-02 1.777990000000000126e-02
1.337903824000000075e+00 1.763927399999999993e-02 4.137780000000000082e-04 1.000000000000000000e+00 1.766310000000000102e-02 1.776190000000000060e-02
1.338349792000000038e+00 1.762257700000000038e-02 4.136659999999999795e-04 1.000000000000000000e+00 1.764589999999999909e-02 1.774490000000000095e-02
1.338795908999999895e+00 1.760573799999999925e-02 4.135529999999999892e-04 1.000000000000000000e+00 1.762959999999999874e-02 1.772860000000000061e-02
1.339242174000000007e+00 1.758777300000000099e-02 4.134300000000000041e-04 1.000000000000000000e+00 1.761360000000000009e-02 1.771259999999999848e-02
1.339688588000000014e+00 1.756624500000000116e-02 4.132830000000000206e-04 1.000000000000000000e+00 1.759679999999999925e-02 1.769559999999999883e-02
1.340135150999999913e+00 1.753617400000000159e-02 4.130830000000000157e-04 1.000000000000000000e+00 1.757639999999999897e-02 1.767499999999999974e-02
1.340581862999999929e+00 1.748956999999999942e-02 4.127789999999999996e-04 1.000000000000000000e+00 1.754779999999999882e-02 1.764610000000000137e-02
1.341028722999999978e+00 1.741632799999999828e-02 4.122940000000000068e-04 1.000000000000000000e+00 1.750399999999999873e-02 1.760190000000000018e-02
1.341475733000000004e+00 1.730654800000000146e-02 4.115330000000000051e-04 1.000000000000000000e+00 1.743629999999999833e-02 1.753369999999999929e-02
1.341922891000000062e+00 1.715345700000000043e-02 4.104000000000000009e-04 1.000000000000000000e+00 1.733639999999999834e-02 1.743319999999999939e-02
1.342370199000000097e+00 1.695556900000000020e-02 4.088219999999999832e-04 1.000000000000000000e+00 1.719800000000000148e-02 1.729400000000000034e-02
1.342817656000000026e+00 1.671707899999999927e-02 4.067680000000000059e-04 1.000000000000000000e+00 1.701880000000000059e-02 1.711390000000000133e-02
1.343265262000000071e+00 1.644607899999999887e-02 4.042539999999999957e-04 1.000000000000000000e+00 1.680109999999999937e-02 1.689509999999999970e-02
1.343713017000000010e+00 1.615122399999999875e-02 4.013360000000000213e-04 1.000000000000000000e+00 1.655020000000000102e-02 1.664310000000000095e-02
1.344160921000000064e+00 1.583855699999999964e-02 3.980780000000000061e-04 1.000000000000000000e+00 1.627270000000000105e-02 1.636419999999999889e-02
1.344608975000000095e+00 1.551004299999999940e-02 3.945320000000000099e-04 1.000000000000000000e+00 1.597370000000000040e-02 1.606379999999999961e-02
1.345057178000000020e+00 1.516452499999999988e-02 3.907199999999999996e-04 1.000000000000000000e+00 1.565590000000000037e-02 1.574439999999999867e-02
1.345505530000000061e+00 1.480069799999999929e-02 3.866399999999999980e-04 1.000000000000000000e+00 1.532000000000000028e-02 1.540680000000000001e-02
1.345954032000000078e+00 1.442047299999999962e-02 3.822839999999999875e-04 1.000000000000000000e+00 1.496620000000000068e-02 1.505120000000000069e-02
1.346402682999999989e+00 1.403069300000000033e-02 3.776720000000000120e-04 1.000000000000000000e+00 1.459680000000000005e-02 1.467989999999999920e-02
1.346851484000000099e+00 1.364206999999999920e-02 3.728690000000000108e-04 1.000000000000000000e+00 1.421760000000000038e-02 1.429859999999999985e-02
1.347300434999999963e+00 1.326577900000000011e-02 3.679760000000000019e-04 1.000000000000000000e+00 1.383689999999999920e-02 1.391580000000000074e-02
1.347749534999999943e+00 1.290903399999999979e-02 3.631090000000000229e-04 1.000000000000000000e+00 1.346349999999999977e-02 1.354029999999999991e-02
1.348198784999999900e+00 1.257197999999999996e-02 3.583519999999999870e-04 1.000000000000000000e+00 1.310380000000000052e-02 1.317860000000000038e-02
1.348648183999999972e+00 1.224732299999999920e-02 3.537290000000000009e-04 1.000000000000000000e+00 1.275910000000000065e-02 1.283190000000000025e-02
1.349097734000000104e+00 1.192262200000000077e-02 3.491839999999999961e-04 1.000000000000000000e+00 1.242479999999999973e-02 1.249570000000000021e-02
1.349547432999999907e+00 1.158405600000000056e-02 3.445979999999999963e-04 1.000000000000000000e+00 1.209220000000000086e-02 1.216120000000000048e-02
1.349997281999999910e+00 1.122004000000000057e-02 3.398160000000000004e-04 1.000000000000000000e+00 1.175039999999999939e-02 1.181740000000000047e-02
1.350447281000000110e+00 1.082326599999999979e-02 3.346849999999999847e-04 1.000000000000000000e+00 1.138920000000000037e-02 1.145410000000000005e-02
1.350897430000000066e+00 1.039132700000000055e-02 3.290820000000000182e-04 1.000000000000000000e+00 1.100119999999999917e-02 1.106380000000000037e-02
1.351347728999999998e+00 9.926435900000000687e-03 3.229269999999999797e-04 1.000000000000000000e+00 1.058270000000000044e-02 1.064279999999999914e-02
1.351798178999999989e+00 9.435276899999999259e-03 3.161940000000000020e-04 1.000000000000000000e+00 1.013389999999999951e-02 1.019139999999999976e-02
1.352248778000000096e+00 8.929187999999999362e-03 3.089190000000000013e-04 1.000000000000000000e+00 9.659549999999999387e-03 9.714449999999999474e-03
1.352699528000000040e+00 8.424038300000000548e-03 3.012089999999999820e-04 1.000000000000000000e+00 9.168940000000000423e-03 9.221079999999999555e-03
1.353150427000000100e+00 7.938967400000000035e-03 2.932510000000000151e-04 1.000000000000000000e+00 8.675439999999999541e-03 8.724819999999999451e-03
1.353601478000000080e+00 7.493396700000000063e-03 2.853010000000000116e-04 1.000000000000000000e+00 8.195529999999999482e-03 8.242239999999999636e-03
1.354052677999999954e+00 7.102785500000000085e-03 2.776550000000000242e-04 1.000000000000000000e+00 7.746280000000000353e-03 7.790499999999999682e-03
1.354504029000000109e+00 6.774377899999999703e-03 2.705939999999999778e-04 1.000000000000000000e+00 7.341929999999999984e-03 7.383930000000000354e-03
1.354955530000000019e+00 6.504759599999999919e-03 2.643090000000000066e-04 1.000000000000000000e+00 6.990579999999999711e-03 7.030640000000000327e-03
1.355407181999999988e+00 6.280255200000000280e-03 2.588509999999999921e-04 1.000000000000000000e+00 6.691859999999999996e-03 6.730279999999999943e-03
1.355858985000000017e+00 6.080206599999999663e-03 2.541029999999999895e-04 1.000000000000000000e+00 6.436879999999999859e-03 6.473880000000000433e-03
1.356310938000000021e+00 5.882021700000000103e-03 2.498080000000000179e-04 1.000000000000000000e+00 6.210229999999999743e-03 6.245950000000000113e-03
1.356763041000000003e+00 5.666290499999999779e-03 2.456310000000000069e-04 1.000000000000000000e+00 5.993599999999999969e-03 6.028089999999999837e-03
1.357215295999999904e+00 5.420432099999999802e-03 2.412349999999999900e-04 1.000000000000000000e+00 5.769840000000000038e-03 5.803039999999999761e-03
1.357667701000000005e+00 5.140350099999999728e-03 2.363499999999999987e-04 1.000000000000000000e+00 5.526210000000000150e-03 5.557999999999999573e-03
1.358120256999999942e+00 4.830256500000000390e-03 2.308119999999999985e-04 1.000000000000000000e+00 5.256460000000000125e-03 5.286680000000000199e-03
1.358572963000000078e+00 4.501482200000000294e-03 2.245930000000000094e-04 1.000000000000000000e+00 4.961379999999999610e-03 4.989900000000000238e-03
1.359025820999999912e+00 4.170934000000000273e-03 2.178000000000000086e-04 1.000000000000000000e+00 4.648519999999999736e-03 4.675249999999999719e-03
1.359478830000000027e+00 3.859197200000000043e-03 2.106800000000000090e-04 1.000000000000000000e+00 4.331060000000000292e-03 4.355979999999999748e-03
1.359931988999999897e+00 3.588118700000000189e-03 2.036069999999999905e-04 1.000000000000000000e+00 4.026280000000000137e-03 4.049460000000000386e-03
1.360385299999999908e+00 3.377486600000000061e-03 1.970549999999999895e-04 1.000000000000000000e+00 3.753279999999999898e-03 3.774920000000000185e-03
1.360838761999999980e+00 3.241206300000000051e-03 1.915350000000000017e-04 1.000000000000000000e+00 3.530099999999999991e-03 3.550470000000000015e-03
1.361292375000000110e+00 3.184126499999999967e-03 1.874920000000000135e-04 1.000000000000000000e+00 3.370450000000000095e-03 3.389909999999999885e-03
1.361746139000000078e+00 3.200558499999999786e-03 1.851979999999999978e-04 1.000000000000000000e+00 3.280899999999999789e-03 3.299859999999999946e-03
1.362200054000000105e+00 3.275579499999999988e-03 1.846670000000000126e-04 1.000000000000000000e+00 3.259489999999999870e-03 3.278329999999999873e-03
1.362654121000000051e+00 3.388624199999999871e-03 1.856569999999999878e-04 1.000000000000000000e+00 3.296240000000000194e-03 3.315300000000000191e-03
1.363108339000000058e+00 3.518049599999999860e-03 1.877419999999999924e-04 1.000000000000000000e+00 3.375519999999999909e-03 3.395040000000000210e-03
1.363562707999999901e+00 3.644988999999999955e-03 1.904309999999999933e-04 1.000000000000000000e+00 3.479390000000000174e-03 3.499519999999999888e-03
1.364017229000000109e+00 3.755190500000000001e-03 1.932679999999999934e-04 1.000000000000000000e+00 3.590649999999999918e-03 3.611430000000000109e-03
1.364471902000000014e+00 3.839140100000000035e-03 1.958890000000000078e-04 1.000000000000000000e+00 3.694799999999999821e-03 3.716189999999999858e-03
1.364926725999999979e+00 3.891320299999999864e-03 1.980320000000000040e-04 1.000000000000000000e+00 3.780860000000000037e-03 3.802760000000000081e-03
1.365381701000000003e+00 3.909924500000000122e-03 1.995359999999999951e-04 1.000000000000000000e+00 3.841489999999999922e-03 3.863759999999999938e-03
1.365836827999999947e+00 3.897409799999999955e-03 2.003279999999999970e-04 1.000000000000000000e+00 3.873160000000000058e-03 3.895609999999999871e-03
1.366292107000000033e+00 3.861182800000000168e-03 2.004340000000000125e-04 1.000000000000000000e+00 3.876539999999999934e-03 3.899029999999999944e-03
1.366747538000000040e+00 3.813166900000000085e-03 1.999810000000000086e-04 1.000000000000000000e+00 3.856860000000000149e-03 3.879239999999999945e-03
1.367203120000000105e+00 3.767912600000000202e-03 1.991919999999999997e-04 1.000000000000000000e+00 3.823430000000000058e-03 3.845630000000000055e-03
1.367658854999999951e+00 3.739359800000000098e-03 1.983529999999999896e-04 1.000000000000000000e+00 3.788080000000000093e-03 3.810089999999999918e-03
1.368114741000000079e+00 3.738018599999999841e-03 1.977609999999999926e-04 1.000000000000000000e+00 3.762909999999999953e-03 3.784780000000000175e-03
1.368570778999999904e+00 3.769915799999999824e-03 1.976649999999999989e-04 1.000000000000000000e+00 3.758009999999999996e-03 3.779869999999999845e-03
1.369026969999999954e+00 3.837665899999999960e-03 1.982429999999999924e-04 1.000000000000000000e+00 3.780529999999999828e-03 3.802530000000000146e-03
1.369483312000000064e+00 3.943011800000000011e-03 1.995990000000000112e-04 1.000000000000000000e+00 3.835040000000000063e-03 3.857360000000000216e-03
1.369939806000000093e+00 4.088942800000000197e-03 2.018029999999999922e-04 1.000000000000000000e+00 3.924999999999999670e-03 3.947850000000000144e-03
1.370396452999999903e+00 4.279872900000000410e-03 2.049139999999999968e-04 1.000000000000000000e+00 4.054040000000000074e-03 4.077650000000000372e-03
1.370853252000000078e+00 4.519613799999999855e-03 2.089860000000000079e-04 1.000000000000000000e+00 4.226129999999999817e-03 4.250750000000000188e-03
1.371310202999999950e+00 4.808174600000000333e-03 2.140339999999999908e-04 1.000000000000000000e+00 4.444260000000000224e-03 4.470159999999999932e-03
1.371767305999999964e+00 5.139019899999999752e-03 2.199910000000000017e-04 1.000000000000000000e+00 4.708330000000000154e-03 4.735800000000000079e-03
1.372224561999999981e+00 5.498352100000000221e-03 2.266749999999999939e-04 1.000000000000000000e+00 5.013150000000000071e-03 5.042419999999999715e-03
1.372681969999999918e+00 5.866836000000000273e-03 2.337979999999999865e-04 1.000000000000000000e+00 5.347720000000000251e-03 5.378990000000000160e-03
1.373139531000000080e+00 6.223240799999999948e-03 2.410040000000000121e-04 1.000000000000000000e+00 5.696350000000000198e-03 5.729719999999999779e-03
1.373597243999999939e+00 6.548373700000000366e-03 2.479320000000000243e-04 1.000000000000000000e+00 6.041030000000000184e-03 6.076480000000000423e-03
1.374055110000000024e+00 6.827907299999999916e-03 2.542719999999999941e-04 1.000000000000000000e+00 6.364410000000000033e-03 6.401819999999999906e-03
1.374513128000000028e+00 7.053112599999999607e-03 2.597960000000000178e-04 1.000000000000000000e+00 6.652130000000000022e-03 6.691299999999999852e-03
1.374971299000000036e+00 7.219653000000000355e-03 2.643619999999999737e-04 1.000000000000000000e+00 6.893830000000000097e-03 6.934509999999999633e-03
1.375429623000000046e+00 7.325094600000000081e-03 2.678930000000000048e-04 1.000000000000000000e+00 7.082729999999999755e-03 7.124590000000000090e-03
1.375888100000000058e+00 7.366477399999999884e-03 2.703420000000000215e-04 1.000000000000000000e+00 7.214090000000000259e-03 7.256809999999999823e-03
1.376346728999999991e+00 7.339080199999999631e-03 2.716589999999999955e-04 1.000000000000000000e+00 7.283620000000000198e-03 7.326809999999999573e-03
1.376805510999999926e+00 7.236865399999999580e-03 2.717700000000000085e-04 1.000000000000000000e+00 7.286349999999999598e-03 7.329620000000000232e-03
1.377264446000000087e+00 7.054644100000000140e-03 2.705779999999999969e-04 1.000000000000000000e+00 7.216929999999999873e-03 7.259849999999999984e-03
1.377723534000000027e+00 6.791149100000000265e-03 2.679839999999999740e-04 1.000000000000000000e+00 7.070950000000000325e-03 7.113060000000000042e-03
1.378182776000000054e+00 6.451824899999999974e-03 2.639230000000000005e-04 1.000000000000000000e+00 6.847240000000000097e-03 6.888080000000000418e-03
1.378642170000000000e+00 6.050416200000000369e-03 2.584050000000000171e-04 1.000000000000000000e+00 6.549990000000000326e-03 6.589120000000000393e-03
1.379101716999999949e+00 5.608801699999999869e-03 2.515479999999999843e-04 1.000000000000000000e+00 6.190290000000000202e-03 6.227339999999999612e-03
1.379561417999999984e+00 5.155000399999999997e-03 2.436010000000000009e-04 1.000000000000000000e+00 5.786219999999999905e-03 5.820940000000000142e-03
1.380021272000000021e+00 4.719931400000000263e-03 2.349499999999999918e-04 1.000000000000000000e+00 5.361630000000000042e-03 5.393890000000000143e-03
1.380481279000000061e+00 4.333758499999999791e-03 2.261060000000000066e-04 1.000000000000000000e+00 4.943760000000000168e-03 4.973599999999999896e-03
1.380941439000000104e+00 4.022633700000000090e-03 2.176690000000000059e-04 1.000000000000000000e+00 4.560329999999999592e-03 4.587940000000000421e-03
1.381401753000000010e+00 3.806160099999999873e-03 2.102809999999999879e-04 1.000000000000000000e+00 4.236610000000000029e-03 4.262359999999999760e-03
1.381862219999999919e+00 3.696021800000000128e-03 2.045500000000000118e-04 1.000000000000000000e+00 3.993059999999999665e-03 4.017409999999999905e-03
1.382322840999999913e+00 3.695617300000000102e-03 2.009620000000000048e-04 1.000000000000000000e+00 3.843599999999999968e-03 3.867119999999999932e-03
1.382783614999999910e+00 3.800525700000000149e-03 1.998029999999999977e-04 1.000000000000000000e+00 3.794940000000000119e-03 3.818230000000000148e-03
1.383244542999999993e+00 3.999719900000000411e-03 2.011050000000000066e-04 1.000000000000000000e+00 3.846529999999999914e-03 3.870189999999999915e-03
1.383705624999999939e+00 4.277247999999999988e-03 2.046580000000000046e-04 1.000000000000000000e+00 3.991360000000000220e-03 4.015969999999999783e-03
1.384166860000000110e+00 4.614247000000000140e-03 2.100650000000000022e-04 1.000000000000000000e+00 4.217209999999999882e-03 4.243270000000000375e-03
1.384628248999999922e+00 4.991268899999999967e-03 2.168340000000000046e-04 1.000000000000000000e+00 4.508400000000000081e-03 4.536329999999999876e-03
1.385089792000000042e+00 5.390657800000000360e-03 2.244679999999999928e-04 1.000000000000000000e+00 4.847839999999999962e-03 4.877939999999999880e-03
1.385551487999999942e+00 5.798442099999999606e-03 2.325340000000000068e-04 1.000000000000000000e+00 5.219109999999999895e-03 5.251579999999999616e-03
1.386013339000000011e+00 6.205346500000000209e-03 2.406999999999999960e-04 1.000000000000000000e+00 5.608250000000000388e-03 5.643210000000000066e-03
1.386475343000000082e+00 6.606040799999999928e-03 2.487440000000000159e-04 1.000000000000000000e+00 6.004709999999999909e-03 6.042200000000000175e-03
1.386937502000000100e+00 6.996705699999999570e-03 2.565310000000000008e-04 1.000000000000000000e+00 6.401010000000000380e-03 6.441009999999999618e-03
1.387399813999999898e+00 7.371426599999999704e-03 2.639669999999999885e-04 1.000000000000000000e+00 6.791020000000000043e-03 6.833470000000000343e-03
1.387862281000000086e+00 7.718921899999999989e-03 2.709449999999999749e-04 1.000000000000000000e+00 7.167370000000000164e-03 7.212170000000000386e-03
1.388324901000000056e+00 8.021342600000000087e-03 2.773049999999999886e-04 1.000000000000000000e+00 7.518979999999999761e-03 7.565950000000000106e-03
1.388787675999999971e+00 8.256180800000000389e-03 2.828120000000000156e-04 1.000000000000000000e+00 7.830010000000000095e-03 7.878879999999999564e-03
1.389250606000000055e+00 8.401198199999999547e-03 2.871859999999999843e-04 1.000000000000000000e+00 8.081180000000000307e-03 8.131599999999999245e-03
1.389713688999999919e+00 8.440484300000000370e-03 2.901530000000000255e-04 1.000000000000000000e+00 8.253200000000000466e-03 8.304660000000000167e-03
1.390176926999999951e+00 8.369233000000000228e-03 2.915050000000000085e-04 1.000000000000000000e+00 8.331210000000000351e-03 8.383150000000000671e-03
1.390640319000000069e+00 8.195263899999999380e-03 2.911540000000000113e-04 1.000000000000000000e+00 8.308640000000000816e-03 8.360450000000000173e-03
1.391103865999999911e+00 7.936713499999999491e-03 2.891500000000000081e-04 1.000000000000000000e+00 8.188849999999999255e-03 8.239939999999999418e-03
1.391567567000000061e+00 7.617483599999999751e-03 2.856709999999999827e-04 1.000000000000000000e+00 7.984190000000000384e-03 8.034060000000000853e-03
1.392031422999999934e+00 7.262916999999999811e-03 2.809849999999999804e-04 1.000000000000000000e+00 7.713180000000000036e-03 7.761419999999999778e-03
1.392495433999999976e+00 6.897906999999999997e-03 2.754190000000000002e-04 1.000000000000000000e+00 7.397589999999999895e-03 7.443919999999999704e-03
1.392959599000000104e+00 6.547930799999999822e-03 2.693449999999999902e-04 1.000000000000000000e+00 7.060760000000000126e-03 7.105059999999999848e-03
1.393423918999999955e+00 6.241303400000000265e-03 2.631980000000000235e-04 1.000000000000000000e+00 6.727740000000000282e-03 6.770019999999999857e-03
1.393888392999999892e+00 6.009786399999999737e-03 2.575020000000000022e-04 1.000000000000000000e+00 6.426079999999999813e-03 6.466549999999999729e-03
1.394353023000000080e+00 5.884902800000000288e-03 2.528720000000000143e-04 1.000000000000000000e+00 6.185590000000000359e-03 6.224620000000000153e-03
1.394817806999999910e+00 5.889618400000000246e-03 2.499390000000000205e-04 1.000000000000000000e+00 6.035020000000000315e-03 6.073190000000000012e-03
1.395282745999999907e+00 6.028167800000000347e-03 2.491929999999999840e-04 1.000000000000000000e+00 5.995770000000000093e-03 6.033769999999999932e-03
1.395747840999999934e+00 6.278431899999999989e-03 2.507790000000000193e-04 1.000000000000000000e+00 6.074119999999999693e-03 6.112679999999999676e-03
1.396213090000000046e+00 6.591688400000000198e-03 2.543679999999999878e-04 1.000000000000000000e+00 6.255319999999999978e-03 6.295099999999999654e-03
1.396678494000000104e+00 6.901648899999999684e-03 2.591839999999999769e-04 1.000000000000000000e+00 6.502879999999999945e-03 6.544280000000000409e-03
1.397144053999999969e+00 7.141307300000000052e-03 2.641850000000000058e-04 1.000000000000000000e+00 6.764820000000000381e-03 6.807930000000000231e-03
1.397609769000000002e+00 7.262248800000000067e-03 2.683450000000000201e-04 1.000000000000000000e+00 6.985980000000000141e-03 7.030530000000000113e-03
1.398075637999999898e+00 7.249713799999999916e-03 2.709049999999999956e-04 1.000000000000000000e+00 7.122919999999999599e-03 7.168360000000000357e-03
1.398541663999999907e+00 7.127472000000000148e-03 2.715579999999999774e-04 1.000000000000000000e+00 7.156380000000000380e-03 7.202059999999999712e-03
1.399007844000000000e+00 6.950244900000000260e-03 2.705070000000000174e-04 1.000000000000000000e+00 7.096739999999999819e-03 7.142080000000000303e-03
1.399474179999999901e+00 6.786156399999999922e-03 2.684049999999999891e-04 1.000000000000000000e+00 6.980430000000000142e-03 7.025080000000000387e-03
1.399940672000000053e+00 6.694955600000000034e-03 2.661709999999999966e-04 1.000000000000000000e+00 6.857939999999999869e-03 6.901879999999999994e-03
1.400407318000000068e+00 6.709813499999999972e-03 2.647169999999999797e-04 1.000000000000000000e+00 6.777899999999999897e-03 6.821400000000000033e-03
1.400874120999999972e+00 6.828857100000000277e-03 2.646580000000000265e-04 1.000000000000000000e+00 6.772249999999999624e-03 6.815810000000000271e-03
1.401341079000000045e+00 7.018949000000000021e-03 2.661240000000000155e-04 1.000000000000000000e+00 6.847849999999999944e-03 6.891979999999999808e-03
1.401808192999999925e+00 7.229656800000000376e-03 2.687589999999999793e-04 1.000000000000000000e+00 6.986820000000000357e-03 7.031929999999999605e-03
1.402275461999999973e+00 7.411593499999999911e-03 2.719050000000000199e-04 1.000000000000000000e+00 7.154930000000000317e-03 7.201199999999999615e-03
1.402742887000000049e+00 7.532016499999999622e-03 2.748620000000000121e-04 1.000000000000000000e+00 7.314470000000000000e-03 7.361829999999999763e-03
1.403210467999999933e+00 7.582551600000000079e-03 2.771119999999999855e-04 1.000000000000000000e+00 7.436439999999999891e-03 7.484639999999999870e-03
1.403678205000000068e+00 7.577216000000000333e-03 2.784449999999999946e-04 1.000000000000000000e+00 7.508049999999999620e-03 7.556740000000000158e-03
1.404146098000000009e+00 7.543128399999999775e-03 2.789460000000000225e-04 1.000000000000000000e+00 7.533449999999999695e-03 7.582329999999999973e-03
1.404614145999999897e+00 7.508873800000000383e-03 2.789080000000000205e-04 1.000000000000000000e+00 7.528860000000000066e-03 7.577719999999999595e-03
1.405082350999999896e+00 7.495279900000000398e-03 2.786970000000000051e-04 1.000000000000000000e+00 7.514709999999999966e-03 7.563489999999999970e-03
1.405550711999999924e+00 7.511759699999999602e-03 2.786290000000000186e-04 1.000000000000000000e+00 7.508680000000000215e-03 7.557419999999999589e-03
1.406019228999999982e+00 7.558238200000000177e-03 2.789000000000000029e-04 1.000000000000000000e+00 7.521729999999999909e-03 7.570559999999999616e-03
1.406487902000000068e+00 7.630507100000000383e-03 2.795860000000000164e-04 1.000000000000000000e+00 7.558099999999999888e-03 7.607199999999999726e-03
1.406956730999999960e+00 7.725834899999999873e-03 2.806899999999999977e-04 1.000000000000000000e+00 7.618119999999999926e-03 7.667639999999999872e-03
1.407425716999999965e+00 7.846289299999999883e-03 2.822079999999999923e-04 1.000000000000000000e+00 7.701799999999999966e-03 7.751899999999999936e-03
1.407894858999999999e+00 7.998580599999999263e-03 2.841760000000000249e-04 1.000000000000000000e+00 7.811470000000000045e-03 7.862340000000000648e-03
1.408364157000000061e+00 8.190684000000000159e-03 2.866710000000000070e-04 1.000000000000000000e+00 7.952090000000000200e-03 8.003949999999999260e-03
1.408833612000000013e+00 8.426792199999999858e-03 2.897779999999999757e-04 1.000000000000000000e+00 8.129330000000000583e-03 8.182409999999999337e-03
1.409303222999999994e+00 8.702565000000000647e-03 2.935290000000000013e-04 1.000000000000000000e+00 8.346019999999999134e-03 8.400599999999999387e-03
1.409772991000000086e+00 9.002856599999999390e-03 2.978410000000000237e-04 1.000000000000000000e+00 8.598710000000000728e-03 8.655009999999999440e-03
1.410242914999999986e+00 9.303113400000000144e-03 3.024980000000000030e-04 1.000000000000000000e+00 8.875620000000000731e-03 8.933810000000000362e-03
1.410712995999999997e+00 9.574598999999999610e-03 3.071680000000000244e-04 1.000000000000000000e+00 9.157399999999999568e-03 9.217499999999999999e-03
1.411183233999999898e+00 9.792227000000000570e-03 3.114780000000000153e-04 1.000000000000000000e+00 9.420740000000000364e-03 9.482620000000000632e-03
1.411653628000000049e+00 9.942616600000000679e-03 3.151000000000000155e-04 1.000000000000000000e+00 9.644279999999999867e-03 9.707689999999999722e-03
1.412124179000000090e+00 1.002932299999999971e-02 3.178519999999999783e-04 1.000000000000000000e+00 9.814879999999999785e-03 9.879459999999999631e-03
1.412594887000000021e+00 1.007311399999999933e-02 3.197470000000000000e-04 1.000000000000000000e+00 9.932190000000000463e-03 9.997610000000000524e-03
1.413065752000000064e+00 1.010626400000000022e-02 3.210080000000000138e-04 1.000000000000000000e+00 1.000949999999999930e-02 1.007549999999999939e-02
1.413536773999999996e+00 1.016218500000000066e-02 3.220030000000000136e-04 1.000000000000000000e+00 1.007010000000000023e-02 1.013660000000000082e-02
1.414007953000000040e+00 1.026361400000000076e-02 3.231360000000000178e-04 1.000000000000000000e+00 1.013999999999999971e-02 1.020700000000000079e-02
1.414479288999999973e+00 1.041362000000000017e-02 3.247069999999999796e-04 1.000000000000000000e+00 1.023839999999999993e-02 1.030610000000000033e-02
1.414950782000000018e+00 1.059323399999999998e-02 3.267939999999999886e-04 1.000000000000000000e+00 1.037100000000000001e-02 1.043969999999999967e-02
1.415422431999999953e+00 1.076703199999999930e-02 3.292200000000000226e-04 1.000000000000000000e+00 1.052660000000000054e-02 1.059640000000000061e-02
1.415894240000000082e+00 1.089544599999999960e-02 3.316060000000000231e-04 1.000000000000000000e+00 1.068069999999999957e-02 1.075160000000000005e-02
1.416366205000000100e+00 1.094933900000000064e-02 3.335060000000000151e-04 1.000000000000000000e+00 1.080339999999999946e-02 1.087529999999999920e-02
1.416838327000000008e+00 1.092156300000000045e-02 3.345670000000000241e-04 1.000000000000000000e+00 1.087089999999999931e-02 1.094320000000000015e-02
1.417310606000000028e+00 1.083102199999999918e-02 3.346649999999999950e-04 1.000000000000000000e+00 1.087399999999999999e-02 1.094649999999999963e-02
1.417783043000000021e+00 1.071774699999999969e-02 3.339589999999999920e-04 1.000000000000000000e+00 1.082349999999999979e-02 1.089569999999999948e-02
1.418255636999999902e+00 1.063069099999999940e-02 3.328650000000000055e-04 1.000000000000000000e+00 1.074710000000000075e-02 1.081889999999999935e-02
1.418728388999999979e+00 1.061260800000000080e-02 3.319420000000000009e-04 1.000000000000000000e+00 1.068209999999999993e-02 1.075349999999999917e-02
1.419201299000000027e+00 1.068736200000000060e-02 3.317269999999999767e-04 1.000000000000000000e+00 1.066369999999999992e-02 1.073509999999999916e-02
1.419674365999999965e+00 1.085389699999999950e-02 3.325730000000000157e-04 1.000000000000000000e+00 1.071539999999999992e-02 1.078720000000000026e-02
1.420147591000000098e+00 1.108857700000000050e-02 3.345490000000000117e-04 1.000000000000000000e+00 1.084240000000000030e-02 1.091510000000000050e-02
1.420620972999999898e+00 1.135449900000000054e-02 3.374450000000000192e-04 1.000000000000000000e+00 1.103179999999999959e-02 1.110580000000000074e-02
1.421094512999999893e+00 1.161407300000000080e-02 3.408649999999999831e-04 1.000000000000000000e+00 1.125830000000000060e-02 1.133400000000000032e-02
1.421568211999999942e+00 1.184003800000000065e-02 3.443690000000000227e-04 1.000000000000000000e+00 1.149309999999999915e-02 1.157039999999999978e-02
1.422042068000000103e+00 1.202143900000000008e-02 3.476080000000000099e-04 1.000000000000000000e+00 1.171209999999999959e-02 1.179099999999999940e-02
1.422516082000000015e+00 1.216284200000000010e-02 3.503979999999999747e-04 1.000000000000000000e+00 1.190199999999999939e-02 1.198220000000000014e-02
1.422990253999999899e+00 1.227816500000000061e-02 3.527219999999999748e-04 1.000000000000000000e+00 1.206089999999999940e-02 1.214220000000000056e-02
1.423464583999999977e+00 1.238241799999999920e-02 3.546819999999999899e-04 1.000000000000000000e+00 1.219510000000000038e-02 1.227750000000000022e-02
1.423939072000000028e+00 1.248478700000000066e-02 3.564160000000000245e-04 1.000000000000000000e+00 1.231409999999999970e-02 1.239729999999999999e-02
1.424413718000000051e+00 1.258577800000000059e-02 3.580249999999999882e-04 1.000000000000000000e+00 1.242479999999999973e-02 1.250889999999999988e-02
1.424888522999999907e+00 1.267882400000000000e-02 3.595380000000000125e-04 1.000000000000000000e+00 1.252900000000000021e-02 1.261390000000000081e-02
1.425363485999999957e+00 1.275477700000000013e-02 3.609120000000000167e-04 1.000000000000000000e+00 1.262349999999999930e-02 1.270920000000000036e-02
1.425838606999999980e+00 1.280651300000000027e-02 3.620709999999999966e-04 1.000000000000000000e+00 1.270270000000000080e-02 1.278900000000000002e-02
1.426313887000000058e+00 1.283149700000000074e-02 3.629440000000000270e-04 1.000000000000000000e+00 1.276120000000000032e-02 1.284800000000000005e-02
1.426789324000000025e+00 1.283102099999999975e-02 3.634970000000000063e-04 1.000000000000000000e+00 1.279609999999999949e-02 1.288339999999999971e-02
1.427264920999999909e+00 1.280711900000000049e-02 3.637259999999999799e-04 1.000000000000000000e+00 1.280710000000000008e-02 1.289470000000000026e-02
1.427740675999999986e+00 1.275907299999999925e-02 3.636360000000000265e-04 1.000000000000000000e+00 1.279429999999999977e-02 1.288199999999999935e-02
1.428216589000000036e+00 1.268211600000000022e-02 3.632069999999999938e-04 1.000000000000000000e+00 1.275650000000000048e-02 1.284420000000000006e-02
1.428692662000000002e+00 1.256961300000000031e-02 3.623869999999999847e-04 1.000000000000000000e+00 1.269020000000000044e-02 1.277769999999999948e-02
1.429168892999999940e+00 1.241805300000000008e-02 3.611059999999999813e-04 1.000000000000000000e+00 1.259109999999999917e-02 1.267809999999999944e-02
1.429645282000000073e+00 1.223276899999999924e-02 3.593280000000000128e-04 1.000000000000000000e+00 1.245740000000000042e-02 1.254360000000000024e-02
1.430121830999999899e+00 1.203108599999999986e-02 3.571070000000000082e-04 1.000000000000000000e+00 1.229380000000000056e-02 1.237910000000000052e-02
1.430598537999999920e+00 1.184076899999999925e-02 3.546269999999999913e-04 1.000000000000000000e+00 1.211409999999999917e-02 1.219819999999999932e-02
1.431075403999999995e+00 1.169346299999999943e-02 3.521940000000000097e-04 1.000000000000000000e+00 1.193989999999999982e-02 1.202289999999999956e-02
1.431552428999999904e+00 1.161551000000000076e-02 3.501800000000000117e-04 1.000000000000000000e+00 1.179679999999999965e-02 1.187880000000000012e-02
1.432029613000000090e+00 1.161955899999999979e-02 3.489240000000000223e-04 1.000000000000000000e+00 1.170709999999999980e-02 1.178850000000000037e-02
1.432506956999999970e+00 1.170043500000000035e-02 3.486300000000000011e-04 1.000000000000000000e+00 1.168390000000000054e-02 1.176510000000000056e-02
1.432984459000000044e+00 1.183664000000000070e-02 3.492999999999999794e-04 1.000000000000000000e+00 1.172680000000000076e-02 1.180840000000000015e-02
1.433462119999999951e+00 1.199693699999999918e-02 3.507410000000000085e-04 1.000000000000000000e+00 1.182249999999999968e-02 1.190480000000000010e-02
1.433939940999999996e+00 1.214950199999999952e-02 3.526199999999999951e-04 1.000000000000000000e+00 1.194839999999999965e-02 1.203159999999999993e-02
1.434417921000000096e+00 1.227038400000000050e-02 3.545709999999999769e-04 1.000000000000000000e+00 1.207920000000000001e-02 1.216339999999999956e-02
1.434896060000000029e+00 1.234903400000000005e-02 3.562880000000000148e-04 1.000000000000000000e+00 1.219390000000000057e-02 1.227899999999999998e-02
1.435374359000000100e+00 1.238955899999999964e-02 3.576019999999999958e-04 1.000000000000000000e+00 1.228029999999999920e-02 1.236620000000000080e-02
1.435852817000000003e+00 1.240774499999999954e-02 3.585010000000000020e-04 1.000000000000000000e+00 1.233760000000000065e-02 1.242410000000000042e-02
1.436331435000000045e+00 1.242531600000000049e-02 3.591140000000000044e-04 1.000000000000000000e+00 1.237480000000000004e-02 1.246180000000000031e-02
1.436810211999999920e+00 1.246305200000000050e-02 3.596559999999999731e-04 1.000000000000000000e+00 1.240699999999999963e-02 1.249450000000000040e-02
1.437289148999999933e+00 1.253493599999999999e-02 3.603559999999999901e-04 1.000000000000000000e+00 1.245059999999999917e-02 1.253869999999999985e-02
1.437768245000000000e+00 1.264501699999999972e-02 3.613900000000000077e-04 1.000000000000000000e+00 1.251829999999999957e-02 1.260709999999999956e-02
1.438247500999999984e+00 1.278752499999999924e-02 3.628370000000000228e-04 1.000000000000000000e+00 1.261559999999999938e-02 1.270540000000000037e-02
1.438726917000000105e+00 1.294988499999999952e-02 3.646650000000000195e-04 1.000000000000000000e+00 1.274089999999999945e-02 1.283169999999999970e-02
1.439206492999999920e+00 1.311721400000000030e-02 3.667629999999999849e-04 1.000000000000000000e+00 1.288620000000000043e-02 1.297820000000000050e-02
1.439686228000000012e+00 1.327638599999999940e-02 3.689739999999999947e-04 1.000000000000000000e+00 1.304050000000000001e-02 1.313390000000000044e-02
1.440166123000000020e+00 1.341827500000000034e-02 3.711480000000000183e-04 1.000000000000000000e+00 1.319290000000000046e-02 1.328750000000000070e-02
1.440646179000000027e+00 1.353777200000000000e-02 3.731620000000000163e-04 1.000000000000000000e+00 1.333439999999999973e-02 1.343010000000000037e-02
1.441126394000000088e+00 1.363223799999999965e-02 3.749339999999999986e-04 1.000000000000000000e+00 1.345870000000000052e-02 1.355540000000000044e-02
1.441606769999999926e+00 1.369991299999999933e-02 3.764069999999999894e-04 1.000000000000000000e+00 1.356150000000000064e-02 1.365910000000000041e-02
1.442087305000000041e+00 1.373953699999999958e-02 3.775440000000000024e-04 1.000000000000000000e+00 1.363999999999999935e-02 1.373820000000000076e-02
1.442568000999999933e+00 1.375187500000000021e-02 3.783249999999999938e-04 1.000000000000000000e+00 1.369249999999999981e-02 1.379110000000000058e-02
1.443048856999999963e+00 1.374254800000000026e-02 3.787600000000000125e-04 1.000000000000000000e+00 1.371950000000000079e-02 1.381849999999999919e-02
1.443529872999999908e+00 1.372416899999999960e-02 3.789150000000000135e-04 1.000000000000000000e+00 1.372589999999999921e-02 1.382500000000000048e-02
1.444011050000000074e+00 1.371608199999999923e-02 3.789309999999999944e-04 1.000000000000000000e+00 1.372190000000000042e-02 1.382120000000000050e-02
1.444492386999999933e+00 1.374031900000000084e-02 3.790239999999999950e-04 1.000000000000000000e+00 1.372340000000000018e-02 1.382290000000000081e-02
1.444973883999999931e+00 1.381450300000000055e-02 3.794390000000000241e-04 1.000000000000000000e+00 1.374809999999999921e-02 1.384799999999999920e-02
1.445455541999999927e+00 1.394401200000000042e-02 3.803759999999999780e-04 1.000000000000000000e+00 1.381100000000000036e-02 1.391150000000000025e-02
1.445937360999999921e+00 1.411694600000000001e-02 3.819140000000000165e-04 1.000000000000000000e+00 1.391790000000000041e-02 1.401950000000000071e-02
1.446419340000000053e+00 1.430457499999999993e-02 3.839490000000000199e-04 1.000000000000000000e+00 1.406169999999999989e-02 1.416470000000000055e-02
1.446901479999999962e+00 1.446840400000000068e-02 3.861979999999999775e-04 1.000000000000000000e+00 1.422190000000000086e-02 1.432630000000000015e-02
1.447383780000000009e+00 1.457196699999999991e-02 3.882669999999999741e-04 1.000000000000000000e+00 1.436920000000000038e-02 1.447500000000000002e-02
1.447866241999999914e+00 1.459356799999999947e-02 3.897700000000000036e-04 1.000000000000000000e+00 1.447440000000000011e-02 1.458120000000000076e-02
1.448348863999999958e+00 1.453529299999999948e-02 3.904499999999999768e-04 1.000000000000000000e+00 1.451760000000000030e-02 1.462510000000000025e-02
1.448831647000000000e+00 1.442469000000000043e-02 3.902779999999999791e-04 1.000000000000000000e+00 1.449669999999999952e-02 1.460419999999999947e-02
1.449314591000000041e+00 1.430826600000000004e-02 3.894820000000000226e-04 1.000000000000000000e+00 1.442889999999999971e-02 1.453620000000000086e-02
1.449797694999999997e+00 1.423861199999999945e-02 3.885049999999999810e-04 1.000000000000000000e+00 1.434790000000000024e-02 1.445489999999999969e-02
1.450280961000000035e+00 1.425949599999999998e-02 3.878919999999999786e-04 1.000000000000000000e+00 1.429489999999999927e-02 1.440169999999999992e-02
1.450764388000000071e+00 1.439386500000000048e-02 3.881420000000000117e-04 1.000000000000000000e+00 1.430709999999999968e-02 1.441409999999999914e-02
1.451247976000000106e+00 1.463865100000000079e-02 3.895699999999999988e-04 1.000000000000000000e+00 1.440800000000000067e-02 1.451610000000000053e-02
1.451731726000000000e+00 1.496748699999999981e-02 3.922209999999999976e-04 1.000000000000000000e+00 1.460209999999999980e-02 1.471189999999999998e-02
1.452215636000000032e+00 1.534002899999999982e-02 3.958799999999999841e-04 1.000000000000000000e+00 1.487469999999999938e-02 1.498670000000000037e-02
1.452699707999999923e+00 1.571395399999999873e-02 4.001589999999999748e-04 1.000000000000000000e+00 1.519779999999999916e-02 1.531240000000000032e-02
1.453183941000000035e+00 1.605565100000000064e-02 4.046160000000000034e-04 1.000000000000000000e+00 1.553809999999999913e-02 1.565559999999999868e-02
1.453668336000000005e+00 1.634636600000000106e-02 4.088729999999999730e-04 1.000000000000000000e+00 1.586620000000000044e-02 1.598650000000000071e-02
1.454152891999999975e+00 1.658266699999999885e-02 4.126830000000000060e-04 1.000000000000000000e+00 1.616180000000000047e-02 1.628459999999999977e-02
1.454637610000000025e+00 1.677218899999999985e-02 4.159459999999999915e-04 1.000000000000000000e+00 1.641590000000000063e-02 1.654090000000000074e-02
1.455122489000000074e+00 1.692705300000000093e-02 4.186810000000000119e-04 1.000000000000000000e+00 1.662910000000000083e-02 1.675590000000000065e-02
1.455607529999999983e+00 1.705753200000000025e-02 4.209729999999999961e-04 1.000000000000000000e+00 1.680709999999999843e-02 1.693559999999999857e-02
1.456092731999999890e+00 1.716812599999999883e-02 4.229079999999999970e-04 1.000000000000000000e+00 1.695680000000000104e-02 1.708660000000000040e-02
1.456578096999999961e+00 1.725660000000000041e-02 4.245370000000000046e-04 1.000000000000000000e+00 1.708190000000000056e-02 1.721289999999999973e-02
1.457063623000000030e+00 1.731597500000000081e-02 4.258560000000000101e-04 1.000000000000000000e+00 1.718209999999999876e-02 1.731399999999999953e-02
1.457549310000000098e+00 1.733819400000000122e-02 4.268170000000000167e-04 1.000000000000000000e+00 1.725329999999999919e-02 1.738589999999999927e-02
1.458035160000000108e+00 1.731796099999999977e-02 4.273540000000000151e-04 1.000000000000000000e+00 1.729030000000000150e-02 1.742329999999999920e-02
1.458521171999999977e+00 1.725551999999999989e-02 4.274169999999999771e-04 1.000000000000000000e+00 1.728889999999999941e-02 1.742199999999999999e-02
1.459007345999999927e+00 1.715738600000000016e-02 4.269990000000000092e-04 1.000000000000000000e+00 1.724890000000000104e-02 1.738179999999999933e-02
1.459493681000000098e+00 1.703491500000000117e-02 4.261520000000000087e-04 1.000000000000000000e+00 1.717449999999999879e-02 1.730690000000000006e-02
1.459980178999999989e+00 1.690124200000000035e-02 4.249729999999999849e-04 1.000000000000000000e+00 1.707380000000000009e-02 1.720549999999999857e-02
1.460466838999999961e+00 1.676774699999999951e-02 4.235900000000000017e-04 1.000000000000000000e+00 1.695709999999999926e-02 1.708799999999999902e-02
1.460953662000000097e+00 1.664111600000000094e-02 4.221210000000000196e-04 1.000000000000000000e+00 1.683379999999999946e-02 1.696390000000000051e-02
1.461440646000000010e+00 1.652227100000000157e-02 4.206540000000000149e-04 1.000000000000000000e+00 1.671059999999999907e-02 1.683990000000000140e-02
1.461927793000000086e+00 1.640715200000000124e-02 4.192239999999999964e-04 1.000000000000000000e+00 1.659019999999999939e-02 1.671879999999999894e-02
1.462415102000000022e+00 1.628922899999999882e-02 4.178170000000000148e-04 1.000000000000000000e+00 1.647130000000000122e-02 1.659909999999999858e-02
1.462902573999999900e+00 1.616291300000000097e-02 4.163880000000000120e-04 1.000000000000000000e+00 1.635030000000000164e-02 1.647730000000000028e-02
1.463390208000000081e+00 1.602652300000000085e-02 4.148889999999999913e-04 1.000000000000000000e+00 1.622370000000000062e-02 1.634990000000000054e-02
1.463878004999999982e+00 1.588392799999999855e-02 4.133019999999999945e-04 1.000000000000000000e+00 1.609029999999999835e-02 1.621560000000000015e-02
1.464365963999999964e+00 1.574401500000000009e-02 4.116529999999999972e-04 1.000000000000000000e+00 1.595289999999999903e-02 1.607729999999999923e-02
1.464854086000000111e+00 1.561781800000000033e-02 4.100190000000000193e-04 1.000000000000000000e+00 1.581789999999999932e-02 1.594140000000000140e-02
1.465342370999999977e+00 1.551417400000000037e-02 4.085010000000000247e-04 1.000000000000000000e+00 1.569339999999999971e-02 1.581600000000000020e-02
1.465830819000000007e+00 1.543536300000000056e-02 4.071869999999999895e-04 1.000000000000000000e+00 1.558630000000000085e-02 1.570809999999999915e-02
1.466319428999999896e+00 1.537474200000000027e-02 4.061070000000000066e-04 1.000000000000000000e+00 1.549870000000000067e-02 1.561979999999999966e-02
1.466808201999999950e+00 1.531771600000000032e-02 4.052099999999999778e-04 1.000000000000000000e+00 1.542619999999999929e-02 1.554679999999999951e-02
1.467297137999999945e+00 1.524635100000000000e-02 4.043680000000000017e-04 1.000000000000000000e+00 1.535830000000000008e-02 1.547839999999999980e-02
1.467786237000000105e+00 1.514633800000000051e-02 4.034099999999999882e-04 1.000000000000000000e+00 1.528149999999999994e-02 1.540099999999999976e-02
1.468275498999999984e+00 1.501372299999999965e-02 4.021939999999999782e-04 1.000000000000000000e+00 1.518440000000000067e-02 1.530319999999999944e-02
1.468764924000000027e+00 1.485885800000000083e-02 4.006680000000000202e-04 1.000000000000000000e+00 1.506290000000000059e-02 1.518079999999999950e-02
1.469254513000000095e+00 1.470567100000000002e-02 3.989169999999999890e-04 1.000000000000000000e+00 1.492369999999999981e-02 1.504070000000000060e-02
1.469744264000000022e+00 1.458635099999999914e-02 3.971700000000000209e-04 1.000000000000000000e+00 1.478450000000000077e-02 1.490050000000000055e-02
1.470234178999999974e+00 1.453297800000000022e-02 3.957569999999999990e-04 1.000000000000000000e+00 1.467030000000000070e-02 1.478559999999999944e-02
1.470724257000000090e+00 1.456873099999999970e-02 3.950289999999999748e-04 1.000000000000000000e+00 1.460769999999999950e-02 1.472279999999999943e-02
1.471214497999999926e+00 1.470146800000000052e-02 3.952679999999999974e-04 1.000000000000000000e+00 1.461789999999999964e-02 1.473329999999999952e-02
1.471704903000000009e+00 1.492112899999999999e-02 3.965999999999999907e-04 1.000000000000000000e+00 1.471079999999999957e-02 1.482720000000000045e-02
1.472195471000000033e+00 1.520177699999999965e-02 3.989600000000000156e-04 1.000000000000000000e+00 1.488240000000000049e-02 1.500040000000000054e-02
1.472686203000000082e+00 1.550717400000000031e-02 4.020990000000000003e-04 1.000000000000000000e+00 1.511499999999999996e-02 1.523520000000000083e-02
1.473177098999999934e+00 1.579843699999999851e-02 4.056420000000000034e-04 1.000000000000000000e+00 1.538089999999999943e-02 1.550340000000000051e-02
1.473668157999999950e+00 1.604187500000000058e-02 4.091680000000000100e-04 1.000000000000000000e+00 1.564789999999999931e-02 1.577280000000000001e-02
1.474159379999999908e+00 1.621511499999999870e-02 4.122959999999999841e-04 1.000000000000000000e+00 1.588590000000000141e-02 1.601290000000000005e-02
1.474650766999999973e+00 1.631021200000000101e-02 4.147500000000000253e-04 1.000000000000000000e+00 1.607209999999999889e-02 1.620090000000000072e-02
1.475142316999999981e+00 1.633326900000000095e-02 4.163939999999999981e-04 1.000000000000000000e+00 1.619469999999999937e-02 1.632470000000000102e-02
1.475634031000000013e+00 1.630083800000000152e-02 4.172369999999999898e-04 1.000000000000000000e+00 1.625369999999999940e-02 1.638440000000000035e-02
1.476125909000000069e+00 1.623460800000000107e-02 4.174030000000000015e-04 1.000000000000000000e+00 1.625839999999999924e-02 1.638950000000000129e-02
1.476617950999999929e+00 1.615602099999999958e-02 4.170870000000000133e-04 1.000000000000000000e+00 1.622459999999999875e-02 1.635580000000000020e-02
1.477110157000000035e+00 1.608261799999999991e-02 4.165060000000000268e-04 1.000000000000000000e+00 1.616990000000000094e-02 1.630090000000000011e-02
1.477602526999999943e+00 1.602676600000000132e-02 4.158629999999999857e-04 1.000000000000000000e+00 1.611040000000000041e-02 1.624130000000000018e-02
1.478095061000000099e+00 1.599654999999999827e-02 4.153210000000000170e-04 1.000000000000000000e+00 1.605940000000000145e-02 1.619009999999999894e-02
1.478587759999999918e+00 1.599764299999999889e-02 4.150040000000000131e-04 1.000000000000000000e+00 1.602680000000000077e-02 1.615750000000000172e-02
1.479080621999999900e+00 1.603457700000000125e-02 4.150080000000000218e-04 1.000000000000000000e+00 1.601999999999999952e-02 1.615089999999999928e-02
1.479573648999999991e+00 1.611056300000000135e-02 4.154060000000000001e-04 1.000000000000000000e+00 1.604480000000000142e-02 1.617609999999999881e-02
1.480066840000000106e+00 1.622586300000000009e-02 4.162470000000000146e-04 1.000000000000000000e+00 1.610479999999999898e-02 1.623679999999999915e-02
1.480560196000000106e+00 1.637566999999999842e-02 4.175420000000000216e-04 1.000000000000000000e+00 1.620090000000000072e-02 1.633389999999999842e-02
1.481053715999999909e+00 1.654894299999999999e-02 4.192450000000000018e-04 1.000000000000000000e+00 1.632950000000000026e-02 1.646370000000000125e-02
1.481547401000000042e+00 1.672926699999999905e-02 4.212460000000000119e-04 1.000000000000000000e+00 1.648209999999999953e-02 1.661779999999999854e-02
1.482041249999999977e+00 1.689785800000000171e-02 4.233770000000000090e-04 1.000000000000000000e+00 1.664559999999999998e-02 1.678289999999999990e-02
1.482535264000000019e+00 1.703785899999999895e-02 4.254449999999999898e-04 1.000000000000000000e+00 1.680459999999999940e-02 1.694340000000000082e-02
1.483029442000000087e+00 1.713852800000000010e-02 4.272680000000000163e-04 1.000000000000000000e+00 1.694439999999999835e-02 1.708449999999999899e-02
1.483523785000000039e+00 1.719783500000000159e-02 4.287180000000000244e-04 1.000000000000000000e+00 1.705440000000000081e-02 1.719570000000000126e-02
1.484018293000000099e+00 1.722270500000000135e-02 4.297479999999999790e-04 1.000000000000000000e+00 1.713049999999999989e-02 1.727269999999999847e-02
1.484512966000000045e+00 1.722696400000000086e-02 4.303970000000000061e-04 1.000000000000000000e+00 1.717590000000000089e-02 1.731869999999999937e-02
1.485007804000000098e+00 1.722773699999999991e-02 4.307809999999999808e-04 1.000000000000000000e+00 1.719990000000000060e-02 1.734310000000000018e-02
1.485502805999999953e+00 1.724147800000000105e-02 4.310629999999999757e-04 1.000000000000000000e+00 1.721539999999999876e-02 1.735899999999999943e-02
1.485997973999999999e+00 1.728057800000000130e-02 4.314100000000000183e-04 1.000000000000000000e+00 1.723629999999999954e-02 1.738040000000000071e-02
1.486493306000000070e+00 1.735132099999999941e-02 4.319640000000000133e-04 1.000000000000000000e+00 1.727400000000000116e-02 1.741869999999999877e-02
1.486988804000000108e+00 1.745336399999999899e-02 4.328150000000000226e-04 1.000000000000000000e+00 1.733600000000000071e-02 1.748150000000000051e-02
1.487484467000000032e+00 1.758062800000000092e-02 4.339850000000000131e-04 1.000000000000000000e+00 1.742420000000000080e-02 1.757070000000000159e-02
1.487980295000000064e+00 1.772326499999999846e-02 4.354369999999999985e-04 1.000000000000000000e+00 1.753570000000000129e-02 1.768339999999999843e-02
1.488476289000000063e+00 1.787011000000000155e-02 4.370859999999999958e-04 1.000000000000000000e+00 1.766370000000000093e-02 1.781280000000000016e-02
1.488972447000000088e+00 1.801104900000000120e-02 4.388260000000000164e-04 1.000000000000000000e+00 1.779970000000000163e-02 1.795010000000000008e-02
1.489468771999999941e+00 1.813875699999999841e-02 4.405500000000000019e-04 1.000000000000000000e+00 1.793480000000000074e-02 1.808649999999999841e-02
1.489965261000000041e+00 1.824945600000000070e-02 4.421730000000000235e-04 1.000000000000000000e+00 1.806200000000000166e-02 1.821499999999999855e-02
1.490461916000000109e+00 1.834258899999999942e-02 4.436409999999999898e-04 1.000000000000000000e+00 1.817670000000000050e-02 1.833080000000000126e-02
1.490958736999999923e+00 1.841968700000000056e-02 4.449300000000000108e-04 1.000000000000000000e+00 1.827679999999999930e-02 1.843190000000000106e-02
1.491455723000000066e+00 1.848300400000000079e-02 4.460390000000000166e-04 1.000000000000000000e+00 1.836219999999999866e-02 1.851819999999999855e-02
1.491952874999999956e+00 1.853443899999999978e-02 4.469830000000000266e-04 1.000000000000000000e+00 1.843370000000000078e-02 1.859059999999999879e-02
1.492450193000000036e+00 1.857526500000000053e-02 4.477770000000000057e-04 1.000000000000000000e+00 1.849270000000000080e-02 1.865030000000000160e-02
1.492947676000000001e+00 1.860654600000000158e-02 4.484380000000000050e-04 1.000000000000000000e+00 1.854019999999999974e-02 1.869849999999999984e-02
1.493445324999999935e+00 1.863000000000000073e-02 4.489799999999999737e-04 1.000000000000000000e+00 1.857740000000000086e-02 1.873640000000000028e-02
1.493943140000000058e+00 1.864868000000000081e-02 4.494289999999999960e-04 1.000000000000000000e+00 1.860629999999999923e-02 1.876589999999999855e-02
1.494441120999999928e+00 1.866705999999999921e-02 4.498169999999999794e-04 1.000000000000000000e+00 1.862959999999999963e-02 1.878989999999999827e-02
1.494939269000000071e+00 1.869034300000000162e-02 4.501910000000000135e-04 1.000000000000000000e+00 1.865139999999999854e-02 1.881220000000000114e-02
1.495437582000000099e+00 1.872328200000000081e-02 4.506019999999999795e-04 1.000000000000000000e+00 1.867610000000000103e-02 1.883750000000000008e-02
1.495936061000000095e+00 1.876888599999999852e-02 4.510989999999999987e-04 1.000000000000000000e+00 1.870789999999999953e-02 1.887010000000000076e-02
1.496434706000000059e+00 1.882756000000000013e-02 4.517139999999999784e-04 1.000000000000000000e+00 1.874999999999999931e-02 1.891289999999999985e-02
1.496933518000000074e+00 1.889685899999999849e-02 4.524549999999999904e-04 1.000000000000000000e+00 1.880329999999999849e-02 1.896700000000000122e-02
1.497432496000000057e+00 1.897191499999999892e-02 4.533059999999999997e-04 1.000000000000000000e+00 1.886650000000000132e-02 1.903109999999999871e-02
1.497931640000000009e+00 1.904629000000000044e-02 4.542209999999999867e-04 1.000000000000000000e+00 1.893600000000000144e-02 1.910140000000000102e-02
1.498430949999999928e+00 1.911304900000000001e-02 4.551409999999999983e-04 1.000000000000000000e+00 1.900670000000000137e-02 1.917289999999999967e-02
1.498930426999999899e+00 1.916583599999999860e-02 4.559950000000000006e-04 1.000000000000000000e+00 1.907249999999999918e-02 1.923940000000000025e-02
1.499430070999999920e+00 1.919983999999999927e-02 4.567180000000000003e-04 1.000000000000000000e+00 1.912749999999999867e-02 1.929509999999999906e-02
1.499929880999999909e+00 1.921259399999999951e-02 4.572590000000000075e-04 1.000000000000000000e+00 1.916700000000000001e-02 1.933500000000000149e-02
1.500429857000000089e+00 1.920456599999999930e-02 4.575860000000000062e-04 1.000000000000000000e+00 1.918790000000000079e-02 1.935629999999999989e-02
1.500930000999999958e+00 1.917937200000000009e-02 4.576970000000000192e-04 1.000000000000000000e+00 1.918989999999999932e-02 1.935850000000000071e-02
1.501430311000000017e+00 1.914348100000000039e-02 4.576210000000000152e-04 1.000000000000000000e+00 1.917529999999999929e-02 1.934400000000000008e-02
1.501930787000000045e+00 1.910529899999999920e-02 4.574150000000000243e-04 1.000000000000000000e+00 1.914899999999999936e-02 1.931789999999999896e-02
1.502431430999999984e+00 1.907367600000000121e-02 4.571590000000000050e-04 1.000000000000000000e+00 1.911799999999999958e-02 1.928699999999999859e-02
1.502932241999999974e+00 1.905608799999999881e-02 4.569400000000000263e-04 1.000000000000000000e+00 1.908999999999999933e-02 1.925899999999999834e-02
1.503433218999999932e+00 1.905696499999999863e-02 4.568360000000000151e-04 1.000000000000000000e+00 1.907160000000000105e-02 1.924079999999999888e-02
1.503934362999999941e+00 1.907666599999999907e-02 4.568980000000000155e-04 1.000000000000000000e+00 1.906760000000000052e-02 1.923700000000000063e-02
1.504435675000000083e+00 1.911151700000000148e-02 4.571420000000000084e-04 1.000000000000000000e+00 1.907930000000000043e-02 1.924920000000000103e-02
1.504937152999999972e+00 1.915495999999999865e-02 4.575460000000000269e-04 1.000000000000000000e+00 1.910490000000000105e-02 1.927519999999999928e-02
1.505438798999999994e+00 1.919954700000000083e-02 4.580580000000000112e-04 1.000000000000000000e+00 1.913979999999999848e-02 1.931070000000000009e-02
1.505940612000000067e+00 1.923911099999999971e-02 4.586099999999999747e-04 1.000000000000000000e+00 1.917829999999999882e-02 1.934989999999999974e-02
1.506442591999999969e+00 1.927039499999999919e-02 4.591439999999999801e-04 1.000000000000000000e+00 1.921509999999999885e-02 1.938739999999999908e-02
1.506944740000000005e+00 1.929359199999999830e-02 4.596220000000000253e-04 1.000000000000000000e+00 1.924700000000000022e-02 1.941980000000000095e-02
1.507447055000000091e+00 1.931166499999999869e-02 4.600340000000000071e-04 1.000000000000000000e+00 1.927299999999999847e-02 1.944649999999999851e-02
1.507949537000000007e+00 1.932877200000000101e-02 4.603979999999999921e-04 1.000000000000000000e+00 1.929459999999999856e-02 1.946869999999999851e-02
1.508452187000000055e+00 1.934847400000000092e-02 4.607430000000000032e-04 1.000000000000000000e+00 1.931449999999999834e-02 1.948920000000000166e-02
1.508955003999999933e+00 1.937240700000000121e-02 4.610990000000000249e-04 1.000000000000000000e+00 1.933529999999999971e-02 1.951059999999999947e-02
1.509457988999999944e+00 1.939986900000000014e-02 4.614849999999999768e-04 1.000000000000000000e+00 1.935869999999999952e-02 1.953459999999999919e-02
1.509961142000000089e+00 1.942834400000000017e-02 4.618970000000000129e-04 1.000000000000000000e+00 1.938449999999999895e-02 1.956099999999999853e-02
1.510464462000000063e+00 1.945463999999999874e-02 4.623179999999999738e-04 1.000000000000000000e+00 1.941129999999999939e-02 1.958829999999999946e-02
1.510967949999999949e+00 1.947608500000000062e-02 4.627240000000000237e-04 1.000000000000000000e+00 1.943659999999999832e-02 1.961430000000000118e-02
1.511471605999999968e+00 1.949133600000000147e-02 4.630890000000000245e-04 1.000000000000000000e+00 1.945840000000000070e-02 1.963660000000000058e-02
1.511975429999999898e+00 1.950055499999999928e-02 4.633990000000000266e-04 1.000000000000000000e+00 1.947530000000000094e-02 1.965400000000000133e-02
1.512479421999999962e+00 1.950503599999999990e-02 4.636530000000000143e-04 1.000000000000000000e+00 1.948700000000000085e-02 1.966609999999999886e-02
1.512983581999999938e+00 1.950654799999999855e-02 4.638569999999999738e-04 1.000000000000000000e+00 1.949410000000000032e-02 1.967380000000000170e-02
1.513487910000000047e+00 1.950671600000000033e-02 4.640250000000000169e-04 1.000000000000000000e+00 1.949810000000000085e-02 1.967819999999999986e-02
1.513992406000000068e+00 1.950667600000000057e-02 4.641720000000000004e-04 1.000000000000000000e+00 1.950019999999999878e-02 1.968079999999999830e-02
1.514497070000000001e+00 1.950705299999999989e-02 4.643049999999999803e-04 1.000000000000000000e+00 1.950170000000000028e-02 1.968270000000000089e-02
1.515001902000000067e+00 1.950818099999999944e-02 4.644329999999999899e-04 1.000000000000000000e+00 1.950330000000000119e-02 1.968469999999999942e-02
1.515506902999999905e+00 1.951036000000000090e-02 4.645590000000000223e-04 1.000000000000000000e+00 1.950549999999999853e-02 1.968730000000000133e-02
1.516012072000000099e+00 1.951403100000000113e-02 4.646869999999999777e-04 1.000000000000000000e+00 1.950850000000000153e-02 1.969059999999999908e-02
1.516517408999999983e+00 1.951976700000000037e-02 4.648240000000000206e-04 1.000000000000000000e+00 1.951260000000000147e-02 1.969500000000000070e-02
1.517022915000000083e+00 1.952812099999999898e-02 4.649769999999999901e-04 1.000000000000000000e+00 1.951819999999999944e-02 1.970090000000000036e-02
1.517528589000000094e+00 1.953941500000000095e-02 4.651549999999999739e-04 1.000000000000000000e+00 1.952570000000000000e-02 1.970859999999999973e-02
1.518034432000000100e+00 1.955356899999999981e-02 4.653640000000000120e-04 1.000000000000000000e+00 1.953529999999999850e-02 1.971859999999999932e-02
1.518540444000000100e+00 1.957004199999999930e-02 4.656090000000000207e-04 1.000000000000000000e+00 1.954730000000000009e-02 1.973099999999999854e-02
1.519046624000000012e+00 1.958789000000000016e-02 4.658859999999999911e-04 1.000000000000000000e+00 1.956139999999999962e-02 1.974549999999999916e-02
1.519552972999999918e+00 1.960591700000000048e-02 4.661859999999999984e-04 1.000000000000000000e+00 1.957700000000000065e-02 1.976160000000000069e-02
1.520059489999999958e+00 1.962287399999999848e-02 4.664979999999999778e-04 1.000000000000000000e+00 1.959349999999999981e-02 1.977860000000000035e-02
1.520566177000000074e+00 1.963764800000000060e-02 4.668070000000000184e-04 1.000000000000000000e+00 1.960970000000000074e-02 1.979529999999999831e-02
1.521073032000000103e+00 1.964941599999999941e-02 4.670969999999999766e-04 1.000000000000000000e+00 1.962480000000000127e-02 1.981089999999999934e-02
1.521580056999999986e+00 1.965774099999999941e-02 4.673559999999999889e-04 1.000000000000000000e+00 1.963789999999999980e-02 1.982439999999999897e-02
1.522087250000000003e+00 1.966260099999999830e-02 4.675759999999999834e-04 1.000000000000000000e+00 1.964839999999999989e-02 1.983520000000000075e-02
1.522594612000000014e+00 1.966434900000000111e-02 4.677519999999999898e-04 1.000000000000000000e+00 1.965590000000000045e-02 1.984290000000000012e-02
1.523102144000000102e+00 1.966362699999999950e-02 4.678859999999999855e-04 1.000000000000000000e+00 1.966050000000000089e-02 1.984759999999999996e-02
1.523609844999999963e+00 1.966124699999999975e-02 4.679840000000000107e-04 1.000000000000000000e+00 1.966230000000000061e-02 1.984959999999999850e-02
1.524117715000000040e+00 1.965804900000000036e-02 4.680549999999999902e-04 1.000000000000000000e+00 1.966189999999999952e-02 1.984930000000000028e-02
1.524625754000000111e+00 1.965476899999999902e-02 4.681099999999999888e-04 1.000000000000000000e+00 1.965980000000000158e-02 1.984740000000000115e-02
1.525133961999999954e+00 1.965193200000000043e-02 4.681619999999999944e-04 1.000000000000000000e+00 1.965679999999999858e-02 1.984460000000000043e-02
1.525642340000000097e+00 1.964979899999999904e-02 4.682199999999999860e-04 1.000000000000000000e+00 1.965340000000000142e-02 1.984150000000000150e-02
1.526150888000000094e+00 1.964836400000000149e-02 4.682900000000000040e-04 1.000000000000000000e+00 1.965019999999999961e-02 1.983860000000000137e-02
1.526659605000000086e+00 1.964740599999999920e-02 4.683740000000000256e-04 1.000000000000000000e+00 1.964739999999999889e-02 1.983619999999999828e-02
1.527168491000000072e+00 1.964658199999999924e-02 4.684709999999999808e-04 1.000000000000000000e+00 1.964509999999999867e-02 1.983450000000000144e-02
1.527677546999999914e+00 1.964551800000000070e-02 4.685760000000000077e-04 1.000000000000000000e+00 1.964350000000000124e-02 1.983330000000000162e-02
1.528186773000000054e+00 1.964387700000000056e-02 4.686819999999999962e-04 1.000000000000000000e+00 1.964219999999999855e-02 1.983249999999999943e-02
1.528696169000000049e+00 1.964138799999999921e-02 4.687809999999999829e-04 1.000000000000000000e+00 1.964110000000000161e-02 1.983170000000000072e-02
1.529205734000000039e+00 1.963783200000000090e-02 4.688679999999999974e-04 1.000000000000000000e+00 1.963950000000000071e-02 1.983040000000000150e-02
1.529715469999999966e+00 1.963300899999999988e-02 4.689369999999999997e-04 1.000000000000000000e+00 1.963720000000000049e-02 1.982830000000000009e-02
1.530225375000000110e+00 1.962673499999999932e-02 4.689860000000000122e-04 1.000000000000000000e+00 1.963370000000000046e-02 1.982489999999999947e-02
1.530735450000000109e+00 1.961887799999999932e-02 4.690149999999999810e-04 1.000000000000000000e+00 1.962850000000000011e-02 1.981979999999999853e-02
1.531245694999999962e+00 1.960945500000000133e-02 4.690240000000000142e-04 1.000000000000000000e+00 1.962140000000000065e-02 1.981290000000000134e-02
1.531756109999999893e+00 1.959874099999999938e-02 4.690179999999999740e-04 1.000000000000000000e+00 1.961239999999999858e-02 1.980410000000000156e-02
1.532266695999999984e+00 1.958734499999999906e-02 4.690019999999999931e-04 1.000000000000000000e+00 1.960189999999999849e-02 1.979380000000000028e-02
1.532777451000000069e+00 1.957619799999999952e-02 4.689830000000000192e-04 1.000000000000000000e+00 1.959059999999999968e-02 1.978260000000000088e-02
1.533288377000000091e+00 1.956641599999999967e-02 4.689709999999999929e-04 1.000000000000000000e+00 1.957930000000000087e-02 1.977160000000000029e-02
1.533799472999999969e+00 1.955905999999999964e-02 4.689750000000000017e-04 1.000000000000000000e+00 1.956919999999999840e-02 1.976179999999999951e-02
1.534310740000000006e+00 1.955486299999999872e-02 4.690030000000000089e-04 1.000000000000000000e+00 1.956120000000000081e-02 1.975419999999999954e-02
1.534822176000000038e+00 1.955401000000000014e-02 4.690629999999999778e-04 1.000000000000000000e+00 1.955600000000000047e-02 1.974940000000000029e-02
1.535333784000000090e+00 1.955605399999999980e-02 4.691550000000000169e-04 1.000000000000000000e+00 1.955379999999999965e-02 1.974760000000000057e-02
1.535845561999999997e+00 1.956001400000000057e-02 4.692769999999999862e-04 1.000000000000000000e+00 1.955439999999999956e-02 1.974860000000000157e-02
1.536357509999999982e+00 1.956462600000000163e-02 4.694209999999999767e-04 1.000000000000000000e+00 1.955679999999999918e-02 1.975139999999999882e-02
1.536869628999999904e+00 1.956868800000000075e-02 4.695750000000000163e-04 1.000000000000000000e+00 1.956029999999999922e-02 1.975529999999999994e-02
1.537381918999999986e+00 1.957137499999999850e-02 4.697290000000000016e-04 1.000000000000000000e+00 1.956369999999999984e-02 1.975910000000000166e-02
1.537894380000000005e+00 1.957243999999999998e-02 4.698729999999999921e-04 1.000000000000000000e+00 1.956640000000000115e-02 1.976230000000000001e-02
1.538407011000000102e+00 1.957223500000000033e-02 4.700039999999999947e-04 1.000000000000000000e+00 1.956810000000000146e-02 1.976429999999999854e-02
1.538919813999999997e+00 1.957156499999999910e-02 4.701220000000000095e-04 1.000000000000000000e+00 1.956890000000000018e-02 1.976549999999999835e-02
1.539432786999999969e+00 1.957142599999999941e-02 4.702320000000000067e-04 1.000000000000000000e+00 1.956919999999999840e-02 1.976620000000000113e-02
1.539945931000000101e+00 1.957272100000000126e-02 4.703420000000000040e-04 1.000000000000000000e+00 1.956979999999999831e-02 1.976719999999999866e-02
1.540459247000000031e+00 1.957603299999999963e-02 4.704619999999999961e-04 1.000000000000000000e+00 1.957129999999999981e-02 1.976899999999999838e-02
1.540972733000000039e+00 1.958151899999999862e-02 4.705989999999999848e-04 1.000000000000000000e+00 1.957419999999999993e-02 1.977229999999999960e-02
1.541486391000000067e+00 1.958892699999999903e-02 4.707579999999999946e-04 1.000000000000000000e+00 1.957870000000000096e-02 1.977720000000000172e-02
1.542000218999999950e+00 1.959769899999999967e-02 4.709380000000000098e-04 1.000000000000000000e+00 1.958460000000000062e-02 1.978359999999999841e-02
1.542514219000000075e+00 1.960713700000000018e-02 4.711399999999999920e-04 1.000000000000000000e+00 1.959170000000000009e-02 1.979119999999999838e-02
1.543028390999999999e+00 1.961655699999999974e-02 4.713559999999999777e-04 1.000000000000000000e+00 1.959939999999999946e-02 1.979950000000000113e-02
1.543542734000000083e+00 1.962540399999999907e-02 4.715829999999999740e-04 1.000000000000000000e+00 1.960749999999999993e-02 1.980820000000000150e-02
1.544057248000000104e+00 1.963331399999999893e-02 4.718120000000000018e-04 1.000000000000000000e+00 1.961529999999999871e-02 1.981669999999999959e-02
1.544571933999999924e+00 1.964012000000000049e-02 4.720400000000000138e-04 1.000000000000000000e+00 1.962279999999999927e-02 1.982480000000000006e-02
1.545086790999999904e+00 1.964581199999999861e-02 4.722600000000000083e-04 1.000000000000000000e+00 1.962969999999999993e-02 1.983240000000000003e-02
1.545601819999999904e+00 1.965047600000000005e-02 4.724700000000000080e-04 1.000000000000000000e+00 1.963590000000000127e-02 1.983930000000000068e-02
1.546117020999999925e+00 1.965423399999999959e-02 4.726670000000000199e-04 1.000000000000000000e+00 1.964149999999999924e-02 1.984539999999999915e-02
1.546632393000000105e+00 1.965719999999999967e-02 4.728499999999999739e-04 1.000000000000000000e+00 1.964640000000000136e-02 1.985090000000000118e-02
1.547147937000000084e+00 1.965945300000000034e-02 4.730180000000000170e-04 1.000000000000000000e+00 1.965050000000000130e-02 1.985560000000000103e-02
1.547663653000000084e+00 1.966104000000000115e-02 4.731720000000000023e-04 1.000000000000000000e+00 1.965389999999999845e-02 1.985949999999999868e-02
1.548179541000000103e+00 1.966198300000000093e-02 4.733129999999999998e-04 1.000000000000000000e+00 1.965650000000000036e-02 1.986250000000000168e-02
1.548695600999999922e+00 1.966229599999999925e-02 4.734420000000000251e-04 1.000000000000000000e+00 1.965830000000000008e-02 1.986469999999999902e-02
1.549211832999999983e+00 1.966199799999999998e-02 4.735620000000000172e-04 1.000000000000000000e+00 1.965920000000000167e-02 1.986600000000000171e-02
1.549728237000000064e+00 1.966113099999999836e-02 4.736729999999999760e-04 1.000000000000000000e+00 1.965920000000000167e-02 1.986649999999999874e-02
1.550244812999999944e+00 1.965976300000000024e-02 4.737780000000000030e-04 1.000000000000000000e+00 1.965839999999999949e-02 1.986620000000000053e-02
1.550761561000000066e+00 1.965800800000000112e-02 4.738809999999999984e-04 1.000000000000000000e+00 1.965700000000000086e-02 1.986519999999999953e-02
1.551278480999999987e+00 1.965602899999999847e-02 4.739810000000000008e-04 1.000000000000000000e+00 1.965520000000000114e-02 1.986380000000000090e-02
1.551795574000000011e+00 1.965403599999999973e-02 4.740810000000000033e-04 1.000000000000000000e+00 1.965309999999999974e-02 1.986229999999999940e-02
1.552312839000000055e+00 1.965226399999999915e-02 4.741820000000000214e-04 1.000000000000000000e+00 1.965120000000000061e-02 1.986090000000000078e-02
1.552830276999999981e+00 1.965093500000000132e-02 4.742840000000000012e-04 1.000000000000000000e+00 1.964979999999999852e-02 1.985980000000000037e-02
1.553347886999999927e+00 1.965021200000000023e-02 4.743869999999999966e-04 1.000000000000000000e+00 1.964890000000000039e-02 1.985939999999999928e-02
1.553865669999999977e+00 1.965015100000000112e-02 4.744910000000000078e-04 1.000000000000000000e+00 1.964880000000000099e-02 1.985960000000000156e-02
1.554383625000000047e+00 1.965066999999999856e-02 4.745940000000000033e-04 1.000000000000000000e+00 1.964940000000000089e-02 1.986040000000000028e-02
1.554901752999999998e+00 1.965154900000000079e-02 4.746969999999999987e-04 1.000000000000000000e+00 1.965039999999999842e-02 1.986169999999999949e-02
1.555420052999999969e+00 1.965246099999999954e-02 4.747989999999999784e-04 1.000000000000000000e+00 1.965149999999999883e-02 1.986299999999999871e-02
1.555938526999999905e+00 1.965302400000000158e-02 4.748989999999999809e-04 1.000000000000000000e+00 1.965230000000000102e-02 1.986399999999999971e-02
1.556457173000000083e+00 1.965288299999999946e-02 4.749980000000000218e-04 1.000000000000000000e+00 1.965240000000000042e-02 1.986440000000000081e-02
1.556975991999999920e+00 1.965177400000000033e-02 4.750940000000000154e-04 1.000000000000000000e+00 1.965160000000000171e-02 1.986390000000000031e-02
1.557494984000000082e+00 1.964957599999999846e-02 4.751889999999999933e-04 1.000000000000000000e+00 1.964969999999999911e-02 1.986239999999999881e-02
1.558014148999999904e+00 1.964633500000000088e-02 4.752809999999999782e-04 1.000000000000000000e+00 1.964669999999999958e-02 1.985999999999999918e-02
1.558533487000000051e+00 1.964224300000000020e-02 4.753720000000000016e-04 1.000000000000000000e+00 1.964279999999999846e-02 1.985670000000000143e-02
1.559052998000000079e+00 1.963759400000000127e-02 4.754620000000000092e-04 1.000000000000000000e+00 1.963840000000000030e-02 1.985289999999999971e-02
1.559572683000000071e+00 1.963272400000000070e-02 4.755499999999999853e-04 1.000000000000000000e+00 1.963370000000000046e-02 1.984889999999999918e-02
1.560092540000000083e+00 1.962794699999999976e-02 4.756369999999999999e-04 1.000000000000000000e+00 1.962910000000000002e-02 1.984489999999999865e-02
1.560612571000000059e+00 1.962349600000000069e-02 4.757229999999999987e-04 1.000000000000000000e+00 1.962480000000000127e-02 1.984119999999999981e-02
1.561132774999999917e+00 1.961946499999999913e-02 4.758070000000000203e-04 1.000000000000000000e+00 1.962099999999999955e-02 1.983800000000000147e-02
1.561653152999999961e+00 1.961575399999999914e-02 4.758879999999999946e-04 1.000000000000000000e+00 1.961769999999999833e-02 1.983520000000000075e-02
1.562173704000000107e+00 1.961199699999999907e-02 4.759650000000000144e-04 1.000000000000000000e+00 1.961480000000000168e-02 1.983270000000000172e-02
1.562694427999999913e+00 1.960748099999999952e-02 4.760340000000000166e-04 1.000000000000000000e+00 1.961169999999999927e-02 1.983000000000000040e-02
1.563215326999999988e+00 1.960109299999999999e-02 4.760879999999999995e-04 1.000000000000000000e+00 1.960780000000000162e-02 1.982630000000000156e-02
1.563736398000000083e+00 1.959126400000000059e-02 4.761179999999999839e-04 1.000000000000000000e+00 1.960189999999999849e-02 1.982070000000000012e-02
1.564257644000000003e+00 1.957599499999999881e-02 4.761109999999999821e-04 1.000000000000000000e+00 1.959270000000000109e-02 1.981170000000000153e-02
1.564779063000000026e+00 1.955294399999999919e-02 4.760480000000000202e-04 1.000000000000000000e+00 1.957829999999999987e-02 1.979759999999999853e-02
1.565300656000000012e+00 1.951960700000000132e-02 4.759079999999999843e-04 1.000000000000000000e+00 1.955689999999999859e-02 1.977630000000000013e-02
1.565822422999999963e+00 1.947359699999999874e-02 4.756650000000000071e-04 1.000000000000000000e+00 1.952629999999999991e-02 1.974580000000000085e-02
1.566344364000000100e+00 1.941301399999999927e-02 4.752909999999999731e-04 1.000000000000000000e+00 1.948439999999999894e-02 1.970399999999999929e-02
1.566866477999999896e+00 1.933686399999999875e-02 4.747640000000000237e-04 1.000000000000000000e+00 1.942960000000000173e-02 1.964919999999999861e-02
1.567388766999999961e+00 1.924550100000000166e-02 4.740650000000000224e-04 1.000000000000000000e+00 1.936099999999999974e-02 1.958029999999999840e-02
1.567911229999999989e+00 1.914100100000000124e-02 4.731930000000000077e-04 1.000000000000000000e+00 1.927840000000000109e-02 1.949729999999999866e-02
1.568433866999999982e+00 1.902737300000000020e-02 4.721610000000000217e-04 1.000000000000000000e+00 1.918320000000000095e-02 1.940149999999999861e-02
1.568956679000000021e+00 1.891049300000000044e-02 4.710049999999999805e-04 1.000000000000000000e+00 1.907850000000000171e-02 1.929610000000000006e-02
1.569479663999999941e+00 1.879767300000000085e-02 4.697829999999999845e-04 1.000000000000000000e+00 1.896899999999999975e-02 1.918569999999999998e-02
1.570002823999999908e+00 1.869684699999999908e-02 4.685709999999999832e-04 1.000000000000000000e+00 1.886070000000000108e-02 1.907659999999999911e-02
1.570526158000000061e+00 1.861542199999999952e-02 4.674559999999999913e-04 1.000000000000000000e+00 1.876049999999999940e-02 1.897559999999999872e-02
1.571049667000000039e+00 1.855901399999999868e-02 4.665229999999999919e-04 1.000000000000000000e+00 1.867510000000000003e-02 1.888980000000000173e-02
1.571573349999999980e+00 1.853029900000000008e-02 4.658449999999999961e-04 1.000000000000000000e+00 1.861020000000000035e-02 1.882460000000000036e-02
1.572097207999999968e+00 1.852832700000000068e-02 4.654619999999999830e-04 1.000000000000000000e+00 1.856899999999999870e-02 1.878360000000000099e-02
1.572621239999999920e+00 1.854850799999999827e-02 4.653820000000000244e-04 1.000000000000000000e+00 1.855199999999999905e-02 1.876699999999999896e-02
1.573145448000000002e+00 1.858339999999999992e-02 4.655689999999999872e-04 1.000000000000000000e+00 1.855650000000000008e-02 1.877219999999999930e-02
1.573669828999999964e+00 1.862415599999999935e-02 4.659570000000000248e-04 1.000000000000000000e+00 1.857709999999999917e-02 1.879379999999999939e-02
1.574194386000000057e+00 1.866234400000000085e-02 4.664579999999999985e-04 1.000000000000000000e+00 1.860689999999999913e-02 1.882460000000000036e-02
1.574719116999999891e+00 1.869168200000000113e-02 4.669830000000000248e-04 1.000000000000000000e+00 1.863860000000000169e-02 1.885739999999999986e-02
1.575244024000000076e+00 1.870924300000000040e-02 4.674559999999999913e-04 1.000000000000000000e+00 1.866639999999999966e-02 1.888619999999999882e-02
1.575769105000000003e+00 1.871583099999999875e-02 4.678330000000000184e-04 1.000000000000000000e+00 1.868660000000000113e-02 1.890729999999999841e-02
1.576294360999999977e+00 1.871543999999999985e-02 4.681059999999999800e-04 1.000000000000000000e+00 1.869849999999999984e-02 1.891999999999999932e-02
1.576819793000000081e+00 1.871400800000000073e-02 4.683010000000000146e-04 1.000000000000000000e+00 1.870430000000000009e-02 1.892639999999999947e-02
1.577345400000000009e+00 1.871782699999999938e-02 4.684670000000000262e-04 1.000000000000000000e+00 1.870789999999999953e-02 1.893059999999999882e-02
1.577871180999999901e+00 1.873206499999999913e-02 4.686639999999999838e-04 1.000000000000000000e+00 1.871420000000000028e-02 1.893759999999999888e-02
1.578397137999999922e+00 1.875975499999999949e-02 4.689469999999999945e-04 1.000000000000000000e+00 1.872769999999999990e-02 1.895180000000000128e-02
1.578923271000000073e+00 1.880144200000000154e-02 4.693569999999999990e-04 1.000000000000000000e+00 1.875169999999999962e-02 1.897650000000000031e-02
1.579449579000000048e+00 1.885545200000000171e-02 4.699080000000000010e-04 1.000000000000000000e+00 1.878729999999999983e-02 1.901299999999999865e-02
1.579976062000000070e+00 1.891858800000000007e-02 4.705959999999999917e-04 1.000000000000000000e+00 1.883419999999999886e-02 1.906089999999999868e-02
1.580502719999999917e+00 1.898698199999999947e-02 4.713949999999999954e-04 1.000000000000000000e+00 1.889029999999999876e-02 1.911809999999999898e-02
1.581029554999999975e+00 1.905685699999999996e-02 4.722710000000000189e-04 1.000000000000000000e+00 1.895269999999999941e-02 1.918169999999999945e-02
1.581556563999999998e+00 1.912503000000000120e-02 4.731839999999999744e-04 1.000000000000000000e+00 1.901829999999999840e-02 1.924850000000000172e-02
1.582083750000000011e+00 1.918913499999999953e-02 4.740999999999999772e-04 1.000000000000000000e+00 1.908419999999999908e-02 1.931549999999999934e-02
1.582611111000000070e+00 1.924761599999999864e-02 4.749880000000000269e-04 1.000000000000000000e+00 1.914779999999999954e-02 1.938029999999999961e-02
1.583138648000000037e+00 1.929959499999999925e-02 4.758259999999999942e-04 1.000000000000000000e+00 1.920720000000000066e-02 1.944090000000000054e-02
1.583666360999999911e+00 1.934470699999999918e-02 4.765999999999999837e-04 1.000000000000000000e+00 1.926119999999999916e-02 1.949609999999999885e-02
1.584194249999999915e+00 1.938296800000000042e-02 4.773019999999999780e-04 1.000000000000000000e+00 1.930919999999999859e-02 1.954519999999999869e-02
1.584722315000000048e+00 1.941467599999999877e-02 4.779280000000000225e-04 1.000000000000000000e+00 1.935069999999999846e-02 1.958779999999999896e-02
1.585250555000000006e+00 1.944034899999999913e-02 4.784790000000000245e-04 1.000000000000000000e+00 1.938600000000000045e-02 1.962409999999999849e-02
1.585778971999999953e+00 1.946065900000000168e-02 4.789579999999999771e-04 1.000000000000000000e+00 1.941529999999999992e-02 1.965429999999999955e-02
1.586307565000000031e+00 1.947636599999999843e-02 4.793719999999999904e-04 1.000000000000000000e+00 1.943920000000000023e-02 1.967910000000000145e-02
1.586836335000000098e+00 1.948824099999999990e-02 4.797250000000000190e-04 1.000000000000000000e+00 1.945840000000000070e-02 1.969910000000000064e-02
1.587365279999999990e+00 1.949700299999999886e-02 4.800259999999999879e-04 1.000000000000000000e+00 1.947350000000000123e-02 1.971490000000000048e-02
1.587894402000000094e+00 1.950326900000000016e-02 4.802830000000000228e-04 1.000000000000000000e+00 1.948510000000000172e-02 1.972720000000000029e-02
1.588423700000000105e+00 1.950752399999999831e-02 4.805020000000000016e-04 1.000000000000000000e+00 1.949369999999999922e-02 1.973650000000000057e-02
1.588953174000000024e+00 1.951012499999999969e-02 4.806909999999999959e-04 1.000000000000000000e+00 1.949990000000000057e-02 1.974319999999999894e-02
1.589482824999999933e+00 1.951131899999999919e-02 4.808549999999999760e-04 1.000000000000000000e+00 1.950400000000000050e-02 1.974789999999999879e-02
1.590012653000000054e+00 1.951126400000000038e-02 4.809990000000000207e-04 1.000000000000000000e+00 1.950630000000000072e-02 1.975069999999999951e-02
1.590542657000000082e+00 1.951004199999999827e-02 4.811269999999999761e-04 1.000000000000000000e+00 1.950700000000000003e-02 1.975189999999999932e-02
1.591072838000000100e+00 1.950766300000000147e-02 4.812409999999999822e-04 1.000000000000000000e+00 1.950620000000000132e-02 1.975179999999999991e-02
1.591603196000000109e+00 1.950404400000000163e-02 4.813449999999999934e-04 1.000000000000000000e+00 1.950409999999999991e-02 1.975029999999999841e-02
1.592133730000000025e+00 1.949895499999999837e-02 4.814360000000000167e-04 1.000000000000000000e+00 1.950069999999999928e-02 1.974750000000000116e-02
1.592664440999999931e+00 1.949196599999999946e-02 4.815129999999999823e-04 1.000000000000000000e+00 1.949580000000000063e-02 1.974340000000000123e-02
1.593195329999999910e+00 1.948236199999999960e-02 4.815709999999999739e-04 1.000000000000000000e+00 1.948920000000000166e-02 1.973750000000000157e-02
1.593726395000000018e+00 1.946907800000000077e-02 4.816010000000000126e-04 1.000000000000000000e+00 1.948029999999999901e-02 1.972919999999999882e-02
1.594257636999999894e+00 1.945065199999999883e-02 4.815919999999999793e-04 1.000000000000000000e+00 1.946820000000000148e-02 1.971770000000000120e-02
1.594789055999999983e+00 1.942524400000000123e-02 4.815250000000000086e-04 1.000000000000000000e+00 1.945150000000000004e-02 1.970159999999999967e-02
1.595320652000000061e+00 1.939074400000000142e-02 4.813810000000000181e-04 1.000000000000000000e+00 1.942860000000000073e-02 1.967920000000000086e-02
1.595852425999999991e+00 1.934499400000000077e-02 4.811349999999999937e-04 1.000000000000000000e+00 1.939760000000000095e-02 1.964849999999999930e-02
1.596384376999999910e+00 1.928613800000000128e-02 4.807650000000000226e-04 1.000000000000000000e+00 1.935649999999999871e-02 1.960759999999999934e-02
1.596916505000000042e+00 1.921306500000000139e-02 4.802480000000000139e-04 1.000000000000000000e+00 1.930360000000000062e-02 1.955459999999999837e-02
1.597448809999999941e+00 1.912587099999999915e-02 4.795709999999999795e-04 1.000000000000000000e+00 1.923750000000000113e-02 1.948839999999999947e-02
1.597981292999999914e+00 1.902627800000000063e-02 4.787300000000000192e-04 1.000000000000000000e+00 1.915829999999999964e-02 1.940889999999999976e-02
1.598513953999999959e+00 1.891786999999999982e-02 4.777389999999999740e-04 1.000000000000000000e+00 1.906710000000000002e-02 1.931719999999999965e-02
1.599046791999999995e+00 1.880606599999999975e-02 4.766330000000000154e-04 1.000000000000000000e+00 1.896679999999999894e-02 1.921629999999999866e-02
1.599579807000000020e+00 1.869774500000000172e-02 4.754620000000000092e-04 1.000000000000000000e+00 1.886190000000000089e-02 1.911059999999999842e-02
1.600113000999999979e+00 1.860050599999999929e-02 4.742980000000000048e-04 1.000000000000000000e+00 1.875809999999999977e-02 1.900599999999999859e-02
1.600646371999999928e+00 1.852161600000000116e-02 4.732219999999999764e-04 1.000000000000000000e+00 1.866200000000000150e-02 1.890930000000000041e-02
1.601179920000000090e+00 1.846679500000000113e-02 4.723150000000000070e-04 1.000000000000000000e+00 1.858030000000000098e-02 1.882690000000000058e-02
1.601713646999999963e+00 1.843907499999999922e-02 4.716470000000000059e-04 1.000000000000000000e+00 1.851830000000000143e-02 1.876449999999999993e-02
1.602247551999999908e+00 1.843800799999999879e-02 4.712629999999999771e-04 1.000000000000000000e+00 1.847939999999999999e-02 1.872549999999999909e-02
1.602781634000000066e+00 1.845949800000000127e-02 4.711750000000000009e-04 1.000000000000000000e+00 1.846439999999999887e-02 1.871060000000000084e-02
1.603315894999999935e+00 1.849639100000000091e-02 4.713540000000000004e-04 1.000000000000000000e+00 1.847069999999999962e-02 1.871729999999999922e-02
1.603850333000000017e+00 1.853977500000000139e-02 4.717389999999999908e-04 1.000000000000000000e+00 1.849330000000000071e-02 1.874050000000000021e-02
1.604384950000000032e+00 1.858074100000000131e-02 4.722430000000000117e-04 1.000000000000000000e+00 1.852509999999999921e-02 1.877310000000000090e-02
1.604919744999999898e+00 1.861215999999999912e-02 4.727749999999999856e-04 1.000000000000000000e+00 1.855880000000000030e-02 1.880770000000000011e-02
1.605454718000000058e+00 1.863003499999999965e-02 4.732529999999999766e-04 1.000000000000000000e+00 1.858769999999999867e-02 1.883750000000000008e-02
1.605989869999999931e+00 1.863408800000000004e-02 4.736230000000000019e-04 1.000000000000000000e+00 1.860770000000000132e-02 1.885830000000000145e-02
1.606525200000000098e+00 1.862746700000000172e-02 4.738650000000000175e-04 1.000000000000000000e+00 1.861710000000000101e-02 1.886849999999999986e-02
1.607060707999999893e+00 1.861574800000000141e-02 4.739939999999999887e-04 1.000000000000000000e+00 1.861739999999999923e-02 1.886940000000000145e-02
1.607596395000000067e+00 1.860553499999999943e-02 4.740540000000000118e-04 1.000000000000000000e+00 1.861219999999999888e-02 1.886480000000000101e-02
1.608132260999999952e+00 1.860306600000000143e-02 4.741050000000000017e-04 1.000000000000000000e+00 1.860650000000000151e-02 1.885960000000000067e-02
1.608668304999999910e+00 1.861310199999999943e-02 4.742130000000000217e-04 1.000000000000000000e+00 1.860550000000000051e-02 1.885919999999999958e-02
1.609204526999999940e+00 1.863827200000000087e-02 4.744309999999999847e-04 1.000000000000000000e+00 1.861370000000000038e-02 1.886799999999999936e-02
1.609740928999999987e+00 1.867888700000000166e-02 4.747970000000000012e-04 1.000000000000000000e+00 1.863389999999999838e-02 1.888899999999999954e-02
1.610277509000000107e+00 1.873316499999999954e-02 4.753269999999999978e-04 1.000000000000000000e+00 1.866730000000000125e-02 1.892330000000000054e-02
1.610814267999999938e+00 1.879773499999999944e-02 4.760119999999999955e-04 1.000000000000000000e+00 1.871329999999999869e-02 1.897039999999999837e-02
1.611351207000000008e+00 1.886832399999999882e-02 4.768279999999999958e-04 1.000000000000000000e+00 1.876960000000000087e-02 1.902799999999999978e-02
1.611888323999999928e+00 1.894047000000000092e-02 4.777329999999999880e-04 1.000000000000000000e+00 1.883299999999999905e-02 1.909280000000000005e-02
1.612425620000000004e+00 1.901016000000000164e-02 4.786829999999999839e-04 1.000000000000000000e+00 1.889990000000000073e-02 1.916110000000000035e-02
1.612963095000000013e+00 1.907428300000000090e-02 4.796339999999999957e-04 1.000000000000000000e+00 1.896650000000000072e-02 1.922930000000000125e-02
1.613500748999999956e+00 1.913085200000000027e-02 4.805470000000000054e-04 1.000000000000000000e+00 1.902989999999999890e-02 1.929420000000000093e-02
1.614038582999999916e+00 1.917900499999999897e-02 4.813940000000000059e-04 1.000000000000000000e+00 1.908779999999999852e-02 1.935359999999999858e-02
1.614576596000000031e+00 1.921882999999999925e-02 4.821580000000000006e-04 1.000000000000000000e+00 1.913880000000000095e-02 1.940609999999999905e-02
1.615114788000000079e+00 1.925108899999999901e-02 4.828340000000000192e-04 1.000000000000000000e+00 1.918260000000000104e-02 1.945130000000000123e-02
1.615653159999999922e+00 1.927693100000000062e-02 4.834209999999999918e-04 1.000000000000000000e+00 1.921940000000000107e-02 1.948940000000000047e-02
1.616191710999999920e+00 1.929762000000000144e-02 4.839269999999999900e-04 1.000000000000000000e+00 1.924990000000000034e-02 1.952100000000000016e-02
1.616730441000000074e+00 1.931433200000000003e-02 4.843630000000000244e-04 1.000000000000000000e+00 1.927509999999999987e-02 1.954710000000000128e-02
1.617269351000000022e+00 1.932801799999999889e-02 4.847380000000000200e-04 1.000000000000000000e+00 1.929579999999999837e-02 1.956870000000000137e-02
1.617808440999999986e+00 1.933933900000000053e-02 4.850650000000000187e-04 1.000000000000000000e+00 1.931280000000000149e-02 1.958649999999999974e-02
1.618347710999999967e+00 1.934866999999999837e-02 4.853510000000000224e-04 1.000000000000000000e+00 1.932669999999999874e-02 1.960119999999999918e-02
1.618887160000000103e+00 1.935615200000000147e-02 4.856060000000000259e-04 1.000000000000000000e+00 1.933800000000000102e-02 1.961310000000000137e-02
1.619426789000000033e+00 1.936178399999999994e-02 4.858339999999999837e-04 1.000000000000000000e+00 1.934670000000000140e-02 1.962250000000000105e-02
1.619966597999999980e+00 1.936552399999999854e-02 4.860399999999999747e-04 1.000000000000000000e+00 1.935310000000000155e-02 1.962969999999999993e-02
1.620506586999999943e+00 1.936738500000000085e-02 4.862269999999999917e-04 1.000000000000000000e+00 1.935730000000000089e-02 1.963470000000000146e-02
1.621046755000000061e+00 1.936748400000000078e-02 4.863970000000000121e-04 1.000000000000000000e+00 1.935960000000000111e-02 1.963789999999999980e-02
1.621587104000000057e+00 1.936605799999999850e-02 4.865509999999999974e-04 1.000000000000000000e+00 1.936010000000000161e-02 1.963940000000000130e-02
1.622127633000000069e+00 1.936343100000000039e-02 4.866909999999999791e-04 1.000000000000000000e+00 1.935929999999999943e-02 1.963960000000000011e-02
1.622668342999999957e+00 1.935995700000000055e-02 4.868170000000000114e-04 1.000000000000000000e+00 1.935759999999999911e-02 1.963880000000000139e-02
1.623209232000000002e+00 1.935595700000000002e-02 4.869300000000000017e-04 1.000000000000000000e+00 1.935510000000000008e-02 1.963720000000000049e-02
1.623750301999999923e+00 1.935167200000000032e-02 4.870319999999999814e-04 1.000000000000000000e+00 1.935229999999999936e-02 1.963519999999999849e-02
1.624291552000000083e+00 1.934724999999999986e-02 4.871219999999999890e-04 1.000000000000000000e+00 1.934929999999999983e-02 1.963279999999999886e-02
1.624832982000000037e+00 1.934276099999999998e-02 4.872020000000000018e-04 1.000000000000000000e+00 1.934599999999999861e-02 1.963000000000000161e-02
1.625374593000000090e+00 1.933822199999999866e-02 4.872739999999999971e-04 1.000000000000000000e+00 1.934249999999999858e-02 1.962699999999999861e-02
1.625916385000000020e+00 1.933363399999999885e-02 4.873379999999999748e-04 1.000000000000000000e+00 1.933879999999999974e-02 1.962370000000000086e-02
1.626458356999999966e+00 1.932900099999999843e-02 4.873960000000000206e-04 1.000000000000000000e+00 1.933489999999999862e-02 1.962010000000000143e-02
1.627000510000000011e+00 1.932433199999999962e-02 4.874489999999999878e-04 1.000000000000000000e+00 1.933069999999999927e-02 1.961620000000000030e-02
1.627542843000000072e+00 1.931963500000000167e-02 4.874990000000000161e-04 1.000000000000000000e+00 1.932640000000000052e-02 1.961219999999999977e-02
1.628085358000000094e+00 1.931489600000000154e-02 4.875459999999999972e-04 1.000000000000000000e+00 1.932189999999999949e-02 1.960800000000000043e-02
1.628628052999999909e+00 1.931006500000000126e-02 4.875910000000000010e-04 1.000000000000000000e+00 1.931729999999999906e-02 1.960359999999999880e-02
1.629170929000000045e+00 1.930505100000000016e-02 4.876360000000000048e-04 1.000000000000000000e+00 1.931240000000000040e-02 1.959899999999999837e-02
1.629713986000000059e+00 1.929972799999999863e-02 4.876789999999999771e-04 1.000000000000000000e+00 1.930720000000000006e-02 1.959419999999999912e-02
1.630257223999999949e+00 1.929394599999999932e-02 4.877209999999999879e-04 1.000000000000000000e+00 1.930170000000000149e-02 1.958899999999999877e-02
1.630800642999999939e+00 1.928754900000000105e-02 4.877610000000000214e-04 1.000000000000000000e+00 1.929559999999999956e-02 1.958340000000000081e-02
1.631344243000000027e+00 1.928039000000000142e-02 4.877980000000000076e-04 1.000000000000000000e+00 1.928890000000000118e-02 1.957710000000000006e-02
1.631888025000000075e+00 1.927234099999999839e-02 4.878320000000000009e-04 1.000000000000000000e+00 1.928140000000000062e-02 1.957029999999999881e-02
1.632431986999999918e+00 1.926328999999999889e-02 4.878600000000000081e-04 1.000000000000000000e+00 1.927320000000000075e-02 1.956269999999999884e-02
1.632976130999999942e+00 1.925312599999999888e-02 4.878799999999999977e-04 1.000000000000000000e+00 1.926419999999999869e-02 1.955420000000000075e-02
1.633520456999999926e+00 1.924173300000000045e-02 4.878910000000000083e-04 1.000000000000000000e+00 1.925419999999999909e-02 1.954490000000000047e-02
1.634064962999999926e+00 1.922898899999999842e-02 4.878899999999999925e-04 1.000000000000000000e+00 1.924309999999999909e-02 1.953449999999999978e-02
1.634609651999999969e+00 1.921478700000000053e-02 4.878749999999999732e-04 1.000000000000000000e+00 1.923089999999999869e-02 1.952289999999999928e-02
1.635154522000000110e+00 1.919908199999999926e-02 4.878439999999999730e-04 1.000000000000000000e+00 1.921739999999999907e-02 1.950999999999999956e-02
1.635699572999999907e+00 1.918192900000000034e-02 4.877939999999999989e-04 1.000000000000000000e+00 1.920260000000000022e-02 1.949580000000000063e-02
1.636244806000000107e+00 1.916351700000000144e-02 4.877269999999999739e-04 1.000000000000000000e+00 1.918649999999999869e-02 1.948019999999999960e-02
1.636790221000000045e+00 1.914417499999999939e-02 4.876419999999999908e-04 1.000000000000000000e+00 1.916930000000000023e-02 1.946350000000000163e-02
1.637335817999999943e+00 1.912434400000000145e-02 4.875410000000000269e-04 1.000000000000000000e+00 1.915120000000000017e-02 1.944579999999999920e-02
1.637881597000000022e+00 1.910453999999999972e-02 4.874289999999999981e-04 1.000000000000000000e+00 1.913269999999999901e-02 1.942750000000000032e-02
1.638427556999999979e+00 1.908529800000000054e-02 4.873079999999999903e-04 1.000000000000000000e+00 1.911399999999999905e-02 1.940899999999999917e-02
1.638973699999999978e+00 1.906713599999999842e-02 4.871869999999999825e-04 1.000000000000000000e+00 1.909560000000000077e-02 1.939079999999999970e-02
1.639520024000000076e+00 1.905052200000000029e-02 4.870699999999999834e-04 1.000000000000000000e+00 1.907779999999999893e-02 1.937310000000000074e-02
1.640066530999999994e+00 1.903584900000000052e-02 4.869660000000000264e-04 1.000000000000000000e+00 1.906120000000000037e-02 1.935660000000000158e-02
1.640613220000000094e+00 1.902340300000000123e-02 4.868799999999999734e-04 1.000000000000000000e+00 1.904590000000000102e-02 1.934140000000000165e-02
1.641160090999999932e+00 1.901332000000000022e-02 4.868189999999999887e-04 1.000000000000000000e+00 1.903229999999999852e-02 1.932810000000000084e-02
1.641707143999999952e+00 1.900555300000000142e-02 4.867870000000000270e-04 1.000000000000000000e+00 1.902059999999999862e-02 1.931669999999999915e-02
1.642254380000000014e+00 1.899986099999999983e-02 4.867870000000000270e-04 1.000000000000000000e+00 1.901080000000000131e-02 1.930749999999999827e-02
1.642801798000000035e+00 1.899582400000000143e-02 4.868170000000000114e-04 1.000000000000000000e+00 1.900309999999999847e-02 1.930029999999999940e-02
1.643349399000000099e+00 1.899290500000000090e-02 4.868750000000000031e-04 1.000000000000000000e+00 1.899700000000000000e-02 1.929490000000000025e-02
1.643897181999999901e+00 1.899052600000000063e-02 4.869540000000000001e-04 1.000000000000000000e+00 1.899239999999999956e-02 1.929099999999999912e-02
1.644445147000000107e+00 1.898815800000000151e-02 4.870459999999999850e-04 1.000000000000000000e+00 1.898880000000000012e-02 1.928819999999999840e-02
1.644993295999999994e+00 1.898541399999999907e-02 4.871440000000000102e-04 1.000000000000000000e+00 1.898580000000000059e-02 1.928600000000000106e-02
1.645541627000000062e+00 1.898211899999999869e-02 4.872419999999999811e-04 1.000000000000000000e+00 1.898299999999999987e-02 1.928380000000000025e-02
1.646090140999999951e+00 1.897837200000000030e-02 4.873340000000000202e-04 1.000000000000000000e+00 1.898009999999999975e-02 1.928159999999999943e-02
1.646638838000000105e+00 1.897456499999999879e-02 4.874190000000000033e-04 1.000000000000000000e+00 1.897719999999999962e-02 1.927929999999999922e-02
1.647187716999999996e+00 1.897135100000000088e-02 4.874980000000000003e-04 1.000000000000000000e+00 1.897439999999999891e-02 1.927689999999999959e-02
1.647736780000000012e+00 1.896954799999999927e-02 4.875769999999999974e-04 1.000000000000000000e+00 1.897209999999999869e-02 1.927500000000000047e-02
1.648286024999999988e+00 1.896998500000000171e-02 4.876640000000000120e-04 1.000000000000000000e+00 1.897099999999999828e-02 1.927419999999999828e-02
1.648835454000000089e+00 1.897332399999999974e-02 4.877680000000000232e-04 1.000000000000000000e+00 1.897149999999999878e-02 1.927500000000000047e-02
1.649385066000000011e+00 1.897991699999999893e-02 4.878980000000000101e-04 1.000000000000000000e+00 1.897420000000000009e-02 1.927800000000000000e-02
1.649934860999999975e+00 1.898972300000000002e-02 4.880609999999999745e-04 1.000000000000000000e+00 1.897949999999999984e-02 1.928360000000000143e-02
1.650484838999999981e+00 1.900232699999999941e-02 4.882609999999999793e-04 1.000000000000000000e+00 1.898740000000000150e-02 1.929190000000000071e-02
1.651035000999999891e+00 1.901704699999999873e-02 4.884960000000000474e-04 1.000000000000000000e+00 1.899769999999999931e-02 1.930279999999999843e-02
1.651585346000000065e+00 1.903309499999999987e-02 4.887640000000000387e-04 1.000000000000000000e+00 1.901020000000000140e-02 1.931580000000000102e-02
1.652135874000000060e+00 1.904974499999999987e-02 4.890559999999999742e-04 1.000000000000000000e+00 1.902409999999999865e-02 1.933050000000000046e-02
1.652686585999999958e+00 1.906645800000000140e-02 4.893659999999999764e-04 1.000000000000000000e+00 1.903909999999999977e-02 1.934639999999999971e-02
1.653237481999999980e+00 1.908293600000000173e-02 4.896860000000000275e-04 1.000000000000000000e+00 1.905470000000000080e-02 1.936279999999999946e-02
1.653788561000000046e+00 1.909909400000000049e-02 4.900110000000000490e-04 1.000000000000000000e+00 1.907050000000000065e-02 1.937960000000000030e-02
1.654339824000000014e+00 1.911496999999999849e-02 4.903359999999999620e-04 1.000000000000000000e+00 1.908649999999999930e-02 1.939650000000000055e-02
1.654891270000000025e+00 1.913062999999999916e-02 4.906599999999999677e-04 1.000000000000000000e+00 1.910239999999999855e-02 1.941330000000000139e-02
1.655442901000000022e+00 1.914606300000000136e-02 4.909810000000000346e-04 1.000000000000000000e+00 1.911840000000000067e-02 1.943009999999999876e-02
1.655994715000000062e+00 1.916110500000000119e-02 4.912970000000000228e-04 1.000000000000000000e+00 1.913429999999999992e-02 1.944680000000000020e-02
1.656546713000000004e+00 1.917539899999999922e-02 4.916039999999999776e-04 1.000000000000000000e+00 1.915000000000000036e-02 1.946319999999999995e-02
1.657098895000000072e+00 1.918837600000000004e-02 4.918980000000000531e-04 1.000000000000000000e+00 1.916500000000000148e-02 1.947880000000000097e-02
1.657651261999999903e+00 1.919923700000000094e-02 4.921720000000000305e-04 1.000000000000000000e+00 1.917889999999999873e-02 1.949319999999999872e-02
1.658203811999999999e+00 1.920693000000000053e-02 4.924190000000000164e-04 1.000000000000000000e+00 1.919080000000000091e-02 1.950549999999999853e-02
1.658756547000000081e+00 1.921011900000000119e-02 4.926279999999999461e-04 1.000000000000000000e+00 1.919960000000000069e-02 1.951469999999999941e-02
1.659309466000000066e+00 1.920714899999999975e-02 4.927860000000000486e-04 1.000000000000000000e+00 1.920420000000000113e-02 1.951970000000000094e-02
1.659862568999999954e+00 1.919606700000000069e-02 4.928769999999999636e-04 1.000000000000000000e+00 1.920289999999999844e-02 1.951879999999999935e-02
1.660415855999999968e+00 1.917479199999999953e-02 4.928829999999999496e-04 1.000000000000000000e+00 1.919399999999999926e-02 1.951030000000000125e-02
1.660969327999999967e+00 1.914149100000000006e-02 4.927819999999999857e-04 1.000000000000000000e+00 1.917570000000000038e-02 1.949240000000000000e-02
1.661522984999999952e+00 1.909521700000000113e-02 4.925560000000000051e-04 1.000000000000000000e+00 1.914650000000000032e-02 1.946370000000000045e-02
1.662076826000000063e+00 1.903669300000000036e-02 4.921940000000000516e-04 1.000000000000000000e+00 1.910560000000000036e-02 1.942320000000000157e-02
1.662630851000000076e+00 1.896901900000000016e-02 4.916980000000000482e-04 1.000000000000000000e+00 1.905360000000000040e-02 1.937149999999999983e-02
1.663185061999999936e+00 1.889794900000000069e-02 4.910960000000000021e-04 1.000000000000000000e+00 1.899309999999999887e-02 1.931120000000000059e-02
1.663739456999999922e+00 1.883144600000000168e-02 4.904399999999999732e-04 1.000000000000000000e+00 1.892860000000000029e-02 1.924669999999999853e-02
1.664294036000000032e+00 1.877840199999999959e-02 4.898079999999999969e-04 1.000000000000000000e+00 1.886650000000000132e-02 1.918469999999999898e-02
1.664848800999999989e+00 1.874675500000000036e-02 4.892899999999999723e-04 1.000000000000000000e+00 1.881429999999999908e-02 1.913250000000000020e-02
1.665403750999999932e+00 1.874153099999999877e-02 4.889729999999999684e-04 1.000000000000000000e+00 1.877869999999999887e-02 1.909709999999999880e-02
1.665958885000000000e+00 1.876348400000000041e-02 4.889189999999999856e-04 1.000000000000000000e+00 1.876459999999999934e-02 1.908349999999999977e-02
1.666514204999999915e+00 1.880883100000000155e-02 4.891529999999999836e-04 1.000000000000000000e+00 1.877389999999999962e-02 1.909330000000000055e-02
1.667069710000000038e+00 1.887020699999999995e-02 4.896539999999999573e-04 1.000000000000000000e+00 1.880449999999999830e-02 1.912490000000000023e-02
1.667625399999999924e+00 1.893850600000000078e-02 4.903620000000000461e-04 1.000000000000000000e+00 1.885169999999999901e-02 1.917330000000000076e-02
1.668181275000000019e+00 1.900496999999999950e-02 4.911919999999999958e-04 1.000000000000000000e+00 1.890850000000000170e-02 1.923149999999999860e-02
1.668737335000000099e+00 1.906286499999999828e-02 4.920550000000000314e-04 1.000000000000000000e+00 1.896770000000000053e-02 1.929219999999999893e-02
1.669293581000000026e+00 1.910833099999999923e-02 4.928709999999999775e-04 1.000000000000000000e+00 1.902320000000000053e-02 1.934910000000000102e-02
1.669850011999999939e+00 1.914034499999999958e-02 4.935869999999999754e-04 1.000000000000000000e+00 1.907040000000000124e-02 1.939770000000000036e-02
1.670406628999999921e+00 1.916004600000000002e-02 4.941729999999999864e-04 1.000000000000000000e+00 1.910720000000000127e-02 1.943570000000000020e-02
1.670963431000000110e+00 1.916979900000000125e-02 4.946279999999999948e-04 1.000000000000000000e+00 1.913329999999999892e-02 1.946290000000000173e-02
1.671520418999999924e+00 1.917233900000000005e-02 4.949629999999999568e-04 1.000000000000000000e+00 1.914980000000000154e-02 1.948029999999999901e-02
1.672077591999999946e+00 1.917019000000000015e-02 4.952020000000000336e-04 1.000000000000000000e+00 1.915829999999999964e-02 1.948969999999999869e-02
1.672634951000000036e+00 1.916537299999999944e-02 4.953689999999999526e-04 1.000000000000000000e+00 1.916110000000000035e-02 1.949330000000000160e-02
1.673192495999999974e+00 1.915934700000000018e-02 4.954869999999999674e-04 1.000000000000000000e+00 1.915990000000000054e-02 1.949280000000000110e-02
1.673750226999999979e+00 1.915306599999999984e-02 4.955769999999999750e-04 1.000000000000000000e+00 1.915640000000000051e-02 1.949000000000000038e-02
1.674308144000000054e+00 1.914710999999999844e-02 4.956500000000000402e-04 1.000000000000000000e+00 1.915170000000000067e-02 1.948590000000000044e-02
1.674866246999999975e+00 1.914179900000000101e-02 4.957170000000000109e-04 1.000000000000000000e+00 1.914669999999999914e-02 1.948149999999999882e-02
1.675424535000000104e+00 1.913729600000000156e-02 4.957849999999999974e-04 1.000000000000000000e+00 1.914189999999999989e-02 1.947720000000000007e-02
1.675983009999999940e+00 1.913365499999999941e-02 4.958570000000000469e-04 1.000000000000000000e+00 1.913750000000000173e-02 1.947339999999999835e-02
1.676541671000000067e+00 1.913082400000000113e-02 4.959359999999999897e-04 1.000000000000000000e+00 1.913370000000000001e-02 1.947010000000000060e-02
1.677100518999999901e+00 1.912861299999999917e-02 4.960229999999999501e-04 1.000000000000000000e+00 1.913039999999999879e-02 1.946739999999999929e-02
1.677659551999999943e+00 1.912668799999999933e-02 4.961180000000000364e-04 1.000000000000000000e+00 1.912760000000000155e-02 1.946530000000000135e-02
1.678218771999999914e+00 1.912459899999999907e-02 4.962190000000000004e-04 1.000000000000000000e+00 1.912509999999999905e-02 1.946339999999999876e-02
1.678778177999999954e+00 1.912189400000000039e-02 4.963209999999999801e-04 1.000000000000000000e+00 1.912250000000000061e-02 1.946149999999999963e-02
1.679337770999999924e+00 1.911826200000000045e-02 4.964190000000000052e-04 1.000000000000000000e+00 1.911969999999999989e-02 1.945940000000000170e-02
1.679897549999999962e+00 1.911366299999999949e-02 4.965090000000000128e-04 1.000000000000000000e+00 1.911639999999999867e-02 1.945670000000000038e-02
1.680457515999999929e+00 1.910838299999999962e-02 4.965879999999999557e-04 1.000000000000000000e+00 1.911250000000000102e-02 1.945339999999999916e-02
1.681017667999999965e+00 1.910299600000000056e-02 4.966569999999999579e-04 1.000000000000000000e+00 1.910830000000000167e-02 1.944970000000000032e-02
1.681578008000000013e+00 1.909822699999999887e-02 4.967180000000000510e-04 1.000000000000000000e+00 1.910409999999999886e-02 1.944589999999999860e-02
1.682138533999999908e+00 1.909477500000000133e-02 4.967780000000000199e-04 1.000000000000000000e+00 1.910040000000000002e-02 1.944239999999999857e-02
1.682699246999999954e+00 1.909312499999999899e-02 4.968439999999999749e-04 1.000000000000000000e+00 1.909759999999999930e-02 1.943980000000000014e-02
1.683260146000000068e+00 1.909342600000000015e-02 4.969209999999999947e-04 1.000000000000000000e+00 1.909610000000000127e-02 1.943850000000000092e-02
1.683821232999999973e+00 1.909544499999999909e-02 4.970130000000000338e-04 1.000000000000000000e+00 1.909610000000000127e-02 1.943869999999999973e-02
1.684382507000000029e+00 1.909861900000000071e-02 4.971209999999999995e-04 1.000000000000000000e+00 1.909740000000000049e-02 1.944009999999999835e-02
1.684943968000000014e+00 1.910219299999999995e-02 4.972410000000000458e-04 1.000000000000000000e+00 1.909970000000000070e-02 1.944260000000000085e-02
1.685505615999999929e+00 1.910538000000000167e-02 4.973690000000000012e-04 1.000000000000000000e+00 1.910239999999999855e-02 1.944550000000000098e-02
1.686067450999999995e+00 1.910751700000000095e-02 4.974969999999999566e-04 1.000000000000000000e+00 1.910490000000000105e-02 1.944830000000000170e-02
1.686629472999999990e+00 1.910817500000000155e-02 4.976200000000000501e-04 1.000000000000000000e+00 1.910660000000000136e-02 1.945039999999999963e-02
1.687191682999999998e+00 1.910721300000000136e-02 4.977329999999999862e-04 1.000000000000000000e+00 1.910720000000000127e-02 1.945130000000000123e-02
1.687754079999999934e+00 1.910479400000000133e-02 4.978320000000000271e-04 1.000000000000000000e+00 1.910649999999999848e-02 1.945099999999999954e-02
1.688316665000000105e+00 1.910137400000000082e-02 4.979189999999999875e-04 1.000000000000000000e+00 1.910459999999999936e-02 1.944950000000000151e-02
1.688879436999999983e+00 1.909763000000000085e-02 4.979960000000000072e-04 1.000000000000000000e+00 1.910179999999999864e-02 1.944720000000000129e-02
1.689442397000000096e+00 1.909434299999999973e-02 4.980670000000000409e-04 1.000000000000000000e+00 1.909879999999999911e-02 1.944449999999999998e-02
1.690005544999999998e+00 1.909222500000000086e-02 4.981399999999999977e-04 1.000000000000000000e+00 1.909620000000000067e-02 1.944219999999999976e-02
1.690568880000000052e+00 1.909173899999999993e-02 4.982199999999999563e-04 1.000000000000000000e+00 1.909450000000000036e-02 1.944070000000000173e-02
1.691132402999999895e+00 1.909297100000000025e-02 4.983099999999999639e-04 1.000000000000000000e+00 1.909409999999999927e-02 1.944059999999999885e-02
1.691696112999999890e+00 1.909561400000000034e-02 4.984129999999999594e-04 1.000000000000000000e+00 1.909529999999999908e-02 1.944190000000000154e-02
1.692260011999999980e+00 1.909906499999999840e-02 4.985249999999999881e-04 1.000000000000000000e+00 1.909780000000000158e-02 1.944440000000000057e-02
1.692824099000000082e+00 1.910260600000000114e-02 4.986430000000000029e-04 1.000000000000000000e+00 1.910109999999999933e-02 1.944769999999999832e-02
1.693388373999999974e+00 1.910560500000000120e-02 4.987589999999999862e-04 1.000000000000000000e+00 1.910469999999999877e-02 1.945119999999999835e-02
1.693952836000000017e+00 1.910766399999999990e-02 4.988669999999999520e-04 1.000000000000000000e+00 1.910809999999999939e-02 1.945440000000000016e-02
1.694517486999999933e+00 1.910868300000000131e-02 4.989630000000000540e-04 1.000000000000000000e+00 1.911080000000000070e-02 1.945679999999999979e-02
1.695082326000000084e+00 1.910882599999999890e-02 4.990459999999999514e-04 1.000000000000000000e+00 1.911250000000000102e-02 1.945830000000000129e-02
1.695647354000000107e+00 1.910840600000000139e-02 4.991180000000000009e-04 1.000000000000000000e+00 1.911320000000000033e-02 1.945869999999999891e-02
1.696212569999999920e+00 1.910774200000000048e-02 4.991830000000000486e-04 1.000000000000000000e+00 1.911310000000000092e-02 1.945840000000000070e-02
1.696777973999999967e+00 1.910702699999999865e-02 4.992479999999999878e-04 1.000000000000000000e+00 1.911229999999999873e-02 1.945739999999999970e-02
1.697343567000000109e+00 1.910626299999999833e-02 4.993149999999999585e-04 1.000000000000000000e+00 1.911090000000000011e-02 1.945610000000000048e-02
1.697909348000000040e+00 1.910528800000000152e-02 4.993870000000000080e-04 1.000000000000000000e+00 1.910929999999999920e-02 1.945459999999999898e-02
1.698475316999999984e+00 1.910385800000000134e-02 4.994650000000000435e-04 1.000000000000000000e+00 1.910730000000000067e-02 1.945300000000000154e-02
1.699041476000000106e+00 1.910176599999999919e-02 4.995450000000000021e-04 1.000000000000000000e+00 1.910509999999999986e-02 1.945109999999999895e-02
1.699607823000000018e+00 1.909891799999999945e-02 4.996249999999999606e-04 1.000000000000000000e+00 1.910260000000000083e-02 1.944890000000000160e-02
1.700174359000000024e+00 1.909533899999999937e-02 4.996999999999999489e-04 1.000000000000000000e+00 1.909980000000000011e-02 1.944649999999999851e-02
1.700741083999999903e+00 1.909110799999999900e-02 4.997670000000000281e-04 1.000000000000000000e+00 1.909670000000000117e-02 1.944370000000000126e-02
1.701307998000000099e+00 1.908626100000000020e-02 4.998249999999999655e-04 1.000000000000000000e+00 1.909330000000000055e-02 1.944040000000000004e-02
1.701875100000000085e+00 1.908071600000000104e-02 4.998690000000000078e-04 1.000000000000000000e+00 1.908960000000000171e-02 1.943670000000000120e-02
1.702442392000000027e+00 1.907426900000000133e-02 4.998980000000000307e-04 1.000000000000000000e+00 1.908529999999999949e-02 1.943229999999999957e-02
1.703009873000000063e+00 1.906667000000000084e-02 4.999079999999999713e-04 1.000000000000000000e+00 1.908019999999999855e-02 1.942699999999999982e-02
1.703577542999999972e+00 1.905778299999999828e-02 4.998980000000000307e-04 1.000000000000000000e+00 1.907410000000000008e-02 1.942050000000000026e-02
1.704145401999999976e+00 1.904776700000000017e-02 4.998659999999999605e-04 1.000000000000000000e+00 1.906659999999999952e-02 1.941259999999999861e-02
1.704713450000000075e+00 1.903722100000000000e-02 4.998160000000000406e-04 1.000000000000000000e+00 1.905799999999999855e-02 1.940350000000000061e-02
1.705281687999999907e+00 1.902724700000000060e-02 4.997549999999999475e-04 1.000000000000000000e+00 1.904859999999999887e-02 1.939369999999999983e-02
1.705850115000000056e+00 1.901935299999999926e-02 4.996970000000000101e-04 1.000000000000000000e+00 1.903940000000000146e-02 1.938399999999999845e-02
1.706418731999999938e+00 1.901520699999999925e-02 4.996570000000000308e-04 1.000000000000000000e+00 1.903169999999999862e-02 1.937579999999999858e-02
1.706987537999999915e+00 1.901626600000000042e-02 4.996539999999999836e-04 1.000000000000000000e+00 1.902689999999999937e-02 1.937070000000000111e-02
1.707556534000000070e+00 1.902337299999999967e-02 4.997050000000000276e-04 1.000000000000000000e+00 1.902639999999999887e-02 1.936989999999999892e-02
1.708125719999999959e+00 1.903644300000000011e-02 4.998189999999999794e-04 1.000000000000000000e+00 1.903109999999999871e-02 1.937430000000000055e-02
1.708695094999999942e+00 1.905434799999999873e-02 4.999989999999999947e-04 1.000000000000000000e+00 1.904120000000000118e-02 1.938410000000000133e-02
1.709264660000000102e+00 1.907508600000000151e-02 5.002340000000000085e-04 1.000000000000000000e+00 1.905590000000000062e-02 1.939870000000000136e-02
1.709834414999999996e+00 1.909620199999999962e-02 5.005059999999999544e-04 1.000000000000000000e+00 1.907390000000000127e-02 1.941649999999999973e-02
1.710404360000000068e+00 1.911537400000000095e-02 5.007899999999999808e-04 1.000000000000000000e+00 1.909330000000000055e-02 1.943560000000000079e-02
1.710974494000000012e+00 1.913097399999999851e-02 5.010610000000000194e-04 1.000000000000000000e+00 1.911190000000000111e-02 1.945389999999999966e-02
1.711544818999999995e+00 1.914246299999999845e-02 5.013010000000000035e-04 1.000000000000000000e+00 1.912830000000000086e-02 1.946989999999999832e-02
1.712115333999999933e+00 1.915045799999999868e-02 5.014989999999999769e-04 1.000000000000000000e+00 1.914160000000000167e-02 1.948269999999999863e-02
1.712686039000000049e+00 1.915647200000000078e-02 5.016579999999999867e-04 1.000000000000000000e+00 1.915180000000000007e-02 1.949240000000000000e-02
1.713256934999999981e+00 1.916238600000000000e-02 5.017920000000000366e-04 1.000000000000000000e+00 1.915990000000000054e-02 1.949999999999999997e-02
1.713828020000000008e+00 1.916981200000000135e-02 5.019170000000000532e-04 1.000000000000000000e+00 1.916719999999999882e-02 1.950669999999999835e-02
1.714399296000000072e+00 1.917952800000000124e-02 5.020520000000000104e-04 1.000000000000000000e+00 1.917479999999999879e-02 1.951390000000000069e-02
1.714970762999999954e+00 1.919114499999999973e-02 5.022079999999999730e-04 1.000000000000000000e+00 1.918359999999999857e-02 1.952239999999999878e-02
1.715542420000000012e+00 1.920309799999999831e-02 5.023830000000000179e-04 1.000000000000000000e+00 1.919360000000000163e-02 1.953210000000000016e-02
1.716114267000000027e+00 1.921294999999999947e-02 5.025669999999999877e-04 1.000000000000000000e+00 1.920370000000000063e-02 1.954209999999999975e-02
1.716686305000000079e+00 1.921794900000000153e-02 5.027369999999999539e-04 1.000000000000000000e+00 1.921209999999999932e-02 1.955049999999999844e-02
1.717258533999999948e+00 1.921569299999999897e-02 5.028660000000000335e-04 1.000000000000000000e+00 1.921679999999999916e-02 1.955509999999999887e-02
1.717830952999999994e+00 1.920475799999999886e-02 5.029299999999999569e-04 1.000000000000000000e+00 1.921549999999999994e-02 1.955389999999999906e-02
1.718403563999999939e+00 1.918510899999999880e-02 5.029109999999999830e-04 1.000000000000000000e+00 1.920710000000000126e-02 1.954540000000000097e-02
1.718976365000000062e+00 1.915820999999999844e-02 5.028040000000000330e-04 1.000000000000000000e+00 1.919099999999999973e-02 1.952929999999999944e-02
1.719549357000000001e+00 1.912679800000000041e-02 5.026180000000000318e-04 1.000000000000000000e+00 1.916829999999999923e-02 1.950649999999999953e-02
1.720122539999999978e+00 1.909437500000000024e-02 5.023760000000000161e-04 1.000000000000000000e+00 1.914089999999999889e-02 1.947899999999999979e-02
1.720695913999999993e+00 1.906455799999999881e-02 5.021099999999999479e-04 1.000000000000000000e+00 1.911169999999999883e-02 1.944970000000000032e-02
1.721269479999999907e+00 1.904049500000000103e-02 5.018559999999999601e-04 1.000000000000000000e+00 1.908380000000000146e-02 1.942160000000000067e-02
1.721843235999999999e+00 1.902438999999999866e-02 5.016480000000000461e-04 1.000000000000000000e+00 1.905990000000000115e-02 1.939760000000000095e-02
1.722417183999999990e+00 1.901729300000000109e-02 5.015129999999999805e-04 1.000000000000000000e+00 1.904240000000000099e-02 1.937979999999999911e-02
1.722991323000000019e+00 1.901907599999999934e-02 5.014670000000000152e-04 1.000000000000000000e+00 1.903229999999999852e-02 1.936960000000000071e-02
1.723565653000000086e+00 1.902856799999999918e-02 5.015160000000000277e-04 1.000000000000000000e+00 1.903010000000000118e-02 1.936730000000000049e-02
1.724140175000000053e+00 1.904377700000000131e-02 5.016530000000000164e-04 1.000000000000000000e+00 1.903499999999999984e-02 1.937219999999999914e-02
1.724714888999999918e+00 1.906217500000000065e-02 5.018629999999999619e-04 1.000000000000000000e+00 1.904559999999999934e-02 1.938300000000000092e-02
1.725289794000000043e+00 1.908102000000000062e-02 5.021239999999999514e-04 1.000000000000000000e+00 1.905990000000000115e-02 1.939750000000000155e-02
1.725864889999999985e+00 1.909768599999999913e-02 5.024059999999999464e-04 1.000000000000000000e+00 1.907570000000000099e-02 1.941359999999999961e-02
1.726440178999999908e+00 1.910995899999999928e-02 5.026819999999999553e-04 1.000000000000000000e+00 1.909049999999999983e-02 1.942879999999999954e-02
1.727015659000000092e+00 1.911628400000000075e-02 5.029260000000000024e-04 1.000000000000000000e+00 1.910250000000000142e-02 1.944109999999999935e-02
1.727591330999999952e+00 1.911593500000000057e-02 5.031159999999999582e-04 1.000000000000000000e+00 1.910989999999999911e-02 1.944900000000000101e-02
1.728167194000000073e+00 1.910912999999999848e-02 5.032390000000000517e-04 1.000000000000000000e+00 1.911209999999999992e-02 1.945140000000000063e-02
1.728743249999999954e+00 1.909706200000000145e-02 5.032899999999999874e-04 1.000000000000000000e+00 1.910879999999999870e-02 1.944819999999999882e-02
1.729319497999999955e+00 1.908180199999999840e-02 5.032759999999999838e-04 1.000000000000000000e+00 1.910080000000000111e-02 1.944009999999999835e-02
1.729895938000000077e+00 1.906601299999999971e-02 5.032149999999999991e-04 1.000000000000000000e+00 1.908939999999999942e-02 1.942860000000000073e-02
1.730472570000000099e+00 1.905245900000000076e-02 5.031319999999999933e-04 1.000000000000000000e+00 1.907669999999999852e-02 1.941560000000000161e-02
1.731049394000000019e+00 1.904334800000000161e-02 5.030570000000000050e-04 1.000000000000000000e+00 1.906479999999999980e-02 1.940340000000000120e-02
1.731626410000000060e+00 1.903977100000000047e-02 5.030160000000000100e-04 1.000000000000000000e+00 1.905549999999999952e-02 1.939389999999999864e-02
1.732203619000000083e+00 1.904143800000000081e-02 5.030269999999999663e-04 1.000000000000000000e+00 1.905000000000000096e-02 1.938830000000000067e-02
1.732781020000000005e+00 1.904686200000000121e-02 5.030949999999999528e-04 1.000000000000000000e+00 1.904849999999999946e-02 1.938689999999999858e-02
1.733358613999999909e+00 1.905397299999999836e-02 5.032129999999999676e-04 1.000000000000000000e+00 1.905029999999999918e-02 1.938890000000000058e-02
1.733936399999999933e+00 1.906083600000000114e-02 5.033659999999999914e-04 1.000000000000000000e+00 1.905400000000000149e-02 1.939309999999999992e-02
1.734514378999999940e+00 1.906620200000000084e-02 5.035359999999999576e-04 1.000000000000000000e+00 1.905839999999999965e-02 1.939799999999999858e-02
1.735092550000000067e+00 1.906961299999999915e-02 5.037060000000000322e-04 1.000000000000000000e+00 1.906249999999999958e-02 1.940269999999999842e-02
1.735670915000000036e+00 1.907112600000000074e-02 5.038679999999999808e-04 1.000000000000000000e+00 1.906559999999999852e-02 1.940640000000000073e-02
1.736249471999999905e+00 1.907084399999999999e-02 5.040140000000000028e-04 1.000000000000000000e+00 1.906750000000000111e-02 1.940899999999999917e-02
1.736828220999999894e+00 1.906858599999999848e-02 5.041410000000000509e-04 1.000000000000000000e+00 1.906800000000000161e-02 1.941009999999999958e-02
1.737407163999999948e+00 1.906391600000000019e-02 5.042430000000000306e-04 1.000000000000000000e+00 1.906690000000000121e-02 1.940949999999999967e-02
1.737986299999999984e+00 1.905646999999999897e-02 5.043139999999999559e-04 1.000000000000000000e+00 1.906369999999999940e-02 1.940669999999999895e-02
1.738565629000000001e+00 1.904633299999999863e-02 5.043489999999999649e-04 1.000000000000000000e+00 1.905799999999999855e-02 1.940139999999999920e-02
1.739145149999999918e+00 1.903418999999999944e-02 5.043499999999999806e-04 1.000000000000000000e+00 1.904979999999999868e-02 1.939350000000000102e-02
1.739724865999999981e+00 1.902106400000000072e-02 5.043229999999999892e-04 1.000000000000000000e+00 1.903950000000000087e-02 1.938339999999999855e-02
1.740304773999999943e+00 1.900777000000000022e-02 5.042799999999999627e-04 1.000000000000000000e+00 1.902759999999999868e-02 1.937169999999999864e-02
1.740884875000000109e+00 1.899431000000000036e-02 5.042290000000000270e-04 1.000000000000000000e+00 1.901490000000000125e-02 1.935920000000000002e-02
1.741465169999999896e+00 1.897962499999999997e-02 5.041709999999999811e-04 1.000000000000000000e+00 1.900140000000000162e-02 1.934599999999999861e-02
1.742045658999999969e+00 1.896191100000000143e-02 5.040980000000000244e-04 1.000000000000000000e+00 1.898669999999999872e-02 1.933160000000000087e-02
1.742626341000000023e+00 1.893946700000000150e-02 5.039909999999999659e-04 1.000000000000000000e+00 1.896959999999999966e-02 1.931470000000000062e-02
1.743207216000000059e+00 1.891178699999999935e-02 5.038329999999999718e-04 1.000000000000000000e+00 1.894900000000000057e-02 1.929410000000000153e-02
1.743788284999999938e+00 1.888043699999999991e-02 5.036170000000000403e-04 1.000000000000000000e+00 1.892459999999999976e-02 1.926960000000000131e-02
1.744369548000000103e+00 1.884925200000000037e-02 5.033540000000000193e-04 1.000000000000000000e+00 1.889729999999999882e-02 1.924199999999999869e-02
1.744951004000000028e+00 1.882364499999999996e-02 5.030809999999999492e-04 1.000000000000000000e+00 1.886979999999999907e-02 1.921420000000000072e-02
1.745532655000000100e+00 1.880917299999999848e-02 5.028499999999999984e-04 1.000000000000000000e+00 1.884620000000000045e-02 1.919010000000000160e-02
1.746114498999999931e+00 1.880980299999999994e-02 5.027210000000000272e-04 1.000000000000000000e+00 1.883059999999999942e-02 1.917419999999999888e-02
1.746696537000000049e+00 1.882651600000000147e-02 5.027410000000000169e-04 1.000000000000000000e+00 1.882669999999999830e-02 1.917009999999999895e-02
1.747278769000000009e+00 1.885683599999999835e-02 5.029340000000000199e-04 1.000000000000000000e+00 1.883570000000000036e-02 1.917929999999999982e-02
1.747861195999999895e+00 1.889547499999999838e-02 5.032860000000000328e-04 1.000000000000000000e+00 1.885679999999999995e-02 1.920060000000000169e-02
1.748443815999999984e+00 1.893583100000000019e-02 5.037550000000000448e-04 1.000000000000000000e+00 1.888640000000000110e-02 1.923079999999999928e-02
1.749026630999999998e+00 1.897172800000000020e-02 5.042780000000000396e-04 1.000000000000000000e+00 1.891970000000000110e-02 1.926490000000000147e-02
1.749609638999999994e+00 1.899872099999999966e-02 5.047909999999999854e-04 1.000000000000000000e+00 1.895190000000000069e-02 1.929789999999999978e-02
1.750192842999999998e+00 1.901457499999999884e-02 5.052379999999999762e-04 1.000000000000000000e+00 1.897880000000000053e-02 1.932539999999999952e-02
1.750776239999999984e+00 1.901892900000000039e-02 5.055819999999999715e-04 1.000000000000000000e+00 1.899759999999999990e-02 1.934479999999999880e-02
1.751359831999999894e+00 1.901261300000000112e-02 5.058029999999999818e-04 1.000000000000000000e+00 1.900709999999999900e-02 1.935469999999999899e-02
1.751943618999999952e+00 1.899709999999999940e-02 5.058970000000000524e-04 1.000000000000000000e+00 1.900730000000000128e-02 1.935500000000000068e-02
1.752527600000000074e+00 1.897438499999999986e-02 5.058690000000000452e-04 1.000000000000000000e+00 1.899879999999999972e-02 1.934630000000000030e-02
1.753111775999999900e+00 1.894724799999999987e-02 5.057370000000000268e-04 1.000000000000000000e+00 1.898299999999999987e-02 1.933019999999999877e-02
1.753696147000000094e+00 1.891949000000000061e-02 5.055300000000000201e-04 1.000000000000000000e+00 1.896209999999999909e-02 1.930870000000000156e-02
1.754280711999999909e+00 1.889576000000000103e-02 5.052890000000000202e-04 1.000000000000000000e+00 1.893910000000000038e-02 1.928509999999999946e-02
1.754865472000000093e+00 1.888079599999999830e-02 5.050700000000000415e-04 1.000000000000000000e+00 1.891790000000000138e-02 1.926320000000000116e-02
1.755450426999999980e+00 1.887813199999999886e-02 5.049289999999999898e-04 1.000000000000000000e+00 1.890220000000000095e-02 1.924719999999999903e-02
1.756035578000000097e+00 1.888888400000000162e-02 5.049120000000000474e-04 1.000000000000000000e+00 1.889539999999999970e-02 1.924019999999999897e-02
1.756620923000000056e+00 1.891102000000000061e-02 5.050430000000000500e-04 1.000000000000000000e+00 1.889909999999999854e-02 1.924410000000000009e-02
1.757206462999999941e+00 1.893953300000000145e-02 5.053129999999999645e-04 1.000000000000000000e+00 1.891260000000000163e-02 1.925810000000000022e-02
1.757792199000000055e+00 1.896747500000000100e-02 5.056779999999999652e-04 1.000000000000000000e+00 1.893270000000000022e-02 1.927890000000000159e-02
1.758378129000000012e+00 1.898754899999999940e-02 5.060690000000000500e-04 1.000000000000000000e+00 1.895470000000000141e-02 1.930170000000000149e-02
1.758964254999999977e+00 1.899363899999999966e-02 5.064060000000000436e-04 1.000000000000000000e+00 1.897259999999999919e-02 1.932029999999999859e-02
1.759550576999999949e+00 1.898187000000000138e-02 5.066130000000000503e-04 1.000000000000000000e+00 1.898110000000000075e-02 1.932930000000000065e-02
1.760137094000000069e+00 1.895087499999999897e-02 5.066330000000000399e-04 1.000000000000000000e+00 1.897590000000000041e-02 1.932419999999999971e-02
1.760723805999999891e+00 1.890152700000000130e-02 5.064340000000000508e-04 1.000000000000000000e+00 1.895449999999999913e-02 1.930250000000000021e-02
1.761310713999999944e+00 1.883647499999999836e-02 5.060120000000000199e-04 1.000000000000000000e+00 1.891630000000000048e-02 1.926370000000000166e-02
1.761897816999999922e+00 1.875990400000000086e-02 5.053850000000000139e-04 1.000000000000000000e+00 1.886269999999999961e-02 1.920900000000000038e-02
1.762485116999999990e+00 1.867759899999999959e-02 5.045950000000000435e-04 1.000000000000000000e+00 1.879650000000000071e-02 1.914160000000000167e-02
1.763072611999999983e+00 1.859709199999999910e-02 5.037089999999999710e-04 1.000000000000000000e+00 1.872269999999999837e-02 1.906650000000000011e-02
1.763660302999999985e+00 1.852731200000000064e-02 5.028110000000000348e-04 1.000000000000000000e+00 1.864779999999999910e-02 1.899030000000000162e-02
1.764248188999999911e+00 1.847741099999999914e-02 5.020019999999999821e-04 1.000000000000000000e+00 1.857989999999999989e-02 1.892119999999999913e-02
1.764836271999999928e+00 1.845482799999999951e-02 5.013899999999999954e-04 1.000000000000000000e+00 1.852689999999999892e-02 1.886730000000000004e-02
1.765424550999999953e+00 1.846310599999999996e-02 5.010620000000000351e-04 1.000000000000000000e+00 1.849599999999999855e-02 1.883579999999999977e-02
1.766013025999999986e+00 1.850049100000000085e-02 5.010709999999999600e-04 1.000000000000000000e+00 1.849100000000000049e-02 1.883069999999999883e-02
1.766601697000000026e+00 1.855994799999999972e-02 5.014169999999999868e-04 1.000000000000000000e+00 1.851179999999999840e-02 1.885190000000000130e-02
1.767190564000000075e+00 1.863076400000000105e-02 5.020429999999999771e-04 1.000000000000000000e+00 1.855400000000000105e-02 1.889479999999999979e-02
1.767779627999999992e+00 1.870116900000000013e-02 5.028479999999999669e-04 1.000000000000000000e+00 1.860979999999999926e-02 1.895149999999999960e-02
1.768368887000000056e+00 1.876085400000000042e-02 5.037120000000000182e-04 1.000000000000000000e+00 1.866999999999999910e-02 1.901279999999999984e-02
1.768958344000000071e+00 1.880263500000000157e-02 5.045159999999999922e-04 1.000000000000000000e+00 1.872559999999999850e-02 1.906940000000000024e-02
1.769547996000000012e+00 1.882279900000000117e-02 5.051670000000000509e-04 1.000000000000000000e+00 1.876939999999999859e-02 1.911389999999999964e-02
1.770137845999999904e+00 1.882053100000000145e-02 5.055990000000000224e-04 1.000000000000000000e+00 1.879660000000000011e-02 1.914160000000000167e-02
1.770727892000000026e+00 1.879692599999999852e-02 5.057800000000000533e-04 1.000000000000000000e+00 1.880479999999999999e-02 1.914990000000000095e-02
1.771318133999999933e+00 1.875433300000000150e-02 5.057040000000000493e-04 1.000000000000000000e+00 1.879350000000000118e-02 1.913830000000000045e-02
1.771908574000000014e+00 1.869609699999999833e-02 5.053829999999999824e-04 1.000000000000000000e+00 1.876359999999999834e-02 1.910769999999999830e-02
1.772499210000000103e+00 1.862651800000000163e-02 5.048490000000000312e-04 1.000000000000000000e+00 1.871739999999999862e-02 1.906060000000000046e-02
1.773090043000000060e+00 1.855062199999999925e-02 5.041480000000000527e-04 1.000000000000000000e+00 1.865839999999999860e-02 1.900040000000000062e-02
1.773681073000000108e+00 1.847359599999999838e-02 5.033369999999999685e-04 1.000000000000000000e+00 1.859080000000000107e-02 1.893150000000000041e-02
1.774272300000000024e+00 1.839984500000000148e-02 5.024759999999999643e-04 1.000000000000000000e+00 1.851910000000000014e-02 1.885859999999999967e-02
1.774863724000000031e+00 1.833225800000000058e-02 5.016219999999999620e-04 1.000000000000000000e+00 1.844749999999999862e-02 1.878590000000000121e-02
1.775455344999999907e+00 1.827190199999999959e-02 5.008159999999999565e-04 1.000000000000000000e+00 1.837919999999999832e-02 1.871650000000000050e-02
1.776047163999999956e+00 1.821840500000000002e-02 5.000820000000000005e-04 1.000000000000000000e+00 1.831599999999999895e-02 1.865249999999999894e-02
1.776639180000000096e+00 1.817066599999999851e-02 4.994280000000000030e-04 1.000000000000000000e+00 1.825859999999999983e-02 1.859440000000000051e-02
1.777231393000000104e+00 1.812759599999999929e-02 4.988489999999999938e-04 1.000000000000000000e+00 1.820679999999999868e-02 1.854209999999999886e-02
1.777823802999999980e+00 1.808834900000000009e-02 4.983360000000000480e-04 1.000000000000000000e+00 1.816009999999999847e-02 1.849500000000000102e-02
1.778416411000000030e+00 1.805196400000000020e-02 4.978790000000000082e-04 1.000000000000000000e+00 1.811770000000000047e-02 1.845230000000000134e-02
1.779009217000000032e+00 1.801665900000000084e-02 4.974619999999999476e-04 1.000000000000000000e+00 1.807850000000000082e-02 1.841289999999999941e-02
1.779602219999999901e+00 1.797925499999999954e-02 4.970629999999999537e-04 1.000000000000000000e+00 1.804089999999999860e-02 1.837499999999999897e-02
1.780195420000000084e+00 1.793529799999999882e-02 4.966460000000000015e-04 1.000000000000000000e+00 1.800190000000000123e-02 1.833579999999999932e-02
1.780788819000000078e+00 1.788019100000000014e-02 4.961619999999999702e-04 1.000000000000000000e+00 1.795799999999999827e-02 1.829149999999999873e-02
1.781382414999999941e+00 1.781111800000000078e-02 4.955610000000000483e-04 1.000000000000000000e+00 1.790550000000000128e-02 1.823850000000000124e-02
1.781976208999999978e+00 1.772915599999999939e-02 4.948080000000000100e-04 1.000000000000000000e+00 1.784209999999999963e-02 1.817430000000000087e-02
1.782570200999999965e+00 1.764058199999999840e-02 4.939080000000000423e-04 1.000000000000000000e+00 1.776840000000000017e-02 1.809950000000000100e-02
1.783164390999999904e+00 1.755643700000000113e-02 4.929179999999999586e-04 1.000000000000000000e+00 1.768890000000000046e-02 1.801869999999999861e-02
1.783758779000000017e+00 1.749014200000000019e-02 4.919469999999999572e-04 1.000000000000000000e+00 1.761160000000000156e-02 1.794000000000000108e-02
1.784353365999999941e+00 1.745345099999999830e-02 4.911359999999999814e-04 1.000000000000000000e+00 1.754680000000000129e-02 1.787400000000000100e-02
1.784948149999999956e+00 1.745222600000000124e-02 4.906210000000000042e-04 1.000000000000000000e+00 1.750399999999999873e-02 1.783030000000000032e-02
1.785543133000000005e+00 1.748347499999999832e-02 4.904829999999999997e-04 1.000000000000000000e+00 1.748869999999999938e-02 1.781469999999999929e-02
1.786138314000000005e+00 1.753487299999999943e-02 4.907200000000000450e-04 1.000000000000000000e+00 1.750029999999999988e-02 1.782649999999999860e-02
1.786733692999999956e+00 1.758728000000000027e-02 4.912280000000000205e-04 1.000000000000000000e+00 1.753079999999999916e-02 1.785760000000000125e-02
1.787329270999999942e+00 1.761932199999999976e-02 4.918200000000000176e-04 1.000000000000000000e+00 1.756649999999999878e-02 1.789419999999999900e-02
1.787925047999999961e+00 1.761274700000000151e-02 4.922680000000000241e-04 1.000000000000000000e+00 1.759099999999999900e-02 1.791939999999999852e-02
1.788521022999999932e+00 1.755693200000000079e-02 4.923560000000000002e-04 1.000000000000000000e+00 1.758880000000000166e-02 1.791749999999999940e-02
1.789117196000000076e+00 1.745117900000000069e-02 4.919320000000000463e-04 1.000000000000000000e+00 1.754920000000000091e-02 1.787740000000000162e-02
1.789713568999999893e+00 1.730449800000000149e-02 4.909400000000000396e-04 1.000000000000000000e+00 1.746839999999999851e-02 1.779539999999999941e-02
1.790310140000000105e+00 1.713298200000000146e-02 4.894269999999999610e-04 1.000000000000000000e+00 1.735060000000000074e-02 1.767559999999999965e-02
1.790906909999999908e+00 1.695583599999999844e-02 4.875330000000000093e-04 1.000000000000000000e+00 1.720609999999999848e-02 1.752859999999999835e-02
1.791503878999999966e+00 1.679097800000000154e-02 4.854519999999999864e-04 1.000000000000000000e+00 1.704910000000000106e-02 1.736880000000000021e-02
1.792101047000000058e+00 1.665130199999999977e-02 4.833910000000000073e-04 1.000000000000000000e+00 1.689430000000000098e-02 1.721129999999999882e-02
1.792698413999999962e+00 1.654220799999999922e-02 4.815250000000000086e-04 1.000000000000000000e+00 1.675389999999999865e-02 1.706850000000000034e-02
1.793295979999999901e+00 1.646070599999999856e-02 4.799580000000000014e-04 1.000000000000000000e+00 1.663459999999999939e-02 1.694729999999999848e-02
1.793893745000000095e+00 1.639588299999999998e-02 4.786999999999999806e-04 1.000000000000000000e+00 1.653699999999999962e-02 1.684830000000000008e-02
1.794491709999999962e+00 1.633062399999999845e-02 4.776650000000000015e-04 1.000000000000000000e+00 1.645479999999999859e-02 1.676499999999999865e-02
1.795089874000000085e+00 1.624415200000000128e-02 4.766780000000000192e-04 1.000000000000000000e+00 1.637560000000000057e-02 1.668489999999999904e-02
1.795688237000000020e+00 1.611530799999999833e-02 4.755019999999999885e-04 1.000000000000000000e+00 1.628320000000000115e-02 1.659129999999999980e-02
1.796286800000000072e+00 1.592668800000000134e-02 4.738759999999999739e-04 1.000000000000000000e+00 1.615979999999999847e-02 1.646610000000000087e-02
1.796885561999999936e+00 1.566901100000000005e-02 4.715640000000000001e-04 1.000000000000000000e+00 1.598950000000000024e-02 1.629299999999999846e-02
1.797484523999999917e+00 1.534516399999999968e-02 4.684089999999999803e-04 1.000000000000000000e+00 1.576249999999999873e-02 1.606190000000000048e-02
1.798083686000000014e+00 1.497224500000000035e-02 4.643800000000000228e-04 1.000000000000000000e+00 1.547800000000000044e-02 1.577210000000000070e-02
1.798683046999999924e+00 1.458028500000000012e-02 4.596159999999999851e-04 1.000000000000000000e+00 1.514700000000000074e-02 1.543489999999999966e-02
1.799282607999999950e+00 1.420699500000000004e-02 4.544220000000000073e-04 1.000000000000000000e+00 1.479119999999999914e-02 1.507230000000000028e-02
1.799882369000000093e+00 1.388906699999999973e-02 4.492279999999999754e-04 1.000000000000000000e+00 1.443990000000000030e-02 1.471429999999999960e-02
1.800482329000000048e+00 1.365270600000000056e-02 4.445030000000000097e-04 1.000000000000000000e+00 1.412360000000000004e-02 1.439189999999999914e-02
1.801082489999999980e+00 1.350654700000000069e-02 4.406430000000000026e-04 1.000000000000000000e+00 1.386659999999999976e-02 1.413009999999999960e-02
1.801682851000000030e+00 1.343984600000000008e-02 4.378629999999999784e-04 1.000000000000000000e+00 1.368130000000000041e-02 1.394130000000000022e-02
1.802283411999999974e+00 1.342681100000000030e-02 4.361480000000000261e-04 1.000000000000000000e+00 1.356519999999999948e-02 1.382320000000000076e-02
1.802884173000000034e+00 1.343559799999999999e-02 4.352760000000000114e-04 1.000000000000000000e+00 1.350340000000000047e-02 1.376040000000000076e-02
1.803485135000000072e+00 1.343849899999999958e-02 4.349040000000000089e-04 1.000000000000000000e+00 1.347379999999999932e-02 1.373040000000000024e-02
1.804086295999999923e+00 1.341923299999999916e-02 4.346870000000000074e-04 1.000000000000000000e+00 1.345419999999999949e-02 1.371069999999999928e-02
1.804687657999999972e+00 1.337453000000000079e-02 4.343700000000000035e-04 1.000000000000000000e+00 1.342860000000000061e-02 1.368480000000000044e-02
1.805289221000000000e+00 1.331001100000000006e-02 4.338300000000000121e-04 1.000000000000000000e+00 1.338920000000000041e-02 1.364469999999999919e-02
1.805890983999999921e+00 1.323274800000000077e-02 4.330520000000000137e-04 1.000000000000000000e+00 1.333490000000000023e-02 1.358949999999999915e-02
1.806492948000000043e+00 1.314444300000000045e-02 4.320630000000000000e-04 1.000000000000000000e+00 1.326740000000000037e-02 1.352070000000000008e-02
1.807095112000000059e+00 1.303895400000000017e-02 4.308569999999999848e-04 1.000000000000000000e+00 1.318609999999999921e-02 1.343789999999999915e-02
1.807697477000000053e+00 1.290499699999999965e-02 4.293669999999999974e-04 1.000000000000000000e+00 1.308649999999999917e-02 1.333660000000000054e-02
1.808300043000000024e+00 1.273294099999999936e-02 4.274719999999999757e-04 1.000000000000000000e+00 1.296120000000000085e-02 1.320900000000000026e-02
1.808902809999999972e+00 1.252181999999999948e-02 4.250659999999999855e-04 1.000000000000000000e+00 1.280360000000000005e-02 1.304860000000000048e-02
1.809505777000000037e+00 1.228275600000000058e-02 4.221249999999999742e-04 1.000000000000000000e+00 1.261269999999999926e-02 1.285449999999999961e-02
1.810108945999999941e+00 1.203706000000000047e-02 4.187589999999999932e-04 1.000000000000000000e+00 1.239610000000000017e-02 1.263419999999999994e-02
1.810712314999999961e+00 1.180964800000000071e-02 4.152049999999999795e-04 1.000000000000000000e+00 1.216899999999999926e-02 1.240330000000000078e-02
1.811315886000000042e+00 1.162082400000000008e-02 4.117680000000000190e-04 1.000000000000000000e+00 1.195019999999999936e-02 1.218110000000000026e-02
1.811919658000000100e+00 1.147992299999999952e-02 4.087289999999999825e-04 1.000000000000000000e+00 1.175700000000000009e-02 1.198489999999999972e-02
1.812523630999999913e+00 1.138326100000000042e-02 4.062630000000000234e-04 1.000000000000000000e+00 1.159969999999999925e-02 1.182519999999999925e-02
1.813127806000000009e+00 1.131633800000000044e-02 4.043900000000000229e-04 1.000000000000000000e+00 1.147920000000000017e-02 1.170309999999999927e-02
1.813732182000000082e+00 1.125841099999999942e-02 4.029759999999999853e-04 1.000000000000000000e+00 1.138770000000000060e-02 1.161030000000000048e-02
1.814336758999999910e+00 1.118713699999999978e-02 4.017720000000000015e-04 1.000000000000000000e+00 1.131039999999999997e-02 1.153189999999999944e-02
1.814941538000000021e+00 1.108187700000000039e-02 4.004720000000000241e-04 1.000000000000000000e+00 1.122949999999999990e-02 1.144949999999999961e-02
1.815546518999999970e+00 1.092568900000000058e-02 3.987579999999999792e-04 1.000000000000000000e+00 1.112639999999999983e-02 1.134420000000000046e-02
1.816151700999999896e+00 1.070754500000000060e-02 3.963440000000000257e-04 1.000000000000000000e+00 1.098430000000000066e-02 1.119910000000000003e-02
1.816757085000000105e+00 1.042572400000000080e-02 3.930189999999999855e-04 1.000000000000000000e+00 1.079120000000000079e-02 1.100190000000000022e-02
1.817362670000000069e+00 1.009192100000000022e-02 3.886989999999999998e-04 1.000000000000000000e+00 1.054309999999999969e-02 1.074869999999999992e-02
1.817968457999999954e+00 9.733894899999999753e-03 3.834870000000000097e-04 1.000000000000000000e+00 1.024719999999999971e-02 1.044669999999999974e-02
1.818574447000000038e+00 9.394129600000000399e-03 3.777310000000000194e-04 1.000000000000000000e+00 9.924270000000000660e-03 1.011729999999999921e-02
1.819180639000000044e+00 9.122392499999999738e-03 3.720190000000000172e-04 1.000000000000000000e+00 9.607459999999999958e-03 9.794310000000000516e-03
1.819787032000000027e+00 8.963263500000000564e-03 3.671079999999999960e-04 1.000000000000000000e+00 9.337109999999999160e-03 9.518830000000000693e-03
1.820393627999999930e+00 8.941741499999999315e-03 3.637460000000000237e-04 1.000000000000000000e+00 9.151329999999999187e-03 9.329729999999999621e-03
1.821000425999999894e+00 9.052544699999999847e-03 3.624419999999999834e-04 1.000000000000000000e+00 9.075009999999999674e-03 9.252359999999999404e-03
1.821607425999999919e+00 9.257247999999999172e-03 3.632619999999999925e-04 1.000000000000000000e+00 9.110770000000000673e-03 9.289320000000000216e-03
1.822214629000000086e+00 9.491585300000000835e-03 3.657479999999999954e-04 1.000000000000000000e+00 9.235260000000000344e-03 9.416759999999999714e-03
1.822822034000000091e+00 9.681059900000000412e-03 3.690109999999999810e-04 1.000000000000000000e+00 9.402799999999999353e-03 9.588070000000000620e-03
1.823429640999999934e+00 9.759890699999999170e-03 3.719659999999999959e-04 1.000000000000000000e+00 9.555720000000000186e-03 9.744400000000000284e-03
1.824037450999999921e+00 9.686950700000000400e-03 3.735899999999999790e-04 1.000000000000000000e+00 9.638040000000000496e-03 9.828679999999999362e-03
1.824645462999999967e+00 9.453880200000000511e-03 3.731429999999999881e-04 1.000000000000000000e+00 9.608610000000000068e-03 9.798930000000000834e-03
1.825253677999999935e+00 9.083497899999999278e-03 3.702849999999999826e-04 1.000000000000000000e+00 9.449410000000000101e-03 9.636810000000000861e-03
1.825862096000000045e+00 8.620500499999999428e-03 3.650899999999999892e-04 1.000000000000000000e+00 9.167269999999999933e-03 9.349279999999999743e-03
1.826470717000000077e+00 8.118491000000000249e-03 3.579799999999999844e-04 1.000000000000000000e+00 8.789349999999999594e-03 8.964069999999999330e-03
1.827079541000000029e+00 7.627764100000000019e-03 3.496080000000000043e-04 1.000000000000000000e+00 8.354769999999999211e-03 8.521050000000000499e-03
1.827688567000000042e+00 7.186773399999999735e-03 3.407230000000000241e-04 1.000000000000000000e+00 7.905219999999999261e-03 8.062760000000000413e-03
1.828297797000000058e+00 6.818022099999999572e-03 3.320369999999999789e-04 1.000000000000000000e+00 7.477100000000000413e-03 7.626270000000000097e-03
1.828907228999999912e+00 6.527362400000000231e-03 3.241119999999999895e-04 1.000000000000000000e+00 7.096179999999999675e-03 7.237880000000000355e-03
1.829516864999999992e+00 6.305506399999999921e-03 3.172779999999999936e-04 1.000000000000000000e+00 6.775109999999999986e-03 6.910470000000000154e-03
1.830126703999999993e+00 6.131054300000000033e-03 3.115920000000000213e-04 1.000000000000000000e+00 6.513159999999999610e-03 6.643289999999999612e-03
1.830736745999999915e+00 5.974778200000000102e-03 3.068379999999999784e-04 1.000000000000000000e+00 6.297760000000000337e-03 6.423540000000000152e-03
1.831346992000000062e+00 5.805290400000000413e-03 3.025829999999999861e-04 1.000000000000000000e+00 6.107780000000000153e-03 6.229669999999999652e-03
1.831957440999999909e+00 5.595879899999999657e-03 2.982750000000000267e-04 1.000000000000000000e+00 5.918159999999999567e-03 6.036180000000000365e-03
1.832568092999999898e+00 5.330984300000000085e-03 2.933689999999999757e-04 1.000000000000000000e+00 5.705670000000000359e-03 5.819369999999999925e-03
1.833178948999999891e+00 5.010630799999999697e-03 2.874539999999999756e-04 1.000000000000000000e+00 5.454460000000000384e-03 5.563089999999999702e-03
1.833790009000000110e+00 4.651053300000000147e-03 2.803610000000000217e-04 1.000000000000000000e+00 5.160180000000000322e-03 5.262929999999999865e-03
1.834401272000000027e+00 4.280883600000000289e-03 2.722119999999999748e-04 1.000000000000000000e+00 4.831430000000000273e-03 4.927639999999999625e-03
1.835012738999999948e+00 3.933967200000000088e-03 2.634189999999999796e-04 1.000000000000000000e+00 4.487739999999999611e-03 4.577180000000000137e-03
1.835624410000000095e+00 3.641111900000000134e-03 2.546119999999999807e-04 1.000000000000000000e+00 4.154859999999999803e-03 4.237770000000000079e-03
1.836236285000000024e+00 3.423720600000000093e-03 2.465160000000000094e-04 1.000000000000000000e+00 3.858710000000000005e-03 3.935830000000000405e-03
1.836848363999999956e+00 3.291409500000000085e-03 2.398059999999999873e-04 1.000000000000000000e+00 3.620149999999999930e-03 3.692659999999999953e-03
1.837460646999999891e+00 3.244019900000000203e-03 2.349859999999999894e-04 1.000000000000000000e+00 3.452230000000000142e-03 3.521559999999999968e-03
1.838073132999999970e+00 3.276431900000000095e-03 2.323399999999999879e-04 1.000000000000000000e+00 3.360419999999999813e-03 3.428080000000000016e-03
1.838685823999999913e+00 3.383537800000000102e-03 2.319549999999999976e-04 1.000000000000000000e+00 3.345110000000000097e-03 3.412629999999999830e-03
1.839298719999999943e+00 3.562443700000000012e-03 2.337960000000000092e-04 1.000000000000000000e+00 3.404719999999999969e-03 3.473579999999999984e-03
1.839911818999999893e+00 3.810454000000000011e-03 2.377539999999999873e-04 1.000000000000000000e+00 3.537230000000000148e-03 3.608880000000000074e-03
1.840525122999999930e+00 4.119590000000000231e-03 2.436310000000000125e-04 1.000000000000000000e+00 3.739269999999999834e-03 3.815090000000000148e-03
1.841138632000000053e+00 4.470331400000000267e-03 2.510670000000000002e-04 1.000000000000000000e+00 4.002649999999999958e-03 4.083859999999999921e-03
1.841752344999999957e+00 4.828068700000000268e-03 2.594729999999999736e-04 1.000000000000000000e+00 4.310160000000000380e-03 4.397619999999999654e-03
1.842366262000000088e+00 5.145433399999999741e-03 2.680159999999999899e-04 1.000000000000000000e+00 4.633059999999999609e-03 4.727059999999999942e-03
1.842980384000000083e+00 5.371234499999999641e-03 2.757120000000000057e-04 1.000000000000000000e+00 4.932530000000000074e-03 5.032580000000000039e-03
1.843594710999999942e+00 5.464084900000000002e-03 2.815800000000000247e-04 1.000000000000000000e+00 5.165839999999999668e-03 5.270610000000000225e-03
1.844209242000000026e+00 5.406112999999999717e-03 2.848390000000000015e-04 1.000000000000000000e+00 5.296310000000000254e-03 5.403719999999999878e-03
1.844823979000000058e+00 5.211623700000000102e-03 2.850889999999999804e-04 1.000000000000000000e+00 5.303839999999999770e-03 5.411410000000000178e-03
1.845438920000000094e+00 4.926535299999999784e-03 2.824319999999999956e-04 1.000000000000000000e+00 5.192440000000000423e-03 5.297800000000000079e-03
1.846054065999999994e+00 4.617983099999999584e-03 2.775179999999999813e-04 1.000000000000000000e+00 4.991480000000000396e-03 5.092829999999999580e-03
1.846669418000000062e+00 4.356782699999999821e-03 2.714700000000000012e-04 1.000000000000000000e+00 4.749510000000000190e-03 4.846070000000000065e-03
1.847284973999999913e+00 4.198495200000000073e-03 2.656739999999999774e-04 1.000000000000000000e+00 4.522359999999999575e-03 4.614459999999999916e-03
1.847900735999999933e+00 4.169255099999999783e-03 2.614510000000000011e-04 1.000000000000000000e+00 4.358790000000000407e-03 4.447760000000000255e-03
1.848516703000000039e+00 4.260753400000000073e-03 2.596760000000000257e-04 1.000000000000000000e+00 4.288460000000000015e-03 4.376239999999999991e-03
1.849132875000000009e+00 4.435651799999999929e-03 2.605180000000000017e-04 1.000000000000000000e+00 4.315829999999999667e-03 4.404429999999999977e-03
1.849749252999999927e+00 4.640949400000000252e-03 2.634390000000000234e-04 1.000000000000000000e+00 4.421439999999999572e-03 4.512460000000000256e-03
1.850365835999999931e+00 4.824448900000000151e-03 2.674460000000000140e-04 1.000000000000000000e+00 4.569860000000000241e-03 4.664159999999999660e-03
1.850982624000000021e+00 4.948938899999999821e-03 2.714629999999999994e-04 1.000000000000000000e+00 4.721180000000000168e-03 4.818789999999999879e-03
1.851599618999999919e+00 4.999769700000000067e-03 2.746420000000000176e-04 1.000000000000000000e+00 4.842199999999999629e-03 4.942450000000000142e-03
1.852216818999999903e+00 4.984497800000000332e-03 2.765299999999999833e-04 1.000000000000000000e+00 4.913990000000000025e-03 5.015819999999999827e-03
1.852834223999999974e+00 4.925951199999999662e-03 2.770870000000000256e-04 1.000000000000000000e+00 4.934029999999999840e-03 5.036320000000000380e-03
1.853451836000000075e+00 4.852176899999999585e-03 2.765959999999999925e-04 1.000000000000000000e+00 4.913189999999999572e-03 5.015050000000000063e-03
1.854069653000000040e+00 4.787266200000000159e-03 2.755120000000000008e-04 1.000000000000000000e+00 4.869560000000000208e-03 4.970480000000000211e-03
1.854687675999999952e+00 4.746174799999999978e-03 2.743110000000000101e-04 1.000000000000000000e+00 4.821830000000000040e-03 4.921710000000000147e-03
1.855305905000000033e+00 4.734437000000000194e-03 2.733659999999999844e-04 1.000000000000000000e+00 4.784489999999999750e-03 4.883539999999999583e-03
1.855924340999999922e+00 4.751679499999999709e-03 2.729100000000000146e-04 1.000000000000000000e+00 4.766239999999999713e-03 4.864850000000000424e-03
1.856542981999999897e+00 4.796552299999999602e-03 2.730550000000000208e-04 1.000000000000000000e+00 4.771120000000000222e-03 4.869809999999999590e-03
1.857161829999999902e+00 4.870531600000000197e-03 2.738600000000000105e-04 1.000000000000000000e+00 4.801320000000000414e-03 4.900650000000000318e-03
1.857780884000000077e+00 4.978834700000000363e-03 2.753979999999999948e-04 1.000000000000000000e+00 4.859679999999999903e-03 4.960280000000000071e-03
1.858400143999999976e+00 5.127985600000000040e-03 2.777699999999999917e-04 1.000000000000000000e+00 4.950689999999999778e-03 5.053290000000000212e-03
1.859019610999999905e+00 5.321224599999999604e-03 2.810779999999999811e-04 1.000000000000000000e+00 5.079219999999999742e-03 5.184639999999999908e-03
1.859639284000000004e+00 5.553795999999999733e-03 2.853439999999999839e-04 1.000000000000000000e+00 5.247579999999999953e-03 5.356699999999999830e-03
1.860259163999999910e+00 5.810282200000000015e-03 2.904399999999999907e-04 1.000000000000000000e+00 5.452249999999999631e-03 5.565839999999999850e-03
1.860879249999999985e+00 6.065390399999999634e-03 2.960439999999999730e-04 1.000000000000000000e+00 5.681630000000000014e-03 5.800220000000000029e-03
1.861499543000000090e+00 6.287892199999999855e-03 3.016669999999999833e-04 1.000000000000000000e+00 5.916069999999999836e-03 6.039769999999999861e-03
1.862120043000000003e+00 6.446125199999999666e-03 3.067260000000000039e-04 1.000000000000000000e+00 6.130199999999999712e-03 6.258559999999999818e-03
1.862740749999999945e+00 6.512943600000000409e-03 3.106259999999999902e-04 1.000000000000000000e+00 6.296640000000000049e-03 6.428650000000000163e-03
1.863361663000000057e+00 6.468874099999999926e-03 3.128370000000000001e-04 1.000000000000000000e+00 6.389920000000000322e-03 6.524030000000000107e-03
1.863982784000000059e+00 6.303366799999999756e-03 3.129319999999999780e-04 1.000000000000000000e+00 6.389539999999999977e-03 6.523759999999999976e-03
1.864604111000000009e+00 6.015190200000000188e-03 3.106019999999999918e-04 1.000000000000000000e+00 6.281890000000000043e-03 6.413969999999999741e-03
1.865225646000000070e+00 5.612983000000000208e-03 3.056660000000000106e-04 1.000000000000000000e+00 6.061600000000000321e-03 6.189159999999999974e-03
1.865847387999999940e+00 5.115916899999999740e-03 2.980769999999999991e-04 1.000000000000000000e+00 5.732400000000000342e-03 5.853119999999999851e-03
1.866469337000000062e+00 4.553656199999999744e-03 2.879539999999999877e-04 1.000000000000000000e+00 5.307830000000000360e-03 5.419700000000000385e-03
1.867091492999999991e+00 3.964189800000000180e-03 2.756079999999999945e-04 1.000000000000000000e+00 4.811130000000000267e-03 4.912610000000000414e-03
1.867713857000000033e+00 3.389392599999999957e-03 2.615639999999999914e-04 1.000000000000000000e+00 4.273550000000000092e-03 4.363770000000000322e-03
1.868336428999999965e+00 2.868916799999999840e-03 2.465589999999999817e-04 1.000000000000000000e+00 3.730939999999999864e-03 3.809780000000000024e-03
1.868959207000000067e+00 2.434528599999999810e-03 2.315010000000000050e-04 1.000000000000000000e+00 3.219130000000000168e-03 3.287239999999999867e-03
1.869582193999999919e+00 2.106503400000000158e-03 2.173979999999999945e-04 1.000000000000000000e+00 2.769290000000000206e-03 2.827950000000000082e-03
1.870205388000000024e+00 1.893153799999999906e-03 2.052459999999999929e-04 1.000000000000000000e+00 2.404460000000000191e-03 2.455469999999999962e-03
1.870828790000000019e+00 1.793282700000000014e-03 1.959139999999999948e-04 1.000000000000000000e+00 2.138349999999999800e-03 2.183800000000000064e-03
1.871452399000000044e+00 1.800226200000000108e-03 1.900190000000000115e-04 1.000000000000000000e+00 1.976260000000000083e-03 2.018330000000000037e-03
1.872076217000000042e+00 1.906110799999999978e-03 1.878650000000000046e-04 1.000000000000000000e+00 1.917469999999999895e-03 1.958370000000000076e-03
1.872700242000000070e+00 2.104775499999999872e-03 1.894490000000000085e-04 1.000000000000000000e+00 1.958309999999999999e-03 2.000159999999999959e-03
1.873324476000000072e+00 2.392739999999999971e-03 1.945329999999999889e-04 1.000000000000000000e+00 2.094630000000000103e-03 2.139460000000000146e-03
1.873948917000000103e+00 2.768071200000000055e-03 2.027400000000000003e-04 1.000000000000000000e+00 2.323029999999999800e-03 2.372829999999999818e-03
1.874573567000000107e+00 3.227474299999999810e-03 2.136189999999999888e-04 1.000000000000000000e+00 2.640609999999999832e-03 2.697310000000000072e-03
1.875198425000000002e+00 3.762692800000000046e-03 2.266609999999999903e-04 1.000000000000000000e+00 3.043150000000000108e-03 3.108609999999999932e-03
1.875823491000000010e+00 4.357358300000000080e-03 2.412840000000000026e-04 1.000000000000000000e+00 3.522630000000000119e-03 3.598539999999999899e-03
1.876448764999999907e+00 4.985851999999999819e-03 2.568320000000000238e-04 1.000000000000000000e+00 4.064820000000000239e-03 4.152580000000000333e-03
1.877074248000000001e+00 5.614940700000000361e-03 2.725930000000000106e-04 1.000000000000000000e+00 4.648209999999999842e-03 4.748760000000000307e-03
1.877699938999999985e+00 6.208296500000000037e-03 2.878450000000000062e-04 1.000000000000000000e+00 5.244880000000000375e-03 5.358560000000000059e-03
1.878325838999999942e+00 6.732749100000000146e-03 3.019319999999999816e-04 1.000000000000000000e+00 5.823590000000000017e-03 5.950060000000000071e-03
1.878951948000000094e+00 7.164335200000000042e-03 3.143309999999999963e-04 1.000000000000000000e+00 6.354339999999999988e-03 6.492610000000000221e-03
1.879578264999999915e+00 7.492516200000000348e-03 3.247060000000000181e-04 1.000000000000000000e+00 6.813249999999999862e-03 6.961779999999999878e-03
1.880204790999999931e+00 7.721501199999999607e-03 3.329410000000000095e-04 1.000000000000000000e+00 7.186350000000000203e-03 7.343299999999999654e-03
1.880831525999999920e+00 7.868524400000000141e-03 3.391369999999999888e-04 1.000000000000000000e+00 7.471489999999999902e-03 7.634929999999999842e-03
1.881458470000000105e+00 7.960000499999999798e-03 3.435910000000000244e-04 1.000000000000000000e+00 7.677950000000000226e-03 7.846139999999999712e-03
1.882085623000000041e+00 8.026362400000000563e-03 3.467410000000000197e-04 1.000000000000000000e+00 7.824130000000000321e-03 7.995729999999999504e-03
1.882712984999999950e+00 8.096144899999999436e-03 3.491030000000000218e-04 1.000000000000000000e+00 7.933700000000000127e-03 8.107869999999999661e-03
1.883340556000000054e+00 8.189906199999999470e-03 3.511809999999999975e-04 1.000000000000000000e+00 8.030719999999999872e-03 8.207159999999999803e-03
1.883968335999999910e+00 8.314867499999999828e-03 3.533729999999999792e-04 1.000000000000000000e+00 8.134439999999999726e-03 8.313269999999999341e-03
1.884596326000000044e+00 8.461622400000000377e-03 3.558710000000000085e-04 1.000000000000000000e+00 8.254430000000000101e-03 8.435969999999999233e-03
1.885224524000000068e+00 8.604601200000000852e-03 3.586050000000000132e-04 1.000000000000000000e+00 8.387320000000000192e-03 8.571860000000000590e-03
1.885852933000000009e+00 8.707477099999999526e-03 3.612460000000000172e-04 1.000000000000000000e+00 8.516539999999999527e-03 8.703989999999999991e-03
1.886481550000000063e+00 8.732759099999999261e-03 3.632770000000000118e-04 1.000000000000000000e+00 8.615670000000000620e-03 8.805369999999999864e-03
1.887110376999999950e+00 8.653586799999999843e-03 3.641310000000000141e-04 1.000000000000000000e+00 8.655400000000000593e-03 8.846039999999999459e-03
1.887739413999999893e+00 8.463899199999999623e-03 3.633549999999999931e-04 1.000000000000000000e+00 8.612420000000000839e-03 8.802189999999999667e-03
1.888368660999999893e+00 8.183533099999999380e-03 3.607579999999999771e-04 1.000000000000000000e+00 8.477790000000000672e-03 8.664659999999999376e-03
1.888998117000000088e+00 7.856063899999999808e-03 3.565080000000000094e-04 1.000000000000000000e+00 8.261980000000000365e-03 8.444170000000000842e-03
1.889627782999999894e+00 7.539464400000000198e-03 3.511550000000000218e-04 1.000000000000000000e+00 7.994809999999999764e-03 8.171199999999999991e-03
1.890257658999999979e+00 7.292041699999999779e-03 3.455520000000000011e-04 1.000000000000000000e+00 7.719799999999999753e-03 7.890219999999999873e-03
1.890887744999999898e+00 7.157493000000000015e-03 3.406869999999999994e-04 1.000000000000000000e+00 7.484189999999999940e-03 7.649529999999999871e-03
1.891518041000000094e+00 7.152890200000000358e-03 3.374350000000000244e-04 1.000000000000000000e+00 7.327359999999999776e-03 7.489370000000000402e-03
1.892148546999999903e+00 7.262874600000000097e-03 3.362980000000000114e-04 1.000000000000000000e+00 7.270389999999999839e-03 7.431300000000000058e-03
1.892779262999999990e+00 7.441635500000000000e-03 3.372250000000000247e-04 1.000000000000000000e+00 7.309750000000000275e-03 7.471720000000000271e-03
1.893410188999999910e+00 7.622374799999999742e-03 3.395949999999999902e-04 1.000000000000000000e+00 7.416680000000000147e-03 7.581229999999999566e-03
1.894041325999999970e+00 7.732365399999999861e-03 3.423589999999999793e-04 1.000000000000000000e+00 7.542720000000000154e-03 7.710279999999999911e-03
1.894672673000000085e+00 7.710344800000000325e-03 3.443070000000000223e-04 1.000000000000000000e+00 7.630379999999999975e-03 7.800109999999999856e-03
1.895304230999999895e+00 7.521772099999999954e-03 3.443389999999999841e-04 1.000000000000000000e+00 7.626560000000000110e-03 7.796439999999999967e-03
1.895935998999999983e+00 7.167846700000000092e-03 3.416970000000000185e-04 1.000000000000000000e+00 7.495449999999999856e-03 7.662640000000000076e-03
1.896567976999999905e+00 6.685518500000000273e-03 3.361039999999999926e-04 1.000000000000000000e+00 7.227370000000000322e-03 7.388829999999999877e-03
1.897200167000000048e+00 6.137969499999999801e-03 3.278220000000000201e-04 1.000000000000000000e+00 6.841240000000000168e-03 6.994339999999999932e-03
1.897832567000000026e+00 5.598282300000000100e-03 3.176049999999999924e-04 1.000000000000000000e+00 6.379600000000000028e-03 6.522649999999999629e-03
1.898465177999999920e+00 5.131180499999999679e-03 3.065620000000000237e-04 1.000000000000000000e+00 5.897689999999999703e-03 6.030240000000000079e-03
1.899097999000000092e+00 4.778322800000000051e-03 2.959300000000000212e-04 1.000000000000000000e+00 5.449889999999999769e-03 5.572689999999999935e-03
1.899731032000000042e+00 4.551695100000000167e-03 2.867969999999999851e-04 1.000000000000000000e+00 5.077400000000000142e-03 5.192129999999999662e-03
1.900364275999999908e+00 4.436413499999999899e-03 2.798489999999999832e-04 1.000000000000000000e+00 4.800989999999999772e-03 4.909769999999999933e-03
1.900997730000000052e+00 4.401521799999999658e-03 2.752480000000000183e-04 1.000000000000000000e+00 4.620439999999999964e-03 4.725390000000000319e-03
1.901631395999999974e+00 4.414331799999999910e-03 2.727060000000000009e-04 1.000000000000000000e+00 4.520309999999999606e-03 4.623209999999999993e-03
1.902265273000000034e+00 4.453097100000000079e-03 2.717190000000000187e-04 1.000000000000000000e+00 4.479480000000000094e-03 4.581629999999999731e-03
1.902899362000000094e+00 4.513633000000000402e-03 2.718490000000000056e-04 1.000000000000000000e+00 4.480750000000000358e-03 4.583079999999999793e-03
1.903533662000000071e+00 4.607733200000000209e-03 2.729109999999999761e-04 1.000000000000000000e+00 4.517089999999999647e-03 4.620390000000000261e-03
1.904168172999999964e+00 4.754489199999999832e-03 2.750019999999999938e-04 1.000000000000000000e+00 4.592409999999999895e-03 4.697569999999999871e-03
1.904802896000000079e+00 4.967734700000000364e-03 2.783659999999999976e-04 1.000000000000000000e+00 4.716869999999999744e-03 4.825020000000000177e-03
1.905437830000000110e+00 5.244743199999999696e-03 2.831689999999999988e-04 1.000000000000000000e+00 4.898630000000000172e-03 5.011090000000000162e-03
1.906072975999999919e+00 5.560753300000000413e-03 2.892820000000000265e-04 1.000000000000000000e+00 5.135449999999999737e-03 5.253490000000000416e-03
1.906708333999999949e+00 5.871760999999999647e-03 2.961910000000000107e-04 1.000000000000000000e+00 5.409719999999999807e-03 5.534169999999999714e-03
1.907343902999999896e+00 6.125224400000000430e-03 3.030600000000000156e-04 1.000000000000000000e+00 5.688989999999999672e-03 5.819940000000000009e-03
1.907979684000000065e+00 6.275062700000000326e-03 3.089309999999999734e-04 1.000000000000000000e+00 5.932490000000000333e-03 6.069080000000000134e-03
1.908615678000000093e+00 6.295890699999999972e-03 3.129599999999999852e-04 1.000000000000000000e+00 6.101600000000000426e-03 6.242089999999999618e-03
1.909251883000000038e+00 6.191661000000000213e-03 3.146259999999999790e-04 1.000000000000000000e+00 6.170799999999999723e-03 6.312879999999999880e-03
1.909888299999999983e+00 5.995979299999999908e-03 3.138640000000000158e-04 1.000000000000000000e+00 6.135579999999999853e-03 6.276849999999999617e-03
1.910524928999999927e+00 5.764382499999999923e-03 3.111020000000000040e-04 1.000000000000000000e+00 6.014870000000000286e-03 6.153379999999999961e-03
1.911161770999999954e+00 5.561226100000000311e-03 3.072090000000000194e-04 1.000000000000000000e+00 5.847230000000000136e-03 5.981949999999999767e-03
1.911798824999999979e+00 5.445359500000000047e-03 3.033420000000000105e-04 1.000000000000000000e+00 5.682360000000000015e-03 5.813399999999999818e-03
1.912436091000000005e+00 5.457894900000000334e-03 3.007220000000000119e-04 1.000000000000000000e+00 5.570270000000000429e-03 5.698889999999999859e-03
1.913073569999999890e+00 5.614632900000000350e-03 3.003549999999999796e-04 1.000000000000000000e+00 5.550819999999999713e-03 5.679219999999999581e-03
1.913711260999999997e+00 5.904076000000000289e-03 3.027850000000000224e-04 1.000000000000000000e+00 5.646070000000000429e-03 5.776919999999999625e-03
1.914349164999999964e+00 6.290622400000000190e-03 3.079539999999999860e-04 1.000000000000000000e+00 5.856420000000000202e-03 5.992420000000000038e-03
1.914987280999999930e+00 6.722450900000000347e-03 3.152520000000000235e-04 1.000000000000000000e+00 6.161299999999999763e-03 6.304640000000000244e-03
1.915625609999999979e+00 7.142492599999999622e-03 3.237030000000000007e-04 1.000000000000000000e+00 6.523929999999999833e-03 6.675959999999999880e-03
1.916264152000000109e+00 7.501180700000000326e-03 3.322320000000000134e-04 1.000000000000000000e+00 6.899530000000000073e-03 7.060549999999999639e-03
1.916902907000000100e+00 7.767903300000000150e-03 3.399109999999999784e-04 1.000000000000000000e+00 7.245399999999999931e-03 7.414729999999999585e-03
1.917541874999999951e+00 7.938155299999999359e-03 3.461410000000000051e-04 1.000000000000000000e+00 7.530689999999999606e-03 7.706949999999999738e-03
1.918181055000000024e+00 8.033721599999999949e-03 3.507440000000000015e-04 1.000000000000000000e+00 7.743390000000000169e-03 7.924900000000000347e-03
1.918820449000000039e+00 8.094851199999999330e-03 3.539579999999999745e-04 1.000000000000000000e+00 7.892029999999999532e-03 8.077330000000000620e-03
1.919460055999999915e+00 8.166518899999999220e-03 3.563320000000000029e-04 1.000000000000000000e+00 8.001539999999999694e-03 8.189719999999999292e-03
1.920099876000000094e+00 8.283348899999999279e-03 3.585409999999999812e-04 1.000000000000000000e+00 8.104029999999999914e-03 8.294940000000000646e-03
1.920739908999999912e+00 8.458761800000000677e-03 3.611639999999999729e-04 1.000000000000000000e+00 8.227830000000000213e-03 8.421949999999999228e-03
1.921380155999999895e+00 8.681883600000000686e-03 3.645060000000000097e-04 1.000000000000000000e+00 8.388289999999999635e-03 8.586470000000000560e-03
1.922020615999999960e+00 8.923077499999999482e-03 3.685130000000000003e-04 1.000000000000000000e+00 8.583719999999999545e-03 8.786729999999999541e-03
1.922661289000000107e+00 9.144885900000000040e-03 3.728299999999999930e-04 1.000000000000000000e+00 8.797110000000000346e-03 9.005320000000000685e-03
1.923302175999999974e+00 9.314132600000000345e-03 3.769430000000000263e-04 1.000000000000000000e+00 9.002629999999999313e-03 9.215799999999999687e-03
1.923943277000000007e+00 9.410940799999999856e-03 3.803529999999999953e-04 1.000000000000000000e+00 9.174089999999999329e-03 9.391379999999999520e-03
1.924584591999999983e+00 9.432675899999999614e-03 3.827120000000000044e-04 1.000000000000000000e+00 9.292409999999999212e-03 9.512529999999999944e-03
1.925226120000000041e+00 9.392823200000000733e-03 3.838970000000000143e-04 1.000000000000000000e+00 9.350189999999999543e-03 9.571700000000000694e-03
1.925867862000000041e+00 9.316708800000000207e-03 3.840210000000000151e-04 1.000000000000000000e+00 9.352789999999999715e-03 9.574400000000000271e-03
1.926509817999999985e+00 9.235547999999999674e-03 3.833999999999999951e-04 1.000000000000000000e+00 9.316510000000000069e-03 9.537310000000000232e-03
1.927151988000000093e+00 9.180799400000000041e-03 3.824820000000000151e-04 1.000000000000000000e+00 9.264790000000000178e-03 9.484450000000000172e-03
1.927794371999999923e+00 9.179306499999999661e-03 3.817709999999999875e-04 1.000000000000000000e+00 9.223810000000000689e-03 9.442620000000000527e-03
1.928436969999999917e+00 9.249825899999999587e-03 3.817459999999999734e-04 1.000000000000000000e+00 9.218169999999999489e-03 9.437009999999999149e-03
1.929079782000000076e+00 9.400927700000000567e-03 3.827839999999999997e-04 1.000000000000000000e+00 9.267320000000000765e-03 9.487529999999999228e-03
1.929722809000000039e+00 9.629932199999999970e-03 3.851020000000000137e-04 1.000000000000000000e+00 9.382889999999999633e-03 9.606119999999999243e-03
1.930366049999999944e+00 9.922984799999999550e-03 3.887219999999999825e-04 1.000000000000000000e+00 9.567130000000000078e-03 9.795059999999999531e-03
1.931009505000000015e+00 1.025616799999999953e-02 3.934659999999999764e-04 1.000000000000000000e+00 9.812289999999999554e-03 1.004640000000000047e-02
1.931653174999999889e+00 1.059802500000000050e-02 3.989779999999999737e-04 1.000000000000000000e+00 1.010119999999999942e-02 1.034269999999999981e-02
1.932297058999999928e+00 1.091363000000000055e-02 4.047750000000000133e-04 1.000000000000000000e+00 1.040920000000000040e-02 1.065849999999999957e-02
1.932941157999999993e+00 1.116990699999999975e-02 4.103159999999999794e-04 1.000000000000000000e+00 1.070699999999999950e-02 1.096390000000000038e-02
1.933585472000000083e+00 1.134157499999999957e-02 4.150870000000000189e-04 1.000000000000000000e+00 1.096560000000000069e-02 1.122910000000000054e-02
1.934229999999999894e+00 1.141641000000000010e-02 4.186780000000000189e-04 1.000000000000000000e+00 1.116039999999999914e-02 1.142909999999999933e-02
1.934874744000000035e+00 1.139859799999999937e-02 4.208549999999999813e-04 1.000000000000000000e+00 1.127689999999999942e-02 1.154879999999999969e-02
1.935519701999999898e+00 1.130900699999999939e-02 4.216000000000000021e-04 1.000000000000000000e+00 1.131300000000000014e-02 1.158619999999999962e-02
1.936164875000000007e+00 1.118205100000000014e-02 4.211299999999999744e-04 1.000000000000000000e+00 1.128089999999999996e-02 1.155370000000000008e-02
1.936810264000000004e+00 1.105932500000000006e-02 4.198720000000000078e-04 1.000000000000000000e+00 1.120499999999999968e-02 1.147609999999999950e-02
1.937455866999999943e+00 1.098121600000000024e-02 4.183950000000000082e-04 1.000000000000000000e+00 1.111730000000000010e-02 1.138660000000000019e-02
1.938101685999999990e+00 1.097827600000000035e-02 4.173029999999999990e-04 1.000000000000000000e+00 1.105180000000000051e-02 1.131970000000000025e-02
1.938747720000000063e+00 1.106451500000000046e-02 4.171129999999999890e-04 1.000000000000000000e+00 1.103690000000000053e-02 1.130450000000000031e-02
1.939393968999999940e+00 1.123445099999999947e-02 4.181359999999999960e-04 1.000000000000000000e+00 1.108939999999999926e-02 1.135850000000000054e-02
1.940040433000000064e+00 1.146514300000000056e-02 4.204060000000000132e-04 1.000000000000000000e+00 1.121179999999999920e-02 1.148410000000000056e-02
1.940687113999999935e+00 1.172259699999999953e-02 4.236889999999999884e-04 1.000000000000000000e+00 1.139159999999999999e-02 1.166850000000000005e-02
1.941334008999999972e+00 1.197083799999999927e-02 4.275600000000000060e-04 1.000000000000000000e+00 1.160590000000000059e-02 1.188829999999999922e-02
1.941981120999999977e+00 1.218079499999999947e-02 4.315260000000000016e-04 1.000000000000000000e+00 1.182689999999999957e-02 1.211500000000000077e-02
1.942628448000000008e+00 1.233619300000000051e-02 4.351460000000000245e-04 1.000000000000000000e+00 1.202959999999999967e-02 1.232300000000000062e-02
1.943275990000000064e+00 1.243487100000000012e-02 4.381289999999999924e-04 1.000000000000000000e+00 1.219630000000000020e-02 1.249409999999999930e-02
1.943923749000000090e+00 1.248565199999999986e-02 4.403529999999999901e-04 1.000000000000000000e+00 1.231939999999999945e-02 1.262059999999999918e-02
1.944571724000000001e+00 1.250255800000000042e-02 4.418539999999999881e-04 1.000000000000000000e+00 1.240040000000000066e-02 1.270390000000000061e-02
1.945219913999999939e+00 1.249874400000000087e-02 4.427589999999999803e-04 1.000000000000000000e+00 1.244639999999999982e-02 1.275150000000000068e-02
1.945868321000000067e+00 1.248220300000000074e-02 4.432179999999999974e-04 1.000000000000000000e+00 1.246629999999999960e-02 1.277230000000000032e-02
1.946516944000000082e+00 1.245402500000000051e-02 4.433470000000000228e-04 1.000000000000000000e+00 1.246670000000000070e-02 1.277310000000000077e-02
1.947165782999999983e+00 1.240890199999999943e-02 4.431889999999999745e-04 1.000000000000000000e+00 1.244999999999999926e-02 1.275650000000000048e-02
1.947814837999999993e+00 1.233691800000000054e-02 4.427039999999999816e-04 1.000000000000000000e+00 1.241410000000000083e-02 1.272009999999999981e-02
1.948464109999999971e+00 1.222608799999999954e-02 4.417809999999999771e-04 1.000000000000000000e+00 1.235250000000000063e-02 1.265729999999999980e-02
1.949113598000000058e+00 1.206501800000000027e-02 4.402669999999999913e-04 1.000000000000000000e+00 1.225620000000000008e-02 1.255910000000000012e-02
1.949763302000000031e+00 1.184588699999999939e-02 4.379930000000000195e-04 1.000000000000000000e+00 1.211609999999999944e-02 1.241579999999999941e-02
1.950413222999999974e+00 1.156730499999999995e-02 4.348220000000000188e-04 1.000000000000000000e+00 1.192499999999999984e-02 1.222039999999999932e-02
1.951063361000000107e+00 1.123654800000000072e-02 4.306909999999999732e-04 1.000000000000000000e+00 1.168049999999999991e-02 1.197009999999999914e-02
1.951713714999999905e+00 1.087039499999999971e-02 4.256460000000000105e-04 1.000000000000000000e+00 1.138690000000000015e-02 1.166969999999999986e-02
1.952364286999999976e+00 1.049413899999999955e-02 4.198720000000000078e-04 1.000000000000000000e+00 1.105659999999999976e-02 1.133149999999999956e-02
1.953015074999999934e+00 1.013870099999999996e-02 4.136979999999999954e-04 1.000000000000000000e+00 1.070909999999999918e-02 1.097569999999999969e-02
1.953666080000000083e+00 9.836550100000000796e-03 4.075749999999999729e-04 1.000000000000000000e+00 1.037000000000000074e-02 1.062839999999999965e-02
1.954317301999999978e+00 9.617135400000000750e-03 4.020369999999999998e-04 1.000000000000000000e+00 1.006720000000000011e-02 1.031840000000000014e-02
1.954968741000000065e+00 9.502744100000000069e-03 3.976219999999999820e-04 1.000000000000000000e+00 9.827829999999999205e-03 1.007339999999999972e-02
1.955620396999999899e+00 9.505268900000000618e-03 3.948019999999999785e-04 1.000000000000000000e+00 9.674389999999999726e-03 9.916499999999999967e-03
1.956272271000000007e+00 9.624150399999999855e-03 3.938929999999999775e-04 1.000000000000000000e+00 9.621489999999999904e-03 9.862640000000000642e-03
1.956924361000000001e+00 9.845895900000000214e-03 3.949940000000000200e-04 1.000000000000000000e+00 9.673599999999999213e-03 9.916420000000000443e-03
1.957576669000000047e+00 1.014540000000000060e-02 3.979640000000000000e-04 1.000000000000000000e+00 9.823999999999999400e-03 1.007100000000000009e-02
1.958229194999999923e+00 1.048933399999999946e-02 4.024370000000000096e-04 1.000000000000000000e+00 1.005529999999999965e-02 1.030840000000000055e-02
1.958881937999999989e+00 1.084146700000000046e-02 4.078880000000000223e-04 1.000000000000000000e+00 1.034179999999999995e-02 1.060250000000000081e-02
1.959534899000000108e+00 1.116902900000000046e-02 4.137340000000000202e-04 1.000000000000000000e+00 1.065349999999999978e-02 1.092249999999999992e-02
1.960188076999999973e+00 1.144877600000000079e-02 4.194339999999999961e-04 1.000000000000000000e+00 1.096130000000000021e-02 1.123840000000000082e-02
1.960841472999999890e+00 1.167104499999999968e-02 4.245830000000000242e-04 1.000000000000000000e+00 1.124209999999999966e-02 1.152670000000000083e-02
1.961495087000000082e+00 1.184058699999999964e-02 4.289650000000000104e-04 1.000000000000000000e+00 1.148240000000000025e-02 1.177339999999999984e-02
1.962148919000000102e+00 1.197378999999999978e-02 4.325670000000000209e-04 1.000000000000000000e+00 1.168029999999999936e-02 1.197669999999999985e-02
1.962802968000000092e+00 1.209332999999999936e-02 4.355520000000000203e-04 1.000000000000000000e+00 1.184400000000000036e-02 1.214499999999999955e-02
1.963457235999999995e+00 1.222190700000000060e-02 4.381930000000000243e-04 1.000000000000000000e+00 1.198869999999999970e-02 1.229380000000000056e-02
1.964111721999999949e+00 1.237700000000000085e-02 4.407960000000000263e-04 1.000000000000000000e+00 1.213189999999999928e-02 1.244100000000000067e-02
1.964766425999999955e+00 1.256800999999999925e-02 4.436269999999999862e-04 1.000000000000000000e+00 1.228910000000000072e-02 1.260260000000000026e-02
1.965421348000000012e+00 1.279611599999999974e-02 4.468650000000000118e-04 1.000000000000000000e+00 1.247099999999999945e-02 1.278950000000000052e-02
1.966076487999999900e+00 1.305623099999999974e-02 4.505789999999999969e-04 1.000000000000000000e+00 1.268209999999999997e-02 1.300650000000000070e-02
1.966731846999999922e+00 1.333996399999999929e-02 4.547460000000000131e-04 1.000000000000000000e+00 1.292180000000000065e-02 1.325280000000000034e-02
1.967387423999999996e+00 1.363851500000000036e-02 4.592800000000000073e-04 1.000000000000000000e+00 1.318569999999999985e-02 1.352390000000000016e-02
1.968043219999999982e+00 1.394467899999999976e-02 4.640690000000000049e-04 1.000000000000000000e+00 1.346759999999999971e-02 1.381360000000000053e-02
1.968699234000000020e+00 1.425382799999999964e-02 4.690070000000000176e-04 1.000000000000000000e+00 1.376169999999999997e-02 1.411579999999999953e-02
1.969355468000000053e+00 1.456391699999999914e-02 4.740120000000000011e-04 1.000000000000000000e+00 1.406330000000000080e-02 1.442560000000000023e-02
1.970011919000000056e+00 1.487481899999999919e-02 4.790309999999999881e-04 1.000000000000000000e+00 1.436939999999999919e-02 1.474010000000000077e-02
1.970668590000000053e+00 1.518724599999999973e-02 4.840399999999999803e-04 1.000000000000000000e+00 1.467839999999999943e-02 1.505749999999999970e-02
1.971325479999999963e+00 1.550149200000000040e-02 4.890320000000000300e-04 1.000000000000000000e+00 1.498979999999999931e-02 1.537739999999999940e-02
1.971982587999999925e+00 1.581622099999999836e-02 4.939999999999999730e-04 1.000000000000000000e+00 1.530289999999999949e-02 1.569900000000000115e-02
1.972639916000000104e+00 1.612756099999999859e-02 4.989239999999999821e-04 1.000000000000000000e+00 1.561620000000000022e-02 1.602069999999999883e-02
1.973297461999999891e+00 1.642872299999999924e-02 5.037579999999999836e-04 1.000000000000000000e+00 1.592620000000000147e-02 1.633920000000000164e-02
1.973955227999999895e+00 1.671047599999999841e-02 5.084249999999999577e-04 1.000000000000000000e+00 1.622739999999999946e-02 1.664859999999999951e-02
1.974613213000000034e+00 1.696266399999999883e-02 5.128210000000000017e-04 1.000000000000000000e+00 1.651230000000000059e-02 1.694139999999999882e-02
1.975271417000000085e+00 1.717652700000000046e-02 5.168279999999999923e-04 1.000000000000000000e+00 1.677259999999999862e-02 1.720889999999999920e-02
1.975929840999999909e+00 1.734741000000000061e-02 5.203420000000000267e-04 1.000000000000000000e+00 1.700070000000000053e-02 1.744350000000000067e-02
1.976588484999999951e+00 1.747690799999999933e-02 5.232989999999999647e-04 1.000000000000000000e+00 1.719220000000000123e-02 1.764040000000000052e-02
1.977247347000000044e+00 1.757349399999999853e-02 5.257029999999999776e-04 1.000000000000000000e+00 1.734679999999999903e-02 1.779949999999999935e-02
1.977906429999999993e+00 1.765103000000000158e-02 5.276319999999999925e-04 1.000000000000000000e+00 1.746990000000000001e-02 1.792610000000000037e-02
1.978565732000000077e+00 1.772523399999999943e-02 5.292299999999999999e-04 1.000000000000000000e+00 1.757130000000000150e-02 1.803039999999999851e-02
1.979225253999999934e+00 1.780921300000000082e-02 5.306710000000000290e-04 1.000000000000000000e+00 1.766260000000000052e-02 1.812439999999999884e-02
1.979884996000000008e+00 1.790950800000000107e-02 5.321139999999999811e-04 1.000000000000000000e+00 1.775480000000000114e-02 1.821930000000000077e-02
1.980544956999999995e+00 1.802418500000000159e-02 5.336619999999999602e-04 1.000000000000000000e+00 1.785460000000000172e-02 1.832200000000000148e-02
1.981205139000000059e+00 1.814369199999999946e-02 5.353299999999999855e-04 1.000000000000000000e+00 1.796259999999999871e-02 1.843320000000000028e-02
1.981865540999999897e+00 1.825420599999999852e-02 5.370470000000000235e-04 1.000000000000000000e+00 1.807390000000000038e-02 1.854779999999999970e-02
1.982526162999999952e+00 1.834217100000000086e-02 5.386860000000000259e-04 1.000000000000000000e+00 1.817919999999999953e-02 1.865640000000000007e-02
1.983187005000000003e+00 1.839847600000000041e-02 5.401030000000000024e-04 1.000000000000000000e+00 1.826859999999999942e-02 1.874860000000000068e-02
1.983848067000000048e+00 1.842088199999999953e-02 5.411840000000000010e-04 1.000000000000000000e+00 1.833399999999999960e-02 1.881640000000000049e-02
1.984509349999999950e+00 1.841415199999999960e-02 5.418779999999999777e-04 1.000000000000000000e+00 1.837220000000000172e-02 1.885620000000000004e-02
1.985170853000000069e+00 1.838815300000000083e-02 5.422060000000000464e-04 1.000000000000000000e+00 1.838470000000000035e-02 1.886960000000000026e-02
1.985832575999999960e+00 1.835481200000000160e-02 5.422489999999999645e-04 1.000000000000000000e+00 1.837760000000000088e-02 1.886279999999999901e-02
1.986494521000000013e+00 1.832492999999999969e-02 5.421249999999999637e-04 1.000000000000000000e+00 1.835940000000000141e-02 1.884459999999999955e-02
1.987156684999999978e+00 1.830565600000000001e-02 5.419580000000000447e-04 1.000000000000000000e+00 1.833860000000000004e-02 1.882380000000000164e-02
1.987819071000000104e+00 1.829903399999999875e-02 5.418439999999999845e-04 1.000000000000000000e+00 1.832189999999999860e-02 1.880710000000000021e-02
1.988481677000000003e+00 1.830140200000000134e-02 5.418299999999999809e-04 1.000000000000000000e+00 1.831230000000000011e-02 1.879779999999999993e-02
1.989144505000000063e+00 1.830355300000000018e-02 5.418999999999999989e-04 1.000000000000000000e+00 1.830839999999999898e-02 1.879439999999999930e-02
1.989807552999999896e+00 1.829128099999999951e-02 5.419710000000000326e-04 1.000000000000000000e+00 1.830400000000000083e-02 1.879039999999999877e-02
1.990470822000000028e+00 1.824636899999999839e-02 5.418890000000000425e-04 1.000000000000000000e+00 1.828820000000000098e-02 1.877490000000000062e-02
1.991134312000000017e+00 1.814802399999999871e-02 5.414429999999999590e-04 1.000000000000000000e+00 1.824630000000000002e-02 1.873259999999999856e-02
1.991798023999999945e+00 1.797481199999999973e-02 5.403769999999999797e-04 1.000000000000000000e+00 1.816059999999999897e-02 1.864520000000000066e-02
1.992461956000000090e+00 1.770699300000000073e-02 5.384100000000000170e-04 1.000000000000000000e+00 1.801200000000000023e-02 1.849340000000000012e-02
1.993126109999999951e+00 1.732894600000000132e-02 5.352599999999999676e-04 1.000000000000000000e+00 1.778220000000000148e-02 1.825819999999999874e-02
1.993790485999999973e+00 1.683130700000000021e-02 5.306710000000000290e-04 1.000000000000000000e+00 1.745549999999999879e-02 1.792349999999999846e-02
1.994455081999999990e+00 1.621253300000000119e-02 5.244380000000000092e-04 1.000000000000000000e+00 1.702100000000000141e-02 1.747809999999999989e-02
1.995119901000000029e+00 1.547964100000000058e-02 5.164289999999999983e-04 1.000000000000000000e+00 1.647409999999999847e-02 1.691710000000000089e-02
1.995784940999999924e+00 1.464812000000000058e-02 5.065980000000000309e-04 1.000000000000000000e+00 1.581750000000000170e-02 1.624329999999999871e-02
1.996450201999999896e+00 1.374095600000000035e-02 4.949979999999999658e-04 1.000000000000000000e+00 1.506150000000000024e-02 1.546739999999999920e-02
1.997115685999999890e+00 1.278699200000000050e-02 4.817879999999999754e-04 1.000000000000000000e+00 1.422389999999999939e-02 1.460750000000000069e-02
1.997781390999999962e+00 1.181873699999999930e-02 4.672270000000000177e-04 1.000000000000000000e+00 1.332829999999999952e-02 1.368800000000000051e-02
1.998447317999999973e+00 1.087001599999999971e-02 4.516699999999999903e-04 1.000000000000000000e+00 1.240289999999999969e-02 1.273789999999999992e-02
1.999113466999999922e+00 9.973787600000000655e-03 4.355609999999999994e-04 1.000000000000000000e+00 1.147839999999999971e-02 1.178859999999999977e-02
1.999779838000000032e+00 9.160391900000000240e-03 4.194169999999999995e-04 1.000000000000000000e+00 1.058590000000000052e-02 1.087210000000000086e-02
2.000446431999999941e+00 8.456250400000000361e-03 4.038110000000000137e-04 1.000000000000000000e+00 9.755359999999999379e-03 1.001930000000000008e-02
2.001113247000000150e+00 7.882923700000000686e-03 3.893540000000000130e-04 1.000000000000000000e+00 9.013999999999999443e-03 9.258050000000000307e-03
2.001780285000000159e+00 7.456231199999999865e-03 3.766619999999999929e-04 1.000000000000000000e+00 8.385059999999999736e-03 8.612240000000000173e-03
2.002447544999999884e+00 7.185183199999999569e-03 3.663059999999999992e-04 1.000000000000000000e+00 7.886789999999999426e-03 8.100639999999999230e-03
2.003115027999999853e+00 7.070652900000000060e-03 3.587549999999999897e-04 1.000000000000000000e+00 7.531249999999999750e-03 7.735660000000000106e-03
2.003782732999999983e+00 7.103924600000000381e-03 3.542919999999999750e-04 1.000000000000000000e+00 7.323050000000000219e-03 7.522029999999999862e-03
2.004450659999999829e+00 7.265616600000000119e-03 3.529469999999999938e-04 1.000000000000000000e+00 7.258080000000000087e-03 7.455530000000000143e-03
2.005118809999999918e+00 7.525696099999999722e-03 3.544570000000000251e-04 1.000000000000000000e+00 7.322559999999999659e-03 7.522019999999999922e-03
2.005787182999999807e+00 7.845312400000000255e-03 3.582780000000000144e-04 1.000000000000000000e+00 7.492959999999999898e-03 7.697309999999999743e-03
2.006455778999999939e+00 8.180904200000000195e-03 3.636560000000000161e-04 1.000000000000000000e+00 7.737360000000000418e-03 7.948629999999999932e-03
2.007124597999999871e+00 8.490228000000000705e-03 3.697409999999999824e-04 1.000000000000000000e+00 8.018580000000000846e-03 8.237760000000000221e-03
2.007793638999999963e+00 8.739133300000000160e-03 3.757160000000000057e-04 1.000000000000000000e+00 8.298820000000000155e-03 8.525879999999999570e-03
2.008462903999999938e+00 8.907329900000000161e-03 3.809120000000000149e-04 1.000000000000000000e+00 8.545209999999999265e-03 8.779230000000000714e-03
2.009132391000000073e+00 8.991348200000000637e-03 3.848939999999999913e-04 1.000000000000000000e+00 8.734729999999999578e-03 8.974140000000000242e-03
2.009802102000000090e+00 9.003731600000000265e-03 3.874940000000000003e-04 1.000000000000000000e+00 8.857369999999999827e-03 9.100340000000000165e-03
2.010472035999999907e+00 8.968821499999999822e-03 3.888089999999999971e-04 1.000000000000000000e+00 8.916580000000000339e-03 9.161400000000000099e-03
2.011142194000000050e+00 8.916517299999999341e-03 3.891440000000000133e-04 1.000000000000000000e+00 8.927050000000000610e-03 9.172400000000000692e-03
2.011812573999999909e+00 8.876119000000000023e-03 3.889389999999999840e-04 1.000000000000000000e+00 8.910500000000000018e-03 9.155669999999999434e-03
2.012483178000000095e+00 8.871854099999999799e-03 3.886750000000000014e-04 1.000000000000000000e+00 8.891039999999999360e-03 9.135980000000000142e-03
2.013154006000000162e+00 8.920895599999999204e-03 3.888040000000000268e-04 1.000000000000000000e+00 8.891130000000000561e-03 9.136399999999999383e-03
2.013825058000000112e+00 9.033456400000000608e-03 3.896939999999999996e-04 1.000000000000000000e+00 8.929039999999999200e-03 9.175700000000000175e-03
2.014496332999999861e+00 9.214057200000000392e-03 3.916020000000000091e-04 1.000000000000000000e+00 9.017870000000000746e-03 9.267340000000000647e-03
2.015167830999999854e+00 9.462967600000000284e-03 3.946760000000000003e-04 1.000000000000000000e+00 9.165660000000000820e-03 9.419570000000000373e-03
2.015839553999999811e+00 9.777262099999999706e-03 3.989619999999999929e-04 1.000000000000000000e+00 9.376020000000000534e-03 9.636099999999999874e-03
2.016511500000000012e+00 1.015147400000000061e-02 4.044249999999999776e-04 1.000000000000000000e+00 9.648880000000000304e-03 9.916879999999999445e-03
2.017183671000000178e+00 1.057807399999999981e-02 4.109639999999999908e-04 1.000000000000000000e+00 9.981179999999999219e-03 1.025880000000000021e-02
2.017856065000000143e+00 1.104806099999999965e-02 4.184290000000000015e-04 1.000000000000000000e+00 1.036740000000000057e-02 1.065609999999999995e-02
2.018528684000000073e+00 1.155160600000000072e-02 4.266399999999999945e-04 1.000000000000000000e+00 1.080030000000000052e-02 1.110140000000000085e-02
2.019201526999999885e+00 1.207865200000000049e-02 4.354030000000000053e-04 1.000000000000000000e+00 1.127129999999999972e-02 1.158600000000000081e-02
2.019874594000000023e+00 1.261929799999999928e-02 4.445229999999999993e-04 1.000000000000000000e+00 1.177139999999999957e-02 1.210050000000000014e-02
2.020547886000000126e+00 1.316396599999999917e-02 4.538160000000000067e-04 1.000000000000000000e+00 1.229129999999999980e-02 1.263539999999999976e-02
2.021221402000000111e+00 1.370348199999999947e-02 4.631069999999999826e-04 1.000000000000000000e+00 1.282160000000000070e-02 1.318100000000000001e-02
2.021895141999999979e+00 1.422927199999999941e-02 4.722419999999999960e-04 1.000000000000000000e+00 1.335330000000000024e-02 1.372810000000000002e-02
2.022569106999999811e+00 1.473370400000000024e-02 4.810840000000000038e-04 1.000000000000000000e+00 1.387769999999999976e-02 1.426760000000000007e-02
2.023243297000000052e+00 1.521051000000000000e-02 4.895169999999999686e-04 1.000000000000000000e+00 1.438689999999999934e-02 1.479150000000000083e-02
2.023917711000000175e+00 1.565510000000000165e-02 4.974530000000000228e-04 1.000000000000000000e+00 1.487390000000000066e-02 1.529259999999999994e-02
2.024592350999999901e+00 1.606465300000000165e-02 5.048309999999999647e-04 1.000000000000000000e+00 1.533340000000000050e-02 1.576529999999999945e-02
2.025267214999999954e+00 1.643792700000000148e-02 5.116170000000000179e-04 1.000000000000000000e+00 1.576139999999999833e-02 1.620569999999999997e-02
2.025942303999999972e+00 1.677486200000000149e-02 5.178000000000000094e-04 1.000000000000000000e+00 1.615540000000000032e-02 1.661110000000000017e-02
2.026617617999999954e+00 1.707612899999999892e-02 5.233879999999999566e-04 1.000000000000000000e+00 1.651429999999999912e-02 1.698049999999999907e-02
2.027293156999999901e+00 1.734273199999999959e-02 5.284000000000000502e-04 1.000000000000000000e+00 1.683799999999999880e-02 1.731370000000000131e-02
2.027968921999999896e+00 1.757576400000000066e-02 5.328600000000000177e-04 1.000000000000000000e+00 1.712680000000000105e-02 1.761110000000000106e-02
2.028644911000000217e+00 1.777636299999999989e-02 5.367940000000000515e-04 1.000000000000000000e+00 1.738160000000000052e-02 1.787359999999999990e-02
2.029321126000000142e+00 1.794584000000000110e-02 5.402280000000000190e-04 1.000000000000000000e+00 1.760360000000000050e-02 1.810230000000000172e-02
2.029997566000000031e+00 1.808589199999999925e-02 5.431869999999999884e-04 1.000000000000000000e+00 1.779390000000000138e-02 1.829849999999999879e-02
2.030674231999999968e+00 1.819874900000000018e-02 5.456999999999999828e-04 1.000000000000000000e+00 1.795429999999999943e-02 1.846400000000000124e-02
2.031351123999999952e+00 1.828714799999999960e-02 5.478009999999999954e-04 1.000000000000000000e+00 1.808670000000000069e-02 1.860080000000000067e-02
2.032028240999999902e+00 1.835409199999999894e-02 5.495260000000000509e-04 1.000000000000000000e+00 1.819370000000000015e-02 1.871139999999999956e-02
2.032705583999999899e+00 1.840246099999999843e-02 5.509140000000000044e-04 1.000000000000000000e+00 1.827780000000000030e-02 1.879849999999999924e-02
2.033383151999999860e+00 1.843463000000000046e-02 5.520059999999999594e-04 1.000000000000000000e+00 1.834159999999999957e-02 1.886470000000000161e-02
2.034060945999999870e+00 1.845225400000000127e-02 5.528360000000000175e-04 1.000000000000000000e+00 1.838750000000000107e-02 1.891249999999999876e-02
2.034738967000000009e+00 1.845635500000000068e-02 5.534300000000000460e-04 1.000000000000000000e+00 1.841720000000000163e-02 1.894370000000000082e-02
2.035417213000000114e+00 1.844763400000000095e-02 5.538080000000000346e-04 1.000000000000000000e+00 1.843229999999999869e-02 1.895969999999999947e-02
2.036095685999999905e+00 1.842697299999999927e-02 5.539860000000000183e-04 1.000000000000000000e+00 1.843370000000000078e-02 1.896180000000000088e-02
2.036774384000000104e+00 1.839584199999999906e-02 5.539790000000000166e-04 1.000000000000000000e+00 1.842270000000000019e-02 1.895099999999999910e-02
2.037453308999999990e+00 1.835648100000000088e-02 5.538080000000000346e-04 1.000000000000000000e+00 1.840059999999999960e-02 1.892879999999999910e-02
2.038132459999999924e+00 1.831173100000000123e-02 5.535009999999999713e-04 1.000000000000000000e+00 1.836940000000000101e-02 1.889719999999999941e-02
2.038811836999999905e+00 1.826450699999999927e-02 5.530930000000000525e-04 1.000000000000000000e+00 1.833140000000000117e-02 1.885859999999999967e-02
2.039491441000000016e+00 1.821699599999999919e-02 5.526209999999999933e-04 1.000000000000000000e+00 1.828899999999999970e-02 1.881559999999999830e-02
2.040171271999999814e+00 1.816977100000000123e-02 5.521159999999999566e-04 1.000000000000000000e+00 1.824430000000000149e-02 1.877020000000000077e-02
2.040851329000000103e+00 1.812104299999999987e-02 5.515910000000000387e-04 1.000000000000000000e+00 1.819799999999999890e-02 1.872319999999999887e-02
2.041531613000000078e+00 1.806620000000000101e-02 5.510310000000000034e-04 1.000000000000000000e+00 1.814920000000000075e-02 1.867359999999999853e-02
2.042212123000000101e+00 1.799784899999999979e-02 5.503879999999999623e-04 1.000000000000000000e+00 1.809440000000000007e-02 1.861789999999999973e-02
2.042892860999999893e+00 1.790643399999999885e-02 5.495769999999999865e-04 1.000000000000000000e+00 1.802799999999999889e-02 1.855029999999999873e-02
2.043573825000000177e+00 1.778145399999999862e-02 5.484840000000000158e-04 1.000000000000000000e+00 1.794230000000000130e-02 1.846269999999999856e-02
2.044255016000000147e+00 1.761314300000000124e-02 5.469750000000000003e-04 1.000000000000000000e+00 1.782829999999999832e-02 1.834610000000000060e-02
2.044936434999999886e+00 1.739434899999999992e-02 5.449159999999999985e-04 1.000000000000000000e+00 1.767739999999999936e-02 1.819130000000000053e-02
2.045618080000000116e+00 1.712220700000000040e-02 5.421939999999999659e-04 1.000000000000000000e+00 1.748250000000000151e-02 1.799129999999999827e-02
2.046299953000000116e+00 1.679917900000000089e-02 5.387410000000000245e-04 1.000000000000000000e+00 1.723989999999999898e-02 1.774219999999999964e-02
2.046982052999999802e+00 1.643318900000000082e-02 5.345449999999999854e-04 1.000000000000000000e+00 1.694990000000000038e-02 1.744419999999999998e-02
2.047664380000000062e+00 1.603682000000000024e-02 5.296609999999999556e-04 1.000000000000000000e+00 1.661759999999999973e-02 1.710259999999999905e-02
2.048346935000000091e+00 1.562578499999999967e-02 5.242130000000000444e-04 1.000000000000000000e+00 1.625209999999999849e-02 1.672689999999999941e-02
2.049029716999999806e+00 1.521710000000000076e-02 5.183749999999999556e-04 1.000000000000000000e+00 1.586600000000000163e-02 1.632990000000000136e-02
2.049712727000000179e+00 1.482743899999999955e-02 5.123659999999999933e-04 1.000000000000000000e+00 1.547390000000000050e-02 1.592659999999999909e-02
2.050395964999999876e+00 1.447200199999999944e-02 5.064209999999999545e-04 1.000000000000000000e+00 1.509079999999999970e-02 1.553269999999999998e-02
2.051079430000000148e+00 1.416405599999999952e-02 5.007839999999999948e-04 1.000000000000000000e+00 1.473140000000000040e-02 1.516319999999999994e-02
2.051763123000000189e+00 1.391497000000000046e-02 4.956890000000000037e-04 1.000000000000000000e+00 1.440929999999999989e-02 1.483210000000000084e-02
2.052447043999999998e+00 1.373439599999999941e-02 4.913559999999999759e-04 1.000000000000000000e+00 1.413659999999999917e-02 1.455189999999999956e-02
2.053131193000000021e+00 1.363009500000000006e-02 4.879850000000000246e-04 1.000000000000000000e+00 1.392380000000000007e-02 1.433339999999999961e-02
2.053815569999999813e+00 1.360705700000000053e-02 4.857449999999999919e-04 1.000000000000000000e+00 1.377959999999999949e-02 1.418559999999999960e-02
2.054500174999999818e+00 1.366586799999999942e-02 4.847559999999999781e-04 1.000000000000000000e+00 1.371020000000000051e-02 1.411470000000000086e-02
2.055185009000000118e+00 1.380075899999999925e-02 4.850610000000000100e-04 1.000000000000000000e+00 1.371769999999999934e-02 1.412309999999999954e-02
2.055870070000000105e+00 1.399812500000000015e-02 4.866040000000000187e-04 1.000000000000000000e+00 1.379879999999999995e-02 1.420740000000000024e-02
2.056555361000000026e+00 1.423648800000000027e-02 4.892050000000000435e-04 1.000000000000000000e+00 1.394390000000000039e-02 1.435739999999999933e-02
2.057240879000000078e+00 1.448846500000000072e-02 4.925679999999999772e-04 1.000000000000000000e+00 1.413610000000000040e-02 1.455599999999999949e-02
2.057926625999999981e+00 1.472474000000000005e-02 4.963110000000000395e-04 1.000000000000000000e+00 1.435329999999999939e-02 1.478029999999999969e-02
2.058612601000000097e+00 1.491917799999999995e-02 5.000150000000000297e-04 1.000000000000000000e+00 1.457050000000000012e-02 1.500450000000000048e-02
2.059298806000000148e+00 1.505371399999999929e-02 5.032959999999999734e-04 1.000000000000000000e+00 1.476389999999999994e-02 1.520409999999999991e-02
2.059985238999999968e+00 1.512154899999999975e-02 5.058639999999999665e-04 1.000000000000000000e+00 1.491490000000000003e-02 1.536000000000000039e-02
2.060671900000000001e+00 1.512768700000000077e-02 5.075639999999999536e-04 1.000000000000000000e+00 1.501289999999999916e-02 1.546130000000000074e-02
2.061358790999999968e+00 1.508671099999999918e-02 5.083950000000000274e-04 1.000000000000000000e+00 1.505689999999999980e-02 1.550709999999999936e-02
2.062045910999999787e+00 1.501857499999999929e-02 5.084869999999999581e-04 1.000000000000000000e+00 1.505470000000000072e-02 1.550520000000000023e-02
2.062733258999999819e+00 1.494382099999999949e-02 5.080609999999999727e-04 1.000000000000000000e+00 1.501970000000000041e-02 1.546960000000000002e-02
2.063420836999999786e+00 1.487962200000000033e-02 5.073789999999999680e-04 1.000000000000000000e+00 1.496809999999999981e-02 1.541700000000000015e-02
2.064108644000000048e+00 1.483766299999999920e-02 5.066860000000000070e-04 1.000000000000000000e+00 1.491540000000000053e-02 1.536329999999999987e-02
2.064796680000000162e+00 1.482402099999999973e-02 5.061830000000000019e-04 1.000000000000000000e+00 1.487390000000000066e-02 1.532120000000000010e-02
2.065484946000000210e+00 1.484056899999999964e-02 5.060040000000000024e-04 1.000000000000000000e+00 1.485210000000000002e-02 1.529939999999999946e-02
2.066173441000000111e+00 1.488696899999999990e-02 5.062250000000000126e-04 1.000000000000000000e+00 1.485500000000000015e-02 1.530310000000000004e-02
2.066862164999999862e+00 1.496233999999999932e-02 5.068810000000000416e-04 1.000000000000000000e+00 1.488480000000000011e-02 1.533439999999999977e-02
2.067551118999999993e+00 1.506603599999999966e-02 5.079810000000000141e-04 1.000000000000000000e+00 1.494239999999999978e-02 1.539450000000000020e-02
2.068240303000000058e+00 1.519749199999999995e-02 5.095240000000000229e-04 1.000000000000000000e+00 1.502799999999999969e-02 1.548330000000000019e-02
2.068929715999999974e+00 1.535548200000000016e-02 5.115020000000000504e-04 1.000000000000000000e+00 1.514129999999999990e-02 1.560070000000000033e-02
2.069619359999999908e+00 1.553734600000000049e-02 5.138919999999999513e-04 1.000000000000000000e+00 1.528110000000000059e-02 1.574530000000000027e-02
2.070309233000000138e+00 1.573868100000000089e-02 5.166539999999999631e-04 1.000000000000000000e+00 1.544509999999999980e-02 1.591489999999999919e-02
2.070999335999999857e+00 1.595372000000000109e-02 5.197280000000000085e-04 1.000000000000000000e+00 1.562979999999999925e-02 1.610570000000000057e-02
2.071689668999999956e+00 1.617627500000000038e-02 5.230369999999999594e-04 1.000000000000000000e+00 1.583029999999999854e-02 1.631279999999999883e-02
2.072380231999999989e+00 1.640086400000000111e-02 5.264949999999999795e-04 1.000000000000000000e+00 1.604130000000000139e-02 1.653090000000000115e-02
2.073071026000000039e+00 1.662354499999999999e-02 5.300240000000000333e-04 1.000000000000000000e+00 1.625800000000000162e-02 1.675470000000000084e-02
2.073762048999999941e+00 1.684209399999999843e-02 5.335630000000000277e-04 1.000000000000000000e+00 1.647610000000000047e-02 1.698010000000000144e-02
2.074453302999999860e+00 1.705545799999999904e-02 5.370670000000000131e-04 1.000000000000000000e+00 1.669290000000000010e-02 1.720409999999999995e-02
2.075144787999999796e+00 1.726270099999999835e-02 5.405069999999999666e-04 1.000000000000000000e+00 1.690639999999999851e-02 1.742480000000000070e-02
2.075836503000000111e+00 1.746193500000000134e-02 5.438580000000000367e-04 1.000000000000000000e+00 1.711510000000000115e-02 1.764059999999999934e-02
2.076528447999999916e+00 1.764968600000000123e-02 5.470880000000000448e-04 1.000000000000000000e+00 1.731680000000000025e-02 1.784919999999999909e-02
2.077220624000000182e+00 1.782100500000000087e-02 5.501489999999999939e-04 1.000000000000000000e+00 1.750840000000000035e-02 1.804740000000000164e-02
2.077913031000000021e+00 1.797032999999999964e-02 5.529820000000000395e-04 1.000000000000000000e+00 1.768580000000000152e-02 1.823100000000000068e-02
2.078605668999999878e+00 1.809278900000000148e-02 5.555169999999999466e-04 1.000000000000000000e+00 1.784420000000000103e-02 1.839500000000000163e-02
2.079298537000000113e+00 1.818553800000000109e-02 5.576949999999999789e-04 1.000000000000000000e+00 1.797930000000000014e-02 1.853489999999999999e-02
2.079991637000000004e+00 1.824867800000000082e-02 5.594740000000000173e-04 1.000000000000000000e+00 1.808790000000000051e-02 1.864769999999999969e-02
2.080684966999999830e+00 1.828551700000000113e-02 5.608489999999999830e-04 1.000000000000000000e+00 1.816929999999999934e-02 1.873239999999999975e-02
2.081378529000000199e+00 1.830210000000000170e-02 5.618459999999999600e-04 1.000000000000000000e+00 1.822510000000000102e-02 1.879079999999999986e-02
2.082072322000000142e+00 1.830616900000000061e-02 5.625320000000000277e-04 1.000000000000000000e+00 1.825979999999999964e-02 1.882730000000000167e-02
2.082766346000000102e+00 1.830582500000000126e-02 5.629930000000000221e-04 1.000000000000000000e+00 1.827909999999999952e-02 1.884809999999999958e-02
2.083460601000000079e+00 1.830821300000000026e-02 5.633289999999999999e-04 1.000000000000000000e+00 1.828990000000000130e-02 1.885999999999999829e-02
2.084155088000000156e+00 1.831851799999999891e-02 5.636350000000000474e-04 1.000000000000000000e+00 1.829860000000000167e-02 1.886989999999999848e-02
2.084849806999999888e+00 1.833943700000000010e-02 5.639879999999999676e-04 1.000000000000000000e+00 1.831059999999999979e-02 1.888300000000000048e-02
2.085544757000000082e+00 1.837120899999999946e-02 5.644400000000000372e-04 1.000000000000000000e+00 1.832929999999999976e-02 1.890299999999999966e-02
2.086239937999999849e+00 1.841208800000000007e-02 5.650139999999999676e-04 1.000000000000000000e+00 1.835610000000000019e-02 1.893140000000000100e-02
2.086935351999999799e+00 1.845913000000000068e-02 5.657060000000000213e-04 1.000000000000000000e+00 1.839079999999999881e-02 1.896789999999999934e-02
2.087630997000000210e+00 1.850904800000000017e-02 5.664939999999999603e-04 1.000000000000000000e+00 1.843159999999999937e-02 1.901090000000000071e-02
2.088326873999999833e+00 1.855895299999999956e-02 5.673440000000000080e-04 1.000000000000000000e+00 1.847649999999999987e-02 1.905799999999999855e-02
2.089022983000000000e+00 1.860683200000000023e-02 5.682219999999999546e-04 1.000000000000000000e+00 1.852300000000000127e-02 1.910699999999999898e-02
2.089719323999999823e+00 1.865170299999999864e-02 5.690979999999999780e-04 1.000000000000000000e+00 1.856939999999999980e-02 1.915580000000000060e-02
2.090415897000000189e+00 1.869346499999999939e-02 5.699519999999999803e-04 1.000000000000000000e+00 1.861439999999999970e-02 1.920320000000000013e-02
2.091112702000000212e+00 1.873252799999999829e-02 5.707730000000000052e-04 1.000000000000000000e+00 1.865750000000000047e-02 1.924860000000000113e-02
2.091809739999999973e+00 1.876936699999999861e-02 5.715569999999999895e-04 1.000000000000000000e+00 1.869859999999999925e-02 1.929190000000000071e-02
2.092507009000000195e+00 1.880412899999999929e-02 5.723030000000000261e-04 1.000000000000000000e+00 1.873760000000000009e-02 1.933290000000000008e-02
2.093204511999999795e+00 1.883643999999999943e-02 5.730120000000000222e-04 1.000000000000000000e+00 1.877430000000000071e-02 1.937159999999999924e-02
2.093902246999999939e+00 1.886546000000000056e-02 5.736790000000000075e-04 1.000000000000000000e+00 1.880839999999999942e-02 1.940760000000000055e-02
2.094600214000000182e+00 1.889016899999999832e-02 5.742979999999999960e-04 1.000000000000000000e+00 1.883920000000000039e-02 1.944009999999999835e-02
2.095298414000000164e+00 1.890978800000000029e-02 5.748599999999999544e-04 1.000000000000000000e+00 1.886579999999999854e-02 1.946840000000000029e-02
2.095996846999999885e+00 1.892416200000000132e-02 5.753590000000000050e-04 1.000000000000000000e+00 1.888770000000000032e-02 1.949180000000000010e-02
2.096695512999999789e+00 1.893397000000000135e-02 5.757930000000000079e-04 1.000000000000000000e+00 1.890469999999999998e-02 1.951030000000000125e-02
2.097394410999999792e+00 1.894067500000000057e-02 5.761689999999999650e-04 1.000000000000000000e+00 1.891730000000000148e-02 1.952430000000000138e-02
2.098093543000000061e+00 1.894620500000000068e-02 5.765020000000000040e-04 1.000000000000000000e+00 1.892670000000000116e-02 1.953509999999999969e-02
2.098792906999999985e+00 1.895248999999999892e-02 5.768109999999999904e-04 1.000000000000000000e+00 1.893449999999999994e-02 1.954409999999999828e-02
2.099492505000000175e+00 1.896098400000000017e-02 5.771180000000000537e-04 1.000000000000000000e+00 1.894209999999999991e-02 1.955310000000000034e-02
2.100192336000000104e+00 1.897231599999999949e-02 5.774390000000000122e-04 1.000000000000000000e+00 1.895109999999999850e-02 1.956340000000000162e-02
2.100892400000000215e+00 1.898617199999999908e-02 5.777840000000000233e-04 1.000000000000000000e+00 1.896199999999999969e-02 1.957559999999999856e-02
2.101592697000000065e+00 1.900141699999999961e-02 5.781519999999999628e-04 1.000000000000000000e+00 1.897499999999999881e-02 1.958990000000000037e-02
2.102293228000000180e+00 1.901641499999999832e-02 5.785350000000000301e-04 1.000000000000000000e+00 1.898920000000000122e-02 1.960550000000000140e-02
2.102993992000000034e+00 1.902943899999999869e-02 5.789150000000000502e-04 1.000000000000000000e+00 1.900359999999999897e-02 1.962109999999999896e-02
2.103694990000000153e+00 1.903906899999999874e-02 5.792749999999999722e-04 1.000000000000000000e+00 1.901670000000000096e-02 1.963540000000000077e-02
2.104396222000000094e+00 1.904448200000000146e-02 5.795969999999999464e-04 1.000000000000000000e+00 1.902720000000000106e-02 1.964700000000000127e-02
2.105097687000000217e+00 1.904557399999999914e-02 5.798710000000000322e-04 1.000000000000000000e+00 1.903430000000000052e-02 1.965509999999999827e-02
2.105799386999999800e+00 1.904290999999999970e-02 5.800920000000000425e-04 1.000000000000000000e+00 1.903759999999999827e-02 1.965940000000000049e-02
2.106501320000000010e+00 1.903755899999999904e-02 5.802640000000000402e-04 1.000000000000000000e+00 1.903730000000000006e-02 1.965990000000000099e-02
2.107203487000000042e+00 1.903084999999999846e-02 5.804000000000000131e-04 1.000000000000000000e+00 1.903399999999999884e-02 1.965750000000000136e-02
2.107905887999999894e+00 1.902412300000000042e-02 5.805129999999999492e-04 1.000000000000000000e+00 1.902879999999999849e-02 1.965309999999999974e-02
2.108608523000000012e+00 1.901851599999999920e-02 5.806220000000000391e-04 1.000000000000000000e+00 1.902270000000000003e-02 1.964789999999999939e-02
2.109311393000000034e+00 1.901479600000000048e-02 5.807429999999999927e-04 1.000000000000000000e+00 1.901689999999999978e-02 1.964310000000000014e-02
2.110014496999999878e+00 1.901326199999999952e-02 5.808869999999999832e-04 1.000000000000000000e+00 1.901229999999999934e-02 1.963950000000000071e-02
2.110717834999999987e+00 1.901371699999999942e-02 5.810599999999999966e-04 1.000000000000000000e+00 1.900929999999999981e-02 1.963770000000000099e-02
2.111421406999999917e+00 1.901553400000000060e-02 5.812610000000000172e-04 1.000000000000000000e+00 1.900819999999999940e-02 1.963789999999999980e-02
2.112125214999999834e+00 1.901780700000000116e-02 5.814830000000000432e-04 1.000000000000000000e+00 1.900860000000000050e-02 1.963960000000000011e-02
2.112829255999999933e+00 1.901957300000000142e-02 5.817150000000000098e-04 1.000000000000000000e+00 1.901009999999999853e-02 1.964240000000000083e-02
2.113533533000000020e+00 1.902007099999999951e-02 5.819430000000000219e-04 1.000000000000000000e+00 1.901190000000000171e-02 1.964540000000000036e-02
2.114238043999999928e+00 1.901896999999999963e-02 5.821549999999999989e-04 1.000000000000000000e+00 1.901320000000000093e-02 1.964789999999999939e-02
2.114942790000000183e+00 1.901647700000000038e-02 5.823420000000000159e-04 1.000000000000000000e+00 1.901359999999999856e-02 1.964930000000000149e-02
2.115647770999999899e+00 1.901330600000000065e-02 5.825059999999999960e-04 1.000000000000000000e+00 1.901289999999999925e-02 1.964950000000000030e-02
2.116352986999999963e+00 1.901048300000000163e-02 5.826520000000000180e-04 1.000000000000000000e+00 1.901140000000000121e-02 1.964880000000000099e-02
2.117058437999999931e+00 1.900905300000000145e-02 5.827939999999999770e-04 1.000000000000000000e+00 1.900960000000000150e-02 1.964770000000000058e-02
2.117764123999999804e+00 1.900976000000000055e-02 5.829459999999999850e-04 1.000000000000000000e+00 1.900829999999999881e-02 1.964720000000000008e-02
2.118470045000000024e+00 1.901282699999999951e-02 5.831210000000000299e-04 1.000000000000000000e+00 1.900819999999999940e-02 1.964789999999999939e-02
2.119176201999999787e+00 1.901789400000000047e-02 5.833270000000000208e-04 1.000000000000000000e+00 1.900960000000000150e-02 1.965019999999999961e-02
2.119882593999999898e+00 1.902413600000000052e-02 5.835649999999999735e-04 1.000000000000000000e+00 1.901250000000000162e-02 1.965429999999999955e-02
2.120589221999999996e+00 1.903052200000000110e-02 5.838259999999999630e-04 1.000000000000000000e+00 1.901680000000000037e-02 1.965969999999999870e-02
2.121296084999999998e+00 1.903612600000000044e-02 5.841009999999999562e-04 1.000000000000000000e+00 1.902169999999999903e-02 1.966590000000000005e-02
2.122003182999999904e+00 1.904038499999999995e-02 5.843750000000000420e-04 1.000000000000000000e+00 1.902670000000000056e-02 1.967210000000000139e-02
2.122710517999999880e+00 1.904323100000000074e-02 5.846389999999999703e-04 1.000000000000000000e+00 1.903120000000000159e-02 1.967790000000000164e-02
2.123418088000000203e+00 1.904507700000000053e-02 5.848869999999999720e-04 1.000000000000000000e+00 1.903490000000000043e-02 1.968280000000000030e-02
2.124125894000000070e+00 1.904667499999999902e-02 5.851190000000000471e-04 1.000000000000000000e+00 1.903809999999999877e-02 1.968709999999999904e-02
2.124833935999999923e+00 1.904890100000000003e-02 5.853409999999999646e-04 1.000000000000000000e+00 1.904099999999999890e-02 1.969100000000000017e-02
2.125542214000000207e+00 1.905251499999999903e-02 5.855619999999999749e-04 1.000000000000000000e+00 1.904399999999999843e-02 1.969519999999999951e-02
2.126250728000000034e+00 1.905796200000000121e-02 5.857930000000000342e-04 1.000000000000000000e+00 1.904780000000000015e-02 1.969999999999999876e-02
2.126959477999999848e+00 1.906523800000000171e-02 5.860429999999999589e-04 1.000000000000000000e+00 1.905259999999999940e-02 1.970610000000000070e-02
2.127668465000000175e+00 1.907386599999999835e-02 5.863160000000000290e-04 1.000000000000000000e+00 1.905859999999999846e-02 1.971339999999999898e-02
2.128377688000000045e+00 1.908299499999999843e-02 5.866099999999999960e-04 1.000000000000000000e+00 1.906539999999999971e-02 1.972170000000000173e-02
2.129087146999999902e+00 1.909158199999999930e-02 5.869210000000000139e-04 1.000000000000000000e+00 1.907270000000000146e-02 1.973060000000000092e-02
2.129796842000000190e+00 1.909863800000000111e-02 5.872380000000000178e-04 1.000000000000000000e+00 1.907980000000000093e-02 1.973940000000000070e-02
2.130506775000000186e+00 1.910345000000000099e-02 5.875490000000000356e-04 1.000000000000000000e+00 1.908610000000000168e-02 1.974729999999999888e-02
2.131216944000000169e+00 1.910573299999999974e-02 5.878430000000000027e-04 1.000000000000000000e+00 1.909090000000000092e-02 1.975379999999999844e-02
2.131927349000000138e+00 1.910566099999999948e-02 5.881109999999999940e-04 1.000000000000000000e+00 1.909399999999999986e-02 1.975849999999999829e-02
2.132637991999999816e+00 1.910378800000000002e-02 5.883509999999999782e-04 1.000000000000000000e+00 1.909550000000000136e-02 1.976139999999999841e-02
2.133348870999999924e+00 1.910089699999999863e-02 5.885620000000000478e-04 1.000000000000000000e+00 1.909570000000000017e-02 1.976280000000000051e-02
2.134059987000000103e+00 1.909780399999999947e-02 5.887499999999999721e-04 1.000000000000000000e+00 1.909490000000000146e-02 1.976320000000000160e-02
2.134771340999999989e+00 1.909518300000000168e-02 5.889200000000000467e-04 1.000000000000000000e+00 1.909380000000000105e-02 1.976309999999999872e-02
2.135482930999999862e+00 1.909343999999999972e-02 5.890809999999999796e-04 1.000000000000000000e+00 1.909280000000000005e-02 1.976289999999999991e-02
2.136194758999999888e+00 1.909264100000000047e-02 5.892379999999999580e-04 1.000000000000000000e+00 1.909210000000000074e-02 1.976309999999999872e-02
2.136906823999999983e+00 1.909252399999999961e-02 5.893959999999999521e-04 1.000000000000000000e+00 1.909189999999999846e-02 1.976359999999999922e-02
2.137619126000000147e+00 1.909257300000000157e-02 5.895539999999999461e-04 1.000000000000000000e+00 1.909179999999999905e-02 1.976429999999999854e-02
2.138331666000000020e+00 1.909213200000000124e-02 5.897129999999999560e-04 1.000000000000000000e+00 1.909150000000000083e-02 1.976489999999999844e-02
2.139044442999999962e+00 1.909053800000000065e-02 5.898690000000000270e-04 1.000000000000000000e+00 1.909049999999999983e-02 1.976469999999999963e-02
2.139757458000000057e+00 1.908724100000000132e-02 5.900179999999999878e-04 1.000000000000000000e+00 1.908810000000000021e-02 1.976340000000000041e-02
2.140470710000000221e+00 1.908187100000000025e-02 5.901580000000000237e-04 1.000000000000000000e+00 1.908409999999999968e-02 1.976050000000000029e-02
2.141184200000000093e+00 1.907426200000000155e-02 5.902859999999999791e-04 1.000000000000000000e+00 1.907820000000000002e-02 1.975580000000000044e-02
2.141897929000000200e+00 1.906441999999999859e-02 5.903969999999999921e-04 1.000000000000000000e+00 1.907029999999999836e-02 1.974930000000000088e-02
2.142611894999999933e+00 1.905247100000000138e-02 5.904900000000000470e-04 1.000000000000000000e+00 1.906079999999999927e-02 1.974100000000000160e-02
2.143326098999999818e+00 1.903859600000000138e-02 5.905599999999999565e-04 1.000000000000000000e+00 1.904969999999999927e-02 1.973120000000000082e-02
2.144040540999999855e+00 1.902299400000000140e-02 5.906039999999999988e-04 1.000000000000000000e+00 1.903739999999999946e-02 1.972000000000000142e-02
2.144755221000000045e+00 1.900587600000000141e-02 5.906159999999999709e-04 1.000000000000000000e+00 1.902399999999999924e-02 1.970739999999999992e-02
2.145470138999999943e+00 1.898749599999999954e-02 5.905939999999999497e-04 1.000000000000000000e+00 1.900960000000000150e-02 1.969349999999999920e-02
2.146185296000000076e+00 1.896820299999999945e-02 5.905370000000000280e-04 1.000000000000000000e+00 1.899419999999999928e-02 1.967839999999999867e-02
2.146900690999999917e+00 1.894850899999999880e-02 5.904480000000000362e-04 1.000000000000000000e+00 1.897779999999999953e-02 1.966189999999999952e-02
2.147616323999999910e+00 1.892913200000000129e-02 5.903349999999999917e-04 1.000000000000000000e+00 1.896060000000000106e-02 1.964439999999999936e-02
2.148332197000000221e+00 1.891099099999999852e-02 5.902089999999999594e-04 1.000000000000000000e+00 1.894289999999999863e-02 1.962650000000000158e-02
2.149048307000000158e+00 1.889512299999999978e-02 5.900880000000000057e-04 1.000000000000000000e+00 1.892539999999999847e-02 1.960869999999999974e-02
2.149764656999999968e+00 1.888253399999999943e-02 5.899889999999999649e-04 1.000000000000000000e+00 1.890910000000000160e-02 1.959229999999999999e-02
2.150481244999999930e+00 1.887397899999999906e-02 5.899329999999999505e-04 1.000000000000000000e+00 1.889479999999999979e-02 1.957810000000000106e-02
2.151198072000000128e+00 1.886975299999999953e-02 5.899320000000000432e-04 1.000000000000000000e+00 1.888360000000000039e-02 1.956729999999999928e-02
2.151915138000000116e+00 1.886953699999999873e-02 5.899969999999999824e-04 1.000000000000000000e+00 1.887590000000000101e-02 1.956019999999999981e-02
2.152632442999999896e+00 1.887236600000000153e-02 5.901250000000000462e-04 1.000000000000000000e+00 1.887170000000000167e-02 1.955700000000000147e-02
2.153349986999999910e+00 1.887673299999999971e-02 5.903090000000000160e-04 1.000000000000000000e+00 1.887070000000000067e-02 1.955720000000000028e-02
2.154067770999999798e+00 1.888081800000000060e-02 5.905310000000000420e-04 1.000000000000000000e+00 1.887180000000000107e-02 1.955959999999999990e-02
2.154785792999999838e+00 1.888280900000000040e-02 5.907669999999999632e-04 1.000000000000000000e+00 1.887350000000000139e-02 1.956269999999999884e-02
2.155504055000000196e+00 1.888120899999999949e-02 5.909949999999999752e-04 1.000000000000000000e+00 1.887439999999999951e-02 1.956509999999999846e-02
2.156222555999999901e+00 1.887511500000000134e-02 5.911900000000000098e-04 1.000000000000000000e+00 1.887310000000000029e-02 1.956520000000000134e-02
2.156941296999999924e+00 1.886438199999999898e-02 5.913370000000000475e-04 1.000000000000000000e+00 1.886849999999999986e-02 1.956190000000000012e-02
2.157660277999999821e+00 1.884965200000000146e-02 5.914279999999999624e-04 1.000000000000000000e+00 1.886029999999999998e-02 1.955490000000000006e-02
2.158379497999999952e+00 1.883225700000000155e-02 5.914639999999999872e-04 1.000000000000000000e+00 1.884869999999999948e-02 1.954430000000000056e-02
2.159098957999999957e+00 1.881398600000000129e-02 5.914559999999999696e-04 1.000000000000000000e+00 1.883440000000000114e-02 1.953090000000000034e-02
2.159818657000000197e+00 1.879676200000000158e-02 5.914229999999999921e-04 1.000000000000000000e+00 1.881870000000000070e-02 1.951599999999999863e-02
2.160538596999999950e+00 1.878229600000000041e-02 5.913869999999999674e-04 1.000000000000000000e+00 1.880319999999999908e-02 1.950119999999999978e-02
2.161258775999999937e+00 1.877178100000000127e-02 5.913719999999999481e-04 1.000000000000000000e+00 1.878909999999999955e-02 1.948789999999999897e-02
2.161979195999999881e+00 1.876570899999999847e-02 5.913949999999999849e-04 1.000000000000000000e+00 1.877790000000000015e-02 1.947739999999999888e-02
2.162699856000000143e+00 1.876385800000000131e-02 5.914689999999999575e-04 1.000000000000000000e+00 1.876999999999999849e-02 1.947039999999999882e-02
2.163420755999999834e+00 1.876545699999999928e-02 5.915949999999999898e-04 1.000000000000000000e+00 1.876569999999999974e-02 1.946710000000000107e-02
2.164141895999999843e+00 1.876945299999999844e-02 5.917710000000000505e-04 1.000000000000000000e+00 1.876459999999999934e-02 1.946710000000000107e-02
2.164863276999999808e+00 1.877480899999999994e-02 5.919859999999999662e-04 1.000000000000000000e+00 1.876610000000000084e-02 1.946979999999999891e-02
2.165584898000000091e+00 1.878068399999999888e-02 5.922300000000000134e-04 1.000000000000000000e+00 1.876950000000000146e-02 1.947449999999999876e-02
2.166306758999999804e+00 1.878649199999999839e-02 5.924899999999999872e-04 1.000000000000000000e+00 1.877399999999999902e-02 1.948029999999999901e-02
2.167028862000000000e+00 1.879182100000000022e-02 5.927569999999999627e-04 1.000000000000000000e+00 1.877909999999999996e-02 1.948669999999999916e-02
2.167751205000000070e+00 1.879633400000000135e-02 5.930220000000000153e-04 1.000000000000000000e+00 1.878430000000000030e-02 1.949309999999999932e-02
2.168473788000000013e+00 1.879971899999999946e-02 5.932780000000000345e-04 1.000000000000000000e+00 1.878919999999999896e-02 1.949909999999999838e-02
2.169196612999999996e+00 1.880174899999999955e-02 5.935170000000000029e-04 1.000000000000000000e+00 1.879329999999999889e-02 1.950429999999999872e-02
2.169919677999999852e+00 1.880239900000000089e-02 5.937369999999999974e-04 1.000000000000000000e+00 1.879629999999999843e-02 1.950829999999999925e-02
2.170642985000000191e+00 1.880192500000000058e-02 5.939370000000000023e-04 1.000000000000000000e+00 1.879810000000000161e-02 1.951109999999999997e-02
2.171366533000000043e+00 1.880084099999999869e-02 5.941190000000000490e-04 1.000000000000000000e+00 1.879870000000000152e-02 1.951270000000000088e-02
2.172090321000000213e+00 1.879975000000000049e-02 5.942890000000000152e-04 1.000000000000000000e+00 1.879849999999999924e-02 1.951340000000000019e-02
2.172814352000000060e+00 1.879912599999999934e-02 5.944540000000000110e-04 1.000000000000000000e+00 1.879799999999999874e-02 1.951390000000000069e-02
2.173538622999999781e+00 1.879915100000000006e-02 5.946210000000000384e-04 1.000000000000000000e+00 1.879770000000000052e-02 1.951440000000000119e-02
2.174263135999999985e+00 1.879967899999999970e-02 5.947920000000000203e-04 1.000000000000000000e+00 1.879760000000000111e-02 1.951529999999999931e-02
2.174987890000000146e+00 1.880032499999999968e-02 5.949679999999999726e-04 1.000000000000000000e+00 1.879789999999999933e-02 1.951649999999999913e-02
2.175712885999999902e+00 1.880061599999999916e-02 5.951450000000000490e-04 1.000000000000000000e+00 1.879830000000000043e-02 1.951779999999999834e-02
2.176438124000000141e+00 1.880008400000000163e-02 5.953199999999999855e-04 1.000000000000000000e+00 1.879839999999999983e-02 1.951879999999999935e-02
2.177163602999999892e+00 1.879827699999999865e-02 5.954859999999999971e-04 1.000000000000000000e+00 1.879779999999999993e-02 1.951910000000000103e-02
2.177889324000000126e+00 1.879471799999999845e-02 5.956400000000000366e-04 1.000000000000000000e+00 1.879600000000000021e-02 1.951819999999999944e-02
2.178615288000000039e+00 1.878894000000000050e-02 5.957749999999999938e-04 1.000000000000000000e+00 1.879269999999999899e-02 1.951570000000000041e-02
2.179341492999999907e+00 1.878064000000000122e-02 5.958860000000000068e-04 1.000000000000000000e+00 1.878749999999999865e-02 1.951129999999999878e-02
2.180067939999999815e+00 1.876995999999999873e-02 5.959669999999999811e-04 1.000000000000000000e+00 1.878029999999999977e-02 1.950489999999999863e-02
2.180794629000000207e+00 1.875775299999999854e-02 5.960190000000000409e-04 1.000000000000000000e+00 1.877109999999999890e-02 1.949640000000000054e-02
2.181521560999999831e+00 1.874564800000000017e-02 5.960499999999999870e-04 1.000000000000000000e+00 1.876059999999999880e-02 1.948659999999999975e-02
2.182248734999999940e+00 1.873579800000000142e-02 5.960749999999999469e-04 1.000000000000000000e+00 1.874999999999999931e-02 1.947660000000000016e-02
2.182976151000000087e+00 1.873036800000000071e-02 5.961200000000000049e-04 1.000000000000000000e+00 1.874090000000000131e-02 1.946809999999999860e-02
2.183703808999999829e+00 1.873090599999999856e-02 5.962110000000000283e-04 1.000000000000000000e+00 1.873479999999999937e-02 1.946279999999999885e-02
2.184431711000000220e+00 1.873789400000000147e-02 5.963690000000000224e-04 1.000000000000000000e+00 1.873309999999999906e-02 1.946209999999999954e-02
2.185159855000000206e+00 1.875061700000000067e-02 5.966079999999999908e-04 1.000000000000000000e+00 1.873669999999999849e-02 1.946689999999999879e-02
2.185888240999999788e+00 1.876741000000000173e-02 5.969249999999999947e-04 1.000000000000000000e+00 1.874520000000000006e-02 1.947679999999999897e-02
2.186616871000000017e+00 1.878611399999999959e-02 5.973070000000000462e-04 1.000000000000000000e+00 1.875790000000000096e-02 1.949110000000000079e-02
2.187345742999999842e+00 1.880454100000000101e-02 5.977299999999999844e-04 1.000000000000000000e+00 1.877329999999999971e-02 1.950819999999999985e-02
2.188074857999999789e+00 1.882075700000000046e-02 5.981650000000000031e-04 1.000000000000000000e+00 1.878969999999999946e-02 1.952629999999999991e-02
2.188804216999999941e+00 1.883312100000000128e-02 5.985850000000000025e-04 1.000000000000000000e+00 1.880539999999999989e-02 1.954349999999999837e-02
2.189533818000000132e+00 1.884013799999999933e-02 5.989629999999999911e-04 1.000000000000000000e+00 1.881870000000000070e-02 1.955820000000000128e-02
2.190263663000000083e+00 1.884026000000000103e-02 5.992729999999999932e-04 1.000000000000000000e+00 1.882779999999999870e-02 1.956849999999999909e-02
2.190993750000000073e+00 1.883173600000000170e-02 5.994890000000000331e-04 1.000000000000000000e+00 1.883100000000000052e-02 1.957259999999999903e-02
2.191724081999999907e+00 1.881257100000000015e-02 5.995869999999999499e-04 1.000000000000000000e+00 1.882630000000000067e-02 1.956859999999999850e-02
2.192454655999999780e+00 1.878061300000000156e-02 5.995360000000000142e-04 1.000000000000000000e+00 1.881170000000000064e-02 1.955430000000000015e-02
2.193185474999999940e+00 1.873374200000000114e-02 5.993059999999999707e-04 1.000000000000000000e+00 1.878499999999999961e-02 1.952749999999999972e-02
2.193916536000000139e+00 1.867018299999999992e-02 5.988620000000000271e-04 1.000000000000000000e+00 1.874390000000000084e-02 1.948590000000000044e-02
2.194647842000000182e+00 1.858892599999999867e-02 5.981689999999999577e-04 1.000000000000000000e+00 1.868639999999999884e-02 1.942750000000000032e-02
2.195379390999999902e+00 1.849020100000000125e-02 5.971989999999999721e-04 1.000000000000000000e+00 1.861099999999999907e-02 1.935059999999999905e-02
2.196111183999999827e+00 1.837587599999999932e-02 5.959340000000000036e-04 1.000000000000000000e+00 1.851730000000000043e-02 1.925469999999999959e-02
2.196843220999999957e+00 1.824958999999999956e-02 5.943780000000000070e-04 1.000000000000000000e+00 1.840620000000000103e-02 1.914079999999999948e-02
2.197575501999999847e+00 1.811647699999999889e-02 5.925600000000000051e-04 1.000000000000000000e+00 1.828029999999999933e-02 1.901150000000000062e-02
2.198308028000000025e+00 1.798249999999999849e-02 5.905380000000000438e-04 1.000000000000000000e+00 1.814419999999999922e-02 1.887159999999999879e-02
2.199040796999999881e+00 1.785356100000000043e-02 5.883960000000000362e-04 1.000000000000000000e+00 1.800399999999999917e-02 1.872719999999999940e-02
2.199773811000000023e+00 1.773468799999999845e-02 5.862320000000000074e-04 1.000000000000000000e+00 1.786640000000000103e-02 1.858550000000000132e-02
