8.000000000000000444e-01 1.903263599999999861e-02 3.749320000000000213e-04 1.000000000000000000e+00 1.903200000000000031e-02 1.904170000000000168e-02
8.002666667000000178e-01 1.903370999999999882e-02 3.748910000000000263e-04 1.000000000000000000e+00 1.903289999999999843e-02 1.904269999999999921e-02
8.005334222000000111e-01 1.903494299999999861e-02 3.748119999999999750e-04 1.000000000000000000e+00 1.903399999999999884e-02 1.904379999999999962e-02
8.008002667000000407e-01 1.903635299999999891e-02 3.747539999999999834e-04 1.000000000000000000e+00 1.903530000000000152e-02 1.904509999999999884e-02
8.010672000999999876e-01 1.903795700000000118e-02 3.747159999999999814e-04 1.000000000000000000e+00 1.903679999999999956e-02 1.904660000000000034e-02
8.013342224999999708e-01 1.903976900000000153e-02 3.746940000000000145e-04 1.000000000000000000e+00 1.903849999999999987e-02 1.904830000000000065e-02
8.016013338999999904e-01 1.904179099999999888e-02 3.746849999999999812e-04 1.000000000000000000e+00 1.904039999999999899e-02 1.905010000000000037e-02
8.018685344000000548e-01 1.904401500000000094e-02 3.746849999999999812e-04 1.000000000000000000e+00 1.904250000000000040e-02 1.905219999999999830e-02
8.021358239000000445e-01 1.904643500000000045e-02 3.746919999999999830e-04 1.000000000000000000e+00 1.904470000000000121e-02 1.905449999999999852e-02
8.024032024999999679e-01 1.904905200000000035e-02 3.747050000000000250e-04 1.000000000000000000e+00 1.904720000000000024e-02 1.905700000000000102e-02
8.026706702000000471e-01 1.905188099999999968e-02 3.747210000000000059e-04 1.000000000000000000e+00 1.904979999999999868e-02 1.905959999999999946e-02
8.029382270999999571e-01 1.905495600000000136e-02 3.747409999999999955e-04 1.000000000000000000e+00 1.905269999999999880e-02 1.906240000000000018e-02
8.032058732000000312e-01 1.905832199999999907e-02 3.747639999999999782e-04 1.000000000000000000e+00 1.905569999999999833e-02 1.906549999999999911e-02
8.034736085000000472e-01 1.906202300000000086e-02 3.747889999999999924e-04 1.000000000000000000e+00 1.905909999999999896e-02 1.906889999999999974e-02
8.037414330000000051e-01 1.906609000000000081e-02 3.748180000000000153e-04 1.000000000000000000e+00 1.906280000000000127e-02 1.907259999999999858e-02
8.040093468000000243e-01 1.907052299999999895e-02 3.748490000000000155e-04 1.000000000000000000e+00 1.906679999999999833e-02 1.907659999999999911e-02
8.042773498999999937e-01 1.907528199999999896e-02 3.748840000000000245e-04 1.000000000000000000e+00 1.907129999999999936e-02 1.908100000000000074e-02
8.045454424000000326e-01 1.908027899999999860e-02 3.749199999999999950e-04 1.000000000000000000e+00 1.907599999999999921e-02 1.908579999999999999e-02
8.048136242000000218e-01 1.908539100000000016e-02 3.749579999999999970e-04 1.000000000000000000e+00 1.908110000000000014e-02 1.909090000000000092e-02
8.050818953999999694e-01 1.909047399999999964e-02 3.749949999999999833e-04 1.000000000000000000e+00 1.908630000000000049e-02 1.909610000000000127e-02
8.053502559999999866e-01 1.909538900000000081e-02 3.750310000000000080e-04 1.000000000000000000e+00 1.909160000000000024e-02 1.910130000000000161e-02
8.056187060999999705e-01 1.910002599999999912e-02 3.750630000000000240e-04 1.000000000000000000e+00 1.909680000000000058e-02 1.910649999999999848e-02
8.058872457000000322e-01 1.910431500000000019e-02 3.750900000000000154e-04 1.000000000000000000e+00 1.910169999999999924e-02 1.911140000000000061e-02
8.061558747999999497e-01 1.910823400000000172e-02 3.751129999999999981e-04 1.000000000000000000e+00 1.910629999999999967e-02 1.911600000000000105e-02
8.064245933999999449e-01 1.911179799999999929e-02 3.751289999999999790e-04 1.000000000000000000e+00 1.911059999999999842e-02 1.912029999999999980e-02
8.066934016000000263e-01 1.911504400000000117e-02 3.751410000000000053e-04 1.000000000000000000e+00 1.911449999999999955e-02 1.912420000000000092e-02
8.069622993999999716e-01 1.911802799999999872e-02 3.751469999999999913e-04 1.000000000000000000e+00 1.911819999999999839e-02 1.912780000000000036e-02
8.072312868000000030e-01 1.912080600000000061e-02 3.751480000000000071e-04 1.000000000000000000e+00 1.912159999999999901e-02 1.913120000000000098e-02
8.075003639000000177e-01 1.912343400000000165e-02 3.751450000000000140e-04 1.000000000000000000e+00 1.912480000000000083e-02 1.913429999999999992e-02
8.077695307000000158e-01 1.912595500000000004e-02 3.751369999999999965e-04 1.000000000000000000e+00 1.912789999999999976e-02 1.913739999999999886e-02
8.080387871999999971e-01 1.912838899999999911e-02 3.751250000000000244e-04 1.000000000000000000e+00 1.913089999999999929e-02 1.914029999999999898e-02
8.083081334999999701e-01 1.913071900000000089e-02 3.751079999999999736e-04 1.000000000000000000e+00 1.913370000000000001e-02 1.914319999999999911e-02
8.085775695000000374e-01 1.913288499999999878e-02 3.750879999999999839e-04 1.000000000000000000e+00 1.913640000000000133e-02 1.914580000000000101e-02
8.088470953999999935e-01 1.913476700000000044e-02 3.750630000000000240e-04 1.000000000000000000e+00 1.913880000000000095e-02 1.914810000000000123e-02
8.091167111000000522e-01 1.913619500000000168e-02 3.750350000000000168e-04 1.000000000000000000e+00 1.914070000000000008e-02 1.915000000000000036e-02
8.093864166999999998e-01 1.913694999999999979e-02 3.750040000000000166e-04 1.000000000000000000e+00 1.914199999999999929e-02 1.915120000000000017e-02
8.096562121000000500e-01 1.913678200000000149e-02 3.749679999999999918e-04 1.000000000000000000e+00 1.914240000000000039e-02 1.915160000000000126e-02
8.099260974999999974e-01 1.913542299999999863e-02 3.749269999999999968e-04 1.000000000000000000e+00 1.914170000000000108e-02 1.915089999999999848e-02
8.101960728999999528e-01 1.913259499999999877e-02 3.748809999999999773e-04 1.000000000000000000e+00 1.913979999999999848e-02 1.914889999999999995e-02
8.104661383000000274e-01 1.912801999999999905e-02 3.748269999999999944e-04 1.000000000000000000e+00 1.913640000000000133e-02 1.914549999999999932e-02
8.107362935999999909e-01 1.912141599999999872e-02 3.747620000000000009e-04 1.000000000000000000e+00 1.913130000000000039e-02 1.914029999999999898e-02
8.110065390999999790e-01 1.911248200000000008e-02 3.746849999999999812e-04 1.000000000000000000e+00 1.912420000000000092e-02 1.913319999999999951e-02
8.112768745999999753e-01 1.910091200000000114e-02 3.745919999999999805e-04 1.000000000000000000e+00 1.911500000000000005e-02 1.912399999999999864e-02
8.115473001999999880e-01 1.908640400000000126e-02 3.744789999999999903e-04 1.000000000000000000e+00 1.910339999999999955e-02 1.911229999999999873e-02
8.118178160000000254e-01 1.906869099999999873e-02 3.743420000000000016e-04 1.000000000000000000e+00 1.908920000000000061e-02 1.909800000000000039e-02
8.120884218999999682e-01 1.904760399999999923e-02 3.741759999999999899e-04 1.000000000000000000e+00 1.907199999999999868e-02 1.908079999999999846e-02
8.123591181000000550e-01 1.902310999999999933e-02 3.739780000000000166e-04 1.000000000000000000e+00 1.905170000000000127e-02 1.906050000000000105e-02
8.126299044000000471e-01 1.899535000000000112e-02 3.737479999999999730e-04 1.000000000000000000e+00 1.902830000000000146e-02 1.903699999999999837e-02
8.129007810999999695e-01 1.896462700000000126e-02 3.734850000000000062e-04 1.000000000000000000e+00 1.900160000000000043e-02 1.901030000000000081e-02
8.131717480000000275e-01 1.893135400000000093e-02 3.731909999999999850e-04 1.000000000000000000e+00 1.897209999999999869e-02 1.898069999999999966e-02
8.134428052000000076e-01 1.889598300000000161e-02 3.728709999999999880e-04 1.000000000000000000e+00 1.893989999999999910e-02 1.894840000000000066e-02
8.137139528000000288e-01 1.885895099999999880e-02 3.725280000000000084e-04 1.000000000000000000e+00 1.890539999999999929e-02 1.891390000000000085e-02
8.139851907999999803e-01 1.882065299999999969e-02 3.721660000000000007e-04 1.000000000000000000e+00 1.886919999999999917e-02 1.887760000000000132e-02
8.142565191999999730e-01 1.878149499999999875e-02 3.717899999999999894e-04 1.000000000000000000e+00 1.883169999999999983e-02 1.883999999999999911e-02
8.145279381000000152e-01 1.874199199999999899e-02 3.714030000000000217e-04 1.000000000000000000e+00 1.879339999999999830e-02 1.880160000000000164e-02
8.147994473999999876e-01 1.870292800000000061e-02 3.710079999999999823e-04 1.000000000000000000e+00 1.875490000000000143e-02 1.876299999999999843e-02
8.150710472000000095e-01 1.866548499999999902e-02 3.706110000000000198e-04 1.000000000000000000e+00 1.871719999999999981e-02 1.872510000000000147e-02
8.153427374999999699e-01 1.863131000000000162e-02 3.702210000000000049e-04 1.000000000000000000e+00 1.868140000000000078e-02 1.868910000000000016e-02
8.156145184999999964e-01 1.860244299999999976e-02 3.698490000000000024e-04 1.000000000000000000e+00 1.864909999999999832e-02 1.865669999999999829e-02
8.158863899999999614e-01 1.858109299999999992e-02 3.695099999999999774e-04 1.000000000000000000e+00 1.862240000000000076e-02 1.862979999999999844e-02
8.161583520999999841e-01 1.856927400000000020e-02 3.692200000000000191e-04 1.000000000000000000e+00 1.860320000000000029e-02 1.861039999999999917e-02
8.164304048999999619e-01 1.856839799999999985e-02 3.689939999999999843e-04 1.000000000000000000e+00 1.859320000000000070e-02 1.860010000000000135e-02
8.167025482999999975e-01 1.857892900000000097e-02 3.688429999999999920e-04 1.000000000000000000e+00 1.859359999999999832e-02 1.860030000000000017e-02
8.169747824999999963e-01 1.860023200000000126e-02 3.687709999999999968e-04 1.000000000000000000e+00 1.860459999999999892e-02 1.861099999999999907e-02
8.172471074999999585e-01 1.863063900000000092e-02 3.687769999999999829e-04 1.000000000000000000e+00 1.862540000000000029e-02 1.863149999999999876e-02
8.175195231999999868e-01 1.866775000000000032e-02 3.688529999999999869e-04 1.000000000000000000e+00 1.865409999999999985e-02 1.865990000000000010e-02
8.177920296999999783e-01 1.870887200000000139e-02 3.689890000000000140e-04 1.000000000000000000e+00 1.868840000000000084e-02 1.869389999999999941e-02
8.180646270000000442e-01 1.875146399999999894e-02 3.691739999999999996e-04 1.000000000000000000e+00 1.872539999999999968e-02 1.873069999999999943e-02
8.183373151999999706e-01 1.879347500000000046e-02 3.693999999999999801e-04 1.000000000000000000e+00 1.876270000000000021e-02 1.876790000000000055e-02
8.186100942999999797e-01 1.883350199999999849e-02 3.696600000000000081e-04 1.000000000000000000e+00 1.879849999999999924e-02 1.880360000000000018e-02
8.188829643999999686e-01 1.887069499999999983e-02 3.699539999999999751e-04 1.000000000000000000e+00 1.883160000000000042e-02 1.883659999999999848e-02
8.191559253000000318e-01 1.890445099999999920e-02 3.702809999999999739e-04 1.000000000000000000e+00 1.886130000000000098e-02 1.886650000000000132e-02
8.194289772999999721e-01 1.893400300000000133e-02 3.706380000000000113e-04 1.000000000000000000e+00 1.888770000000000032e-02 1.889300000000000007e-02
8.197021203000000034e-01 1.895801199999999978e-02 3.710130000000000068e-04 1.000000000000000000e+00 1.891040000000000082e-02 1.891589999999999938e-02
8.199753544000000227e-01 1.897435700000000072e-02 3.713869999999999867e-04 1.000000000000000000e+00 1.892879999999999910e-02 1.893459999999999935e-02
8.202486795000000219e-01 1.898024599999999923e-02 3.717290000000000047e-04 1.000000000000000000e+00 1.894140000000000060e-02 1.894749999999999907e-02
8.205220957000000093e-01 1.897270100000000154e-02 3.719989999999999734e-04 1.000000000000000000e+00 1.894579999999999875e-02 1.895219999999999891e-02
8.207956030999999930e-01 1.894937899999999883e-02 3.721570000000000216e-04 1.000000000000000000e+00 1.893960000000000088e-02 1.894629999999999925e-02
8.210692015999999649e-01 1.890955399999999856e-02 3.721689999999999937e-04 1.000000000000000000e+00 1.892030000000000101e-02 1.892730000000000107e-02
8.213428913000000442e-01 1.885499599999999887e-02 3.720169999999999857e-04 1.000000000000000000e+00 1.888710000000000042e-02 1.889439999999999870e-02
8.216166723000000172e-01 1.879041700000000023e-02 3.717079999999999993e-04 1.000000000000000000e+00 1.884090000000000070e-02 1.884850000000000067e-02
8.218905444999999865e-01 1.872321600000000086e-02 3.712790000000000209e-04 1.000000000000000000e+00 1.878550000000000011e-02 1.879339999999999830e-02
8.221645079999999606e-01 1.866241100000000028e-02 3.707919999999999966e-04 1.000000000000000000e+00 1.872700000000000059e-02 1.873500000000000165e-02
8.224385628999999476e-01 1.861690800000000146e-02 3.703280000000000092e-04 1.000000000000000000e+00 1.867279999999999981e-02 1.868099999999999969e-02
8.227127091000000503e-01 1.859353500000000131e-02 3.699689999999999945e-04 1.000000000000000000e+00 1.863079999999999944e-02 1.863920000000000160e-02
8.229869466000000466e-01 1.859542700000000118e-02 3.697819999999999775e-04 1.000000000000000000e+00 1.860710000000000142e-02 1.861569999999999891e-02
8.232612755999999532e-01 1.862130299999999877e-02 3.698059999999999759e-04 1.000000000000000000e+00 1.860509999999999942e-02 1.861379999999999979e-02
8.235356959999999837e-01 1.866588200000000169e-02 3.700390000000000124e-04 1.000000000000000000e+00 1.862429999999999988e-02 1.863309999999999966e-02
8.238102079000000355e-01 1.872130699999999953e-02 3.704460000000000240e-04 1.000000000000000000e+00 1.866080000000000169e-02 1.866989999999999969e-02
8.240848112999999975e-01 1.877907100000000135e-02 3.709660000000000258e-04 1.000000000000000000e+00 1.870870000000000172e-02 1.871789999999999912e-02
8.243595062999999890e-01 1.883183800000000005e-02 3.715270000000000226e-04 1.000000000000000000e+00 1.876059999999999880e-02 1.876989999999999909e-02
8.246342928000000017e-01 1.887463299999999830e-02 3.720640000000000210e-04 1.000000000000000000e+00 1.881009999999999974e-02 1.881959999999999883e-02
8.249091709000000439e-01 1.890518500000000143e-02 3.725269999999999927e-04 1.000000000000000000e+00 1.885250000000000120e-02 1.886209999999999970e-02
8.251841406000000045e-01 1.892350699999999913e-02 3.728900000000000161e-04 1.000000000000000000e+00 1.888489999999999960e-02 1.889470000000000038e-02
8.254592020000000030e-01 1.893105200000000030e-02 3.731420000000000266e-04 1.000000000000000000e+00 1.890659999999999910e-02 1.891649999999999929e-02
8.257343550000000310e-01 1.892982099999999945e-02 3.732900000000000259e-04 1.000000000000000000e+00 1.891810000000000019e-02 1.892819999999999919e-02
8.260095997999999939e-01 1.892172699999999930e-02 3.733470000000000018e-04 1.000000000000000000e+00 1.892090000000000091e-02 1.893099999999999991e-02
8.262849364000000030e-01 1.890835299999999927e-02 3.733279999999999737e-04 1.000000000000000000e+00 1.891639999999999988e-02 1.892659999999999829e-02
8.265603647000000498e-01 1.889105500000000035e-02 3.732489999999999766e-04 1.000000000000000000e+00 1.890609999999999860e-02 1.891630000000000048e-02
8.268358848000000316e-01 1.887123400000000062e-02 3.731219999999999828e-04 1.000000000000000000e+00 1.889129999999999976e-02 1.890170000000000045e-02
8.271114967999999568e-01 1.885057500000000136e-02 3.729650000000000044e-04 1.000000000000000000e+00 1.887370000000000020e-02 1.888410000000000089e-02
8.273872006000000390e-01 1.883108699999999983e-02 3.727930000000000067e-04 1.000000000000000000e+00 1.885490000000000083e-02 1.886530000000000151e-02
8.276629962999999535e-01 1.881491500000000150e-02 3.726250000000000178e-04 1.000000000000000000e+00 1.883680000000000077e-02 1.884730000000000086e-02
8.279388840000000416e-01 1.880398800000000065e-02 3.724809999999999731e-04 1.000000000000000000e+00 1.882139999999999855e-02 1.883189999999999864e-02
8.282148635999999620e-01 1.879963499999999857e-02 3.723800000000000092e-04 1.000000000000000000e+00 1.881050000000000083e-02 1.882110000000000033e-02
8.284909351999999449e-01 1.880231900000000136e-02 3.723339999999999896e-04 1.000000000000000000e+00 1.880539999999999989e-02 1.881609999999999880e-02
8.287670988999999988e-01 1.881155699999999958e-02 3.723500000000000247e-04 1.000000000000000000e+00 1.880659999999999971e-02 1.881729999999999861e-02
8.290433546000000042e-01 1.882604400000000011e-02 3.724250000000000130e-04 1.000000000000000000e+00 1.881369999999999917e-02 1.882450000000000095e-02
8.293197023999999695e-01 1.884392699999999990e-02 3.725520000000000068e-04 1.000000000000000000e+00 1.882580000000000017e-02 1.883659999999999848e-02
8.295961423000000057e-01 1.886314999999999867e-02 3.727159999999999870e-04 1.000000000000000000e+00 1.884119999999999892e-02 1.885210000000000011e-02
8.298726743000000017e-01 1.888179800000000172e-02 3.729000000000000110e-04 1.000000000000000000e+00 1.885830000000000145e-02 1.886929999999999857e-02
8.301492984999999658e-01 1.889838199999999829e-02 3.730890000000000053e-04 1.000000000000000000e+00 1.887540000000000051e-02 1.888650000000000051e-02
8.304260150000000174e-01 1.891203400000000118e-02 3.732680000000000047e-04 1.000000000000000000e+00 1.889110000000000095e-02 1.890220000000000095e-02
8.307028236000000287e-01 1.892259699999999933e-02 3.734279999999999761e-04 1.000000000000000000e+00 1.890450000000000116e-02 1.891570000000000057e-02
8.309797246000000248e-01 1.893059500000000145e-02 3.735650000000000190e-04 1.000000000000000000e+00 1.891549999999999829e-02 1.892680000000000057e-02
8.312567177999999890e-01 1.893708499999999934e-02 3.736799999999999866e-04 1.000000000000000000e+00 1.892440000000000094e-02 1.893569999999999975e-02
8.315338034000000489e-01 1.894341000000000080e-02 3.737820000000000205e-04 1.000000000000000000e+00 1.893190000000000150e-02 1.894329999999999972e-02
8.318109812999999741e-01 1.895088600000000012e-02 3.738799999999999914e-04 1.000000000000000000e+00 1.893919999999999979e-02 1.895070000000000088e-02
8.320882517000000034e-01 1.896051799999999912e-02 3.739840000000000026e-04 1.000000000000000000e+00 1.894739999999999966e-02 1.895900000000000016e-02
8.323656144000000090e-01 1.897280000000000147e-02 3.741029999999999790e-04 1.000000000000000000e+00 1.895729999999999985e-02 1.896899999999999975e-02
8.326430696000000076e-01 1.898765999999999995e-02 3.742409999999999834e-04 1.000000000000000000e+00 1.896950000000000025e-02 1.898120000000000016e-02
8.329206172999999991e-01 1.900455100000000147e-02 3.743989999999999775e-04 1.000000000000000000e+00 1.898390000000000147e-02 1.899570000000000078e-02
8.331982574999999835e-01 1.902263100000000165e-02 3.745740000000000224e-04 1.000000000000000000e+00 1.900019999999999834e-02 1.901210000000000053e-02
8.334759902999999692e-01 1.904096200000000155e-02 3.747579999999999922e-04 1.000000000000000000e+00 1.901769999999999849e-02 1.902960000000000068e-02
8.337538155999999478e-01 1.905867400000000114e-02 3.749460000000000249e-04 1.000000000000000000e+00 1.903559999999999974e-02 1.904760000000000134e-02
8.340317335000000387e-01 1.907506000000000132e-02 3.751280000000000174e-04 1.000000000000000000e+00 1.905309999999999990e-02 1.906520000000000090e-02
8.343097441000000281e-01 1.908962300000000001e-02 3.752979999999999836e-04 1.000000000000000000e+00 1.906959999999999905e-02 1.908170000000000005e-02
8.345878474000000269e-01 1.910209300000000054e-02 3.754510000000000074e-04 1.000000000000000000e+00 1.908450000000000077e-02 1.909659999999999830e-02
8.348660433000000269e-01 1.911241899999999855e-02 3.755850000000000031e-04 1.000000000000000000e+00 1.909749999999999989e-02 1.910970000000000030e-02
8.351443320000000448e-01 1.912075099999999833e-02 3.756990000000000091e-04 1.000000000000000000e+00 1.910840000000000108e-02 1.912070000000000089e-02
8.354227133999999610e-01 1.912738599999999969e-02 3.757939999999999870e-04 1.000000000000000000e+00 1.911739999999999967e-02 1.912969999999999948e-02
8.357011877000000144e-01 1.913271000000000069e-02 3.758739999999999998e-04 1.000000000000000000e+00 1.912449999999999914e-02 1.913689999999999836e-02
8.359797546999999662e-01 1.913710799999999990e-02 3.759410000000000247e-04 1.000000000000000000e+00 1.913019999999999998e-02 1.914259999999999920e-02
8.362584146999999524e-01 1.914091399999999846e-02 3.760009999999999936e-04 1.000000000000000000e+00 1.913480000000000042e-02 1.914719999999999964e-02
8.365371674999999563e-01 1.914436599999999947e-02 3.760570000000000080e-04 1.000000000000000000e+00 1.913859999999999867e-02 1.915110000000000076e-02
8.368160131999999862e-01 1.914761499999999977e-02 3.761109999999999909e-04 1.000000000000000000e+00 1.914199999999999929e-02 1.915450000000000139e-02
8.370949518000000422e-01 1.915073899999999996e-02 3.761649999999999738e-04 1.000000000000000000e+00 1.914510000000000170e-02 1.915769999999999973e-02
8.373739835000000298e-01 1.915377399999999841e-02 3.762190000000000109e-04 1.000000000000000000e+00 1.914810000000000123e-02 1.916079999999999867e-02
8.376531082000000517e-01 1.915673400000000165e-02 3.762729999999999938e-04 1.000000000000000000e+00 1.915110000000000076e-02 1.916380000000000167e-02
8.379323258999999968e-01 1.915961299999999895e-02 3.763260000000000151e-04 1.000000000000000000e+00 1.915410000000000029e-02 1.916690000000000060e-02
8.382116365999999763e-01 1.916239100000000084e-02 3.763780000000000207e-04 1.000000000000000000e+00 1.915709999999999982e-02 1.916990000000000013e-02
8.384910405000000067e-01 1.916503300000000146e-02 3.764279999999999948e-04 1.000000000000000000e+00 1.916009999999999935e-02 1.917299999999999907e-02
8.387705374999999686e-01 1.916749300000000072e-02 3.764749999999999759e-04 1.000000000000000000e+00 1.916299999999999948e-02 1.917589999999999920e-02
8.390501276999999813e-01 1.916972899999999994e-02 3.765190000000000182e-04 1.000000000000000000e+00 1.916570000000000079e-02 1.917869999999999991e-02
8.393298111000000450e-01 1.917172099999999921e-02 3.765579999999999817e-04 1.000000000000000000e+00 1.916829999999999923e-02 1.918129999999999835e-02
8.396095877000000485e-01 1.917347999999999969e-02 3.765940000000000064e-04 1.000000000000000000e+00 1.917059999999999945e-02 1.918370000000000145e-02
8.398894576000000001e-01 1.917505599999999935e-02 3.766250000000000066e-04 1.000000000000000000e+00 1.917270000000000085e-02 1.918579999999999938e-02
8.401694207000000025e-01 1.917652800000000171e-02 3.766530000000000138e-04 1.000000000000000000e+00 1.917450000000000057e-02 1.918769999999999851e-02
8.404494771999999614e-01 1.917798600000000103e-02 3.766779999999999738e-04 1.000000000000000000e+00 1.917620000000000088e-02 1.918939999999999882e-02
8.407296269999999794e-01 1.917950699999999842e-02 3.767029999999999879e-04 1.000000000000000000e+00 1.917779999999999832e-02 1.919099999999999973e-02
8.410098701999999538e-01 1.918112799999999868e-02 3.767269999999999864e-04 1.000000000000000000e+00 1.917939999999999923e-02 1.919260000000000063e-02
8.412902067999999955e-01 1.918283399999999930e-02 3.767520000000000005e-04 1.000000000000000000e+00 1.918090000000000073e-02 1.919420000000000154e-02
8.415706369000000020e-01 1.918455999999999981e-02 3.767789999999999920e-04 1.000000000000000000e+00 1.918250000000000163e-02 1.919579999999999897e-02
8.418511604999999731e-01 1.918620999999999868e-02 3.768069999999999991e-04 1.000000000000000000e+00 1.918399999999999966e-02 1.919739999999999988e-02
8.421317775000000116e-01 1.918769199999999925e-02 3.768350000000000063e-04 1.000000000000000000e+00 1.918550000000000116e-02 1.919900000000000079e-02
8.424124881000000231e-01 1.918894999999999976e-02 3.768630000000000135e-04 1.000000000000000000e+00 1.918689999999999979e-02 1.920030000000000001e-02
8.426932923000000075e-01 1.918998699999999863e-02 3.768900000000000050e-04 1.000000000000000000e+00 1.918800000000000019e-02 1.920159999999999922e-02
8.429741899999999566e-01 1.919087200000000118e-02 3.769159999999999807e-04 1.000000000000000000e+00 1.918910000000000060e-02 1.920260000000000022e-02
8.432551813999999979e-01 1.919171799999999997e-02 3.769409999999999948e-04 1.000000000000000000e+00 1.918999999999999873e-02 1.920360000000000122e-02
8.435362665000000204e-01 1.919264600000000071e-02 3.769660000000000090e-04 1.000000000000000000e+00 1.919090000000000032e-02 1.920459999999999876e-02
8.438174452000000159e-01 1.919374800000000006e-02 3.769910000000000231e-04 1.000000000000000000e+00 1.919190000000000132e-02 1.920559999999999976e-02
8.440987177000000008e-01 1.919505399999999959e-02 3.770169999999999988e-04 1.000000000000000000e+00 1.919310000000000113e-02 1.920689999999999897e-02
8.443800839999999752e-01 1.919652700000000142e-02 3.770439999999999903e-04 1.000000000000000000e+00 1.919449999999999976e-02 1.920830000000000107e-02
8.446615440000000419e-01 1.919807899999999984e-02 3.770719999999999975e-04 1.000000000000000000e+00 1.919600000000000126e-02 1.920979999999999910e-02
8.449430977999999870e-01 1.919960000000000069e-02 3.771000000000000046e-04 1.000000000000000000e+00 1.919749999999999929e-02 1.921140000000000000e-02
8.452247455000000409e-01 1.920098900000000164e-02 3.771269999999999961e-04 1.000000000000000000e+00 1.919910000000000019e-02 1.921300000000000091e-02
8.455064870999999815e-01 1.920217899999999978e-02 3.771530000000000260e-04 1.000000000000000000e+00 1.920049999999999882e-02 1.921439999999999954e-02
8.457883226000000310e-01 1.920314199999999943e-02 3.771770000000000244e-04 1.000000000000000000e+00 1.920169999999999863e-02 1.921569999999999875e-02
8.460702520999999754e-01 1.920387399999999925e-02 3.771989999999999913e-04 1.000000000000000000e+00 1.920269999999999963e-02 1.921679999999999916e-02
8.463522755000000286e-01 1.920437800000000111e-02 3.772189999999999810e-04 1.000000000000000000e+00 1.920360000000000122e-02 1.921760000000000135e-02
8.466343928999999768e-01 1.920465099999999967e-02 3.772369999999999933e-04 1.000000000000000000e+00 1.920410000000000172e-02 1.921820000000000125e-02
8.469166044000000504e-01 1.920468200000000070e-02 3.772520000000000127e-04 1.000000000000000000e+00 1.920449999999999935e-02 1.921859999999999888e-02
8.471989099000000190e-01 1.920445700000000117e-02 3.772650000000000005e-04 1.000000000000000000e+00 1.920449999999999935e-02 1.921869999999999828e-02
8.474813095000000018e-01 1.920396900000000129e-02 3.772770000000000268e-04 1.000000000000000000e+00 1.920420000000000113e-02 1.921840000000000007e-02
8.477638033000000073e-01 1.920323000000000169e-02 3.772870000000000217e-04 1.000000000000000000e+00 1.920360000000000122e-02 1.921789999999999957e-02
8.480463912000000271e-01 1.920226699999999856e-02 3.772960000000000007e-04 1.000000000000000000e+00 1.920279999999999904e-02 1.921710000000000085e-02
8.483290733999999667e-01 1.920111000000000040e-02 3.773049999999999798e-04 1.000000000000000000e+00 1.920169999999999863e-02 1.921609999999999985e-02
8.486118497000000316e-01 1.919978400000000099e-02 3.773129999999999973e-04 1.000000000000000000e+00 1.920039999999999941e-02 1.921480000000000063e-02
8.488947203000000163e-01 1.919829799999999906e-02 3.773210000000000149e-04 1.000000000000000000e+00 1.919900000000000079e-02 1.921339999999999854e-02
8.491776852000000320e-01 1.919665099999999860e-02 3.773289999999999782e-04 1.000000000000000000e+00 1.919739999999999988e-02 1.921190000000000050e-02
8.494607444999999757e-01 1.919484000000000121e-02 3.773369999999999958e-04 1.000000000000000000e+00 1.919560000000000016e-02 1.921020000000000019e-02
8.497438980999999503e-01 1.919288099999999844e-02 3.773439999999999976e-04 1.000000000000000000e+00 1.919380000000000044e-02 1.920840000000000047e-02
8.500271459999999557e-01 1.919082399999999869e-02 3.773499999999999836e-04 1.000000000000000000e+00 1.919179999999999844e-02 1.920650000000000135e-02
8.503104884000000085e-01 1.918876099999999862e-02 3.773560000000000239e-04 1.000000000000000000e+00 1.918979999999999991e-02 1.920449999999999935e-02
8.505939251999999895e-01 1.918681499999999943e-02 3.773609999999999942e-04 1.000000000000000000e+00 1.918780000000000138e-02 1.920260000000000022e-02
8.508774565000000178e-01 1.918512099999999942e-02 3.773669999999999802e-04 1.000000000000000000e+00 1.918600000000000166e-02 1.920080000000000051e-02
8.511610823999999909e-01 1.918379699999999896e-02 3.773749999999999978e-04 1.000000000000000000e+00 1.918450000000000016e-02 1.919939999999999841e-02
8.514448027000000030e-01 1.918291100000000041e-02 3.773839999999999768e-04 1.000000000000000000e+00 1.918339999999999976e-02 1.919830000000000148e-02
8.517286176999999681e-01 1.918247000000000008e-02 3.773949999999999874e-04 1.000000000000000000e+00 1.918260000000000104e-02 1.919759999999999869e-02
8.520125271999999805e-01 1.918241199999999938e-02 3.774079999999999753e-04 1.000000000000000000e+00 1.918229999999999935e-02 1.919730000000000047e-02
8.522965313999999459e-01 1.918262800000000018e-02 3.774240000000000103e-04 1.000000000000000000e+00 1.918219999999999995e-02 1.919730000000000047e-02
8.525806301999999670e-01 1.918298800000000151e-02 3.774410000000000070e-04 1.000000000000000000e+00 1.918239999999999876e-02 1.919749999999999929e-02
8.528648237999999493e-01 1.918337999999999988e-02 3.774590000000000193e-04 1.000000000000000000e+00 1.918270000000000045e-02 1.919780000000000098e-02
8.531491119999999873e-01 1.918372600000000164e-02 3.774779999999999932e-04 1.000000000000000000e+00 1.918289999999999926e-02 1.919809999999999919e-02
8.534334950999999947e-01 1.918399599999999830e-02 3.774979999999999829e-04 1.000000000000000000e+00 1.918310000000000154e-02 1.919840000000000088e-02
8.537179728999999551e-01 1.918419799999999953e-02 3.775189999999999883e-04 1.000000000000000000e+00 1.918330000000000035e-02 1.919850000000000029e-02
8.540025455999999959e-01 1.918435599999999963e-02 3.775399999999999937e-04 1.000000000000000000e+00 1.918330000000000035e-02 1.919859999999999969e-02
8.542872130999999980e-01 1.918448600000000059e-02 3.775609999999999990e-04 1.000000000000000000e+00 1.918339999999999976e-02 1.919869999999999910e-02
8.545719754999999695e-01 1.918457900000000022e-02 3.775839999999999817e-04 1.000000000000000000e+00 1.918330000000000035e-02 1.919869999999999910e-02
8.548568328000000216e-01 1.918459700000000115e-02 3.776079999999999801e-04 1.000000000000000000e+00 1.918330000000000035e-02 1.919869999999999910e-02
8.551417851000000514e-01 1.918448400000000165e-02 3.776319999999999785e-04 1.000000000000000000e+00 1.918310000000000154e-02 1.919859999999999969e-02
8.554268323000000507e-01 1.918418200000000101e-02 3.776569999999999927e-04 1.000000000000000000e+00 1.918270000000000045e-02 1.919830000000000148e-02
8.557119746000000360e-01 1.918365600000000032e-02 3.776820000000000069e-04 1.000000000000000000e+00 1.918219999999999995e-02 1.919780000000000098e-02
8.559972118999999990e-01 1.918291000000000093e-02 3.777079999999999826e-04 1.000000000000000000e+00 1.918150000000000063e-02 1.919710000000000166e-02
8.562825442999999481e-01 1.918198800000000051e-02 3.777329999999999967e-04 1.000000000000000000e+00 1.918059999999999904e-02 1.919629999999999947e-02
8.565679719000000025e-01 1.918096899999999910e-02 3.777580000000000109e-04 1.000000000000000000e+00 1.917960000000000151e-02 1.919540000000000135e-02
8.568534945000000347e-01 1.917995100000000064e-02 3.777820000000000093e-04 1.000000000000000000e+00 1.917860000000000051e-02 1.919449999999999976e-02
8.571391123999999584e-01 1.917902800000000074e-02 3.778070000000000235e-04 1.000000000000000000e+00 1.917769999999999891e-02 1.919360000000000163e-02
8.574248253999999791e-01 1.917828200000000136e-02 3.778310000000000219e-04 1.000000000000000000e+00 1.917699999999999960e-02 1.919300000000000173e-02
8.577106337000000025e-01 1.917776699999999834e-02 3.778559999999999818e-04 1.000000000000000000e+00 1.917639999999999970e-02 1.919250000000000123e-02
8.579965372000000201e-01 1.917751300000000020e-02 3.778809999999999960e-04 1.000000000000000000e+00 1.917620000000000088e-02 1.919229999999999894e-02
8.582825361000000486e-01 1.917752699999999977e-02 3.779049999999999944e-04 1.000000000000000000e+00 1.917620000000000088e-02 1.919229999999999894e-02
8.585686301999999603e-01 1.917780100000000126e-02 3.779300000000000086e-04 1.000000000000000000e+00 1.917639999999999970e-02 1.919260000000000063e-02
8.588548198000000022e-01 1.917831299999999892e-02 3.779550000000000227e-04 1.000000000000000000e+00 1.917699999999999960e-02 1.919320000000000054e-02
8.591411047000000467e-01 1.917902800000000074e-02 3.779790000000000211e-04 1.000000000000000000e+00 1.917769999999999891e-02 1.919399999999999926e-02
8.594274850999999993e-01 1.917989900000000025e-02 3.780039999999999811e-04 1.000000000000000000e+00 1.917860000000000051e-02 1.919490000000000085e-02
8.597139608999999627e-01 1.918086700000000075e-02 3.780279999999999795e-04 1.000000000000000000e+00 1.917960000000000151e-02 1.919600000000000126e-02
8.600005321999999452e-01 1.918187099999999964e-02 3.780519999999999779e-04 1.000000000000000000e+00 1.918059999999999904e-02 1.919710000000000166e-02
8.602871990999999552e-01 1.918284899999999835e-02 3.780759999999999763e-04 1.000000000000000000e+00 1.918169999999999945e-02 1.919809999999999919e-02
8.605739614999999842e-01 1.918374600000000152e-02 3.780990000000000132e-04 1.000000000000000000e+00 1.918260000000000104e-02 1.919910000000000019e-02
8.608608195000000407e-01 1.918452099999999952e-02 3.781219999999999959e-04 1.000000000000000000e+00 1.918339999999999976e-02 1.919999999999999832e-02
8.611477731000000135e-01 1.918514300000000172e-02 3.781449999999999785e-04 1.000000000000000000e+00 1.918409999999999907e-02 1.920070000000000110e-02
8.614348223000000138e-01 1.918558700000000047e-02 3.781680000000000154e-04 1.000000000000000000e+00 1.918450000000000016e-02 1.920120000000000160e-02
8.617219672999999469e-01 1.918583600000000125e-02 3.781909999999999981e-04 1.000000000000000000e+00 1.918479999999999838e-02 1.920149999999999982e-02
8.620092079000000185e-01 1.918587799999999996e-02 3.782139999999999808e-04 1.000000000000000000e+00 1.918479999999999838e-02 1.920149999999999982e-02
8.622965443000000230e-01 1.918571599999999849e-02 3.782370000000000176e-04 1.000000000000000000e+00 1.918459999999999957e-02 1.920140000000000041e-02
8.625839764999999604e-01 1.918537000000000020e-02 3.782610000000000161e-04 1.000000000000000000e+00 1.918430000000000135e-02 1.920109999999999872e-02
8.628715045000000528e-01 1.918488100000000085e-02 3.782839999999999987e-04 1.000000000000000000e+00 1.918370000000000145e-02 1.920060000000000169e-02
8.631591282999999670e-01 1.918431099999999903e-02 3.783079999999999971e-04 1.000000000000000000e+00 1.918310000000000154e-02 1.920010000000000119e-02
8.634468480000000445e-01 1.918372600000000164e-02 3.783330000000000113e-04 1.000000000000000000e+00 1.918250000000000163e-02 1.919950000000000129e-02
8.637346636999999605e-01 1.918318499999999843e-02 3.783570000000000097e-04 1.000000000000000000e+00 1.918200000000000113e-02 1.919910000000000019e-02
8.640225752000000314e-01 1.918272899999999906e-02 3.783810000000000081e-04 1.000000000000000000e+00 1.918160000000000004e-02 1.919869999999999910e-02
8.643105827000000518e-01 1.918237100000000014e-02 3.784050000000000065e-04 1.000000000000000000e+00 1.918129999999999835e-02 1.919840000000000088e-02
8.645986863000000300e-01 1.918210600000000085e-02 3.784290000000000050e-04 1.000000000000000000e+00 1.918109999999999954e-02 1.919830000000000148e-02
8.648868857999999493e-01 1.918191799999999919e-02 3.784519999999999876e-04 1.000000000000000000e+00 1.918090000000000073e-02 1.919819999999999860e-02
8.651751814999999457e-01 1.918179299999999907e-02 3.784750000000000245e-04 1.000000000000000000e+00 1.918080000000000132e-02 1.919809999999999919e-02
8.654635732000000026e-01 1.918172900000000153e-02 3.784980000000000072e-04 1.000000000000000000e+00 1.918080000000000132e-02 1.919819999999999860e-02
8.657520610000000172e-01 1.918174099999999868e-02 3.785199999999999741e-04 1.000000000000000000e+00 1.918080000000000132e-02 1.919819999999999860e-02
8.660406451000000061e-01 1.918184800000000134e-02 3.785419999999999952e-04 1.000000000000000000e+00 1.918100000000000013e-02 1.919840000000000088e-02
8.663293252999999527e-01 1.918206600000000109e-02 3.785649999999999779e-04 1.000000000000000000e+00 1.918119999999999895e-02 1.919869999999999910e-02
8.666181016999999764e-01 1.918239399999999845e-02 3.785869999999999990e-04 1.000000000000000000e+00 1.918150000000000063e-02 1.919910000000000019e-02
8.669069743999999744e-01 1.918280899999999858e-02 3.786090000000000202e-04 1.000000000000000000e+00 1.918200000000000113e-02 1.919950000000000129e-02
8.671959433999999467e-01 1.918326500000000143e-02 3.786309999999999871e-04 1.000000000000000000e+00 1.918239999999999876e-02 1.920010000000000119e-02
8.674850087000000043e-01 1.918370499999999881e-02 3.786530000000000082e-04 1.000000000000000000e+00 1.918289999999999926e-02 1.920060000000000169e-02
8.677741704000000444e-01 1.918407399999999888e-02 3.786749999999999752e-04 1.000000000000000000e+00 1.918330000000000035e-02 1.920099999999999932e-02
8.680634284999999561e-01 1.918433500000000028e-02 3.786969999999999963e-04 1.000000000000000000e+00 1.918359999999999857e-02 1.920130000000000101e-02
8.683527828999999532e-01 1.918447699999999839e-02 3.787190000000000174e-04 1.000000000000000000e+00 1.918370000000000145e-02 1.920149999999999982e-02
8.686422338999999493e-01 1.918451300000000026e-02 3.787400000000000228e-04 1.000000000000000000e+00 1.918380000000000085e-02 1.920159999999999922e-02
8.689317813000000390e-01 1.918447699999999839e-02 3.787619999999999897e-04 1.000000000000000000e+00 1.918380000000000085e-02 1.920169999999999863e-02
8.692214252000000085e-01 1.918440899999999949e-02 3.787829999999999951e-04 1.000000000000000000e+00 1.918370000000000145e-02 1.920169999999999863e-02
8.695111656999999772e-01 1.918434100000000059e-02 3.788050000000000163e-04 1.000000000000000000e+00 1.918370000000000145e-02 1.920169999999999863e-02
8.698010027000000477e-01 1.918429300000000157e-02 3.788260000000000217e-04 1.000000000000000000e+00 1.918359999999999857e-02 1.920169999999999863e-02
8.700909364000000146e-01 1.918426200000000054e-02 3.788470000000000270e-04 1.000000000000000000e+00 1.918359999999999857e-02 1.920169999999999863e-02
8.703809666999999806e-01 1.918422900000000056e-02 3.788679999999999782e-04 1.000000000000000000e+00 1.918359999999999857e-02 1.920169999999999863e-02
8.706710936999999539e-01 1.918416599999999902e-02 3.788899999999999994e-04 1.000000000000000000e+00 1.918349999999999916e-02 1.920169999999999863e-02
8.709613174000000457e-01 1.918403999999999943e-02 3.789110000000000048e-04 1.000000000000000000e+00 1.918339999999999976e-02 1.920159999999999922e-02
8.712516378000000339e-01 1.918382799999999999e-02 3.789320000000000101e-04 1.000000000000000000e+00 1.918320000000000095e-02 1.920149999999999982e-02
8.715420550000000377e-01 1.918352099999999852e-02 3.789539999999999771e-04 1.000000000000000000e+00 1.918279999999999985e-02 1.920120000000000160e-02
8.718325690999999544e-01 1.918312700000000121e-02 3.789759999999999982e-04 1.000000000000000000e+00 1.918239999999999876e-02 1.920089999999999991e-02
8.721231798999999896e-01 1.918267099999999836e-02 3.789980000000000193e-04 1.000000000000000000e+00 1.918200000000000113e-02 1.920039999999999941e-02
8.724138876000000486e-01 1.918218400000000143e-02 3.790190000000000247e-04 1.000000000000000000e+00 1.918150000000000063e-02 1.919999999999999832e-02
8.727046923000000289e-01 1.918169800000000050e-02 3.790409999999999916e-04 1.000000000000000000e+00 1.918100000000000013e-02 1.919960000000000069e-02
8.729955938000000248e-01 1.918123399999999840e-02 3.790630000000000128e-04 1.000000000000000000e+00 1.918059999999999904e-02 1.919919999999999960e-02
8.732865923999999502e-01 1.918080100000000079e-02 3.790840000000000182e-04 1.000000000000000000e+00 1.918020000000000141e-02 1.919890000000000138e-02
8.735776879000000106e-01 1.918039200000000097e-02 3.791059999999999851e-04 1.000000000000000000e+00 1.917980000000000032e-02 1.919859999999999969e-02
8.738688805000000004e-01 1.917999000000000093e-02 3.791259999999999747e-04 1.000000000000000000e+00 1.917949999999999863e-02 1.919830000000000148e-02
8.741601701000000224e-01 1.917956700000000153e-02 3.791469999999999801e-04 1.000000000000000000e+00 1.917910000000000101e-02 1.919790000000000038e-02
8.744515567999999739e-01 1.917909400000000070e-02 3.791679999999999855e-04 1.000000000000000000e+00 1.917869999999999991e-02 1.919749999999999929e-02
8.747430406999999741e-01 1.917854700000000065e-02 3.791879999999999752e-04 1.000000000000000000e+00 1.917810000000000001e-02 1.919710000000000166e-02
8.750346217000000149e-01 1.917790899999999993e-02 3.792080000000000190e-04 1.000000000000000000e+00 1.917750000000000010e-02 1.919649999999999829e-02
8.753262998999999933e-01 1.917717899999999906e-02 3.792280000000000087e-04 1.000000000000000000e+00 1.917680000000000079e-02 1.919589999999999838e-02
8.756180753000000205e-01 1.917637499999999898e-02 3.792479999999999983e-04 1.000000000000000000e+00 1.917610000000000148e-02 1.919509999999999966e-02
8.759099479999999938e-01 1.917553599999999997e-02 3.792670000000000264e-04 1.000000000000000000e+00 1.917519999999999988e-02 1.919440000000000035e-02
8.762019180000000240e-01 1.917471700000000084e-02 3.792870000000000161e-04 1.000000000000000000e+00 1.917450000000000057e-02 1.919360000000000163e-02
8.764939853000000003e-01 1.917398299999999861e-02 3.793059999999999900e-04 1.000000000000000000e+00 1.917369999999999838e-02 1.919300000000000173e-02
8.767861500000000419e-01 1.917339100000000143e-02 3.793250000000000181e-04 1.000000000000000000e+00 1.917320000000000135e-02 1.919250000000000123e-02
8.770784120000000295e-01 1.917297800000000024e-02 3.793439999999999920e-04 1.000000000000000000e+00 1.917280000000000026e-02 1.919210000000000013e-02
8.773707714999999796e-01 1.917274799999999987e-02 3.793630000000000201e-04 1.000000000000000000e+00 1.917260000000000145e-02 1.919200000000000073e-02
8.776632283999999951e-01 1.917266700000000088e-02 3.793809999999999782e-04 1.000000000000000000e+00 1.917260000000000145e-02 1.919200000000000073e-02
8.779557827999999731e-01 1.917266700000000088e-02 3.793989999999999906e-04 1.000000000000000000e+00 1.917260000000000145e-02 1.919210000000000013e-02
8.782484347000000247e-01 1.917265900000000162e-02 3.794170000000000030e-04 1.000000000000000000e+00 1.917260000000000145e-02 1.919210000000000013e-02
8.785411842000000471e-01 1.917255099999999948e-02 3.794350000000000153e-04 1.000000000000000000e+00 1.917260000000000145e-02 1.919210000000000013e-02
8.788340313000000403e-01 1.917227000000000167e-02 3.794520000000000119e-04 1.000000000000000000e+00 1.917239999999999917e-02 1.919200000000000073e-02
8.791269760000000044e-01 1.917177000000000117e-02 3.794690000000000086e-04 1.000000000000000000e+00 1.917200000000000154e-02 1.919159999999999963e-02
8.794200183000000504e-01 1.917103699999999841e-02 3.794839999999999737e-04 1.000000000000000000e+00 1.917140000000000163e-02 1.919099999999999973e-02
8.797131582999999644e-01 1.917008599999999938e-02 3.794989999999999930e-04 1.000000000000000000e+00 1.917050000000000004e-02 1.919030000000000041e-02
8.800063959999999685e-01 1.916895500000000141e-02 3.795140000000000124e-04 1.000000000000000000e+00 1.916949999999999904e-02 1.918929999999999941e-02
8.802997314999999601e-01 1.916769000000000112e-02 3.795270000000000002e-04 1.000000000000000000e+00 1.916839999999999863e-02 1.918819999999999901e-02
8.805931647000000417e-01 1.916634099999999993e-02 3.795390000000000265e-04 1.000000000000000000e+00 1.916719999999999882e-02 1.918709999999999860e-02
8.808866958000000080e-01 1.916496300000000014e-02 3.795499999999999829e-04 1.000000000000000000e+00 1.916589999999999960e-02 1.918579999999999938e-02
8.811803246999999617e-01 1.916360799999999864e-02 3.795609999999999934e-04 1.000000000000000000e+00 1.916460000000000038e-02 1.918459999999999957e-02
8.814740515000000221e-01 1.916232500000000089e-02 3.795720000000000040e-04 1.000000000000000000e+00 1.916330000000000117e-02 1.918339999999999976e-02
8.817678760999999588e-01 1.916115800000000105e-02 3.795830000000000146e-04 1.000000000000000000e+00 1.916210000000000135e-02 1.918219999999999995e-02
8.820617988000000187e-01 1.916013800000000017e-02 3.795940000000000251e-04 1.000000000000000000e+00 1.916100000000000095e-02 1.918109999999999954e-02
8.823558193999999633e-01 1.915927799999999834e-02 3.796070000000000130e-04 1.000000000000000000e+00 1.915999999999999995e-02 1.918020000000000141e-02
8.826499380000000228e-01 1.915857199999999871e-02 3.796200000000000008e-04 1.000000000000000000e+00 1.915920000000000123e-02 1.917939999999999923e-02
8.829441545999999752e-01 1.915799600000000005e-02 3.796350000000000202e-04 1.000000000000000000e+00 1.915839999999999904e-02 1.917869999999999991e-02
8.832384693000000508e-01 1.915750999999999912e-02 3.796499999999999853e-04 1.000000000000000000e+00 1.915779999999999914e-02 1.917810000000000001e-02
8.835328822000000359e-01 1.915707499999999910e-02 3.796669999999999819e-04 1.000000000000000000e+00 1.915729999999999864e-02 1.917769999999999891e-02
8.838273931000000250e-01 1.915665399999999866e-02 3.796830000000000170e-04 1.000000000000000000e+00 1.915690000000000101e-02 1.917730000000000129e-02
8.841220022000000345e-01 1.915623099999999926e-02 3.797000000000000136e-04 1.000000000000000000e+00 1.915659999999999932e-02 1.917699999999999960e-02
8.844167095999999617e-01 1.915581200000000123e-02 3.797149999999999788e-04 1.000000000000000000e+00 1.915630000000000110e-02 1.917680000000000079e-02
8.847115151000000122e-01 1.915543299999999949e-02 3.797289999999999823e-04 1.000000000000000000e+00 1.915620000000000170e-02 1.917670000000000138e-02
8.850064189999999886e-01 1.915515099999999873e-02 3.797410000000000087e-04 1.000000000000000000e+00 1.915609999999999882e-02 1.917670000000000138e-02
8.853014210999999856e-01 1.915503699999999976e-02 3.797520000000000192e-04 1.000000000000000000e+00 1.915609999999999882e-02 1.917670000000000138e-02
8.855965216000000195e-01 1.915515500000000010e-02 3.797620000000000141e-04 1.000000000000000000e+00 1.915630000000000110e-02 1.917690000000000020e-02
8.858917203999999712e-01 1.915555700000000014e-02 3.797720000000000089e-04 1.000000000000000000e+00 1.915669999999999873e-02 1.917730000000000129e-02
8.861870176999999682e-01 1.915626499999999871e-02 3.797830000000000194e-04 1.000000000000000000e+00 1.915729999999999864e-02 1.917790000000000120e-02
8.864824134000000022e-01 1.915728400000000012e-02 3.797949999999999915e-04 1.000000000000000000e+00 1.915810000000000082e-02 1.917879999999999932e-02
8.867779074999999622e-01 1.915860100000000080e-02 3.798079999999999794e-04 1.000000000000000000e+00 1.915920000000000123e-02 1.917989999999999973e-02
8.870735000999999675e-01 1.916020300000000065e-02 3.798240000000000145e-04 1.000000000000000000e+00 1.916050000000000045e-02 1.918119999999999895e-02
8.873691913000000264e-01 1.916208700000000126e-02 3.798410000000000111e-04 1.000000000000000000e+00 1.916210000000000135e-02 1.918289999999999926e-02
8.876649810000000196e-01 1.916425999999999893e-02 3.798599999999999850e-04 1.000000000000000000e+00 1.916409999999999988e-02 1.918479999999999838e-02
8.879608693999999636e-01 1.916674700000000134e-02 3.798809999999999904e-04 1.000000000000000000e+00 1.916640000000000010e-02 1.918709999999999860e-02
8.882568562999999529e-01 1.916959299999999866e-02 3.799030000000000115e-04 1.000000000000000000e+00 1.916910000000000142e-02 1.918979999999999991e-02
8.885529419000000040e-01 1.917287100000000105e-02 3.799259999999999942e-04 1.000000000000000000e+00 1.917229999999999976e-02 1.919300000000000173e-02
8.888491262000000059e-01 1.917668100000000098e-02 3.799489999999999769e-04 1.000000000000000000e+00 1.917620000000000088e-02 1.919689999999999938e-02
8.891454092999999670e-01 1.918114799999999856e-02 3.799699999999999822e-04 1.000000000000000000e+00 1.918080000000000132e-02 1.920149999999999982e-02
8.894417910999999899e-01 1.918638599999999972e-02 3.799900000000000261e-04 1.000000000000000000e+00 1.918639999999999929e-02 1.920699999999999838e-02
8.897382716999999719e-01 1.919244599999999842e-02 3.800060000000000070e-04 1.000000000000000000e+00 1.919300000000000173e-02 1.921350000000000141e-02
8.900348511000000240e-01 1.919924699999999915e-02 3.800179999999999791e-04 1.000000000000000000e+00 1.920039999999999941e-02 1.922089999999999910e-02
8.903315294000000435e-01 1.920651300000000145e-02 3.800240000000000193e-04 1.000000000000000000e+00 1.920859999999999929e-02 1.922890000000000016e-02
8.906283066000000304e-01 1.921372500000000094e-02 3.800219999999999878e-04 1.000000000000000000e+00 1.921700000000000144e-02 1.923710000000000003e-02
8.909251826999999846e-01 1.922014699999999993e-02 3.800100000000000157e-04 1.000000000000000000e+00 1.922480000000000022e-02 1.924479999999999941e-02
8.912221577000000172e-01 1.922488300000000164e-02 3.799869999999999789e-04 1.000000000000000000e+00 1.923129999999999978e-02 1.925110000000000016e-02
8.915192318000000338e-01 1.922698200000000010e-02 3.799510000000000083e-04 1.000000000000000000e+00 1.923530000000000031e-02 1.925500000000000128e-02
8.918164049000000260e-01 1.922556300000000107e-02 3.799000000000000185e-04 1.000000000000000000e+00 1.923609999999999903e-02 1.925570000000000059e-02
8.921136769999999938e-01 1.921990800000000083e-02 3.798319999999999778e-04 1.000000000000000000e+00 1.923290000000000069e-02 1.925239999999999937e-02
8.924110481999999456e-01 1.920950999999999909e-02 3.797459999999999790e-04 1.000000000000000000e+00 1.922520000000000132e-02 1.924460000000000059e-02
8.927085186000000006e-01 1.919406800000000163e-02 3.796389999999999747e-04 1.000000000000000000e+00 1.921279999999999863e-02 1.923220000000000138e-02
8.930060881000000395e-01 1.917342899999999878e-02 3.795089999999999878e-04 1.000000000000000000e+00 1.919569999999999957e-02 1.921509999999999885e-02
8.933037567999999595e-01 1.914754700000000087e-02 3.793520000000000095e-04 1.000000000000000000e+00 1.917390000000000067e-02 1.919349999999999876e-02
8.936015246999999828e-01 1.911645699999999989e-02 3.791609999999999837e-04 1.000000000000000000e+00 1.914770000000000014e-02 1.916740000000000110e-02
8.938993919000000066e-01 1.908028999999999975e-02 3.789320000000000101e-04 1.000000000000000000e+00 1.911710000000000145e-02 1.913689999999999836e-02
8.941973583000000225e-01 1.903932900000000067e-02 3.786589999999999943e-04 1.000000000000000000e+00 1.908220000000000055e-02 1.910210000000000033e-02
8.944954241000000472e-01 1.899408500000000083e-02 3.783400000000000131e-04 1.000000000000000000e+00 1.904329999999999912e-02 1.906329999999999830e-02
8.947935892999999696e-01 1.894530300000000014e-02 3.779750000000000124e-04 1.000000000000000000e+00 1.900069999999999884e-02 1.902070000000000149e-02
8.950918538000000035e-01 1.889391699999999966e-02 3.775650000000000078e-04 1.000000000000000000e+00 1.895480000000000081e-02 1.897489999999999941e-02
8.953902177000000462e-01 1.884090999999999891e-02 3.771159999999999855e-04 1.000000000000000000e+00 1.890640000000000029e-02 1.892649999999999888e-02
8.956886810999999948e-01 1.878711400000000059e-02 3.766379999999999945e-04 1.000000000000000000e+00 1.885600000000000123e-02 1.887609999999999982e-02
8.959872439999999605e-01 1.873298400000000113e-02 3.761360000000000051e-04 1.000000000000000000e+00 1.880449999999999830e-02 1.882450000000000095e-02
8.962859064999999514e-01 1.867848700000000056e-02 3.756170000000000190e-04 1.000000000000000000e+00 1.875189999999999843e-02 1.877200000000000049e-02
8.965846683999999511e-01 1.862312299999999837e-02 3.750830000000000136e-04 1.000000000000000000e+00 1.869840000000000044e-02 1.871839999999999962e-02
8.968835299999999844e-01 1.856624000000000121e-02 3.745329999999999731e-04 1.000000000000000000e+00 1.864359999999999976e-02 1.866349999999999953e-02
8.971824912000000429e-01 1.850753999999999941e-02 3.739680000000000218e-04 1.000000000000000000e+00 1.858699999999999936e-02 1.860679999999999973e-02
8.974815520000000157e-01 1.844766100000000061e-02 3.733869999999999811e-04 1.000000000000000000e+00 1.852849999999999983e-02 1.854839999999999961e-02
8.977807125000000221e-01 1.838859500000000063e-02 3.728019999999999858e-04 1.000000000000000000e+00 1.846899999999999931e-02 1.848879999999999968e-02
8.980799726999999510e-01 1.833366900000000035e-02 3.722290000000000169e-04 1.000000000000000000e+00 1.841030000000000097e-02 1.843010000000000134e-02
8.983793327000000328e-01 1.828699099999999897e-02 3.717009999999999975e-04 1.000000000000000000e+00 1.835540000000000088e-02 1.837509999999999838e-02
8.986787925000000454e-01 1.825245899999999866e-02 3.712519999999999753e-04 1.000000000000000000e+00 1.830779999999999907e-02 1.832759999999999945e-02
8.989783520999999888e-01 1.823265699999999934e-02 3.709159999999999974e-04 1.000000000000000000e+00 1.827089999999999964e-02 1.829070000000000001e-02
8.992780115999999824e-01 1.822806800000000005e-02 3.707180000000000241e-04 1.000000000000000000e+00 1.824720000000000161e-02 1.826710000000000139e-02
8.995777709000000177e-01 1.823692899999999895e-02 3.706630000000000254e-04 1.000000000000000000e+00 1.823750000000000024e-02 1.825749999999999942e-02
8.998776302000000005e-01 1.825581000000000079e-02 3.707410000000000067e-04 1.000000000000000000e+00 1.824049999999999977e-02 1.826059999999999836e-02
9.001775894000000333e-01 1.828070799999999968e-02 3.709219999999999835e-04 1.000000000000000000e+00 1.825370000000000117e-02 1.827389999999999917e-02
9.004776486000000135e-01 1.830827499999999886e-02 3.711760000000000254e-04 1.000000000000000000e+00 1.827399999999999858e-02 1.829429999999999945e-02
9.007778078000000521e-01 1.833674000000000068e-02 3.714710000000000082e-04 1.000000000000000000e+00 1.829839999999999939e-02 1.831889999999999907e-02
9.010780670000000381e-01 1.836623399999999864e-02 3.717899999999999894e-04 1.000000000000000000e+00 1.832519999999999982e-02 1.834579999999999891e-02
9.013784263999999880e-01 1.839846900000000063e-02 3.721309999999999917e-04 1.000000000000000000e+00 1.835420000000000107e-02 1.837489999999999957e-02
9.016788859000000045e-01 1.843588599999999855e-02 3.725019999999999785e-04 1.000000000000000000e+00 1.838630000000000125e-02 1.840719999999999856e-02
9.019794454999999767e-01 1.848056500000000088e-02 3.729210000000000164e-04 1.000000000000000000e+00 1.842330000000000009e-02 1.844439999999999968e-02
9.022801053000000238e-01 1.853325800000000037e-02 3.734039999999999777e-04 1.000000000000000000e+00 1.846679999999999849e-02 1.848790000000000155e-02
9.025808654000000431e-01 1.859281900000000001e-02 3.739559999999999954e-04 1.000000000000000000e+00 1.851720000000000102e-02 1.853859999999999883e-02
9.028817256000000180e-01 1.865614800000000087e-02 3.745679999999999821e-04 1.000000000000000000e+00 1.857380000000000142e-02 1.859529999999999864e-02
9.031826861999999734e-01 1.871870600000000162e-02 3.752149999999999778e-04 1.000000000000000000e+00 1.863410000000000066e-02 1.865570000000000075e-02
9.034837471000000120e-01 1.877532300000000001e-02 3.758570000000000032e-04 1.000000000000000000e+00 1.869420000000000109e-02 1.871600000000000000e-02
9.037849084000000310e-01 1.882112099999999968e-02 3.764500000000000159e-04 1.000000000000000000e+00 1.874960000000000168e-02 1.877159999999999940e-02
9.040861700000000223e-01 1.885225100000000042e-02 3.769499999999999739e-04 1.000000000000000000e+00 1.879600000000000021e-02 1.881810000000000080e-02
9.043875321000000023e-01 1.886634599999999912e-02 3.773199999999999991e-04 1.000000000000000000e+00 1.882970000000000130e-02 1.885190000000000130e-02
9.046889945999999627e-01 1.886262699999999987e-02 3.775340000000000076e-04 1.000000000000000000e+00 1.884809999999999958e-02 1.887039999999999898e-02
9.049905576000000229e-01 1.884181500000000134e-02 3.775809999999999887e-04 1.000000000000000000e+00 1.884999999999999870e-02 1.887240000000000098e-02
9.052922210999999608e-01 1.880592400000000164e-02 3.774629999999999739e-04 1.000000000000000000e+00 1.883570000000000036e-02 1.885809999999999917e-02
9.055939852000000068e-01 1.875802700000000003e-02 3.771949999999999826e-04 1.000000000000000000e+00 1.880650000000000030e-02 1.882889999999999911e-02
9.058958498000000414e-01 1.870202199999999870e-02 3.768029999999999904e-04 1.000000000000000000e+00 1.876500000000000043e-02 1.878739999999999924e-02
9.061978150999999704e-01 1.864233800000000135e-02 3.763209999999999906e-04 1.000000000000000000e+00 1.871460000000000137e-02 1.873700000000000018e-02
9.064998810000000073e-01 1.858356400000000033e-02 3.757890000000000167e-04 1.000000000000000000e+00 1.865949999999999900e-02 1.868179999999999841e-02
9.068020476999999469e-01 1.852997400000000114e-02 3.752510000000000025e-04 1.000000000000000000e+00 1.860380000000000020e-02 1.862609999999999960e-02
9.071043149999999944e-01 1.848506200000000002e-02 3.747460000000000201e-04 1.000000000000000000e+00 1.855160000000000142e-02 1.857390000000000083e-02
9.074066831000000555e-01 1.845118200000000000e-02 3.743110000000000014e-04 1.000000000000000000e+00 1.850639999999999924e-02 1.852869999999999864e-02
9.077091520000000191e-01 1.842934200000000133e-02 3.739699999999999990e-04 1.000000000000000000e+00 1.847069999999999962e-02 1.849299999999999902e-02
9.080117216999999963e-01 1.841928699999999947e-02 3.737360000000000009e-04 1.000000000000000000e+00 1.844579999999999831e-02 1.846810000000000118e-02
9.083143922999999953e-01 1.841972700000000032e-02 3.736120000000000001e-04 1.000000000000000000e+00 1.843190000000000106e-02 1.845420000000000046e-02
9.086171638000000161e-01 1.842873000000000080e-02 3.735899999999999790e-04 1.000000000000000000e+00 1.842819999999999875e-02 1.845050000000000162e-02
9.089200361999999478e-01 1.844409899999999852e-02 3.736550000000000266e-04 1.000000000000000000e+00 1.843329999999999969e-02 1.845559999999999909e-02
9.092230095000000123e-01 1.846366400000000116e-02 3.737869999999999908e-04 1.000000000000000000e+00 1.844519999999999840e-02 1.846760000000000068e-02
9.095260837999999959e-01 1.848541600000000104e-02 3.739659999999999903e-04 1.000000000000000000e+00 1.846199999999999924e-02 1.848440000000000152e-02
9.098292592000000178e-01 1.850749800000000070e-02 3.741719999999999812e-04 1.000000000000000000e+00 1.848179999999999962e-02 1.850430000000000130e-02
9.101325355999999589e-01 1.852811399999999831e-02 3.743859999999999896e-04 1.000000000000000000e+00 1.850270000000000040e-02 1.852519999999999861e-02
9.104359131000000493e-01 1.854545700000000130e-02 3.745870000000000102e-04 1.000000000000000000e+00 1.852300000000000127e-02 1.854549999999999949e-02
9.107393917999999644e-01 1.855780400000000066e-02 3.747579999999999922e-04 1.000000000000000000e+00 1.854070000000000024e-02 1.856319999999999845e-02
9.110429716000000289e-01 1.856378300000000037e-02 3.748809999999999773e-04 1.000000000000000000e+00 1.855429999999999927e-02 1.857680000000000095e-02
9.113466526000000290e-01 1.856277599999999958e-02 3.749410000000000004e-04 1.000000000000000000e+00 1.856230000000000033e-02 1.858469999999999914e-02
9.116504347999999647e-01 1.855529399999999995e-02 3.749320000000000213e-04 1.000000000000000000e+00 1.856390000000000123e-02 1.858630000000000004e-02
9.119543182999999553e-01 1.854313000000000142e-02 3.748600000000000261e-04 1.000000000000000000e+00 1.855949999999999961e-02 1.858179999999999901e-02
9.122583029999999926e-01 1.852913100000000077e-02 3.747399999999999798e-04 1.000000000000000000e+00 1.855029999999999873e-02 1.857260000000000161e-02
9.125623890999999821e-01 1.851657699999999934e-02 3.745970000000000051e-04 1.000000000000000000e+00 1.853870000000000171e-02 1.856079999999999883e-02
9.128665766000000348e-01 1.850834100000000107e-02 3.744630000000000094e-04 1.000000000000000000e+00 1.852730000000000002e-02 1.854940000000000061e-02
9.131708654000000314e-01 1.850607099999999894e-02 3.743649999999999842e-04 1.000000000000000000e+00 1.851879999999999846e-02 1.854079999999999964e-02
9.134752556999999884e-01 1.850976899999999883e-02 3.743199999999999804e-04 1.000000000000000000e+00 1.851480000000000140e-02 1.853679999999999911e-02
9.137797475000000169e-01 1.851792999999999842e-02 3.743309999999999910e-04 1.000000000000000000e+00 1.851589999999999833e-02 1.853789999999999952e-02
9.140843406999999976e-01 1.852824100000000085e-02 3.743880000000000211e-04 1.000000000000000000e+00 1.852120000000000155e-02 1.854329999999999867e-02
9.143890354999999470e-01 1.853851200000000005e-02 3.744719999999999885e-04 1.000000000000000000e+00 1.852919999999999914e-02 1.855129999999999973e-02
9.146938318999999762e-01 1.854746999999999993e-02 3.745649999999999891e-04 1.000000000000000000e+00 1.853820000000000121e-02 1.856019999999999892e-02
9.149987297999999658e-01 1.855505799999999927e-02 3.746530000000000194e-04 1.000000000000000000e+00 1.854690000000000158e-02 1.856899999999999870e-02
9.153037294000000434e-01 1.856215500000000032e-02 3.747320000000000165e-04 1.000000000000000000e+00 1.855499999999999858e-02 1.857709999999999917e-02
9.156088305999999788e-01 1.856997399999999951e-02 3.748070000000000047e-04 1.000000000000000000e+00 1.856280000000000083e-02 1.858490000000000142e-02
9.159140336000000104e-01 1.857949199999999954e-02 3.748860000000000018e-04 1.000000000000000000e+00 1.857110000000000011e-02 1.859320000000000070e-02
9.162193382000000108e-01 1.859125000000000014e-02 3.749790000000000024e-04 1.000000000000000000e+00 1.858049999999999979e-02 1.860260000000000039e-02
9.165247447000000047e-01 1.860554500000000111e-02 3.750919999999999927e-04 1.000000000000000000e+00 1.859169999999999920e-02 1.861379999999999979e-02
9.168302528999999756e-01 1.862281500000000090e-02 3.752310000000000129e-04 1.000000000000000000e+00 1.860509999999999942e-02 1.862720000000000001e-02
9.171358630000000511e-01 1.864386200000000063e-02 3.754030000000000106e-04 1.000000000000000000e+00 1.862120000000000095e-02 1.864340000000000094e-02
9.174415750000000092e-01 1.866970899999999961e-02 3.756149999999999875e-04 1.000000000000000000e+00 1.864089999999999844e-02 1.866309999999999844e-02
9.177473887999999524e-01 1.870112700000000142e-02 3.758780000000000085e-04 1.000000000000000000e+00 1.866510000000000044e-02 1.868739999999999984e-02
9.180533046000000086e-01 1.873807200000000145e-02 3.761959999999999740e-04 1.000000000000000000e+00 1.869439999999999991e-02 1.871679999999999872e-02
9.183593223999999555e-01 1.877937500000000093e-02 3.765679999999999765e-04 1.000000000000000000e+00 1.872880000000000031e-02 1.875129999999999852e-02
9.186654422000000153e-01 1.882281699999999863e-02 3.769849999999999829e-04 1.000000000000000000e+00 1.876730000000000065e-02 1.878989999999999827e-02
9.189716639999999659e-01 1.886559200000000047e-02 3.774280000000000191e-04 1.000000000000000000e+00 1.880810000000000121e-02 1.883080000000000170e-02
9.192779879000000376e-01 1.890493099999999982e-02 3.778729999999999784e-04 1.000000000000000000e+00 1.884889999999999829e-02 1.887170000000000167e-02
9.195844139000000084e-01 1.893866500000000036e-02 3.782960000000000250e-04 1.000000000000000000e+00 1.888710000000000042e-02 1.891019999999999854e-02
9.198909419999999892e-01 1.896556300000000125e-02 3.786759999999999909e-04 1.000000000000000000e+00 1.892100000000000032e-02 1.894409999999999844e-02
9.201975722999999885e-01 1.898540300000000139e-02 3.789989999999999809e-04 1.000000000000000000e+00 1.894909999999999997e-02 1.897240000000000038e-02
9.205043049000000144e-01 1.899883900000000000e-02 3.792600000000000246e-04 1.000000000000000000e+00 1.897089999999999888e-02 1.899440000000000156e-02
9.208111396000000504e-01 1.900712099999999835e-02 3.794599999999999753e-04 1.000000000000000000e+00 1.898700000000000040e-02 1.901049999999999962e-02
9.211180767000000102e-01 1.901176499999999991e-02 3.796079999999999745e-04 1.000000000000000000e+00 1.899810000000000040e-02 1.902169999999999903e-02
9.214251159999999885e-01 1.901421199999999909e-02 3.797140000000000172e-04 1.000000000000000000e+00 1.900550000000000156e-02 1.902919999999999959e-02
9.217322577000000017e-01 1.901557099999999847e-02 3.797879999999999897e-04 1.000000000000000000e+00 1.901049999999999962e-02 1.903420000000000112e-02
9.220395018000000498e-01 1.901647000000000060e-02 3.798389999999999796e-04 1.000000000000000000e+00 1.901399999999999965e-02 1.903780000000000056e-02
9.223468483000000218e-01 1.901711000000000026e-02 3.798730000000000270e-04 1.000000000000000000e+00 1.901680000000000037e-02 1.904060000000000127e-02
9.226542973000000369e-01 1.901743200000000078e-02 3.798930000000000167e-04 1.000000000000000000e+00 1.901900000000000118e-02 1.904269999999999921e-02
9.229618486999999760e-01 1.901739399999999997e-02 3.798979999999999870e-04 1.000000000000000000e+00 1.902070000000000149e-02 1.904439999999999952e-02
9.232695026999999666e-01 1.901718599999999842e-02 3.798920000000000009e-04 1.000000000000000000e+00 1.902200000000000071e-02 1.904559999999999934e-02
9.235772592000000003e-01 1.901732100000000023e-02 3.798760000000000201e-04 1.000000000000000000e+00 1.902300000000000171e-02 1.904650000000000093e-02
9.238851181999999662e-01 1.901852500000000140e-02 3.798569999999999920e-04 1.000000000000000000e+00 1.902420000000000153e-02 1.904770000000000074e-02
9.241930798999999919e-01 1.902146999999999866e-02 3.798399999999999953e-04 1.000000000000000000e+00 1.902639999999999887e-02 1.904969999999999927e-02
9.245011442999999662e-01 1.902644200000000105e-02 3.798310000000000163e-04 1.000000000000000000e+00 1.903020000000000059e-02 1.905340000000000159e-02
9.248093114000000003e-01 1.903302999999999939e-02 3.798300000000000005e-04 1.000000000000000000e+00 1.903590000000000143e-02 1.905899999999999955e-02
9.251175810999999749e-01 1.903996700000000139e-02 3.798310000000000163e-04 1.000000000000000000e+00 1.904339999999999852e-02 1.906619999999999843e-02
9.254259536000000175e-01 1.904516599999999879e-02 3.798189999999999900e-04 1.000000000000000000e+00 1.905149999999999899e-02 1.907410000000000008e-02
9.257344290000000253e-01 1.904592600000000122e-02 3.797750000000000019e-04 1.000000000000000000e+00 1.905830000000000024e-02 1.908059999999999964e-02
9.260430070999999819e-01 1.903934300000000024e-02 3.796730000000000222e-04 1.000000000000000000e+00 1.906139999999999918e-02 1.908330000000000096e-02
9.263516881000000147e-01 1.902270000000000003e-02 3.794889999999999982e-04 1.000000000000000000e+00 1.905770000000000033e-02 1.907920000000000102e-02
9.266604720000000128e-01 1.899383099999999922e-02 3.791980000000000242e-04 1.000000000000000000e+00 1.904449999999999893e-02 1.906559999999999852e-02
9.269693587999999762e-01 1.895128999999999911e-02 3.787859999999999882e-04 1.000000000000000000e+00 1.901919999999999999e-02 1.903979999999999909e-02
9.272783486000000241e-01 1.889421000000000156e-02 3.782440000000000194e-04 1.000000000000000000e+00 1.898000000000000034e-02 1.900019999999999834e-02
9.275874414000000456e-01 1.882197999999999857e-02 3.775690000000000166e-04 1.000000000000000000e+00 1.892570000000000016e-02 1.894550000000000053e-02
9.278966372000000407e-01 1.873377199999999923e-02 3.767609999999999796e-04 1.000000000000000000e+00 1.885540000000000133e-02 1.887480000000000060e-02
9.282059361000000175e-01 1.862818299999999955e-02 3.758179999999999854e-04 1.000000000000000000e+00 1.876830000000000165e-02 1.878739999999999924e-02
9.285153380999999762e-01 1.850313899999999831e-02 3.747299999999999850e-04 1.000000000000000000e+00 1.866330000000000072e-02 1.868219999999999950e-02
9.288248432000000276e-01 1.835626200000000166e-02 3.734820000000000132e-04 1.000000000000000000e+00 1.853909999999999933e-02 1.855779999999999930e-02
9.291344514999999582e-01 1.818545800000000157e-02 3.720490000000000017e-04 1.000000000000000000e+00 1.839400000000000063e-02 1.841249999999999831e-02
9.294441629999999899e-01 1.798975699999999858e-02 3.704080000000000220e-04 1.000000000000000000e+00 1.822649999999999965e-02 1.824500000000000080e-02
9.297539777000000116e-01 1.777006999999999892e-02 3.685420000000000232e-04 1.000000000000000000e+00 1.803619999999999876e-02 1.805450000000000110e-02
9.300638957000000318e-01 1.752957600000000157e-02 3.664459999999999809e-04 1.000000000000000000e+00 1.782380000000000075e-02 1.784200000000000022e-02
9.303739170000000502e-01 1.727362199999999889e-02 3.641359999999999844e-04 1.000000000000000000e+00 1.759200000000000000e-02 1.761010000000000006e-02
9.306840415999999561e-01 1.700915600000000097e-02 3.616469999999999884e-04 1.000000000000000000e+00 1.734520000000000159e-02 1.736309999999999937e-02
9.309942695999999795e-01 1.674374199999999896e-02 3.590339999999999916e-04 1.000000000000000000e+00 1.708930000000000171e-02 1.710700000000000068e-02
9.313046010000000097e-01 1.648444199999999846e-02 3.563600000000000101e-04 1.000000000000000000e+00 1.683070000000000052e-02 1.684820000000000068e-02
9.316150359000000547e-01 1.623688400000000004e-02 3.536909999999999989e-04 1.000000000000000000e+00 1.657569999999999877e-02 1.659290000000000070e-02
9.319255743000000036e-01 1.600484699999999913e-02 3.510869999999999811e-04 1.000000000000000000e+00 1.632959999999999967e-02 1.634659999999999933e-02
9.322362160999999592e-01 1.579055600000000073e-02 3.485960000000000079e-04 1.000000000000000000e+00 1.609640000000000029e-02 1.611299999999999885e-02
9.325469615000000490e-01 1.559553500000000065e-02 3.462550000000000111e-04 1.000000000000000000e+00 1.587869999999999907e-02 1.589499999999999941e-02
9.328578105000000509e-01 1.542163600000000072e-02 3.440939999999999754e-04 1.000000000000000000e+00 1.567879999999999968e-02 1.569490000000000121e-02
9.331687630999999650e-01 1.527175899999999933e-02 3.421450000000000251e-04 1.000000000000000000e+00 1.549900000000000062e-02 1.551489999999999987e-02
9.334798194000000215e-01 1.514981200000000035e-02 3.404479999999999768e-04 1.000000000000000000e+00 1.534250000000000023e-02 1.535820000000000067e-02
9.337909792999999903e-01 1.505986500000000040e-02 3.390469999999999812e-04 1.000000000000000000e+00 1.521280000000000028e-02 1.522839999999999958e-02
9.341022429999999988e-01 1.500484000000000019e-02 3.379860000000000264e-04 1.000000000000000000e+00 1.511370000000000074e-02 1.512930000000000004e-02
9.344136104000000387e-01 1.498529099999999954e-02 3.372960000000000042e-04 1.000000000000000000e+00 1.504789999999999947e-02 1.506350000000000050e-02
9.347250816000000073e-01 1.499883400000000082e-02 3.369849999999999864e-04 1.000000000000000000e+00 1.501620000000000038e-02 1.503179999999999968e-02
9.350366566000000157e-01 1.504047900000000069e-02 3.370339999999999990e-04 1.000000000000000000e+00 1.501680000000000029e-02 1.503250000000000072e-02
9.353483354999999611e-01 1.510382000000000044e-02 3.373949999999999909e-04 1.000000000000000000e+00 1.504579999999999980e-02 1.506159999999999964e-02
9.356601182999999544e-01 1.518260800000000021e-02 3.380090000000000091e-04 1.000000000000000000e+00 1.509779999999999976e-02 1.511380000000000015e-02
9.359720049999999958e-01 1.527240799999999947e-02 3.388139999999999988e-04 1.000000000000000000e+00 1.516759999999999983e-02 1.518360000000000022e-02
9.362839955999999741e-01 1.537174900000000052e-02 3.397629999999999791e-04 1.000000000000000000e+00 1.525089999999999953e-02 1.526710000000000046e-02
9.365960903000000171e-01 1.548253999999999950e-02 3.408360000000000144e-04 1.000000000000000000e+00 1.534600000000000027e-02 1.536230000000000061e-02
9.369082890000000052e-01 1.560948600000000054e-02 3.420440000000000069e-04 1.000000000000000000e+00 1.545400000000000072e-02 1.547049999999999988e-02
9.372205917999999469e-01 1.575848200000000074e-02 3.434229999999999813e-04 1.000000000000000000e+00 1.557820000000000038e-02 1.559490000000000008e-02
9.375329985999999449e-01 1.593421299999999916e-02 3.450220000000000045e-04 1.000000000000000000e+00 1.572319999999999968e-02 1.574000000000000052e-02
9.378455096000000157e-01 1.613764100000000118e-02 3.468759999999999769e-04 1.000000000000000000e+00 1.589230000000000156e-02 1.590940000000000062e-02
9.381581248000000484e-01 1.636413899999999977e-02 3.489920000000000088e-04 1.000000000000000000e+00 1.608650000000000010e-02 1.610369999999999857e-02
9.384708442000000428e-01 1.660300699999999949e-02 3.513230000000000107e-04 1.000000000000000000e+00 1.630159999999999942e-02 1.631919999999999898e-02
9.387836677999999990e-01 1.683865899999999888e-02 3.537699999999999959e-04 1.000000000000000000e+00 1.652889999999999915e-02 1.654680000000000040e-02
9.390965957000000364e-01 1.705330199999999935e-02 3.561929999999999827e-04 1.000000000000000000e+00 1.675520000000000134e-02 1.677330000000000140e-02
9.394096279000000438e-01 1.723025400000000040e-02 3.584300000000000225e-04 1.000000000000000000e+00 1.696500000000000091e-02 1.698339999999999919e-02
9.397227644000000213e-01 1.735692000000000138e-02 3.603260000000000057e-04 1.000000000000000000e+00 1.714330000000000020e-02 1.716200000000000017e-02
9.400360052999999771e-01 1.742652399999999879e-02 3.617599999999999787e-04 1.000000000000000000e+00 1.727810000000000110e-02 1.729699999999999988e-02
9.403493507000000307e-01 1.743842199999999856e-02 3.626600000000000006e-04 1.000000000000000000e+00 1.736180000000000015e-02 1.738090000000000121e-02
9.406628004999999515e-01 1.739707899999999932e-02 3.630039999999999959e-04 1.000000000000000000e+00 1.739210000000000061e-02 1.741120000000000168e-02
9.409763546999999617e-01 1.731052599999999969e-02 3.628190000000000104e-04 1.000000000000000000e+00 1.737110000000000043e-02 1.739030000000000090e-02
9.412900134999999668e-01 1.718886899999999898e-02 3.621650000000000130e-04 1.000000000000000000e+00 1.730490000000000153e-02 1.732409999999999853e-02
9.416037768999999669e-01 1.704323599999999980e-02 3.611290000000000181e-04 1.000000000000000000e+00 1.720189999999999914e-02 1.722100000000000020e-02
9.419176447999999535e-01 1.688518199999999858e-02 3.598140000000000214e-04 1.000000000000000000e+00 1.707219999999999918e-02 1.709130000000000024e-02
9.422316173000000461e-01 1.672631600000000149e-02 3.583300000000000200e-04 1.000000000000000000e+00 1.692669999999999939e-02 1.694560000000000163e-02
9.425456945000000308e-01 1.657781399999999974e-02 3.567919999999999816e-04 1.000000000000000000e+00 1.677659999999999915e-02 1.679539999999999852e-02
9.428598764000000187e-01 1.644960700000000151e-02 3.553149999999999820e-04 1.000000000000000000e+00 1.663270000000000026e-02 1.665149999999999963e-02
9.431741631000000181e-01 1.634942099999999940e-02 3.540020000000000167e-04 1.000000000000000000e+00 1.650499999999999884e-02 1.652369999999999881e-02
9.434885544000000124e-01 1.628186100000000164e-02 3.529369999999999990e-04 1.000000000000000000e+00 1.640109999999999832e-02 1.641979999999999829e-02
9.438030506000000264e-01 1.624786199999999833e-02 3.521759999999999973e-04 1.000000000000000000e+00 1.632609999999999964e-02 1.634479999999999961e-02
9.441176516000000518e-01 1.624476899999999918e-02 3.517409999999999786e-04 1.000000000000000000e+00 1.628200000000000133e-02 1.630070000000000130e-02
9.444323574999999860e-01 1.626718599999999945e-02 3.516190000000000092e-04 1.000000000000000000e+00 1.626719999999999902e-02 1.628599999999999839e-02
9.447471683000000509e-01 1.630829099999999907e-02 3.517659999999999927e-04 1.000000000000000000e+00 1.627779999999999852e-02 1.629660000000000136e-02
9.450620840000000245e-01 1.636134699999999831e-02 3.521250000000000074e-04 1.000000000000000000e+00 1.630819999999999839e-02 1.632720000000000005e-02
9.453771047000000260e-01 1.642079200000000003e-02 3.526320000000000214e-04 1.000000000000000000e+00 1.635270000000000126e-02 1.637179999999999885e-02
9.456922303999999446e-01 1.648259800000000108e-02 3.532300000000000045e-04 1.000000000000000000e+00 1.640600000000000044e-02 1.642520000000000091e-02
9.460074612000000105e-01 1.654392799999999941e-02 3.538750000000000229e-04 1.000000000000000000e+00 1.646380000000000066e-02 1.648310000000000053e-02
9.463227969999999933e-01 1.660240099999999927e-02 3.545309999999999976e-04 1.000000000000000000e+00 1.652280000000000068e-02 1.654229999999999937e-02
9.466382379000000125e-01 1.665548099999999976e-02 3.551660000000000212e-04 1.000000000000000000e+00 1.658019999999999980e-02 1.659980000000000136e-02
9.469537839999999651e-01 1.670038100000000025e-02 3.557529999999999937e-04 1.000000000000000000e+00 1.663320000000000076e-02 1.665290000000000173e-02
9.472694352999999623e-01 1.673449299999999959e-02 3.562610000000000234e-04 1.000000000000000000e+00 1.667899999999999938e-02 1.669879999999999975e-02
9.475851916999999958e-01 1.675613000000000102e-02 3.566660000000000034e-04 1.000000000000000000e+00 1.671519999999999950e-02 1.673509999999999928e-02
9.479010534999999793e-01 1.676530000000000034e-02 3.569520000000000071e-04 1.000000000000000000e+00 1.674010000000000081e-02 1.676000000000000059e-02
9.482170205000000074e-01 1.676416199999999912e-02 3.571170000000000030e-04 1.000000000000000000e+00 1.675360000000000044e-02 1.677359999999999962e-02
9.485330927999999773e-01 1.675706199999999965e-02 3.571800000000000192e-04 1.000000000000000000e+00 1.675739999999999869e-02 1.677750000000000075e-02
9.488492705000000083e-01 1.674991600000000011e-02 3.571800000000000192e-04 1.000000000000000000e+00 1.675520000000000134e-02 1.677529999999999993e-02
9.491655535999999893e-01 1.674897399999999981e-02 3.571700000000000244e-04 1.000000000000000000e+00 1.675180000000000072e-02 1.677189999999999931e-02
9.494819421000000315e-01 1.675914900000000096e-02 3.572049999999999791e-04 1.000000000000000000e+00 1.675269999999999884e-02 1.677280000000000090e-02
9.497984361000000320e-01 1.678241200000000002e-02 3.573319999999999730e-04 1.000000000000000000e+00 1.676209999999999853e-02 1.678230000000000000e-02
9.501150355999999908e-01 1.681700699999999840e-02 3.575729999999999729e-04 1.000000000000000000e+00 1.678199999999999831e-02 1.680229999999999918e-02
9.504317406000000190e-01 1.685803599999999985e-02 3.579179999999999840e-04 1.000000000000000000e+00 1.681159999999999946e-02 1.683199999999999974e-02
9.507485512000000138e-01 1.689943099999999948e-02 3.583309999999999816e-04 1.000000000000000000e+00 1.684739999999999849e-02 1.686779999999999877e-02
9.510654673999999753e-01 1.693642299999999906e-02 3.587630000000000072e-04 1.000000000000000000e+00 1.688479999999999842e-02 1.690540000000000098e-02
9.513824892000000144e-01 1.696743300000000051e-02 3.591749999999999891e-04 1.000000000000000000e+00 1.692010000000000042e-02 1.694079999999999891e-02
9.516996167000000284e-01 1.699434500000000098e-02 3.595499999999999846e-04 1.000000000000000000e+00 1.695170000000000010e-02 1.697250000000000147e-02
9.520168499000000173e-01 1.702110000000000081e-02 3.598969999999999730e-04 1.000000000000000000e+00 1.698049999999999907e-02 1.700139999999999985e-02
9.523341888999999894e-01 1.705138700000000118e-02 3.602419999999999841e-04 1.000000000000000000e+00 1.700909999999999922e-02 1.703019999999999881e-02
9.526516336000000473e-01 1.708660899999999913e-02 3.606099999999999779e-04 1.000000000000000000e+00 1.704009999999999900e-02 1.706130000000000146e-02
9.529691840999999775e-01 1.712523200000000065e-02 3.610129999999999806e-04 1.000000000000000000e+00 1.707459999999999881e-02 1.709600000000000009e-02
9.532868405000000100e-01 1.716365300000000094e-02 3.614359999999999730e-04 1.000000000000000000e+00 1.711179999999999993e-02 1.713330000000000061e-02
9.536046028000000341e-01 1.719799799999999906e-02 3.618550000000000108e-04 1.000000000000000000e+00 1.714900000000000105e-02 1.717060000000000114e-02
9.539224710000000496e-01 1.722592900000000093e-02 3.622359999999999925e-04 1.000000000000000000e+00 1.718340000000000145e-02 1.720510000000000095e-02
9.542404451999999537e-01 1.724762499999999907e-02 3.625589999999999824e-04 1.000000000000000000e+00 1.721299999999999913e-02 1.723480000000000151e-02
9.545585252999999604e-01 1.726569799999999946e-02 3.628249999999999965e-04 1.000000000000000000e+00 1.723770000000000163e-02 1.725950000000000054e-02
9.548767114999999750e-01 1.728424099999999880e-02 3.630530000000000085e-04 1.000000000000000000e+00 1.725919999999999885e-02 1.728100000000000122e-02
9.551950036999999893e-01 1.730750299999999839e-02 3.632749999999999803e-04 1.000000000000000000e+00 1.728050000000000072e-02 1.730229999999999962e-02
9.555134021000000200e-01 1.733860099999999863e-02 3.635299999999999838e-04 1.000000000000000000e+00 1.730510000000000034e-02 1.732679999999999984e-02
9.558319065000000503e-01 1.737858700000000090e-02 3.638480000000000034e-04 1.000000000000000000e+00 1.733550000000000021e-02 1.735729999999999912e-02
9.561505171999999941e-01 1.742603399999999997e-02 3.642410000000000114e-04 1.000000000000000000e+00 1.737309999999999896e-02 1.739479999999999846e-02
9.564692339999999460e-01 1.747726100000000088e-02 3.647030000000000215e-04 1.000000000000000000e+00 1.741689999999999905e-02 1.743870000000000142e-02
9.567880571000000334e-01 1.752724699999999927e-02 3.652039999999999952e-04 1.000000000000000000e+00 1.746419999999999917e-02 1.748600000000000154e-02
9.571069864000000260e-01 1.757107899999999986e-02 3.657040000000000074e-04 1.000000000000000000e+00 1.751110000000000166e-02 1.753299999999999997e-02
9.574260221000000515e-01 1.760557299999999936e-02 3.661609999999999930e-04 1.000000000000000000e+00 1.755349999999999966e-02 1.757550000000000084e-02
9.577451640999999904e-01 1.763049200000000108e-02 3.665459999999999834e-04 1.000000000000000000e+00 1.758890000000000106e-02 1.761089999999999878e-02
9.580644124999999622e-01 1.764885199999999960e-02 3.668519999999999767e-04 1.000000000000000000e+00 1.761659999999999962e-02 1.763870000000000021e-02
9.583837672999999668e-01 1.766607599999999931e-02 3.671020000000000099e-04 1.000000000000000000e+00 1.763889999999999902e-02 1.766099999999999962e-02
9.587032285000000043e-01 1.768828600000000098e-02 3.673370000000000237e-04 1.000000000000000000e+00 1.765970000000000040e-02 1.768180000000000099e-02
9.590227962999999800e-01 1.772026999999999977e-02 3.676069999999999924e-04 1.000000000000000000e+00 1.768389999999999893e-02 1.770609999999999892e-02
9.593424705999999968e-01 1.776395199999999952e-02 3.679520000000000035e-04 1.000000000000000000e+00 1.771549999999999861e-02 1.773780000000000148e-02
9.596622514000000548e-01 1.781784900000000019e-02 3.683949999999999855e-04 1.000000000000000000e+00 1.775650000000000145e-02 1.777880000000000085e-02
9.599821388000000510e-01 1.787768099999999943e-02 3.689270000000000136e-04 1.000000000000000000e+00 1.780589999999999951e-02 1.782840000000000119e-02
9.603021327999999857e-01 1.793785499999999908e-02 3.695179999999999949e-04 1.000000000000000000e+00 1.786089999999999900e-02 1.788350000000000009e-02
9.606222334999999779e-01 1.799318499999999835e-02 3.701260000000000270e-04 1.000000000000000000e+00 1.791709999999999831e-02 1.793979999999999880e-02
9.609424410000000361e-01 1.804029399999999839e-02 3.707070000000000135e-04 1.000000000000000000e+00 1.797019999999999867e-02 1.799310000000000145e-02
9.612627551000000325e-01 1.807823500000000153e-02 3.712300000000000083e-04 1.000000000000000000e+00 1.801720000000000058e-02 1.804019999999999929e-02
9.615831759999999839e-01 1.810824700000000093e-02 3.716799999999999922e-04 1.000000000000000000e+00 1.805690000000000073e-02 1.807999999999999885e-02
9.619037038000000095e-01 1.813288600000000084e-02 3.720630000000000053e-04 1.000000000000000000e+00 1.808970000000000022e-02 1.811300000000000063e-02
9.622243382999999817e-01 1.815499900000000152e-02 3.723929999999999970e-04 1.000000000000000000e+00 1.811739999999999878e-02 1.814090000000000147e-02
9.625450798000000363e-01 1.817691499999999835e-02 3.726900000000000113e-04 1.000000000000000000e+00 1.814230000000000009e-02 1.816589999999999872e-02
9.628659281000000458e-01 1.820013200000000081e-02 3.729739999999999835e-04 1.000000000000000000e+00 1.816629999999999981e-02 1.818989999999999843e-02
9.631868834000000268e-01 1.822545199999999962e-02 3.732580000000000099e-04 1.000000000000000000e+00 1.819080000000000003e-02 1.821450000000000152e-02
9.635079456999999792e-01 1.825331300000000018e-02 3.735510000000000154e-04 1.000000000000000000e+00 1.821679999999999827e-02 1.824059999999999918e-02
9.638291150000000140e-01 1.828405400000000097e-02 3.738619999999999791e-04 1.000000000000000000e+00 1.824479999999999852e-02 1.826869999999999883e-02
9.641503914000000286e-01 1.831799099999999875e-02 3.741950000000000181e-04 1.000000000000000000e+00 1.827540000000000067e-02 1.829930000000000098e-02
9.644717749000000229e-01 1.835534399999999913e-02 3.745549999999999943e-04 1.000000000000000000e+00 1.830870000000000067e-02 1.833270000000000038e-02
9.647932654999999968e-01 1.839619799999999902e-02 3.749450000000000092e-04 1.000000000000000000e+00 1.834529999999999841e-02 1.836930000000000160e-02
9.651148631999999505e-01 1.844058299999999997e-02 3.753690000000000173e-04 1.000000000000000000e+00 1.838510000000000144e-02 1.840920000000000056e-02
9.654365682000000115e-01 1.848863800000000168e-02 3.758260000000000029e-04 1.000000000000000000e+00 1.842840000000000103e-02 1.845250000000000015e-02
9.657583803999999494e-01 1.854070500000000107e-02 3.763199999999999748e-04 1.000000000000000000e+00 1.847530000000000006e-02 1.849949999999999858e-02
9.660802997999999864e-01 1.859720200000000018e-02 3.768530000000000187e-04 1.000000000000000000e+00 1.852619999999999961e-02 1.855050000000000102e-02
9.664023266000000278e-01 1.865828599999999962e-02 3.774280000000000191e-04 1.000000000000000000e+00 1.858129999999999851e-02 1.860559999999999992e-02
9.667244606999999545e-01 1.872344000000000092e-02 3.780459999999999919e-04 1.000000000000000000e+00 1.864060000000000022e-02 1.866510000000000044e-02
9.670467021999999968e-01 1.879122700000000062e-02 3.787029999999999823e-04 1.000000000000000000e+00 1.870370000000000019e-02 1.872829999999999981e-02
9.673690511000000436e-01 1.885933299999999896e-02 3.793860000000000027e-04 1.000000000000000000e+00 1.876929999999999918e-02 1.879400000000000168e-02
9.676915073999999839e-01 1.892494600000000152e-02 3.800760000000000249e-04 1.000000000000000000e+00 1.883550000000000155e-02 1.886029999999999998e-02
9.680140712999999453e-01 1.898525400000000002e-02 3.807479999999999806e-04 1.000000000000000000e+00 1.889990000000000073e-02 1.892479999999999857e-02
9.683367426000000222e-01 1.903795700000000118e-02 3.813770000000000181e-04 1.000000000000000000e+00 1.896000000000000116e-02 1.898510000000000128e-02
9.686595216000000175e-01 1.908156000000000088e-02 3.819420000000000237e-04 1.000000000000000000e+00 1.901370000000000143e-02 1.903880000000000156e-02
9.689824081000000255e-01 1.911546299999999921e-02 3.824260000000000007e-04 1.000000000000000000e+00 1.905930000000000124e-02 1.908460000000000018e-02
9.693054022000000547e-01 1.913980800000000121e-02 3.828209999999999859e-04 1.000000000000000000e+00 1.909620000000000067e-02 1.912159999999999901e-02
9.696285040000000022e-01 1.915522299999999900e-02 3.831239999999999863e-04 1.000000000000000000e+00 1.912410000000000151e-02 1.914959999999999926e-02
9.699517134999999790e-01 1.916253500000000137e-02 3.833369999999999790e-04 1.000000000000000000e+00 1.914340000000000139e-02 1.916889999999999913e-02
9.702750306999999852e-01 1.916253199999999948e-02 3.834660000000000043e-04 1.000000000000000000e+00 1.915460000000000079e-02 1.918009999999999854e-02
9.705984557000000290e-01 1.915583900000000089e-02 3.835169999999999942e-04 1.000000000000000000e+00 1.915829999999999964e-02 1.918380000000000085e-02
9.709219886000000077e-01 1.914291400000000046e-02 3.834949999999999731e-04 1.000000000000000000e+00 1.915499999999999842e-02 1.918049999999999963e-02
9.712456292000000158e-01 1.912413199999999855e-02 3.834059999999999812e-04 1.000000000000000000e+00 1.914510000000000170e-02 1.917050000000000004e-02
9.715693777999999670e-01 1.909993700000000086e-02 3.832549999999999889e-04 1.000000000000000000e+00 1.912900000000000017e-02 1.915439999999999851e-02
9.718932341999999558e-01 1.907100200000000009e-02 3.830489999999999980e-04 1.000000000000000000e+00 1.910709999999999839e-02 1.913240000000000079e-02
9.722171985999999988e-01 1.903835599999999934e-02 3.827960000000000260e-04 1.000000000000000000e+00 1.908009999999999914e-02 1.910540000000000155e-02
9.725412709999999850e-01 1.900345499999999896e-02 3.825069999999999751e-04 1.000000000000000000e+00 1.904909999999999937e-02 1.907429999999999889e-02
9.728654515000000336e-01 1.896815400000000096e-02 3.821990000000000044e-04 1.000000000000000000e+00 1.901539999999999828e-02 1.904060000000000127e-02
9.731897399000000171e-01 1.893458300000000136e-02 3.818870000000000250e-04 1.000000000000000000e+00 1.898089999999999847e-02 1.900610000000000147e-02
9.735141364999999603e-01 1.890492699999999845e-02 3.815910000000000265e-04 1.000000000000000000e+00 1.894759999999999847e-02 1.897280000000000147e-02
9.738386411999999659e-01 1.888118000000000088e-02 3.813309999999999985e-04 1.000000000000000000e+00 1.891759999999999969e-02 1.894289999999999863e-02
9.741632541000000423e-01 1.886495200000000080e-02 3.811250000000000076e-04 1.000000000000000000e+00 1.889290000000000067e-02 1.891819999999999960e-02
9.744879751999999673e-01 1.885734700000000000e-02 3.809870000000000032e-04 1.000000000000000000e+00 1.887509999999999882e-02 1.890050000000000063e-02
9.748128044999999631e-01 1.885891199999999851e-02 3.809279999999999958e-04 1.000000000000000000e+00 1.886530000000000151e-02 1.889069999999999985e-02
9.751377421000000378e-01 1.886959900000000079e-02 3.809540000000000257e-04 1.000000000000000000e+00 1.886410000000000170e-02 1.888959999999999945e-02
9.754627879999999696e-01 1.888868800000000070e-02 3.810670000000000160e-04 1.000000000000000000e+00 1.887159999999999879e-02 1.889719999999999941e-02
9.757879422999999885e-01 1.891469200000000031e-02 3.812609999999999806e-04 1.000000000000000000e+00 1.888729999999999923e-02 1.891289999999999985e-02
9.761132049999999838e-01 1.894535500000000053e-02 3.815229999999999858e-04 1.000000000000000000e+00 1.890980000000000091e-02 1.893550000000000094e-02
9.764385759999999470e-01 1.897783499999999846e-02 3.818340000000000037e-04 1.000000000000000000e+00 1.893720000000000125e-02 1.896300000000000069e-02
9.767640555000000058e-01 1.900913900000000128e-02 3.821699999999999815e-04 1.000000000000000000e+00 1.896700000000000122e-02 1.899299999999999947e-02
9.770896435999999463e-01 1.903671200000000077e-02 3.825030000000000205e-04 1.000000000000000000e+00 1.899659999999999890e-02 1.902270000000000003e-02
9.774153400999999741e-01 1.905901700000000101e-02 3.828099999999999754e-04 1.000000000000000000e+00 1.902370000000000103e-02 1.904990000000000155e-02
9.777411451999999947e-01 1.907587399999999961e-02 3.830770000000000052e-04 1.000000000000000000e+00 1.904679999999999915e-02 1.907309999999999908e-02
9.780670589000000081e-01 1.908846599999999838e-02 3.832980000000000154e-04 1.000000000000000000e+00 1.906539999999999971e-02 1.909179999999999905e-02
9.783930813000000226e-01 1.909898200000000046e-02 3.834810000000000237e-04 1.000000000000000000e+00 1.908019999999999855e-02 1.910670000000000077e-02
9.787192123000000299e-01 1.911003299999999849e-02 3.836409999999999950e-04 1.000000000000000000e+00 1.909299999999999886e-02 1.911950000000000108e-02
9.790454521000000465e-01 1.912399799999999969e-02 3.837989999999999891e-04 1.000000000000000000e+00 1.910569999999999977e-02 1.913219999999999851e-02
9.793718004999999449e-01 1.914247499999999907e-02 3.839760000000000113e-04 1.000000000000000000e+00 1.912039999999999920e-02 1.914700000000000082e-02
9.796982577999999720e-01 1.916593499999999853e-02 3.841860000000000110e-04 1.000000000000000000e+00 1.913859999999999867e-02 1.916529999999999970e-02
9.800248239000000083e-01 1.919366800000000053e-02 3.844349999999999742e-04 1.000000000000000000e+00 1.916079999999999867e-02 1.918759999999999910e-02
9.803514988000000541e-01 1.922400299999999992e-02 3.847209999999999779e-04 1.000000000000000000e+00 1.918680000000000038e-02 1.921360000000000082e-02
9.806782827000000147e-01 1.925475999999999924e-02 3.850319999999999958e-04 1.000000000000000000e+00 1.921520000000000172e-02 1.924210000000000156e-02
9.810051753999999846e-01 1.928380299999999867e-02 3.853519999999999927e-04 1.000000000000000000e+00 1.924439999999999831e-02 1.927140000000000103e-02
9.813321771999999887e-01 1.930953499999999920e-02 3.856619999999999948e-04 1.000000000000000000e+00 1.927239999999999856e-02 1.929950000000000068e-02
9.816592879000000105e-01 1.933119900000000030e-02 3.859490000000000143e-04 1.000000000000000000e+00 1.929799999999999918e-02 1.932520000000000071e-02
9.819865075999999471e-01 1.934889299999999895e-02 3.862049999999999793e-04 1.000000000000000000e+00 1.932019999999999918e-02 1.934750000000000011e-02
9.823138365000000372e-01 1.936334699999999950e-02 3.864289999999999826e-04 1.000000000000000000e+00 1.933889999999999915e-02 1.936629999999999949e-02
9.826412744000000421e-01 1.937555900000000053e-02 3.866249999999999787e-04 1.000000000000000000e+00 1.935459999999999958e-02 1.938209999999999933e-02
9.829688214999999785e-01 1.938646000000000119e-02 3.868000000000000236e-04 1.000000000000000000e+00 1.936780000000000099e-02 1.939540000000000014e-02
9.832964777999999573e-01 1.939670699999999914e-02 3.869620000000000264e-04 1.000000000000000000e+00 1.937950000000000089e-02 1.940719999999999945e-02
9.836242432999999785e-01 1.940664099999999878e-02 3.871160000000000117e-04 1.000000000000000000e+00 1.939010000000000039e-02 1.941800000000000123e-02
9.839521180000000422e-01 1.941636199999999951e-02 3.872659999999999883e-04 1.000000000000000000e+00 1.940009999999999998e-02 1.942810000000000023e-02
9.842801021000000539e-01 1.942584300000000166e-02 3.874160000000000190e-04 1.000000000000000000e+00 1.940969999999999848e-02 1.943790000000000101e-02
9.846081953999999969e-01 1.943500600000000120e-02 3.875640000000000183e-04 1.000000000000000000e+00 1.941899999999999876e-02 1.944730000000000070e-02
9.849363982000000073e-01 1.944373799999999861e-02 3.877110000000000018e-04 1.000000000000000000e+00 1.942800000000000082e-02 1.945650000000000157e-02
9.852647102999999573e-01 1.945188800000000051e-02 3.878560000000000080e-04 1.000000000000000000e+00 1.943659999999999832e-02 1.946530000000000135e-02
9.855931318999999746e-01 1.945926599999999937e-02 3.879959999999999898e-04 1.000000000000000000e+00 1.944480000000000167e-02 1.947360000000000063e-02
9.859216629000000509e-01 1.946567899999999962e-02 3.881299999999999854e-04 1.000000000000000000e+00 1.945229999999999876e-02 1.948120000000000060e-02
9.862503034999999807e-01 1.947099000000000052e-02 3.882560000000000178e-04 1.000000000000000000e+00 1.945890000000000120e-02 1.948799999999999838e-02
9.865790535999999777e-01 1.947516499999999914e-02 3.883709999999999853e-04 1.000000000000000000e+00 1.946459999999999857e-02 1.949390000000000150e-02
9.869079133000000503e-01 1.947827499999999976e-02 3.884749999999999965e-04 1.000000000000000000e+00 1.946919999999999901e-02 1.949860000000000135e-02
9.872368825999999764e-01 1.948046700000000131e-02 3.885690000000000129e-04 1.000000000000000000e+00 1.947269999999999904e-02 1.950239999999999960e-02
9.875659614999999780e-01 1.948190099999999939e-02 3.886539999999999960e-04 1.000000000000000000e+00 1.947540000000000035e-02 1.950520000000000032e-02
9.878951501999999607e-01 1.948271299999999873e-02 3.887310000000000158e-04 1.000000000000000000e+00 1.947720000000000007e-02 1.950719999999999885e-02
9.882244486000000272e-01 1.948300000000000032e-02 3.888000000000000180e-04 1.000000000000000000e+00 1.947839999999999988e-02 1.950850000000000153e-02
9.885538566999999555e-01 1.948284399999999916e-02 3.888639999999999957e-04 1.000000000000000000e+00 1.947899999999999979e-02 1.950930000000000025e-02
9.888833746999999841e-01 1.948234500000000161e-02 3.889230000000000031e-04 1.000000000000000000e+00 1.947930000000000147e-02 1.950959999999999847e-02
9.892130024999999938e-01 1.948163199999999873e-02 3.889760000000000244e-04 1.000000000000000000e+00 1.947909999999999919e-02 1.950970000000000135e-02
9.895427400999999845e-01 1.948085999999999915e-02 3.890259999999999985e-04 1.000000000000000000e+00 1.947880000000000097e-02 1.950949999999999906e-02
9.898725876999999729e-01 1.948017299999999993e-02 3.890739999999999954e-04 1.000000000000000000e+00 1.947839999999999988e-02 1.950920000000000085e-02
9.902025451999999506e-01 1.947967399999999891e-02 3.891189999999999992e-04 1.000000000000000000e+00 1.947810000000000166e-02 1.950899999999999856e-02
9.905326127000000369e-01 1.947942000000000076e-02 3.891640000000000030e-04 1.000000000000000000e+00 1.947789999999999938e-02 1.950889999999999916e-02
9.908627903000000181e-01 1.947943300000000086e-02 3.892079999999999910e-04 1.000000000000000000e+00 1.947789999999999938e-02 1.950899999999999856e-02
9.911930778999999969e-01 1.947973199999999960e-02 3.892529999999999948e-04 1.000000000000000000e+00 1.947820000000000107e-02 1.950939999999999966e-02
9.915234755999999816e-01 1.948035899999999918e-02 3.892979999999999986e-04 1.000000000000000000e+00 1.947870000000000157e-02 1.950999999999999956e-02
9.918539833999999722e-01 1.948137399999999922e-02 3.893440000000000182e-04 1.000000000000000000e+00 1.947969999999999910e-02 1.951100000000000056e-02
9.921846013999999769e-01 1.948282900000000012e-02 3.893909999999999993e-04 1.000000000000000000e+00 1.948089999999999891e-02 1.951239999999999919e-02
9.925153295999999958e-01 1.948472299999999893e-02 3.894389999999999961e-04 1.000000000000000000e+00 1.948259999999999922e-02 1.951409999999999950e-02
9.928461680000000289e-01 1.948696999999999929e-02 3.894880000000000087e-04 1.000000000000000000e+00 1.948460000000000122e-02 1.951610000000000150e-02
9.931771167999999816e-01 1.948939900000000100e-02 3.895400000000000143e-04 1.000000000000000000e+00 1.948679999999999857e-02 1.951829999999999884e-02
9.935081757999999486e-01 1.949178099999999969e-02 3.895939999999999972e-04 1.000000000000000000e+00 1.948899999999999938e-02 1.952059999999999906e-02
9.938393451999999462e-01 1.949388599999999847e-02 3.896479999999999800e-04 1.000000000000000000e+00 1.949100000000000138e-02 1.952270000000000047e-02
9.941706249999999745e-01 1.949553000000000050e-02 3.897029999999999787e-04 1.000000000000000000e+00 1.949270000000000169e-02 1.952450000000000019e-02
9.945020152000000335e-01 1.949661399999999892e-02 3.897560000000000000e-04 1.000000000000000000e+00 1.949400000000000091e-02 1.952579999999999941e-02
9.948335159000000205e-01 1.949711399999999942e-02 3.898080000000000056e-04 1.000000000000000000e+00 1.949479999999999963e-02 1.952670000000000100e-02
9.951651270000000382e-01 1.949706600000000040e-02 3.898579999999999797e-04 1.000000000000000000e+00 1.949510000000000132e-02 1.952720000000000150e-02
9.954968486999999921e-01 1.949653000000000150e-02 3.899039999999999993e-04 1.000000000000000000e+00 1.949499999999999844e-02 1.952709999999999863e-02
9.958286809999999933e-01 1.949557500000000110e-02 3.899490000000000031e-04 1.000000000000000000e+00 1.949439999999999854e-02 1.952660000000000159e-02
9.961606239000000418e-01 1.949426599999999968e-02 3.899910000000000139e-04 1.000000000000000000e+00 1.949340000000000100e-02 1.952579999999999941e-02
9.964926775000000347e-01 1.949267500000000097e-02 3.900309999999999932e-04 1.000000000000000000e+00 1.949209999999999832e-02 1.952459999999999959e-02
9.968248416999999639e-01 1.949088800000000135e-02 3.900689999999999952e-04 1.000000000000000000e+00 1.949050000000000088e-02 1.952320000000000097e-02
9.971571165999999486e-01 1.948900900000000158e-02 3.901059999999999814e-04 1.000000000000000000e+00 1.948880000000000057e-02 1.952160000000000006e-02
9.974895022999999972e-01 1.948714299999999844e-02 3.901409999999999904e-04 1.000000000000000000e+00 1.948710000000000025e-02 1.952009999999999856e-02
9.978219987999999985e-01 1.948537900000000059e-02 3.901759999999999994e-04 1.000000000000000000e+00 1.948549999999999935e-02 1.951860000000000053e-02
9.981546061999999608e-01 1.948376200000000169e-02 3.902089999999999769e-04 1.000000000000000000e+00 1.948400000000000132e-02 1.951719999999999844e-02
9.984873243999999870e-01 1.948228100000000060e-02 3.902409999999999928e-04 1.000000000000000000e+00 1.948269999999999863e-02 1.951599999999999863e-02
9.988201534999999742e-01 1.948086300000000104e-02 3.902730000000000088e-04 1.000000000000000000e+00 1.948139999999999941e-02 1.951479999999999881e-02
9.991530935000000335e-01 1.947940299999999930e-02 3.903029999999999933e-04 1.000000000000000000e+00 1.948010000000000019e-02 1.951359999999999900e-02
9.994861445999999594e-01 1.947779999999999997e-02 3.903320000000000162e-04 1.000000000000000000e+00 1.947880000000000097e-02 1.951229999999999978e-02
9.998193065999999574e-01 1.947599900000000078e-02 3.903590000000000076e-04 1.000000000000000000e+00 1.947720000000000007e-02 1.951090000000000116e-02
1.000152579999999958e+00 1.947403500000000065e-02 3.903840000000000218e-04 1.000000000000000000e+00 1.947549999999999976e-02 1.950920000000000085e-02
1.000485963999999894e+00 1.947203700000000107e-02 3.904080000000000202e-04 1.000000000000000000e+00 1.947360000000000063e-02 1.950750000000000053e-02
1.000819458999999911e+00 1.947021399999999958e-02 3.904320000000000186e-04 1.000000000000000000e+00 1.947180000000000091e-02 1.950570000000000082e-02
1.001153066000000091e+00 1.946879699999999949e-02 3.904560000000000170e-04 1.000000000000000000e+00 1.947010000000000060e-02 1.950419999999999932e-02
1.001486783000000047e+00 1.946797000000000111e-02 3.904830000000000085e-04 1.000000000000000000e+00 1.946890000000000079e-02 1.950299999999999950e-02
1.001820611999999944e+00 1.946780399999999828e-02 3.905129999999999929e-04 1.000000000000000000e+00 1.946809999999999860e-02 1.950230000000000019e-02
1.002154553000000003e+00 1.946822600000000167e-02 3.905490000000000177e-04 1.000000000000000000e+00 1.946780000000000038e-02 1.950210000000000138e-02
1.002488604000000061e+00 1.946902799999999933e-02 3.905889999999999970e-04 1.000000000000000000e+00 1.946799999999999919e-02 1.950230000000000019e-02
1.002822767000000059e+00 1.946993199999999882e-02 3.906329999999999850e-04 1.000000000000000000e+00 1.946840000000000029e-02 1.950280000000000069e-02
1.003157040999999916e+00 1.947066500000000158e-02 3.906809999999999818e-04 1.000000000000000000e+00 1.946880000000000138e-02 1.950330000000000119e-02
1.003491426999999936e+00 1.947103999999999849e-02 3.907310000000000102e-04 1.000000000000000000e+00 1.946900000000000019e-02 1.950359999999999941e-02
1.003825924000000036e+00 1.947099600000000083e-02 3.907809999999999843e-04 1.000000000000000000e+00 1.946900000000000019e-02 1.950369999999999882e-02
1.004160533000000077e+00 1.947059099999999890e-02 3.908299999999999969e-04 1.000000000000000000e+00 1.946880000000000138e-02 1.950359999999999941e-02
1.004495252999999977e+00 1.946995199999999870e-02 3.908779999999999937e-04 1.000000000000000000e+00 1.946830000000000088e-02 1.950330000000000119e-02
1.004830085000000039e+00 1.946920900000000121e-02 3.909249999999999748e-04 1.000000000000000000e+00 1.946780000000000038e-02 1.950299999999999950e-02
1.005165027999999960e+00 1.946842899999999890e-02 3.909690000000000170e-04 1.000000000000000000e+00 1.946729999999999988e-02 1.950259999999999841e-02
1.005500083000000044e+00 1.946758900000000042e-02 3.910119999999999893e-04 1.000000000000000000e+00 1.946679999999999938e-02 1.950210000000000138e-02
1.005835250000000070e+00 1.946658000000000069e-02 3.910520000000000228e-04 1.000000000000000000e+00 1.946610000000000007e-02 1.950160000000000088e-02
1.006170527999999953e+00 1.946524200000000066e-02 3.910900000000000249e-04 1.000000000000000000e+00 1.946519999999999848e-02 1.950079999999999869e-02
1.006505917999999999e+00 1.946342900000000084e-02 3.911240000000000181e-04 1.000000000000000000e+00 1.946389999999999926e-02 1.949949999999999947e-02
1.006841419999999987e+00 1.946105399999999847e-02 3.911550000000000183e-04 1.000000000000000000e+00 1.946200000000000013e-02 1.949779999999999916e-02
1.007177033999999916e+00 1.945813399999999846e-02 3.911830000000000255e-04 1.000000000000000000e+00 1.945950000000000110e-02 1.949539999999999954e-02
1.007512760000000007e+00 1.945479899999999832e-02 3.912079999999999854e-04 1.000000000000000000e+00 1.945650000000000157e-02 1.949259999999999882e-02
1.007848596999999957e+00 1.945127500000000051e-02 3.912310000000000223e-04 1.000000000000000000e+00 1.945320000000000035e-02 1.948930000000000107e-02
1.008184546999999931e+00 1.944785099999999864e-02 3.912540000000000050e-04 1.000000000000000000e+00 1.944960000000000092e-02 1.948599999999999985e-02
1.008520607999999985e+00 1.944482100000000102e-02 3.912780000000000034e-04 1.000000000000000000e+00 1.944620000000000029e-02 1.948269999999999863e-02
1.008856782000000063e+00 1.944242900000000066e-02 3.913070000000000263e-04 1.000000000000000000e+00 1.944320000000000076e-02 1.947979999999999851e-02
1.009193066999999999e+00 1.944082000000000102e-02 3.913400000000000038e-04 1.000000000000000000e+00 1.944080000000000114e-02 1.947760000000000116e-02
1.009529464999999959e+00 1.944000800000000168e-02 3.913790000000000216e-04 1.000000000000000000e+00 1.943920000000000023e-02 1.947609999999999966e-02
1.009865975000000082e+00 1.943988199999999861e-02 3.914240000000000254e-04 1.000000000000000000e+00 1.943829999999999864e-02 1.947540000000000035e-02
1.010202596999999924e+00 1.944022700000000090e-02 3.914729999999999837e-04 1.000000000000000000e+00 1.943809999999999982e-02 1.947530000000000094e-02
1.010539330999999930e+00 1.944078600000000157e-02 3.915260000000000051e-04 1.000000000000000000e+00 1.943840000000000151e-02 1.947559999999999916e-02
1.010876177999999959e+00 1.944131600000000015e-02 3.915799999999999880e-04 1.000000000000000000e+00 1.943879999999999914e-02 1.947619999999999907e-02
1.011213136000000068e+00 1.944164300000000151e-02 3.916340000000000251e-04 1.000000000000000000e+00 1.943920000000000023e-02 1.947669999999999957e-02
1.011550206999999979e+00 1.944168400000000074e-02 3.916880000000000079e-04 1.000000000000000000e+00 1.943939999999999904e-02 1.947710000000000066e-02
1.011887390999999914e+00 1.944145200000000143e-02 3.917389999999999978e-04 1.000000000000000000e+00 1.943949999999999845e-02 1.947720000000000007e-02
1.012224687000000012e+00 1.944101700000000141e-02 3.917890000000000261e-04 1.000000000000000000e+00 1.943929999999999964e-02 1.947720000000000007e-02
1.012562095000000051e+00 1.944046899999999842e-02 3.918370000000000230e-04 1.000000000000000000e+00 1.943900000000000142e-02 1.947700000000000126e-02
1.012899615000000031e+00 1.943987900000000019e-02 3.918840000000000040e-04 1.000000000000000000e+00 1.943860000000000032e-02 1.947679999999999897e-02
1.013237248999999895e+00 1.943927299999999997e-02 3.919290000000000078e-04 1.000000000000000000e+00 1.943819999999999923e-02 1.947650000000000076e-02
1.013574994000000062e+00 1.943863599999999872e-02 3.919729999999999959e-04 1.000000000000000000e+00 1.943769999999999873e-02 1.947609999999999966e-02
1.013912852999999892e+00 1.943793099999999857e-02 3.920150000000000067e-04 1.000000000000000000e+00 1.943720000000000170e-02 1.947569999999999857e-02
1.014250824000000106e+00 1.943713600000000069e-02 3.920570000000000175e-04 1.000000000000000000e+00 1.943649999999999892e-02 1.947520000000000154e-02
1.014588907000000040e+00 1.943626799999999960e-02 3.920980000000000125e-04 1.000000000000000000e+00 1.943570000000000020e-02 1.947449999999999876e-02
1.014927104000000080e+00 1.943539400000000167e-02 3.921379999999999918e-04 1.000000000000000000e+00 1.943490000000000148e-02 1.947379999999999944e-02
1.015265413000000061e+00 1.943461499999999884e-02 3.921780000000000253e-04 1.000000000000000000e+00 1.943409999999999929e-02 1.947310000000000013e-02
1.015603833999999983e+00 1.943403100000000092e-02 3.922190000000000203e-04 1.000000000000000000e+00 1.943359999999999879e-02 1.947269999999999904e-02
1.015942369000000012e+00 1.943369400000000136e-02 3.922589999999999996e-04 1.000000000000000000e+00 1.943320000000000117e-02 1.947240000000000082e-02
1.016281017000000064e+00 1.943358499999999975e-02 3.922989999999999789e-04 1.000000000000000000e+00 1.943320000000000117e-02 1.947250000000000023e-02
1.016619777000000058e+00 1.943360599999999910e-02 3.923379999999999966e-04 1.000000000000000000e+00 1.943330000000000057e-02 1.947259999999999963e-02
1.016958650000000075e+00 1.943361000000000047e-02 3.923770000000000144e-04 1.000000000000000000e+00 1.943339999999999998e-02 1.947279999999999844e-02
1.017297635999999894e+00 1.943344699999999953e-02 3.924140000000000007e-04 1.000000000000000000e+00 1.943339999999999998e-02 1.947290000000000132e-02
1.017636736000000042e+00 1.943300800000000161e-02 3.924509999999999869e-04 1.000000000000000000e+00 1.943309999999999829e-02 1.947259999999999963e-02
1.017975947999999908e+00 1.943226199999999876e-02 3.924879999999999732e-04 1.000000000000000000e+00 1.943239999999999898e-02 1.947209999999999913e-02
1.018315273000000021e+00 1.943125000000000061e-02 3.925229999999999822e-04 1.000000000000000000e+00 1.943140000000000145e-02 1.947120000000000101e-02
1.018654712000000018e+00 1.943006599999999931e-02 3.925600000000000226e-04 1.000000000000000000e+00 1.943020000000000164e-02 1.947000000000000119e-02
1.018994262999999956e+00 1.942881299999999964e-02 3.925970000000000089e-04 1.000000000000000000e+00 1.942879999999999954e-02 1.946869999999999851e-02
1.019333928000000000e+00 1.942757399999999954e-02 3.926350000000000109e-04 1.000000000000000000e+00 1.942740000000000092e-02 1.946749999999999869e-02
1.019673706000000069e+00 1.942638600000000035e-02 3.926749999999999902e-04 1.000000000000000000e+00 1.942599999999999882e-02 1.946619999999999948e-02
1.020013596999999939e+00 1.942525299999999996e-02 3.927159999999999852e-04 1.000000000000000000e+00 1.942479999999999901e-02 1.946509999999999907e-02
1.020353601999999915e+00 1.942415399999999903e-02 3.927569999999999803e-04 1.000000000000000000e+00 1.942369999999999861e-02 1.946420000000000095e-02
1.020693719000000055e+00 1.942306599999999925e-02 3.927979999999999753e-04 1.000000000000000000e+00 1.942270000000000107e-02 1.946329999999999935e-02
1.021033950999999940e+00 1.942197799999999946e-02 3.928369999999999931e-04 1.000000000000000000e+00 1.942179999999999948e-02 1.946260000000000004e-02
1.021374294999999988e+00 1.942088900000000021e-02 3.928760000000000108e-04 1.000000000000000000e+00 1.942100000000000076e-02 1.946180000000000132e-02
1.021714752999999920e+00 1.941981300000000105e-02 3.929119999999999813e-04 1.000000000000000000e+00 1.942009999999999917e-02 1.946109999999999854e-02
1.022055324999999959e+00 1.941877100000000134e-02 3.929459999999999746e-04 1.000000000000000000e+00 1.941930000000000045e-02 1.946039999999999923e-02
1.022396010000000022e+00 1.941779100000000022e-02 3.929800000000000220e-04 1.000000000000000000e+00 1.941839999999999886e-02 1.945950000000000110e-02
1.022736808999999969e+00 1.941690800000000008e-02 3.930140000000000152e-04 1.000000000000000000e+00 1.941740000000000133e-02 1.945869999999999891e-02
1.023077720999999940e+00 1.941615099999999955e-02 3.930490000000000242e-04 1.000000000000000000e+00 1.941640000000000033e-02 1.945780000000000079e-02
1.023418747000000018e+00 1.941553799999999955e-02 3.930860000000000105e-04 1.000000000000000000e+00 1.941539999999999933e-02 1.945689999999999920e-02
1.023759886999999980e+00 1.941505799999999893e-02 3.931270000000000055e-04 1.000000000000000000e+00 1.941450000000000120e-02 1.945610000000000048e-02
1.024101139999999965e+00 1.941466799999999951e-02 3.931699999999999778e-04 1.000000000000000000e+00 1.941369999999999901e-02 1.945540000000000116e-02
1.024442507000000058e+00 1.941429199999999966e-02 3.932170000000000131e-04 1.000000000000000000e+00 1.941299999999999970e-02 1.945490000000000066e-02
1.024783988000000035e+00 1.941384399999999955e-02 3.932650000000000100e-04 1.000000000000000000e+00 1.941239999999999979e-02 1.945440000000000016e-02
1.025125582000000035e+00 1.941324100000000122e-02 3.933130000000000068e-04 1.000000000000000000e+00 1.941179999999999989e-02 1.945399999999999907e-02
1.025467291000000003e+00 1.941243000000000135e-02 3.933610000000000036e-04 1.000000000000000000e+00 1.941110000000000058e-02 1.945349999999999857e-02
1.025809112999999995e+00 1.941139399999999848e-02 3.934079999999999847e-04 1.000000000000000000e+00 1.941029999999999839e-02 1.945279999999999926e-02
1.026151049999999953e+00 1.941015600000000133e-02 3.934529999999999885e-04 1.000000000000000000e+00 1.940930000000000086e-02 1.945190000000000113e-02
1.026493099999999936e+00 1.940876500000000143e-02 3.934969999999999766e-04 1.000000000000000000e+00 1.940810000000000105e-02 1.945080000000000073e-02
1.026835264000000025e+00 1.940728599999999929e-02 3.935400000000000031e-04 1.000000000000000000e+00 1.940669999999999895e-02 1.944960000000000092e-02
1.027177543000000082e+00 1.940577599999999958e-02 3.935829999999999754e-04 1.000000000000000000e+00 1.940520000000000092e-02 1.944830000000000170e-02
1.027519934999999940e+00 1.940428199999999839e-02 3.936260000000000019e-04 1.000000000000000000e+00 1.940360000000000001e-02 1.944689999999999960e-02
1.027862441999999987e+00 1.940283199999999833e-02 3.936689999999999742e-04 1.000000000000000000e+00 1.940209999999999851e-02 1.944550000000000098e-02
1.028205062999999919e+00 1.940144099999999844e-02 3.937139999999999780e-04 1.000000000000000000e+00 1.940060000000000048e-02 1.944409999999999888e-02
1.028547797999999958e+00 1.940011800000000092e-02 3.937589999999999819e-04 1.000000000000000000e+00 1.939919999999999839e-02 1.944289999999999907e-02
1.028890647000000103e+00 1.939887800000000134e-02 3.938050000000000014e-04 1.000000000000000000e+00 1.939789999999999917e-02 1.944179999999999867e-02
1.029233610999999993e+00 1.939773800000000117e-02 3.938510000000000210e-04 1.000000000000000000e+00 1.939669999999999936e-02 1.944080000000000114e-02
1.029576688999999989e+00 1.939671499999999840e-02 3.938969999999999863e-04 1.000000000000000000e+00 1.939569999999999836e-02 1.943999999999999895e-02
1.029919881000000093e+00 1.939581599999999975e-02 3.939419999999999901e-04 1.000000000000000000e+00 1.939489999999999964e-02 1.943929999999999964e-02
1.030263187000000080e+00 1.939502800000000166e-02 3.939869999999999939e-04 1.000000000000000000e+00 1.939420000000000033e-02 1.943869999999999973e-02
1.030606608999999896e+00 1.939431299999999983e-02 3.940309999999999820e-04 1.000000000000000000e+00 1.939360000000000042e-02 1.943819999999999923e-02
1.030950143999999957e+00 1.939360999999999863e-02 3.940750000000000242e-04 1.000000000000000000e+00 1.939300000000000052e-02 1.943769999999999873e-02
1.031293793999999986e+00 1.939284599999999831e-02 3.941179999999999965e-04 1.000000000000000000e+00 1.939230000000000120e-02 1.943709999999999882e-02
1.031637558999999982e+00 1.939194899999999860e-02 3.941610000000000231e-04 1.000000000000000000e+00 1.939139999999999961e-02 1.943639999999999951e-02
1.031981438000000084e+00 1.939087100000000050e-02 3.942039999999999954e-04 1.000000000000000000e+00 1.939029999999999920e-02 1.943550000000000139e-02
1.032325431999999932e+00 1.938959700000000147e-02 3.942470000000000219e-04 1.000000000000000000e+00 1.938909999999999939e-02 1.943440000000000098e-02
1.032669540000000108e+00 1.938814999999999983e-02 3.942889999999999785e-04 1.000000000000000000e+00 1.938770000000000077e-02 1.943309999999999829e-02
1.033013763000000029e+00 1.938658399999999837e-02 3.943320000000000050e-04 1.000000000000000000e+00 1.938609999999999986e-02 1.943169999999999967e-02
1.033358100999999918e+00 1.938496799999999895e-02 3.943740000000000158e-04 1.000000000000000000e+00 1.938459999999999836e-02 1.943030000000000104e-02
1.033702553999999996e+00 1.938336100000000173e-02 3.944160000000000266e-04 1.000000000000000000e+00 1.938300000000000092e-02 1.942899999999999835e-02
1.034047120999999958e+00 1.938179400000000080e-02 3.944570000000000216e-04 1.000000000000000000e+00 1.938159999999999883e-02 1.942759999999999973e-02
1.034391803999999970e+00 1.938025700000000143e-02 3.944980000000000166e-04 1.000000000000000000e+00 1.938010000000000080e-02 1.942630000000000051e-02
1.034736601000000089e+00 1.937870900000000091e-02 3.945379999999999959e-04 1.000000000000000000e+00 1.937869999999999870e-02 1.942500000000000129e-02
1.035081512999999953e+00 1.937709699999999938e-02 3.945770000000000137e-04 1.000000000000000000e+00 1.937720000000000067e-02 1.942359999999999920e-02
1.035426540000000006e+00 1.937538399999999897e-02 3.946159999999999772e-04 1.000000000000000000e+00 1.937550000000000036e-02 1.942220000000000057e-02
1.035771683000000110e+00 1.937357899999999841e-02 3.946539999999999792e-04 1.000000000000000000e+00 1.937380000000000005e-02 1.942050000000000026e-02
1.036116940000000097e+00 1.937173899999999893e-02 3.946919999999999812e-04 1.000000000000000000e+00 1.937190000000000092e-02 1.941879999999999995e-02
1.036462312000000052e+00 1.936996399999999993e-02 3.947299999999999832e-04 1.000000000000000000e+00 1.937010000000000121e-02 1.941719999999999904e-02
1.036807800000000057e+00 1.936836000000000113e-02 3.947690000000000010e-04 1.000000000000000000e+00 1.936850000000000030e-02 1.941560000000000161e-02
1.037153401999999947e+00 1.936700300000000069e-02 3.948080000000000187e-04 1.000000000000000000e+00 1.936699999999999880e-02 1.941429999999999892e-02
1.037499120000000108e+00 1.936590300000000028e-02 3.948479999999999980e-04 1.000000000000000000e+00 1.936579999999999899e-02 1.941330000000000139e-02
1.037844953000000014e+00 1.936499699999999838e-02 3.948889999999999931e-04 1.000000000000000000e+00 1.936480000000000146e-02 1.941239999999999979e-02
1.038190901000000110e+00 1.936415799999999937e-02 3.949299999999999881e-04 1.000000000000000000e+00 1.936399999999999927e-02 1.941170000000000048e-02
1.038536965000000034e+00 1.936322700000000022e-02 3.949709999999999831e-04 1.000000000000000000e+00 1.936310000000000114e-02 1.941089999999999829e-02
1.038883143999999925e+00 1.936205200000000112e-02 3.950119999999999782e-04 1.000000000000000000e+00 1.936200000000000074e-02 1.941000000000000017e-02
1.039229438000000005e+00 1.936051700000000070e-02 3.950509999999999959e-04 1.000000000000000000e+00 1.936070000000000152e-02 1.940880000000000036e-02
1.039575847999999914e+00 1.935855800000000140e-02 3.950879999999999822e-04 1.000000000000000000e+00 1.935910000000000061e-02 1.940740000000000173e-02
1.039922374000000094e+00 1.935616399999999862e-02 3.951229999999999912e-04 1.000000000000000000e+00 1.935720000000000149e-02 1.940559999999999855e-02
1.040269013999999936e+00 1.935336899999999874e-02 3.951529999999999756e-04 1.000000000000000000e+00 1.935500000000000068e-02 1.940350000000000061e-02
1.040615770999999912e+00 1.935023300000000140e-02 3.951790000000000055e-04 1.000000000000000000e+00 1.935260000000000105e-02 1.940129999999999980e-02
1.040962643000000076e+00 1.934683699999999867e-02 3.951989999999999952e-04 1.000000000000000000e+00 1.934999999999999915e-02 1.939880000000000076e-02
1.041309629999999986e+00 1.934327300000000111e-02 3.952140000000000145e-04 1.000000000000000000e+00 1.934719999999999843e-02 1.939600000000000005e-02
1.041656732999999946e+00 1.933963600000000033e-02 3.952229999999999936e-04 1.000000000000000000e+00 1.934419999999999890e-02 1.939309999999999992e-02
1.042003951999999956e+00 1.933601500000000153e-02 3.952289999999999796e-04 1.000000000000000000e+00 1.934109999999999996e-02 1.939010000000000039e-02
1.042351287000000015e+00 1.933248400000000047e-02 3.952320000000000269e-04 1.000000000000000000e+00 1.933779999999999874e-02 1.938679999999999917e-02
1.042698737000000042e+00 1.932908800000000121e-02 3.952340000000000042e-04 1.000000000000000000e+00 1.933429999999999871e-02 1.938350000000000142e-02
1.043046303999999980e+00 1.932583599999999902e-02 3.952369999999999972e-04 1.000000000000000000e+00 1.933079999999999868e-02 1.938000000000000139e-02
1.043393986000000107e+00 1.932270800000000094e-02 3.952429999999999832e-04 1.000000000000000000e+00 1.932729999999999865e-02 1.937660000000000077e-02
1.043741784000000061e+00 1.931966099999999839e-02 3.952529999999999781e-04 1.000000000000000000e+00 1.932369999999999921e-02 1.937310000000000074e-02
1.044089698000000066e+00 1.931665399999999908e-02 3.952660000000000201e-04 1.000000000000000000e+00 1.932019999999999918e-02 1.936970000000000011e-02
1.044437727000000038e+00 1.931365999999999986e-02 3.952830000000000167e-04 1.000000000000000000e+00 1.931669999999999915e-02 1.936629999999999949e-02
1.044785872999999921e+00 1.931067800000000126e-02 3.953040000000000221e-04 1.000000000000000000e+00 1.931329999999999852e-02 1.936310000000000114e-02
1.045134135000000075e+00 1.930773100000000159e-02 3.953259999999999890e-04 1.000000000000000000e+00 1.931010000000000018e-02 1.935999999999999874e-02
1.045482513000000058e+00 1.930485499999999924e-02 3.953510000000000032e-04 1.000000000000000000e+00 1.930710000000000065e-02 1.935709999999999861e-02
1.045831007999999951e+00 1.930207800000000029e-02 3.953760000000000174e-04 1.000000000000000000e+00 1.930420000000000053e-02 1.935440000000000077e-02
1.046179618000000033e+00 1.929940499999999864e-02 3.954009999999999773e-04 1.000000000000000000e+00 1.930159999999999862e-02 1.935189999999999827e-02
1.046528343999999944e+00 1.929680599999999968e-02 3.954249999999999757e-04 1.000000000000000000e+00 1.929919999999999899e-02 1.934960000000000152e-02
1.046877186999999987e+00 1.929421099999999861e-02 3.954480000000000126e-04 1.000000000000000000e+00 1.929679999999999937e-02 1.934730000000000130e-02
1.047226146000000080e+00 1.929153200000000012e-02 3.954699999999999795e-04 1.000000000000000000e+00 1.929439999999999975e-02 1.934500000000000108e-02
1.047575222000000084e+00 1.928868200000000144e-02 3.954890000000000076e-04 1.000000000000000000e+00 1.929180000000000131e-02 1.934249999999999858e-02
1.047924413000000055e+00 1.928560699999999975e-02 3.955070000000000200e-04 1.000000000000000000e+00 1.928890000000000118e-02 1.933970000000000133e-02
1.048273722000000019e+00 1.928230200000000116e-02 3.955240000000000166e-04 1.000000000000000000e+00 1.928569999999999937e-02 1.933669999999999833e-02
1.048623145999999950e+00 1.927881899999999912e-02 3.955399999999999975e-04 1.000000000000000000e+00 1.928229999999999875e-02 1.933330000000000118e-02
1.048972687000000015e+00 1.927525500000000155e-02 3.955569999999999941e-04 1.000000000000000000e+00 1.927869999999999931e-02 1.932980000000000115e-02
1.049322344999999990e+00 1.927172200000000155e-02 3.955739999999999907e-04 1.000000000000000000e+00 1.927500000000000047e-02 1.932630000000000112e-02
1.049672119000000015e+00 1.926831999999999850e-02 3.955930000000000188e-04 1.000000000000000000e+00 1.927130000000000162e-02 1.932280000000000109e-02
1.050022009999999950e+00 1.926511399999999985e-02 3.956130000000000085e-04 1.000000000000000000e+00 1.926790000000000100e-02 1.931949999999999987e-02
1.050372016999999936e+00 1.926212600000000094e-02 3.956349999999999754e-04 1.000000000000000000e+00 1.926469999999999919e-02 1.931650000000000034e-02
1.050722141000000054e+00 1.925933900000000032e-02 3.956580000000000123e-04 1.000000000000000000e+00 1.926179999999999906e-02 1.931369999999999962e-02
1.051072382000000083e+00 1.925670900000000033e-02 3.956820000000000107e-04 1.000000000000000000e+00 1.925910000000000122e-02 1.931110000000000118e-02
1.051422738999999940e+00 1.925417899999999974e-02 3.957049999999999934e-04 1.000000000000000000e+00 1.925659999999999872e-02 1.930870000000000156e-02
1.051773212999999929e+00 1.925168600000000049e-02 3.957289999999999918e-04 1.000000000000000000e+00 1.925419999999999909e-02 1.930640000000000134e-02
1.052123804000000051e+00 1.924916000000000127e-02 3.957519999999999745e-04 1.000000000000000000e+00 1.925170000000000006e-02 1.930400000000000171e-02
1.052474512000000084e+00 1.924653200000000022e-02 3.957750000000000113e-04 1.000000000000000000e+00 1.924920000000000103e-02 1.930159999999999862e-02
1.052825337000000028e+00 1.924372900000000108e-02 3.957969999999999783e-04 1.000000000000000000e+00 1.924649999999999972e-02 1.929900000000000018e-02
1.053176279000000104e+00 1.924068899999999832e-02 3.958189999999999994e-04 1.000000000000000000e+00 1.924350000000000019e-02 1.929610000000000006e-02
1.053527338000000091e+00 1.923737199999999911e-02 3.958400000000000048e-04 1.000000000000000000e+00 1.924029999999999838e-02 1.929300000000000112e-02
1.053878512999999906e+00 1.923376499999999989e-02 3.958599999999999944e-04 1.000000000000000000e+00 1.923679999999999835e-02 1.928969999999999990e-02
1.054229805999999936e+00 1.922989699999999927e-02 3.958799999999999841e-04 1.000000000000000000e+00 1.923309999999999950e-02 1.928610000000000047e-02
1.054581216000000099e+00 1.922583500000000015e-02 3.958979999999999964e-04 1.000000000000000000e+00 1.922919999999999838e-02 1.928240000000000162e-02
1.054932742999999951e+00 1.922167600000000004e-02 3.959160000000000088e-04 1.000000000000000000e+00 1.922520000000000132e-02 1.927850000000000050e-02
1.055284388000000018e+00 1.921753500000000087e-02 3.959319999999999897e-04 1.000000000000000000e+00 1.922130000000000019e-02 1.927469999999999878e-02
1.055636148999999913e+00 1.921352700000000108e-02 3.959459999999999933e-04 1.000000000000000000e+00 1.921749999999999847e-02 1.927099999999999994e-02
1.055988028000000023e+00 1.920974599999999977e-02 3.959589999999999811e-04 1.000000000000000000e+00 1.921389999999999904e-02 1.926749999999999990e-02
1.056340024000000044e+00 1.920624199999999837e-02 3.959710000000000074e-04 1.000000000000000000e+00 1.921060000000000129e-02 1.926430000000000156e-02
1.056692136999999976e+00 1.920301300000000141e-02 3.959810000000000023e-04 1.000000000000000000e+00 1.920749999999999888e-02 1.926129999999999856e-02
1.057044367999999901e+00 1.919999400000000148e-02 3.959899999999999813e-04 1.000000000000000000e+00 1.920459999999999876e-02 1.925850000000000131e-02
1.057396715999999959e+00 1.919706499999999927e-02 3.959979999999999989e-04 1.000000000000000000e+00 1.920180000000000151e-02 1.925580000000000000e-02
1.057749182000000010e+00 1.919407500000000141e-02 3.960050000000000007e-04 1.000000000000000000e+00 1.919890000000000138e-02 1.925289999999999987e-02
1.058101764999999972e+00 1.919087300000000065e-02 3.960120000000000025e-04 1.000000000000000000e+00 1.919579999999999897e-02 1.924990000000000034e-02
1.058454465000000067e+00 1.918733599999999928e-02 3.960190000000000043e-04 1.000000000000000000e+00 1.919229999999999894e-02 1.924649999999999972e-02
1.058807282999999932e+00 1.918339700000000134e-02 3.960260000000000061e-04 1.000000000000000000e+00 1.918840000000000129e-02 1.924259999999999859e-02
1.059160219000000014e+00 1.917905599999999988e-02 3.960319999999999921e-04 1.000000000000000000e+00 1.918399999999999966e-02 1.923839999999999925e-02
1.059513272000000006e+00 1.917437799999999887e-02 3.960389999999999939e-04 1.000000000000000000e+00 1.917939999999999923e-02 1.923390000000000169e-02
1.059866444000000074e+00 1.916946799999999854e-02 3.960449999999999800e-04 1.000000000000000000e+00 1.917450000000000057e-02 1.922919999999999838e-02
1.060219731999999970e+00 1.916445799999999880e-02 3.960510000000000202e-04 1.000000000000000000e+00 1.916949999999999904e-02 1.922429999999999972e-02
1.060573138999999943e+00 1.915947399999999926e-02 3.960580000000000220e-04 1.000000000000000000e+00 1.916450000000000098e-02 1.921950000000000047e-02
1.060926663000000048e+00 1.915462600000000098e-02 3.960640000000000081e-04 1.000000000000000000e+00 1.915970000000000173e-02 1.921480000000000063e-02
1.061280306000000007e+00 1.914999499999999952e-02 3.960699999999999941e-04 1.000000000000000000e+00 1.915510000000000129e-02 1.921029999999999960e-02
1.061634066000000098e+00 1.914563299999999871e-02 3.960759999999999802e-04 1.000000000000000000e+00 1.915069999999999967e-02 1.920600000000000085e-02
1.061987943999999962e+00 1.914157400000000148e-02 3.960829999999999820e-04 1.000000000000000000e+00 1.914650000000000032e-02 1.920200000000000032e-02
1.062341940000000040e+00 1.913784500000000055e-02 3.960899999999999838e-04 1.000000000000000000e+00 1.914259999999999920e-02 1.919819999999999860e-02
1.062696053999999890e+00 1.913448400000000021e-02 3.960990000000000170e-04 1.000000000000000000e+00 1.913899999999999976e-02 1.919469999999999857e-02
1.063050285999999955e+00 1.913153600000000107e-02 3.961099999999999734e-04 1.000000000000000000e+00 1.913569999999999854e-02 1.919150000000000023e-02
1.063404636000000014e+00 1.912905800000000087e-02 3.961239999999999770e-04 1.000000000000000000e+00 1.913279999999999842e-02 1.918869999999999951e-02
1.063759104000000066e+00 1.912710299999999947e-02 3.961409999999999736e-04 1.000000000000000000e+00 1.913029999999999939e-02 1.918620000000000048e-02
1.064113689999999890e+00 1.912570200000000137e-02 3.961629999999999947e-04 1.000000000000000000e+00 1.912830000000000086e-02 1.918430000000000135e-02
1.064468395000000012e+00 1.912484899999999932e-02 3.961890000000000247e-04 1.000000000000000000e+00 1.912669999999999995e-02 1.918279999999999985e-02
1.064823217999999905e+00 1.912450400000000050e-02 3.962209999999999864e-04 1.000000000000000000e+00 1.912559999999999955e-02 1.918179999999999885e-02
1.065178159000000013e+00 1.912460100000000149e-02 3.962589999999999884e-04 1.000000000000000000e+00 1.912490000000000023e-02 1.918119999999999895e-02
1.065533217999999893e+00 1.912507499999999833e-02 3.963020000000000149e-04 1.000000000000000000e+00 1.912459999999999855e-02 1.918100000000000013e-02
1.065888396000000071e+00 1.912588299999999977e-02 3.963500000000000118e-04 1.000000000000000000e+00 1.912470000000000142e-02 1.918119999999999895e-02
1.066243692000000021e+00 1.912701899999999858e-02 3.964039999999999946e-04 1.000000000000000000e+00 1.912519999999999845e-02 1.918179999999999885e-02
1.066599107000000046e+00 1.912852400000000092e-02 3.964619999999999863e-04 1.000000000000000000e+00 1.912600000000000064e-02 1.918279999999999985e-02
1.066954640000000065e+00 1.913046300000000033e-02 3.965250000000000025e-04 1.000000000000000000e+00 1.912729999999999986e-02 1.918419999999999848e-02
1.067310291000000078e+00 1.913290700000000108e-02 3.965929999999999889e-04 1.000000000000000000e+00 1.912900000000000017e-02 1.918600000000000166e-02
1.067666060999999944e+00 1.913590999999999903e-02 3.966659999999999999e-04 1.000000000000000000e+00 1.913130000000000039e-02 1.918840000000000129e-02
1.068021950000000109e+00 1.913949100000000153e-02 3.967439999999999812e-04 1.000000000000000000e+00 1.913410000000000111e-02 1.919140000000000082e-02
1.068377957000000045e+00 1.914363200000000070e-02 3.968280000000000028e-04 1.000000000000000000e+00 1.913750000000000173e-02 1.919490000000000085e-02
1.068734083000000057e+00 1.914827599999999880e-02 3.969169999999999946e-04 1.000000000000000000e+00 1.914160000000000167e-02 1.919900000000000079e-02
1.069090327999999923e+00 1.915333699999999945e-02 3.970099999999999953e-04 1.000000000000000000e+00 1.914609999999999923e-02 1.920370000000000063e-02
1.069446691000000005e+00 1.915870199999999968e-02 3.971049999999999732e-04 1.000000000000000000e+00 1.915120000000000017e-02 1.920890000000000097e-02
1.069803174000000023e+00 1.916423299999999927e-02 3.972029999999999983e-04 1.000000000000000000e+00 1.915659999999999932e-02 1.921439999999999954e-02
1.070159775000000035e+00 1.916976999999999917e-02 3.973000000000000078e-04 1.000000000000000000e+00 1.916220000000000076e-02 1.922010000000000038e-02
1.070516494999999901e+00 1.917514700000000002e-02 3.973960000000000014e-04 1.000000000000000000e+00 1.916779999999999873e-02 1.922580000000000122e-02
1.070873332999999983e+00 1.918020000000000141e-02 3.974909999999999793e-04 1.000000000000000000e+00 1.917320000000000135e-02 1.923129999999999978e-02
1.071230291000000001e+00 1.918480200000000080e-02 3.975820000000000027e-04 1.000000000000000000e+00 1.917819999999999941e-02 1.923640000000000072e-02
1.071587368000000096e+00 1.918887899999999896e-02 3.976709999999999945e-04 1.000000000000000000e+00 1.918279999999999985e-02 1.924100000000000116e-02
1.071944564000000044e+00 1.919242900000000043e-02 3.977559999999999776e-04 1.000000000000000000e+00 1.918680000000000038e-02 1.924510000000000109e-02
1.072301879000000069e+00 1.919552799999999990e-02 3.978380000000000219e-04 1.000000000000000000e+00 1.919030000000000041e-02 1.924870000000000053e-02
1.072659312999999948e+00 1.919831500000000052e-02 3.979179999999999805e-04 1.000000000000000000e+00 1.919349999999999876e-02 1.925199999999999828e-02
1.073016865999999903e+00 1.920096699999999934e-02 3.979939999999999845e-04 1.000000000000000000e+00 1.919649999999999829e-02 1.925510000000000069e-02
1.073374537999999934e+00 1.920365900000000139e-02 3.980680000000000112e-04 1.000000000000000000e+00 1.919950000000000129e-02 1.925810000000000022e-02
1.073732329000000041e+00 1.920651899999999829e-02 3.981410000000000222e-04 1.000000000000000000e+00 1.920260000000000022e-02 1.926129999999999856e-02
1.074090240000000085e+00 1.920959499999999945e-02 3.982120000000000017e-04 1.000000000000000000e+00 1.920579999999999857e-02 1.926459999999999978e-02
1.074448269999999983e+00 1.921283999999999839e-02 3.982820000000000197e-04 1.000000000000000000e+00 1.920919999999999919e-02 1.926800000000000040e-02
1.074806420000000040e+00 1.921612199999999868e-02 3.983519999999999834e-04 1.000000000000000000e+00 1.921259999999999982e-02 1.927150000000000044e-02
1.075164688999999951e+00 1.921926599999999874e-02 3.984200000000000241e-04 1.000000000000000000e+00 1.921590000000000104e-02 1.927490000000000106e-02
1.075523076999999939e+00 1.922210900000000111e-02 3.984859999999999791e-04 1.000000000000000000e+00 1.921909999999999938e-02 1.927809999999999940e-02
1.075881584000000002e+00 1.922453799999999935e-02 3.985510000000000268e-04 1.000000000000000000e+00 1.922180000000000069e-02 1.928099999999999953e-02
1.076240212000000085e+00 1.922650100000000001e-02 3.986129999999999730e-04 1.000000000000000000e+00 1.922410000000000091e-02 1.928339999999999915e-02
1.076598957999999939e+00 1.922799000000000036e-02 3.986729999999999961e-04 1.000000000000000000e+00 1.922590000000000063e-02 1.928529999999999828e-02
1.076957825000000035e+00 1.922899600000000167e-02 3.987309999999999878e-04 1.000000000000000000e+00 1.922710000000000044e-02 1.928670000000000037e-02
1.077316810999999985e+00 1.922947499999999935e-02 3.987880000000000179e-04 1.000000000000000000e+00 1.922779999999999975e-02 1.928749999999999909e-02
1.077675916000000012e+00 1.922935400000000059e-02 3.988439999999999781e-04 1.000000000000000000e+00 1.922789999999999916e-02 1.928780000000000078e-02
1.078035142000000057e+00 1.922857899999999912e-02 3.988969999999999994e-04 1.000000000000000000e+00 1.922760000000000094e-02 1.928770000000000137e-02
1.078394486999999957e+00 1.922719000000000164e-02 3.989469999999999735e-04 1.000000000000000000e+00 1.922669999999999935e-02 1.928699999999999859e-02
1.078753950999999933e+00 1.922538500000000108e-02 3.989919999999999773e-04 1.000000000000000000e+00 1.922549999999999953e-02 1.928590000000000165e-02
1.079113535999999929e+00 1.922352399999999878e-02 3.990339999999999881e-04 1.000000000000000000e+00 1.922420000000000032e-02 1.928469999999999837e-02
1.079473241000000083e+00 1.922206499999999998e-02 3.990730000000000059e-04 1.000000000000000000e+00 1.922290000000000110e-02 1.928349999999999856e-02
1.079833065000000092e+00 1.922142900000000168e-02 3.991120000000000236e-04 1.000000000000000000e+00 1.922199999999999950e-02 1.928279999999999925e-02
1.080193009000000037e+00 1.922186199999999928e-02 3.991539999999999802e-04 1.000000000000000000e+00 1.922190000000000010e-02 1.928269999999999984e-02
1.080553074000000002e+00 1.922333199999999923e-02 3.991999999999999997e-04 1.000000000000000000e+00 1.922259999999999941e-02 1.928349999999999856e-02
1.080913258000000043e+00 1.922553200000000004e-02 3.992520000000000053e-04 1.000000000000000000e+00 1.922420000000000032e-02 1.928509999999999946e-02
1.081273563000000104e+00 1.922795799999999986e-02 3.993070000000000040e-04 1.000000000000000000e+00 1.922630000000000172e-02 1.928730000000000028e-02
1.081633987000000019e+00 1.923006799999999947e-02 3.993630000000000183e-04 1.000000000000000000e+00 1.922870000000000135e-02 1.928960000000000050e-02
1.081994531999999953e+00 1.923142300000000096e-02 3.994150000000000239e-04 1.000000000000000000e+00 1.923079999999999928e-02 1.929169999999999843e-02
1.082355197000000047e+00 1.923179200000000102e-02 3.994590000000000120e-04 1.000000000000000000e+00 1.923240000000000019e-02 1.929339999999999875e-02
1.082715982000000077e+00 1.923116299999999904e-02 3.994940000000000210e-04 1.000000000000000000e+00 1.923329999999999831e-02 1.929420000000000093e-02
1.083076887000000044e+00 1.922969199999999962e-02 3.995180000000000194e-04 1.000000000000000000e+00 1.923350000000000060e-02 1.929439999999999975e-02
1.083437913000000030e+00 1.922764500000000154e-02 3.995289999999999757e-04 1.000000000000000000e+00 1.923300000000000010e-02 1.929389999999999925e-02
1.083799058999999954e+00 1.922535300000000058e-02 3.995299999999999915e-04 1.000000000000000000e+00 1.923209999999999850e-02 1.929300000000000112e-02
1.084160325000000036e+00 1.922323299999999929e-02 3.995219999999999739e-04 1.000000000000000000e+00 1.923110000000000097e-02 1.929190000000000071e-02
1.084521711999999916e+00 1.922181599999999921e-02 3.995070000000000088e-04 1.000000000000000000e+00 1.923019999999999938e-02 1.929089999999999971e-02
1.084883218999999954e+00 1.922175900000000145e-02 3.994919999999999895e-04 1.000000000000000000e+00 1.922990000000000116e-02 1.929039999999999921e-02
1.085244847000000012e+00 1.922375800000000051e-02 3.994809999999999789e-04 1.000000000000000000e+00 1.923069999999999988e-02 1.929099999999999912e-02
1.085606595000000008e+00 1.922838500000000062e-02 3.994819999999999947e-04 1.000000000000000000e+00 1.923309999999999950e-02 1.929329999999999934e-02
1.085968464000000022e+00 1.923588299999999876e-02 3.995019999999999843e-04 1.000000000000000000e+00 1.923760000000000053e-02 1.929749999999999868e-02
1.086330452999999974e+00 1.924601100000000037e-02 3.995450000000000108e-04 1.000000000000000000e+00 1.924450000000000119e-02 1.930420000000000053e-02
1.086692562999999945e+00 1.925801900000000122e-02 3.996089999999999885e-04 1.000000000000000000e+00 1.925369999999999859e-02 1.931319999999999912e-02
1.087054793999999935e+00 1.927080299999999954e-02 3.996900000000000171e-04 1.000000000000000000e+00 1.926469999999999919e-02 1.932400000000000090e-02
1.087417145999999946e+00 1.928316799999999984e-02 3.997790000000000089e-04 1.000000000000000000e+00 1.927680000000000018e-02 1.933580000000000021e-02
1.087779617999999893e+00 1.929413599999999993e-02 3.998639999999999920e-04 1.000000000000000000e+00 1.928900000000000059e-02 1.934769999999999893e-02
1.088142211000000081e+00 1.930316600000000007e-02 3.999370000000000030e-04 1.000000000000000000e+00 1.930039999999999881e-02 1.935869999999999952e-02
1.088504925999999928e+00 1.931021800000000052e-02 3.999900000000000243e-04 1.000000000000000000e+00 1.931029999999999899e-02 1.936830000000000149e-02
1.088867760999999934e+00 1.931565099999999965e-02 4.000230000000000018e-04 1.000000000000000000e+00 1.931859999999999827e-02 1.937610000000000027e-02
1.089230716000000099e+00 1.932000799999999963e-02 4.000370000000000054e-04 1.000000000000000000e+00 1.932520000000000071e-02 1.938240000000000102e-02
1.089593792999999922e+00 1.932378599999999905e-02 4.000380000000000212e-04 1.000000000000000000e+00 1.933050000000000046e-02 1.938729999999999967e-02
1.089956990999999986e+00 1.932728800000000149e-02 4.000300000000000036e-04 1.000000000000000000e+00 1.933489999999999862e-02 1.939130000000000020e-02
1.090320310000000070e+00 1.933061000000000154e-02 4.000170000000000158e-04 1.000000000000000000e+00 1.933879999999999974e-02 1.939470000000000083e-02
1.090683749999999952e+00 1.933374699999999835e-02 4.000009999999999807e-04 1.000000000000000000e+00 1.934229999999999977e-02 1.939779999999999976e-02
1.091047311999999936e+00 1.933674900000000030e-02 3.999830000000000226e-04 1.000000000000000000e+00 1.934560000000000099e-02 1.940069999999999989e-02
1.091410994000000079e+00 1.933980500000000158e-02 3.999620000000000172e-04 1.000000000000000000e+00 1.934879999999999933e-02 1.940340000000000120e-02
1.091774798000000102e+00 1.934322200000000019e-02 3.999419999999999733e-04 1.000000000000000000e+00 1.935200000000000115e-02 1.940619999999999845e-02
1.092138722999999922e+00 1.934727500000000058e-02 3.999249999999999767e-04 1.000000000000000000e+00 1.935550000000000118e-02 1.940920000000000145e-02
1.092502768999999985e+00 1.935202299999999945e-02 3.999140000000000203e-04 1.000000000000000000e+00 1.935929999999999943e-02 1.941259999999999861e-02
1.092866936000000067e+00 1.935721600000000001e-02 3.999100000000000116e-04 1.000000000000000000e+00 1.936339999999999936e-02 1.941630000000000092e-02
1.093231225000000029e+00 1.936232599999999915e-02 3.999130000000000046e-04 1.000000000000000000e+00 1.936759999999999871e-02 1.942019999999999857e-02
1.093595636000000093e+00 1.936673699999999845e-02 3.999210000000000221e-04 1.000000000000000000e+00 1.937159999999999924e-02 1.942380000000000148e-02
1.093960167999999955e+00 1.936996900000000077e-02 3.999310000000000169e-04 1.000000000000000000e+00 1.937480000000000105e-02 1.942670000000000161e-02
1.094324821000000059e+00 1.937181500000000056e-02 3.999410000000000118e-04 1.000000000000000000e+00 1.937689999999999899e-02 1.942860000000000073e-02
1.094689596000000043e+00 1.937231099999999970e-02 3.999480000000000136e-04 1.000000000000000000e+00 1.937770000000000117e-02 1.942930000000000004e-02
1.095054492999999907e+00 1.937156900000000168e-02 3.999539999999999996e-04 1.000000000000000000e+00 1.937730000000000008e-02 1.942870000000000014e-02
1.095419511000000012e+00 1.936953500000000022e-02 3.999580000000000084e-04 1.000000000000000000e+00 1.937559999999999977e-02 1.942690000000000042e-02
1.095784650999999998e+00 1.936584300000000064e-02 3.999580000000000084e-04 1.000000000000000000e+00 1.937260000000000024e-02 1.942400000000000029e-02
1.096149912000000004e+00 1.935983900000000021e-02 3.999510000000000066e-04 1.000000000000000000e+00 1.936819999999999861e-02 1.941959999999999867e-02
1.096515294999999890e+00 1.935077799999999904e-02 3.999280000000000239e-04 1.000000000000000000e+00 1.936190000000000133e-02 1.941330000000000139e-02
1.096880800999999961e+00 1.933812999999999852e-02 3.998830000000000201e-04 1.000000000000000000e+00 1.935310000000000155e-02 1.940460000000000101e-02
1.097246428000000051e+00 1.932185900000000026e-02 3.998060000000000004e-04 1.000000000000000000e+00 1.934140000000000165e-02 1.939300000000000052e-02
1.097612175999999939e+00 1.930256500000000069e-02 3.996960000000000031e-04 1.000000000000000000e+00 1.932680000000000162e-02 1.937840000000000049e-02
1.097978047000000013e+00 1.928143400000000007e-02 3.995550000000000056e-04 1.000000000000000000e+00 1.930959999999999968e-02 1.936119999999999855e-02
1.098344039999999966e+00 1.926000900000000154e-02 3.993889999999999940e-04 1.000000000000000000e+00 1.929060000000000150e-02 1.934220000000000036e-02
1.098710153999999939e+00 1.923986199999999994e-02 3.992129999999999876e-04 1.000000000000000000e+00 1.927099999999999994e-02 1.932239999999999999e-02
1.099076391000000097e+00 1.922225099999999923e-02 3.990399999999999741e-04 1.000000000000000000e+00 1.925189999999999887e-02 1.930329999999999893e-02
1.099442749999999913e+00 1.920786099999999968e-02 3.988840000000000116e-04 1.000000000000000000e+00 1.923439999999999872e-02 1.928569999999999937e-02
1.099809231000000054e+00 1.919670899999999930e-02 3.987540000000000247e-04 1.000000000000000000e+00 1.921919999999999878e-02 1.927049999999999944e-02
1.100175834000000075e+00 1.918821399999999858e-02 3.986530000000000065e-04 1.000000000000000000e+00 1.920660000000000076e-02 1.925790000000000141e-02
1.100542558999999976e+00 1.918142399999999900e-02 3.985799999999999955e-04 1.000000000000000000e+00 1.919620000000000007e-02 1.924750000000000072e-02
1.100909407000000062e+00 1.917529999999999929e-02 3.985290000000000056e-04 1.000000000000000000e+00 1.918759999999999910e-02 1.923889999999999975e-02
1.101276377000000029e+00 1.916896200000000119e-02 3.984929999999999809e-04 1.000000000000000000e+00 1.917989999999999973e-02 1.923129999999999978e-02
1.101643469000000097e+00 1.916182699999999933e-02 3.984629999999999964e-04 1.000000000000000000e+00 1.917239999999999917e-02 1.922379999999999922e-02
1.102010683000000046e+00 1.915359499999999895e-02 3.984330000000000120e-04 1.000000000000000000e+00 1.916440000000000157e-02 1.921600000000000044e-02
1.102378019999999959e+00 1.914415699999999845e-02 3.983990000000000187e-04 1.000000000000000000e+00 1.915580000000000060e-02 1.920749999999999888e-02
1.102745478999999973e+00 1.913348100000000079e-02 3.983589999999999852e-04 1.000000000000000000e+00 1.914619999999999864e-02 1.919799999999999979e-02
1.103113060999999950e+00 1.912153700000000095e-02 3.983100000000000269e-04 1.000000000000000000e+00 1.913559999999999914e-02 1.918759999999999910e-02
1.103480765999999891e+00 1.910833099999999923e-02 3.982510000000000195e-04 1.000000000000000000e+00 1.912399999999999864e-02 1.917610000000000148e-02
1.103848592000000073e+00 1.909395700000000168e-02 3.981790000000000242e-04 1.000000000000000000e+00 1.911140000000000061e-02 1.916369999999999879e-02
1.104216542000000079e+00 1.907866299999999918e-02 3.980939999999999869e-04 1.000000000000000000e+00 1.909800000000000039e-02 1.915040000000000145e-02
1.104584613999999965e+00 1.906284999999999924e-02 3.979960000000000160e-04 1.000000000000000000e+00 1.908390000000000086e-02 1.913640000000000133e-02
1.104952809000000036e+00 1.904696499999999904e-02 3.978860000000000187e-04 1.000000000000000000e+00 1.906940000000000024e-02 1.912190000000000070e-02
1.105321127000000070e+00 1.903135599999999927e-02 3.977669999999999882e-04 1.000000000000000000e+00 1.905470000000000080e-02 1.910720000000000127e-02
1.105689566999999984e+00 1.901610399999999895e-02 3.976429999999999874e-04 1.000000000000000000e+00 1.904000000000000137e-02 1.909249999999999836e-02
1.106058130000000084e+00 1.900095900000000129e-02 3.975149999999999777e-04 1.000000000000000000e+00 1.902540000000000134e-02 1.907779999999999893e-02
1.106426815999999924e+00 1.898535100000000100e-02 3.973830000000000136e-04 1.000000000000000000e+00 1.901059999999999903e-02 1.906290000000000068e-02
1.106795624999999950e+00 1.896852300000000102e-02 3.972420000000000161e-04 1.000000000000000000e+00 1.899520000000000028e-02 1.904739999999999905e-02
1.107164556999999938e+00 1.894963499999999940e-02 3.970889999999999923e-04 1.000000000000000000e+00 1.897860000000000172e-02 1.903070000000000109e-02
1.107533611999999890e+00 1.892782200000000040e-02 3.969140000000000016e-04 1.000000000000000000e+00 1.896019999999999997e-02 1.901219999999999993e-02
1.107902790000000026e+00 1.890216100000000066e-02 3.967110000000000037e-04 1.000000000000000000e+00 1.893919999999999979e-02 1.899100000000000094e-02
1.108272090999999904e+00 1.887160499999999963e-02 3.964700000000000038e-04 1.000000000000000000e+00 1.891460000000000016e-02 1.896629999999999844e-02
1.108641514999999966e+00 1.883492499999999889e-02 3.961789999999999756e-04 1.000000000000000000e+00 1.888549999999999951e-02 1.893699999999999897e-02
1.109011061999999992e+00 1.879077999999999998e-02 3.958279999999999785e-04 1.000000000000000000e+00 1.885059999999999861e-02 1.890189999999999926e-02
1.109380731999999981e+00 1.873790100000000125e-02 3.954040000000000245e-04 1.000000000000000000e+00 1.880849999999999883e-02 1.885970000000000008e-02
1.109750526000000015e+00 1.867519399999999913e-02 3.948949999999999791e-04 1.000000000000000000e+00 1.875800000000000037e-02 1.880899999999999933e-02
1.110120443000000012e+00 1.860179400000000136e-02 3.942929999999999872e-04 1.000000000000000000e+00 1.869809999999999875e-02 1.874889999999999890e-02
1.110490482999999973e+00 1.851704399999999986e-02 3.935879999999999999e-04 1.000000000000000000e+00 1.862770000000000051e-02 1.867829999999999838e-02
1.110860645999999896e+00 1.842041399999999954e-02 3.927730000000000153e-04 1.000000000000000000e+00 1.854640000000000108e-02 1.859680000000000014e-02
1.111230933000000087e+00 1.831155900000000156e-02 3.918419999999999933e-04 1.000000000000000000e+00 1.845360000000000056e-02 1.850370000000000140e-02
1.111601344000000102e+00 1.819028099999999912e-02 3.907879999999999861e-04 1.000000000000000000e+00 1.834900000000000073e-02 1.839889999999999928e-02
1.111971876999999997e+00 1.805650599999999995e-02 3.896069999999999850e-04 1.000000000000000000e+00 1.823239999999999930e-02 1.828209999999999905e-02
1.112342535000000021e+00 1.790998200000000137e-02 3.882919999999999883e-04 1.000000000000000000e+00 1.810370000000000035e-02 1.815309999999999840e-02
1.112713314999999925e+00 1.774984400000000073e-02 3.868370000000000098e-04 1.000000000000000000e+00 1.796249999999999930e-02 1.801159999999999914e-02
1.113084219999999958e+00 1.757445300000000030e-02 3.852290000000000076e-04 1.000000000000000000e+00 1.780769999999999922e-02 1.785650000000000084e-02
1.113455247999999953e+00 1.738181399999999890e-02 3.834500000000000235e-04 1.000000000000000000e+00 1.763810000000000031e-02 1.768640000000000143e-02
1.113826399999999994e+00 1.717075200000000093e-02 3.814819999999999908e-04 1.000000000000000000e+00 1.745189999999999936e-02 1.749969999999999998e-02
1.114197674999999998e+00 1.694275300000000137e-02 3.793140000000000075e-04 1.000000000000000000e+00 1.724840000000000054e-02 1.729570000000000066e-02
1.114569074000000048e+00 1.670346600000000015e-02 3.769590000000000072e-04 1.000000000000000000e+00 1.702920000000000128e-02 1.707590000000000149e-02
1.114940596999999922e+00 1.646323900000000104e-02 3.744679999999999797e-04 1.000000000000000000e+00 1.679910000000000084e-02 1.684520000000000114e-02
1.115312244000000064e+00 1.623580200000000057e-02 3.719339999999999799e-04 1.000000000000000000e+00 1.656679999999999958e-02 1.661229999999999998e-02
1.115684015000000029e+00 1.603534499999999946e-02 3.694859999999999789e-04 1.000000000000000000e+00 1.634379999999999861e-02 1.638869999999999910e-02
1.116055910000000040e+00 1.587275100000000091e-02 3.672619999999999813e-04 1.000000000000000000e+00 1.614229999999999832e-02 1.618659999999999891e-02
1.116427928000000014e+00 1.575252099999999850e-02 3.653759999999999929e-04 1.000000000000000000e+00 1.597200000000000009e-02 1.601589999999999958e-02
1.116800070999999894e+00 1.567146900000000037e-02 3.638930000000000073e-04 1.000000000000000000e+00 1.583800000000000138e-02 1.588149999999999978e-02
1.117172338000000043e+00 1.561971799999999945e-02 3.628060000000000226e-04 1.000000000000000000e+00 1.573930000000000121e-02 1.578250000000000139e-02
1.117544727999999932e+00 1.558359299999999975e-02 3.620419999999999736e-04 1.000000000000000000e+00 1.566920000000000118e-02 1.571219999999999908e-02
1.117917242999999949e+00 1.554905099999999950e-02 3.614840000000000240e-04 1.000000000000000000e+00 1.561719999999999949e-02 1.566000000000000031e-02
1.118289882000000013e+00 1.550443299999999976e-02 3.609989999999999770e-04 1.000000000000000000e+00 1.557159999999999968e-02 1.561440000000000050e-02
1.118662645999999983e+00 1.544157999999999989e-02 3.604640000000000101e-04 1.000000000000000000e+00 1.552180000000000053e-02 1.556440000000000080e-02
1.119035532999999916e+00 1.535564600000000057e-02 3.597830000000000212e-04 1.000000000000000000e+00 1.545900000000000052e-02 1.550149999999999965e-02
1.119408544999999977e+00 1.524439600000000034e-02 3.588870000000000081e-04 1.000000000000000000e+00 1.537750000000000054e-02 1.541980000000000087e-02
1.119781681000000084e+00 1.510804299999999982e-02 3.577349999999999757e-04 1.000000000000000000e+00 1.527380000000000057e-02 1.531590000000000035e-02
1.120154942000000098e+00 1.494999600000000012e-02 3.563160000000000220e-04 1.000000000000000000e+00 1.514730000000000069e-02 1.518910000000000052e-02
1.120528326999999935e+00 1.477797800000000064e-02 3.546579999999999915e-04 1.000000000000000000e+00 1.500029999999999940e-02 1.504179999999999927e-02
1.120901836000000040e+00 1.460446699999999945e-02 3.528310000000000105e-04 1.000000000000000000e+00 1.483959999999999967e-02 1.488070000000000018e-02
1.121275470000000052e+00 1.444532599999999965e-02 3.509569999999999942e-04 1.000000000000000000e+00 1.467549999999999931e-02 1.471629999999999987e-02
1.121649228999999970e+00 1.431642099999999931e-02 3.491929999999999752e-04 1.000000000000000000e+00 1.452149999999999969e-02 1.456200000000000029e-02
1.122023111999999934e+00 1.422925700000000036e-02 3.477029999999999878e-04 1.000000000000000000e+00 1.439119999999999983e-02 1.443149999999999988e-02
1.122397120000000026e+00 1.418724000000000027e-02 3.466160000000000031e-04 1.000000000000000000e+00 1.429509999999999982e-02 1.433519999999999933e-02
1.122771251999999942e+00 1.418450700000000071e-02 3.459860000000000040e-04 1.000000000000000000e+00 1.423729999999999961e-02 1.427740000000000085e-02
1.123145508999999986e+00 1.420801699999999987e-02 3.457830000000000062e-04 1.000000000000000000e+00 1.421509999999999961e-02 1.425520000000000086e-02
1.123519890999999937e+00 1.424228800000000052e-02 3.459000000000000052e-04 1.000000000000000000e+00 1.421949999999999950e-02 1.425979999999999956e-02
1.123894396999999934e+00 1.427490000000000009e-02 3.461970000000000195e-04 1.000000000000000000e+00 1.423890000000000051e-02 1.427929999999999998e-02
1.124269028999999920e+00 1.430042200000000013e-02 3.465499999999999939e-04 1.000000000000000000e+00 1.426310000000000078e-02 1.430380000000000019e-02
1.124643784999999951e+00 1.432115200000000019e-02 3.468920000000000120e-04 1.000000000000000000e+00 1.428650000000000059e-02 1.432740000000000055e-02
1.125018666999999972e+00 1.434457999999999914e-02 3.472220000000000037e-04 1.000000000000000000e+00 1.430900000000000054e-02 1.435009999999999931e-02
1.125393673000000039e+00 1.437902999999999924e-02 3.475889999999999817e-04 1.000000000000000000e+00 1.433489999999999938e-02 1.437609999999999930e-02
1.125768804000000012e+00 1.442961599999999928e-02 3.480579999999999937e-04 1.000000000000000000e+00 1.436950000000000033e-02 1.441090000000000079e-02
1.126144059999999891e+00 1.449648599999999940e-02 3.486760000000000206e-04 1.000000000000000000e+00 1.441699999999999926e-02 1.445860000000000027e-02
1.126519441999999982e+00 1.457596400000000028e-02 3.494510000000000259e-04 1.000000000000000000e+00 1.447820000000000010e-02 1.451999999999999992e-02
1.126894947999999896e+00 1.466368699999999990e-02 3.503609999999999884e-04 1.000000000000000000e+00 1.455129999999999965e-02 1.459339999999999943e-02
1.127270580000000022e+00 1.475808600000000012e-02 3.513759999999999778e-04 1.000000000000000000e+00 1.463399999999999944e-02 1.467629999999999976e-02
1.127646337000000054e+00 1.486241299999999967e-02 3.524840000000000221e-04 1.000000000000000000e+00 1.472550000000000074e-02 1.476799999999999988e-02
1.128022218999999993e+00 1.498411600000000045e-02 3.537160000000000130e-04 1.000000000000000000e+00 1.482819999999999971e-02 1.487100000000000054e-02
1.128398226000000060e+00 1.513176899999999978e-02 3.551340000000000052e-04 1.000000000000000000e+00 1.494750000000000072e-02 1.499059999999999976e-02
1.128774358999999894e+00 1.531056299999999926e-02 3.568110000000000097e-04 1.000000000000000000e+00 1.508980000000000044e-02 1.513319999999999943e-02
1.129150617000000079e+00 1.551763299999999943e-02 3.587870000000000057e-04 1.000000000000000000e+00 1.525870000000000004e-02 1.530250000000000013e-02
1.129526999999999948e+00 1.573897299999999985e-02 3.610290000000000157e-04 1.000000000000000000e+00 1.545170000000000050e-02 1.549589999999999995e-02
1.129903509000000028e+00 1.594895299999999835e-02 3.634010000000000126e-04 1.000000000000000000e+00 1.565719999999999959e-02 1.570190000000000127e-02
1.130280144000000098e+00 1.611310800000000099e-02 3.656590000000000036e-04 1.000000000000000000e+00 1.585400000000000004e-02 1.589909999999999934e-02
1.130656904000000074e+00 1.619385799999999848e-02 3.674770000000000055e-04 1.000000000000000000e+00 1.601309999999999886e-02 1.605859999999999926e-02
1.131033790000000039e+00 1.615818700000000094e-02 3.684949999999999879e-04 1.000000000000000000e+00 1.610210000000000113e-02 1.614760000000000154e-02
1.131410800999999910e+00 1.598577699999999963e-02 3.683839999999999749e-04 1.000000000000000000e+00 1.609139999999999876e-02 1.613679999999999976e-02
1.131787937999999993e+00 1.567563900000000163e-02 3.669179999999999859e-04 1.000000000000000000e+00 1.596119999999999831e-02 1.600609999999999880e-02
1.132165201000000065e+00 1.524976299999999951e-02 3.640299999999999959e-04 1.000000000000000000e+00 1.570739999999999983e-02 1.575139999999999874e-02
1.132542589000000044e+00 1.475259899999999992e-02 3.598629999999999798e-04 1.000000000000000000e+00 1.534529999999999922e-02 1.538810000000000004e-02
1.132920103000000012e+00 1.424599600000000035e-02 3.547819999999999923e-04 1.000000000000000000e+00 1.490980000000000083e-02 1.495110000000000015e-02
1.133297742999999969e+00 1.379996600000000032e-02 3.493600000000000026e-04 1.000000000000000000e+00 1.445210000000000071e-02 1.449190000000000027e-02
1.133675508999999915e+00 1.348091400000000009e-02 3.443130000000000084e-04 1.000000000000000000e+00 1.403229999999999929e-02 1.407070000000000022e-02
1.134053401000000072e+00 1.333932300000000015e-02 3.403869999999999921e-04 1.000000000000000000e+00 1.371009999999999937e-02 1.374719999999999935e-02
1.134431418999999996e+00 1.340003399999999990e-02 3.382200000000000245e-04 1.000000000000000000e+00 1.353350000000000039e-02 1.356989999999999932e-02
1.134809562999999910e+00 1.365743099999999939e-02 3.381950000000000104e-04 1.000000000000000000e+00 1.353099999999999963e-02 1.356699999999999920e-02
1.135187831999999952e+00 1.407715200000000076e-02 3.403510000000000216e-04 1.000000000000000000e+00 1.370569999999999948e-02 1.374170000000000079e-02
1.135566228000000066e+00 1.460395999999999916e-02 3.443820000000000106e-04 1.000000000000000000e+00 1.403569999999999991e-02 1.407219999999999999e-02
1.135944749999999948e+00 1.517362300000000067e-02 3.497250000000000033e-04 1.000000000000000000e+00 1.447949999999999932e-02 1.451659999999999930e-02
1.136323398999999901e+00 1.572553800000000071e-02 3.557049999999999969e-04 1.000000000000000000e+00 1.498419999999999960e-02 1.502219999999999944e-02
1.136702172999999982e+00 1.621273800000000084e-02 3.616760000000000114e-04 1.000000000000000000e+00 1.549679999999999981e-02 1.553550000000000070e-02
1.137081073999999914e+00 1.660711200000000026e-02 3.671270000000000241e-04 1.000000000000000000e+00 1.597200000000000009e-02 1.601150000000000143e-02
1.137460101000000057e+00 1.689932200000000134e-02 3.717300000000000205e-04 1.000000000000000000e+00 1.637860000000000010e-02 1.641859999999999847e-02
1.137839253999999967e+00 1.709489599999999832e-02 3.753389999999999786e-04 1.000000000000000000e+00 1.670059999999999947e-02 1.674089999999999953e-02
1.138218533999999948e+00 1.720852800000000071e-02 3.779580000000000157e-04 1.000000000000000000e+00 1.693549999999999917e-02 1.697600000000000151e-02
1.138597939999999920e+00 1.725877899999999840e-02 3.796900000000000188e-04 1.000000000000000000e+00 1.709079999999999974e-02 1.713150000000000089e-02
1.138977472999999963e+00 1.726434400000000091e-02 3.806939999999999977e-04 1.000000000000000000e+00 1.717990000000000142e-02 1.722059999999999910e-02
1.139357131999999995e+00 1.724207499999999907e-02 3.811469999999999745e-04 1.000000000000000000e+00 1.721810000000000007e-02 1.725890000000000063e-02
1.139736918000000099e+00 1.720586799999999916e-02 3.812199999999999855e-04 1.000000000000000000e+00 1.722090000000000079e-02 1.726190000000000016e-02
1.140116829999999970e+00 1.716574499999999961e-02 3.810660000000000002e-04 1.000000000000000000e+00 1.720199999999999854e-02 1.724329999999999960e-02
1.140496868999999913e+00 1.712676100000000076e-02 3.807999999999999862e-04 1.000000000000000000e+00 1.717199999999999976e-02 1.721359999999999904e-02
1.140877034999999928e+00 1.708805500000000130e-02 3.804890000000000225e-04 1.000000000000000000e+00 1.713699999999999946e-02 1.717909999999999923e-02
1.141257326999999933e+00 1.704291600000000170e-02 3.801449999999999729e-04 1.000000000000000000e+00 1.709820000000000090e-02 1.714080000000000117e-02
1.141637746000000009e+00 1.698052900000000115e-02 3.797210000000000190e-04 1.000000000000000000e+00 1.705160000000000009e-02 1.709480000000000027e-02
1.142018291999999935e+00 1.688921599999999856e-02 3.791280000000000062e-04 1.000000000000000000e+00 1.698940000000000172e-02 1.703319999999999834e-02
1.142398964999999933e+00 1.676060500000000134e-02 3.782619999999999776e-04 1.000000000000000000e+00 1.690240000000000145e-02 1.694680000000000145e-02
1.142779763999999920e+00 1.659309299999999973e-02 3.770409999999999972e-04 1.000000000000000000e+00 1.678380000000000150e-02 1.682859999999999912e-02
1.143160691000000062e+00 1.639348900000000067e-02 3.754380000000000195e-04 1.000000000000000000e+00 1.663150000000000045e-02 1.667650000000000035e-02
1.143541743999999971e+00 1.617620100000000116e-02 3.734969999999999783e-04 1.000000000000000000e+00 1.644999999999999934e-02 1.649509999999999865e-02
1.143922925000000035e+00 1.596033999999999994e-02 3.713359999999999968e-04 1.000000000000000000e+00 1.625009999999999996e-02 1.629519999999999927e-02
1.144304232999999948e+00 1.576581499999999900e-02 3.691260000000000027e-04 1.000000000000000000e+00 1.604739999999999986e-02 1.609239999999999976e-02
1.144685667000000073e+00 1.560978699999999997e-02 3.670619999999999764e-04 1.000000000000000000e+00 1.585879999999999929e-02 1.590379999999999919e-02
1.145067228999999909e+00 1.550419299999999945e-02 3.653269999999999803e-04 1.000000000000000000e+00 1.570020000000000096e-02 1.574510000000000146e-02
1.145448918000000038e+00 1.545477399999999925e-02 3.640660000000000207e-04 1.000000000000000000e+00 1.558359999999999954e-02 1.562850000000000003e-02
1.145830735000000100e+00 1.546094299999999956e-02 3.633670000000000194e-04 1.000000000000000000e+00 1.551630000000000023e-02 1.556139999999999954e-02
1.146212677999999929e+00 1.551639500000000053e-02 3.632530000000000134e-04 1.000000000000000000e+00 1.549990000000000048e-02 1.554529999999999974e-02
1.146594748999999913e+00 1.561011900000000042e-02 3.636840000000000233e-04 1.000000000000000000e+00 1.553080000000000085e-02 1.557650000000000007e-02
1.146976946999999969e+00 1.572797700000000062e-02 3.645610000000000083e-04 1.000000000000000000e+00 1.560059999999999919e-02 1.564689999999999831e-02
1.147359272999999957e+00 1.585495699999999938e-02 3.657479999999999954e-04 1.000000000000000000e+00 1.569790000000000074e-02 1.574470000000000036e-02
1.147741726000000018e+00 1.597787399999999955e-02 3.670950000000000081e-04 1.000000000000000000e+00 1.580979999999999885e-02 1.585699999999999957e-02
1.148124307000000011e+00 1.608770400000000128e-02 3.684620000000000104e-04 1.000000000000000000e+00 1.592410000000000006e-02 1.597190000000000068e-02
1.148507015000000075e+00 1.618077799999999983e-02 3.697460000000000069e-04 1.000000000000000000e+00 1.603200000000000111e-02 1.608019999999999936e-02
1.148889851000000073e+00 1.625819100000000170e-02 3.708909999999999833e-04 1.000000000000000000e+00 1.612840000000000107e-02 1.617700000000000041e-02
1.149272813999999920e+00 1.632388800000000167e-02 3.718840000000000058e-04 1.000000000000000000e+00 1.621219999999999953e-02 1.626119999999999996e-02
1.149655904999999922e+00 1.638217000000000145e-02 3.727450000000000099e-04 1.000000000000000000e+00 1.628519999999999968e-02 1.633439999999999892e-02
1.150039122999999996e+00 1.643598199999999829e-02 3.735049999999999959e-04 1.000000000000000000e+00 1.634990000000000054e-02 1.639929999999999860e-02
1.150422470000000086e+00 1.648656600000000111e-02 3.741910000000000093e-04 1.000000000000000000e+00 1.640859999999999888e-02 1.645819999999999922e-02
1.150805944000000025e+00 1.653441199999999833e-02 3.748189999999999768e-04 1.000000000000000000e+00 1.646279999999999966e-02 1.651249999999999940e-02
1.151189545999999897e+00 1.658071800000000123e-02 3.754030000000000106e-04 1.000000000000000000e+00 1.651350000000000040e-02 1.656329999999999955e-02
1.151573275999999924e+00 1.662837500000000079e-02 3.759650000000000231e-04 1.000000000000000000e+00 1.656229999999999855e-02 1.661220000000000058e-02
1.151957133000000022e+00 1.668179900000000063e-02 3.765349999999999990e-04 1.000000000000000000e+00 1.661170000000000008e-02 1.666170000000000151e-02
1.152341118999999914e+00 1.674580599999999850e-02 3.771579999999999963e-04 1.000000000000000000e+00 1.666549999999999976e-02 1.671570000000000000e-02
1.152725232999999960e+00 1.682403299999999866e-02 3.778820000000000117e-04 1.000000000000000000e+00 1.672770000000000160e-02 1.677810000000000065e-02
1.153109474999999939e+00 1.691775400000000013e-02 3.787449999999999931e-04 1.000000000000000000e+00 1.680159999999999987e-02 1.685230000000000061e-02
1.153493843999999990e+00 1.702552400000000021e-02 3.797629999999999756e-04 1.000000000000000000e+00 1.688879999999999895e-02 1.693990000000000079e-02
1.153878342000000057e+00 1.714367899999999847e-02 3.809290000000000115e-04 1.000000000000000000e+00 1.698890000000000122e-02 1.704030000000000128e-02
1.154262968999999917e+00 1.726733800000000013e-02 3.822130000000000080e-04 1.000000000000000000e+00 1.709930000000000130e-02 1.715130000000000127e-02
1.154647723000000070e+00 1.739142499999999855e-02 3.835709999999999771e-04 1.000000000000000000e+00 1.721649999999999917e-02 1.726909999999999903e-02
1.155032604999999934e+00 1.751144699999999943e-02 3.849529999999999987e-04 1.000000000000000000e+00 1.733619999999999953e-02 1.738929999999999990e-02
1.155417616000000036e+00 1.762387300000000170e-02 3.863100000000000062e-04 1.000000000000000000e+00 1.745419999999999958e-02 1.750789999999999985e-02
1.155802755999999931e+00 1.772630700000000017e-02 3.876039999999999976e-04 1.000000000000000000e+00 1.756689999999999988e-02 1.762110000000000065e-02
1.156188022999999898e+00 1.781754500000000060e-02 3.888049999999999883e-04 1.000000000000000000e+00 1.767149999999999971e-02 1.772610000000000158e-02
1.156573419000000102e+00 1.789758199999999869e-02 3.898959999999999817e-04 1.000000000000000000e+00 1.776629999999999876e-02 1.782140000000000113e-02
1.156958944000000100e+00 1.796756500000000131e-02 3.908750000000000007e-04 1.000000000000000000e+00 1.785080000000000000e-02 1.790639999999999940e-02
1.157344597000000030e+00 1.802960199999999874e-02 3.917479999999999769e-04 1.000000000000000000e+00 1.792569999999999927e-02 1.798169999999999977e-02
1.157730377999999893e+00 1.808642900000000109e-02 3.925339999999999927e-04 1.000000000000000000e+00 1.799260000000000095e-02 1.804889999999999967e-02
1.158116287999999994e+00 1.814100700000000066e-02 3.932569999999999924e-04 1.000000000000000000e+00 1.805369999999999892e-02 1.811050000000000160e-02
1.158502327000000109e+00 1.819611499999999882e-02 3.939419999999999901e-04 1.000000000000000000e+00 1.811180000000000082e-02 1.816890000000000172e-02
1.158888493999999936e+00 1.825404799999999841e-02 3.946169999999999929e-04 1.000000000000000000e+00 1.816939999999999875e-02 1.822690000000000074e-02
1.159274791000000082e+00 1.831643800000000086e-02 3.953030000000000064e-04 1.000000000000000000e+00 1.822870000000000046e-02 1.828650000000000067e-02
1.159661215999999939e+00 1.838413499999999937e-02 3.960190000000000043e-04 1.000000000000000000e+00 1.829139999999999933e-02 1.834939999999999835e-02
1.160047768999999951e+00 1.845712700000000026e-02 3.967749999999999814e-04 1.000000000000000000e+00 1.835830000000000101e-02 1.841649999999999884e-02
1.160434452000000061e+00 1.853451000000000057e-02 3.975750000000000009e-04 1.000000000000000000e+00 1.842960000000000084e-02 1.848810000000000037e-02
1.160821263000000103e+00 1.861447100000000049e-02 3.984149999999999996e-04 1.000000000000000000e+00 1.850469999999999893e-02 1.856350000000000014e-02
1.161208204000000022e+00 1.869441999999999979e-02 3.992819999999999898e-04 1.000000000000000000e+00 1.858220000000000011e-02 1.864129999999999954e-02
1.161595273000000095e+00 1.877118300000000031e-02 4.001529999999999887e-04 1.000000000000000000e+00 1.865990000000000010e-02 1.871940000000000062e-02
1.161982472000000044e+00 1.884138299999999974e-02 4.010010000000000050e-04 1.000000000000000000e+00 1.873529999999999987e-02 1.879509999999999861e-02
1.162369798999999926e+00 1.890189600000000136e-02 4.017949999999999842e-04 1.000000000000000000e+00 1.880539999999999989e-02 1.886559999999999973e-02
1.162757255999999906e+00 1.895036400000000079e-02 4.025030000000000188e-04 1.000000000000000000e+00 1.886739999999999945e-02 1.892790000000000097e-02
1.163144841000000040e+00 1.898569199999999846e-02 4.031010000000000018e-04 1.000000000000000000e+00 1.891920000000000060e-02 1.898000000000000034e-02
1.163532556000000051e+00 1.900839799999999927e-02 4.035749999999999841e-04 1.000000000000000000e+00 1.895929999999999838e-02 1.902030000000000040e-02
1.163920400999999938e+00 1.902068599999999846e-02 4.039250000000000197e-04 1.000000000000000000e+00 1.898789999999999853e-02 1.904909999999999937e-02
1.164308373999999979e+00 1.902618299999999860e-02 4.041679999999999969e-04 1.000000000000000000e+00 1.900630000000000028e-02 1.906779999999999933e-02
1.164696476999999897e+00 1.902930099999999847e-02 4.043319999999999770e-04 1.000000000000000000e+00 1.901749999999999968e-02 1.907910000000000161e-02
1.165084709000000052e+00 1.903439999999999993e-02 4.044590000000000251e-04 1.000000000000000000e+00 1.902500000000000024e-02 1.908670000000000158e-02
1.165473071000000083e+00 1.904490600000000033e-02 4.045869999999999805e-04 1.000000000000000000e+00 1.903250000000000081e-02 1.909430000000000155e-02
1.165861561999999907e+00 1.906267500000000115e-02 4.047519999999999764e-04 1.000000000000000000e+00 1.904339999999999852e-02 1.910529999999999867e-02
1.166250181999999969e+00 1.908774300000000076e-02 4.049750000000000181e-04 1.000000000000000000e+00 1.905969999999999887e-02 1.912169999999999842e-02
1.166638931999999906e+00 1.911854600000000015e-02 4.052619999999999834e-04 1.000000000000000000e+00 1.908199999999999827e-02 1.914420000000000011e-02
1.167027811999999942e+00 1.915247299999999972e-02 4.056029999999999857e-04 1.000000000000000000e+00 1.910950000000000149e-02 1.917189999999999866e-02
1.167416820999999993e+00 1.918658700000000147e-02 4.059800000000000127e-04 1.000000000000000000e+00 1.914050000000000126e-02 1.920310000000000072e-02
1.167805959999999921e+00 1.921826899999999963e-02 4.063669999999999804e-04 1.000000000000000000e+00 1.917249999999999857e-02 1.923530000000000031e-02
1.168195228999999946e+00 1.924562499999999884e-02 4.067399999999999987e-04 1.000000000000000000e+00 1.920320000000000013e-02 1.926610000000000128e-02
1.168584626999999987e+00 1.926758500000000027e-02 4.070810000000000010e-04 1.000000000000000000e+00 1.923069999999999988e-02 1.929379999999999984e-02
1.168974154999999904e+00 1.928374199999999955e-02 4.073769999999999995e-04 1.000000000000000000e+00 1.925359999999999919e-02 1.931700000000000084e-02
1.169363812999999919e+00 1.929405799999999935e-02 4.076230000000000239e-04 1.000000000000000000e+00 1.927130000000000162e-02 1.933489999999999862e-02
1.169753601000000032e+00 1.929854799999999870e-02 4.078129999999999798e-04 1.000000000000000000e+00 1.928349999999999856e-02 1.934730000000000130e-02
1.170143519000000021e+00 1.929712499999999831e-02 4.079479999999999912e-04 1.000000000000000000e+00 1.929000000000000159e-02 1.935399999999999968e-02
1.170533567000000108e+00 1.928960799999999975e-02 4.080250000000000109e-04 1.000000000000000000e+00 1.929080000000000031e-02 1.935500000000000068e-02
1.170923745000000071e+00 1.927598499999999895e-02 4.080399999999999761e-04 1.000000000000000000e+00 1.928590000000000165e-02 1.935020000000000143e-02
1.171314052999999911e+00 1.925678700000000090e-02 4.079919999999999792e-04 1.000000000000000000e+00 1.927529999999999868e-02 1.933980000000000074e-02
1.171704491000000070e+00 1.923347400000000040e-02 4.078859999999999908e-04 1.000000000000000000e+00 1.925960000000000172e-02 1.932410000000000030e-02
1.172095059000000106e+00 1.920860799999999854e-02 4.077309999999999897e-04 1.000000000000000000e+00 1.924009999999999956e-02 1.930460000000000162e-02
1.172485757000000017e+00 1.918564700000000012e-02 4.075500000000000130e-04 1.000000000000000000e+00 1.921869999999999828e-02 1.928320000000000034e-02
1.172876586000000110e+00 1.916832200000000153e-02 4.073729999999999908e-04 1.000000000000000000e+00 1.919840000000000088e-02 1.926280000000000006e-02
1.173267545000000078e+00 1.915970800000000099e-02 4.072340000000000248e-04 1.000000000000000000e+00 1.918229999999999935e-02 1.924649999999999972e-02
1.173658633999999923e+00 1.916126799999999866e-02 4.071619999999999753e-04 1.000000000000000000e+00 1.917280000000000026e-02 1.923700000000000063e-02
1.174049853000000088e+00 1.917223200000000086e-02 4.071750000000000174e-04 1.000000000000000000e+00 1.917150000000000104e-02 1.923559999999999853e-02
1.174441202999999989e+00 1.918961900000000151e-02 4.072740000000000041e-04 1.000000000000000000e+00 1.917800000000000060e-02 1.924210000000000156e-02
1.174832684000000071e+00 1.920894100000000021e-02 4.074390000000000000e-04 1.000000000000000000e+00 1.919030000000000041e-02 1.925440000000000138e-02
1.175224295000000030e+00 1.922545900000000030e-02 4.076369999999999733e-04 1.000000000000000000e+00 1.920499999999999985e-02 1.926920000000000022e-02
1.175616036000000086e+00 1.923554599999999920e-02 4.078290000000000149e-04 1.000000000000000000e+00 1.921840000000000007e-02 1.928269999999999984e-02
1.176007908000000102e+00 1.923768500000000090e-02 4.079849999999999774e-04 1.000000000000000000e+00 1.922739999999999866e-02 1.929190000000000071e-02
1.176399911000000076e+00 1.923274100000000111e-02 4.080859999999999956e-04 1.000000000000000000e+00 1.923040000000000166e-02 1.929509999999999906e-02
1.176792043999999926e+00 1.922339699999999971e-02 4.081329999999999767e-04 1.000000000000000000e+00 1.922770000000000035e-02 1.929260000000000003e-02
1.177184307999999957e+00 1.921298100000000050e-02 4.081420000000000100e-04 1.000000000000000000e+00 1.922099999999999850e-02 1.928610000000000047e-02
1.177576702999999947e+00 1.920412900000000034e-02 4.081360000000000239e-04 1.000000000000000000e+00 1.921269999999999922e-02 1.927800000000000000e-02
1.177969228000000035e+00 1.919778100000000057e-02 4.081339999999999925e-04 1.000000000000000000e+00 1.920490000000000044e-02 1.927049999999999944e-02
1.178361884999999942e+00 1.919288099999999844e-02 4.081430000000000257e-04 1.000000000000000000e+00 1.919850000000000029e-02 1.926430000000000156e-02
1.178754671999999948e+00 1.918685100000000129e-02 4.081579999999999909e-04 1.000000000000000000e+00 1.919300000000000173e-02 1.925899999999999834e-02
1.179147589999999912e+00 1.917668499999999887e-02 4.081569999999999751e-04 1.000000000000000000e+00 1.918649999999999869e-02 1.925260000000000166e-02
1.179540639999999918e+00 1.916022900000000084e-02 4.081189999999999731e-04 1.000000000000000000e+00 1.917680000000000079e-02 1.924290000000000028e-02
1.179933820000000022e+00 1.913721300000000014e-02 4.080269999999999882e-04 1.000000000000000000e+00 1.916189999999999907e-02 1.922820000000000085e-02
1.180327131000000085e+00 1.910966399999999843e-02 4.078770000000000117e-04 1.000000000000000000e+00 1.914160000000000167e-02 1.920789999999999997e-02
1.180720573000000106e+00 1.908150999999999944e-02 4.076850000000000244e-04 1.000000000000000000e+00 1.911710000000000145e-02 1.918359999999999857e-02
1.181114146999999948e+00 1.905752800000000066e-02 4.074850000000000195e-04 1.000000000000000000e+00 1.909150000000000083e-02 1.915810000000000082e-02
1.181507851999999970e+00 1.904198299999999844e-02 4.073169999999999764e-04 1.000000000000000000e+00 1.906860000000000152e-02 1.913530000000000092e-02
1.181901687999999950e+00 1.903746900000000131e-02 4.072200000000000212e-04 1.000000000000000000e+00 1.905209999999999890e-02 1.911900000000000058e-02
1.182295654999999890e+00 1.904435299999999998e-02 4.072190000000000054e-04 1.000000000000000000e+00 1.904470000000000121e-02 1.911180000000000170e-02
1.182689753000000010e+00 1.906095899999999885e-02 4.073220000000000009e-04 1.000000000000000000e+00 1.904720000000000024e-02 1.911469999999999836e-02
1.183083982999999950e+00 1.908428399999999997e-02 4.075190000000000127e-04 1.000000000000000000e+00 1.905899999999999955e-02 1.912669999999999995e-02
1.183478344999999932e+00 1.911087100000000150e-02 4.077870000000000041e-04 1.000000000000000000e+00 1.907789999999999833e-02 1.914580000000000101e-02
1.183872837000000011e+00 1.913742599999999905e-02 4.080949999999999747e-04 1.000000000000000000e+00 1.910109999999999933e-02 1.916930000000000023e-02
1.184267461999999993e+00 1.916106100000000007e-02 4.084119999999999786e-04 1.000000000000000000e+00 1.912559999999999955e-02 1.919399999999999926e-02
1.184662217999999934e+00 1.917929900000000035e-02 4.087079999999999771e-04 1.000000000000000000e+00 1.914870000000000114e-02 1.921720000000000025e-02
1.185057105000000055e+00 1.919014900000000010e-02 4.089580000000000103e-04 1.000000000000000000e+00 1.916750000000000051e-02 1.923619999999999844e-02
1.185452123999999996e+00 1.919243099999999938e-02 4.091410000000000186e-04 1.000000000000000000e+00 1.918020000000000141e-02 1.924889999999999934e-02
1.185847274999999978e+00 1.918632899999999850e-02 4.092449999999999755e-04 1.000000000000000000e+00 1.918539999999999829e-02 1.925419999999999909e-02
1.186242556999999920e+00 1.917383599999999966e-02 4.092699999999999897e-04 1.000000000000000000e+00 1.918310000000000154e-02 1.925189999999999887e-02
1.186637970999999903e+00 1.915875800000000143e-02 4.092319999999999877e-04 1.000000000000000000e+00 1.917469999999999938e-02 1.924359999999999959e-02
1.187033516999999927e+00 1.914605600000000157e-02 4.091640000000000012e-04 1.000000000000000000e+00 1.916340000000000057e-02 1.923220000000000138e-02
1.187429194999999993e+00 1.914065800000000137e-02 4.091070000000000253e-04 1.000000000000000000e+00 1.915319999999999870e-02 1.922199999999999950e-02
1.187825005000000100e+00 1.914612799999999837e-02 4.091060000000000096e-04 1.000000000000000000e+00 1.914810000000000123e-02 1.921700000000000144e-02
1.188220947000000027e+00 1.916370800000000152e-02 4.091950000000000014e-04 1.000000000000000000e+00 1.915149999999999839e-02 1.922050000000000147e-02
1.188617019999999913e+00 1.919206000000000037e-02 4.093909999999999975e-04 1.000000000000000000e+00 1.916489999999999860e-02 1.923400000000000110e-02
1.189013225999999923e+00 1.922777900000000040e-02 4.096910000000000048e-04 1.000000000000000000e+00 1.918769999999999851e-02 1.925690000000000041e-02
1.189409563999999975e+00 1.926641800000000043e-02 4.100689999999999934e-04 1.000000000000000000e+00 1.921760000000000135e-02 1.928710000000000147e-02
1.189806032999999985e+00 1.930360799999999988e-02 4.104930000000000015e-04 1.000000000000000000e+00 1.925129999999999897e-02 1.932110000000000077e-02
1.190202634999999898e+00 1.933594300000000127e-02 4.109229999999999957e-04 1.000000000000000000e+00 1.928509999999999946e-02 1.935529999999999889e-02
1.190599369999999935e+00 1.936139200000000157e-02 4.113279999999999758e-04 1.000000000000000000e+00 1.931599999999999984e-02 1.938660000000000036e-02
1.190996235999999930e+00 1.937930699999999840e-02 4.116839999999999974e-04 1.000000000000000000e+00 1.934169999999999986e-02 1.941270000000000148e-02
1.191393235000000050e+00 1.939014600000000046e-02 4.119810000000000117e-04 1.000000000000000000e+00 1.936130000000000143e-02 1.943270000000000067e-02
1.191790365999999990e+00 1.939510100000000140e-02 4.122160000000000255e-04 1.000000000000000000e+00 1.937449999999999936e-02 1.944639999999999910e-02
1.192187628999999971e+00 1.939572800000000097e-02 4.123950000000000250e-04 1.000000000000000000e+00 1.938230000000000161e-02 1.945449999999999957e-02
1.192585025000000076e+00 1.939364999999999839e-02 4.125290000000000207e-04 1.000000000000000000e+00 1.938569999999999877e-02 1.945840000000000070e-02
1.192982554000000084e+00 1.939030699999999899e-02 4.126290000000000231e-04 1.000000000000000000e+00 1.938609999999999986e-02 1.945919999999999941e-02
1.193380214000000050e+00 1.938676500000000025e-02 4.127080000000000201e-04 1.000000000000000000e+00 1.938490000000000005e-02 1.945830000000000129e-02
1.193778008000000002e+00 1.938358100000000042e-02 4.127730000000000136e-04 1.000000000000000000e+00 1.938300000000000092e-02 1.945670000000000038e-02
1.194175933999999994e+00 1.938076099999999982e-02 4.128320000000000210e-04 1.000000000000000000e+00 1.938099999999999892e-02 1.945500000000000007e-02
1.194573992999999890e+00 1.937779800000000163e-02 4.128840000000000266e-04 1.000000000000000000e+00 1.937900000000000039e-02 1.945320000000000035e-02
1.194972184000000048e+00 1.937381000000000172e-02 4.129269999999999989e-04 1.000000000000000000e+00 1.937660000000000077e-02 1.945099999999999954e-02
1.195370508000000109e+00 1.936776600000000154e-02 4.129550000000000061e-04 1.000000000000000000e+00 1.937329999999999955e-02 1.944780000000000120e-02
1.195768965000000073e+00 1.935876099999999864e-02 4.129599999999999764e-04 1.000000000000000000e+00 1.936799999999999980e-02 1.944260000000000085e-02
1.196167554000000077e+00 1.934632799999999944e-02 4.129350000000000164e-04 1.000000000000000000e+00 1.935999999999999874e-02 1.943469999999999920e-02
1.196566277000000067e+00 1.933066500000000035e-02 4.128779999999999863e-04 1.000000000000000000e+00 1.934900000000000161e-02 1.942369999999999861e-02
1.196965132000000098e+00 1.931272699999999828e-02 4.127889999999999945e-04 1.000000000000000000e+00 1.933489999999999862e-02 1.940969999999999848e-02
1.197364120999999892e+00 1.929410999999999973e-02 4.126779999999999815e-04 1.000000000000000000e+00 1.931859999999999827e-02 1.939350000000000102e-02
1.197763241999999950e+00 1.927667599999999953e-02 4.125569999999999737e-04 1.000000000000000000e+00 1.930120000000000099e-02 1.937619999999999967e-02
1.198162496999999993e+00 1.926204499999999847e-02 4.124430000000000218e-04 1.000000000000000000e+00 1.928449999999999956e-02 1.935960000000000111e-02
1.198561884000000077e+00 1.925108099999999975e-02 4.123519999999999985e-04 1.000000000000000000e+00 1.926960000000000131e-02 1.934479999999999880e-02
1.198961404999999925e+00 1.924353999999999995e-02 4.122910000000000138e-04 1.000000000000000000e+00 1.925759999999999972e-02 1.933290000000000008e-02
1.199361058000000035e+00 1.923801699999999962e-02 4.122609999999999751e-04 1.000000000000000000e+00 1.924829999999999944e-02 1.932379999999999862e-02
1.199760844999999909e+00 1.923220499999999875e-02 4.122519999999999961e-04 1.000000000000000000e+00 1.924079999999999888e-02 1.931640000000000093e-02
1.200160765999999990e+00 1.922340900000000033e-02 4.122439999999999785e-04 1.000000000000000000e+00 1.923329999999999831e-02 1.930919999999999859e-02
1.200560818999999890e+00 1.920919800000000024e-02 4.122160000000000255e-04 1.000000000000000000e+00 1.922379999999999922e-02 1.929979999999999890e-02
1.200961005999999998e+00 1.918804699999999974e-02 4.121430000000000145e-04 1.000000000000000000e+00 1.921010000000000079e-02 1.928629999999999928e-02
1.201361327000000090e+00 1.915989099999999834e-02 4.120120000000000119e-04 1.000000000000000000e+00 1.919070000000000151e-02 1.926709999999999881e-02
1.201761780000000002e+00 1.912642300000000004e-02 4.118169999999999773e-04 1.000000000000000000e+00 1.916549999999999851e-02 1.924199999999999869e-02
1.202162367999999981e+00 1.909105700000000155e-02 4.115710000000000071e-04 1.000000000000000000e+00 1.913540000000000033e-02 1.921199999999999991e-02
1.202563088000000002e+00 1.905843899999999994e-02 4.113039999999999773e-04 1.000000000000000000e+00 1.910310000000000133e-02 1.917989999999999973e-02
1.202963943000000091e+00 1.903352300000000011e-02 4.110539999999999984e-04 1.000000000000000000e+00 1.907249999999999918e-02 1.914940000000000045e-02
1.203364931000000082e+00 1.902039700000000139e-02 4.108679999999999971e-04 1.000000000000000000e+00 1.904749999999999846e-02 1.912459999999999855e-02
1.203766051999999975e+00 1.902119199999999927e-02 4.107839999999999755e-04 1.000000000000000000e+00 1.903200000000000031e-02 1.910929999999999920e-02
1.204167307999999936e+00 1.903543799999999828e-02 4.108270000000000021e-04 1.000000000000000000e+00 1.902830000000000146e-02 1.910579999999999917e-02
1.204568697000000022e+00 1.906017000000000128e-02 4.109960000000000067e-04 1.000000000000000000e+00 1.903650000000000134e-02 1.911440000000000014e-02
1.204970220000000092e+00 1.909074499999999924e-02 4.112709999999999999e-04 1.000000000000000000e+00 1.905489999999999962e-02 1.913310000000000011e-02
1.205371876000000064e+00 1.912212400000000076e-02 4.116139999999999795e-04 1.000000000000000000e+00 1.907999999999999974e-02 1.915860000000000132e-02
1.205773667000000104e+00 1.915015299999999962e-02 4.119799999999999959e-04 1.000000000000000000e+00 1.910780000000000117e-02 1.918670000000000098e-02
1.206175591999999908e+00 1.917243600000000103e-02 4.123309999999999931e-04 1.000000000000000000e+00 1.913449999999999873e-02 1.921370000000000022e-02
1.206577650000000057e+00 1.918857699999999833e-02 4.126390000000000179e-04 1.000000000000000000e+00 1.915760000000000032e-02 1.923700000000000063e-02
1.206979843000000052e+00 1.919979499999999867e-02 4.128949999999999830e-04 1.000000000000000000e+00 1.917589999999999920e-02 1.925549999999999831e-02
1.207382168999999950e+00 1.920818200000000073e-02 4.131049999999999826e-04 1.000000000000000000e+00 1.918979999999999991e-02 1.926960000000000131e-02
1.207784629999999915e+00 1.921588100000000063e-02 4.132830000000000206e-04 1.000000000000000000e+00 1.920049999999999882e-02 1.928059999999999843e-02
1.208187225000000087e+00 1.922446200000000119e-02 4.134489999999999780e-04 1.000000000000000000e+00 1.920969999999999969e-02 1.929000000000000159e-02
1.208589954000000022e+00 1.923463799999999835e-02 4.136170000000000211e-04 1.000000000000000000e+00 1.921880000000000116e-02 1.929940000000000128e-02
1.208992816999999942e+00 1.924632700000000057e-02 4.137950000000000048e-04 1.000000000000000000e+00 1.922870000000000135e-02 1.930959999999999968e-02
1.209395814999999930e+00 1.925894100000000164e-02 4.139859999999999764e-04 1.000000000000000000e+00 1.923980000000000135e-02 1.932100000000000137e-02
1.209798946999999902e+00 1.927176699999999868e-02 4.141850000000000197e-04 1.000000000000000000e+00 1.925179999999999947e-02 1.933319999999999830e-02
1.210202213000000082e+00 1.928426299999999941e-02 4.143870000000000019e-04 1.000000000000000000e+00 1.926430000000000156e-02 1.934599999999999861e-02
1.210605614000000108e+00 1.929617700000000116e-02 4.145870000000000067e-04 1.000000000000000000e+00 1.927680000000000018e-02 1.935869999999999952e-02
1.211009148999999896e+00 1.930747000000000019e-02 4.147830000000000028e-04 1.000000000000000000e+00 1.928879999999999831e-02 1.937099999999999933e-02
1.211412818999999974e+00 1.931814899999999974e-02 4.149730000000000129e-04 1.000000000000000000e+00 1.930019999999999999e-02 1.938259999999999983e-02
1.211816623000000037e+00 1.932810999999999904e-02 4.151579999999999984e-04 1.000000000000000000e+00 1.931079999999999949e-02 1.939350000000000102e-02
1.212220561999999946e+00 1.933710699999999921e-02 4.153389999999999751e-04 1.000000000000000000e+00 1.932050000000000087e-02 1.940350000000000061e-02
1.212624635999999922e+00 1.934487199999999907e-02 4.155140000000000200e-04 1.000000000000000000e+00 1.932920000000000124e-02 1.941259999999999861e-02
1.213028844000000106e+00 1.935128599999999879e-02 4.156820000000000090e-04 1.000000000000000000e+00 1.933680000000000121e-02 1.942059999999999967e-02
1.213433186999999913e+00 1.935649700000000029e-02 4.158400000000000030e-04 1.000000000000000000e+00 1.934340000000000018e-02 1.942750000000000032e-02
1.213837663999999927e+00 1.936088500000000129e-02 4.159890000000000180e-04 1.000000000000000000e+00 1.934910000000000102e-02 1.943359999999999879e-02
1.214242277000000092e+00 1.936486800000000036e-02 4.161289999999999998e-04 1.000000000000000000e+00 1.935419999999999849e-02 1.943910000000000082e-02
1.214647024000000020e+00 1.936863399999999916e-02 4.162610000000000181e-04 1.000000000000000000e+00 1.935900000000000121e-02 1.944419999999999829e-02
1.215051907000000098e+00 1.937195400000000026e-02 4.163859999999999805e-04 1.000000000000000000e+00 1.936349999999999877e-02 1.944900000000000101e-02
1.215456923999999939e+00 1.937417099999999906e-02 4.164999999999999866e-04 1.000000000000000000e+00 1.936739999999999989e-02 1.945310000000000095e-02
1.215862076000000069e+00 1.937441000000000163e-02 4.165999999999999890e-04 1.000000000000000000e+00 1.936999999999999833e-02 1.945600000000000107e-02
1.216267363999999906e+00 1.937191099999999860e-02 4.166800000000000018e-04 1.000000000000000000e+00 1.937070000000000111e-02 1.945689999999999920e-02
1.216672785999999951e+00 1.936639000000000069e-02 4.167350000000000004e-04 1.000000000000000000e+00 1.936900000000000080e-02 1.945540000000000116e-02
1.217078343999999923e+00 1.935824400000000015e-02 4.167630000000000076e-04 1.000000000000000000e+00 1.936449999999999977e-02 1.945109999999999895e-02
1.217484036999999963e+00 1.934853400000000057e-02 4.167670000000000164e-04 1.000000000000000000e+00 1.935759999999999911e-02 1.944449999999999998e-02
1.217889865000000071e+00 1.933872799999999947e-02 4.167549999999999900e-04 1.000000000000000000e+00 1.934929999999999983e-02 1.943639999999999951e-02
1.218295828000000025e+00 1.933029699999999976e-02 4.167390000000000092e-04 1.000000000000000000e+00 1.934069999999999886e-02 1.942810000000000023e-02
1.218701926000000046e+00 1.932430400000000048e-02 4.167279999999999986e-04 1.000000000000000000e+00 1.933309999999999890e-02 1.942059999999999967e-02
1.219108159999999996e+00 1.932114399999999843e-02 4.167330000000000231e-04 1.000000000000000000e+00 1.932729999999999865e-02 1.941510000000000111e-02
1.219514530000000097e+00 1.932050999999999907e-02 4.167579999999999831e-04 1.000000000000000000e+00 1.932390000000000149e-02 1.941179999999999989e-02
1.219921035000000042e+00 1.932161199999999843e-02 4.168010000000000096e-04 1.000000000000000000e+00 1.932259999999999880e-02 1.941060000000000008e-02
1.220327675000000056e+00 1.932352899999999901e-02 4.168590000000000012e-04 1.000000000000000000e+00 1.932299999999999990e-02 1.941100000000000117e-02
1.220734450999999998e+00 1.932556699999999836e-02 4.169260000000000262e-04 1.000000000000000000e+00 1.932410000000000030e-02 1.941220000000000098e-02
1.221141362000000008e+00 1.932748499999999842e-02 4.169980000000000214e-04 1.000000000000000000e+00 1.932549999999999893e-02 1.941369999999999901e-02
1.221548410000000029e+00 1.932950699999999924e-02 4.170740000000000254e-04 1.000000000000000000e+00 1.932680000000000162e-02 1.941520000000000051e-02
1.221955592000000035e+00 1.933215599999999965e-02 4.171569999999999770e-04 1.000000000000000000e+00 1.932810000000000084e-02 1.941680000000000142e-02
1.222362911000000052e+00 1.933598900000000134e-02 4.172520000000000092e-04 1.000000000000000000e+00 1.932999999999999996e-02 1.941889999999999936e-02
1.222770364999999915e+00 1.934133999999999853e-02 4.173639999999999837e-04 1.000000000000000000e+00 1.933280000000000068e-02 1.942199999999999829e-02
1.223177954999999928e+00 1.934817800000000060e-02 4.174949999999999863e-04 1.000000000000000000e+00 1.933700000000000002e-02 1.942649999999999932e-02
1.223585681000000092e+00 1.935611300000000118e-02 4.176440000000000013e-04 1.000000000000000000e+00 1.934260000000000146e-02 1.943260000000000126e-02
1.223993542999999962e+00 1.936452699999999943e-02 4.178070000000000199e-04 1.000000000000000000e+00 1.934949999999999865e-02 1.943989999999999954e-02
1.224401540999999982e+00 1.937277600000000127e-02 4.179780000000000019e-04 1.000000000000000000e+00 1.935720000000000149e-02 1.944800000000000001e-02
1.224809674999999931e+00 1.938037499999999830e-02 4.181489999999999838e-04 1.000000000000000000e+00 1.936529999999999849e-02 1.945639999999999870e-02
1.225217945000000030e+00 1.938711099999999854e-02 4.183139999999999797e-04 1.000000000000000000e+00 1.937310000000000074e-02 1.946459999999999857e-02
1.225626351000000058e+00 1.939304700000000006e-02 4.184710000000000122e-04 1.000000000000000000e+00 1.938029999999999961e-02 1.947219999999999854e-02
1.226034893000000014e+00 1.939842899999999828e-02 4.186179999999999958e-04 1.000000000000000000e+00 1.938700000000000145e-02 1.947909999999999919e-02
1.226443570999999899e+00 1.940355200000000099e-02 4.187570000000000159e-04 1.000000000000000000e+00 1.939300000000000052e-02 1.948539999999999994e-02
1.226852386000000017e+00 1.940862399999999932e-02 4.188910000000000116e-04 1.000000000000000000e+00 1.939859999999999848e-02 1.949129999999999960e-02
1.227261335999999980e+00 1.941369800000000007e-02 4.190220000000000142e-04 1.000000000000000000e+00 1.940400000000000111e-02 1.949700000000000044e-02
1.227670424000000038e+00 1.941867800000000172e-02 4.191509999999999854e-04 1.000000000000000000e+00 1.940920000000000145e-02 1.950249999999999900e-02
1.228079646999999941e+00 1.942338299999999893e-02 4.192779999999999793e-04 1.000000000000000000e+00 1.941429999999999892e-02 1.950779999999999875e-02
1.228489007000000077e+00 1.942762699999999940e-02 4.194019999999999801e-04 1.000000000000000000e+00 1.941910000000000164e-02 1.951280000000000028e-02
1.228898502999999920e+00 1.943127700000000027e-02 4.195220000000000264e-04 1.000000000000000000e+00 1.942349999999999979e-02 1.951750000000000013e-02
1.229308135999999996e+00 1.943427099999999949e-02 4.196350000000000167e-04 1.000000000000000000e+00 1.942750000000000032e-02 1.952169999999999947e-02
1.229717905000000000e+00 1.943659299999999854e-02 4.197399999999999894e-04 1.000000000000000000e+00 1.943090000000000095e-02 1.952539999999999831e-02
1.230127811000000015e+00 1.943825100000000014e-02 4.198380000000000146e-04 1.000000000000000000e+00 1.943370000000000167e-02 1.952840000000000131e-02
1.230537854000000042e+00 1.943925499999999904e-02 4.199270000000000064e-04 1.000000000000000000e+00 1.943579999999999960e-02 1.953070000000000153e-02
1.230948032999999997e+00 1.943963300000000130e-02 4.200079999999999807e-04 1.000000000000000000e+00 1.943730000000000110e-02 1.953229999999999897e-02
1.231358348999999963e+00 1.943944499999999964e-02 4.200830000000000232e-04 1.000000000000000000e+00 1.943800000000000042e-02 1.953320000000000056e-02
1.231768801999999940e+00 1.943880099999999861e-02 4.201520000000000254e-04 1.000000000000000000e+00 1.943800000000000042e-02 1.953339999999999937e-02
1.232179391999999929e+00 1.943785300000000146e-02 4.202170000000000189e-04 1.000000000000000000e+00 1.943749999999999992e-02 1.953310000000000116e-02
1.232590118000000068e+00 1.943675699999999895e-02 4.202799999999999809e-04 1.000000000000000000e+00 1.943649999999999892e-02 1.953239999999999837e-02
1.233000982000000079e+00 1.943563699999999866e-02 4.203419999999999813e-04 1.000000000000000000e+00 1.943539999999999851e-02 1.953150000000000025e-02
1.233411982000000018e+00 1.943454500000000099e-02 4.204060000000000132e-04 1.000000000000000000e+00 1.943409999999999929e-02 1.953049999999999925e-02
1.233823118999999968e+00 1.943345100000000089e-02 4.204710000000000066e-04 1.000000000000000000e+00 1.943289999999999948e-02 1.952950000000000172e-02
1.234234394000000012e+00 1.943226799999999907e-02 4.205360000000000001e-04 1.000000000000000000e+00 1.943160000000000026e-02 1.952860000000000013e-02
1.234645804999999985e+00 1.943088000000000107e-02 4.206020000000000093e-04 1.000000000000000000e+00 1.943030000000000104e-02 1.952759999999999913e-02
1.235057354000000052e+00 1.942918899999999949e-02 4.206670000000000027e-04 1.000000000000000000e+00 1.942889999999999895e-02 1.952639999999999931e-02
1.235469039000000047e+00 1.942713199999999973e-02 4.207290000000000032e-04 1.000000000000000000e+00 1.942719999999999864e-02 1.952500000000000069e-02
1.235880861999999913e+00 1.942469700000000118e-02 4.207890000000000263e-04 1.000000000000000000e+00 1.942510000000000070e-02 1.952330000000000038e-02
1.236292823000000096e+00 1.942191000000000056e-02 4.208460000000000022e-04 1.000000000000000000e+00 1.942280000000000048e-02 1.952119999999999897e-02
1.236704919999999985e+00 1.941882400000000120e-02 4.208999999999999851e-04 1.000000000000000000e+00 1.941999999999999976e-02 1.951879999999999935e-02
1.237117154999999968e+00 1.941550699999999852e-02 4.209519999999999907e-04 1.000000000000000000e+00 1.941700000000000023e-02 1.951610000000000150e-02
1.237529528000000045e+00 1.941203600000000057e-02 4.210020000000000190e-04 1.000000000000000000e+00 1.941379999999999842e-02 1.951320000000000138e-02
1.237942037999999911e+00 1.940849199999999941e-02 4.210500000000000158e-04 1.000000000000000000e+00 1.941050000000000067e-02 1.951030000000000125e-02
1.238354685000000011e+00 1.940495600000000098e-02 4.210969999999999969e-04 1.000000000000000000e+00 1.940719999999999945e-02 1.950730000000000172e-02
1.238767469999999982e+00 1.940150100000000155e-02 4.211409999999999850e-04 1.000000000000000000e+00 1.940410000000000051e-02 1.950440000000000160e-02
1.239180391999999964e+00 1.939817599999999961e-02 4.211829999999999958e-04 1.000000000000000000e+00 1.940100000000000158e-02 1.950160000000000088e-02
1.239593452000000040e+00 1.939499600000000115e-02 4.212239999999999908e-04 1.000000000000000000e+00 1.939810000000000145e-02 1.949889999999999957e-02
1.240006649999999988e+00 1.939192299999999841e-02 4.212619999999999928e-04 1.000000000000000000e+00 1.939520000000000133e-02 1.949620000000000172e-02
1.240419986000000030e+00 1.938886700000000060e-02 4.212989999999999791e-04 1.000000000000000000e+00 1.939230000000000120e-02 1.949359999999999982e-02
1.240833459000000083e+00 1.938569700000000035e-02 4.213360000000000195e-04 1.000000000000000000e+00 1.938930000000000167e-02 1.949069999999999969e-02
1.241247070000000008e+00 1.938225600000000048e-02 4.213709999999999743e-04 1.000000000000000000e+00 1.938600000000000045e-02 1.948760000000000076e-02
1.241660819000000027e+00 1.937839599999999912e-02 4.214059999999999833e-04 1.000000000000000000e+00 1.938230000000000161e-02 1.948410000000000072e-02
1.242074705999999917e+00 1.937400499999999970e-02 4.214390000000000150e-04 1.000000000000000000e+00 1.937809999999999880e-02 1.948019999999999960e-02
1.242488730999999902e+00 1.936902999999999889e-02 4.214709999999999767e-04 1.000000000000000000e+00 1.937329999999999955e-02 1.947580000000000144e-02
1.242902893999999980e+00 1.936348900000000109e-02 4.215010000000000154e-04 1.000000000000000000e+00 1.936809999999999921e-02 1.947089999999999932e-02
1.243317194999999931e+00 1.935746199999999889e-02 4.215290000000000226e-04 1.000000000000000000e+00 1.936250000000000124e-02 1.946559999999999957e-02
1.243731633999999975e+00 1.935107499999999883e-02 4.215539999999999825e-04 1.000000000000000000e+00 1.935649999999999871e-02 1.946000000000000160e-02
1.244146210999999891e+00 1.934446500000000166e-02 4.215749999999999879e-04 1.000000000000000000e+00 1.935040000000000024e-02 1.945409999999999848e-02
1.244560926999999984e+00 1.933774699999999888e-02 4.215940000000000160e-04 1.000000000000000000e+00 1.934419999999999890e-02 1.944819999999999882e-02
1.244975780000000087e+00 1.933097500000000024e-02 4.216080000000000196e-04 1.000000000000000000e+00 1.933800000000000102e-02 1.944229999999999917e-02
1.245390771999999924e+00 1.932412899999999892e-02 4.216180000000000145e-04 1.000000000000000000e+00 1.933170000000000027e-02 1.943630000000000010e-02
1.245805902999999937e+00 1.931710000000000024e-02 4.216229999999999848e-04 1.000000000000000000e+00 1.932539999999999952e-02 1.943020000000000164e-02
1.246221170999999961e+00 1.930971500000000160e-02 4.216229999999999848e-04 1.000000000000000000e+00 1.931870000000000115e-02 1.942369999999999861e-02
1.246636577999999940e+00 1.930175799999999872e-02 4.216180000000000145e-04 1.000000000000000000e+00 1.931160000000000168e-02 1.941680000000000142e-02
1.247052124000000095e+00 1.929300999999999933e-02 4.216059999999999881e-04 1.000000000000000000e+00 1.930370000000000003e-02 1.940909999999999858e-02
1.247467807999999900e+00 1.928328199999999881e-02 4.215879999999999758e-04 1.000000000000000000e+00 1.929499999999999965e-02 1.940060000000000048e-02
1.247883630000000021e+00 1.927245600000000031e-02 4.215630000000000158e-04 1.000000000000000000e+00 1.928509999999999946e-02 1.939099999999999852e-02
1.248299591999999958e+00 1.926049399999999953e-02 4.215309999999999999e-04 1.000000000000000000e+00 1.927419999999999828e-02 1.938039999999999902e-02
1.248715690999999905e+00 1.924745500000000012e-02 4.214910000000000206e-04 1.000000000000000000e+00 1.926220000000000016e-02 1.936869999999999911e-02
1.249131929999999890e+00 1.923348399999999861e-02 4.214439999999999853e-04 1.000000000000000000e+00 1.924930000000000044e-02 1.935620000000000049e-02
1.249548306999999969e+00 1.921879500000000032e-02 4.213880000000000251e-04 1.000000000000000000e+00 1.923570000000000141e-02 1.934289999999999968e-02
1.249964823000000003e+00 1.920363500000000015e-02 4.213250000000000090e-04 1.000000000000000000e+00 1.922159999999999841e-02 1.932909999999999837e-02
1.250381477999999991e+00 1.918824800000000150e-02 4.212549999999999910e-04 1.000000000000000000e+00 1.920720000000000066e-02 1.931499999999999884e-02
1.250798271999999933e+00 1.917282199999999909e-02 4.211770000000000097e-04 1.000000000000000000e+00 1.919270000000000004e-02 1.930070000000000049e-02
1.251215205000000052e+00 1.915745799999999874e-02 4.210929999999999881e-04 1.000000000000000000e+00 1.917819999999999941e-02 1.928629999999999928e-02
1.251632276999999904e+00 1.914213999999999846e-02 4.210029999999999805e-04 1.000000000000000000e+00 1.916359999999999938e-02 1.927179999999999865e-02
1.252049487000000072e+00 1.912673900000000024e-02 4.209080000000000026e-04 1.000000000000000000e+00 1.914889999999999995e-02 1.925719999999999862e-02
1.252466837000000055e+00 1.911103200000000002e-02 4.208080000000000002e-04 1.000000000000000000e+00 1.913389999999999883e-02 1.924230000000000038e-02
1.252884325999999993e+00 1.909475799999999987e-02 4.207020000000000117e-04 1.000000000000000000e+00 1.911850000000000008e-02 1.922690000000000163e-02
1.253301954000000107e+00 1.907766300000000165e-02 4.205890000000000214e-04 1.000000000000000000e+00 1.910239999999999855e-02 1.921080000000000010e-02
1.253719722000000036e+00 1.905953300000000003e-02 4.204689999999999751e-04 1.000000000000000000e+00 1.908539999999999889e-02 1.919389999999999985e-02
1.254137628000000060e+00 1.904020400000000154e-02 4.203389999999999883e-04 1.000000000000000000e+00 1.906750000000000111e-02 1.917610000000000148e-02
1.254555673999999899e+00 1.901954100000000092e-02 4.201979999999999908e-04 1.000000000000000000e+00 1.904849999999999946e-02 1.915719999999999923e-02
1.254973858999999914e+00 1.899736200000000028e-02 4.200429999999999897e-04 1.000000000000000000e+00 1.902840000000000087e-02 1.913710000000000064e-02
1.255392183999999967e+00 1.897336800000000087e-02 4.198720000000000078e-04 1.000000000000000000e+00 1.900699999999999959e-02 1.911569999999999936e-02
1.255810647999999974e+00 1.894706399999999957e-02 4.196790000000000047e-04 1.000000000000000000e+00 1.898400000000000087e-02 1.909270000000000064e-02
1.256229252000000018e+00 1.891774200000000128e-02 4.194579999999999945e-04 1.000000000000000000e+00 1.895890000000000075e-02 1.906760000000000052e-02
1.256647995000000018e+00 1.888446699999999853e-02 4.192029999999999910e-04 1.000000000000000000e+00 1.893099999999999991e-02 1.903950000000000087e-02
1.257066876999999971e+00 1.884618100000000004e-02 4.189050000000000152e-04 1.000000000000000000e+00 1.889920000000000141e-02 1.900759999999999950e-02
1.257485900000000045e+00 1.880181699999999845e-02 4.185530000000000023e-04 1.000000000000000000e+00 1.886269999999999961e-02 1.897089999999999888e-02
1.257905062000000074e+00 1.875048799999999918e-02 4.181400000000000047e-04 1.000000000000000000e+00 1.882050000000000042e-02 1.892850000000000088e-02
1.258324363000000057e+00 1.869162900000000127e-02 4.176569999999999892e-04 1.000000000000000000e+00 1.877149999999999999e-02 1.887930000000000164e-02
1.258743804999999938e+00 1.862515400000000140e-02 4.170980000000000239e-04 1.000000000000000000e+00 1.871540000000000009e-02 1.882299999999999945e-02
1.259163385999999996e+00 1.855149500000000118e-02 4.164619999999999845e-04 1.000000000000000000e+00 1.865210000000000132e-02 1.875939999999999899e-02
1.259583107000000091e+00 1.847159799999999880e-02 4.157510000000000112e-04 1.000000000000000000e+00 1.858179999999999901e-02 1.868890000000000134e-02
1.260002968000000001e+00 1.838679099999999955e-02 4.149730000000000129e-04 1.000000000000000000e+00 1.850529999999999883e-02 1.861219999999999888e-02
1.260422968999999949e+00 1.829867699999999930e-02 4.141360000000000072e-04 1.000000000000000000e+00 1.842390000000000000e-02 1.853049999999999836e-02
1.260843109999999934e+00 1.820901100000000064e-02 4.132559999999999749e-04 1.000000000000000000e+00 1.833879999999999885e-02 1.844509999999999900e-02
1.261263390999999956e+00 1.811961700000000106e-02 4.123479999999999897e-04 1.000000000000000000e+00 1.825159999999999977e-02 1.835760000000000169e-02
1.261683812000000016e+00 1.803239200000000125e-02 4.114300000000000097e-04 1.000000000000000000e+00 1.816399999999999959e-02 1.826960000000000042e-02
1.262104373999999973e+00 1.794928399999999938e-02 4.105220000000000245e-04 1.000000000000000000e+00 1.807759999999999923e-02 1.818289999999999837e-02
1.262525075000000108e+00 1.787218700000000118e-02 4.096470000000000168e-04 1.000000000000000000e+00 1.799440000000000067e-02 1.809929999999999872e-02
1.262945916999999918e+00 1.780262100000000111e-02 4.088249999999999762e-04 1.000000000000000000e+00 1.791610000000000077e-02 1.802060000000000120e-02
1.263366898999999988e+00 1.774119799999999969e-02 4.080740000000000235e-04 1.000000000000000000e+00 1.784420000000000103e-02 1.794839999999999977e-02
1.263788021000000095e+00 1.768698299999999987e-02 4.074020000000000137e-04 1.000000000000000000e+00 1.777930000000000135e-02 1.788330000000000128e-02
1.264209284000000100e+00 1.763695700000000172e-02 4.068019999999999991e-04 1.000000000000000000e+00 1.772079999999999836e-02 1.782459999999999947e-02
1.264630686999999920e+00 1.758599099999999874e-02 4.062480000000000041e-04 1.000000000000000000e+00 1.766650000000000165e-02 1.777000000000000107e-02
1.265052230000000000e+00 1.752758000000000094e-02 4.056929999999999933e-04 1.000000000000000000e+00 1.761209999999999859e-02 1.771539999999999920e-02
1.265473913999999978e+00 1.745551000000000047e-02 4.050759999999999821e-04 1.000000000000000000e+00 1.755229999999999985e-02 1.765540000000000165e-02
1.265895739000000075e+00 1.736623099999999933e-02 4.043380000000000173e-04 1.000000000000000000e+00 1.748200000000000101e-02 1.758480000000000112e-02
1.266317703999999988e+00 1.726128799999999963e-02 4.034430000000000199e-04 1.000000000000000000e+00 1.739800000000000027e-02 1.750049999999999870e-02
1.266739810000000022e+00 1.714889600000000028e-02 4.024000000000000233e-04 1.000000000000000000e+00 1.730129999999999862e-02 1.740330000000000002e-02
1.267162056999999953e+00 1.704375500000000071e-02 4.012800000000000069e-04 1.000000000000000000e+00 1.719800000000000148e-02 1.729959999999999831e-02
1.267584443999999921e+00 1.696463100000000085e-02 4.002170000000000206e-04 1.000000000000000000e+00 1.709979999999999833e-02 1.720100000000000101e-02
1.268006972000000010e+00 1.693008199999999908e-02 3.993860000000000010e-04 1.000000000000000000e+00 1.702189999999999953e-02 1.712289999999999993e-02
1.268429640999999997e+00 1.695350799999999908e-02 3.989719999999999877e-04 1.000000000000000000e+00 1.698020000000000085e-02 1.708109999999999837e-02
1.268852451000000103e+00 1.703917300000000121e-02 3.991169999999999939e-04 1.000000000000000000e+00 1.698679999999999982e-02 1.708799999999999902e-02
1.269275402000000108e+00 1.718068600000000057e-02 3.998839999999999817e-04 1.000000000000000000e+00 1.704730000000000134e-02 1.714910000000000045e-02
1.269698494000000011e+00 1.736249000000000126e-02 4.012390000000000119e-04 1.000000000000000000e+00 1.715879999999999836e-02 1.726159999999999847e-02
1.270121727000000034e+00 1.756385300000000080e-02 4.030519999999999893e-04 1.000000000000000000e+00 1.731090000000000059e-02 1.741480000000000111e-02
1.270545100000000094e+00 1.776390300000000103e-02 4.051379999999999825e-04 1.000000000000000000e+00 1.748759999999999898e-02 1.759269999999999931e-02
1.270968615999999995e+00 1.794602799999999929e-02 4.072960000000000252e-04 1.000000000000000000e+00 1.767159999999999911e-02 1.777799999999999866e-02
1.271392271999999934e+00 1.810041399999999870e-02 4.093529999999999955e-04 1.000000000000000000e+00 1.784770000000000106e-02 1.795539999999999983e-02
1.271816068999999993e+00 1.822432599999999903e-02 4.111909999999999871e-04 1.000000000000000000e+00 1.800519999999999898e-02 1.811389999999999875e-02
1.272240008000000033e+00 1.832058500000000034e-02 4.127539999999999855e-04 1.000000000000000000e+00 1.813870000000000066e-02 1.824840000000000143e-02
1.272664087999999971e+00 1.839516799999999994e-02 4.140409999999999750e-04 1.000000000000000000e+00 1.824800000000000033e-02 1.835849999999999982e-02
1.273088309000000029e+00 1.845486500000000085e-02 4.150889999999999962e-04 1.000000000000000000e+00 1.833589999999999873e-02 1.844710000000000100e-02
1.273512672000000068e+00 1.850561200000000114e-02 4.159540000000000091e-04 1.000000000000000000e+00 1.840719999999999856e-02 1.851910000000000014e-02
1.273937176000000004e+00 1.855170999999999903e-02 4.166919999999999739e-04 1.000000000000000000e+00 1.846690000000000137e-02 1.857939999999999939e-02
1.274361821999999922e+00 1.859578599999999957e-02 4.173499999999999801e-04 1.000000000000000000e+00 1.851900000000000074e-02 1.863209999999999866e-02
1.274786608999999959e+00 1.863918700000000150e-02 4.179620000000000210e-04 1.000000000000000000e+00 1.856680000000000136e-02 1.868049999999999919e-02
1.275211537999999978e+00 1.868249500000000035e-02 4.185500000000000093e-04 1.000000000000000000e+00 1.861229999999999829e-02 1.872650000000000009e-02
1.275636608999999977e+00 1.872592699999999985e-02 4.191260000000000254e-04 1.000000000000000000e+00 1.865669999999999829e-02 1.877159999999999940e-02
1.276061821000000096e+00 1.876954800000000048e-02 4.196970000000000171e-04 1.000000000000000000e+00 1.870080000000000006e-02 1.881630000000000108e-02
1.276487174999999974e+00 1.881329799999999913e-02 4.202629999999999842e-04 1.000000000000000000e+00 1.874500000000000124e-02 1.886099999999999929e-02
1.276912669999999972e+00 1.885694300000000101e-02 4.208260000000000126e-04 1.000000000000000000e+00 1.878929999999999836e-02 1.890580000000000038e-02
1.277338308000000033e+00 1.890003499999999906e-02 4.213819999999999849e-04 1.000000000000000000e+00 1.883340000000000014e-02 1.895039999999999919e-02
1.277764086999999993e+00 1.894195400000000043e-02 4.219280000000000166e-04 1.000000000000000000e+00 1.887700000000000142e-02 1.899450000000000097e-02
1.278190009000000016e+00 1.898201700000000033e-02 4.224589999999999747e-04 1.000000000000000000e+00 1.891949999999999882e-02 1.903739999999999946e-02
1.278616071999999937e+00 1.901961599999999961e-02 4.229689999999999817e-04 1.000000000000000000e+00 1.896010000000000056e-02 1.907839999999999883e-02
1.279042277999999921e+00 1.905433399999999916e-02 4.234549999999999903e-04 1.000000000000000000e+00 1.899839999999999862e-02 1.911710000000000145e-02
1.279468625000000026e+00 1.908599100000000007e-02 4.239129999999999916e-04 1.000000000000000000e+00 1.903389999999999943e-02 1.915299999999999989e-02
1.279895113999999889e+00 1.911462300000000072e-02 4.243429999999999858e-04 1.000000000000000000e+00 1.906650000000000011e-02 1.918600000000000166e-02
1.280321746000000038e+00 1.914041600000000037e-02 4.247440000000000113e-04 1.000000000000000000e+00 1.909620000000000067e-02 1.921609999999999985e-02
1.280748519999999946e+00 1.916362200000000168e-02 4.251179999999999911e-04 1.000000000000000000e+00 1.912310000000000051e-02 1.924350000000000019e-02
1.281175436000000056e+00 1.918450299999999858e-02 4.254640000000000180e-04 1.000000000000000000e+00 1.914760000000000073e-02 1.926840000000000150e-02
1.281602495000000008e+00 1.920329000000000133e-02 4.257849999999999764e-04 1.000000000000000000e+00 1.916990000000000013e-02 1.929109999999999853e-02
1.282029695999999941e+00 1.922017700000000148e-02 4.260800000000000134e-04 1.000000000000000000e+00 1.919020000000000101e-02 1.931170000000000109e-02
1.282457039000000076e+00 1.923532899999999893e-02 4.263509999999999978e-04 1.000000000000000000e+00 1.920859999999999929e-02 1.933040000000000105e-02
1.282884523999999971e+00 1.924889700000000092e-02 4.266000000000000152e-04 1.000000000000000000e+00 1.922520000000000132e-02 1.934730000000000130e-02
1.283312153000000011e+00 1.926103300000000032e-02 4.268270000000000115e-04 1.000000000000000000e+00 1.924009999999999956e-02 1.936239999999999836e-02
1.283739922999999949e+00 1.927188399999999954e-02 4.270349999999999797e-04 1.000000000000000000e+00 1.925349999999999978e-02 1.937600000000000086e-02
1.284167837000000034e+00 1.928157999999999955e-02 4.272260000000000055e-04 1.000000000000000000e+00 1.926560000000000078e-02 1.938830000000000067e-02
1.284595893000000100e+00 1.929021599999999892e-02 4.273990000000000189e-04 1.000000000000000000e+00 1.927639999999999909e-02 1.939919999999999839e-02
1.285024090999999924e+00 1.929782899999999898e-02 4.275570000000000130e-04 1.000000000000000000e+00 1.928610000000000047e-02 1.940909999999999858e-02
1.285452432999999894e+00 1.930440900000000154e-02 4.276999999999999877e-04 1.000000000000000000e+00 1.929480000000000084e-02 1.941779999999999895e-02
1.285880917000000068e+00 1.930993099999999893e-02 4.278290000000000131e-04 1.000000000000000000e+00 1.930219999999999853e-02 1.942529999999999951e-02
1.286309544000000082e+00 1.931439700000000051e-02 4.279439999999999807e-04 1.000000000000000000e+00 1.930849999999999927e-02 1.943160000000000026e-02
1.286738313999999939e+00 1.931788200000000150e-02 4.280469999999999761e-04 1.000000000000000000e+00 1.931340000000000140e-02 1.943659999999999832e-02
1.287167225999999998e+00 1.932055300000000073e-02 4.281420000000000082e-04 1.000000000000000000e+00 1.931710000000000024e-02 1.944040000000000004e-02
1.287596281999999981e+00 1.932265199999999919e-02 4.282299999999999844e-04 1.000000000000000000e+00 1.931980000000000156e-02 1.944320000000000076e-02
1.288025481000000028e+00 1.932444999999999996e-02 4.283159999999999832e-04 1.000000000000000000e+00 1.932170000000000068e-02 1.944529999999999870e-02
1.288454822999999916e+00 1.932619000000000004e-02 4.284029999999999978e-04 1.000000000000000000e+00 1.932330000000000159e-02 1.944709999999999842e-02
1.288884308000000090e+00 1.932803400000000088e-02 4.284909999999999739e-04 1.000000000000000000e+00 1.932479999999999962e-02 1.944890000000000160e-02
1.289313936000000105e+00 1.933004300000000161e-02 4.285809999999999815e-04 1.000000000000000000e+00 1.932659999999999934e-02 1.945090000000000013e-02
1.289743706999999961e+00 1.933217400000000058e-02 4.286730000000000206e-04 1.000000000000000000e+00 1.932860000000000134e-02 1.945310000000000095e-02
1.290173621999999964e+00 1.933430200000000113e-02 4.287650000000000055e-04 1.000000000000000000e+00 1.933079999999999868e-02 1.945550000000000057e-02
1.290603678999999948e+00 1.933623699999999918e-02 4.288559999999999746e-04 1.000000000000000000e+00 1.933299999999999949e-02 1.945790000000000020e-02
1.291033880999999939e+00 1.933774300000000099e-02 4.289450000000000207e-04 1.000000000000000000e+00 1.933479999999999921e-02 1.946000000000000160e-02
1.291464224999999910e+00 1.933855599999999980e-02 4.290310000000000196e-04 1.000000000000000000e+00 1.933609999999999843e-02 1.946140000000000023e-02
1.291894713000000028e+00 1.933840800000000137e-02 4.291140000000000254e-04 1.000000000000000000e+00 1.933649999999999952e-02 1.946209999999999954e-02
1.292325345000000070e+00 1.933707000000000134e-02 4.291920000000000067e-04 1.000000000000000000e+00 1.933599999999999902e-02 1.946190000000000073e-02
1.292756119999999953e+00 1.933440900000000032e-02 4.292629999999999862e-04 1.000000000000000000e+00 1.933450000000000099e-02 1.946080000000000032e-02
1.293187038999999983e+00 1.933044000000000082e-02 4.293240000000000250e-04 1.000000000000000000e+00 1.933210000000000137e-02 1.945869999999999891e-02
1.293618101000000076e+00 1.932535700000000134e-02 4.293729999999999834e-04 1.000000000000000000e+00 1.932889999999999955e-02 1.945579999999999879e-02
1.294049307000000093e+00 1.931952799999999901e-02 4.294069999999999766e-04 1.000000000000000000e+00 1.932499999999999843e-02 1.945219999999999935e-02
1.294480657000000035e+00 1.931342999999999949e-02 4.294279999999999820e-04 1.000000000000000000e+00 1.932069999999999968e-02 1.944800000000000001e-02
1.294912150999999900e+00 1.930755699999999950e-02 4.294359999999999996e-04 1.000000000000000000e+00 1.931630000000000152e-02 1.944359999999999838e-02
1.295343788000000051e+00 1.930230900000000013e-02 4.294370000000000153e-04 1.000000000000000000e+00 1.931180000000000049e-02 1.943910000000000082e-02
1.295775568999999905e+00 1.929788400000000126e-02 4.294340000000000223e-04 1.000000000000000000e+00 1.930749999999999827e-02 1.943479999999999860e-02
1.296207493999999905e+00 1.929422000000000081e-02 4.294309999999999751e-04 1.000000000000000000e+00 1.930360000000000062e-02 1.943080000000000154e-02
1.296639563999999911e+00 1.929098500000000008e-02 4.294319999999999908e-04 1.000000000000000000e+00 1.929979999999999890e-02 1.942699999999999982e-02
1.297071776999999981e+00 1.928766100000000108e-02 4.294359999999999996e-04 1.000000000000000000e+00 1.929619999999999946e-02 1.942330000000000098e-02
1.297504133999999976e+00 1.928369400000000053e-02 4.294410000000000241e-04 1.000000000000000000e+00 1.929229999999999834e-02 1.941939999999999986e-02
1.297936634999999894e+00 1.927866199999999849e-02 4.294430000000000014e-04 1.000000000000000000e+00 1.928790000000000018e-02 1.941500000000000170e-02
1.298369281000000042e+00 1.927241700000000002e-02 4.294400000000000083e-04 1.000000000000000000e+00 1.928269999999999984e-02 1.940980000000000136e-02
1.298802070999999891e+00 1.926509499999999944e-02 4.294279999999999820e-04 1.000000000000000000e+00 1.927649999999999850e-02 1.940369999999999942e-02
1.299235005000000109e+00 1.925699900000000034e-02 4.294079999999999924e-04 1.000000000000000000e+00 1.926960000000000131e-02 1.939679999999999876e-02
1.299668083000000030e+00 1.924837999999999896e-02 4.293799999999999852e-04 1.000000000000000000e+00 1.926189999999999847e-02 1.938919999999999880e-02
1.300101305999999957e+00 1.923920999999999965e-02 4.293459999999999920e-04 1.000000000000000000e+00 1.925359999999999919e-02 1.938089999999999952e-02
1.300534673000000030e+00 1.922909100000000024e-02 4.293039999999999812e-04 1.000000000000000000e+00 1.924470000000000000e-02 1.937200000000000033e-02
1.300968184000000027e+00 1.921736400000000067e-02 4.292529999999999913e-04 1.000000000000000000e+00 1.923460000000000100e-02 1.936200000000000074e-02
1.301401840000000032e+00 1.920340900000000114e-02 4.291860000000000206e-04 1.000000000000000000e+00 1.922309999999999991e-02 1.935049999999999965e-02
1.301835641000000043e+00 1.918697600000000142e-02 4.291000000000000218e-04 1.000000000000000000e+00 1.920960000000000029e-02 1.933709999999999943e-02
1.302269585999999979e+00 1.916841700000000009e-02 4.289920000000000018e-04 1.000000000000000000e+00 1.919399999999999926e-02 1.932149999999999840e-02
1.302703675999999922e+00 1.914865400000000106e-02 4.288650000000000079e-04 1.000000000000000000e+00 1.917649999999999910e-02 1.930400000000000171e-02
1.303137911000000093e+00 1.912890500000000160e-02 4.287240000000000105e-04 1.000000000000000000e+00 1.915789999999999854e-02 1.928540000000000115e-02
1.303572289999999967e+00 1.911027900000000085e-02 4.285800000000000200e-04 1.000000000000000000e+00 1.913909999999999917e-02 1.926659999999999831e-02
1.304006814000000070e+00 1.909345200000000034e-02 4.284409999999999998e-04 1.000000000000000000e+00 1.912109999999999851e-02 1.924850000000000172e-02
1.304441482999999957e+00 1.907854399999999936e-02 4.283119999999999744e-04 1.000000000000000000e+00 1.910449999999999995e-02 1.923189999999999969e-02
1.304876297000000074e+00 1.906525599999999918e-02 4.281949999999999754e-04 1.000000000000000000e+00 1.908960000000000171e-02 1.921679999999999916e-02
1.305311255999999975e+00 1.905315000000000134e-02 4.280889999999999869e-04 1.000000000000000000e+00 1.907630000000000089e-02 1.920329999999999954e-02
1.305746359000000023e+00 1.904187099999999841e-02 4.279900000000000002e-04 1.000000000000000000e+00 1.906410000000000049e-02 1.919090000000000032e-02
1.306181607999999938e+00 1.903123300000000157e-02 4.278969999999999996e-04 1.000000000000000000e+00 1.905290000000000109e-02 1.917939999999999923e-02
1.306617002000000083e+00 1.902114599999999919e-02 4.278069999999999920e-04 1.000000000000000000e+00 1.904230000000000159e-02 1.916850000000000151e-02
1.307052541000000012e+00 1.901148399999999863e-02 4.277209999999999931e-04 1.000000000000000000e+00 1.903200000000000031e-02 1.915800000000000142e-02
1.307488224999999948e+00 1.900203199999999856e-02 4.276400000000000188e-04 1.000000000000000000e+00 1.902200000000000071e-02 1.914770000000000014e-02
1.307924054999999974e+00 1.899252300000000074e-02 4.275619999999999833e-04 1.000000000000000000e+00 1.901200000000000112e-02 1.913739999999999886e-02
1.308360028999999924e+00 1.898272399999999943e-02 4.274890000000000265e-04 1.000000000000000000e+00 1.900169999999999984e-02 1.912689999999999876e-02
1.308796148999999964e+00 1.897243499999999930e-02 4.274190000000000086e-04 1.000000000000000000e+00 1.899100000000000094e-02 1.911610000000000045e-02
1.309232415000000094e+00 1.896132999999999846e-02 4.273510000000000221e-04 1.000000000000000000e+00 1.897959999999999925e-02 1.910480000000000164e-02
1.309668824999999925e+00 1.894875099999999979e-02 4.272839999999999971e-04 1.000000000000000000e+00 1.896750000000000172e-02 1.909280000000000005e-02
1.310105381999999929e+00 1.893365899999999852e-02 4.272079999999999931e-04 1.000000000000000000e+00 1.895420000000000091e-02 1.907949999999999924e-02
1.310542083999999941e+00 1.891488699999999828e-02 4.271149999999999925e-04 1.000000000000000000e+00 1.893879999999999869e-02 1.906439999999999871e-02
1.310978930999999958e+00 1.889172999999999894e-02 4.269899999999999759e-04 1.000000000000000000e+00 1.892069999999999863e-02 1.904640000000000152e-02
1.311415924000000066e+00 1.886461299999999883e-02 4.268240000000000185e-04 1.000000000000000000e+00 1.889940000000000023e-02 1.902519999999999906e-02
1.311853063000000041e+00 1.883553599999999995e-02 4.266179999999999734e-04 1.000000000000000000e+00 1.887509999999999882e-02 1.900090000000000112e-02
1.312290347000000024e+00 1.880787299999999926e-02 4.263860000000000068e-04 1.000000000000000000e+00 1.884939999999999879e-02 1.897510000000000169e-02
1.312727777000000096e+00 1.878556400000000112e-02 4.261530000000000244e-04 1.000000000000000000e+00 1.882460000000000036e-02 1.895010000000000097e-02
1.313165353000000035e+00 1.877190100000000056e-02 4.259560000000000126e-04 1.000000000000000000e+00 1.880379999999999899e-02 1.892900000000000138e-02
1.313603075000000064e+00 1.876834600000000172e-02 4.258239999999999942e-04 1.000000000000000000e+00 1.878950000000000065e-02 1.891450000000000076e-02
1.314040942000000101e+00 1.877387100000000100e-02 4.257779999999999746e-04 1.000000000000000000e+00 1.878310000000000049e-02 1.890779999999999891e-02
1.314478956000000087e+00 1.878504799999999864e-02 4.258150000000000151e-04 1.000000000000000000e+00 1.878420000000000090e-02 1.890870000000000051e-02
1.314917115999999941e+00 1.879685000000000036e-02 4.259120000000000245e-04 1.000000000000000000e+00 1.879039999999999877e-02 1.891469999999999957e-02
1.315355421000000025e+00 1.880384800000000148e-02 4.260280000000000078e-04 1.000000000000000000e+00 1.879799999999999874e-02 1.892229999999999954e-02
1.315793873000000058e+00 1.880148900000000109e-02 4.261169999999999997e-04 1.000000000000000000e+00 1.880280000000000146e-02 1.892689999999999997e-02
1.316232470999999959e+00 1.878705500000000042e-02 4.261329999999999806e-04 1.000000000000000000e+00 1.880070000000000005e-02 1.892469999999999916e-02
1.316671214999999950e+00 1.876018600000000161e-02 4.260460000000000202e-04 1.000000000000000000e+00 1.878909999999999955e-02 1.891299999999999926e-02
1.317110105999999892e+00 1.872290600000000096e-02 4.258439999999999838e-04 1.000000000000000000e+00 1.876709999999999837e-02 1.889079999999999926e-02
1.317549142000000062e+00 1.867916799999999947e-02 4.255379999999999905e-04 1.000000000000000000e+00 1.873570000000000096e-02 1.885919999999999958e-02
1.317988324999999961e+00 1.863405599999999954e-02 4.251589999999999861e-04 1.000000000000000000e+00 1.869760000000000172e-02 1.882079999999999864e-02
1.318427655000000032e+00 1.859276699999999963e-02 4.247499999999999973e-04 1.000000000000000000e+00 1.865680000000000116e-02 1.877969999999999987e-02
1.318867130999999970e+00 1.855958400000000050e-02 4.243609999999999982e-04 1.000000000000000000e+00 1.861770000000000092e-02 1.874040000000000081e-02
1.319306752999999999e+00 1.853707300000000113e-02 4.240339999999999995e-04 1.000000000000000000e+00 1.858419999999999864e-02 1.870669999999999972e-02
1.319746521999999977e+00 1.852573600000000098e-02 4.237989999999999856e-04 1.000000000000000000e+00 1.855909999999999851e-02 1.868140000000000078e-02
1.320186437999999907e+00 1.852424700000000063e-02 4.236700000000000145e-04 1.000000000000000000e+00 1.854350000000000095e-02 1.866570000000000035e-02
1.320626499999999925e+00 1.853019700000000172e-02 4.236399999999999758e-04 1.000000000000000000e+00 1.853710000000000080e-02 1.865920000000000079e-02
1.321066708999999895e+00 1.854103400000000137e-02 4.236929999999999971e-04 1.000000000000000000e+00 1.853830000000000061e-02 1.866030000000000119e-02
1.321507063999999954e+00 1.855488799999999855e-02 4.238070000000000032e-04 1.000000000000000000e+00 1.854520000000000127e-02 1.866719999999999838e-02
1.321947567000000046e+00 1.857087600000000005e-02 4.239639999999999815e-04 1.000000000000000000e+00 1.855630000000000127e-02 1.867819999999999897e-02
1.322388216000000005e+00 1.858877700000000077e-02 4.241550000000000073e-04 1.000000000000000000e+00 1.857030000000000139e-02 1.869219999999999909e-02
1.322829011999999915e+00 1.860824599999999843e-02 4.243709999999999930e-04 1.000000000000000000e+00 1.858670000000000114e-02 1.870859999999999884e-02
1.323269954999999998e+00 1.862788799999999870e-02 4.246060000000000069e-04 1.000000000000000000e+00 1.860469999999999832e-02 1.872659999999999950e-02
1.323711045000000031e+00 1.864467300000000050e-02 4.248429999999999980e-04 1.000000000000000000e+00 1.862290000000000126e-02 1.874479999999999896e-02
1.324152282000000014e+00 1.865401900000000085e-02 4.250529999999999977e-04 1.000000000000000000e+00 1.863870000000000110e-02 1.876059999999999880e-02
1.324593665999999947e+00 1.865053699999999828e-02 4.251910000000000021e-04 1.000000000000000000e+00 1.864829999999999960e-02 1.877010000000000137e-02
1.325035197000000053e+00 1.862927500000000069e-02 4.252069999999999830e-04 1.000000000000000000e+00 1.864719999999999919e-02 1.876890000000000155e-02
1.325476875000000110e+00 1.858703199999999986e-02 4.250500000000000046e-04 1.000000000000000000e+00 1.863120000000000054e-02 1.875249999999999834e-02
1.325918700999999977e+00 1.852323800000000090e-02 4.246839999999999882e-04 1.000000000000000000e+00 1.859699999999999895e-02 1.871789999999999912e-02
1.326360674000000017e+00 1.844020299999999876e-02 4.240930000000000069e-04 1.000000000000000000e+00 1.854379999999999917e-02 1.866400000000000003e-02
1.326802794000000008e+00 1.834255599999999944e-02 4.232889999999999786e-04 1.000000000000000000e+00 1.847259999999999874e-02 1.859190000000000148e-02
1.327245062000000031e+00 1.823610599999999846e-02 4.223049999999999894e-04 1.000000000000000000e+00 1.838659999999999947e-02 1.850490000000000121e-02
1.327687477000000005e+00 1.812658799999999903e-02 4.211899999999999976e-04 1.000000000000000000e+00 1.829050000000000120e-02 1.840750000000000025e-02
1.328130038999999929e+00 1.801859499999999836e-02 4.199960000000000086e-04 1.000000000000000000e+00 1.818890000000000090e-02 1.830450000000000133e-02
1.328572749000000108e+00 1.791525600000000093e-02 4.187719999999999811e-04 1.000000000000000000e+00 1.808620000000000019e-02 1.820029999999999912e-02
1.329015607000000099e+00 1.781860799999999967e-02 4.175560000000000252e-04 1.000000000000000000e+00 1.798560000000000089e-02 1.809819999999999832e-02
1.329458612000000040e+00 1.773048799999999911e-02 4.163789999999999787e-04 1.000000000000000000e+00 1.788980000000000084e-02 1.800080000000000083e-02
1.329901765000000013e+00 1.765340300000000154e-02 4.152699999999999729e-04 1.000000000000000000e+00 1.780119999999999966e-02 1.791059999999999874e-02
1.330345066000000021e+00 1.759090899999999832e-02 4.142630000000000010e-04 1.000000000000000000e+00 1.772239999999999926e-02 1.783020000000000091e-02
1.330788513999999978e+00 1.754718200000000145e-02 4.133979999999999881e-04 1.000000000000000000e+00 1.765680000000000027e-02 1.776310000000000042e-02
1.331232109999999969e+00 1.752584399999999876e-02 4.127189999999999765e-04 1.000000000000000000e+00 1.760810000000000153e-02 1.771299999999999958e-02
1.331675853999999992e+00 1.752858800000000120e-02 4.122659999999999996e-04 1.000000000000000000e+00 1.757939999999999850e-02 1.768300000000000080e-02
1.332119746000000049e+00 1.755407000000000148e-02 4.120589999999999930e-04 1.000000000000000000e+00 1.757239999999999844e-02 1.767490000000000033e-02
1.332563785999999917e+00 1.759756399999999957e-02 4.120940000000000020e-04 1.000000000000000000e+00 1.758650000000000144e-02 1.768789999999999946e-02
1.333007974000000040e+00 1.765162400000000117e-02 4.123320000000000088e-04 1.000000000000000000e+00 1.761789999999999884e-02 1.771839999999999873e-02
1.333452309999999974e+00 1.770743400000000106e-02 4.127089999999999817e-04 1.000000000000000000e+00 1.766080000000000080e-02 1.776060000000000139e-02
1.333896793999999941e+00 1.775661599999999937e-02 4.131459999999999777e-04 1.000000000000000000e+00 1.770769999999999983e-02 1.780699999999999991e-02
1.334341425999999942e+00 1.779290700000000017e-02 4.135639999999999998e-04 1.000000000000000000e+00 1.775130000000000111e-02 1.785020000000000009e-02
1.334786207000000058e+00 1.781326700000000068e-02 4.138990000000000160e-04 1.000000000000000000e+00 1.778549999999999923e-02 1.788419999999999940e-02
1.335231135999999985e+00 1.781810400000000127e-02 4.141160000000000175e-04 1.000000000000000000e+00 1.780690000000000051e-02 1.790539999999999840e-02
1.335676212999999946e+00 1.781058199999999841e-02 4.142090000000000181e-04 1.000000000000000000e+00 1.781479999999999869e-02 1.791330000000000006e-02
1.336121437999999939e+00 1.779525499999999941e-02 4.141980000000000076e-04 1.000000000000000000e+00 1.781100000000000044e-02 1.790949999999999834e-02
1.336566812000000048e+00 1.777646899999999960e-02 4.141169999999999790e-04 1.000000000000000000e+00 1.779889999999999944e-02 1.789759999999999962e-02
1.337012333999999969e+00 1.775726899999999914e-02 4.140009999999999957e-04 1.000000000000000000e+00 1.778209999999999860e-02 1.788100000000000106e-02
1.337458005000000005e+00 1.773899400000000098e-02 4.138780000000000106e-04 1.000000000000000000e+00 1.776370000000000032e-02 1.786280000000000159e-02
1.337903824000000075e+00 1.772171499999999900e-02 4.137589999999999801e-04 1.000000000000000000e+00 1.774550000000000086e-02 1.784480000000000094e-02
1.338349792000000038e+00 1.770492900000000119e-02 4.136459999999999898e-04 1.000000000000000000e+00 1.772819999999999951e-02 1.782759999999999900e-02
1.338795908999999895e+00 1.768800300000000075e-02 4.135329999999999995e-04 1.000000000000000000e+00 1.771179999999999977e-02 1.781129999999999866e-02
1.339242174000000007e+00 1.766994499999999940e-02 4.134109999999999760e-04 1.000000000000000000e+00 1.769580000000000111e-02 1.779520000000000060e-02
1.339688588000000014e+00 1.764831600000000070e-02 4.132639999999999925e-04 1.000000000000000000e+00 1.767890000000000086e-02 1.777810000000000154e-02
1.340135150999999913e+00 1.761812100000000048e-02 4.130639999999999876e-04 1.000000000000000000e+00 1.765840000000000118e-02 1.775739999999999957e-02
1.340581862999999929e+00 1.757134900000000000e-02 4.127590000000000100e-04 1.000000000000000000e+00 1.762959999999999874e-02 1.772829999999999892e-02
1.341028722999999978e+00 1.749786799999999976e-02 4.122749999999999787e-04 1.000000000000000000e+00 1.758550000000000044e-02 1.768379999999999952e-02
1.341475733000000004e+00 1.738773600000000086e-02 4.115139999999999770e-04 1.000000000000000000e+00 1.751749999999999835e-02 1.761530000000000040e-02
1.341922891000000062e+00 1.723414399999999985e-02 4.103810000000000270e-04 1.000000000000000000e+00 1.741710000000000133e-02 1.751430000000000001e-02
1.342370199000000097e+00 1.703557899999999861e-02 4.088030000000000093e-04 1.000000000000000000e+00 1.727800000000000169e-02 1.737440000000000165e-02
1.342817656000000026e+00 1.679622600000000091e-02 4.067489999999999778e-04 1.000000000000000000e+00 1.709799999999999862e-02 1.719350000000000045e-02
1.343265262000000071e+00 1.652418699999999921e-02 4.042359999999999834e-04 1.000000000000000000e+00 1.687920000000000045e-02 1.697359999999999841e-02
1.343713017000000010e+00 1.622814300000000043e-02 4.013169999999999932e-04 1.000000000000000000e+00 1.662709999999999883e-02 1.672039999999999985e-02
1.344160921000000064e+00 1.591416500000000095e-02 3.980589999999999780e-04 1.000000000000000000e+00 1.634829999999999964e-02 1.644019999999999856e-02
1.344608975000000095e+00 1.558424299999999936e-02 3.945139999999999975e-04 1.000000000000000000e+00 1.604790000000000036e-02 1.613830000000000126e-02
1.345057178000000020e+00 1.523722800000000023e-02 3.907019999999999872e-04 1.000000000000000000e+00 1.572859999999999883e-02 1.581750000000000170e-02
1.345505530000000061e+00 1.487181800000000019e-02 3.866219999999999856e-04 1.000000000000000000e+00 1.539109999999999957e-02 1.547830000000000039e-02
1.345954032000000078e+00 1.448992300000000004e-02 3.822659999999999752e-04 1.000000000000000000e+00 1.503559999999999966e-02 1.512100000000000076e-02
1.346402682999999989e+00 1.409839499999999968e-02 3.776550000000000154e-04 1.000000000000000000e+00 1.466450000000000045e-02 1.474789999999999955e-02
1.346851484000000099e+00 1.370797500000000071e-02 3.728520000000000141e-04 1.000000000000000000e+00 1.428349999999999932e-02 1.436480000000000048e-02
1.347300434999999963e+00 1.332987700000000039e-02 3.679590000000000053e-04 1.000000000000000000e+00 1.390100000000000016e-02 1.398019999999999992e-02
1.347749534999999943e+00 1.297135599999999986e-02 3.630920000000000263e-04 1.000000000000000000e+00 1.352579999999999928e-02 1.360300000000000051e-02
1.348198784999999900e+00 1.263259100000000031e-02 3.583360000000000061e-04 1.000000000000000000e+00 1.316439999999999971e-02 1.323949999999999953e-02
1.348648183999999972e+00 1.230629299999999940e-02 3.537130000000000200e-04 1.000000000000000000e+00 1.281799999999999953e-02 1.289120000000000023e-02
1.349097734000000104e+00 1.198000400000000069e-02 3.491680000000000153e-04 1.000000000000000000e+00 1.248220000000000059e-02 1.255339999999999928e-02
1.349547432999999907e+00 1.163986499999999924e-02 3.445820000000000155e-04 1.000000000000000000e+00 1.214800000000000081e-02 1.221730000000000038e-02
1.349997281999999910e+00 1.127423999999999961e-02 3.398000000000000196e-04 1.000000000000000000e+00 1.180460000000000016e-02 1.187189999999999947e-02
1.350447281000000110e+00 1.087577600000000019e-02 3.346700000000000196e-04 1.000000000000000000e+00 1.144170000000000083e-02 1.150690000000000046e-02
1.350897430000000066e+00 1.044203200000000040e-02 3.290669999999999988e-04 1.000000000000000000e+00 1.105189999999999992e-02 1.111479999999999933e-02
1.351347728999999998e+00 9.975201499999999250e-03 3.229120000000000146e-04 1.000000000000000000e+00 1.063139999999999918e-02 1.069179999999999957e-02
1.351798178999999989e+00 9.481969899999999687e-03 3.161789999999999826e-04 1.000000000000000000e+00 1.018050000000000031e-02 1.023839999999999993e-02
1.352248778000000096e+00 8.973694399999999211e-03 3.089039999999999820e-04 1.000000000000000000e+00 9.704060000000000463e-03 9.759200000000000860e-03
1.352699528000000040e+00 8.466284899999999142e-03 3.011949999999999784e-04 1.000000000000000000e+00 9.211179999999999368e-03 9.263550000000000603e-03
1.353150427000000100e+00 7.978941599999999149e-03 2.932370000000000115e-04 1.000000000000000000e+00 8.715419999999999764e-03 8.765010000000000162e-03
1.353601478000000080e+00 7.531161399999999895e-03 2.852880000000000238e-04 1.000000000000000000e+00 8.233300000000000687e-03 8.280209999999999654e-03
1.354052677999999954e+00 7.138482699999999619e-03 2.776429999999999979e-04 1.000000000000000000e+00 7.781970000000000033e-03 7.826390000000000777e-03
1.354504029000000109e+00 6.808215999999999747e-03 2.705809999999999899e-04 1.000000000000000000e+00 7.375770000000000243e-03 7.417950000000000411e-03
1.354955530000000019e+00 6.536985000000000365e-03 2.642969999999999803e-04 1.000000000000000000e+00 7.022800000000000049e-03 7.063039999999999596e-03
1.355407181999999988e+00 6.311113000000000139e-03 2.588390000000000200e-04 1.000000000000000000e+00 6.722719999999999738e-03 6.761299999999999602e-03
1.355858985000000017e+00 6.109901000000000047e-03 2.540910000000000174e-04 1.000000000000000000e+00 6.466580000000000418e-03 6.503740000000000042e-03
1.356310938000000021e+00 5.910685199999999792e-03 2.497970000000000073e-04 1.000000000000000000e+00 6.238890000000000408e-03 6.274769999999999827e-03
1.356763041000000003e+00 5.693970900000000328e-03 2.456199999999999963e-04 1.000000000000000000e+00 6.021290000000000323e-03 6.055920000000000226e-03
1.357215295999999904e+00 5.447097199999999771e-03 2.412240000000000066e-04 1.000000000000000000e+00 5.796510000000000377e-03 5.829850000000000136e-03
1.357667701000000005e+00 5.165908200000000373e-03 2.363389999999999881e-04 1.000000000000000000e+00 5.551770000000000142e-03 5.583699999999999601e-03
1.358120256999999942e+00 4.854586299999999813e-03 2.308020000000000037e-04 1.000000000000000000e+00 5.280789999999999616e-03 5.311139999999999785e-03
1.358572963000000078e+00 4.524465499999999821e-03 2.245829999999999875e-04 1.000000000000000000e+00 4.984360000000000179e-03 5.013019999999999976e-03
1.359025820999999912e+00 4.192486799999999882e-03 2.177910000000000024e-04 1.000000000000000000e+00 4.670070000000000124e-03 4.696920000000000261e-03
1.359478830000000027e+00 3.879295999999999960e-03 2.106699999999999870e-04 1.000000000000000000e+00 4.351159999999999750e-03 4.376190000000000288e-03
1.359931988999999897e+00 3.606819800000000097e-03 2.035980000000000114e-04 1.000000000000000000e+00 4.044980000000000103e-03 4.068269999999999699e-03
1.360385299999999908e+00 3.394934699999999864e-03 1.970469999999999991e-04 1.000000000000000000e+00 3.770729999999999915e-03 3.792460000000000102e-03
1.360838761999999980e+00 3.257630100000000108e-03 1.915259999999999955e-04 1.000000000000000000e+00 3.546520000000000054e-03 3.566979999999999977e-03
1.361292375000000110e+00 3.199818799999999946e-03 1.874839999999999959e-04 1.000000000000000000e+00 3.386140000000000157e-03 3.405689999999999846e-03
1.361746139000000078e+00 3.215842799999999845e-03 1.851900000000000074e-04 1.000000000000000000e+00 3.296180000000000117e-03 3.315230000000000173e-03
1.362200054000000105e+00 3.290770699999999958e-03 1.846589999999999950e-04 1.000000000000000000e+00 3.274679999999999865e-03 3.293610000000000201e-03
1.362654121000000051e+00 3.403990799999999806e-03 1.856489999999999974e-04 1.000000000000000000e+00 3.311600000000000047e-03 3.330749999999999943e-03
1.363108339000000058e+00 3.533787599999999810e-03 1.877340000000000020e-04 1.000000000000000000e+00 3.391260000000000108e-03 3.410869999999999874e-03
1.363562707999999901e+00 3.661211000000000153e-03 1.904230000000000029e-04 1.000000000000000000e+00 3.495620000000000064e-03 3.515840000000000111e-03
1.364017229000000109e+00 3.771929199999999888e-03 1.932600000000000030e-04 1.000000000000000000e+00 3.607389999999999815e-03 3.628269999999999846e-03
1.364471902000000014e+00 3.856361100000000024e-03 1.958800000000000016e-04 1.000000000000000000e+00 3.712019999999999903e-03 3.733510000000000214e-03
1.364926725999999979e+00 3.908938399999999959e-03 1.980229999999999979e-04 1.000000000000000000e+00 3.798469999999999971e-03 3.820479999999999796e-03
1.365381701000000003e+00 3.927820799999999675e-03 1.995269999999999889e-04 1.000000000000000000e+00 3.859389999999999869e-03 3.881749999999999784e-03
1.365836827999999947e+00 3.915449199999999734e-03 2.003189999999999908e-04 1.000000000000000000e+00 3.891200000000000041e-03 3.913759999999999635e-03
1.366292107000000033e+00 3.879233799999999999e-03 2.004250000000000064e-04 1.000000000000000000e+00 3.894599999999999798e-03 3.917180000000000141e-03
1.366747538000000040e+00 3.831122399999999876e-03 1.999720000000000024e-04 1.000000000000000000e+00 3.874820000000000174e-03 3.897299999999999810e-03
1.367203120000000105e+00 3.785709099999999983e-03 1.991829999999999935e-04 1.000000000000000000e+00 3.841219999999999791e-03 3.863530000000000002e-03
1.367658854999999951e+00 3.756989000000000075e-03 1.983440000000000105e-04 1.000000000000000000e+00 3.805709999999999909e-03 3.827820000000000007e-03
1.368114741000000079e+00 3.755528199999999799e-03 1.977520000000000135e-04 1.000000000000000000e+00 3.780420000000000048e-03 3.802390000000000110e-03
1.368570778999999904e+00 3.787400499999999965e-03 1.976570000000000085e-04 1.000000000000000000e+00 3.775500000000000210e-03 3.797459999999999898e-03
1.369026969999999954e+00 3.855253400000000028e-03 1.982340000000000133e-04 1.000000000000000000e+00 3.798119999999999882e-03 3.820220000000000039e-03
1.369483312000000064e+00 3.960850800000000407e-03 1.995909999999999937e-04 1.000000000000000000e+00 3.852879999999999933e-03 3.875299999999999925e-03
1.369939806000000093e+00 4.107198200000000340e-03 2.017940000000000131e-04 1.000000000000000000e+00 3.943249999999999707e-03 3.966210000000000395e-03
1.370396452999999903e+00 4.298726299999999778e-03 2.049049999999999906e-04 1.000000000000000000e+00 4.072899999999999958e-03 4.096619999999999602e-03
1.370853252000000078e+00 4.539265599999999998e-03 2.089770000000000017e-04 1.000000000000000000e+00 4.245780000000000214e-03 4.270509999999999931e-03
1.371310202999999950e+00 4.828839399999999837e-03 2.140239999999999959e-04 1.000000000000000000e+00 4.464919999999999826e-03 4.490949999999999630e-03
1.371767305999999964e+00 5.160912400000000275e-03 2.199810000000000068e-04 1.000000000000000000e+00 4.730220000000000258e-03 4.757820000000000278e-03
1.372224561999999981e+00 5.521663399999999708e-03 2.266649999999999991e-04 1.000000000000000000e+00 5.036460000000000416e-03 5.065870000000000095e-03
1.372681969999999918e+00 5.891706299999999695e-03 2.337870000000000031e-04 1.000000000000000000e+00 5.372590000000000005e-03 5.404009999999999890e-03
1.373139531000000080e+00 6.249737899999999874e-03 2.409930000000000015e-04 1.000000000000000000e+00 5.722849999999999812e-03 5.756370000000000237e-03
1.373597243999999939e+00 6.576481399999999609e-03 2.479210000000000138e-04 1.000000000000000000e+00 6.069139999999999778e-03 6.104749999999999933e-03
1.374055110000000024e+00 6.857528800000000160e-03 2.542609999999999836e-04 1.000000000000000000e+00 6.394030000000000200e-03 6.431619999999999872e-03
1.374513128000000028e+00 7.084083399999999836e-03 2.597839999999999915e-04 1.000000000000000000e+00 6.683099999999999978e-03 6.722460000000000414e-03
1.374971299000000036e+00 7.251760000000000324e-03 2.643500000000000016e-04 1.000000000000000000e+00 6.925940000000000221e-03 6.966810000000000364e-03
1.375429623000000046e+00 7.358092400000000241e-03 2.678809999999999785e-04 1.000000000000000000e+00 7.115729999999999798e-03 7.157789999999999812e-03
1.375888100000000058e+00 7.400097999999999919e-03 2.703299999999999952e-04 1.000000000000000000e+00 7.247720000000000030e-03 7.290630000000000201e-03
1.376346728999999991e+00 7.373034900000000405e-03 2.716470000000000234e-04 1.000000000000000000e+00 7.317569999999999804e-03 7.360969999999999666e-03
1.376805510999999926e+00 7.270842300000000119e-03 2.717579999999999822e-04 1.000000000000000000e+00 7.320329999999999893e-03 7.363800000000000207e-03
1.377264446000000087e+00 7.088305999999999947e-03 2.705650000000000091e-04 1.000000000000000000e+00 7.250590000000000333e-03 7.293710000000000124e-03
1.377723534000000027e+00 6.824138000000000426e-03 2.679709999999999861e-04 1.000000000000000000e+00 7.103940000000000428e-03 7.146249999999999825e-03
1.378182776000000054e+00 6.483776999999999596e-03 2.639109999999999742e-04 1.000000000000000000e+00 6.879190000000000305e-03 6.920220000000000364e-03
1.378642170000000000e+00 6.080987099999999972e-03 2.583929999999999907e-04 1.000000000000000000e+00 6.580560000000000055e-03 6.619879999999999862e-03
1.379101716999999949e+00 5.637697900000000414e-03 2.515360000000000122e-04 1.000000000000000000e+00 6.219180000000000368e-03 6.256409999999999576e-03
1.379561417999999984e+00 5.182012500000000334e-03 2.435899999999999903e-04 1.000000000000000000e+00 5.813229999999999960e-03 5.848120000000000054e-03
1.380021272000000021e+00 4.744960700000000128e-03 2.349399999999999969e-04 1.000000000000000000e+00 5.386659999999999712e-03 5.419069999999999790e-03
1.380481279000000061e+00 4.356833400000000196e-03 2.260949999999999961e-04 1.000000000000000000e+00 4.966830000000000203e-03 4.996809999999999967e-03
1.380941439000000104e+00 4.043912099999999801e-03 2.176590000000000111e-04 1.000000000000000000e+00 4.581599999999999909e-03 4.609349999999999906e-03
1.381401753000000010e+00 3.825918299999999869e-03 2.102720000000000088e-04 1.000000000000000000e+00 4.256369999999999772e-03 4.282239999999999658e-03
1.381862219999999919e+00 3.714632299999999932e-03 2.045410000000000056e-04 1.000000000000000000e+00 4.011670000000000166e-03 4.036139999999999693e-03
1.382322840999999913e+00 3.713518600000000058e-03 2.009529999999999986e-04 1.000000000000000000e+00 3.861509999999999856e-03 3.885130000000000094e-03
1.382783614999999910e+00 3.818188499999999874e-03 1.997939999999999916e-04 1.000000000000000000e+00 3.812600000000000190e-03 3.836000000000000000e-03
1.383244542999999993e+00 4.017613199999999808e-03 2.010960000000000004e-04 1.000000000000000000e+00 3.864429999999999862e-03 3.888200000000000076e-03
1.383705624999999939e+00 4.295808699999999723e-03 2.046489999999999984e-04 1.000000000000000000e+00 4.009920000000000151e-03 4.034649999999999868e-03
1.384166860000000110e+00 4.633855499999999829e-03 2.100559999999999960e-04 1.000000000000000000e+00 4.236819999999999649e-03 4.263010000000000237e-03
1.384628248999999922e+00 5.012232400000000282e-03 2.168249999999999984e-04 1.000000000000000000e+00 4.529369999999999577e-03 4.557430000000000335e-03
1.385089792000000042e+00 5.413203499999999849e-03 2.244579999999999980e-04 1.000000000000000000e+00 4.870379999999999675e-03 4.900629999999999570e-03
1.385551487999999942e+00 5.822719300000000174e-03 2.325240000000000119e-04 1.000000000000000000e+00 5.243379999999999742e-03 5.276010000000000248e-03
1.386013339000000011e+00 6.231438300000000270e-03 2.406890000000000125e-04 1.000000000000000000e+00 5.634339999999999835e-03 5.669470000000000239e-03
1.386475343000000082e+00 6.633979100000000385e-03 2.487319999999999896e-04 1.000000000000000000e+00 6.032649999999999645e-03 6.070319999999999709e-03
1.386937502000000100e+00 7.026486000000000190e-03 2.565189999999999745e-04 1.000000000000000000e+00 6.430789999999999597e-03 6.470980000000000308e-03
1.387399813999999898e+00 7.403014599999999633e-03 2.639550000000000164e-04 1.000000000000000000e+00 6.822609999999999786e-03 6.865259999999999765e-03
1.387862281000000086e+00 7.752248300000000314e-03 2.709330000000000028e-04 1.000000000000000000e+00 7.200699999999999983e-03 7.245699999999999884e-03
1.388324901000000056e+00 8.056287299999999318e-03 2.772920000000000007e-04 1.000000000000000000e+00 7.553920000000000426e-03 7.601110000000000332e-03
1.388787675999999971e+00 8.292551199999999637e-03 2.827989999999999736e-04 1.000000000000000000e+00 7.866379999999999206e-03 7.915490000000000720e-03
1.389250606000000055e+00 8.438714300000000473e-03 2.871729999999999964e-04 1.000000000000000000e+00 8.118699999999999528e-03 8.169350000000000570e-03
1.389713688999999919e+00 8.478778799999999588e-03 2.901399999999999834e-04 1.000000000000000000e+00 8.291500000000000259e-03 8.343200000000000269e-03
1.390176926999999951e+00 8.407871500000000525e-03 2.914920000000000206e-04 1.000000000000000000e+00 8.369849999999999859e-03 8.422040000000000429e-03
1.390640319000000069e+00 8.233783499999999464e-03 2.911410000000000235e-04 1.000000000000000000e+00 8.347159999999999302e-03 8.399220000000000644e-03
1.391103865999999911e+00 7.974667899999999393e-03 2.891370000000000203e-04 1.000000000000000000e+00 8.226799999999999391e-03 8.278139999999999804e-03
1.391567567000000061e+00 7.654483699999999925e-03 2.856579999999999948e-04 1.000000000000000000e+00 8.021189999999999223e-03 8.071290000000000062e-03
1.392031422999999934e+00 7.298658900000000276e-03 2.809719999999999926e-04 1.000000000000000000e+00 7.748930000000000227e-03 7.797390000000000397e-03
1.392495433999999976e+00 6.932186400000000040e-03 2.754060000000000123e-04 1.000000000000000000e+00 7.431870000000000143e-03 7.478420000000000380e-03
1.392959599000000104e+00 6.580649899999999920e-03 2.693330000000000181e-04 1.000000000000000000e+00 7.093480000000000098e-03 7.137990000000000307e-03
1.393423918999999955e+00 6.272478800000000007e-03 2.631859999999999972e-04 1.000000000000000000e+00 6.758909999999999918e-03 6.801399999999999980e-03
1.393888392999999892e+00 6.039561300000000250e-03 2.574899999999999758e-04 1.000000000000000000e+00 6.455859999999999897e-03 6.496520000000000419e-03
1.394353023000000080e+00 5.913557800000000114e-03 2.528599999999999880e-04 1.000000000000000000e+00 6.214240000000000215e-03 6.253459999999999748e-03
1.394817806999999910e+00 5.917567399999999582e-03 2.499280000000000100e-04 1.000000000000000000e+00 6.062969999999999991e-03 6.101320000000000354e-03
1.395282745999999907e+00 6.055924600000000060e-03 2.491819999999999734e-04 1.000000000000000000e+00 6.023530000000000030e-03 6.061699999999999727e-03
1.395747840999999934e+00 6.306540299999999905e-03 2.507669999999999929e-04 1.000000000000000000e+00 6.102220000000000213e-03 6.140979999999999876e-03
1.396213090000000046e+00 6.620625100000000242e-03 2.543569999999999772e-04 1.000000000000000000e+00 6.284259999999999846e-03 6.324230000000000129e-03
1.396678494000000104e+00 6.931722799999999809e-03 2.591720000000000048e-04 1.000000000000000000e+00 6.532959999999999982e-03 6.574560000000000126e-03
1.397144053999999969e+00 7.172587200000000301e-03 2.641739999999999952e-04 1.000000000000000000e+00 6.796100000000000231e-03 6.839409999999999761e-03
1.397609769000000002e+00 7.294548999999999998e-03 2.683329999999999938e-04 1.000000000000000000e+00 7.018280000000000005e-03 7.063039999999999596e-03
1.398075637999999898e+00 7.282647100000000200e-03 2.708930000000000235e-04 1.000000000000000000e+00 7.155859999999999999e-03 7.201520000000000317e-03
1.398541663999999907e+00 7.160562100000000124e-03 2.715460000000000053e-04 1.000000000000000000e+00 7.189469999999999889e-03 7.235369999999999649e-03
1.399007844000000000e+00 6.983063000000000291e-03 2.704939999999999753e-04 1.000000000000000000e+00 7.129560000000000064e-03 7.175120000000000109e-03
1.399474179999999901e+00 6.818441599999999943e-03 2.683930000000000170e-04 1.000000000000000000e+00 7.012710000000000124e-03 7.057579999999999930e-03
1.399940672000000053e+00 6.726680199999999707e-03 2.661590000000000245e-04 1.000000000000000000e+00 6.889669999999999649e-03 6.933810000000000320e-03
1.400407318000000068e+00 6.741173900000000350e-03 2.647050000000000076e-04 1.000000000000000000e+00 6.809260000000000139e-03 6.852969999999999895e-03
1.400874120999999972e+00 6.860197099999999770e-03 2.646460000000000002e-04 1.000000000000000000e+00 6.803589999999999985e-03 6.847360000000000252e-03
1.401341079000000045e+00 7.050643599999999872e-03 2.661119999999999892e-04 1.000000000000000000e+00 6.879549999999999901e-03 6.923890000000000253e-03
1.401808192999999925e+00 7.261997800000000343e-03 2.687470000000000071e-04 1.000000000000000000e+00 7.019159999999999983e-03 7.064479999999999718e-03
1.402275461999999973e+00 7.444714100000000313e-03 2.718929999999999936e-04 1.000000000000000000e+00 7.188049999999999648e-03 7.234540000000000241e-03
1.402742887000000049e+00 7.565875900000000424e-03 2.748490000000000243e-04 1.000000000000000000e+00 7.348330000000000140e-03 7.395920000000000272e-03
1.403210467999999933e+00 7.616975100000000255e-03 2.771000000000000134e-04 1.000000000000000000e+00 7.470860000000000174e-03 7.519289999999999655e-03
1.403678205000000068e+00 7.611970499999999758e-03 2.784320000000000067e-04 1.000000000000000000e+00 7.542799999999999679e-03 7.591729999999999659e-03
1.404146098000000009e+00 7.578000500000000271e-03 2.789329999999999804e-04 1.000000000000000000e+00 7.568319999999999909e-03 7.617439999999999628e-03
1.404614145999999897e+00 7.543724899999999789e-03 2.788949999999999784e-04 1.000000000000000000e+00 7.563710000000000398e-03 7.612810000000000236e-03
1.405082350999999896e+00 7.530065600000000053e-03 2.786840000000000172e-04 1.000000000000000000e+00 7.549499999999999787e-03 7.598510000000000160e-03
1.405550711999999924e+00 7.546516399999999777e-03 2.786159999999999765e-04 1.000000000000000000e+00 7.543440000000000215e-03 7.592419999999999898e-03
1.406019228999999982e+00 7.593051600000000172e-03 2.788870000000000151e-04 1.000000000000000000e+00 7.556539999999999611e-03 7.605609999999999628e-03
1.406487902000000068e+00 7.665481600000000235e-03 2.795729999999999743e-04 1.000000000000000000e+00 7.593080000000000315e-03 7.642409999999999655e-03
1.406956730999999960e+00 7.761075200000000160e-03 2.806770000000000098e-04 1.000000000000000000e+00 7.653359999999999677e-03 7.703119999999999933e-03
1.407425716999999965e+00 7.881900299999999512e-03 2.821950000000000044e-04 1.000000000000000000e+00 7.737420000000000062e-03 7.787760000000000342e-03
1.407894858999999999e+00 8.034678300000000495e-03 2.841629999999999829e-04 1.000000000000000000e+00 7.847569999999999893e-03 7.898689999999999878e-03
1.408364157000000061e+00 8.227408199999999491e-03 2.866580000000000191e-04 1.000000000000000000e+00 7.988820000000000643e-03 8.040929999999999953e-03
1.408833612000000013e+00 8.464309899999999595e-03 2.897649999999999879e-04 1.000000000000000000e+00 8.166839999999999863e-03 8.220190000000000483e-03
1.409303222999999994e+00 8.741057400000000130e-03 2.935149999999999977e-04 1.000000000000000000e+00 8.384519999999999473e-03 8.439359999999999917e-03
1.409772991000000086e+00 9.042489699999999714e-03 2.978279999999999816e-04 1.000000000000000000e+00 8.638339999999999561e-03 8.694920000000000079e-03
1.410242914999999986e+00 9.343999699999999339e-03 3.024839999999999994e-04 1.000000000000000000e+00 8.916510000000000755e-03 8.974980000000000457e-03
1.410712995999999997e+00 9.616762100000000521e-03 3.071540000000000208e-04 1.000000000000000000e+00 9.199560000000000723e-03 9.259959999999999372e-03
1.411183233999999898e+00 9.835583199999999374e-03 3.114629999999999959e-04 1.000000000000000000e+00 9.464089999999999656e-03 9.526279999999999817e-03
1.411653628000000049e+00 9.986984000000000833e-03 3.150860000000000119e-04 1.000000000000000000e+00 9.688640000000000099e-03 9.752359999999999848e-03
1.412124179000000090e+00 1.007445899999999915e-02 3.178370000000000132e-04 1.000000000000000000e+00 9.860010000000000649e-03 9.924920000000000270e-03
1.412594887000000021e+00 1.011877599999999947e-02 3.197329999999999964e-04 1.000000000000000000e+00 9.977849999999999914e-03 1.004359999999999975e-02
1.413065752000000064e+00 1.015226900000000022e-02 3.209929999999999945e-04 1.000000000000000000e+00 1.005550000000000020e-02 1.012180000000000024e-02
1.413536773999999996e+00 1.020845899999999959e-02 3.219879999999999943e-04 1.000000000000000000e+00 1.011639999999999935e-02 1.018319999999999989e-02
1.414007953000000040e+00 1.031020000000000027e-02 3.231209999999999985e-04 1.000000000000000000e+00 1.018660000000000052e-02 1.025389999999999982e-02
1.414479288999999973e+00 1.046065000000000016e-02 3.246920000000000145e-04 1.000000000000000000e+00 1.028540000000000010e-02 1.035349999999999986e-02
1.414950782000000018e+00 1.064086300000000040e-02 3.267790000000000234e-04 1.000000000000000000e+00 1.041860000000000008e-02 1.048770000000000084e-02
1.415422431999999953e+00 1.081536399999999919e-02 3.292050000000000033e-04 1.000000000000000000e+00 1.057489999999999992e-02 1.064509999999999935e-02
1.415894240000000082e+00 1.094447100000000075e-02 3.315910000000000038e-04 1.000000000000000000e+00 1.072970000000000000e-02 1.080099999999999984e-02
1.416366205000000100e+00 1.099891000000000063e-02 3.334899999999999800e-04 1.000000000000000000e+00 1.085299999999999980e-02 1.092519999999999950e-02
1.416838327000000008e+00 1.097142599999999940e-02 3.345520000000000048e-04 1.000000000000000000e+00 1.092070000000000020e-02 1.099349999999999980e-02
1.417310606000000028e+00 1.088088499999999986e-02 3.346499999999999757e-04 1.000000000000000000e+00 1.092390000000000028e-02 1.099669999999999988e-02
1.417783043000000021e+00 1.076736799999999938e-02 3.339440000000000268e-04 1.000000000000000000e+00 1.087310000000000013e-02 1.094559999999999977e-02
1.418255636999999902e+00 1.067996000000000049e-02 3.328499999999999862e-04 1.000000000000000000e+00 1.079629999999999999e-02 1.086849999999999969e-02
1.418728388999999979e+00 1.066158399999999999e-02 3.319269999999999816e-04 1.000000000000000000e+00 1.073099999999999922e-02 1.080279999999999956e-02
1.419201299000000027e+00 1.073626899999999967e-02 3.317120000000000116e-04 1.000000000000000000e+00 1.071270000000000035e-02 1.078439999999999954e-02
1.419674365999999965e+00 1.090305999999999914e-02 3.325569999999999807e-04 1.000000000000000000e+00 1.076459999999999917e-02 1.083669999999999946e-02
1.420147591000000098e+00 1.113834099999999952e-02 3.345339999999999924e-04 1.000000000000000000e+00 1.089210000000000005e-02 1.096519999999999960e-02
1.420620972999999898e+00 1.140514599999999969e-02 3.374299999999999999e-04 1.000000000000000000e+00 1.108239999999999920e-02 1.115679999999999970e-02
1.421094512999999893e+00 1.166576799999999997e-02 3.408490000000000022e-04 1.000000000000000000e+00 1.131000000000000061e-02 1.138600000000000029e-02
1.421568211999999942e+00 1.189281199999999913e-02 3.443529999999999877e-04 1.000000000000000000e+00 1.154589999999999957e-02 1.162350000000000015e-02
1.422042068000000103e+00 1.207521200000000010e-02 3.475919999999999748e-04 1.000000000000000000e+00 1.176589999999999928e-02 1.184510000000000077e-02
1.422516082000000015e+00 1.221747699999999916e-02 3.503819999999999938e-04 1.000000000000000000e+00 1.195670000000000066e-02 1.203719999999999964e-02
1.422990253999999899e+00 1.233351599999999923e-02 3.527059999999999939e-04 1.000000000000000000e+00 1.211620000000000058e-02 1.219800000000000051e-02
1.423464583999999977e+00 1.243837300000000083e-02 3.546660000000000090e-04 1.000000000000000000e+00 1.225109999999999914e-02 1.233380000000000067e-02
1.423939072000000028e+00 1.254127799999999945e-02 3.563989999999999736e-04 1.000000000000000000e+00 1.237060000000000069e-02 1.245420000000000034e-02
1.424413718000000051e+00 1.264276699999999920e-02 3.580090000000000073e-04 1.000000000000000000e+00 1.248179999999999949e-02 1.256630000000000073e-02
1.424888522999999907e+00 1.273628100000000034e-02 3.595219999999999774e-04 1.000000000000000000e+00 1.258639999999999932e-02 1.267180000000000042e-02
1.425363485999999957e+00 1.281265600000000039e-02 3.608959999999999816e-04 1.000000000000000000e+00 1.268140000000000066e-02 1.276749999999999934e-02
1.425838606999999980e+00 1.286474100000000072e-02 3.620540000000000000e-04 1.000000000000000000e+00 1.276090000000000037e-02 1.284760000000000069e-02
1.426313887000000058e+00 1.288997899999999933e-02 3.629279999999999919e-04 1.000000000000000000e+00 1.281969999999999985e-02 1.290690000000000066e-02
1.426789324000000025e+00 1.288965000000000076e-02 3.634810000000000254e-04 1.000000000000000000e+00 1.285479999999999956e-02 1.294249999999999914e-02
1.427264920999999909e+00 1.286579199999999916e-02 3.637099999999999990e-04 1.000000000000000000e+00 1.286580000000000015e-02 1.295379999999999969e-02
1.427740675999999986e+00 1.281769100000000085e-02 3.636189999999999757e-04 1.000000000000000000e+00 1.285290000000000044e-02 1.294099999999999938e-02
1.428216589000000036e+00 1.274057500000000051e-02 3.631899999999999972e-04 1.000000000000000000e+00 1.281500000000000000e-02 1.290310000000000068e-02
1.428692662000000002e+00 1.262779600000000016e-02 3.623699999999999881e-04 1.000000000000000000e+00 1.274840000000000001e-02 1.283630000000000014e-02
1.429168892999999940e+00 1.247581700000000016e-02 3.610889999999999846e-04 1.000000000000000000e+00 1.264889999999999938e-02 1.273630000000000075e-02
1.429645282000000073e+00 1.228995700000000066e-02 3.593110000000000162e-04 1.000000000000000000e+00 1.251460000000000072e-02 1.260119999999999990e-02
1.430121830999999899e+00 1.208755599999999930e-02 3.570900000000000116e-04 1.000000000000000000e+00 1.235029999999999982e-02 1.243599999999999914e-02
1.430598537999999920e+00 1.189643599999999982e-02 3.546099999999999947e-04 1.000000000000000000e+00 1.216970000000000031e-02 1.225429999999999922e-02
1.431075403999999995e+00 1.174833900000000000e-02 3.521779999999999746e-04 1.000000000000000000e+00 1.199479999999999991e-02 1.207820000000000074e-02
1.431552428999999904e+00 1.166972399999999938e-02 3.501639999999999766e-04 1.000000000000000000e+00 1.185100000000000042e-02 1.193340000000000026e-02
1.432029613000000090e+00 1.167334499999999990e-02 3.489079999999999872e-04 1.000000000000000000e+00 1.176089999999999948e-02 1.184269999999999941e-02
1.432506956999999970e+00 1.175409399999999965e-02 3.486140000000000202e-04 1.000000000000000000e+00 1.173749999999999967e-02 1.181920000000000019e-02
1.432984459000000044e+00 1.189047799999999946e-02 3.492839999999999986e-04 1.000000000000000000e+00 1.178069999999999985e-02 1.186259999999999919e-02
1.433462119999999951e+00 1.205120399999999939e-02 3.507249999999999734e-04 1.000000000000000000e+00 1.187679999999999986e-02 1.195949999999999964e-02
1.433939940999999996e+00 1.220434800000000028e-02 3.526040000000000142e-04 1.000000000000000000e+00 1.200320000000000033e-02 1.208679999999999997e-02
1.434417921000000096e+00 1.232584400000000073e-02 3.545539999999999803e-04 1.000000000000000000e+00 1.213470000000000000e-02 1.221930000000000065e-02
1.434896060000000029e+00 1.240504299999999928e-02 3.562710000000000182e-04 1.000000000000000000e+00 1.224989999999999933e-02 1.233549999999999924e-02
1.435374359000000100e+00 1.244599300000000068e-02 3.575849999999999992e-04 1.000000000000000000e+00 1.233680000000000020e-02 1.242309999999999942e-02
1.435852817000000003e+00 1.246446799999999938e-02 3.584850000000000211e-04 1.000000000000000000e+00 1.239430000000000046e-02 1.248130000000000073e-02
1.436331435000000045e+00 1.248223199999999936e-02 3.590980000000000235e-04 1.000000000000000000e+00 1.243170000000000039e-02 1.251910000000000002e-02
1.436810211999999920e+00 1.252012899999999963e-02 3.596399999999999922e-04 1.000000000000000000e+00 1.246410000000000053e-02 1.255200000000000066e-02
1.437289148999999933e+00 1.259221699999999930e-02 3.603400000000000093e-04 1.000000000000000000e+00 1.250790000000000061e-02 1.259640000000000065e-02
1.437768245000000000e+00 1.270260500000000049e-02 3.613740000000000268e-04 1.000000000000000000e+00 1.257579999999999983e-02 1.266510000000000032e-02
1.438247500999999984e+00 1.284554899999999951e-02 3.628200000000000262e-04 1.000000000000000000e+00 1.267369999999999955e-02 1.276380000000000049e-02
1.438726917000000105e+00 1.300847200000000009e-02 3.646480000000000229e-04 1.000000000000000000e+00 1.279950000000000011e-02 1.289079999999999913e-02
1.439206492999999920e+00 1.317645899999999974e-02 3.667459999999999882e-04 1.000000000000000000e+00 1.294539999999999927e-02 1.303799999999999924e-02
1.439686228000000012e+00 1.333633700000000019e-02 3.689569999999999981e-04 1.000000000000000000e+00 1.310049999999999930e-02 1.319430000000000082e-02
1.440166123000000020e+00 1.347892900000000060e-02 3.711310000000000216e-04 1.000000000000000000e+00 1.325360000000000080e-02 1.334860000000000040e-02
1.440646179000000027e+00 1.359908500000000034e-02 3.731450000000000196e-04 1.000000000000000000e+00 1.339569999999999997e-02 1.349189999999999938e-02
1.441126394000000088e+00 1.369413499999999964e-02 3.749159999999999862e-04 1.000000000000000000e+00 1.352060000000000067e-02 1.361779999999999935e-02
1.441606769999999926e+00 1.376229600000000025e-02 3.763889999999999771e-04 1.000000000000000000e+00 1.362389999999999955e-02 1.372190000000000042e-02
1.442087305000000041e+00 1.380229000000000004e-02 3.775270000000000058e-04 1.000000000000000000e+00 1.370279999999999936e-02 1.380149999999999953e-02
1.442568000999999933e+00 1.381487399999999956e-02 3.783079999999999971e-04 1.000000000000000000e+00 1.375550000000000037e-02 1.385459999999999990e-02
1.443048856999999963e+00 1.380567000000000079e-02 3.787430000000000158e-04 1.000000000000000000e+00 1.378260000000000075e-02 1.388209999999999965e-02
1.443529872999999908e+00 1.378731400000000017e-02 3.788970000000000012e-04 1.000000000000000000e+00 1.378899999999999917e-02 1.388870000000000035e-02
1.444011050000000074e+00 1.377920300000000028e-02 3.789139999999999978e-04 1.000000000000000000e+00 1.378509999999999978e-02 1.388490000000000037e-02
1.444492386999999933e+00 1.380344399999999978e-02 3.790069999999999984e-04 1.000000000000000000e+00 1.378650000000000014e-02 1.388649999999999954e-02
1.444973883999999931e+00 1.387774699999999931e-02 3.794210000000000117e-04 1.000000000000000000e+00 1.381130000000000031e-02 1.391170000000000080e-02
1.445455541999999927e+00 1.400756099999999997e-02 3.803589999999999814e-04 1.000000000000000000e+00 1.387449999999999968e-02 1.397559999999999948e-02
1.445937360999999921e+00 1.418101299999999926e-02 3.818970000000000199e-04 1.000000000000000000e+00 1.398199999999999964e-02 1.408410000000000044e-02
1.446419340000000053e+00 1.436933900000000007e-02 3.839320000000000233e-04 1.000000000000000000e+00 1.412650000000000017e-02 1.422999999999999959e-02
1.446901479999999962e+00 1.453394600000000071e-02 3.861800000000000193e-04 1.000000000000000000e+00 1.428740000000000045e-02 1.439239999999999964e-02
1.447383780000000009e+00 1.463822799999999966e-02 3.882490000000000160e-04 1.000000000000000000e+00 1.443550000000000041e-02 1.454180000000000056e-02
1.447866241999999914e+00 1.466035199999999976e-02 3.897519999999999912e-04 1.000000000000000000e+00 1.454109999999999951e-02 1.464850000000000006e-02
1.448348863999999958e+00 1.460231000000000029e-02 3.904320000000000186e-04 1.000000000000000000e+00 1.458470000000000079e-02 1.469269999999999951e-02
1.448831647000000000e+00 1.449164000000000008e-02 3.902600000000000209e-04 1.000000000000000000e+00 1.456359999999999946e-02 1.467169999999999933e-02
1.449314591000000041e+00 1.437492800000000036e-02 3.894640000000000103e-04 1.000000000000000000e+00 1.449560000000000085e-02 1.460340000000000076e-02
1.449797694999999997e+00 1.430492199999999943e-02 3.884870000000000228e-04 1.000000000000000000e+00 1.441429999999999968e-02 1.452170000000000023e-02
1.450280961000000035e+00 1.432558299999999937e-02 3.878740000000000204e-04 1.000000000000000000e+00 1.436100000000000050e-02 1.446829999999999991e-02
1.450764388000000071e+00 1.446002600000000082e-02 3.881239999999999994e-04 1.000000000000000000e+00 1.437319999999999917e-02 1.448080000000000027e-02
1.451247976000000106e+00 1.470529599999999965e-02 3.895519999999999864e-04 1.000000000000000000e+00 1.447470000000000007e-02 1.458330000000000043e-02
1.451731726000000000e+00 1.503503999999999952e-02 3.922020000000000237e-04 1.000000000000000000e+00 1.466970000000000079e-02 1.477999999999999974e-02
1.452215636000000032e+00 1.540884799999999930e-02 3.958610000000000102e-04 1.000000000000000000e+00 1.494359999999999959e-02 1.505609999999999934e-02
1.452699707999999923e+00 1.578426299999999977e-02 4.001400000000000009e-04 1.000000000000000000e+00 1.526809999999999973e-02 1.538330000000000079e-02
1.453183941000000035e+00 1.612752199999999830e-02 4.045969999999999753e-04 1.000000000000000000e+00 1.561000000000000061e-02 1.572809999999999833e-02
1.453668336000000005e+00 1.641973399999999833e-02 4.088539999999999991e-04 1.000000000000000000e+00 1.593960000000000168e-02 1.606039999999999898e-02
1.454152891999999975e+00 1.665737899999999994e-02 4.126639999999999779e-04 1.000000000000000000e+00 1.623650000000000093e-02 1.635990000000000014e-02
1.454637610000000025e+00 1.684805300000000172e-02 4.159260000000000019e-04 1.000000000000000000e+00 1.649180000000000090e-02 1.661740000000000092e-02
1.455122489000000074e+00 1.700388400000000036e-02 4.186619999999999838e-04 1.000000000000000000e+00 1.670589999999999922e-02 1.683339999999999836e-02
1.455607529999999983e+00 1.713517700000000143e-02 4.209530000000000064e-04 1.000000000000000000e+00 1.688479999999999842e-02 1.701389999999999847e-02
1.456092731999999890e+00 1.724646499999999902e-02 4.228880000000000074e-04 1.000000000000000000e+00 1.703510000000000094e-02 1.716559999999999961e-02
1.456578096999999961e+00 1.733553300000000019e-02 4.245170000000000150e-04 1.000000000000000000e+00 1.716080000000000036e-02 1.729249999999999884e-02
1.457063623000000030e+00 1.739539500000000100e-02 4.258360000000000205e-04 1.000000000000000000e+00 1.726149999999999907e-02 1.739409999999999915e-02
1.457549310000000098e+00 1.741797499999999874e-02 4.267970000000000270e-04 1.000000000000000000e+00 1.733310000000000059e-02 1.746639999999999998e-02
1.458035160000000108e+00 1.739794399999999852e-02 4.273340000000000255e-04 1.000000000000000000e+00 1.737019999999999884e-02 1.750389999999999932e-02
1.458521171999999977e+00 1.733552299999999852e-02 4.273969999999999874e-04 1.000000000000000000e+00 1.736889999999999962e-02 1.750269999999999951e-02
1.459007345999999927e+00 1.723721799999999860e-02 4.269790000000000195e-04 1.000000000000000000e+00 1.732879999999999837e-02 1.746230000000000004e-02
1.459493681000000098e+00 1.711440300000000025e-02 4.261320000000000190e-04 1.000000000000000000e+00 1.725399999999999850e-02 1.738699999999999968e-02
1.459980178999999989e+00 1.698024999999999882e-02 4.249540000000000110e-04 1.000000000000000000e+00 1.715279999999999930e-02 1.728520000000000056e-02
1.460466838999999961e+00 1.684619099999999994e-02 4.235700000000000120e-04 1.000000000000000000e+00 1.703549999999999856e-02 1.716710000000000111e-02
1.460953662000000097e+00 1.671896200000000041e-02 4.221019999999999915e-04 1.000000000000000000e+00 1.691159999999999886e-02 1.704239999999999922e-02
1.461440646000000010e+00 1.659952199999999850e-02 4.206340000000000252e-04 1.000000000000000000e+00 1.678790000000000143e-02 1.691780000000000020e-02
1.461927793000000086e+00 1.648382899999999845e-02 4.192040000000000067e-04 1.000000000000000000e+00 1.666689999999999838e-02 1.679610000000000131e-02
1.462415102000000022e+00 1.636535299999999915e-02 4.177979999999999867e-04 1.000000000000000000e+00 1.654749999999999971e-02 1.667590000000000044e-02
1.462902573999999900e+00 1.623848899999999831e-02 4.163680000000000224e-04 1.000000000000000000e+00 1.642590000000000022e-02 1.655349999999999877e-02
1.463390208000000081e+00 1.610153599999999963e-02 4.148700000000000174e-04 1.000000000000000000e+00 1.629869999999999930e-02 1.642549999999999913e-02
1.463878004999999982e+00 1.595835500000000046e-02 4.132820000000000048e-04 1.000000000000000000e+00 1.616470000000000060e-02 1.629070000000000171e-02
1.464365963999999964e+00 1.581783700000000126e-02 4.116340000000000233e-04 1.000000000000000000e+00 1.602680000000000077e-02 1.615180000000000088e-02
1.464854086000000111e+00 1.569103999999999985e-02 4.099999999999999912e-04 1.000000000000000000e+00 1.589109999999999828e-02 1.601520000000000027e-02
1.465342370999999977e+00 1.558683100000000064e-02 4.084830000000000123e-04 1.000000000000000000e+00 1.576610000000000164e-02 1.588929999999999856e-02
1.465830819000000007e+00 1.550752000000000033e-02 4.071680000000000156e-04 1.000000000000000000e+00 1.565849999999999881e-02 1.578090000000000048e-02
1.466319428999999896e+00 1.544647499999999944e-02 4.060879999999999785e-04 1.000000000000000000e+00 1.557039999999999987e-02 1.569219999999999990e-02
1.466808201999999950e+00 1.538908299999999958e-02 4.051920000000000196e-04 1.000000000000000000e+00 1.549760000000000026e-02 1.561880000000000039e-02
1.467297137999999945e+00 1.531736799999999961e-02 4.043489999999999736e-04 1.000000000000000000e+00 1.542929999999999996e-02 1.555010000000000073e-02
1.467786237000000105e+00 1.521696500000000070e-02 4.033919999999999759e-04 1.000000000000000000e+00 1.535210000000000047e-02 1.547229999999999960e-02
1.468275498999999984e+00 1.508387299999999938e-02 4.021760000000000200e-04 1.000000000000000000e+00 1.525450000000000070e-02 1.537400000000000051e-02
1.468764924000000027e+00 1.492843100000000069e-02 4.006500000000000079e-04 1.000000000000000000e+00 1.513250000000000012e-02 1.525100000000000067e-02
1.469254513000000095e+00 1.477460100000000005e-02 3.988989999999999767e-04 1.000000000000000000e+00 1.499269999999999943e-02 1.511020000000000071e-02
1.469744264000000022e+00 1.465465200000000065e-02 3.971520000000000085e-04 1.000000000000000000e+00 1.485279999999999934e-02 1.496940000000000076e-02
1.470234178999999974e+00 1.460077700000000055e-02 3.957389999999999866e-04 1.000000000000000000e+00 1.473810000000000051e-02 1.485399999999999915e-02
1.470724257000000090e+00 1.463627299999999999e-02 3.950110000000000166e-04 1.000000000000000000e+00 1.467530000000000050e-02 1.479089999999999919e-02
1.471214497999999926e+00 1.476909099999999982e-02 3.952490000000000235e-04 1.000000000000000000e+00 1.468550000000000064e-02 1.480150000000000042e-02
1.471704903000000009e+00 1.498920999999999934e-02 3.965810000000000168e-04 1.000000000000000000e+00 1.477879999999999992e-02 1.489590000000000011e-02
1.472195471000000033e+00 1.527067499999999918e-02 3.989409999999999875e-04 1.000000000000000000e+00 1.495130000000000070e-02 1.506990000000000066e-02
1.472686203000000082e+00 1.557716200000000030e-02 4.020800000000000264e-04 1.000000000000000000e+00 1.518500000000000058e-02 1.530579999999999961e-02
1.473177098999999934e+00 1.586966199999999966e-02 4.056229999999999753e-04 1.000000000000000000e+00 1.545209999999999986e-02 1.557530000000000026e-02
1.473668157999999950e+00 1.611433699999999941e-02 4.091489999999999819e-04 1.000000000000000000e+00 1.572039999999999896e-02 1.584589999999999957e-02
1.474159379999999908e+00 1.628867900000000035e-02 4.122770000000000102e-04 1.000000000000000000e+00 1.595939999999999859e-02 1.608719999999999942e-02
1.474650766999999973e+00 1.638463999999999893e-02 4.147299999999999815e-04 1.000000000000000000e+00 1.614650000000000113e-02 1.627599999999999880e-02
1.475142316999999981e+00 1.640827300000000100e-02 4.163750000000000242e-04 1.000000000000000000e+00 1.626970000000000152e-02 1.640039999999999901e-02
1.475634031000000013e+00 1.637612800000000021e-02 4.172180000000000159e-04 1.000000000000000000e+00 1.632890000000000036e-02 1.646040000000000003e-02
1.476125909000000069e+00 1.630993899999999899e-02 4.173839999999999733e-04 1.000000000000000000e+00 1.633369999999999961e-02 1.646550000000000097e-02
1.476617950999999929e+00 1.623121799999999865e-02 4.170670000000000236e-04 1.000000000000000000e+00 1.629979999999999971e-02 1.643160000000000107e-02
1.477110157000000035e+00 1.615758299999999967e-02 4.164869999999999987e-04 1.000000000000000000e+00 1.624489999999999962e-02 1.637649999999999870e-02
1.477602526999999943e+00 1.610147400000000104e-02 4.158440000000000118e-04 1.000000000000000000e+00 1.618510000000000087e-02 1.631669999999999995e-02
1.478095061000000099e+00 1.607103600000000035e-02 4.153009999999999731e-04 1.000000000000000000e+00 1.613389999999999963e-02 1.626529999999999990e-02
1.478587759999999918e+00 1.607198300000000149e-02 4.149840000000000234e-04 1.000000000000000000e+00 1.610110000000000013e-02 1.623250000000000040e-02
1.479080621999999900e+00 1.610888599999999934e-02 4.149879999999999780e-04 1.000000000000000000e+00 1.609429999999999888e-02 1.622590000000000143e-02
1.479573648999999991e+00 1.618498100000000106e-02 4.153870000000000262e-04 1.000000000000000000e+00 1.611920000000000019e-02 1.625120000000000037e-02
1.480066840000000106e+00 1.630055000000000046e-02 4.162279999999999864e-04 1.000000000000000000e+00 1.617949999999999944e-02 1.631219999999999892e-02
1.480560196000000106e+00 1.645079400000000122e-02 4.175229999999999935e-04 1.000000000000000000e+00 1.627599999999999880e-02 1.640969999999999929e-02
1.481053715999999909e+00 1.662465800000000049e-02 4.192259999999999737e-04 1.000000000000000000e+00 1.640520000000000173e-02 1.654020000000000143e-02
1.481547401000000042e+00 1.680568699999999971e-02 4.212260000000000223e-04 1.000000000000000000e+00 1.655850000000000030e-02 1.669489999999999863e-02
1.482041249999999977e+00 1.697503900000000079e-02 4.233570000000000193e-04 1.000000000000000000e+00 1.672279999999999947e-02 1.686079999999999871e-02
1.482535264000000019e+00 1.711578399999999847e-02 4.254260000000000159e-04 1.000000000000000000e+00 1.688250000000000167e-02 1.702199999999999894e-02
1.483029442000000087e+00 1.721710900000000127e-02 4.272489999999999882e-04 1.000000000000000000e+00 1.702290000000000053e-02 1.716389999999999930e-02
1.483523785000000039e+00 1.727693699999999916e-02 4.286989999999999963e-04 1.000000000000000000e+00 1.713349999999999942e-02 1.727549999999999919e-02
1.484018293000000099e+00 1.730216899999999919e-02 4.297279999999999893e-04 1.000000000000000000e+00 1.720999999999999960e-02 1.735290000000000096e-02
1.484512966000000045e+00 1.730664700000000139e-02 4.303770000000000165e-04 1.000000000000000000e+00 1.725559999999999941e-02 1.739910000000000068e-02
1.485007804000000098e+00 1.730753599999999837e-02 4.307609999999999911e-04 1.000000000000000000e+00 1.727969999999999853e-02 1.742370000000000030e-02
1.485502805999999953e+00 1.732135200000000166e-02 4.310429999999999861e-04 1.000000000000000000e+00 1.729529999999999956e-02 1.743969999999999895e-02
1.485997973999999999e+00 1.736055099999999837e-02 4.313899999999999744e-04 1.000000000000000000e+00 1.731620000000000034e-02 1.746110000000000023e-02
1.486493306000000070e+00 1.743147000000000099e-02 4.319440000000000237e-04 1.000000000000000000e+00 1.735420000000000018e-02 1.749960000000000057e-02
1.486988804000000108e+00 1.753379999999999869e-02 4.327949999999999788e-04 1.000000000000000000e+00 1.741639999999999855e-02 1.756270000000000053e-02
1.487484467000000032e+00 1.766147399999999992e-02 4.339650000000000235e-04 1.000000000000000000e+00 1.750499999999999973e-02 1.765229999999999924e-02
1.487980295000000064e+00 1.780463100000000132e-02 4.354170000000000089e-04 1.000000000000000000e+00 1.761710000000000012e-02 1.776559999999999945e-02
1.488476289000000063e+00 1.795207500000000136e-02 4.370660000000000061e-04 1.000000000000000000e+00 1.774569999999999967e-02 1.789550000000000168e-02
1.488972447000000088e+00 1.809365300000000121e-02 4.388050000000000110e-04 1.000000000000000000e+00 1.788230000000000028e-02 1.803350000000000092e-02
1.489468771999999941e+00 1.822199799999999967e-02 4.405289999999999965e-04 1.000000000000000000e+00 1.801799999999999929e-02 1.817059999999999856e-02
1.489965261000000041e+00 1.833329900000000082e-02 4.421529999999999796e-04 1.000000000000000000e+00 1.814589999999999953e-02 1.829959999999999920e-02
1.490461916000000109e+00 1.842697700000000063e-02 4.436210000000000001e-04 1.000000000000000000e+00 1.826109999999999886e-02 1.841599999999999834e-02
1.490958736999999923e+00 1.850455000000000155e-02 4.449090000000000054e-04 1.000000000000000000e+00 1.836170000000000163e-02 1.851759999999999864e-02
1.491455723000000066e+00 1.856827200000000025e-02 4.460190000000000270e-04 1.000000000000000000e+00 1.844739999999999921e-02 1.860430000000000070e-02
1.491952874999999956e+00 1.862004500000000173e-02 4.469620000000000212e-04 1.000000000000000000e+00 1.851929999999999896e-02 1.867699999999999916e-02
1.492450193000000036e+00 1.866114799999999893e-02 4.477570000000000161e-04 1.000000000000000000e+00 1.857860000000000067e-02 1.873700000000000018e-02
1.492947676000000001e+00 1.869265200000000057e-02 4.484169999999999996e-04 1.000000000000000000e+00 1.862629999999999841e-02 1.878540000000000071e-02
1.493445324999999935e+00 1.871628100000000128e-02 4.489599999999999841e-04 1.000000000000000000e+00 1.866369999999999835e-02 1.882349999999999995e-02
1.493943140000000058e+00 1.873509900000000158e-02 4.494079999999999906e-04 1.000000000000000000e+00 1.869269999999999959e-02 1.885320000000000051e-02
1.494441120999999928e+00 1.875359500000000137e-02 4.497969999999999898e-04 1.000000000000000000e+00 1.871619999999999881e-02 1.887720000000000023e-02
1.494939269000000071e+00 1.877699000000000035e-02 4.501700000000000081e-04 1.000000000000000000e+00 1.873800000000000118e-02 1.889969999999999845e-02
1.495437582000000099e+00 1.881005800000000103e-02 4.505809999999999742e-04 1.000000000000000000e+00 1.876279999999999962e-02 1.892519999999999966e-02
1.495936061000000095e+00 1.885582599999999914e-02 4.510779999999999933e-04 1.000000000000000000e+00 1.879489999999999980e-02 1.895789999999999975e-02
1.496434706000000059e+00 1.891471200000000019e-02 4.516929999999999730e-04 1.000000000000000000e+00 1.883709999999999898e-02 1.900090000000000112e-02
1.496933518000000074e+00 1.898427499999999837e-02 4.524339999999999850e-04 1.000000000000000000e+00 1.889069999999999985e-02 1.905530000000000071e-02
1.497432496000000057e+00 1.905963700000000080e-02 4.532849999999999943e-04 1.000000000000000000e+00 1.895420000000000091e-02 1.911969999999999989e-02
1.497931640000000009e+00 1.913434400000000105e-02 4.541999999999999814e-04 1.000000000000000000e+00 1.902409999999999865e-02 1.919039999999999982e-02
1.498430949999999928e+00 1.920143399999999986e-02 4.551199999999999929e-04 1.000000000000000000e+00 1.909510000000000027e-02 1.926220000000000016e-02
1.498930426999999899e+00 1.925452500000000150e-02 4.559739999999999952e-04 1.000000000000000000e+00 1.916119999999999976e-02 1.932899999999999896e-02
1.499430070999999920e+00 1.928877799999999948e-02 4.566969999999999949e-04 1.000000000000000000e+00 1.921650000000000094e-02 1.938490000000000005e-02
1.499929880999999909e+00 1.930170700000000128e-02 4.572369999999999863e-04 1.000000000000000000e+00 1.925610000000000169e-02 1.942510000000000070e-02
1.500429857000000089e+00 1.929377100000000123e-02 4.575650000000000008e-04 1.000000000000000000e+00 1.927709999999999840e-02 1.944639999999999910e-02
1.500930000999999958e+00 1.926858199999999938e-02 4.576760000000000138e-04 1.000000000000000000e+00 1.927910000000000040e-02 1.944869999999999932e-02
1.501430311000000017e+00 1.923262499999999972e-02 4.576000000000000098e-04 1.000000000000000000e+00 1.926440000000000097e-02 1.943409999999999929e-02
1.501930787000000045e+00 1.919432800000000008e-02 4.573940000000000189e-04 1.000000000000000000e+00 1.923800000000000163e-02 1.940779999999999936e-02
1.502431430999999984e+00 1.916257299999999872e-02 4.571379999999999996e-04 1.000000000000000000e+00 1.920689999999999897e-02 1.937679999999999958e-02
1.502932241999999974e+00 1.914487000000000133e-02 4.569190000000000209e-04 1.000000000000000000e+00 1.917879999999999932e-02 1.934869999999999993e-02
1.503433218999999932e+00 1.914567799999999931e-02 4.568150000000000097e-04 1.000000000000000000e+00 1.916030000000000164e-02 1.933040000000000105e-02
1.503934362999999941e+00 1.916537600000000133e-02 4.568770000000000101e-04 1.000000000000000000e+00 1.915630000000000110e-02 1.932659999999999934e-02
1.504435675000000083e+00 1.920029399999999969e-02 4.571210000000000030e-04 1.000000000000000000e+00 1.916810000000000042e-02 1.933879999999999974e-02
1.504937152999999972e+00 1.924386599999999836e-02 4.575250000000000215e-04 1.000000000000000000e+00 1.919380000000000044e-02 1.936509999999999967e-02
1.505438798999999994e+00 1.928861999999999938e-02 4.580359999999999900e-04 1.000000000000000000e+00 1.922890000000000016e-02 1.940069999999999989e-02
1.505940612000000067e+00 1.932836599999999960e-02 4.585890000000000235e-04 1.000000000000000000e+00 1.926749999999999990e-02 1.943999999999999895e-02
1.506442591999999969e+00 1.935982300000000170e-02 4.591229999999999747e-04 1.000000000000000000e+00 1.930449999999999874e-02 1.947770000000000057e-02
1.506944740000000005e+00 1.938317000000000165e-02 4.596010000000000199e-04 1.000000000000000000e+00 1.933649999999999952e-02 1.951030000000000125e-02
1.507447055000000091e+00 1.940136699999999922e-02 4.600130000000000018e-04 1.000000000000000000e+00 1.936270000000000005e-02 1.953710000000000169e-02
1.507949537000000007e+00 1.941857899999999831e-02 4.603760000000000252e-04 1.000000000000000000e+00 1.938439999999999955e-02 1.955940000000000109e-02
1.508452187000000055e+00 1.943838000000000163e-02 4.607209999999999821e-04 1.000000000000000000e+00 1.940439999999999873e-02 1.958000000000000018e-02
1.508955003999999933e+00 1.946241799999999869e-02 4.610780000000000195e-04 1.000000000000000000e+00 1.942539999999999892e-02 1.960150000000000087e-02
1.509457988999999944e+00 1.948999800000000143e-02 4.614630000000000099e-04 1.000000000000000000e+00 1.944890000000000160e-02 1.962559999999999999e-02
1.509961142000000089e+00 1.951860299999999895e-02 4.618749999999999917e-04 1.000000000000000000e+00 1.947480000000000044e-02 1.965220000000000161e-02
1.510464462000000063e+00 1.954503299999999985e-02 4.622970000000000226e-04 1.000000000000000000e+00 1.950170000000000028e-02 1.967970000000000136e-02
1.510967949999999949e+00 1.956660799999999922e-02 4.627020000000000026e-04 1.000000000000000000e+00 1.952720000000000150e-02 1.970569999999999961e-02
1.511471605999999968e+00 1.958197299999999905e-02 4.630670000000000034e-04 1.000000000000000000e+00 1.954909999999999981e-02 1.972820000000000129e-02
1.511975429999999898e+00 1.959128499999999995e-02 4.633780000000000212e-04 1.000000000000000000e+00 1.956600000000000006e-02 1.974559999999999857e-02
1.512479421999999962e+00 1.959583700000000137e-02 4.636309999999999932e-04 1.000000000000000000e+00 1.957779999999999937e-02 1.975789999999999838e-02
1.512983581999999938e+00 1.959740000000000093e-02 4.638350000000000068e-04 1.000000000000000000e+00 1.958500000000000171e-02 1.976560000000000122e-02
1.513487910000000047e+00 1.959760400000000111e-02 4.640040000000000115e-04 1.000000000000000000e+00 1.958899999999999877e-02 1.976999999999999938e-02
1.513992406000000068e+00 1.959759000000000154e-02 4.641499999999999793e-04 1.000000000000000000e+00 1.959110000000000018e-02 1.977270000000000069e-02
1.514497070000000001e+00 1.959798700000000074e-02 4.642839999999999749e-04 1.000000000000000000e+00 1.959270000000000109e-02 1.977459999999999982e-02
1.515001902000000067e+00 1.959912899999999986e-02 4.644119999999999845e-04 1.000000000000000000e+00 1.959429999999999852e-02 1.977659999999999835e-02
1.515506902999999905e+00 1.960131799999999952e-02 4.645370000000000011e-04 1.000000000000000000e+00 1.959639999999999993e-02 1.977920000000000025e-02
1.516012072000000099e+00 1.960500000000000090e-02 4.646660000000000265e-04 1.000000000000000000e+00 1.959949999999999887e-02 1.978250000000000147e-02
1.516517408999999983e+00 1.961074999999999971e-02 4.648019999999999994e-04 1.000000000000000000e+00 1.960359999999999880e-02 1.978689999999999963e-02
1.517022915000000083e+00 1.961912500000000115e-02 4.649550000000000232e-04 1.000000000000000000e+00 1.960920000000000024e-02 1.979279999999999928e-02
1.517528589000000094e+00 1.963045199999999962e-02 4.651330000000000069e-04 1.000000000000000000e+00 1.961670000000000080e-02 1.980060000000000153e-02
1.518034432000000100e+00 1.964465500000000045e-02 4.653430000000000066e-04 1.000000000000000000e+00 1.962639999999999871e-02 1.981070000000000053e-02
1.518540444000000100e+00 1.966119300000000042e-02 4.655880000000000153e-04 1.000000000000000000e+00 1.963840000000000030e-02 1.982309999999999975e-02
1.519046624000000012e+00 1.967912000000000133e-02 4.658640000000000242e-04 1.000000000000000000e+00 1.965259999999999924e-02 1.983769999999999978e-02
1.519552972999999918e+00 1.969723899999999833e-02 4.661649999999999930e-04 1.000000000000000000e+00 1.966829999999999967e-02 1.985390000000000071e-02
1.520059489999999958e+00 1.971429200000000131e-02 4.664770000000000266e-04 1.000000000000000000e+00 1.968490000000000170e-02 1.987099999999999977e-02
1.520566177000000074e+00 1.972915999999999906e-02 4.667849999999999972e-04 1.000000000000000000e+00 1.970119999999999857e-02 1.988780000000000062e-02
1.521073032000000103e+00 1.974101300000000170e-02 4.670750000000000097e-04 1.000000000000000000e+00 1.971639999999999851e-02 1.990350000000000105e-02
1.521580056999999986e+00 1.974940999999999849e-02 4.673349999999999835e-04 1.000000000000000000e+00 1.972959999999999992e-02 1.991710000000000008e-02
1.522087250000000003e+00 1.975432300000000072e-02 4.675540000000000165e-04 1.000000000000000000e+00 1.974010000000000001e-02 1.992789999999999839e-02
1.522594612000000014e+00 1.975610499999999950e-02 4.677300000000000229e-04 1.000000000000000000e+00 1.974769999999999998e-02 1.993570000000000064e-02
1.523102144000000102e+00 1.975539800000000040e-02 4.678640000000000186e-04 1.000000000000000000e+00 1.975220000000000101e-02 1.994040000000000049e-02
1.523609844999999963e+00 1.975301800000000066e-02 4.679619999999999895e-04 1.000000000000000000e+00 1.975410000000000013e-02 1.994229999999999961e-02
1.524117715000000040e+00 1.974980800000000064e-02 4.680330000000000232e-04 1.000000000000000000e+00 1.975359999999999963e-02 1.994200000000000139e-02
1.524625754000000111e+00 1.974650899999999890e-02 4.680889999999999834e-04 1.000000000000000000e+00 1.975160000000000110e-02 1.994009999999999880e-02
1.525133961999999954e+00 1.974365200000000042e-02 4.681409999999999890e-04 1.000000000000000000e+00 1.974849999999999869e-02 1.993730000000000155e-02
1.525642340000000097e+00 1.974150100000000158e-02 4.681980000000000191e-04 1.000000000000000000e+00 1.974510000000000154e-02 1.993419999999999914e-02
1.526150888000000094e+00 1.974005399999999993e-02 4.682679999999999829e-04 1.000000000000000000e+00 1.974189999999999973e-02 1.993129999999999902e-02
1.526659605000000086e+00 1.973909199999999975e-02 4.683520000000000044e-04 1.000000000000000000e+00 1.973899999999999960e-02 1.992889999999999939e-02
1.527168491000000072e+00 1.973826899999999926e-02 4.684499999999999754e-04 1.000000000000000000e+00 1.973679999999999879e-02 1.992719999999999908e-02
1.527677546999999914e+00 1.973720899999999862e-02 4.685539999999999866e-04 1.000000000000000000e+00 1.973520000000000135e-02 1.992599999999999927e-02
1.528186773000000054e+00 1.973557299999999931e-02 4.686599999999999750e-04 1.000000000000000000e+00 1.973389999999999866e-02 1.992520000000000055e-02
1.528696169000000049e+00 1.973308699999999985e-02 4.687590000000000159e-04 1.000000000000000000e+00 1.973280000000000173e-02 1.992439999999999836e-02
1.529205734000000039e+00 1.972952799999999965e-02 4.688459999999999763e-04 1.000000000000000000e+00 1.973120000000000082e-02 1.992319999999999855e-02
1.529715469999999966e+00 1.972469500000000042e-02 4.689149999999999785e-04 1.000000000000000000e+00 1.972890000000000060e-02 1.992100000000000121e-02
1.530225375000000110e+00 1.971840299999999893e-02 4.689639999999999911e-04 1.000000000000000000e+00 1.972530000000000117e-02 1.991760000000000058e-02
1.530735450000000109e+00 1.971052100000000168e-02 4.689930000000000140e-04 1.000000000000000000e+00 1.972010000000000082e-02 1.991249999999999964e-02
1.531245694999999962e+00 1.970106699999999919e-02 4.690030000000000089e-04 1.000000000000000000e+00 1.971300000000000135e-02 1.990549999999999958e-02
1.531756109999999893e+00 1.969031499999999990e-02 4.689970000000000228e-04 1.000000000000000000e+00 1.970399999999999929e-02 1.989669999999999980e-02
1.532266695999999984e+00 1.967887899999999982e-02 4.689809999999999877e-04 1.000000000000000000e+00 1.969349999999999920e-02 1.988629999999999912e-02
1.532777451000000069e+00 1.966769200000000051e-02 4.689620000000000138e-04 1.000000000000000000e+00 1.968210000000000098e-02 1.987519999999999912e-02
1.533288377000000091e+00 1.965787399999999879e-02 4.689490000000000260e-04 1.000000000000000000e+00 1.967069999999999930e-02 1.986409999999999912e-02
1.533799472999999969e+00 1.965048800000000068e-02 4.689529999999999805e-04 1.000000000000000000e+00 1.966060000000000030e-02 1.985429999999999834e-02
1.534310740000000006e+00 1.964627099999999987e-02 4.689820000000000035e-04 1.000000000000000000e+00 1.965259999999999924e-02 1.984659999999999896e-02
1.534822176000000038e+00 1.964540999999999857e-02 4.690410000000000109e-04 1.000000000000000000e+00 1.964739999999999889e-02 1.984179999999999972e-02
1.535333784000000090e+00 1.964745999999999854e-02 4.691340000000000115e-04 1.000000000000000000e+00 1.964520000000000155e-02 1.984009999999999940e-02
1.535845561999999997e+00 1.965143600000000129e-02 4.692559999999999809e-04 1.000000000000000000e+00 1.964580000000000146e-02 1.984100000000000100e-02
1.536357509999999982e+00 1.965607399999999907e-02 4.693990000000000098e-04 1.000000000000000000e+00 1.964830000000000049e-02 1.984390000000000112e-02
1.536869628999999904e+00 1.966016599999999975e-02 4.695529999999999951e-04 1.000000000000000000e+00 1.965180000000000052e-02 1.984779999999999878e-02
1.537381918999999986e+00 1.966288399999999853e-02 4.697069999999999804e-04 1.000000000000000000e+00 1.965520000000000114e-02 1.985169999999999990e-02
1.537894380000000005e+00 1.966397599999999968e-02 4.698510000000000251e-04 1.000000000000000000e+00 1.965789999999999899e-02 1.985490000000000171e-02
1.538407011000000102e+00 1.966379399999999833e-02 4.699819999999999736e-04 1.000000000000000000e+00 1.965959999999999930e-02 1.985699999999999965e-02
1.538919813999999997e+00 1.966314099999999856e-02 4.700999999999999884e-04 1.000000000000000000e+00 1.966040000000000149e-02 1.985810000000000006e-02
1.539432786999999969e+00 1.966301599999999844e-02 4.702099999999999856e-04 1.000000000000000000e+00 1.966079999999999911e-02 1.985889999999999878e-02
1.539945931000000101e+00 1.966432300000000091e-02 4.703199999999999829e-04 1.000000000000000000e+00 1.966139999999999902e-02 1.985980000000000037e-02
1.540459247000000031e+00 1.966765200000000074e-02 4.704399999999999749e-04 1.000000000000000000e+00 1.966290000000000052e-02 1.986169999999999949e-02
1.540972733000000039e+00 1.967316200000000098e-02 4.705770000000000178e-04 1.000000000000000000e+00 1.966580000000000064e-02 1.986500000000000071e-02
1.541486391000000067e+00 1.968060099999999896e-02 4.707359999999999735e-04 1.000000000000000000e+00 1.967030000000000167e-02 1.986989999999999937e-02
1.542000218999999950e+00 1.968941499999999831e-02 4.709170000000000044e-04 1.000000000000000000e+00 1.967630000000000073e-02 1.987639999999999893e-02
1.542514219000000075e+00 1.969890399999999972e-02 4.711180000000000250e-04 1.000000000000000000e+00 1.968340000000000020e-02 1.988399999999999890e-02
1.543028390999999999e+00 1.970838199999999998e-02 4.713340000000000108e-04 1.000000000000000000e+00 1.969129999999999839e-02 1.989240000000000105e-02
1.543542734000000083e+00 1.971729200000000085e-02 4.715610000000000071e-04 1.000000000000000000e+00 1.969929999999999945e-02 1.990110000000000143e-02
1.544057248000000104e+00 1.972526800000000066e-02 4.717899999999999807e-04 1.000000000000000000e+00 1.970730000000000051e-02 1.990969999999999893e-02
1.544571933999999924e+00 1.973213999999999871e-02 4.720179999999999927e-04 1.000000000000000000e+00 1.971480000000000107e-02 1.991789999999999880e-02
1.545086790999999904e+00 1.973789399999999888e-02 4.722379999999999872e-04 1.000000000000000000e+00 1.972180000000000114e-02 1.992560000000000164e-02
1.545601819999999904e+00 1.974261600000000103e-02 4.724479999999999869e-04 1.000000000000000000e+00 1.972809999999999842e-02 1.993249999999999883e-02
1.546117020999999925e+00 1.974642500000000148e-02 4.726449999999999987e-04 1.000000000000000000e+00 1.973369999999999985e-02 1.993870000000000017e-02
1.546632393000000105e+00 1.974943599999999869e-02 4.728280000000000070e-04 1.000000000000000000e+00 1.973859999999999851e-02 1.994419999999999873e-02
1.547147937000000084e+00 1.975172799999999965e-02 4.729959999999999959e-04 1.000000000000000000e+00 1.974280000000000132e-02 1.994889999999999858e-02
1.547663653000000084e+00 1.975334600000000149e-02 4.731499999999999812e-04 1.000000000000000000e+00 1.974619999999999848e-02 1.995289999999999911e-02
1.548179541000000103e+00 1.975431399999999851e-02 4.732909999999999786e-04 1.000000000000000000e+00 1.974889999999999979e-02 1.995589999999999864e-02
1.548695600999999922e+00 1.975464700000000018e-02 4.734200000000000040e-04 1.000000000000000000e+00 1.975060000000000010e-02 1.995819999999999886e-02
1.549211832999999983e+00 1.975436599999999890e-02 4.735399999999999961e-04 1.000000000000000000e+00 1.975150000000000169e-02 1.995950000000000155e-02
1.549728237000000064e+00 1.975351200000000085e-02 4.736510000000000091e-04 1.000000000000000000e+00 1.975160000000000110e-02 1.995999999999999858e-02
1.550244812999999944e+00 1.975215599999999988e-02 4.737559999999999818e-04 1.000000000000000000e+00 1.975079999999999891e-02 1.995970000000000036e-02
1.550761561000000066e+00 1.975041199999999844e-02 4.738589999999999773e-04 1.000000000000000000e+00 1.974940000000000029e-02 1.995869999999999936e-02
1.551278480999999987e+00 1.974844400000000041e-02 4.739589999999999797e-04 1.000000000000000000e+00 1.974760000000000057e-02 1.995740000000000014e-02
1.551795574000000011e+00 1.974646199999999935e-02 4.740589999999999821e-04 1.000000000000000000e+00 1.974559999999999857e-02 1.995579999999999923e-02
1.552312839000000055e+00 1.974470099999999992e-02 4.741600000000000003e-04 1.000000000000000000e+00 1.974369999999999944e-02 1.995440000000000061e-02
1.552830276999999981e+00 1.974338399999999924e-02 4.742619999999999800e-04 1.000000000000000000e+00 1.974220000000000141e-02 1.995339999999999961e-02
1.553347886999999927e+00 1.974267099999999983e-02 4.743649999999999755e-04 1.000000000000000000e+00 1.974139999999999923e-02 1.995299999999999851e-02
1.553865669999999977e+00 1.974261899999999945e-02 4.744689999999999867e-04 1.000000000000000000e+00 1.974129999999999982e-02 1.995320000000000080e-02
1.554383625000000047e+00 1.974314599999999961e-02 4.745719999999999821e-04 1.000000000000000000e+00 1.974180000000000032e-02 1.995399999999999952e-02
1.554901752999999998e+00 1.974403300000000111e-02 4.746749999999999776e-04 1.000000000000000000e+00 1.974290000000000073e-02 1.995529999999999873e-02
1.555420052999999969e+00 1.974495100000000017e-02 4.747770000000000115e-04 1.000000000000000000e+00 1.974400000000000113e-02 1.995660000000000142e-02
1.555938526999999905e+00 1.974552200000000146e-02 4.748770000000000139e-04 1.000000000000000000e+00 1.974479999999999985e-02 1.995759999999999895e-02
1.556457173000000083e+00 1.974538799999999913e-02 4.749749999999999849e-04 1.000000000000000000e+00 1.974489999999999926e-02 1.995809999999999945e-02
1.556975991999999920e+00 1.974428599999999978e-02 4.750719999999999943e-04 1.000000000000000000e+00 1.974410000000000054e-02 1.995759999999999895e-02
1.557494984000000082e+00 1.974209700000000012e-02 4.751660000000000107e-04 1.000000000000000000e+00 1.974220000000000141e-02 1.995610000000000092e-02
1.558014148999999904e+00 1.973886600000000074e-02 4.752590000000000113e-04 1.000000000000000000e+00 1.973919999999999841e-02 1.995370000000000130e-02
1.558533487000000051e+00 1.973478399999999827e-02 4.753499999999999804e-04 1.000000000000000000e+00 1.973540000000000016e-02 1.995040000000000008e-02
1.559052998000000079e+00 1.973014500000000102e-02 4.754399999999999881e-04 1.000000000000000000e+00 1.973089999999999913e-02 1.994659999999999836e-02
1.559572683000000071e+00 1.972528299999999971e-02 4.755280000000000184e-04 1.000000000000000000e+00 1.972629999999999870e-02 1.994260000000000130e-02
1.560092540000000083e+00 1.972051500000000096e-02 4.756149999999999788e-04 1.000000000000000000e+00 1.972159999999999885e-02 1.993860000000000077e-02
1.560612571000000059e+00 1.971606999999999874e-02 4.757009999999999776e-04 1.000000000000000000e+00 1.971739999999999951e-02 1.993500000000000133e-02
1.561132774999999917e+00 1.971204500000000095e-02 4.757849999999999992e-04 1.000000000000000000e+00 1.971360000000000126e-02 1.993170000000000011e-02
1.561653152999999961e+00 1.970833599999999991e-02 4.758659999999999735e-04 1.000000000000000000e+00 1.971030000000000004e-02 1.992899999999999880e-02
1.562173704000000107e+00 1.970457800000000037e-02 4.759429999999999932e-04 1.000000000000000000e+00 1.970739999999999992e-02 1.992640000000000036e-02
1.562694427999999913e+00 1.970005899999999893e-02 4.760109999999999797e-04 1.000000000000000000e+00 1.970430000000000098e-02 1.992369999999999905e-02
1.563215326999999988e+00 1.969366000000000172e-02 4.760650000000000168e-04 1.000000000000000000e+00 1.970030000000000045e-02 1.992000000000000021e-02
1.563736398000000083e+00 1.968381099999999898e-02 4.760960000000000170e-04 1.000000000000000000e+00 1.969440000000000079e-02 1.991439999999999877e-02
1.564257644000000003e+00 1.966850800000000121e-02 4.760890000000000152e-04 1.000000000000000000e+00 1.968519999999999992e-02 1.990540000000000018e-02
1.564779063000000026e+00 1.964540199999999931e-02 4.760259999999999990e-04 1.000000000000000000e+00 1.967079999999999870e-02 1.989120000000000124e-02
1.565300656000000012e+00 1.961198000000000108e-02 4.758860000000000173e-04 1.000000000000000000e+00 1.964930000000000149e-02 1.986989999999999937e-02
1.565822422999999963e+00 1.956584499999999838e-02 4.756429999999999859e-04 1.000000000000000000e+00 1.961850000000000052e-02 1.983920000000000128e-02
1.566344364000000100e+00 1.950508600000000134e-02 4.752690000000000061e-04 1.000000000000000000e+00 1.957650000000000015e-02 1.979730000000000031e-02
1.566866477999999896e+00 1.942870000000000014e-02 4.747409999999999868e-04 1.000000000000000000e+00 1.952150000000000066e-02 1.974220000000000141e-02
1.567388766999999961e+00 1.933703499999999895e-02 4.740430000000000013e-04 1.000000000000000000e+00 1.945250000000000104e-02 1.967299999999999952e-02
1.567911229999999989e+00 1.923216300000000004e-02 4.731709999999999866e-04 1.000000000000000000e+00 1.936950000000000130e-02 1.958959999999999868e-02
1.568433866999999982e+00 1.911810200000000140e-02 4.721390000000000005e-04 1.000000000000000000e+00 1.927390000000000006e-02 1.949340000000000100e-02
1.568956679000000021e+00 1.900073999999999860e-02 4.709830000000000136e-04 1.000000000000000000e+00 1.916879999999999973e-02 1.938749999999999848e-02
1.569479663999999941e+00 1.888741500000000115e-02 4.697610000000000175e-04 1.000000000000000000e+00 1.905870000000000133e-02 1.927660000000000137e-02
1.570002823999999908e+00 1.878608699999999992e-02 4.685490000000000163e-04 1.000000000000000000e+00 1.894989999999999869e-02 1.916700000000000001e-02
1.570526158000000061e+00 1.870420100000000016e-02 4.674340000000000244e-04 1.000000000000000000e+00 1.884919999999999998e-02 1.906559999999999852e-02
1.571049667000000039e+00 1.864740200000000042e-02 4.665019999999999866e-04 1.000000000000000000e+00 1.876349999999999893e-02 1.897930000000000103e-02
1.571573349999999980e+00 1.861839599999999886e-02 4.658229999999999749e-04 1.000000000000000000e+00 1.869830000000000103e-02 1.891390000000000085e-02
1.572097207999999968e+00 1.861624799999999844e-02 4.654409999999999776e-04 1.000000000000000000e+00 1.865690000000000057e-02 1.887259999999999979e-02
1.572621239999999920e+00 1.863636999999999933e-02 4.653600000000000033e-04 1.000000000000000000e+00 1.863980000000000151e-02 1.885600000000000123e-02
1.573145448000000002e+00 1.867130499999999915e-02 4.655479999999999818e-04 1.000000000000000000e+00 1.864439999999999847e-02 1.886130000000000098e-02
1.573669828999999964e+00 1.871218200000000081e-02 4.659360000000000194e-04 1.000000000000000000e+00 1.866510000000000044e-02 1.888300000000000048e-02
1.574194386000000057e+00 1.875053399999999926e-02 4.664369999999999931e-04 1.000000000000000000e+00 1.869509999999999922e-02 1.891400000000000026e-02
1.574719116999999891e+00 1.878004399999999921e-02 4.669610000000000037e-04 1.000000000000000000e+00 1.872700000000000059e-02 1.894699999999999857e-02
1.575244024000000076e+00 1.879775900000000069e-02 4.674340000000000244e-04 1.000000000000000000e+00 1.875490000000000143e-02 1.897590000000000041e-02
1.575769105000000003e+00 1.880446200000000095e-02 4.678109999999999972e-04 1.000000000000000000e+00 1.877519999999999883e-02 1.899709999999999940e-02
1.576294360999999977e+00 1.880414700000000022e-02 4.680849999999999746e-04 1.000000000000000000e+00 1.878720000000000043e-02 1.900989999999999971e-02
1.576819793000000081e+00 1.880275899999999875e-02 4.682789999999999934e-04 1.000000000000000000e+00 1.879300000000000068e-02 1.901629999999999987e-02
1.577345400000000009e+00 1.880661200000000033e-02 4.684450000000000051e-04 1.000000000000000000e+00 1.879669999999999952e-02 1.902059999999999862e-02
1.577871180999999901e+00 1.882089500000000068e-02 4.686420000000000169e-04 1.000000000000000000e+00 1.880300000000000027e-02 1.902759999999999868e-02
1.578397137999999922e+00 1.884866400000000108e-02 4.689259999999999891e-04 1.000000000000000000e+00 1.881659999999999930e-02 1.904190000000000049e-02
1.578923271000000073e+00 1.889047900000000169e-02 4.693349999999999779e-04 1.000000000000000000e+00 1.884069999999999842e-02 1.906669999999999893e-02
1.579449579000000048e+00 1.894467199999999921e-02 4.698859999999999799e-04 1.000000000000000000e+00 1.887650000000000092e-02 1.910339999999999955e-02
1.579976062000000070e+00 1.900804299999999877e-02 4.705740000000000248e-04 1.000000000000000000e+00 1.892359999999999876e-02 1.915149999999999839e-02
1.580502719999999917e+00 1.907671600000000051e-02 4.713729999999999743e-04 1.000000000000000000e+00 1.898000000000000034e-02 1.920900000000000038e-02
1.581029554999999975e+00 1.914690000000000142e-02 4.722489999999999978e-04 1.000000000000000000e+00 1.904279999999999862e-02 1.927289999999999906e-02
1.581556563999999998e+00 1.921539699999999865e-02 4.731620000000000075e-04 1.000000000000000000e+00 1.910869999999999930e-02 1.934009999999999896e-02
1.582083750000000011e+00 1.927982799999999886e-02 4.740780000000000102e-04 1.000000000000000000e+00 1.917490000000000167e-02 1.940750000000000114e-02
1.582611111000000070e+00 1.933862399999999870e-02 4.749660000000000058e-04 1.000000000000000000e+00 1.923880000000000035e-02 1.947259999999999963e-02
1.583138648000000037e+00 1.939089899999999964e-02 4.758039999999999731e-04 1.000000000000000000e+00 1.929849999999999968e-02 1.953349999999999878e-02
1.583666360999999911e+00 1.943628199999999917e-02 4.765780000000000168e-04 1.000000000000000000e+00 1.935279999999999986e-02 1.958889999999999937e-02
1.584194249999999915e+00 1.947478600000000087e-02 4.772800000000000111e-04 1.000000000000000000e+00 1.940100000000000158e-02 1.963820000000000149e-02
1.584722315000000048e+00 1.950670800000000107e-02 4.779060000000000014e-04 1.000000000000000000e+00 1.944279999999999967e-02 1.968109999999999998e-02
1.585250555000000006e+00 1.953256500000000173e-02 4.784570000000000034e-04 1.000000000000000000e+00 1.947820000000000107e-02 1.971749999999999892e-02
1.585778971999999953e+00 1.955303099999999850e-02 4.789360000000000102e-04 1.000000000000000000e+00 1.950769999999999935e-02 1.974800000000000166e-02
1.586307565000000031e+00 1.956886799999999968e-02 4.793490000000000077e-04 1.000000000000000000e+00 1.953169999999999906e-02 1.977289999999999950e-02
1.586836335000000098e+00 1.958085000000000034e-02 4.797029999999999979e-04 1.000000000000000000e+00 1.955099999999999894e-02 1.979300000000000156e-02
1.587365279999999990e+00 1.958969899999999861e-02 4.800040000000000209e-04 1.000000000000000000e+00 1.956619999999999887e-02 1.980890000000000081e-02
1.587894402000000094e+00 1.959603399999999829e-02 4.802610000000000017e-04 1.000000000000000000e+00 1.957779999999999937e-02 1.982120000000000062e-02
1.588423700000000105e+00 1.960034199999999976e-02 4.804799999999999805e-04 1.000000000000000000e+00 1.958649999999999974e-02 1.983060000000000031e-02
1.588953174000000024e+00 1.960298499999999985e-02 4.806689999999999748e-04 1.000000000000000000e+00 1.959280000000000049e-02 1.983740000000000156e-02
1.589482824999999933e+00 1.960421099999999986e-02 4.808319999999999934e-04 1.000000000000000000e+00 1.959690000000000043e-02 1.984210000000000140e-02
1.590012653000000054e+00 1.960417999999999883e-02 4.809759999999999838e-04 1.000000000000000000e+00 1.959920000000000065e-02 1.984489999999999865e-02
1.590542657000000082e+00 1.960297600000000112e-02 4.811039999999999935e-04 1.000000000000000000e+00 1.959989999999999996e-02 1.984620000000000134e-02
1.591072838000000100e+00 1.960061000000000095e-02 4.812190000000000152e-04 1.000000000000000000e+00 1.959920000000000065e-02 1.984599999999999906e-02
1.591603196000000109e+00 1.959699900000000036e-02 4.813220000000000107e-04 1.000000000000000000e+00 1.959709999999999924e-02 1.984450000000000103e-02
1.592133730000000025e+00 1.959191399999999847e-02 4.814139999999999956e-04 1.000000000000000000e+00 1.959359999999999921e-02 1.984179999999999972e-02
1.592664440999999931e+00 1.958492300000000061e-02 4.814910000000000153e-04 1.000000000000000000e+00 1.958879999999999996e-02 1.983760000000000037e-02
1.593195329999999910e+00 1.957530999999999854e-02 4.815490000000000070e-04 1.000000000000000000e+00 1.958220000000000099e-02 1.983170000000000072e-02
1.593726395000000018e+00 1.956200599999999984e-02 4.815789999999999915e-04 1.000000000000000000e+00 1.957319999999999893e-02 1.982350000000000084e-02
1.594257636999999894e+00 1.954354399999999950e-02 4.815689999999999966e-04 1.000000000000000000e+00 1.956110000000000140e-02 1.981190000000000034e-02
1.594789055999999983e+00 1.951807800000000120e-02 4.815020000000000259e-04 1.000000000000000000e+00 1.954430000000000056e-02 1.979569999999999941e-02
1.595320652000000061e+00 1.948348899999999967e-02 4.813579999999999812e-04 1.000000000000000000e+00 1.952140000000000125e-02 1.977320000000000119e-02
1.595852425999999991e+00 1.943761199999999995e-02 4.811130000000000267e-04 1.000000000000000000e+00 1.949019999999999919e-02 1.974240000000000023e-02
1.596384376999999910e+00 1.937857999999999942e-02 4.807430000000000015e-04 1.000000000000000000e+00 1.944900000000000101e-02 1.970130000000000145e-02
1.596916505000000042e+00 1.930527199999999832e-02 4.802259999999999927e-04 1.000000000000000000e+00 1.939580000000000123e-02 1.964810000000000167e-02
1.597448809999999941e+00 1.921778199999999923e-02 4.795479999999999968e-04 1.000000000000000000e+00 1.932949999999999946e-02 1.958170000000000049e-02
1.597981292999999914e+00 1.911782999999999885e-02 4.787069999999999824e-04 1.000000000000000000e+00 1.924990000000000034e-02 1.950170000000000028e-02
1.598513953999999959e+00 1.900900499999999896e-02 4.777170000000000071e-04 1.000000000000000000e+00 1.915829999999999964e-02 1.940959999999999908e-02
1.599046791999999995e+00 1.889673999999999868e-02 4.766099999999999785e-04 1.000000000000000000e+00 1.905750000000000152e-02 1.930820000000000106e-02
1.599579807000000020e+00 1.878793399999999919e-02 4.754399999999999881e-04 1.000000000000000000e+00 1.895200000000000010e-02 1.920209999999999972e-02
1.600113000999999979e+00 1.869021400000000013e-02 4.742759999999999836e-04 1.000000000000000000e+00 1.884780000000000136e-02 1.909699999999999939e-02
1.600646371999999928e+00 1.861087900000000031e-02 4.732000000000000095e-04 1.000000000000000000e+00 1.875129999999999852e-02 1.899980000000000072e-02
1.601179920000000090e+00 1.855567799999999906e-02 4.722929999999999858e-04 1.000000000000000000e+00 1.866920000000000038e-02 1.891709999999999919e-02
1.601713646999999963e+00 1.852766999999999956e-02 4.716249999999999848e-04 1.000000000000000000e+00 1.860689999999999913e-02 1.885440000000000033e-02
1.602247551999999908e+00 1.852642499999999914e-02 4.712410000000000101e-04 1.000000000000000000e+00 1.856779999999999889e-02 1.881520000000000067e-02
1.602781634000000066e+00 1.854785000000000114e-02 4.711529999999999798e-04 1.000000000000000000e+00 1.855269999999999836e-02 1.880019999999999955e-02
1.603315894999999935e+00 1.858477899999999919e-02 4.713319999999999793e-04 1.000000000000000000e+00 1.855909999999999851e-02 1.880700000000000080e-02
1.603850333000000017e+00 1.862827900000000106e-02 4.717170000000000239e-04 1.000000000000000000e+00 1.858179999999999901e-02 1.883030000000000120e-02
1.604384950000000032e+00 1.866940599999999950e-02 4.722209999999999906e-04 1.000000000000000000e+00 1.861379999999999979e-02 1.886310000000000070e-02
1.604919744999999898e+00 1.870099700000000045e-02 4.727530000000000187e-04 1.000000000000000000e+00 1.864760000000000029e-02 1.889779999999999932e-02
1.605454718000000058e+00 1.871902500000000025e-02 4.732310000000000097e-04 1.000000000000000000e+00 1.867670000000000094e-02 1.892780000000000157e-02
1.605989869999999931e+00 1.872318800000000172e-02 4.736009999999999808e-04 1.000000000000000000e+00 1.869679999999999953e-02 1.894869999999999888e-02
1.606525200000000098e+00 1.871662899999999852e-02 4.738419999999999807e-04 1.000000000000000000e+00 1.870629999999999862e-02 1.895890000000000075e-02
1.607060707999999893e+00 1.870492799999999914e-02 4.739710000000000060e-04 1.000000000000000000e+00 1.870660000000000031e-02 1.895989999999999828e-02
1.607596395000000067e+00 1.869470599999999844e-02 4.740309999999999750e-04 1.000000000000000000e+00 1.870139999999999997e-02 1.895519999999999844e-02
1.608132260999999952e+00 1.869222499999999981e-02 4.740829999999999806e-04 1.000000000000000000e+00 1.869569999999999912e-02 1.895010000000000097e-02
1.608668304999999910e+00 1.870227099999999948e-02 4.741899999999999848e-04 1.000000000000000000e+00 1.869470000000000159e-02 1.894969999999999988e-02
1.609204526999999940e+00 1.872749199999999836e-02 4.744090000000000177e-04 1.000000000000000000e+00 1.870290000000000147e-02 1.895849999999999966e-02
1.609740928999999987e+00 1.876821600000000076e-02 4.747749999999999800e-04 1.000000000000000000e+00 1.872319999999999887e-02 1.897959999999999925e-02
1.610277509000000107e+00 1.882266499999999884e-02 4.753049999999999766e-04 1.000000000000000000e+00 1.875680000000000056e-02 1.901419999999999846e-02
1.610814267999999938e+00 1.888746599999999859e-02 4.759899999999999743e-04 1.000000000000000000e+00 1.880300000000000027e-02 1.906149999999999858e-02
1.611351207000000008e+00 1.895833599999999924e-02 4.768050000000000131e-04 1.000000000000000000e+00 1.885960000000000067e-02 1.911929999999999880e-02
1.611888323999999928e+00 1.903079800000000155e-02 4.777110000000000210e-04 1.000000000000000000e+00 1.892339999999999994e-02 1.918450000000000016e-02
1.612425620000000004e+00 1.910082199999999994e-02 4.786610000000000170e-04 1.000000000000000000e+00 1.899050000000000044e-02 1.925309999999999869e-02
1.612963095000000013e+00 1.916527900000000034e-02 4.796110000000000130e-04 1.000000000000000000e+00 1.905750000000000152e-02 1.932160000000000127e-02
1.613500748999999956e+00 1.922217000000000023e-02 4.805240000000000227e-04 1.000000000000000000e+00 1.912120000000000139e-02 1.938689999999999858e-02
1.614038582999999916e+00 1.927061899999999925e-02 4.813710000000000233e-04 1.000000000000000000e+00 1.917939999999999923e-02 1.944660000000000138e-02
1.614576596000000031e+00 1.931070799999999935e-02 4.821359999999999795e-04 1.000000000000000000e+00 1.923069999999999988e-02 1.949940000000000007e-02
1.615114788000000079e+00 1.934319699999999947e-02 4.828109999999999824e-04 1.000000000000000000e+00 1.927469999999999878e-02 1.954480000000000106e-02
1.615653159999999922e+00 1.936923499999999854e-02 4.833980000000000091e-04 1.000000000000000000e+00 1.931170000000000109e-02 1.958309999999999912e-02
1.616191710999999920e+00 1.939008799999999977e-02 4.839050000000000231e-04 1.000000000000000000e+00 1.934239999999999918e-02 1.961490000000000108e-02
1.616730441000000074e+00 1.940693699999999910e-02 4.843399999999999875e-04 1.000000000000000000e+00 1.936770000000000158e-02 1.964120000000000102e-02
1.617269351000000022e+00 1.942073500000000147e-02 4.847159999999999989e-04 1.000000000000000000e+00 1.938849999999999948e-02 1.966280000000000111e-02
1.617808440999999986e+00 1.943214999999999873e-02 4.850419999999999818e-04 1.000000000000000000e+00 1.940559999999999855e-02 1.968069999999999889e-02
1.618347710999999967e+00 1.944155900000000062e-02 4.853290000000000013e-04 1.000000000000000000e+00 1.941959999999999867e-02 1.969550000000000120e-02
1.618887160000000103e+00 1.944910700000000020e-02 4.855829999999999890e-04 1.000000000000000000e+00 1.943090000000000095e-02 1.970749999999999932e-02
1.619426789000000033e+00 1.945479300000000147e-02 4.858110000000000011e-04 1.000000000000000000e+00 1.943970000000000073e-02 1.971699999999999842e-02
1.619966597999999980e+00 1.945858099999999910e-02 4.860169999999999920e-04 1.000000000000000000e+00 1.944620000000000029e-02 1.972420000000000076e-02
1.620506586999999943e+00 1.946047999999999875e-02 4.862040000000000090e-04 1.000000000000000000e+00 1.945039999999999963e-02 1.972930000000000170e-02
1.621046755000000061e+00 1.946061199999999866e-02 4.863739999999999752e-04 1.000000000000000000e+00 1.945269999999999985e-02 1.973250000000000004e-02
1.621587104000000057e+00 1.945921200000000004e-02 4.865280000000000147e-04 1.000000000000000000e+00 1.945329999999999976e-02 1.973400000000000154e-02
1.622127633000000069e+00 1.945660700000000076e-02 4.866679999999999964e-04 1.000000000000000000e+00 1.945250000000000104e-02 1.973420000000000035e-02
1.622668342999999957e+00 1.945314799999999997e-02 4.867939999999999746e-04 1.000000000000000000e+00 1.945070000000000132e-02 1.973340000000000163e-02
1.623209232000000002e+00 1.944915800000000111e-02 4.869070000000000190e-04 1.000000000000000000e+00 1.944840000000000110e-02 1.973190000000000013e-02
1.623750301999999923e+00 1.944487900000000172e-02 4.870089999999999988e-04 1.000000000000000000e+00 1.944550000000000098e-02 1.972990000000000160e-02
1.624291552000000083e+00 1.944045900000000021e-02 4.870990000000000064e-04 1.000000000000000000e+00 1.944250000000000145e-02 1.972739999999999910e-02
1.624832982000000037e+00 1.943596699999999844e-02 4.871799999999999807e-04 1.000000000000000000e+00 1.943920000000000023e-02 1.972470000000000126e-02
1.625374593000000090e+00 1.943142200000000028e-02 4.872510000000000144e-04 1.000000000000000000e+00 1.943570000000000020e-02 1.972170000000000173e-02
1.625916385000000020e+00 1.942682600000000120e-02 4.873149999999999921e-04 1.000000000000000000e+00 1.943200000000000136e-02 1.971830000000000110e-02
1.626458356999999966e+00 1.942218199999999964e-02 4.873729999999999838e-04 1.000000000000000000e+00 1.942800000000000082e-02 1.971470000000000167e-02
1.627000510000000011e+00 1.941749900000000126e-02 4.874260000000000051e-04 1.000000000000000000e+00 1.942390000000000089e-02 1.971089999999999995e-02
1.627542843000000072e+00 1.941278800000000027e-02 4.874759999999999792e-04 1.000000000000000000e+00 1.941959999999999867e-02 1.970680000000000001e-02
1.628085358000000094e+00 1.940803300000000162e-02 4.875230000000000145e-04 1.000000000000000000e+00 1.941510000000000111e-02 1.970260000000000067e-02
1.628628052999999909e+00 1.940318499999999988e-02 4.875680000000000183e-04 1.000000000000000000e+00 1.941040000000000126e-02 1.969819999999999904e-02
1.629170929000000045e+00 1.939815500000000026e-02 4.876130000000000221e-04 1.000000000000000000e+00 1.940549999999999914e-02 1.969359999999999861e-02
1.629713986000000059e+00 1.939281400000000127e-02 4.876559999999999944e-04 1.000000000000000000e+00 1.940029999999999880e-02 1.968879999999999936e-02
1.630257223999999949e+00 1.938701400000000102e-02 4.876980000000000052e-04 1.000000000000000000e+00 1.939470000000000083e-02 1.968359999999999901e-02
1.630800642999999939e+00 1.938059699999999941e-02 4.877379999999999845e-04 1.000000000000000000e+00 1.938859999999999889e-02 1.967790000000000164e-02
1.631344243000000027e+00 1.937341899999999936e-02 4.877759999999999865e-04 1.000000000000000000e+00 1.938190000000000052e-02 1.967170000000000030e-02
1.631888025000000075e+00 1.936534800000000098e-02 4.878090000000000182e-04 1.000000000000000000e+00 1.937439999999999996e-02 1.966479999999999964e-02
1.632431986999999918e+00 1.935627399999999970e-02 4.878370000000000254e-04 1.000000000000000000e+00 1.936620000000000008e-02 1.965719999999999967e-02
1.632976130999999942e+00 1.934608399999999950e-02 4.878570000000000150e-04 1.000000000000000000e+00 1.935709999999999861e-02 1.964870000000000158e-02
1.633520456999999926e+00 1.933466199999999899e-02 4.878680000000000256e-04 1.000000000000000000e+00 1.934709999999999902e-02 1.963929999999999843e-02
1.634064962999999926e+00 1.932188400000000097e-02 4.878670000000000099e-04 1.000000000000000000e+00 1.933599999999999902e-02 1.962890000000000121e-02
1.634609651999999969e+00 1.930764299999999933e-02 4.878519999999999905e-04 1.000000000000000000e+00 1.932379999999999862e-02 1.961730000000000071e-02
1.635154522000000110e+00 1.929189200000000146e-02 4.878209999999999903e-04 1.000000000000000000e+00 1.931019999999999959e-02 1.960430000000000159e-02
1.635699572999999907e+00 1.927468699999999868e-02 4.877719999999999777e-04 1.000000000000000000e+00 1.929530000000000134e-02 1.958999999999999977e-02
1.636244806000000107e+00 1.925621500000000014e-02 4.877039999999999913e-04 1.000000000000000000e+00 1.927919999999999981e-02 1.957439999999999874e-02
1.636790221000000045e+00 1.923680700000000160e-02 4.876190000000000082e-04 1.000000000000000000e+00 1.926189999999999847e-02 1.955760000000000137e-02
1.637335817999999943e+00 1.921690300000000046e-02 4.875179999999999900e-04 1.000000000000000000e+00 1.924379999999999841e-02 1.953979999999999953e-02
1.637881597000000022e+00 1.919702200000000109e-02 4.874060000000000155e-04 1.000000000000000000e+00 1.922520000000000132e-02 1.952150000000000066e-02
1.638427556999999979e+00 1.917769899999999944e-02 4.872860000000000234e-04 1.000000000000000000e+00 1.920639999999999847e-02 1.950290000000000010e-02
1.638973699999999978e+00 1.915945599999999832e-02 4.871639999999999998e-04 1.000000000000000000e+00 1.918790000000000079e-02 1.948460000000000122e-02
1.639520024000000076e+00 1.914276300000000014e-02 4.870470000000000008e-04 1.000000000000000000e+00 1.917009999999999895e-02 1.946689999999999879e-02
1.640066530999999994e+00 1.912801500000000168e-02 4.869429999999999896e-04 1.000000000000000000e+00 1.915330000000000157e-02 1.945020000000000082e-02
1.640613220000000094e+00 1.911550100000000002e-02 4.868569999999999907e-04 1.000000000000000000e+00 1.913799999999999876e-02 1.943510000000000029e-02
1.641160090999999932e+00 1.910535999999999832e-02 4.867960000000000060e-04 1.000000000000000000e+00 1.912430000000000033e-02 1.942160000000000067e-02
1.641707143999999952e+00 1.909754599999999997e-02 4.867639999999999901e-04 1.000000000000000000e+00 1.911260000000000042e-02 1.941019999999999898e-02
1.642254380000000014e+00 1.909181999999999893e-02 4.867639999999999901e-04 1.000000000000000000e+00 1.910279999999999964e-02 1.940089999999999870e-02
1.642801798000000035e+00 1.908776100000000170e-02 4.867949999999999903e-04 1.000000000000000000e+00 1.909500000000000086e-02 1.939369999999999983e-02
1.643349399000000099e+00 1.908483199999999949e-02 4.868520000000000204e-04 1.000000000000000000e+00 1.908899999999999833e-02 1.938840000000000008e-02
1.643897181999999901e+00 1.908244900000000133e-02 4.869310000000000175e-04 1.000000000000000000e+00 1.908440000000000136e-02 1.938449999999999895e-02
1.644445147000000107e+00 1.908008300000000115e-02 4.870230000000000023e-04 1.000000000000000000e+00 1.908079999999999846e-02 1.938170000000000170e-02
1.644993295999999994e+00 1.907734399999999955e-02 4.871219999999999890e-04 1.000000000000000000e+00 1.907769999999999952e-02 1.937940000000000149e-02
1.645541627000000062e+00 1.907405300000000054e-02 4.872189999999999984e-04 1.000000000000000000e+00 1.907489999999999880e-02 1.937730000000000008e-02
1.646090140999999951e+00 1.907030800000000109e-02 4.873109999999999833e-04 1.000000000000000000e+00 1.907210000000000155e-02 1.937509999999999927e-02
1.646638838000000105e+00 1.906649900000000064e-02 4.873960000000000206e-04 1.000000000000000000e+00 1.906909999999999855e-02 1.937279999999999905e-02
1.647187716999999996e+00 1.906328200000000084e-02 4.874750000000000177e-04 1.000000000000000000e+00 1.906630000000000130e-02 1.937039999999999942e-02
1.647736780000000012e+00 1.906147500000000133e-02 4.875540000000000147e-04 1.000000000000000000e+00 1.906410000000000049e-02 1.936850000000000030e-02
1.648286024999999988e+00 1.906191000000000135e-02 4.876409999999999751e-04 1.000000000000000000e+00 1.906290000000000068e-02 1.936770000000000158e-02
1.648835454000000089e+00 1.906525499999999970e-02 4.877449999999999863e-04 1.000000000000000000e+00 1.906340000000000118e-02 1.936840000000000089e-02
1.649385066000000011e+00 1.907186300000000140e-02 4.878749999999999732e-04 1.000000000000000000e+00 1.906619999999999843e-02 1.937149999999999983e-02
1.649934860999999975e+00 1.908169700000000163e-02 4.880379999999999918e-04 1.000000000000000000e+00 1.907150000000000165e-02 1.937710000000000127e-02
1.650484838999999981e+00 1.909434299999999973e-02 4.882379999999999966e-04 1.000000000000000000e+00 1.907939999999999983e-02 1.938549999999999995e-02
1.651035000999999891e+00 1.910911900000000080e-02 4.884730000000000105e-04 1.000000000000000000e+00 1.908980000000000052e-02 1.939640000000000114e-02
1.651585346000000065e+00 1.912523600000000032e-02 4.887410000000000018e-04 1.000000000000000000e+00 1.910229999999999914e-02 1.940949999999999967e-02
1.652135874000000060e+00 1.914196400000000090e-02 4.890330000000000458e-04 1.000000000000000000e+00 1.911639999999999867e-02 1.942429999999999851e-02
1.652686585999999958e+00 1.915876199999999932e-02 4.893430000000000479e-04 1.000000000000000000e+00 1.913139999999999979e-02 1.944030000000000064e-02
1.653237481999999980e+00 1.917532900000000137e-02 4.896629999999999906e-04 1.000000000000000000e+00 1.914710000000000023e-02 1.945679999999999979e-02
1.653788561000000046e+00 1.919157700000000133e-02 4.899880000000000121e-04 1.000000000000000000e+00 1.916299999999999948e-02 1.947370000000000004e-02
1.654339824000000014e+00 1.920754400000000001e-02 4.903130000000000335e-04 1.000000000000000000e+00 1.917910000000000101e-02 1.949060000000000029e-02
1.654891270000000025e+00 1.922329500000000135e-02 4.906370000000000392e-04 1.000000000000000000e+00 1.919509999999999966e-02 1.950759999999999994e-02
1.655442901000000022e+00 1.923881699999999834e-02 4.909579999999999977e-04 1.000000000000000000e+00 1.921120000000000119e-02 1.952450000000000019e-02
1.655994715000000062e+00 1.925394600000000095e-02 4.912739999999999859e-04 1.000000000000000000e+00 1.922719999999999985e-02 1.954130000000000103e-02
1.656546713000000004e+00 1.926832399999999987e-02 4.915810000000000492e-04 1.000000000000000000e+00 1.924290000000000028e-02 1.955770000000000078e-02
1.657098895000000072e+00 1.928137900000000127e-02 4.918750000000000162e-04 1.000000000000000000e+00 1.925800000000000081e-02 1.957340000000000121e-02
1.657651261999999903e+00 1.929231099999999949e-02 4.921489999999999936e-04 1.000000000000000000e+00 1.927190000000000153e-02 1.958789999999999837e-02
1.658203811999999999e+00 1.930006399999999872e-02 4.923959999999999795e-04 1.000000000000000000e+00 1.928389999999999965e-02 1.960020000000000165e-02
1.658756547000000081e+00 1.930329799999999998e-02 4.926050000000000177e-04 1.000000000000000000e+00 1.929279999999999884e-02 1.960960000000000134e-02
1.659309466000000066e+00 1.930035299999999926e-02 4.927630000000000118e-04 1.000000000000000000e+00 1.929739999999999928e-02 1.961449999999999999e-02
1.659862568999999954e+00 1.928927100000000019e-02 4.928540000000000351e-04 1.000000000000000000e+00 1.929610000000000006e-02 1.961359999999999840e-02
1.660415855999999968e+00 1.926796199999999959e-02 4.928600000000000212e-04 1.000000000000000000e+00 1.928710000000000147e-02 1.960510000000000030e-02
1.660969327999999967e+00 1.923458800000000038e-02 4.927589999999999488e-04 1.000000000000000000e+00 1.926879999999999912e-02 1.958719999999999906e-02
1.661522984999999952e+00 1.918819100000000027e-02 4.925329999999999682e-04 1.000000000000000000e+00 1.923940000000000025e-02 1.955830000000000068e-02
1.662076826000000063e+00 1.912949300000000089e-02 4.921710000000000147e-04 1.000000000000000000e+00 1.919840000000000088e-02 1.951759999999999953e-02
1.662630851000000076e+00 1.906159400000000115e-02 4.916750000000000113e-04 1.000000000000000000e+00 1.914619999999999864e-02 1.946569999999999898e-02
1.663185061999999936e+00 1.899025799999999944e-02 4.910729999999999653e-04 1.000000000000000000e+00 1.908539999999999889e-02 1.940510000000000151e-02
1.663739456999999922e+00 1.892347000000000126e-02 4.904170000000000447e-04 1.000000000000000000e+00 1.902059999999999862e-02 1.934040000000000065e-02
1.664294036000000032e+00 1.887015100000000167e-02 4.897849999999999600e-04 1.000000000000000000e+00 1.895830000000000085e-02 1.927809999999999940e-02
1.664848800999999989e+00 1.883827199999999966e-02 4.892679999999999512e-04 1.000000000000000000e+00 1.890580000000000038e-02 1.922569999999999835e-02
1.665403750999999932e+00 1.883289299999999986e-02 4.889500000000000400e-04 1.000000000000000000e+00 1.887000000000000136e-02 1.919010000000000160e-02
1.665958885000000000e+00 1.885479199999999869e-02 4.888959999999999487e-04 1.000000000000000000e+00 1.885589999999999836e-02 1.917639999999999970e-02
1.666514204999999915e+00 1.890019299999999916e-02 4.891299999999999468e-04 1.000000000000000000e+00 1.886519999999999864e-02 1.918629999999999988e-02
1.667069710000000038e+00 1.896172600000000166e-02 4.896310000000000289e-04 1.000000000000000000e+00 1.889599999999999960e-02 1.921809999999999838e-02
1.667625399999999924e+00 1.903026000000000023e-02 4.903390000000000092e-04 1.000000000000000000e+00 1.894339999999999913e-02 1.926670000000000119e-02
1.668181275000000019e+00 1.909700599999999970e-02 4.911689999999999589e-04 1.000000000000000000e+00 1.900050000000000003e-02 1.932520000000000071e-02
1.668737335000000099e+00 1.915519499999999986e-02 4.920319999999999945e-04 1.000000000000000000e+00 1.906009999999999996e-02 1.938619999999999927e-02
1.669293581000000026e+00 1.920093800000000073e-02 4.928480000000000491e-04 1.000000000000000000e+00 1.911579999999999877e-02 1.944339999999999957e-02
1.669850011999999939e+00 1.923319100000000018e-02 4.935630000000000312e-04 1.000000000000000000e+00 1.916330000000000117e-02 1.949220000000000119e-02
1.670406628999999921e+00 1.925308200000000122e-02 4.941499999999999495e-04 1.000000000000000000e+00 1.920030000000000001e-02 1.953049999999999925e-02
1.670963431000000110e+00 1.926297299999999921e-02 4.946049999999999579e-04 1.000000000000000000e+00 1.922650000000000053e-02 1.955780000000000018e-02
1.671520418999999924e+00 1.926560700000000056e-02 4.949400000000000284e-04 1.000000000000000000e+00 1.924299999999999969e-02 1.957530000000000034e-02
1.672077591999999946e+00 1.926351499999999842e-02 4.951779999999999810e-04 1.000000000000000000e+00 1.925170000000000006e-02 1.958479999999999943e-02
1.672634951000000036e+00 1.925872799999999926e-02 4.953460000000000241e-04 1.000000000000000000e+00 1.925450000000000078e-02 1.958829999999999946e-02
1.673192495999999974e+00 1.925271200000000169e-02 4.954640000000000389e-04 1.000000000000000000e+00 1.925330000000000097e-02 1.958789999999999837e-02
1.673750226999999979e+00 1.924643100000000134e-02 4.955530000000000308e-04 1.000000000000000000e+00 1.924980000000000094e-02 1.958500000000000171e-02
1.674308144000000054e+00 1.924046899999999963e-02 4.956270000000000033e-04 1.000000000000000000e+00 1.924510000000000109e-02 1.958100000000000118e-02
1.674866246999999975e+00 1.923514900000000000e-02 4.956939999999999740e-04 1.000000000000000000e+00 1.924009999999999956e-02 1.957659999999999956e-02
1.675424535000000104e+00 1.923063800000000129e-02 4.957619999999999605e-04 1.000000000000000000e+00 1.923520000000000091e-02 1.957230000000000081e-02
1.675983009999999940e+00 1.922698999999999936e-02 4.958340000000000100e-04 1.000000000000000000e+00 1.923079999999999928e-02 1.956839999999999968e-02
1.676541671000000067e+00 1.922415499999999972e-02 4.959129999999999528e-04 1.000000000000000000e+00 1.922700000000000103e-02 1.956520000000000134e-02
1.677100518999999901e+00 1.922194299999999828e-02 4.960000000000000216e-04 1.000000000000000000e+00 1.922369999999999982e-02 1.956250000000000003e-02
1.677659551999999943e+00 1.922001900000000138e-02 4.960949999999999995e-04 1.000000000000000000e+00 1.922089999999999910e-02 1.956029999999999922e-02
1.678218771999999914e+00 1.921793399999999902e-02 4.961959999999999635e-04 1.000000000000000000e+00 1.921840000000000007e-02 1.955849999999999950e-02
1.678778177999999954e+00 1.921523300000000170e-02 4.962970000000000359e-04 1.000000000000000000e+00 1.921590000000000104e-02 1.955660000000000037e-02
1.679337770999999924e+00 1.921160400000000018e-02 4.963949999999999526e-04 1.000000000000000000e+00 1.921300000000000091e-02 1.955439999999999956e-02
1.679897549999999962e+00 1.920700399999999974e-02 4.964859999999999760e-04 1.000000000000000000e+00 1.920969999999999969e-02 1.955180000000000112e-02
1.680457515999999929e+00 1.920171999999999851e-02 4.965650000000000272e-04 1.000000000000000000e+00 1.920579999999999857e-02 1.954849999999999990e-02
1.681017667999999965e+00 1.919632300000000125e-02 4.966330000000000137e-04 1.000000000000000000e+00 1.920159999999999922e-02 1.954480000000000106e-02
1.681578008000000013e+00 1.919154199999999894e-02 4.966950000000000141e-04 1.000000000000000000e+00 1.919739999999999988e-02 1.954089999999999994e-02
1.682138533999999908e+00 1.918807700000000130e-02 4.967549999999999830e-04 1.000000000000000000e+00 1.919370000000000104e-02 1.953749999999999931e-02
1.682699246999999954e+00 1.918641600000000128e-02 4.968200000000000307e-04 1.000000000000000000e+00 1.919090000000000032e-02 1.953490000000000087e-02
1.683260146000000068e+00 1.918671099999999866e-02 4.968970000000000505e-04 1.000000000000000000e+00 1.918939999999999882e-02 1.953360000000000166e-02
1.683821232999999973e+00 1.918872799999999865e-02 4.969889999999999811e-04 1.000000000000000000e+00 1.918929999999999941e-02 1.953370000000000106e-02
1.684382507000000029e+00 1.919190700000000110e-02 4.970969999999999469e-04 1.000000000000000000e+00 1.919070000000000151e-02 1.953519999999999909e-02
1.684943968000000014e+00 1.919549099999999855e-02 4.972180000000000089e-04 1.000000000000000000e+00 1.919300000000000173e-02 1.953770000000000159e-02
1.685505615999999929e+00 1.919869000000000089e-02 4.973459999999999643e-04 1.000000000000000000e+00 1.919569999999999957e-02 1.954060000000000172e-02
1.686067450999999995e+00 1.920083900000000079e-02 4.974740000000000282e-04 1.000000000000000000e+00 1.919819999999999860e-02 1.954339999999999897e-02
1.686629472999999990e+00 1.920150799999999908e-02 4.975970000000000133e-04 1.000000000000000000e+00 1.919989999999999891e-02 1.954550000000000037e-02
1.687191682999999998e+00 1.920055199999999920e-02 4.977090000000000420e-04 1.000000000000000000e+00 1.920049999999999882e-02 1.954639999999999850e-02
1.687754079999999934e+00 1.919813399999999864e-02 4.978089999999999902e-04 1.000000000000000000e+00 1.919979999999999951e-02 1.954610000000000028e-02
1.688316665000000105e+00 1.919471000000000024e-02 4.978959999999999506e-04 1.000000000000000000e+00 1.919790000000000038e-02 1.954459999999999878e-02
1.688879436999999983e+00 1.919095900000000049e-02 4.979719999999999546e-04 1.000000000000000000e+00 1.919519999999999907e-02 1.954229999999999856e-02
1.689442397000000096e+00 1.918766200000000116e-02 4.980440000000000041e-04 1.000000000000000000e+00 1.919210000000000013e-02 1.953960000000000072e-02
1.690005544999999998e+00 1.918553500000000009e-02 4.981169999999999608e-04 1.000000000000000000e+00 1.918950000000000169e-02 1.953730000000000050e-02
1.690568880000000052e+00 1.918504299999999885e-02 4.981960000000000121e-04 1.000000000000000000e+00 1.918780000000000138e-02 1.953579999999999900e-02
1.691132402999999895e+00 1.918627300000000022e-02 4.982870000000000354e-04 1.000000000000000000e+00 1.918740000000000029e-02 1.953569999999999959e-02
1.691696112999999890e+00 1.918891799999999925e-02 4.983890000000000152e-04 1.000000000000000000e+00 1.918860000000000010e-02 1.953699999999999881e-02
1.692260011999999980e+00 1.919237600000000057e-02 4.985019999999999512e-04 1.000000000000000000e+00 1.919109999999999913e-02 1.953950000000000131e-02
1.692824099000000082e+00 1.919592599999999857e-02 4.986189999999999503e-04 1.000000000000000000e+00 1.919440000000000035e-02 1.954279999999999906e-02
1.693388373999999974e+00 1.919893199999999842e-02 4.987350000000000420e-04 1.000000000000000000e+00 1.919799999999999979e-02 1.954629999999999909e-02
1.693952836000000017e+00 1.920099600000000142e-02 4.988430000000000078e-04 1.000000000000000000e+00 1.920140000000000041e-02 1.954950000000000090e-02
1.694517486999999933e+00 1.920201499999999936e-02 4.989390000000000014e-04 1.000000000000000000e+00 1.920410000000000172e-02 1.955199999999999994e-02
1.695082326000000084e+00 1.920215299999999958e-02 4.990220000000000072e-04 1.000000000000000000e+00 1.920579999999999857e-02 1.955339999999999856e-02
1.695647354000000107e+00 1.920172399999999988e-02 4.990939999999999483e-04 1.000000000000000000e+00 1.920660000000000076e-02 1.955389999999999906e-02
1.696212569999999920e+00 1.920104699999999887e-02 4.991600000000000117e-04 1.000000000000000000e+00 1.920639999999999847e-02 1.955350000000000144e-02
1.696777973999999967e+00 1.920031900000000041e-02 4.992240000000000436e-04 1.000000000000000000e+00 1.920559999999999976e-02 1.955259999999999984e-02
1.697343567000000109e+00 1.919954399999999894e-02 4.992910000000000143e-04 1.000000000000000000e+00 1.920420000000000113e-02 1.955130000000000062e-02
1.697909348000000040e+00 1.919855900000000046e-02 4.993639999999999711e-04 1.000000000000000000e+00 1.920260000000000022e-02 1.954979999999999912e-02
1.698475316999999984e+00 1.919712200000000049e-02 4.994409999999999909e-04 1.000000000000000000e+00 1.920060000000000169e-02 1.954809999999999881e-02
1.699041476000000106e+00 1.919502500000000098e-02 4.995219999999999652e-04 1.000000000000000000e+00 1.919840000000000088e-02 1.954619999999999969e-02
1.699607823000000018e+00 1.919217100000000092e-02 4.996010000000000164e-04 1.000000000000000000e+00 1.919589999999999838e-02 1.954409999999999828e-02
1.700174359000000024e+00 1.918858500000000106e-02 4.996760000000000047e-04 1.000000000000000000e+00 1.919310000000000113e-02 1.954159999999999925e-02
1.700741083999999903e+00 1.918434299999999954e-02 4.997439999999999912e-04 1.000000000000000000e+00 1.918999999999999873e-02 1.953879999999999853e-02
1.701307998000000099e+00 1.917948200000000117e-02 4.998010000000000213e-04 1.000000000000000000e+00 1.918660000000000157e-02 1.953550000000000078e-02
1.701875100000000085e+00 1.917391900000000107e-02 4.998459999999999709e-04 1.000000000000000000e+00 1.918279999999999985e-02 1.953179999999999847e-02
1.702442392000000027e+00 1.916744700000000065e-02 4.998749999999999938e-04 1.000000000000000000e+00 1.917850000000000110e-02 1.952740000000000031e-02
1.703009873000000063e+00 1.915981500000000018e-02 4.998850000000000428e-04 1.000000000000000000e+00 1.917340000000000017e-02 1.952200000000000116e-02
1.703577542999999972e+00 1.915088800000000133e-02 4.998739999999999781e-04 1.000000000000000000e+00 1.916719999999999882e-02 1.951550000000000160e-02
1.704145401999999976e+00 1.914082199999999831e-02 4.998420000000000163e-04 1.000000000000000000e+00 1.915970000000000173e-02 1.950759999999999994e-02
1.704713450000000075e+00 1.913021900000000039e-02 4.997919999999999880e-04 1.000000000000000000e+00 1.915100000000000136e-02 1.949839999999999907e-02
1.705281687999999907e+00 1.912018500000000135e-02 4.997320000000000191e-04 1.000000000000000000e+00 1.914149999999999879e-02 1.948849999999999888e-02
1.705850115000000056e+00 1.911223000000000088e-02 4.996729999999999575e-04 1.000000000000000000e+00 1.913230000000000139e-02 1.947880000000000097e-02
1.706418731999999938e+00 1.910803000000000154e-02 4.996329999999999782e-04 1.000000000000000000e+00 1.912449999999999914e-02 1.947060000000000110e-02
1.706987537999999915e+00 1.910904800000000001e-02 4.996300000000000394e-04 1.000000000000000000e+00 1.911969999999999989e-02 1.946540000000000076e-02
1.707556534000000070e+00 1.911613499999999938e-02 4.996809999999999750e-04 1.000000000000000000e+00 1.911919999999999939e-02 1.946449999999999916e-02
1.708125719999999959e+00 1.912920900000000118e-02 4.997960000000000510e-04 1.000000000000000000e+00 1.912389999999999923e-02 1.946900000000000019e-02
1.708695094999999942e+00 1.914714199999999894e-02 4.999750000000000505e-04 1.000000000000000000e+00 1.913400000000000170e-02 1.947880000000000097e-02
1.709264660000000102e+00 1.916792999999999969e-02 5.002099999999999559e-04 1.000000000000000000e+00 1.914880000000000054e-02 1.949350000000000041e-02
1.709834414999999996e+00 1.918910799999999986e-02 5.004820000000000102e-04 1.000000000000000000e+00 1.916680000000000120e-02 1.951129999999999878e-02
1.710404360000000068e+00 1.920834600000000114e-02 5.007660000000000366e-04 1.000000000000000000e+00 1.918620000000000048e-02 1.953049999999999925e-02
1.710974494000000012e+00 1.922400800000000076e-02 5.010379999999999825e-04 1.000000000000000000e+00 1.920490000000000044e-02 1.954890000000000100e-02
1.711544818999999995e+00 1.923554699999999867e-02 5.012769999999999509e-04 1.000000000000000000e+00 1.922139999999999960e-02 1.956489999999999965e-02
1.712115333999999933e+00 1.924357399999999940e-02 5.014750000000000327e-04 1.000000000000000000e+00 1.923470000000000041e-02 1.957779999999999937e-02
1.712686039000000049e+00 1.924960800000000138e-02 5.016349999999999499e-04 1.000000000000000000e+00 1.924500000000000169e-02 1.958750000000000074e-02
1.713256934999999981e+00 1.925552999999999987e-02 5.017679999999999840e-04 1.000000000000000000e+00 1.925309999999999869e-02 1.959510000000000071e-02
1.713828020000000008e+00 1.926296200000000153e-02 5.018940000000000163e-04 1.000000000000000000e+00 1.926030000000000103e-02 1.960179999999999909e-02
1.714399296000000072e+00 1.927268600000000068e-02 5.020289999999999735e-04 1.000000000000000000e+00 1.926800000000000040e-02 1.960900000000000143e-02
1.714970762999999954e+00 1.928431900000000115e-02 5.021840000000000288e-04 1.000000000000000000e+00 1.927680000000000018e-02 1.961749999999999952e-02
1.715542420000000012e+00 1.929629500000000150e-02 5.023589999999999653e-04 1.000000000000000000e+00 1.928679999999999978e-02 1.962730000000000030e-02
1.716114267000000027e+00 1.930617399999999886e-02 5.025430000000000435e-04 1.000000000000000000e+00 1.929689999999999878e-02 1.963729999999999989e-02
1.716686305000000079e+00 1.931119400000000028e-02 5.027130000000000097e-04 1.000000000000000000e+00 1.930540000000000034e-02 1.964569999999999858e-02
1.717258533999999948e+00 1.930894500000000097e-02 5.028429999999999966e-04 1.000000000000000000e+00 1.931000000000000077e-02 1.965029999999999902e-02
1.717830952999999994e+00 1.929799399999999887e-02 5.029070000000000285e-04 1.000000000000000000e+00 1.930880000000000096e-02 1.964909999999999921e-02
1.718403563999999939e+00 1.927829699999999979e-02 5.028870000000000388e-04 1.000000000000000000e+00 1.930019999999999999e-02 1.964060000000000111e-02
1.718976365000000062e+00 1.925131899999999938e-02 5.027799999999999804e-04 1.000000000000000000e+00 1.928409999999999846e-02 1.962440000000000018e-02
1.719549357000000001e+00 1.921979899999999922e-02 5.025939999999999791e-04 1.000000000000000000e+00 1.926129999999999856e-02 1.960150000000000087e-02
1.720122539999999978e+00 1.918724600000000155e-02 5.023519999999999635e-04 1.000000000000000000e+00 1.923379999999999881e-02 1.957390000000000171e-02
1.720695913999999993e+00 1.915729099999999990e-02 5.020860000000000036e-04 1.000000000000000000e+00 1.920449999999999935e-02 1.954439999999999997e-02
1.721269479999999907e+00 1.913309499999999927e-02 5.018330000000000317e-04 1.000000000000000000e+00 1.917639999999999970e-02 1.951620000000000091e-02
1.721843235999999999e+00 1.911687200000000003e-02 5.016250000000000092e-04 1.000000000000000000e+00 1.915239999999999998e-02 1.949199999999999891e-02
1.722417183999999990e+00 1.910968299999999884e-02 5.014900000000000520e-04 1.000000000000000000e+00 1.913470000000000101e-02 1.947420000000000054e-02
1.722991323000000019e+00 1.911140700000000039e-02 5.014439999999999783e-04 1.000000000000000000e+00 1.912459999999999855e-02 1.946389999999999926e-02
1.723565653000000086e+00 1.912087499999999898e-02 5.014919999999999751e-04 1.000000000000000000e+00 1.912240000000000120e-02 1.946159999999999904e-02
1.724140175000000053e+00 1.913609100000000091e-02 5.016299999999999796e-04 1.000000000000000000e+00 1.912729999999999986e-02 1.946650000000000116e-02
1.724714888999999918e+00 1.915452399999999916e-02 5.018400000000000334e-04 1.000000000000000000e+00 1.913789999999999936e-02 1.947729999999999947e-02
1.725289794000000043e+00 1.917342199999999899e-02 5.021000000000000072e-04 1.000000000000000000e+00 1.915230000000000057e-02 1.949189999999999950e-02
1.725864889999999985e+00 1.919014900000000010e-02 5.023820000000000022e-04 1.000000000000000000e+00 1.916810000000000042e-02 1.950800000000000103e-02
1.726440178999999908e+00 1.920248199999999988e-02 5.026590000000000268e-04 1.000000000000000000e+00 1.918299999999999866e-02 1.952330000000000038e-02
1.727015659000000092e+00 1.920885599999999985e-02 5.029019999999999498e-04 1.000000000000000000e+00 1.919500000000000026e-02 1.953569999999999959e-02
1.727591330999999952e+00 1.920853599999999828e-02 5.030920000000000140e-04 1.000000000000000000e+00 1.920250000000000082e-02 1.954360000000000125e-02
1.728167194000000073e+00 1.920173500000000102e-02 5.032149999999999991e-04 1.000000000000000000e+00 1.920470000000000163e-02 1.954600000000000087e-02
1.728743249999999954e+00 1.918964500000000170e-02 5.032660000000000432e-04 1.000000000000000000e+00 1.920140000000000041e-02 1.954279999999999906e-02
1.729319497999999955e+00 1.917433799999999910e-02 5.032529999999999469e-04 1.000000000000000000e+00 1.919329999999999994e-02 1.953469999999999859e-02
1.729895938000000077e+00 1.915848300000000046e-02 5.031919999999999622e-04 1.000000000000000000e+00 1.918190000000000173e-02 1.952310000000000156e-02
1.730472570000000099e+00 1.914485499999999882e-02 5.031089999999999564e-04 1.000000000000000000e+00 1.916910000000000142e-02 1.950999999999999956e-02
1.731049394000000019e+00 1.913567199999999940e-02 5.030329999999999524e-04 1.000000000000000000e+00 1.915709999999999982e-02 1.949779999999999916e-02
1.731626410000000060e+00 1.913203600000000157e-02 5.029919999999999574e-04 1.000000000000000000e+00 1.914770000000000014e-02 1.948820000000000066e-02
1.732203619000000083e+00 1.913366199999999920e-02 5.030030000000000221e-04 1.000000000000000000e+00 1.914220000000000158e-02 1.948259999999999922e-02
1.732781020000000005e+00 1.913906799999999866e-02 5.030710000000000086e-04 1.000000000000000000e+00 1.914070000000000008e-02 1.948110000000000119e-02
1.733358613999999909e+00 1.914617899999999928e-02 5.031900000000000392e-04 1.000000000000000000e+00 1.914249999999999979e-02 1.948309999999999972e-02
1.733936399999999933e+00 1.915305600000000164e-02 5.033429999999999545e-04 1.000000000000000000e+00 1.914619999999999864e-02 1.948729999999999907e-02
1.734514378999999940e+00 1.915843899999999933e-02 5.035120000000000134e-04 1.000000000000000000e+00 1.915069999999999967e-02 1.949230000000000060e-02
1.735092550000000067e+00 1.916186900000000151e-02 5.036819999999999796e-04 1.000000000000000000e+00 1.915470000000000020e-02 1.949700000000000044e-02
1.735670915000000036e+00 1.916339499999999973e-02 5.038440000000000366e-04 1.000000000000000000e+00 1.915779999999999914e-02 1.950079999999999869e-02
1.736249471999999905e+00 1.916311999999999877e-02 5.039909999999999659e-04 1.000000000000000000e+00 1.915970000000000173e-02 1.950330000000000119e-02
1.736828220999999894e+00 1.916085899999999884e-02 5.041180000000000140e-04 1.000000000000000000e+00 1.916030000000000164e-02 1.950450000000000100e-02
1.737407163999999948e+00 1.915617699999999993e-02 5.042189999999999780e-04 1.000000000000000000e+00 1.915909999999999835e-02 1.950390000000000110e-02
1.737986299999999984e+00 1.914870399999999903e-02 5.042900000000000117e-04 1.000000000000000000e+00 1.915590000000000001e-02 1.950110000000000038e-02
1.738565629000000001e+00 1.913852699999999893e-02 5.043250000000000207e-04 1.000000000000000000e+00 1.915019999999999917e-02 1.949570000000000122e-02
1.739145149999999918e+00 1.912633099999999989e-02 5.043260000000000364e-04 1.000000000000000000e+00 1.914199999999999929e-02 1.948770000000000016e-02
1.739724865999999981e+00 1.911314399999999858e-02 5.042999999999999523e-04 1.000000000000000000e+00 1.913159999999999861e-02 1.947749999999999829e-02
1.740304773999999943e+00 1.909978600000000054e-02 5.042570000000000342e-04 1.000000000000000000e+00 1.911960000000000048e-02 1.946579999999999838e-02
1.740884875000000109e+00 1.908626100000000020e-02 5.042059999999999901e-04 1.000000000000000000e+00 1.910680000000000017e-02 1.945329999999999976e-02
1.741465169999999896e+00 1.907151400000000122e-02 5.041480000000000527e-04 1.000000000000000000e+00 1.909330000000000055e-02 1.943999999999999895e-02
1.742045658999999969e+00 1.905373299999999978e-02 5.040739999999999717e-04 1.000000000000000000e+00 1.907850000000000171e-02 1.942549999999999832e-02
1.742626341000000023e+00 1.903121099999999927e-02 5.039670000000000217e-04 1.000000000000000000e+00 1.906129999999999977e-02 1.940849999999999867e-02
1.743207216000000059e+00 1.900343399999999960e-02 5.038090000000000276e-04 1.000000000000000000e+00 1.904070000000000068e-02 1.938789999999999958e-02
1.743788284999999938e+00 1.897196400000000088e-02 5.035929999999999877e-04 1.000000000000000000e+00 1.901610000000000106e-02 1.936320000000000055e-02
1.744369548000000103e+00 1.894063699999999975e-02 5.033309999999999824e-04 1.000000000000000000e+00 1.898870000000000072e-02 1.933549999999999852e-02
1.744951004000000028e+00 1.891488399999999986e-02 5.030570000000000050e-04 1.000000000000000000e+00 1.896110000000000156e-02 1.930749999999999827e-02
1.745532655000000100e+00 1.890027799999999952e-02 5.028260000000000542e-04 1.000000000000000000e+00 1.893730000000000066e-02 1.928329999999999975e-02
1.746114498999999931e+00 1.890081100000000000e-02 5.026969999999999746e-04 1.000000000000000000e+00 1.892160000000000022e-02 1.926730000000000109e-02
1.746696537000000049e+00 1.891748000000000041e-02 5.027179999999999800e-04 1.000000000000000000e+00 1.891759999999999969e-02 1.926309999999999828e-02
1.747278769000000009e+00 1.894782000000000063e-02 5.029099999999999673e-04 1.000000000000000000e+00 1.892670000000000116e-02 1.927229999999999915e-02
1.747861195999999895e+00 1.898653700000000125e-02 5.032619999999999802e-04 1.000000000000000000e+00 1.894780000000000075e-02 1.929379999999999984e-02
1.748443815999999984e+00 1.902701399999999834e-02 5.037309999999999921e-04 1.000000000000000000e+00 1.897750000000000131e-02 1.932410000000000030e-02
1.749026630999999998e+00 1.906305100000000100e-02 5.042550000000000027e-04 1.000000000000000000e+00 1.901109999999999953e-02 1.935840000000000130e-02
1.749609638999999994e+00 1.909018000000000173e-02 5.047679999999999485e-04 1.000000000000000000e+00 1.904339999999999852e-02 1.939139999999999961e-02
1.750192842999999998e+00 1.910614399999999852e-02 5.052150000000000477e-04 1.000000000000000000e+00 1.907029999999999836e-02 1.941910000000000164e-02
1.750776239999999984e+00 1.911056800000000139e-02 5.055590000000000431e-04 1.000000000000000000e+00 1.908920000000000061e-02 1.943860000000000032e-02
1.751359831999999894e+00 1.910427400000000095e-02 5.057800000000000533e-04 1.000000000000000000e+00 1.909879999999999911e-02 1.944850000000000051e-02
1.751943618999999952e+00 1.908873399999999956e-02 5.058729999999999997e-04 1.000000000000000000e+00 1.909889999999999852e-02 1.944869999999999932e-02
1.752527600000000074e+00 1.906594500000000081e-02 5.058449999999999926e-04 1.000000000000000000e+00 1.909040000000000042e-02 1.943999999999999895e-02
1.753111775999999900e+00 1.903869199999999942e-02 5.057129999999999742e-04 1.000000000000000000e+00 1.907450000000000118e-02 1.942380000000000148e-02
1.753696147000000094e+00 1.901078900000000016e-02 5.055059999999999675e-04 1.000000000000000000e+00 1.905340000000000159e-02 1.940220000000000139e-02
1.754280711999999909e+00 1.898690299999999942e-02 5.052659999999999834e-04 1.000000000000000000e+00 1.903029999999999999e-02 1.937840000000000049e-02
1.754865472000000093e+00 1.897179499999999963e-02 5.050470000000000046e-04 1.000000000000000000e+00 1.900889999999999871e-02 1.935639999999999930e-02
1.755450426999999980e+00 1.896902199999999858e-02 5.049050000000000456e-04 1.000000000000000000e+00 1.899309999999999887e-02 1.934019999999999836e-02
1.756035578000000097e+00 1.897971799999999959e-02 5.048879999999999948e-04 1.000000000000000000e+00 1.898620000000000169e-02 1.933319999999999830e-02
1.756620923000000056e+00 1.900185999999999889e-02 5.050189999999999974e-04 1.000000000000000000e+00 1.898990000000000053e-02 1.933709999999999943e-02
1.757206462999999941e+00 1.903043499999999832e-02 5.052890000000000202e-04 1.000000000000000000e+00 1.900349999999999956e-02 1.935109999999999955e-02
1.757792199000000055e+00 1.905847999999999917e-02 5.056540000000000210e-04 1.000000000000000000e+00 1.902370000000000103e-02 1.937209999999999974e-02
1.758378129000000012e+00 1.907866600000000107e-02 5.060460000000000132e-04 1.000000000000000000e+00 1.904580000000000162e-02 1.939499999999999905e-02
1.758964254999999977e+00 1.908484599999999906e-02 5.063830000000000067e-04 1.000000000000000000e+00 1.906379999999999880e-02 1.941369999999999901e-02
1.759550576999999949e+00 1.907311399999999865e-02 5.065900000000000134e-04 1.000000000000000000e+00 1.907230000000000036e-02 1.942270000000000107e-02
1.760137094000000069e+00 1.904208099999999890e-02 5.066100000000000030e-04 1.000000000000000000e+00 1.906710000000000002e-02 1.941760000000000014e-02
1.760723805999999891e+00 1.899260700000000163e-02 5.064110000000000139e-04 1.000000000000000000e+00 1.904559999999999934e-02 1.939580000000000123e-02
1.761310713999999944e+00 1.892734299999999925e-02 5.059879999999999673e-04 1.000000000000000000e+00 1.900719999999999840e-02 1.935670000000000099e-02
1.761897816999999922e+00 1.885048099999999879e-02 5.053609999999999613e-04 1.000000000000000000e+00 1.895319999999999991e-02 1.930180000000000090e-02
1.762485116999999990e+00 1.876782399999999892e-02 5.045720000000000066e-04 1.000000000000000000e+00 1.888669999999999932e-02 1.923400000000000110e-02
1.763072611999999983e+00 1.868693000000000090e-02 5.036850000000000268e-04 1.000000000000000000e+00 1.881249999999999936e-02 1.915849999999999845e-02
1.763660302999999985e+00 1.861675800000000061e-02 5.027869999999999822e-04 1.000000000000000000e+00 1.873729999999999840e-02 1.908189999999999886e-02
1.764248188999999911e+00 1.856649800000000072e-02 5.019790000000000536e-04 1.000000000000000000e+00 1.866889999999999869e-02 1.901239999999999875e-02
1.764836271999999928e+00 1.854362400000000161e-02 5.013660000000000512e-04 1.000000000000000000e+00 1.861569999999999891e-02 1.895830000000000085e-02
1.765424550999999953e+00 1.855171400000000040e-02 5.010379999999999825e-04 1.000000000000000000e+00 1.858459999999999973e-02 1.892659999999999829e-02
1.766013025999999986e+00 1.858903199999999839e-02 5.010480000000000315e-04 1.000000000000000000e+00 1.857949999999999879e-02 1.892140000000000141e-02
1.766601697000000026e+00 1.864854499999999901e-02 5.013939999999999500e-04 1.000000000000000000e+00 1.860039999999999957e-02 1.894260000000000041e-02
1.767190564000000075e+00 1.871952400000000127e-02 5.020190000000000329e-04 1.000000000000000000e+00 1.864270000000000163e-02 1.898570000000000119e-02
1.767779627999999992e+00 1.879016400000000156e-02 5.028250000000000384e-04 1.000000000000000000e+00 1.869880000000000153e-02 1.904269999999999921e-02
1.768368887000000056e+00 1.885011199999999873e-02 5.036879999999999656e-04 1.000000000000000000e+00 1.875920000000000018e-02 1.910419999999999827e-02
1.768958344000000071e+00 1.889214200000000066e-02 5.044929999999999554e-04 1.000000000000000000e+00 1.881510000000000127e-02 1.916110000000000035e-02
1.769547996000000012e+00 1.891250400000000012e-02 5.051429999999999983e-04 1.000000000000000000e+00 1.885910000000000017e-02 1.920590000000000144e-02
1.770137845999999904e+00 1.891035699999999917e-02 5.055759999999999855e-04 1.000000000000000000e+00 1.888640000000000110e-02 1.923369999999999941e-02
1.770727892000000026e+00 1.888678300000000074e-02 5.057570000000000164e-04 1.000000000000000000e+00 1.889470000000000038e-02 1.924199999999999869e-02
1.771318133999999933e+00 1.884412400000000029e-02 5.056799999999999967e-04 1.000000000000000000e+00 1.888329999999999870e-02 1.923029999999999878e-02
1.771908574000000014e+00 1.878573199999999943e-02 5.053600000000000540e-04 1.000000000000000000e+00 1.885320000000000051e-02 1.919960000000000069e-02
1.772499210000000103e+00 1.871591499999999963e-02 5.048259999999999944e-04 1.000000000000000000e+00 1.880679999999999852e-02 1.915220000000000117e-02
1.773090043000000060e+00 1.863971799999999956e-02 5.041240000000000001e-04 1.000000000000000000e+00 1.874750000000000028e-02 1.909169999999999964e-02
1.773681073000000108e+00 1.856234899999999882e-02 5.033130000000000243e-04 1.000000000000000000e+00 1.867950000000000166e-02 1.902250000000000121e-02
1.774272300000000024e+00 1.848823600000000164e-02 5.024530000000000359e-04 1.000000000000000000e+00 1.860749999999999904e-02 1.894919999999999938e-02
1.774863724000000031e+00 1.842028899999999941e-02 5.015990000000000336e-04 1.000000000000000000e+00 1.853549999999999989e-02 1.887609999999999982e-02
1.775455344999999907e+00 1.835959100000000149e-02 5.007930000000000281e-04 1.000000000000000000e+00 1.846690000000000137e-02 1.880640000000000089e-02
1.776047163999999956e+00 1.830577699999999877e-02 5.000589999999999636e-04 1.000000000000000000e+00 1.840340000000000031e-02 1.874210000000000112e-02
1.776639180000000096e+00 1.825775099999999915e-02 4.994049999999999661e-04 1.000000000000000000e+00 1.834569999999999951e-02 1.868370000000000100e-02
1.777231393000000104e+00 1.821441799999999958e-02 4.988259999999999569e-04 1.000000000000000000e+00 1.829360000000000014e-02 1.863110000000000113e-02
1.777823802999999980e+00 1.817492899999999939e-02 4.983130000000000111e-04 1.000000000000000000e+00 1.824660000000000171e-02 1.858370000000000161e-02
1.778416411000000030e+00 1.813831800000000050e-02 4.978549999999999556e-04 1.000000000000000000e+00 1.820400000000000143e-02 1.854079999999999964e-02
1.779009217000000032e+00 1.810279799999999981e-02 4.974390000000000192e-04 1.000000000000000000e+00 1.816469999999999890e-02 1.850119999999999890e-02
1.779602219999999901e+00 1.806518199999999907e-02 4.970400000000000252e-04 1.000000000000000000e+00 1.812679999999999847e-02 1.846309999999999965e-02
1.780195420000000084e+00 1.802100400000000019e-02 4.966229999999999646e-04 1.000000000000000000e+00 1.808759999999999882e-02 1.842370000000000119e-02
1.780788819000000078e+00 1.796565099999999915e-02 4.961390000000000418e-04 1.000000000000000000e+00 1.804340000000000110e-02 1.837909999999999891e-02
1.781382414999999941e+00 1.789629100000000167e-02 4.955380000000000115e-04 1.000000000000000000e+00 1.799059999999999895e-02 1.832579999999999973e-02
1.781976208999999978e+00 1.781398699999999988e-02 4.947849999999999731e-04 1.000000000000000000e+00 1.792689999999999909e-02 1.826130000000000114e-02
1.782570200999999965e+00 1.772501900000000158e-02 4.938850000000000054e-04 1.000000000000000000e+00 1.785279999999999853e-02 1.818610000000000018e-02
1.783164390999999904e+00 1.764044899999999902e-02 4.928950000000000302e-04 1.000000000000000000e+00 1.777290000000000120e-02 1.810480000000000075e-02
1.783758779000000017e+00 1.757373699999999900e-02 4.919250000000000445e-04 1.000000000000000000e+00 1.769520000000000121e-02 1.802580000000000154e-02
1.784353365999999941e+00 1.753669100000000008e-02 4.911139999999999603e-04 1.000000000000000000e+00 1.763009999999999924e-02 1.795940000000000036e-02
1.784948149999999956e+00 1.753522199999999961e-02 4.905979999999999673e-04 1.000000000000000000e+00 1.758699999999999847e-02 1.791550000000000087e-02
1.785543133000000005e+00 1.756637000000000129e-02 4.904599999999999628e-04 1.000000000000000000e+00 1.757159999999999972e-02 1.789980000000000043e-02
1.786138314000000005e+00 1.761781100000000058e-02 4.906980000000000239e-04 1.000000000000000000e+00 1.758320000000000022e-02 1.791159999999999974e-02
1.786733692999999956e+00 1.767036899999999827e-02 4.912049999999999837e-04 1.000000000000000000e+00 1.761389999999999831e-02 1.794290000000000121e-02
1.787329270999999942e+00 1.770260099999999837e-02 4.917969999999999807e-04 1.000000000000000000e+00 1.764980000000000021e-02 1.797970000000000124e-02
1.787925047999999961e+00 1.769616900000000118e-02 4.922449999999999872e-04 1.000000000000000000e+00 1.767439999999999983e-02 1.800500000000000017e-02
1.788521022999999932e+00 1.764036999999999897e-02 4.923329999999999634e-04 1.000000000000000000e+00 1.767219999999999902e-02 1.800310000000000105e-02
1.789117196000000076e+00 1.753444800000000109e-02 4.919100000000000252e-04 1.000000000000000000e+00 1.763239999999999946e-02 1.796280000000000099e-02
1.789713568999999893e+00 1.738738999999999910e-02 4.909170000000000027e-04 1.000000000000000000e+00 1.755129999999999885e-02 1.788050000000000056e-02
1.790310140000000105e+00 1.721530599999999966e-02 4.894050000000000483e-04 1.000000000000000000e+00 1.743300000000000058e-02 1.776010000000000089e-02
1.790906909999999908e+00 1.703745699999999891e-02 4.875100000000000267e-04 1.000000000000000000e+00 1.728769999999999959e-02 1.761240000000000028e-02
1.791503878999999966e+00 1.687183000000000085e-02 4.854290000000000037e-04 1.000000000000000000e+00 1.712999999999999939e-02 1.745179999999999995e-02
1.792101047000000058e+00 1.673139499999999960e-02 4.833689999999999862e-04 1.000000000000000000e+00 1.697440000000000060e-02 1.729349999999999984e-02
1.792698413999999962e+00 1.662161399999999983e-02 4.815029999999999874e-04 1.000000000000000000e+00 1.683329999999999896e-02 1.714999999999999858e-02
1.793295979999999901e+00 1.653953199999999915e-02 4.799359999999999802e-04 1.000000000000000000e+00 1.671339999999999978e-02 1.702820000000000028e-02
1.793893745000000095e+00 1.647424100000000058e-02 4.786780000000000136e-04 1.000000000000000000e+00 1.661539999999999892e-02 1.692870000000000139e-02
1.794491709999999962e+00 1.640859600000000099e-02 4.776429999999999803e-04 1.000000000000000000e+00 1.653280000000000027e-02 1.684509999999999827e-02
1.795089874000000085e+00 1.632175799999999871e-02 4.766559999999999981e-04 1.000000000000000000e+00 1.645330000000000056e-02 1.676460000000000103e-02
1.795688237000000020e+00 1.619248900000000088e-02 4.754800000000000216e-04 1.000000000000000000e+00 1.636040000000000064e-02 1.667060000000000070e-02
1.796286800000000072e+00 1.600329400000000124e-02 4.738540000000000070e-04 1.000000000000000000e+00 1.623640000000000153e-02 1.654469999999999899e-02
1.796885561999999936e+00 1.574481499999999881e-02 4.715429999999999947e-04 1.000000000000000000e+00 1.606530000000000111e-02 1.637080000000000132e-02
1.797484523999999917e+00 1.541988700000000018e-02 4.683870000000000134e-04 1.000000000000000000e+00 1.583719999999999919e-02 1.613859999999999947e-02
1.798083686000000014e+00 1.504559899999999978e-02 4.643590000000000174e-04 1.000000000000000000e+00 1.555139999999999995e-02 1.584750000000000048e-02
1.798683046999999924e+00 1.465203900000000038e-02 4.595949999999999797e-04 1.000000000000000000e+00 1.521869999999999994e-02 1.550849999999999972e-02
1.799282607999999950e+00 1.427701999999999964e-02 4.544010000000000020e-04 1.000000000000000000e+00 1.486119999999999976e-02 1.514420000000000002e-02
1.799882369000000093e+00 1.395738000000000013e-02 4.492070000000000242e-04 1.000000000000000000e+00 1.450820000000000061e-02 1.478439999999999963e-02
1.800482329000000048e+00 1.371947199999999992e-02 4.444830000000000200e-04 1.000000000000000000e+00 1.419040000000000058e-02 1.446049999999999940e-02
1.801082489999999980e+00 1.357205600000000074e-02 4.406230000000000129e-04 1.000000000000000000e+00 1.393209999999999935e-02 1.419740000000000064e-02
1.801682851000000030e+00 1.350444599999999981e-02 4.378429999999999887e-04 1.000000000000000000e+00 1.374590000000000013e-02 1.400760000000000026e-02
1.802283411999999974e+00 1.349084000000000047e-02 4.361279999999999823e-04 1.000000000000000000e+00 1.362919999999999930e-02 1.388889999999999916e-02
1.802884173000000034e+00 1.349932099999999989e-02 4.352560000000000218e-04 1.000000000000000000e+00 1.356710000000000034e-02 1.382590000000000034e-02
1.803485135000000072e+00 1.350207200000000038e-02 4.348840000000000192e-04 1.000000000000000000e+00 1.353730000000000037e-02 1.379569999999999928e-02
1.804086295999999923e+00 1.348270499999999934e-02 4.346670000000000178e-04 1.000000000000000000e+00 1.351770000000000055e-02 1.377590000000000064e-02
1.804687657999999972e+00 1.343787200000000001e-02 4.343500000000000139e-04 1.000000000000000000e+00 1.349200000000000052e-02 1.374990000000000066e-02
1.805289221000000000e+00 1.337315900000000078e-02 4.338100000000000224e-04 1.000000000000000000e+00 1.345239999999999977e-02 1.370960000000000061e-02
1.805890983999999921e+00 1.329563400000000062e-02 4.330329999999999856e-04 1.000000000000000000e+00 1.339779999999999964e-02 1.365410000000000061e-02
1.806492948000000043e+00 1.320700900000000046e-02 4.320430000000000104e-04 1.000000000000000000e+00 1.332990000000000043e-02 1.358499999999999985e-02
1.807095112000000059e+00 1.310114400000000033e-02 4.308380000000000109e-04 1.000000000000000000e+00 1.324829999999999931e-02 1.350179999999999957e-02
1.807697477000000053e+00 1.296673299999999938e-02 4.293480000000000235e-04 1.000000000000000000e+00 1.314829999999999992e-02 1.340000000000000045e-02
1.808300043000000024e+00 1.279410999999999916e-02 4.274530000000000018e-04 1.000000000000000000e+00 1.302239999999999995e-02 1.327189999999999967e-02
1.808902809999999972e+00 1.258227500000000040e-02 4.250470000000000116e-04 1.000000000000000000e+00 1.286400000000000043e-02 1.311080000000000058e-02
1.809505777000000037e+00 1.234234499999999936e-02 4.221060000000000003e-04 1.000000000000000000e+00 1.267229999999999919e-02 1.291570000000000044e-02
1.810108945999999941e+00 1.209566699999999918e-02 4.187400000000000193e-04 1.000000000000000000e+00 1.245470000000000084e-02 1.269449999999999919e-02
1.810712314999999961e+00 1.186722500000000034e-02 4.151860000000000056e-04 1.000000000000000000e+00 1.222660000000000066e-02 1.246249999999999962e-02
1.811315886000000042e+00 1.167741500000000002e-02 4.117489999999999909e-04 1.000000000000000000e+00 1.200679999999999976e-02 1.223920000000000043e-02
1.811919658000000100e+00 1.153564699999999957e-02 4.087100000000000086e-04 1.000000000000000000e+00 1.181280000000000004e-02 1.204219999999999943e-02
1.812523630999999913e+00 1.143828399999999995e-02 4.062450000000000110e-04 1.000000000000000000e+00 1.165470000000000048e-02 1.188179999999999965e-02
1.813127806000000009e+00 1.137082399999999986e-02 4.043720000000000105e-04 1.000000000000000000e+00 1.153369999999999916e-02 1.175909999999999976e-02
1.813732182000000082e+00 1.131248099999999923e-02 4.029580000000000271e-04 1.000000000000000000e+00 1.144170000000000083e-02 1.166589999999999988e-02
1.814336758999999910e+00 1.124084099999999968e-02 4.017539999999999892e-04 1.000000000000000000e+00 1.136410000000000024e-02 1.158709999999999948e-02
1.814941538000000021e+00 1.113517900000000026e-02 4.004529999999999960e-04 1.000000000000000000e+00 1.128280000000000081e-02 1.150430000000000029e-02
1.815546518999999970e+00 1.097846899999999938e-02 3.987390000000000053e-04 1.000000000000000000e+00 1.117910000000000084e-02 1.139850000000000065e-02
1.816151700999999896e+00 1.075960699999999916e-02 3.963260000000000133e-04 1.000000000000000000e+00 1.103630000000000062e-02 1.125259999999999976e-02
1.816757085000000105e+00 1.047682500000000037e-02 3.930019999999999889e-04 1.000000000000000000e+00 1.084229999999999916e-02 1.105450000000000009e-02
1.817362670000000069e+00 1.014180599999999974e-02 3.886809999999999874e-04 1.000000000000000000e+00 1.059299999999999999e-02 1.080000000000000057e-02
1.817968457999999954e+00 9.782348300000000274e-03 3.834700000000000131e-04 1.000000000000000000e+00 1.029569999999999964e-02 1.049660000000000003e-02
1.818574447000000038e+00 9.441040499999999239e-03 3.777140000000000228e-04 1.000000000000000000e+00 9.971179999999999627e-03 1.016560000000000033e-02
1.819180639000000044e+00 9.167809600000000059e-03 3.720029999999999821e-04 1.000000000000000000e+00 9.652880000000000835e-03 9.841010000000000729e-03
1.819787032000000027e+00 9.007427599999999479e-03 3.670920000000000151e-04 1.000000000000000000e+00 9.381270000000000581e-03 9.564249999999999835e-03
1.820393627999999930e+00 8.985072199999999398e-03 3.637299999999999887e-04 1.000000000000000000e+00 9.194660000000000333e-03 9.374300000000000341e-03
1.821000425999999894e+00 9.095575599999999178e-03 3.624260000000000025e-04 1.000000000000000000e+00 9.118040000000000866e-03 9.296620000000000231e-03
1.821607425999999919e+00 9.300518100000000274e-03 3.632460000000000116e-04 1.000000000000000000e+00 9.154040000000000440e-03 9.333829999999999558e-03
1.822214629000000086e+00 9.535514700000000815e-03 3.657309999999999988e-04 1.000000000000000000e+00 9.279189999999999661e-03 9.461950000000000222e-03
1.822822034000000091e+00 9.725842900000000041e-03 3.689950000000000001e-04 1.000000000000000000e+00 9.447590000000000501e-03 9.634139999999999371e-03
1.823429640999999934e+00 9.805440299999999137e-03 3.719489999999999992e-04 1.000000000000000000e+00 9.601270000000000290e-03 9.791259999999999547e-03
1.824037450999999921e+00 9.732909600000000730e-03 3.735729999999999823e-04 1.000000000000000000e+00 9.683989999999999959e-03 9.875959999999999600e-03
1.824645462999999967e+00 9.499695500000000445e-03 3.731259999999999915e-04 1.000000000000000000e+00 9.654430000000000303e-03 9.846070000000000169e-03
1.825253677999999935e+00 9.128534500000000385e-03 3.702690000000000018e-04 1.000000000000000000e+00 9.494449999999999765e-03 9.683149999999999744e-03
1.825862096000000045e+00 8.664162099999999159e-03 3.650740000000000083e-04 1.000000000000000000e+00 9.210930000000000853e-03 9.394210000000000060e-03
1.826470717000000077e+00 8.160317699999999203e-03 3.579640000000000035e-04 1.000000000000000000e+00 8.831179999999999239e-03 9.007100000000000523e-03
1.827079541000000029e+00 7.667488000000000081e-03 3.495920000000000234e-04 1.000000000000000000e+00 8.394489999999999244e-03 8.561930000000000582e-03
1.827688567000000042e+00 7.224328999999999820e-03 3.407080000000000048e-04 1.000000000000000000e+00 7.942779999999999979e-03 8.101399999999999921e-03
1.828297797000000058e+00 6.853518599999999621e-03 3.320229999999999753e-04 1.000000000000000000e+00 7.512600000000000354e-03 7.662799999999999993e-03
1.828907228999999912e+00 6.561031299999999823e-03 3.240979999999999859e-04 1.000000000000000000e+00 7.129850000000000076e-03 7.272530000000000140e-03
1.829516864999999992e+00 6.337638999999999946e-03 3.172639999999999900e-04 1.000000000000000000e+00 6.807249999999999933e-03 6.943539999999999782e-03
1.830126703999999993e+00 6.161937400000000280e-03 3.115780000000000177e-04 1.000000000000000000e+00 6.544040000000000100e-03 6.675079999999999902e-03
1.830736745999999915e+00 6.004638599999999847e-03 3.068239999999999748e-04 1.000000000000000000e+00 6.327619999999999946e-03 6.454279999999999740e-03
1.831346992000000062e+00 5.834254199999999724e-03 3.025699999999999982e-04 1.000000000000000000e+00 6.136739999999999903e-03 6.259490000000000366e-03
1.831957440999999909e+00 5.623953400000000248e-03 2.982619999999999846e-04 1.000000000000000000e+00 5.946230000000000265e-03 6.065079999999999603e-03
1.832568092999999898e+00 5.358061899999999773e-03 2.933559999999999879e-04 1.000000000000000000e+00 5.732749999999999999e-03 5.847240000000000076e-03
1.833178948999999891e+00 5.036529700000000331e-03 2.874420000000000035e-04 1.000000000000000000e+00 5.480360000000000092e-03 5.589750000000000101e-03
1.833790009000000110e+00 4.675567299999999933e-03 2.803489999999999953e-04 1.000000000000000000e+00 5.184700000000000419e-03 5.288170000000000023e-03
1.834401272000000027e+00 4.303845599999999924e-03 2.722000000000000027e-04 1.000000000000000000e+00 4.854390000000000094e-03 4.951289999999999684e-03
1.835012738999999948e+00 3.955301599999999813e-03 2.634080000000000232e-04 1.000000000000000000e+00 4.509080000000000379e-03 4.599139999999999825e-03
1.835624410000000095e+00 3.660865200000000194e-03 2.546010000000000243e-04 1.000000000000000000e+00 4.174620000000000414e-03 4.258109999999999846e-03
1.836236285000000024e+00 3.442063500000000151e-03 2.465060000000000146e-04 1.000000000000000000e+00 3.877049999999999941e-03 3.954720000000000110e-03
1.836848363999999956e+00 3.308613599999999950e-03 2.397959999999999924e-04 1.000000000000000000e+00 3.637350000000000132e-03 3.710380000000000102e-03
1.837460646999999891e+00 3.260420600000000189e-03 2.349770000000000103e-04 1.000000000000000000e+00 3.468629999999999890e-03 3.538449999999999842e-03
1.838073132999999970e+00 3.292392099999999922e-03 2.323299999999999931e-04 1.000000000000000000e+00 3.376380000000000006e-03 3.444519999999999960e-03
1.838685823999999913e+00 3.399423099999999975e-03 2.319450000000000027e-04 1.000000000000000000e+00 3.360999999999999838e-03 3.428989999999999816e-03
1.839298719999999943e+00 3.578612200000000181e-03 2.337859999999999873e-04 1.000000000000000000e+00 3.420879999999999841e-03 3.490229999999999982e-03
1.839911818999999893e+00 3.827253699999999884e-03 2.377439999999999924e-04 1.000000000000000000e+00 3.554030000000000123e-03 3.626190000000000056e-03
1.840525122999999930e+00 4.137351800000000322e-03 2.436209999999999906e-04 1.000000000000000000e+00 3.757030000000000178e-03 3.833389999999999888e-03
1.841138632000000053e+00 4.489346600000000166e-03 2.510570000000000054e-04 1.000000000000000000e+00 4.021669999999999759e-03 4.103449999999999806e-03
1.841752344999999957e+00 4.848546300000000121e-03 2.594620000000000173e-04 1.000000000000000000e+00 4.330640000000000184e-03 4.418720000000000113e-03
1.842366262000000088e+00 5.167445700000000350e-03 2.680049999999999794e-04 1.000000000000000000e+00 4.655069999999999868e-03 4.749739999999999691e-03
1.842980384000000083e+00 5.394669700000000179e-03 2.756999999999999794e-04 1.000000000000000000e+00 4.955959999999999706e-03 5.056729999999999732e-03
1.843594710999999942e+00 5.488628700000000409e-03 2.815679999999999984e-04 1.000000000000000000e+00 5.190379999999999647e-03 5.295900000000000087e-03
1.844209242000000026e+00 5.431276700000000311e-03 2.848269999999999752e-04 1.000000000000000000e+00 5.321470000000000020e-03 5.429650000000000275e-03
1.844823979000000058e+00 5.236823500000000429e-03 2.850759999999999926e-04 1.000000000000000000e+00 5.329040000000000166e-03 5.437380000000000338e-03
1.845438920000000094e+00 4.951206300000000199e-03 2.824200000000000235e-04 1.000000000000000000e+00 5.217119999999999570e-03 5.323229999999999976e-03
1.846054065999999994e+00 4.641700300000000008e-03 2.775060000000000092e-04 1.000000000000000000e+00 5.015190000000000099e-03 5.117280000000000093e-03
1.846669418000000062e+00 4.379352199999999619e-03 2.714579999999999749e-04 1.000000000000000000e+00 4.772079999999999725e-03 4.869329999999999839e-03
1.847284973999999913e+00 4.219989099999999979e-03 2.656630000000000211e-04 1.000000000000000000e+00 4.543850000000000319e-03 4.636620000000000151e-03
1.847900735999999933e+00 4.189977899999999984e-03 2.614399999999999905e-04 1.000000000000000000e+00 4.379509999999999653e-03 4.469120000000000037e-03
1.848516703000000039e+00 4.281150899999999933e-03 2.596650000000000152e-04 1.000000000000000000e+00 4.308860000000000294e-03 4.397269999999999998e-03
1.849132875000000009e+00 4.456190500000000235e-03 2.605069999999999912e-04 1.000000000000000000e+00 4.336369999999999982e-03 4.425600000000000020e-03
1.849749252999999927e+00 4.662002000000000160e-03 2.634280000000000128e-04 1.000000000000000000e+00 4.442490000000000328e-03 4.534159999999999753e-03
1.850365835999999931e+00 4.846217600000000091e-03 2.674339999999999877e-04 1.000000000000000000e+00 4.591630000000000190e-03 4.686599999999999967e-03
1.850982624000000021e+00 4.971433499999999665e-03 2.714509999999999731e-04 1.000000000000000000e+00 4.743680000000000119e-03 4.841980000000000069e-03
1.851599618999999919e+00 5.022840100000000238e-03 2.746299999999999913e-04 1.000000000000000000e+00 4.865269999999999664e-03 4.966240000000000238e-03
1.852216818999999903e+00 5.007902100000000307e-03 2.765180000000000112e-04 1.000000000000000000e+00 4.937399999999999775e-03 5.039949999999999639e-03
1.852834223999999974e+00 4.949435299999999961e-03 2.770749999999999992e-04 1.000000000000000000e+00 4.957510000000000042e-03 5.060529999999999716e-03
1.853451836000000075e+00 4.875538900000000314e-03 2.765840000000000204e-04 1.000000000000000000e+00 4.936549999999999619e-03 5.039140000000000112e-03
1.854069653000000040e+00 4.810392000000000140e-03 2.754999999999999745e-04 1.000000000000000000e+00 4.892689999999999886e-03 4.994329999999999950e-03
1.854687675999999952e+00 4.769041299999999574e-03 2.742989999999999838e-04 1.000000000000000000e+00 4.844689999999999587e-03 4.945289999999999755e-03
1.855305905000000033e+00 4.757092699999999896e-03 2.733540000000000123e-04 1.000000000000000000e+00 4.807149999999999618e-03 4.906899999999999630e-03
1.855924340999999922e+00 4.774216999999999871e-03 2.728979999999999882e-04 1.000000000000000000e+00 4.788770000000000353e-03 4.888100000000000257e-03
1.856542981999999897e+00 4.819085899999999735e-03 2.730429999999999945e-04 1.000000000000000000e+00 4.793659999999999935e-03 4.893060000000000291e-03
1.857161829999999902e+00 4.893188100000000172e-03 2.738490000000000000e-04 1.000000000000000000e+00 4.823980000000000282e-03 4.924020000000000306e-03
1.857780884000000077e+00 5.001755600000000294e-03 2.753860000000000227e-04 1.000000000000000000e+00 4.882599999999999961e-03 4.983930000000000131e-03
1.858400143999999976e+00 5.151334100000000069e-03 2.777580000000000196e-04 1.000000000000000000e+00 4.974039999999999885e-03 5.077380000000000261e-03
1.859019610999999905e+00 5.345186299999999703e-03 2.810660000000000090e-04 1.000000000000000000e+00 5.103179999999999696e-03 5.209359999999999685e-03
1.859639284000000004e+00 5.578565899999999612e-03 2.853320000000000118e-04 1.000000000000000000e+00 5.272350000000000300e-03 5.382259999999999822e-03
1.860259163999999910e+00 5.836036000000000175e-03 2.904270000000000029e-04 1.000000000000000000e+00 5.478010000000000171e-03 5.592419999999999856e-03
1.860879249999999985e+00 6.092246600000000151e-03 2.960309999999999851e-04 1.000000000000000000e+00 5.708490000000000092e-03 5.827930000000000263e-03
1.861499543000000090e+00 6.315874200000000036e-03 3.016539999999999955e-04 1.000000000000000000e+00 5.944050000000000201e-03 6.068640000000000145e-03
1.862120043000000003e+00 6.475134999999999919e-03 3.067120000000000003e-04 1.000000000000000000e+00 6.159210000000000032e-03 6.288499999999999819e-03
1.862740749999999945e+00 6.542753800000000383e-03 3.106119999999999866e-04 1.000000000000000000e+00 6.326449999999999955e-03 6.459419999999999572e-03
1.863361663000000057e+00 6.499137399999999586e-03 3.128229999999999965e-04 1.000000000000000000e+00 6.420190000000000098e-03 6.555270000000000194e-03
1.863982784000000059e+00 6.333639900000000156e-03 3.129179999999999744e-04 1.000000000000000000e+00 6.419809999999999753e-03 6.555010000000000003e-03
1.864604111000000009e+00 6.044966399999999844e-03 3.105890000000000040e-04 1.000000000000000000e+00 6.311670000000000127e-03 6.444710000000000195e-03
1.865225646000000070e+00 5.641730499999999919e-03 3.056530000000000228e-04 1.000000000000000000e+00 6.090349999999999583e-03 6.218829999999999844e-03
1.865847387999999940e+00 5.143120600000000361e-03 2.980640000000000112e-04 1.000000000000000000e+00 5.759600000000000136e-03 5.881199999999999622e-03
1.866469337000000062e+00 4.578863899999999730e-03 2.879420000000000156e-04 1.000000000000000000e+00 5.333029999999999889e-03 5.445720000000000248e-03
1.867091492999999991e+00 3.987057300000000117e-03 2.755960000000000224e-04 1.000000000000000000e+00 4.833989999999999815e-03 4.936219999999999844e-03
1.867713857000000033e+00 3.409722300000000116e-03 2.615529999999999808e-04 1.000000000000000000e+00 4.293879999999999919e-03 4.384759999999999699e-03
1.868336428999999965e+00 2.886679899999999941e-03 2.465489999999999869e-04 1.000000000000000000e+00 3.748700000000000209e-03 3.828119999999999960e-03
1.868959207000000067e+00 2.449865900000000162e-03 2.314919999999999988e-04 1.000000000000000000e+00 3.234470000000000140e-03 3.303079999999999905e-03
1.869582193999999919e+00 2.119704200000000101e-03 2.173889999999999883e-04 1.000000000000000000e+00 2.782489999999999877e-03 2.841579999999999800e-03
1.870205388000000024e+00 1.904617900000000032e-03 2.052380000000000025e-04 1.000000000000000000e+00 2.415919999999999786e-03 2.467309999999999903e-03
1.870828790000000019e+00 1.803476899999999911e-03 1.959060000000000044e-04 1.000000000000000000e+00 2.148549999999999939e-03 2.194329999999999978e-03
1.871452399000000044e+00 1.809644000000000010e-03 1.900120000000000097e-04 1.000000000000000000e+00 1.985670000000000143e-03 2.028059999999999932e-03
1.872076217000000042e+00 1.915244100000000008e-03 1.878589999999999915e-04 1.000000000000000000e+00 1.926600000000000101e-03 1.967800000000000018e-03
1.872700242000000070e+00 2.114100099999999868e-03 1.894420000000000067e-04 1.000000000000000000e+00 1.967640000000000101e-03 2.009790000000000014e-03
1.873324476000000072e+00 2.402712600000000195e-03 1.945259999999999871e-04 1.000000000000000000e+00 2.104599999999999874e-03 2.149760000000000126e-03
1.873948917000000103e+00 2.779133200000000106e-03 2.027320000000000099e-04 1.000000000000000000e+00 2.334090000000000036e-03 2.384260000000000025e-03
1.874573567000000107e+00 3.240053499999999854e-03 2.136109999999999984e-04 1.000000000000000000e+00 2.653180000000000208e-03 2.710310000000000063e-03
1.875198425000000002e+00 3.777197600000000138e-03 2.266520000000000112e-04 1.000000000000000000e+00 3.057649999999999865e-03 3.123589999999999874e-03
1.875823491000000010e+00 4.374159499999999597e-03 2.412740000000000078e-04 1.000000000000000000e+00 3.539430000000000093e-03 3.615900000000000017e-03
1.876448764999999907e+00 5.005253799999999711e-03 2.568219999999999748e-04 1.000000000000000000e+00 4.084220000000000385e-03 4.172630000000000089e-03
1.877074248000000001e+00 5.637145599999999861e-03 2.725809999999999843e-04 1.000000000000000000e+00 4.670419999999999780e-03 4.771710000000000187e-03
1.877699938999999985e+00 6.233375099999999801e-03 2.878320000000000184e-04 1.000000000000000000e+00 5.269959999999999749e-03 5.384479999999999648e-03
1.878325838999999942e+00 6.760623299999999995e-03 3.019189999999999938e-04 1.000000000000000000e+00 5.851460000000000168e-03 5.978869999999999844e-03
1.878951948000000094e+00 7.194783500000000338e-03 3.143169999999999927e-04 1.000000000000000000e+00 6.384790000000000430e-03 6.524079999999999810e-03
1.879578264999999915e+00 7.525201300000000128e-03 3.246909999999999987e-04 1.000000000000000000e+00 6.845930000000000071e-03 6.995559999999999626e-03
1.880204790999999931e+00 7.756016099999999726e-03 3.329259999999999902e-04 1.000000000000000000e+00 7.220869999999999893e-03 7.378970000000000320e-03
1.880831525999999920e+00 7.904447999999999683e-03 3.391220000000000237e-04 1.000000000000000000e+00 7.507409999999999951e-03 7.672059999999999644e-03
1.881458470000000105e+00 7.996951500000000143e-03 3.435760000000000051e-04 1.000000000000000000e+00 7.714900000000000230e-03 7.884340000000000098e-03
1.882085623000000041e+00 8.064043700000000578e-03 3.467249999999999846e-04 1.000000000000000000e+00 7.861810000000000326e-03 8.034690000000000581e-03
1.882712984999999950e+00 8.134369900000000542e-03 3.490869999999999867e-04 1.000000000000000000e+00 7.971920000000000395e-03 8.147389999999999147e-03
1.883340556000000054e+00 8.228602999999999265e-03 3.511659999999999782e-04 1.000000000000000000e+00 8.069420000000000759e-03 8.247169999999999848e-03
1.883968335999999910e+00 8.354057200000000738e-03 3.533569999999999984e-04 1.000000000000000000e+00 8.173629999999999438e-03 8.353789999999999827e-03
1.884596326000000044e+00 8.501374600000000115e-03 3.558549999999999734e-04 1.000000000000000000e+00 8.294179999999999955e-03 8.477079999999999685e-03
1.885224524000000068e+00 8.644972600000000104e-03 3.585889999999999781e-04 1.000000000000000000e+00 8.427689999999999834e-03 8.613610000000000710e-03
1.885852933000000009e+00 8.748448400000000819e-03 3.612299999999999821e-04 1.000000000000000000e+00 8.557510000000000810e-03 8.746359999999999899e-03
1.886481550000000063e+00 8.774186600000000863e-03 3.632609999999999767e-04 1.000000000000000000e+00 8.657099999999999171e-03 8.848220000000000390e-03
1.887110376999999950e+00 8.695187999999999529e-03 3.641149999999999790e-04 1.000000000000000000e+00 8.696999999999999870e-03 8.889070000000000651e-03
1.887739413999999893e+00 8.505280999999999952e-03 3.633390000000000122e-04 1.000000000000000000e+00 8.653809999999999628e-03 8.844990000000000491e-03
1.888368660999999893e+00 8.224259899999999263e-03 3.607419999999999963e-04 1.000000000000000000e+00 8.518519999999999912e-03 8.706790000000000709e-03
1.888998117000000088e+00 7.895751200000000400e-03 3.564919999999999743e-04 1.000000000000000000e+00 8.301670000000000577e-03 8.485229999999999856e-03
1.889627782999999894e+00 7.577871299999999581e-03 3.511400000000000025e-04 1.000000000000000000e+00 8.033220000000000638e-03 8.210929999999999965e-03
1.890257658999999979e+00 7.329137200000000393e-03 3.455369999999999817e-04 1.000000000000000000e+00 7.756889999999999792e-03 7.928589999999999249e-03
1.890887744999999898e+00 7.193473199999999776e-03 3.406719999999999800e-04 1.000000000000000000e+00 7.520169999999999633e-03 7.686750000000000006e-03
1.891518041000000094e+00 7.188140299999999649e-03 3.374200000000000051e-04 1.000000000000000000e+00 7.362610000000000335e-03 7.525839999999999787e-03
1.892148546999999903e+00 7.297880300000000181e-03 3.362829999999999921e-04 1.000000000000000000e+00 7.305390000000000147e-03 7.467530000000000001e-03
1.892779262999999990e+00 7.476863799999999664e-03 3.372100000000000054e-04 1.000000000000000000e+00 7.344980000000000085e-03 7.508179999999999715e-03
1.893410188999999910e+00 7.658152300000000204e-03 3.395790000000000093e-04 1.000000000000000000e+00 7.452460000000000161e-03 7.618250000000000022e-03
1.894041325999999970e+00 7.768782499999999855e-03 3.423440000000000142e-04 1.000000000000000000e+00 7.579129999999999895e-03 7.747969999999999857e-03
1.894672673000000085e+00 7.747213000000000190e-03 3.442909999999999872e-04 1.000000000000000000e+00 7.667239999999999646e-03 7.838259999999999672e-03
1.895304230999999895e+00 7.558645200000000189e-03 3.443240000000000189e-04 1.000000000000000000e+00 7.663439999999999662e-03 7.834600000000000591e-03
1.895935998999999983e+00 7.204104900000000110e-03 3.416809999999999834e-04 1.000000000000000000e+00 7.531699999999999680e-03 7.700170000000000105e-03
1.896567976999999905e+00 6.720495899999999814e-03 3.360889999999999733e-04 1.000000000000000000e+00 7.262339999999999941e-03 7.425039999999999939e-03
1.897200167000000048e+00 6.171092399999999686e-03 3.278070000000000007e-04 1.000000000000000000e+00 6.874370000000000307e-03 7.028630000000000121e-03
1.897832567000000026e+00 5.629184199999999819e-03 3.175909999999999888e-04 1.000000000000000000e+00 6.410500000000000399e-03 6.554639999999999599e-03
1.898465177999999920e+00 5.159763399999999639e-03 3.065480000000000201e-04 1.000000000000000000e+00 5.926269999999999975e-03 6.059830000000000425e-03
1.899097999000000092e+00 4.804752600000000012e-03 2.959169999999999791e-04 1.000000000000000000e+00 5.476319999999999799e-03 5.600049999999999646e-03
1.899731032000000042e+00 4.576337699999999571e-03 2.867839999999999973e-04 1.000000000000000000e+00 5.102040000000000394e-03 5.217639999999999952e-03
1.900364275999999908e+00 4.459734899999999794e-03 2.798370000000000111e-04 1.000000000000000000e+00 4.824319999999999997e-03 4.933919999999999625e-03
1.900997730000000052e+00 4.423986500000000148e-03 2.752359999999999919e-04 1.000000000000000000e+00 4.642900000000000152e-03 4.748650000000000093e-03
1.901631395999999974e+00 4.436328699999999604e-03 2.726939999999999746e-04 1.000000000000000000e+00 4.542299999999999983e-03 4.645990000000000016e-03
1.902265273000000034e+00 4.474912400000000297e-03 2.717069999999999924e-04 1.000000000000000000e+00 4.501289999999999805e-03 4.604220000000000014e-03
1.902899362000000094e+00 4.535469700000000111e-03 2.718369999999999793e-04 1.000000000000000000e+00 4.502589999999999891e-03 4.605699999999999898e-03
1.903533662000000071e+00 4.629760200000000193e-03 2.729000000000000197e-04 1.000000000000000000e+00 4.539119999999999787e-03 4.643200000000000105e-03
1.904168172999999964e+00 4.776895199999999821e-03 2.749909999999999833e-04 1.000000000000000000e+00 4.614820000000000380e-03 4.720779999999999942e-03
1.904802896000000079e+00 4.990757900000000052e-03 2.783540000000000255e-04 1.000000000000000000e+00 4.739900000000000016e-03 4.848869999999999916e-03
1.905437830000000110e+00 5.268661099999999604e-03 2.831560000000000110e-04 1.000000000000000000e+00 4.922550000000000363e-03 5.035869999999999583e-03
1.906072975999999919e+00 5.585831500000000040e-03 2.892689999999999845e-04 1.000000000000000000e+00 5.160529999999999978e-03 5.279469999999999649e-03
1.906708333999999949e+00 5.898177899999999980e-03 2.961780000000000228e-04 1.000000000000000000e+00 5.436139999999999896e-03 5.561540000000000233e-03
1.907343902999999896e+00 6.152999200000000210e-03 3.030469999999999735e-04 1.000000000000000000e+00 5.716770000000000358e-03 5.848719999999999961e-03
1.907979684000000065e+00 6.304015300000000155e-03 3.089170000000000240e-04 1.000000000000000000e+00 5.961450000000000082e-03 6.099089999999999720e-03
1.908615678000000093e+00 6.325652999999999658e-03 3.129459999999999816e-04 1.000000000000000000e+00 6.131359999999999762e-03 6.272940000000000287e-03
1.909251883000000038e+00 6.221742700000000396e-03 3.146119999999999754e-04 1.000000000000000000e+00 6.200879999999999760e-03 6.344050000000000383e-03
1.909888299999999983e+00 6.025870899999999884e-03 3.138500000000000122e-04 1.000000000000000000e+00 6.165470000000000152e-03 6.307830000000000381e-03
1.910524928999999927e+00 5.793669900000000296e-03 3.110890000000000161e-04 1.000000000000000000e+00 6.044149999999999870e-03 6.183730000000000129e-03
1.911161770999999954e+00 5.589686299999999629e-03 3.071959999999999773e-04 1.000000000000000000e+00 5.875690000000000253e-03 6.011449999999999780e-03
1.911798824999999979e+00 5.473014000000000004e-03 3.033290000000000227e-04 1.000000000000000000e+00 5.710019999999999679e-03 5.842059999999999614e-03
1.912436091000000005e+00 5.485009600000000096e-03 3.007090000000000240e-04 1.000000000000000000e+00 5.597379999999999890e-03 5.727000000000000320e-03
1.913073569999999890e+00 5.641667799999999788e-03 3.003419999999999918e-04 1.000000000000000000e+00 5.577859999999999589e-03 5.707249999999999650e-03
1.913711260999999997e+00 5.931597200000000326e-03 3.027710000000000188e-04 1.000000000000000000e+00 5.673590000000000057e-03 5.805460000000000134e-03
1.914349164999999964e+00 6.319195900000000414e-03 3.079399999999999824e-04 1.000000000000000000e+00 5.884999999999999606e-03 6.022050000000000146e-03
1.914987280999999930e+00 6.752540300000000120e-03 3.152380000000000199e-04 1.000000000000000000e+00 6.191389999999999741e-03 6.335839999999999701e-03
1.915625609999999979e+00 7.174379699999999631e-03 3.236879999999999814e-04 1.000000000000000000e+00 6.555820000000000397e-03 6.709019999999999567e-03
1.916264152000000109e+00 7.534926600000000155e-03 3.322169999999999941e-04 1.000000000000000000e+00 6.933279999999999998e-03 7.095549999999999947e-03
1.916902907000000100e+00 7.803358699999999627e-03 3.398960000000000132e-04 1.000000000000000000e+00 7.280850000000000169e-03 7.451509999999999731e-03
1.917541874999999951e+00 7.975018599999999722e-03 3.461250000000000242e-04 1.000000000000000000e+00 7.567550000000000145e-03 7.745189999999999887e-03
1.918181055000000024e+00 8.071631200000000186e-03 3.507280000000000206e-04 1.000000000000000000e+00 7.781299999999999675e-03 7.964219999999999286e-03
1.918820449000000039e+00 8.133486599999999872e-03 3.539419999999999936e-04 1.000000000000000000e+00 7.930670000000000774e-03 8.117410000000000250e-03
1.919460055999999915e+00 8.205681399999999528e-03 3.563160000000000220e-04 1.000000000000000000e+00 8.040699999999999584e-03 8.230350000000000860e-03
1.920099876000000094e+00 8.322997500000000118e-03 3.585239999999999846e-04 1.000000000000000000e+00 8.143680000000000363e-03 8.336079999999999185e-03
1.920739908999999912e+00 8.498994699999999972e-03 3.611479999999999920e-04 1.000000000000000000e+00 8.268060000000000687e-03 8.463689999999999408e-03
1.921380155999999895e+00 8.722875600000000798e-03 3.644890000000000131e-04 1.000000000000000000e+00 8.429280000000000800e-03 8.628999999999999518e-03
1.922020615999999960e+00 8.964996299999999918e-03 3.684960000000000037e-04 1.000000000000000000e+00 8.625640000000000390e-03 8.830229999999999677e-03
1.922661289000000107e+00 9.187817600000000237e-03 3.728129999999999964e-04 1.000000000000000000e+00 8.840040000000000397e-03 9.049869999999999789e-03
1.923302175999999974e+00 9.358038399999999216e-03 3.769259999999999755e-04 1.000000000000000000e+00 9.046530000000000543e-03 9.261359999999999731e-03
1.923943277000000007e+00 9.455655599999999647e-03 3.803359999999999987e-04 1.000000000000000000e+00 9.218799999999999217e-03 9.437779999999999780e-03
1.924584591999999983e+00 9.477942799999999890e-03 3.826950000000000078e-04 1.000000000000000000e+00 9.337679999999999245e-03 9.559510000000000229e-03
1.925226120000000041e+00 9.438350700000000537e-03 3.838790000000000019e-04 1.000000000000000000e+00 9.395709999999999826e-03 9.618949999999999376e-03
1.925867862000000041e+00 9.362232399999999982e-03 3.840040000000000185e-04 1.000000000000000000e+00 9.398319999999999938e-03 9.621650000000000688e-03
1.926509817999999985e+00 9.280882500000000451e-03 3.833829999999999985e-04 1.000000000000000000e+00 9.361839999999999745e-03 9.584370000000000042e-03
1.927151988000000093e+00 9.225873199999999955e-03 3.824640000000000028e-04 1.000000000000000000e+00 9.309859999999999663e-03 9.531239999999999851e-03
1.927794371999999923e+00 9.224173699999999379e-03 3.817539999999999909e-04 1.000000000000000000e+00 9.268679999999999627e-03 9.489199999999999718e-03
1.928436969999999917e+00 9.294657600000000644e-03 3.817289999999999768e-04 1.000000000000000000e+00 9.263000000000000400e-03 9.483560000000000254e-03
1.929079782000000076e+00 9.445987700000000112e-03 3.827670000000000031e-04 1.000000000000000000e+00 9.312380000000000310e-03 9.534320000000000642e-03
1.929722809000000039e+00 9.675539000000000361e-03 3.850840000000000014e-04 1.000000000000000000e+00 9.428499999999999381e-03 9.653480000000000741e-03
1.930366049999999944e+00 9.969467500000000690e-03 3.887040000000000243e-04 1.000000000000000000e+00 9.613609999999999864e-03 9.843330000000000829e-03
1.931009505000000015e+00 1.030381799999999931e-02 3.934480000000000182e-04 1.000000000000000000e+00 9.859939999999999330e-03 1.009589999999999967e-02
1.931653174999999889e+00 1.064705500000000075e-02 3.989600000000000156e-04 1.000000000000000000e+00 1.015029999999999925e-02 1.039359999999999937e-02
1.932297058999999928e+00 1.096413000000000075e-02 4.047559999999999852e-04 1.000000000000000000e+00 1.045970000000000059e-02 1.071090000000000063e-02
1.932941157999999993e+00 1.122183099999999982e-02 4.102970000000000055e-04 1.000000000000000000e+00 1.075899999999999947e-02 1.101790000000000061e-02
1.933585472000000083e+00 1.139473400000000011e-02 4.150679999999999908e-04 1.000000000000000000e+00 1.101869999999999933e-02 1.128430000000000058e-02
1.934229999999999894e+00 1.147049600000000016e-02 4.186589999999999908e-04 1.000000000000000000e+00 1.121450000000000051e-02 1.148530000000000037e-02
1.934874744000000035e+00 1.145323099999999948e-02 4.208349999999999916e-04 1.000000000000000000e+00 1.133149999999999956e-02 1.160560000000000064e-02
1.935519701999999898e+00 1.136379499999999945e-02 4.215800000000000125e-04 1.000000000000000000e+00 1.136780000000000082e-02 1.164309999999999998e-02
1.936164875000000007e+00 1.123665800000000006e-02 4.211110000000000005e-04 1.000000000000000000e+00 1.133559999999999950e-02 1.161039999999999989e-02
1.936810264000000004e+00 1.111353300000000009e-02 4.198529999999999797e-04 1.000000000000000000e+00 1.125920000000000046e-02 1.153239999999999994e-02
1.937455866999999943e+00 1.103496600000000022e-02 4.183759999999999801e-04 1.000000000000000000e+00 1.117109999999999978e-02 1.144240000000000014e-02
1.938101685999999990e+00 1.103167799999999962e-02 4.172840000000000251e-04 1.000000000000000000e+00 1.110520000000000083e-02 1.137520000000000024e-02
1.938747720000000063e+00 1.111782099999999995e-02 4.170940000000000151e-04 1.000000000000000000e+00 1.109019999999999971e-02 1.135989999999999917e-02
1.939393968999999940e+00 1.128800100000000063e-02 4.181170000000000221e-04 1.000000000000000000e+00 1.114300000000000013e-02 1.141419999999999935e-02
1.940040433000000064e+00 1.151929200000000042e-02 4.203860000000000235e-04 1.000000000000000000e+00 1.126590000000000057e-02 1.154039999999999927e-02
1.940687113999999935e+00 1.177764100000000015e-02 4.236700000000000145e-04 1.000000000000000000e+00 1.144670000000000062e-02 1.172579999999999976e-02
1.941334008999999972e+00 1.202695699999999958e-02 4.275409999999999779e-04 1.000000000000000000e+00 1.166200000000000049e-02 1.194659999999999993e-02
1.941981120999999977e+00 1.223803000000000044e-02 4.315060000000000119e-04 1.000000000000000000e+00 1.188419999999999928e-02 1.217449999999999956e-02
1.942628448000000008e+00 1.239445800000000056e-02 4.351259999999999807e-04 1.000000000000000000e+00 1.208790000000000038e-02 1.238350000000000041e-02
1.943275990000000064e+00 1.249398900000000048e-02 4.381079999999999870e-04 1.000000000000000000e+00 1.225539999999999963e-02 1.255560000000000009e-02
1.943923749000000090e+00 1.254540500000000079e-02 4.403330000000000004e-04 1.000000000000000000e+00 1.237919999999999993e-02 1.268269999999999988e-02
1.944571724000000001e+00 1.256273299999999954e-02 4.418339999999999984e-04 1.000000000000000000e+00 1.246060000000000050e-02 1.276650000000000007e-02
1.945219913999999939e+00 1.255916299999999992e-02 4.427379999999999749e-04 1.000000000000000000e+00 1.250680000000000021e-02 1.281430000000000069e-02
1.945868321000000067e+00 1.254273300000000035e-02 4.431980000000000077e-04 1.000000000000000000e+00 1.252679999999999939e-02 1.283519999999999973e-02
1.946516944000000082e+00 1.251456999999999917e-02 4.433269999999999789e-04 1.000000000000000000e+00 1.252720000000000049e-02 1.283609999999999959e-02
1.947165782999999983e+00 1.246937899999999919e-02 4.431680000000000233e-04 1.000000000000000000e+00 1.251050000000000079e-02 1.281939999999999989e-02
1.947814837999999993e+00 1.239723700000000019e-02 4.426829999999999763e-04 1.000000000000000000e+00 1.247440000000000007e-02 1.278280000000000041e-02
1.948464109999999971e+00 1.228612700000000085e-02 4.417609999999999875e-04 1.000000000000000000e+00 1.241249999999999992e-02 1.271979999999999986e-02
1.949113598000000058e+00 1.212460599999999958e-02 4.402459999999999859e-04 1.000000000000000000e+00 1.231580000000000001e-02 1.262100000000000027e-02
1.949763302000000031e+00 1.190480699999999989e-02 4.379720000000000141e-04 1.000000000000000000e+00 1.217500000000000006e-02 1.247709999999999965e-02
1.950413222999999974e+00 1.162529900000000040e-02 4.348019999999999750e-04 1.000000000000000000e+00 1.198300000000000060e-02 1.228070000000000030e-02
1.951063361000000107e+00 1.129334300000000083e-02 4.306709999999999835e-04 1.000000000000000000e+00 1.173730000000000086e-02 1.202920000000000031e-02
1.951713714999999905e+00 1.092573699999999960e-02 4.256269999999999823e-04 1.000000000000000000e+00 1.144230000000000073e-02 1.172729999999999953e-02
1.952364286999999976e+00 1.054783500000000020e-02 4.198529999999999797e-04 1.000000000000000000e+00 1.111030000000000004e-02 1.138729999999999951e-02
1.953015074999999934e+00 1.019066100000000016e-02 4.136790000000000215e-04 1.000000000000000000e+00 1.076109999999999914e-02 1.102979999999999933e-02
1.953666080000000083e+00 9.886812400000000167e-03 4.075570000000000147e-04 1.000000000000000000e+00 1.042019999999999925e-02 1.068069999999999957e-02
1.954317301999999978e+00 9.665881899999999305e-03 4.020180000000000259e-04 1.000000000000000000e+00 1.011590000000000059e-02 1.036909999999999915e-02
1.954968741000000065e+00 9.550293499999999366e-03 3.976040000000000238e-04 1.000000000000000000e+00 9.875379999999999575e-03 1.012290000000000065e-02
1.955620396999999899e+00 9.552051199999999839e-03 3.947840000000000203e-04 1.000000000000000000e+00 9.721169999999999464e-03 9.965200000000000446e-03
1.956272271000000007e+00 9.670666300000000173e-03 3.938750000000000194e-04 1.000000000000000000e+00 9.668009999999999451e-03 9.911059999999999315e-03
1.956924361000000001e+00 9.892664900000000539e-03 3.949760000000000076e-04 1.000000000000000000e+00 9.720370000000000746e-03 9.965109999999999246e-03
1.957576669000000047e+00 1.019290500000000037e-02 3.979459999999999877e-04 1.000000000000000000e+00 9.871500000000000066e-03 1.012039999999999988e-02
1.958229194999999923e+00 1.053797000000000067e-02 4.024179999999999814e-04 1.000000000000000000e+00 1.010390000000000073e-02 1.035909999999999956e-02
1.958881937999999989e+00 1.089150300000000030e-02 4.078689999999999941e-04 1.000000000000000000e+00 1.039179999999999965e-02 1.065460000000000018e-02
1.959534899000000108e+00 1.122058800000000009e-02 4.137149999999999920e-04 1.000000000000000000e+00 1.070510000000000038e-02 1.097620000000000019e-02
1.960188076999999973e+00 1.150183999999999929e-02 4.194150000000000222e-04 1.000000000000000000e+00 1.101440000000000058e-02 1.129370000000000027e-02
1.960841472999999890e+00 1.172548900000000040e-02 4.245639999999999961e-04 1.000000000000000000e+00 1.129649999999999925e-02 1.158340000000000064e-02
1.961495087000000082e+00 1.189622000000000075e-02 4.289459999999999822e-04 1.000000000000000000e+00 1.153799999999999965e-02 1.183140000000000060e-02
1.962148919000000102e+00 1.203041499999999916e-02 4.325479999999999928e-04 1.000000000000000000e+00 1.173689999999999976e-02 1.203569999999999987e-02
1.962802968000000092e+00 1.215078799999999917e-02 4.355319999999999765e-04 1.000000000000000000e+00 1.190150000000000062e-02 1.220489999999999943e-02
1.963457235999999995e+00 1.228011099999999980e-02 4.381729999999999805e-04 1.000000000000000000e+00 1.204689999999999928e-02 1.235439999999999976e-02
1.964111721999999949e+00 1.243594500000000033e-02 4.407750000000000209e-04 1.000000000000000000e+00 1.219089999999999931e-02 1.250240000000000032e-02
1.964766425999999955e+00 1.262776399999999966e-02 4.436069999999999965e-04 1.000000000000000000e+00 1.234889999999999946e-02 1.266489999999999977e-02
1.965421348000000012e+00 1.285679600000000020e-02 4.468440000000000064e-04 1.000000000000000000e+00 1.253169999999999978e-02 1.285279999999999929e-02
1.966076487999999900e+00 1.311797299999999979e-02 4.505579999999999915e-04 1.000000000000000000e+00 1.274390000000000071e-02 1.307089999999999988e-02
1.966731846999999922e+00 1.340290199999999952e-02 4.547250000000000077e-04 1.000000000000000000e+00 1.298479999999999947e-02 1.331839999999999934e-02
1.967387423999999996e+00 1.370275800000000065e-02 4.592579999999999861e-04 1.000000000000000000e+00 1.324990000000000022e-02 1.359089999999999951e-02
1.968043219999999982e+00 1.401030800000000083e-02 4.640469999999999838e-04 1.000000000000000000e+00 1.353320000000000044e-02 1.388200000000000024e-02
1.968699234000000020e+00 1.432089400000000068e-02 4.689849999999999965e-04 1.000000000000000000e+00 1.382880000000000047e-02 1.418570000000000074e-02
1.969355468000000053e+00 1.463244799999999929e-02 4.739899999999999799e-04 1.000000000000000000e+00 1.413179999999999992e-02 1.449710000000000061e-02
1.970011919000000056e+00 1.494482800000000028e-02 4.790090000000000211e-04 1.000000000000000000e+00 1.443939999999999980e-02 1.481309999999999918e-02
1.970668590000000053e+00 1.525874200000000049e-02 4.840180000000000133e-04 1.000000000000000000e+00 1.474989999999999982e-02 1.513210000000000076e-02
1.971325479999999963e+00 1.557447999999999992e-02 4.890089999999999932e-04 1.000000000000000000e+00 1.506279999999999945e-02 1.545350000000000022e-02
1.971982587999999925e+00 1.589070799999999992e-02 4.939770000000000445e-04 1.000000000000000000e+00 1.537739999999999940e-02 1.577670000000000114e-02
1.972639916000000104e+00 1.620355000000000059e-02 4.989010000000000536e-04 1.000000000000000000e+00 1.569219999999999990e-02 1.609999999999999973e-02
1.973297461999999891e+00 1.650620400000000002e-02 5.037349999999999467e-04 1.000000000000000000e+00 1.600369999999999918e-02 1.642000000000000057e-02
1.973955227999999895e+00 1.678941700000000092e-02 5.084020000000000292e-04 1.000000000000000000e+00 1.630629999999999927e-02 1.673089999999999994e-02
1.974613213000000034e+00 1.704299999999999912e-02 5.127969999999999490e-04 1.000000000000000000e+00 1.659259999999999902e-02 1.702510000000000134e-02
1.975271417000000085e+00 1.725815199999999883e-02 5.168040000000000481e-04 1.000000000000000000e+00 1.685419999999999974e-02 1.729400000000000034e-02
1.975929840999999909e+00 1.743017900000000051e-02 5.203169999999999584e-04 1.000000000000000000e+00 1.708350000000000146e-02 1.752980000000000163e-02
1.976588484999999951e+00 1.756064900000000109e-02 5.232740000000000048e-04 1.000000000000000000e+00 1.727590000000000028e-02 1.772769999999999901e-02
1.977247347000000044e+00 1.765802799999999922e-02 5.256780000000000177e-04 1.000000000000000000e+00 1.743130000000000027e-02 1.788760000000000003e-02
1.977906429999999993e+00 1.773619800000000163e-02 5.276080000000000483e-04 1.000000000000000000e+00 1.755510000000000057e-02 1.801499999999999976e-02
1.978565732000000077e+00 1.781092299999999934e-02 5.292050000000000400e-04 1.000000000000000000e+00 1.765689999999999968e-02 1.811979999999999841e-02
1.979225253999999934e+00 1.789536599999999936e-02 5.306459999999999606e-04 1.000000000000000000e+00 1.774879999999999861e-02 1.821429999999999924e-02
1.979884996000000008e+00 1.799612700000000065e-02 5.320890000000000212e-04 1.000000000000000000e+00 1.784149999999999972e-02 1.830970000000000167e-02
1.980544956999999995e+00 1.811131100000000146e-02 5.336370000000000002e-04 1.000000000000000000e+00 1.794170000000000140e-02 1.841289999999999941e-02
1.981205139000000059e+00 1.823137400000000158e-02 5.353050000000000256e-04 1.000000000000000000e+00 1.805029999999999829e-02 1.852470000000000158e-02
1.981865540999999897e+00 1.834247599999999992e-02 5.370219999999999551e-04 1.000000000000000000e+00 1.816219999999999987e-02 1.863990000000000091e-02
1.982526162999999952e+00 1.843101399999999904e-02 5.386609999999999576e-04 1.000000000000000000e+00 1.826809999999999892e-02 1.874910000000000118e-02
1.983187005000000003e+00 1.848782399999999992e-02 5.400780000000000424e-04 1.000000000000000000e+00 1.835789999999999991e-02 1.884190000000000170e-02
1.983848067000000048e+00 1.851062100000000141e-02 5.411590000000000410e-04 1.000000000000000000e+00 1.842380000000000059e-02 1.891009999999999913e-02
1.984509349999999950e+00 1.850413999999999878e-02 5.418530000000000178e-04 1.000000000000000000e+00 1.846220000000000153e-02 1.895010000000000097e-02
1.985170853000000069e+00 1.847824500000000078e-02 5.421799999999999623e-04 1.000000000000000000e+00 1.847479999999999956e-02 1.896360000000000059e-02
1.985832575999999960e+00 1.844488500000000114e-02 5.422229999999999888e-04 1.000000000000000000e+00 1.846770000000000009e-02 1.895689999999999875e-02
1.986494521000000013e+00 1.841489799999999899e-02 5.421000000000000037e-04 1.000000000000000000e+00 1.844929999999999834e-02 1.893850000000000047e-02
1.987156684999999978e+00 1.839547999999999878e-02 5.419319999999999606e-04 1.000000000000000000e+00 1.842840000000000103e-02 1.891759999999999969e-02
1.987819071000000104e+00 1.838871300000000097e-02 5.418180000000000088e-04 1.000000000000000000e+00 1.841160000000000019e-02 1.890079999999999885e-02
1.988481677000000003e+00 1.839096600000000165e-02 5.418040000000000052e-04 1.000000000000000000e+00 1.840189999999999881e-02 1.889129999999999976e-02
1.989144505000000063e+00 1.839303899999999992e-02 5.418750000000000389e-04 1.000000000000000000e+00 1.839789999999999828e-02 1.888779999999999973e-02
1.989807552999999896e+00 1.838070799999999907e-02 5.419449999999999485e-04 1.000000000000000000e+00 1.839340000000000072e-02 1.888389999999999860e-02
1.990470822000000028e+00 1.833571300000000001e-02 5.418629999999999584e-04 1.000000000000000000e+00 1.837760000000000088e-02 1.886820000000000164e-02
1.991134312000000017e+00 1.823719000000000035e-02 5.414179999999999991e-04 1.000000000000000000e+00 1.833550000000000110e-02 1.882570000000000077e-02
1.991798023999999945e+00 1.806361399999999867e-02 5.403520000000000198e-04 1.000000000000000000e+00 1.824939999999999896e-02 1.873800000000000118e-02
1.992461956000000090e+00 1.779514199999999990e-02 5.383849999999999487e-04 1.000000000000000000e+00 1.810010000000000091e-02 1.858550000000000132e-02
1.993126109999999951e+00 1.741605099999999837e-02 5.352339999999999919e-04 1.000000000000000000e+00 1.786930000000000116e-02 1.834919999999999954e-02
1.993790485999999973e+00 1.691688699999999851e-02 5.306459999999999606e-04 1.000000000000000000e+00 1.754110000000000044e-02 1.801300000000000123e-02
1.994455081999999990e+00 1.629604299999999964e-02 5.244130000000000492e-04 1.000000000000000000e+00 1.710450000000000165e-02 1.756529999999999897e-02
1.995119901000000029e+00 1.556050999999999962e-02 5.164040000000000383e-04 1.000000000000000000e+00 1.655500000000000027e-02 1.700159999999999866e-02
1.995784940999999924e+00 1.472578800000000007e-02 5.065739999999999783e-04 1.000000000000000000e+00 1.589509999999999881e-02 1.632449999999999873e-02
1.996450201999999896e+00 1.381491800000000068e-02 4.949750000000000373e-04 1.000000000000000000e+00 1.513549999999999965e-02 1.554469999999999984e-02
1.997115685999999890e+00 1.285683599999999996e-02 4.817660000000000085e-04 1.000000000000000000e+00 1.429369999999999946e-02 1.468050000000000084e-02
1.997781390999999962e+00 1.188417200000000014e-02 4.672049999999999966e-04 1.000000000000000000e+00 1.339369999999999970e-02 1.375640000000000022e-02
1.998447317999999973e+00 1.093089799999999966e-02 4.516489999999999849e-04 1.000000000000000000e+00 1.246369999999999943e-02 1.280150000000000038e-02
1.999113466999999922e+00 1.003012900000000047e-02 4.355410000000000097e-04 1.000000000000000000e+00 1.153470000000000016e-02 1.184750000000000039e-02
1.999779838000000032e+00 9.212359499999999563e-03 4.193970000000000098e-04 1.000000000000000000e+00 1.063779999999999934e-02 1.092650000000000045e-02
2.000446431999999941e+00 8.504159199999999919e-03 4.037930000000000013e-04 1.000000000000000000e+00 9.803269999999999346e-03 1.006939999999999918e-02
2.001113247000000150e+00 7.927219399999999375e-03 3.893370000000000164e-04 1.000000000000000000e+00 9.058300000000000032e-03 9.304369999999999308e-03
2.001780285000000159e+00 7.497469500000000266e-03 3.766449999999999963e-04 1.000000000000000000e+00 8.426299999999999416e-03 8.655370000000000771e-03
2.002447544999999884e+00 7.224004200000000084e-03 3.662900000000000184e-04 1.000000000000000000e+00 7.925609999999999600e-03 8.141249999999999182e-03
2.003115027999999853e+00 7.107751100000000294e-03 3.587390000000000088e-04 1.000000000000000000e+00 7.568339999999999790e-03 7.774470000000000339e-03
2.003782732999999983e+00 7.140013199999999810e-03 3.542759999999999941e-04 1.000000000000000000e+00 7.359140000000000126e-03 7.559780000000000319e-03
2.004450659999999829e+00 7.301386699999999792e-03 3.529319999999999745e-04 1.000000000000000000e+00 7.293850000000000160e-03 7.492959999999999898e-03
2.005118809999999918e+00 7.561771299999999786e-03 3.544409999999999900e-04 1.000000000000000000e+00 7.358629999999999685e-03 7.559770000000000378e-03
2.005787182999999807e+00 7.882203000000000820e-03 3.582619999999999793e-04 1.000000000000000000e+00 7.529850000000000258e-03 7.735920000000000296e-03
2.006455778999999939e+00 8.218968099999999707e-03 3.636390000000000195e-04 1.000000000000000000e+00 7.775429999999999842e-03 7.988469999999999252e-03
2.007124597999999871e+00 8.529646000000000103e-03 3.697239999999999858e-04 1.000000000000000000e+00 8.057989999999999250e-03 8.279009999999999841e-03
2.007793638999999963e+00 8.779907099999999590e-03 3.756990000000000091e-04 1.000000000000000000e+00 8.339589999999999156e-03 8.568559999999999371e-03
2.008462903999999938e+00 8.949305100000000748e-03 3.808950000000000183e-04 1.000000000000000000e+00 8.587189999999999754e-03 8.823169999999999971e-03
2.009132391000000073e+00 9.034261099999999628e-03 3.848759999999999790e-04 1.000000000000000000e+00 8.777639999999999748e-03 9.019060000000000618e-03
2.009802102000000090e+00 9.047270799999999891e-03 3.874759999999999880e-04 1.000000000000000000e+00 8.900909999999999725e-03 9.145930000000000032e-03
2.010472035999999907e+00 9.012691200000000694e-03 3.887909999999999847e-04 1.000000000000000000e+00 8.960450000000000012e-03 9.207329999999999681e-03
2.011142194000000050e+00 8.960489699999999239e-03 3.891270000000000167e-04 1.000000000000000000e+00 8.971019999999999689e-03 9.218439999999999621e-03
2.011812573999999909e+00 8.920067599999999611e-03 3.889210000000000258e-04 1.000000000000000000e+00 8.954449999999999216e-03 9.201690000000000216e-03
2.012483178000000095e+00 8.915765000000000842e-03 3.886569999999999890e-04 1.000000000000000000e+00 8.934960000000000471e-03 9.181969999999999368e-03
2.013154006000000162e+00 8.964860300000000379e-03 3.887869999999999759e-04 1.000000000000000000e+00 8.935099999999999640e-03 9.182440000000000047e-03
2.013825058000000112e+00 9.077652699999999228e-03 3.896759999999999872e-04 1.000000000000000000e+00 8.973240000000000383e-03 9.221989999999999355e-03
2.014496332999999861e+00 9.258726599999999446e-03 3.915850000000000125e-04 1.000000000000000000e+00 9.062539999999999138e-03 9.314130000000000326e-03
2.015167830999999854e+00 9.508391999999999192e-03 3.946579999999999880e-04 1.000000000000000000e+00 9.211079999999999962e-03 9.467150000000000565e-03
2.015839553999999811e+00 9.823744100000000173e-03 3.989439999999999805e-04 1.000000000000000000e+00 9.422500000000000320e-03 9.684800000000000353e-03
2.016511500000000012e+00 1.019931999999999957e-02 4.044070000000000195e-04 1.000000000000000000e+00 9.696730000000000627e-03 9.967010000000000106e-03
2.017183671000000178e+00 1.062758100000000053e-02 4.109450000000000169e-04 1.000000000000000000e+00 1.003070000000000003e-02 1.031059999999999963e-02
2.017856065000000143e+00 1.109950099999999946e-02 4.184099999999999733e-04 1.000000000000000000e+00 1.041880000000000063e-02 1.071000000000000077e-02
2.018528684000000073e+00 1.160521899999999995e-02 4.266200000000000049e-04 1.000000000000000000e+00 1.085389999999999966e-02 1.115760000000000016e-02
2.019201526999999885e+00 1.213463700000000020e-02 4.353830000000000157e-04 1.000000000000000000e+00 1.132730000000000022e-02 1.164469999999999915e-02
2.019874594000000023e+00 1.267780899999999995e-02 4.445030000000000097e-04 1.000000000000000000e+00 1.182990000000000083e-02 1.216180000000000039e-02
2.020547886000000126e+00 1.322510600000000036e-02 4.537939999999999856e-04 1.000000000000000000e+00 1.235239999999999949e-02 1.269939999999999958e-02
2.021221402000000111e+00 1.376730299999999983e-02 4.630859999999999773e-04 1.000000000000000000e+00 1.288539999999999998e-02 1.324789999999999995e-02
2.021895141999999979e+00 1.429577700000000083e-02 4.722199999999999748e-04 1.000000000000000000e+00 1.341980000000000083e-02 1.379780000000000069e-02
2.022569106999999811e+00 1.480284699999999919e-02 4.810610000000000211e-04 1.000000000000000000e+00 1.394680000000000052e-02 1.434009999999999972e-02
2.023243297000000052e+00 1.528220299999999941e-02 4.894930000000000244e-04 1.000000000000000000e+00 1.445860000000000027e-02 1.486660000000000065e-02
2.023917711000000175e+00 1.572922100000000156e-02 4.974289999999999701e-04 1.000000000000000000e+00 1.494810000000000062e-02 1.537029999999999993e-02
2.024592350999999901e+00 1.614105700000000032e-02 5.048070000000000205e-04 1.000000000000000000e+00 1.540979999999999954e-02 1.584539999999999907e-02
2.025267214999999954e+00 1.651644999999999849e-02 5.115919999999999496e-04 1.000000000000000000e+00 1.583990000000000051e-02 1.628800000000000039e-02
2.025942303999999972e+00 1.685533700000000149e-02 5.177750000000000494e-04 1.000000000000000000e+00 1.623590000000000103e-02 1.669549999999999854e-02
2.026617617999999954e+00 1.715838600000000116e-02 5.233629999999999966e-04 1.000000000000000000e+00 1.659659999999999955e-02 1.706680000000000003e-02
2.027293156999999901e+00 1.742660700000000021e-02 5.283749999999999818e-04 1.000000000000000000e+00 1.692190000000000014e-02 1.740169999999999911e-02
2.027968921999999896e+00 1.766109500000000165e-02 5.328349999999999493e-04 1.000000000000000000e+00 1.721210000000000101e-02 1.770060000000000036e-02
2.028644911000000217e+00 1.786299499999999957e-02 5.367689999999999831e-04 1.000000000000000000e+00 1.746829999999999911e-02 1.796450000000000130e-02
2.029321126000000142e+00 1.803362299999999863e-02 5.402020000000000433e-04 1.000000000000000000e+00 1.769130000000000008e-02 1.819439999999999946e-02
2.029997566000000031e+00 1.817467999999999861e-02 5.431610000000000127e-04 1.000000000000000000e+00 1.788270000000000137e-02 1.839170000000000041e-02
2.030674231999999968e+00 1.828839900000000032e-02 5.456740000000000071e-04 1.000000000000000000e+00 1.804390000000000160e-02 1.855810000000000098e-02
2.031351123999999952e+00 1.837752499999999872e-02 5.477750000000000197e-04 1.000000000000000000e+00 1.817710000000000159e-02 1.869569999999999912e-02
2.032028240999999902e+00 1.844506699999999902e-02 5.494989999999999510e-04 1.000000000000000000e+00 1.828470000000000095e-02 1.880690000000000139e-02
2.032705583999999899e+00 1.849391800000000155e-02 5.508880000000000287e-04 1.000000000000000000e+00 1.836919999999999872e-02 1.889450000000000157e-02
2.033383151999999860e+00 1.852646200000000049e-02 5.519799999999999837e-04 1.000000000000000000e+00 1.843339999999999909e-02 1.896110000000000156e-02
2.034060945999999870e+00 1.854436500000000015e-02 5.528090000000000261e-04 1.000000000000000000e+00 1.847959999999999881e-02 1.900910000000000100e-02
2.034738967000000009e+00 1.854865899999999859e-02 5.534029999999999462e-04 1.000000000000000000e+00 1.850950000000000165e-02 1.904060000000000127e-02
2.035417213000000114e+00 1.854005300000000078e-02 5.537810000000000432e-04 1.000000000000000000e+00 1.852470000000000158e-02 1.905679999999999874e-02
2.036095685999999905e+00 1.851943600000000023e-02 5.539590000000000269e-04 1.000000000000000000e+00 1.852619999999999961e-02 1.905890000000000015e-02
2.036774384000000104e+00 1.848828099999999877e-02 5.539530000000000409e-04 1.000000000000000000e+00 1.851509999999999961e-02 1.904799999999999896e-02
2.037453308999999990e+00 1.844883900000000160e-02 5.537810000000000432e-04 1.000000000000000000e+00 1.849299999999999902e-02 1.902579999999999896e-02
2.038132459999999924e+00 1.840395800000000151e-02 5.534739999999999799e-04 1.000000000000000000e+00 1.846160000000000162e-02 1.899400000000000047e-02
2.038811836999999905e+00 1.835656800000000019e-02 5.530659999999999526e-04 1.000000000000000000e+00 1.842339999999999950e-02 1.895530000000000131e-02
2.039491441000000016e+00 1.830886799999999898e-02 5.525950000000000176e-04 1.000000000000000000e+00 1.838089999999999863e-02 1.891210000000000113e-02
2.040171271999999814e+00 1.826144199999999926e-02 5.520899999999999809e-04 1.000000000000000000e+00 1.833600000000000160e-02 1.886650000000000132e-02
2.040851329000000103e+00 1.821250400000000089e-02 5.515649999999999546e-04 1.000000000000000000e+00 1.828950000000000020e-02 1.881930000000000061e-02
2.041531613000000078e+00 1.815743800000000144e-02 5.510050000000000277e-04 1.000000000000000000e+00 1.824040000000000036e-02 1.876939999999999859e-02
2.042212123000000101e+00 1.808883500000000102e-02 5.503619999999999866e-04 1.000000000000000000e+00 1.818540000000000087e-02 1.871350000000000097e-02
2.042892860999999893e+00 1.799711199999999914e-02 5.495510000000000108e-04 1.000000000000000000e+00 1.811870000000000147e-02 1.864559999999999829e-02
2.043573825000000177e+00 1.787172899999999939e-02 5.484580000000000401e-04 1.000000000000000000e+00 1.803259999999999932e-02 1.855760000000000048e-02
2.044255016000000147e+00 1.770287499999999986e-02 5.469490000000000246e-04 1.000000000000000000e+00 1.791799999999999990e-02 1.844039999999999915e-02
2.044936434999999886e+00 1.748335599999999851e-02 5.448900000000000228e-04 1.000000000000000000e+00 1.776640000000000164e-02 1.828489999999999976e-02
2.045618080000000116e+00 1.721026800000000079e-02 5.421679999999999902e-04 1.000000000000000000e+00 1.757059999999999872e-02 1.808389999999999997e-02
2.046299953000000116e+00 1.688605500000000051e-02 5.387150000000000489e-04 1.000000000000000000e+00 1.732679999999999984e-02 1.783349999999999866e-02
2.046982052999999802e+00 1.651864000000000110e-02 5.345190000000000097e-04 1.000000000000000000e+00 1.703539999999999915e-02 1.753400000000000097e-02
2.047664380000000062e+00 1.612062800000000143e-02 5.296359999999999957e-04 1.000000000000000000e+00 1.670140000000000166e-02 1.719069999999999973e-02
2.048346935000000091e+00 1.570777799999999863e-02 5.241869999999999603e-04 1.000000000000000000e+00 1.633410000000000070e-02 1.681310000000000096e-02
2.049029716999999806e+00 1.529717000000000056e-02 5.183499999999999957e-04 1.000000000000000000e+00 1.594610000000000125e-02 1.641410000000000091e-02
2.049712727000000179e+00 1.490554900000000058e-02 5.123410000000000334e-04 1.000000000000000000e+00 1.555199999999999985e-02 1.600880000000000011e-02
2.050395964999999876e+00 1.454819499999999988e-02 5.063970000000000103e-04 1.000000000000000000e+00 1.516699999999999993e-02 1.561279999999999960e-02
2.051079430000000148e+00 1.423844800000000077e-02 5.007600000000000506e-04 1.000000000000000000e+00 1.480579999999999917e-02 1.524149999999999984e-02
2.051763123000000189e+00 1.398775200000000087e-02 4.956649999999999511e-04 1.000000000000000000e+00 1.448209999999999949e-02 1.490870000000000042e-02
2.052447043999999998e+00 1.380581900000000042e-02 4.913320000000000317e-04 1.000000000000000000e+00 1.420800000000000014e-02 1.462699999999999938e-02
2.053131193000000021e+00 1.370046800000000037e-02 4.879619999999999878e-04 1.000000000000000000e+00 1.399410000000000064e-02 1.440740000000000076e-02
2.053815569999999813e+00 1.367673500000000063e-02 4.857220000000000092e-04 1.000000000000000000e+00 1.384930000000000015e-02 1.425889999999999970e-02
2.054500174999999818e+00 1.373523700000000083e-02 4.847329999999999955e-04 1.000000000000000000e+00 1.377959999999999949e-02 1.418769999999999927e-02
2.055185009000000118e+00 1.387021299999999929e-02 4.850379999999999731e-04 1.000000000000000000e+00 1.378710000000000005e-02 1.419620000000000083e-02
2.055870070000000105e+00 1.406804199999999935e-02 4.865809999999999818e-04 1.000000000000000000e+00 1.386880000000000057e-02 1.428100000000000029e-02
2.056555361000000026e+00 1.430718999999999914e-02 4.891809999999999908e-04 1.000000000000000000e+00 1.401460000000000032e-02 1.443179999999999984e-02
2.057240879000000078e+00 1.456018599999999927e-02 4.925450000000000488e-04 1.000000000000000000e+00 1.420779999999999960e-02 1.463150000000000041e-02
2.057926625999999981e+00 1.479759899999999982e-02 4.962869999999999868e-04 1.000000000000000000e+00 1.442620000000000013e-02 1.485700000000000041e-02
2.058612601000000097e+00 1.499316399999999980e-02 4.999909999999999771e-04 1.000000000000000000e+00 1.464449999999999953e-02 1.508239999999999928e-02
2.059298806000000148e+00 1.512869600000000050e-02 5.032720000000000292e-04 1.000000000000000000e+00 1.483890000000000035e-02 1.528310000000000085e-02
2.059985238999999968e+00 1.519730300000000055e-02 5.058390000000000065e-04 1.000000000000000000e+00 1.499059999999999976e-02 1.543970000000000065e-02
2.060671900000000001e+00 1.520394100000000033e-02 5.075400000000000094e-04 1.000000000000000000e+00 1.508909999999999939e-02 1.554159999999999917e-02
2.061358790999999968e+00 1.516319099999999948e-02 5.083709999999999748e-04 1.000000000000000000e+00 1.513339999999999998e-02 1.558760000000000007e-02
2.062045910999999787e+00 1.509505000000000048e-02 5.084630000000000139e-04 1.000000000000000000e+00 1.513119999999999916e-02 1.558569999999999921e-02
2.062733258999999819e+00 1.502013100000000080e-02 5.080370000000000285e-04 1.000000000000000000e+00 1.509600000000000004e-02 1.554999999999999959e-02
2.063420836999999786e+00 1.495569300000000081e-02 5.073540000000000081e-04 1.000000000000000000e+00 1.504420000000000063e-02 1.549709999999999976e-02
2.064108644000000048e+00 1.491349800000000073e-02 5.066619999999999544e-04 1.000000000000000000e+00 1.499119999999999966e-02 1.544320000000000068e-02
2.064796680000000162e+00 1.489968300000000037e-02 5.061589999999999492e-04 1.000000000000000000e+00 1.494949999999999925e-02 1.540090000000000035e-02
2.065484946000000210e+00 1.491616400000000085e-02 5.059799999999999498e-04 1.000000000000000000e+00 1.492770000000000034e-02 1.537909999999999971e-02
2.066173441000000111e+00 1.496262200000000007e-02 5.062009999999999600e-04 1.000000000000000000e+00 1.493060000000000047e-02 1.538280000000000029e-02
2.066862164999999862e+00 1.503818600000000026e-02 5.068569999999999890e-04 1.000000000000000000e+00 1.496059999999999925e-02 1.541439999999999998e-02
2.067551118999999993e+00 1.514221299999999985e-02 5.079560000000000542e-04 1.000000000000000000e+00 1.501860000000000001e-02 1.547480000000000036e-02
2.068240303000000058e+00 1.527413600000000066e-02 5.094999999999999703e-04 1.000000000000000000e+00 1.510470000000000042e-02 1.556410000000000085e-02
2.068929715999999974e+00 1.543272899999999920e-02 5.114769999999999820e-04 1.000000000000000000e+00 1.521860000000000053e-02 1.568210000000000090e-02
2.069619359999999908e+00 1.561532499999999934e-02 5.138669999999999913e-04 1.000000000000000000e+00 1.535910000000000053e-02 1.582750000000000129e-02
2.070309233000000138e+00 1.581751400000000127e-02 5.166290000000000032e-04 1.000000000000000000e+00 1.552390000000000020e-02 1.599799999999999833e-02
2.070999335999999857e+00 1.603350900000000134e-02 5.197030000000000486e-04 1.000000000000000000e+00 1.570950000000000124e-02 1.618980000000000072e-02
2.071689668999999956e+00 1.625710299999999844e-02 5.230109999999999837e-04 1.000000000000000000e+00 1.591110000000000094e-02 1.639799999999999938e-02
2.072380231999999989e+00 1.648278699999999874e-02 5.264690000000000038e-04 1.000000000000000000e+00 1.612330000000000013e-02 1.661730000000000151e-02
2.073071026000000039e+00 1.670659500000000117e-02 5.299989999999999649e-04 1.000000000000000000e+00 1.634100000000000136e-02 1.684230000000000102e-02
2.073762048999999941e+00 1.692628499999999925e-02 5.335370000000000520e-04 1.000000000000000000e+00 1.656030000000000002e-02 1.706890000000000143e-02
2.074453302999999860e+00 1.714078800000000055e-02 5.370410000000000374e-04 1.000000000000000000e+00 1.677820000000000006e-02 1.729409999999999975e-02
2.075144787999999796e+00 1.734915799999999994e-02 5.404809999999999909e-04 1.000000000000000000e+00 1.699289999999999828e-02 1.751600000000000032e-02
2.075836503000000111e+00 1.754949700000000071e-02 5.438319999999999526e-04 1.000000000000000000e+00 1.720270000000000132e-02 1.773289999999999936e-02
2.076528447999999916e+00 1.773831899999999892e-02 5.470610000000000533e-04 1.000000000000000000e+00 1.740540000000000143e-02 1.794269999999999893e-02
2.077220624000000182e+00 1.791065699999999997e-02 5.501230000000000182e-04 1.000000000000000000e+00 1.759809999999999847e-02 1.814199999999999841e-02
2.077913031000000021e+00 1.806092499999999851e-02 5.529550000000000480e-04 1.000000000000000000e+00 1.777640000000000123e-02 1.832659999999999845e-02
2.078605668999999878e+00 1.818422800000000020e-02 5.554899999999999552e-04 1.000000000000000000e+00 1.793569999999999887e-02 1.849150000000000099e-02
2.079298537000000113e+00 1.827769699999999900e-02 5.576679999999999875e-04 1.000000000000000000e+00 1.807140000000000135e-02 1.863220000000000154e-02
2.079991637000000004e+00 1.834142100000000011e-02 5.594470000000000259e-04 1.000000000000000000e+00 1.818060000000000162e-02 1.874560000000000115e-02
2.080684966999999830e+00 1.837870299999999971e-02 5.608209999999999758e-04 1.000000000000000000e+00 1.826240000000000155e-02 1.883069999999999883e-02
2.081378529000000199e+00 1.839559899999999859e-02 5.618189999999999686e-04 1.000000000000000000e+00 1.831860000000000085e-02 1.888950000000000004e-02
2.082072322000000142e+00 1.839987300000000062e-02 5.625050000000000362e-04 1.000000000000000000e+00 1.835349999999999829e-02 1.892630000000000007e-02
2.082766346000000102e+00 1.839965600000000034e-02 5.629660000000000306e-04 1.000000000000000000e+00 1.837290000000000104e-02 1.894720000000000085e-02
2.083460601000000079e+00 1.840212899999999971e-02 5.633020000000000084e-04 1.000000000000000000e+00 1.838379999999999875e-02 1.895919999999999897e-02
2.084155088000000156e+00 1.841250900000000051e-02 5.636070000000000402e-04 1.000000000000000000e+00 1.839259999999999853e-02 1.896909999999999916e-02
2.084849806999999888e+00 1.843352100000000132e-02 5.639609999999999762e-04 1.000000000000000000e+00 1.840469999999999953e-02 1.898239999999999997e-02
2.085544757000000082e+00 1.846541999999999975e-02 5.644130000000000457e-04 1.000000000000000000e+00 1.842349999999999891e-02 1.900249999999999856e-02
2.086239937999999849e+00 1.850647000000000056e-02 5.649869999999999762e-04 1.000000000000000000e+00 1.845050000000000162e-02 1.903109999999999871e-02
2.086935351999999799e+00 1.855372500000000008e-02 5.656790000000000299e-04 1.000000000000000000e+00 1.848539999999999905e-02 1.906789999999999874e-02
2.087630997000000210e+00 1.860389000000000140e-02 5.664659999999999531e-04 1.000000000000000000e+00 1.852650000000000130e-02 1.911109999999999892e-02
2.088326873999999833e+00 1.865406500000000092e-02 5.673160000000000008e-04 1.000000000000000000e+00 1.857160000000000061e-02 1.915849999999999845e-02
2.089022983000000000e+00 1.870222399999999993e-02 5.681939999999999474e-04 1.000000000000000000e+00 1.861840000000000023e-02 1.920780000000000057e-02
2.089719323999999823e+00 1.874737400000000068e-02 5.690699999999999708e-04 1.000000000000000000e+00 1.866510000000000044e-02 1.925690000000000041e-02
2.090415897000000189e+00 1.878940600000000155e-02 5.699239999999999732e-04 1.000000000000000000e+00 1.871039999999999856e-02 1.930460000000000162e-02
2.091112702000000212e+00 1.882872699999999996e-02 5.707449999999999980e-04 1.000000000000000000e+00 1.875370000000000162e-02 1.935030000000000083e-02
2.091809739999999973e+00 1.886580900000000074e-02 5.715289999999999824e-04 1.000000000000000000e+00 1.879499999999999921e-02 1.939379999999999923e-02
2.092507009000000195e+00 1.890079999999999885e-02 5.722750000000000189e-04 1.000000000000000000e+00 1.883419999999999886e-02 1.943510000000000029e-02
2.093204511999999795e+00 1.893332699999999980e-02 5.729840000000000150e-04 1.000000000000000000e+00 1.887120000000000117e-02 1.947410000000000113e-02
2.093902246999999939e+00 1.896254899999999868e-02 5.736510000000000003e-04 1.000000000000000000e+00 1.890549999999999869e-02 1.951019999999999838e-02
2.094600214000000182e+00 1.898744299999999968e-02 5.742699999999999888e-04 1.000000000000000000e+00 1.893649999999999847e-02 1.954300000000000134e-02
2.095298414000000164e+00 1.900722599999999859e-02 5.748319999999999472e-04 1.000000000000000000e+00 1.896319999999999950e-02 1.957139999999999921e-02
2.095996846999999885e+00 1.902174300000000068e-02 5.753309999999999978e-04 1.000000000000000000e+00 1.898520000000000069e-02 1.959500000000000131e-02
2.096695512999999789e+00 1.903167199999999948e-02 5.757650000000000007e-04 1.000000000000000000e+00 1.900239999999999915e-02 1.961359999999999840e-02
2.097394410999999792e+00 1.903847700000000157e-02 5.761409999999999578e-04 1.000000000000000000e+00 1.901510000000000006e-02 1.962780000000000080e-02
2.098093543000000061e+00 1.904409199999999858e-02 5.764739999999999968e-04 1.000000000000000000e+00 1.902459999999999915e-02 1.963859999999999911e-02
2.098792906999999985e+00 1.905045400000000139e-02 5.767829999999999832e-04 1.000000000000000000e+00 1.903240000000000140e-02 1.964779999999999999e-02
2.099492505000000175e+00 1.905902300000000132e-02 5.770900000000000465e-04 1.000000000000000000e+00 1.904020000000000018e-02 1.965690000000000145e-02
2.100192336000000104e+00 1.907043500000000016e-02 5.774110000000000050e-04 1.000000000000000000e+00 1.904919999999999877e-02 1.966719999999999927e-02
2.100892400000000215e+00 1.908437899999999854e-02 5.777560000000000161e-04 1.000000000000000000e+00 1.906019999999999937e-02 1.967959999999999848e-02
2.101592697000000065e+00 1.909972000000000059e-02 5.781239999999999556e-04 1.000000000000000000e+00 1.907330000000000136e-02 1.969390000000000029e-02
2.102293228000000180e+00 1.911481799999999870e-02 5.785060000000000072e-04 1.000000000000000000e+00 1.908759999999999971e-02 1.970960000000000073e-02
2.102993992000000034e+00 1.912793999999999953e-02 5.788870000000000430e-04 1.000000000000000000e+00 1.910210000000000033e-02 1.972530000000000117e-02
2.103694990000000153e+00 1.913766199999999973e-02 5.792459999999999493e-04 1.000000000000000000e+00 1.911519999999999886e-02 1.973969999999999891e-02
2.104396222000000094e+00 1.914315399999999903e-02 5.795690000000000477e-04 1.000000000000000000e+00 1.912590000000000123e-02 1.975150000000000169e-02
2.105097687000000217e+00 1.914430699999999930e-02 5.798420000000000093e-04 1.000000000000000000e+00 1.913300000000000070e-02 1.975970000000000157e-02
2.105799386999999800e+00 1.914168600000000151e-02 5.800630000000000196e-04 1.000000000000000000e+00 1.913640000000000133e-02 1.976400000000000032e-02
2.106501320000000010e+00 1.913636200000000051e-02 5.802360000000000330e-04 1.000000000000000000e+00 1.913609999999999964e-02 1.976460000000000022e-02
2.107203487000000042e+00 1.912966600000000003e-02 5.803709999999999902e-04 1.000000000000000000e+00 1.913279999999999842e-02 1.976220000000000060e-02
2.107905887999999894e+00 1.912294499999999883e-02 5.804850000000000504e-04 1.000000000000000000e+00 1.912760000000000155e-02 1.975779999999999897e-02
2.108608523000000012e+00 1.911734299999999845e-02 5.805940000000000319e-04 1.000000000000000000e+00 1.912159999999999901e-02 1.975259999999999863e-02
2.109311393000000034e+00 1.911363300000000140e-02 5.807149999999999855e-04 1.000000000000000000e+00 1.911579999999999877e-02 1.974779999999999938e-02
2.110014496999999878e+00 1.911211700000000138e-02 5.808579999999999603e-04 1.000000000000000000e+00 1.911109999999999892e-02 1.974419999999999994e-02
2.110717834999999987e+00 1.911260099999999990e-02 5.810309999999999737e-04 1.000000000000000000e+00 1.910819999999999880e-02 1.974249999999999963e-02
2.111421406999999917e+00 1.911445700000000136e-02 5.812319999999999943e-04 1.000000000000000000e+00 1.910709999999999839e-02 1.974269999999999844e-02
2.112125214999999834e+00 1.911677599999999852e-02 5.814550000000000361e-04 1.000000000000000000e+00 1.910759999999999889e-02 1.974450000000000163e-02
2.112829255999999933e+00 1.911859000000000128e-02 5.816870000000000027e-04 1.000000000000000000e+00 1.910910000000000039e-02 1.974739999999999829e-02
2.113533533000000020e+00 1.911913399999999943e-02 5.819150000000000147e-04 1.000000000000000000e+00 1.911090000000000011e-02 1.975040000000000129e-02
2.114238043999999928e+00 1.911807199999999984e-02 5.821259999999999759e-04 1.000000000000000000e+00 1.911229999999999873e-02 1.975299999999999973e-02
2.114942790000000183e+00 1.911560799999999921e-02 5.823140000000000087e-04 1.000000000000000000e+00 1.911269999999999983e-02 1.975439999999999835e-02
2.115647770999999899e+00 1.911245599999999989e-02 5.824769999999999731e-04 1.000000000000000000e+00 1.911209999999999992e-02 1.975460000000000063e-02
2.116352986999999963e+00 1.910964700000000044e-02 5.826229999999999951e-04 1.000000000000000000e+00 1.911059999999999842e-02 1.975390000000000132e-02
2.117058437999999931e+00 1.910822800000000141e-02 5.827649999999999541e-04 1.000000000000000000e+00 1.910879999999999870e-02 1.975290000000000032e-02
2.117764123999999804e+00 1.910895199999999849e-02 5.829169999999999621e-04 1.000000000000000000e+00 1.910749999999999948e-02 1.975239999999999982e-02
2.118470045000000024e+00 1.911204500000000112e-02 5.830930000000000227e-04 1.000000000000000000e+00 1.910740000000000008e-02 1.975309999999999913e-02
2.119176201999999787e+00 1.911715099999999889e-02 5.832990000000000137e-04 1.000000000000000000e+00 1.910879999999999870e-02 1.975549999999999876e-02
2.119882593999999898e+00 1.912344200000000091e-02 5.835359999999999506e-04 1.000000000000000000e+00 1.911190000000000111e-02 1.975959999999999869e-02
2.120589221999999996e+00 1.912988700000000167e-02 5.837979999999999559e-04 1.000000000000000000e+00 1.911610000000000045e-02 1.976510000000000072e-02
2.121296084999999998e+00 1.913555600000000148e-02 5.840720000000000417e-04 1.000000000000000000e+00 1.912109999999999851e-02 1.977140000000000147e-02
2.122003182999999904e+00 1.913987899999999853e-02 5.843460000000000190e-04 1.000000000000000000e+00 1.912610000000000005e-02 1.977769999999999875e-02
2.122710517999999880e+00 1.914278300000000002e-02 5.846099999999999474e-04 1.000000000000000000e+00 1.913070000000000048e-02 1.978349999999999900e-02
2.123418088000000203e+00 1.914468100000000020e-02 5.848579999999999491e-04 1.000000000000000000e+00 1.913449999999999873e-02 1.978850000000000053e-02
2.124125894000000070e+00 1.914632299999999981e-02 5.850900000000000241e-04 1.000000000000000000e+00 1.913779999999999995e-02 1.979289999999999869e-02
2.124833935999999923e+00 1.914858900000000058e-02 5.853120000000000501e-04 1.000000000000000000e+00 1.914070000000000008e-02 1.979679999999999981e-02
2.125542214000000207e+00 1.915224199999999988e-02 5.855329999999999519e-04 1.000000000000000000e+00 1.914379999999999901e-02 1.980099999999999916e-02
2.126250728000000034e+00 1.915773100000000076e-02 5.857650000000000270e-04 1.000000000000000000e+00 1.914760000000000073e-02 1.980600000000000069e-02
2.126959477999999848e+00 1.916505400000000081e-02 5.860140000000000444e-04 1.000000000000000000e+00 1.915239999999999998e-02 1.981209999999999916e-02
2.127668465000000175e+00 1.917373899999999867e-02 5.862870000000000061e-04 1.000000000000000000e+00 1.915839999999999904e-02 1.981940000000000091e-02
2.128377688000000045e+00 1.918293299999999924e-02 5.865819999999999888e-04 1.000000000000000000e+00 1.916539999999999910e-02 1.982789999999999900e-02
2.129087146999999902e+00 1.919159200000000037e-02 5.868930000000000067e-04 1.000000000000000000e+00 1.917280000000000026e-02 1.983680000000000165e-02
2.129796842000000190e+00 1.919872300000000087e-02 5.872100000000000106e-04 1.000000000000000000e+00 1.917989999999999973e-02 1.984570000000000084e-02
2.130506775000000186e+00 1.920360999999999943e-02 5.875200000000000127e-04 1.000000000000000000e+00 1.918620000000000048e-02 1.985369999999999843e-02
2.131216944000000169e+00 1.920596299999999951e-02 5.878139999999999797e-04 1.000000000000000000e+00 1.919109999999999913e-02 1.986030000000000087e-02
2.131927349000000138e+00 1.920595099999999888e-02 5.880829999999999868e-04 1.000000000000000000e+00 1.919430000000000094e-02 1.986510000000000012e-02
2.132637991999999816e+00 1.920412999999999981e-02 5.883219999999999552e-04 1.000000000000000000e+00 1.919589999999999838e-02 1.986800000000000024e-02
2.133348870999999924e+00 1.920127799999999871e-02 5.885330000000000249e-04 1.000000000000000000e+00 1.919610000000000066e-02 1.986949999999999827e-02
2.134059987000000103e+00 1.919821400000000164e-02 5.887209999999999492e-04 1.000000000000000000e+00 1.919529999999999847e-02 1.986989999999999937e-02
2.134771340999999989e+00 1.919561599999999868e-02 5.888910000000000238e-04 1.000000000000000000e+00 1.919420000000000154e-02 1.986979999999999996e-02
2.135482930999999862e+00 1.919388899999999870e-02 5.890519999999999567e-04 1.000000000000000000e+00 1.919320000000000054e-02 1.986970000000000056e-02
2.136194758999999888e+00 1.919310499999999850e-02 5.892090000000000435e-04 1.000000000000000000e+00 1.919260000000000063e-02 1.986989999999999937e-02
2.136906823999999983e+00 1.919300200000000067e-02 5.893670000000000376e-04 1.000000000000000000e+00 1.919229999999999894e-02 1.987039999999999987e-02
2.137619126000000147e+00 1.919306499999999874e-02 5.895250000000000316e-04 1.000000000000000000e+00 1.919229999999999894e-02 1.987119999999999859e-02
2.138331666000000020e+00 1.919263699999999850e-02 5.896840000000000415e-04 1.000000000000000000e+00 1.919200000000000073e-02 1.987169999999999909e-02
2.139044442999999962e+00 1.919105800000000042e-02 5.898400000000000041e-04 1.000000000000000000e+00 1.919099999999999973e-02 1.987159999999999968e-02
2.139757458000000057e+00 1.918777400000000119e-02 5.899889999999999649e-04 1.000000000000000000e+00 1.918869999999999951e-02 1.987030000000000046e-02
2.140470710000000221e+00 1.918241500000000127e-02 5.901290000000000008e-04 1.000000000000000000e+00 1.918469999999999898e-02 1.986740000000000034e-02
2.141184200000000093e+00 1.917481399999999836e-02 5.902569999999999562e-04 1.000000000000000000e+00 1.917869999999999991e-02 1.986279999999999990e-02
2.141897929000000200e+00 1.916497699999999971e-02 5.903679999999999692e-04 1.000000000000000000e+00 1.917090000000000113e-02 1.985630000000000034e-02
2.142611894999999933e+00 1.915302600000000008e-02 5.904610000000000240e-04 1.000000000000000000e+00 1.916129999999999917e-02 1.984800000000000106e-02
2.143326098999999818e+00 1.913914099999999840e-02 5.905310000000000420e-04 1.000000000000000000e+00 1.915029999999999857e-02 1.983820000000000028e-02
2.144040540999999855e+00 1.912352000000000149e-02 5.905749999999999758e-04 1.000000000000000000e+00 1.913789999999999936e-02 1.982700000000000087e-02
2.144755221000000045e+00 1.910637000000000099e-02 5.905869999999999479e-04 1.000000000000000000e+00 1.912449999999999914e-02 1.981439999999999937e-02
2.145470138999999943e+00 1.908794499999999852e-02 5.905650000000000352e-04 1.000000000000000000e+00 1.911010000000000139e-02 1.980049999999999866e-02
2.146185296000000076e+00 1.906859199999999879e-02 5.905080000000000051e-04 1.000000000000000000e+00 1.909459999999999977e-02 1.978519999999999932e-02
2.146900690999999917e+00 1.904882399999999892e-02 5.904190000000000133e-04 1.000000000000000000e+00 1.907810000000000061e-02 1.976870000000000016e-02
2.147616323999999910e+00 1.902936400000000000e-02 5.903059999999999688e-04 1.000000000000000000e+00 1.906079999999999927e-02 1.975120000000000001e-02
2.148332197000000221e+00 1.901113499999999845e-02 5.901800000000000448e-04 1.000000000000000000e+00 1.904300000000000090e-02 1.973309999999999995e-02
2.149048307000000158e+00 1.899518099999999987e-02 5.900589999999999828e-04 1.000000000000000000e+00 1.902550000000000074e-02 1.971530000000000157e-02
2.149764656999999968e+00 1.898251399999999894e-02 5.899600000000000503e-04 1.000000000000000000e+00 1.900900000000000159e-02 1.969879999999999895e-02
2.150481244999999930e+00 1.897389600000000051e-02 5.899040000000000360e-04 1.000000000000000000e+00 1.899469999999999978e-02 1.968460000000000001e-02
2.151198072000000128e+00 1.896962899999999827e-02 5.899030000000000202e-04 1.000000000000000000e+00 1.898340000000000097e-02 1.967359999999999942e-02
2.151915138000000116e+00 1.896939599999999948e-02 5.899679999999999595e-04 1.000000000000000000e+00 1.897570000000000159e-02 1.966659999999999936e-02
2.152632442999999896e+00 1.897223099999999912e-02 5.900960000000000233e-04 1.000000000000000000e+00 1.897160000000000166e-02 1.966340000000000102e-02
2.153349986999999910e+00 1.897662400000000096e-02 5.902799999999999931e-04 1.000000000000000000e+00 1.897060000000000066e-02 1.966359999999999983e-02
2.154067770999999798e+00 1.898075000000000109e-02 5.905020000000000191e-04 1.000000000000000000e+00 1.897170000000000106e-02 1.966599999999999945e-02
2.154785792999999838e+00 1.898278600000000149e-02 5.907380000000000487e-04 1.000000000000000000e+00 1.897350000000000078e-02 1.966930000000000067e-02
2.155504055000000196e+00 1.898122799999999930e-02 5.909659999999999523e-04 1.000000000000000000e+00 1.897439999999999891e-02 1.967170000000000030e-02
2.156222555999999901e+00 1.897516600000000164e-02 5.911609999999999868e-04 1.000000000000000000e+00 1.897309999999999969e-02 1.967179999999999970e-02
2.156941296999999924e+00 1.896444499999999991e-02 5.913080000000000246e-04 1.000000000000000000e+00 1.896859999999999866e-02 1.966860000000000136e-02
2.157660277999999821e+00 1.894970899999999861e-02 5.913990000000000479e-04 1.000000000000000000e+00 1.896039999999999878e-02 1.966160000000000130e-02
2.158379497999999952e+00 1.893228599999999956e-02 5.914349999999999642e-04 1.000000000000000000e+00 1.894869999999999888e-02 1.965089999999999892e-02
2.159098957999999957e+00 1.891397200000000112e-02 5.914269999999999467e-04 1.000000000000000000e+00 1.893440000000000054e-02 1.963749999999999871e-02
2.159818657000000197e+00 1.889669500000000155e-02 5.913939999999999692e-04 1.000000000000000000e+00 1.891870000000000010e-02 1.962260000000000046e-02
2.160538596999999950e+00 1.888217600000000052e-02 5.913580000000000529e-04 1.000000000000000000e+00 1.890299999999999966e-02 1.960769999999999874e-02
2.161258775999999937e+00 1.887161500000000131e-02 5.913430000000000335e-04 1.000000000000000000e+00 1.888899999999999954e-02 1.959440000000000140e-02
2.161979195999999881e+00 1.886550999999999853e-02 5.913659999999999620e-04 1.000000000000000000e+00 1.887770000000000073e-02 1.958390000000000131e-02
2.162699856000000143e+00 1.886364399999999886e-02 5.914390000000000272e-04 1.000000000000000000e+00 1.886979999999999907e-02 1.957690000000000125e-02
2.163420755999999834e+00 1.886524700000000165e-02 5.915659999999999669e-04 1.000000000000000000e+00 1.886540000000000092e-02 1.957360000000000003e-02
2.164141895999999843e+00 1.886926599999999912e-02 5.917420000000000275e-04 1.000000000000000000e+00 1.886439999999999992e-02 1.957360000000000003e-02
2.164863276999999808e+00 1.887465799999999902e-02 5.919570000000000517e-04 1.000000000000000000e+00 1.886590000000000142e-02 1.957640000000000075e-02
2.165584898000000091e+00 1.888058000000000097e-02 5.922009999999999904e-04 1.000000000000000000e+00 1.886940000000000145e-02 1.958110000000000059e-02
2.166306758999999804e+00 1.888644000000000087e-02 5.924609999999999642e-04 1.000000000000000000e+00 1.887399999999999842e-02 1.958700000000000024e-02
2.167028862000000000e+00 1.889182400000000150e-02 5.927280000000000482e-04 1.000000000000000000e+00 1.887909999999999935e-02 1.959340000000000040e-02
2.167751205000000070e+00 1.889639099999999849e-02 5.929929999999999923e-04 1.000000000000000000e+00 1.888439999999999910e-02 1.959989999999999996e-02
2.168473788000000013e+00 1.889982600000000151e-02 5.932479999999999958e-04 1.000000000000000000e+00 1.888930000000000123e-02 1.960599999999999843e-02
2.169196612999999996e+00 1.890189999999999926e-02 5.934879999999999800e-04 1.000000000000000000e+00 1.889340000000000117e-02 1.961130000000000165e-02
2.169919677999999852e+00 1.890258599999999900e-02 5.937079999999999745e-04 1.000000000000000000e+00 1.889650000000000010e-02 1.961529999999999871e-02
2.170642985000000191e+00 1.890214100000000078e-02 5.939079999999999793e-04 1.000000000000000000e+00 1.889829999999999982e-02 1.961809999999999943e-02
2.171366533000000043e+00 1.890107800000000171e-02 5.940890000000000103e-04 1.000000000000000000e+00 1.889889999999999973e-02 1.961970000000000033e-02
2.172090321000000213e+00 1.890000299999999855e-02 5.942589999999999765e-04 1.000000000000000000e+00 1.889880000000000032e-02 1.962049999999999905e-02
2.172814352000000060e+00 1.889939399999999992e-02 5.944249999999999881e-04 1.000000000000000000e+00 1.889829999999999982e-02 1.962099999999999955e-02
2.173538622999999781e+00 1.889943499999999915e-02 5.945920000000000155e-04 1.000000000000000000e+00 1.889789999999999873e-02 1.962159999999999946e-02
2.174263135999999985e+00 1.889997900000000078e-02 5.947629999999999974e-04 1.000000000000000000e+00 1.889789999999999873e-02 1.962250000000000105e-02
2.174987890000000146e+00 1.890064300000000169e-02 5.949389999999999496e-04 1.000000000000000000e+00 1.889820000000000041e-02 1.962380000000000027e-02
2.175712885999999902e+00 1.890095400000000106e-02 5.951160000000000260e-04 1.000000000000000000e+00 1.889870000000000091e-02 1.962509999999999949e-02
2.176438124000000141e+00 1.890044100000000046e-02 5.952899999999999468e-04 1.000000000000000000e+00 1.889880000000000032e-02 1.962610000000000049e-02
2.177163602999999892e+00 1.889864999999999948e-02 5.954569999999999742e-04 1.000000000000000000e+00 1.889810000000000101e-02 1.962639999999999871e-02
2.177889324000000126e+00 1.889510399999999937e-02 5.956099999999999979e-04 1.000000000000000000e+00 1.889640000000000070e-02 1.962550000000000058e-02
2.178615288000000039e+00 1.888933300000000121e-02 5.957449999999999551e-04 1.000000000000000000e+00 1.889309999999999948e-02 1.962300000000000155e-02
2.179341492999999907e+00 1.888103199999999898e-02 5.958559999999999681e-04 1.000000000000000000e+00 1.888789999999999913e-02 1.961869999999999933e-02
2.180067939999999815e+00 1.887034099999999881e-02 5.959379999999999582e-04 1.000000000000000000e+00 1.888070000000000026e-02 1.961219999999999977e-02
2.180794629000000207e+00 1.885811299999999927e-02 5.959900000000000180e-04 1.000000000000000000e+00 1.887149999999999939e-02 1.960380000000000109e-02
2.181521560999999831e+00 1.884597699999999987e-02 5.960199999999999483e-04 1.000000000000000000e+00 1.886099999999999929e-02 1.959390000000000090e-02
2.182248734999999940e+00 1.883609500000000062e-02 5.960460000000000324e-04 1.000000000000000000e+00 1.885030000000000039e-02 1.958390000000000131e-02
2.182976151000000087e+00 1.883063800000000024e-02 5.960909999999999820e-04 1.000000000000000000e+00 1.884109999999999951e-02 1.957539999999999975e-02
2.183703808999999829e+00 1.883116599999999988e-02 5.961809999999999896e-04 1.000000000000000000e+00 1.883500000000000105e-02 1.957010000000000000e-02
2.184431711000000220e+00 1.883816699999999941e-02 5.963399999999999994e-04 1.000000000000000000e+00 1.883340000000000014e-02 1.956940000000000068e-02
2.185159855000000206e+00 1.885093200000000080e-02 5.965779999999999521e-04 1.000000000000000000e+00 1.883699999999999958e-02 1.957419999999999993e-02
2.185888240999999788e+00 1.886779400000000023e-02 5.968959999999999717e-04 1.000000000000000000e+00 1.884560000000000055e-02 1.958429999999999893e-02
2.186616871000000017e+00 1.888659200000000066e-02 5.972770000000000076e-04 1.000000000000000000e+00 1.885830000000000145e-02 1.959870000000000015e-02
2.187345742999999842e+00 1.890512800000000021e-02 5.977000000000000542e-04 1.000000000000000000e+00 1.887379999999999960e-02 1.961589999999999862e-02
2.188074857999999789e+00 1.892145699999999917e-02 5.981359999999999802e-04 1.000000000000000000e+00 1.889040000000000163e-02 1.963410000000000155e-02
2.188804216999999941e+00 1.893392799999999918e-02 5.985559999999999796e-04 1.000000000000000000e+00 1.890620000000000148e-02 1.965149999999999883e-02
2.189533818000000132e+00 1.894103800000000032e-02 5.989329999999999524e-04 1.000000000000000000e+00 1.891960000000000169e-02 1.966630000000000114e-02
2.190263663000000083e+00 1.894122800000000093e-02 5.992429999999999545e-04 1.000000000000000000e+00 1.892879999999999910e-02 1.967659999999999895e-02
2.190993750000000073e+00 1.893273800000000104e-02 5.994600000000000102e-04 1.000000000000000000e+00 1.893200000000000091e-02 1.968079999999999830e-02
2.191724081999999907e+00 1.891356500000000024e-02 5.995570000000000196e-04 1.000000000000000000e+00 1.892730000000000107e-02 1.967669999999999836e-02
2.192454655999999780e+00 1.888154699999999853e-02 5.995069999999999913e-04 1.000000000000000000e+00 1.891270000000000104e-02 1.966240000000000002e-02
2.193185474999999940e+00 1.883455300000000041e-02 5.992769999999999478e-04 1.000000000000000000e+00 1.888580000000000120e-02 1.963550000000000018e-02
2.193916536000000139e+00 1.877079699999999879e-02 5.988319999999999884e-04 1.000000000000000000e+00 1.884450000000000014e-02 1.959369999999999862e-02
2.194647842000000182e+00 1.868925899999999973e-02 5.981390000000000274e-04 1.000000000000000000e+00 1.878669999999999993e-02 1.953500000000000028e-02
2.195379390999999902e+00 1.859016000000000141e-02 5.971690000000000418e-04 1.000000000000000000e+00 1.871099999999999847e-02 1.945770000000000138e-02
2.196111183999999827e+00 1.847536600000000001e-02 5.959049999999999807e-04 1.000000000000000000e+00 1.861679999999999932e-02 1.936140000000000083e-02
2.196843220999999957e+00 1.834851800000000116e-02 5.943479999999999683e-04 1.000000000000000000e+00 1.850510000000000002e-02 1.924680000000000141e-02
2.197575501999999847e+00 1.821476500000000082e-02 5.925299999999999664e-04 1.000000000000000000e+00 1.837859999999999841e-02 1.911689999999999917e-02
2.198308028000000025e+00 1.808009099999999952e-02 5.905090000000000209e-04 1.000000000000000000e+00 1.824179999999999899e-02 1.897619999999999862e-02
2.199040796999999881e+00 1.795043299999999828e-02 5.883670000000000132e-04 1.000000000000000000e+00 1.810089999999999963e-02 1.883109999999999992e-02
2.199773811000000023e+00 1.783084999999999878e-02 5.862029999999999845e-04 1.000000000000000000e+00 1.796249999999999930e-02 1.868859999999999966e-02
