# WARNING | PUMAS | Some species, Na, do not have optimized correlated-k tables for the defined moderate resolutions, and will be analyzed at sub-par resolutions. In particular, there will be issues at the line cores.
# ------------------------------------------------------------------------
# Radiance spectrum
# NASA-GSFC Planetary Spectrum Generator (PSG) (Villanueva et al. 2018, 2022)
# Synthesized on Tue Aug 11 11:18:43 2026
# Doppler velocities [km/s] (vobs,vrot+vorb,vwidth,vrfl,vstr): -49.51300,-0.00000,1.84000,-0.00000,-0.00000
# ------------------------------------------------------------------------
# Spectra synthesized with the Planetary and Universal Model of Atmospheric Scattering (PUMAS, Villanueva et al. 2018, 2022)
# Single scattering radiative transfer method
# Radiative transfer took 3.253 seconds
# ------------------------------------------------------------------------
# Spectral unit: Wavelength [um]
# Radiance unit: Contrast [radiance ratio w.r.t. parent star]
# Wave/freq Total Noise Stellar WASP-17b Transit
8.000000000e-01  1.9036306e-02  3.74931e-04  1.00000e+00  1.90356e-02  1.90454e-02
8.002666667e-01  1.9037380e-02  3.74890e-04  1.00000e+00  1.90366e-02  1.90464e-02
8.005334222e-01  1.9038613e-02  3.74811e-04  1.00000e+00  1.90377e-02  1.90475e-02
8.008002667e-01  1.9040023e-02  3.74753e-04  1.00000e+00  1.90390e-02  1.90488e-02
8.010672001e-01  1.9041627e-02  3.74715e-04  1.00000e+00  1.90405e-02  1.90502e-02
8.013342225e-01  1.9043439e-02  3.74693e-04  1.00000e+00  1.90421e-02  1.90519e-02
8.016013339e-01  1.9045460e-02  3.74684e-04  1.00000e+00  1.90440e-02  1.90538e-02
8.018685344e-01  1.9047684e-02  3.74684e-04  1.00000e+00  1.90461e-02  1.90559e-02
8.021358239e-01  1.9050103e-02  3.74692e-04  1.00000e+00  1.90484e-02  1.90582e-02
8.024032025e-01  1.9052718e-02  3.74704e-04  1.00000e+00  1.90509e-02  1.90606e-02
8.026706702e-01  1.9055546e-02  3.74721e-04  1.00000e+00  1.90535e-02  1.90633e-02
8.029382271e-01  1.9058620e-02  3.74740e-04  1.00000e+00  1.90563e-02  1.90661e-02
8.032058732e-01  1.9061984e-02  3.74763e-04  1.00000e+00  1.90594e-02  1.90692e-02
8.034736085e-01  1.9065684e-02  3.74788e-04  1.00000e+00  1.90628e-02  1.90725e-02
8.037414330e-01  1.9069750e-02  3.74817e-04  1.00000e+00  1.90664e-02  1.90762e-02
8.040093468e-01  1.9074182e-02  3.74848e-04  1.00000e+00  1.90705e-02  1.90803e-02
8.042773499e-01  1.9078939e-02  3.74883e-04  1.00000e+00  1.90749e-02  1.90847e-02
8.045454424e-01  1.9083936e-02  3.74920e-04  1.00000e+00  1.90797e-02  1.90895e-02
8.048136242e-01  1.9089047e-02  3.74957e-04  1.00000e+00  1.90848e-02  1.90945e-02
8.050818954e-01  1.9094129e-02  3.74995e-04  1.00000e+00  1.90900e-02  1.90997e-02
8.053502560e-01  1.9099043e-02  3.75030e-04  1.00000e+00  1.90953e-02  1.91050e-02
8.056187061e-01  1.9103678e-02  3.75062e-04  1.00000e+00  1.91004e-02  1.91102e-02
8.058872457e-01  1.9107967e-02  3.75090e-04  1.00000e+00  1.91054e-02  1.91151e-02
8.061558748e-01  1.9111884e-02  3.75112e-04  1.00000e+00  1.91100e-02  1.91197e-02
8.064245934e-01  1.9115446e-02  3.75129e-04  1.00000e+00  1.91143e-02  1.91239e-02
8.066934016e-01  1.9118692e-02  3.75140e-04  1.00000e+00  1.91182e-02  1.91278e-02
8.069622994e-01  1.9121674e-02  3.75146e-04  1.00000e+00  1.91218e-02  1.91314e-02
8.072312868e-01  1.9124451e-02  3.75147e-04  1.00000e+00  1.91252e-02  1.91348e-02
8.075003639e-01  1.9127078e-02  3.75144e-04  1.00000e+00  1.91284e-02  1.91380e-02
8.077695307e-01  1.9129597e-02  3.75136e-04  1.00000e+00  1.91315e-02  1.91410e-02
8.080387872e-01  1.9132029e-02  3.75124e-04  1.00000e+00  1.91345e-02  1.91440e-02
8.083081335e-01  1.9134358e-02  3.75107e-04  1.00000e+00  1.91374e-02  1.91468e-02
8.085775695e-01  1.9136521e-02  3.75087e-04  1.00000e+00  1.91401e-02  1.91494e-02
8.088470954e-01  1.9138402e-02  3.75063e-04  1.00000e+00  1.91424e-02  1.91517e-02
8.091167111e-01  1.9139827e-02  3.75035e-04  1.00000e+00  1.91443e-02  1.91536e-02
8.093864167e-01  1.9140580e-02  3.75003e-04  1.00000e+00  1.91456e-02  1.91548e-02
8.096562121e-01  1.9140410e-02  3.74967e-04  1.00000e+00  1.91460e-02  1.91552e-02
8.099260975e-01  1.9139048e-02  3.74927e-04  1.00000e+00  1.91454e-02  1.91545e-02
8.101960729e-01  1.9136217e-02  3.74880e-04  1.00000e+00  1.91435e-02  1.91525e-02
8.104661383e-01  1.9131639e-02  3.74826e-04  1.00000e+00  1.91400e-02  1.91491e-02
8.107362936e-01  1.9125032e-02  3.74762e-04  1.00000e+00  1.91349e-02  1.91439e-02
8.110065391e-01  1.9116095e-02  3.74685e-04  1.00000e+00  1.91279e-02  1.91368e-02
8.112768746e-01  1.9104522e-02  3.74592e-04  1.00000e+00  1.91187e-02  1.91276e-02
8.115473002e-01  1.9090010e-02  3.74478e-04  1.00000e+00  1.91071e-02  1.91160e-02
8.118178160e-01  1.9072293e-02  3.74341e-04  1.00000e+00  1.90928e-02  1.91016e-02
8.120884219e-01  1.9051201e-02  3.74175e-04  1.00000e+00  1.90756e-02  1.90844e-02
8.123591181e-01  1.9026701e-02  3.73977e-04  1.00000e+00  1.90553e-02  1.90641e-02
8.126299044e-01  1.8998936e-02  3.73747e-04  1.00000e+00  1.90319e-02  1.90406e-02
8.129007811e-01  1.8968206e-02  3.73484e-04  1.00000e+00  1.90052e-02  1.90139e-02
8.131717480e-01  1.8934925e-02  3.73190e-04  1.00000e+00  1.89756e-02  1.89842e-02
8.134428052e-01  1.8899548e-02  3.72870e-04  1.00000e+00  1.89434e-02  1.89520e-02
8.137139528e-01  1.8862507e-02  3.72527e-04  1.00000e+00  1.89090e-02  1.89174e-02
8.139851908e-01  1.8824201e-02  3.72166e-04  1.00000e+00  1.88728e-02  1.88812e-02
8.142565192e-01  1.8785035e-02  3.71790e-04  1.00000e+00  1.88353e-02  1.88435e-02
8.145279381e-01  1.8745523e-02  3.71402e-04  1.00000e+00  1.87969e-02  1.88051e-02
8.147994474e-01  1.8706450e-02  3.71007e-04  1.00000e+00  1.87584e-02  1.87665e-02
8.150710472e-01  1.8668998e-02  3.70611e-04  1.00000e+00  1.87207e-02  1.87286e-02
8.153427375e-01  1.8634814e-02  3.70220e-04  1.00000e+00  1.86849e-02  1.86927e-02
8.156145185e-01  1.8605939e-02  3.69848e-04  1.00000e+00  1.86526e-02  1.86602e-02
8.158863900e-01  1.8584581e-02  3.69510e-04  1.00000e+00  1.86259e-02  1.86333e-02
8.161583521e-01  1.8572756e-02  3.69220e-04  1.00000e+00  1.86067e-02  1.86138e-02
8.164304049e-01  1.8571874e-02  3.68993e-04  1.00000e+00  1.85967e-02  1.86036e-02
8.167025483e-01  1.8582401e-02  3.68842e-04  1.00000e+00  1.85971e-02  1.86038e-02
8.169747825e-01  1.8603701e-02  3.68770e-04  1.00000e+00  1.86081e-02  1.86145e-02
8.172471075e-01  1.8634107e-02  3.68776e-04  1.00000e+00  1.86289e-02  1.86350e-02
8.175195232e-01  1.8671217e-02  3.68852e-04  1.00000e+00  1.86576e-02  1.86634e-02
8.177920297e-01  1.8712341e-02  3.68989e-04  1.00000e+00  1.86918e-02  1.86974e-02
8.180646270e-01  1.8754934e-02  3.69174e-04  1.00000e+00  1.87289e-02  1.87342e-02
8.183373152e-01  1.8796949e-02  3.69399e-04  1.00000e+00  1.87662e-02  1.87714e-02
8.186100943e-01  1.8836979e-02  3.69659e-04  1.00000e+00  1.88020e-02  1.88071e-02
8.188829644e-01  1.8874175e-02  3.69954e-04  1.00000e+00  1.88350e-02  1.88401e-02
8.191559253e-01  1.8907936e-02  3.70281e-04  1.00000e+00  1.88648e-02  1.88700e-02
8.194289773e-01  1.8937493e-02  3.70637e-04  1.00000e+00  1.88912e-02  1.88965e-02
8.197021203e-01  1.8961508e-02  3.71012e-04  1.00000e+00  1.89139e-02  1.89194e-02
8.199753544e-01  1.8977858e-02  3.71386e-04  1.00000e+00  1.89323e-02  1.89381e-02
8.202486795e-01  1.8983752e-02  3.71728e-04  1.00000e+00  1.89449e-02  1.89510e-02
8.205220957e-01  1.8976211e-02  3.71998e-04  1.00000e+00  1.89493e-02  1.89557e-02
8.207956031e-01  1.8952889e-02  3.72157e-04  1.00000e+00  1.89431e-02  1.89498e-02
8.210692016e-01  1.8913063e-02  3.72168e-04  1.00000e+00  1.89238e-02  1.89309e-02
8.213428913e-01  1.8858501e-02  3.72016e-04  1.00000e+00  1.88906e-02  1.88979e-02
8.216166723e-01  1.8793914e-02  3.71708e-04  1.00000e+00  1.88444e-02  1.88520e-02
8.218905445e-01  1.8726704e-02  3.71278e-04  1.00000e+00  1.87890e-02  1.87969e-02
8.221645080e-01  1.8665887e-02  3.70792e-04  1.00000e+00  1.87304e-02  1.87385e-02
8.224385629e-01  1.8620374e-02  3.70327e-04  1.00000e+00  1.86763e-02  1.86845e-02
8.227127091e-01  1.8596993e-02  3.69968e-04  1.00000e+00  1.86342e-02  1.86426e-02
8.229869466e-01  1.8598879e-02  3.69781e-04  1.00000e+00  1.86106e-02  1.86191e-02
8.232612756e-01  1.8624754e-02  3.69805e-04  1.00000e+00  1.86085e-02  1.86172e-02
8.235356960e-01  1.8669336e-02  3.70038e-04  1.00000e+00  1.86277e-02  1.86366e-02
8.238102079e-01  1.8724767e-02  3.70445e-04  1.00000e+00  1.86643e-02  1.86733e-02
8.240848113e-01  1.8782539e-02  3.70965e-04  1.00000e+00  1.87121e-02  1.87213e-02
8.243595063e-01  1.8835315e-02  3.71526e-04  1.00000e+00  1.87641e-02  1.87734e-02
8.246342928e-01  1.8878119e-02  3.72063e-04  1.00000e+00  1.88136e-02  1.88231e-02
8.249091709e-01  1.8908678e-02  3.72527e-04  1.00000e+00  1.88560e-02  1.88656e-02
8.251841406e-01  1.8927004e-02  3.72889e-04  1.00000e+00  1.88884e-02  1.88982e-02
8.254592020e-01  1.8934553e-02  3.73141e-04  1.00000e+00  1.89101e-02  1.89200e-02
8.257343550e-01  1.8933323e-02  3.73289e-04  1.00000e+00  1.89216e-02  1.89317e-02
8.260095998e-01  1.8925228e-02  3.73346e-04  1.00000e+00  1.89244e-02  1.89345e-02
8.262849364e-01  1.8911852e-02  3.73328e-04  1.00000e+00  1.89199e-02  1.89301e-02
8.265603647e-01  1.8894550e-02  3.73248e-04  1.00000e+00  1.89096e-02  1.89198e-02
8.268358848e-01  1.8874725e-02  3.73122e-04  1.00000e+00  1.88948e-02  1.89052e-02
8.271114968e-01  1.8854062e-02  3.72964e-04  1.00000e+00  1.88772e-02  1.88876e-02
8.273872006e-01  1.8834569e-02  3.72792e-04  1.00000e+00  1.88583e-02  1.88688e-02
8.276629963e-01  1.8818393e-02  3.72624e-04  1.00000e+00  1.88402e-02  1.88507e-02
8.279388840e-01  1.8807461e-02  3.72481e-04  1.00000e+00  1.88249e-02  1.88354e-02
8.282148636e-01  1.8803105e-02  3.72379e-04  1.00000e+00  1.88140e-02  1.88246e-02
8.284909352e-01  1.8805787e-02  3.72333e-04  1.00000e+00  1.88089e-02  1.88196e-02
8.287670989e-01  1.8815023e-02  3.72349e-04  1.00000e+00  1.88101e-02  1.88208e-02
8.290433546e-01  1.8829511e-02  3.72424e-04  1.00000e+00  1.88172e-02  1.88280e-02
8.293197024e-01  1.8847395e-02  3.72551e-04  1.00000e+00  1.88293e-02  1.88401e-02
8.295961423e-01  1.8866619e-02  3.72715e-04  1.00000e+00  1.88447e-02  1.88556e-02
8.298726743e-01  1.8885269e-02  3.72900e-04  1.00000e+00  1.88618e-02  1.88728e-02
8.301492985e-01  1.8901855e-02  3.73088e-04  1.00000e+00  1.88789e-02  1.88899e-02
8.304260150e-01  1.8915509e-02  3.73267e-04  1.00000e+00  1.88946e-02  1.89057e-02
8.307028236e-01  1.8926073e-02  3.73427e-04  1.00000e+00  1.89080e-02  1.89192e-02
8.309797246e-01  1.8934072e-02  3.73564e-04  1.00000e+00  1.89190e-02  1.89303e-02
8.312567178e-01  1.8940563e-02  3.73680e-04  1.00000e+00  1.89278e-02  1.89392e-02
8.315338034e-01  1.8946888e-02  3.73782e-04  1.00000e+00  1.89354e-02  1.89468e-02
8.318109813e-01  1.8954364e-02  3.73880e-04  1.00000e+00  1.89427e-02  1.89542e-02
8.320882517e-01  1.8963997e-02  3.73983e-04  1.00000e+00  1.89509e-02  1.89624e-02
8.323656144e-01  1.8976279e-02  3.74102e-04  1.00000e+00  1.89608e-02  1.89724e-02
8.326430696e-01  1.8991140e-02  3.74240e-04  1.00000e+00  1.89730e-02  1.89847e-02
8.329206173e-01  1.9008033e-02  3.74398e-04  1.00000e+00  1.89874e-02  1.89992e-02
8.331982575e-01  1.9026115e-02  3.74573e-04  1.00000e+00  1.90037e-02  1.90155e-02
8.334759903e-01  1.9044448e-02  3.74758e-04  1.00000e+00  1.90212e-02  1.90331e-02
8.337538156e-01  1.9062162e-02  3.74945e-04  1.00000e+00  1.90391e-02  1.90511e-02
8.340317335e-01  1.9078549e-02  3.75127e-04  1.00000e+00  1.90566e-02  1.90687e-02
8.343097441e-01  1.9093114e-02  3.75297e-04  1.00000e+00  1.90731e-02  1.90852e-02
8.345878474e-01  1.9105585e-02  3.75451e-04  1.00000e+00  1.90880e-02  1.91001e-02
8.348660433e-01  1.9115912e-02  3.75585e-04  1.00000e+00  1.91010e-02  1.91132e-02
8.351443320e-01  1.9124244e-02  3.75699e-04  1.00000e+00  1.91119e-02  1.91242e-02
8.354227134e-01  1.9130879e-02  3.75794e-04  1.00000e+00  1.91209e-02  1.91332e-02
8.357011877e-01  1.9136202e-02  3.75873e-04  1.00000e+00  1.91280e-02  1.91404e-02
8.359797547e-01  1.9140600e-02  3.75941e-04  1.00000e+00  1.91337e-02  1.91461e-02
8.362584147e-01  1.9144405e-02  3.76000e-04  1.00000e+00  1.91383e-02  1.91507e-02
8.365371675e-01  1.9147856e-02  3.76056e-04  1.00000e+00  1.91421e-02  1.91546e-02
8.368160132e-01  1.9151104e-02  3.76110e-04  1.00000e+00  1.91454e-02  1.91580e-02
8.370949518e-01  1.9154228e-02  3.76164e-04  1.00000e+00  1.91486e-02  1.91612e-02
8.373739835e-01  1.9157263e-02  3.76218e-04  1.00000e+00  1.91516e-02  1.91642e-02
8.376531082e-01  1.9160222e-02  3.76272e-04  1.00000e+00  1.91546e-02  1.91673e-02
8.379323259e-01  1.9163100e-02  3.76325e-04  1.00000e+00  1.91576e-02  1.91704e-02
8.382116366e-01  1.9165878e-02  3.76378e-04  1.00000e+00  1.91606e-02  1.91734e-02
8.384910405e-01  1.9168520e-02  3.76427e-04  1.00000e+00  1.91636e-02  1.91765e-02
8.387705375e-01  1.9170979e-02  3.76475e-04  1.00000e+00  1.91665e-02  1.91794e-02
8.390501277e-01  1.9173214e-02  3.76518e-04  1.00000e+00  1.91692e-02  1.91822e-02
8.393298111e-01  1.9175205e-02  3.76558e-04  1.00000e+00  1.91718e-02  1.91848e-02
8.396095877e-01  1.9176963e-02  3.76593e-04  1.00000e+00  1.91741e-02  1.91871e-02
8.398894576e-01  1.9178538e-02  3.76624e-04  1.00000e+00  1.91762e-02  1.91893e-02
8.401694207e-01  1.9180009e-02  3.76652e-04  1.00000e+00  1.91780e-02  1.91912e-02
8.404494772e-01  1.9181466e-02  3.76677e-04  1.00000e+00  1.91797e-02  1.91929e-02
8.407296270e-01  1.9182985e-02  3.76702e-04  1.00000e+00  1.91813e-02  1.91945e-02
8.410098702e-01  1.9184605e-02  3.76726e-04  1.00000e+00  1.91828e-02  1.91961e-02
8.412902068e-01  1.9186310e-02  3.76752e-04  1.00000e+00  1.91844e-02  1.91977e-02
8.415706369e-01  1.9188035e-02  3.76778e-04  1.00000e+00  1.91860e-02  1.91993e-02
8.418511605e-01  1.9189685e-02  3.76806e-04  1.00000e+00  1.91875e-02  1.92009e-02
8.421317775e-01  1.9191166e-02  3.76834e-04  1.00000e+00  1.91890e-02  1.92024e-02
8.424124881e-01  1.9192422e-02  3.76862e-04  1.00000e+00  1.91903e-02  1.92038e-02
8.426932923e-01  1.9193458e-02  3.76889e-04  1.00000e+00  1.91915e-02  1.92050e-02
8.429741900e-01  1.9194342e-02  3.76915e-04  1.00000e+00  1.91925e-02  1.92061e-02
8.432551814e-01  1.9195187e-02  3.76940e-04  1.00000e+00  1.91935e-02  1.92071e-02
8.435362665e-01  1.9196115e-02  3.76965e-04  1.00000e+00  1.91944e-02  1.92081e-02
8.438174452e-01  1.9197215e-02  3.76990e-04  1.00000e+00  1.91954e-02  1.92091e-02
8.440987177e-01  1.9198519e-02  3.77016e-04  1.00000e+00  1.91966e-02  1.92103e-02
8.443800840e-01  1.9199991e-02  3.77043e-04  1.00000e+00  1.91979e-02  1.92117e-02
8.446615440e-01  1.9201542e-02  3.77071e-04  1.00000e+00  1.91994e-02  1.92133e-02
8.449430978e-01  1.9203061e-02  3.77099e-04  1.00000e+00  1.92010e-02  1.92149e-02
8.452247455e-01  1.9204449e-02  3.77127e-04  1.00000e+00  1.92025e-02  1.92164e-02
8.455064871e-01  1.9205638e-02  3.77153e-04  1.00000e+00  1.92039e-02  1.92179e-02
8.457883226e-01  1.9206600e-02  3.77177e-04  1.00000e+00  1.92052e-02  1.92191e-02
8.460702521e-01  1.9207330e-02  3.77199e-04  1.00000e+00  1.92062e-02  1.92202e-02
8.463522755e-01  1.9207833e-02  3.77219e-04  1.00000e+00  1.92070e-02  1.92211e-02
8.466343929e-01  1.9208105e-02  3.77236e-04  1.00000e+00  1.92076e-02  1.92217e-02
8.469166044e-01  1.9208135e-02  3.77251e-04  1.00000e+00  1.92079e-02  1.92221e-02
8.471989099e-01  1.9207907e-02  3.77265e-04  1.00000e+00  1.92079e-02  1.92221e-02
8.474813095e-01  1.9207418e-02  3.77276e-04  1.00000e+00  1.92077e-02  1.92219e-02
8.477638033e-01  1.9206678e-02  3.77286e-04  1.00000e+00  1.92071e-02  1.92214e-02
8.480463912e-01  1.9205713e-02  3.77296e-04  1.00000e+00  1.92062e-02  1.92206e-02
8.483290734e-01  1.9204555e-02  3.77304e-04  1.00000e+00  1.92051e-02  1.92195e-02
8.486118497e-01  1.9203227e-02  3.77313e-04  1.00000e+00  1.92039e-02  1.92183e-02
8.488947203e-01  1.9201739e-02  3.77321e-04  1.00000e+00  1.92024e-02  1.92169e-02
8.491776852e-01  1.9200090e-02  3.77329e-04  1.00000e+00  1.92008e-02  1.92153e-02
8.494607445e-01  1.9198277e-02  3.77336e-04  1.00000e+00  1.91991e-02  1.92136e-02
8.497438981e-01  1.9196317e-02  3.77343e-04  1.00000e+00  1.91972e-02  1.92118e-02
8.500271460e-01  1.9194259e-02  3.77349e-04  1.00000e+00  1.91952e-02  1.92099e-02
8.503104884e-01  1.9192194e-02  3.77355e-04  1.00000e+00  1.91932e-02  1.92079e-02
8.505939252e-01  1.9190246e-02  3.77361e-04  1.00000e+00  1.91913e-02  1.92060e-02
8.508774565e-01  1.9188551e-02  3.77367e-04  1.00000e+00  1.91895e-02  1.92043e-02
8.511610824e-01  1.9187225e-02  3.77374e-04  1.00000e+00  1.91879e-02  1.92028e-02
8.514448027e-01  1.9186338e-02  3.77383e-04  1.00000e+00  1.91868e-02  1.92017e-02
8.517286177e-01  1.9185896e-02  3.77394e-04  1.00000e+00  1.91860e-02  1.92010e-02
8.520125272e-01  1.9185837e-02  3.77408e-04  1.00000e+00  1.91857e-02  1.92007e-02
8.522965314e-01  1.9186051e-02  3.77423e-04  1.00000e+00  1.91856e-02  1.92007e-02
8.525806302e-01  1.9186410e-02  3.77440e-04  1.00000e+00  1.91858e-02  1.92009e-02
8.528648238e-01  1.9186801e-02  3.77459e-04  1.00000e+00  1.91861e-02  1.92012e-02
8.531491120e-01  1.9187146e-02  3.77478e-04  1.00000e+00  1.91864e-02  1.92015e-02
8.534334951e-01  1.9187415e-02  3.77498e-04  1.00000e+00  1.91866e-02  1.92018e-02
8.537179729e-01  1.9187615e-02  3.77518e-04  1.00000e+00  1.91867e-02  1.92019e-02
8.540025456e-01  1.9187772e-02  3.77539e-04  1.00000e+00  1.91868e-02  1.92021e-02
8.542872131e-01  1.9187900e-02  3.77561e-04  1.00000e+00  1.91868e-02  1.92021e-02
8.545719755e-01  1.9187991e-02  3.77583e-04  1.00000e+00  1.91868e-02  1.92022e-02
8.548568328e-01  1.9188009e-02  3.77607e-04  1.00000e+00  1.91867e-02  1.92021e-02
8.551417851e-01  1.9187894e-02  3.77632e-04  1.00000e+00  1.91865e-02  1.92020e-02
8.554268323e-01  1.9187591e-02  3.77657e-04  1.00000e+00  1.91861e-02  1.92017e-02
8.557119746e-01  1.9187064e-02  3.77682e-04  1.00000e+00  1.91856e-02  1.92012e-02
8.559972119e-01  1.9186317e-02  3.77707e-04  1.00000e+00  1.91849e-02  1.92006e-02
8.562825443e-01  1.9185394e-02  3.77732e-04  1.00000e+00  1.91840e-02  1.91997e-02
8.565679719e-01  1.9184374e-02  3.77757e-04  1.00000e+00  1.91830e-02  1.91988e-02
8.568534945e-01  1.9183354e-02  3.77782e-04  1.00000e+00  1.91820e-02  1.91979e-02
8.571391124e-01  1.9182431e-02  3.77806e-04  1.00000e+00  1.91811e-02  1.91970e-02
8.574248254e-01  1.9181684e-02  3.77831e-04  1.00000e+00  1.91804e-02  1.91964e-02
8.577106337e-01  1.9181168e-02  3.77855e-04  1.00000e+00  1.91798e-02  1.91959e-02
8.579965372e-01  1.9180912e-02  3.77880e-04  1.00000e+00  1.91796e-02  1.91957e-02
8.582825361e-01  1.9180925e-02  3.77905e-04  1.00000e+00  1.91796e-02  1.91957e-02
8.585686302e-01  1.9181197e-02  3.77929e-04  1.00000e+00  1.91798e-02  1.91960e-02
8.588548198e-01  1.9181708e-02  3.77954e-04  1.00000e+00  1.91804e-02  1.91966e-02
8.591411047e-01  1.9182421e-02  3.77979e-04  1.00000e+00  1.91811e-02  1.91974e-02
8.594274851e-01  1.9183290e-02  3.78003e-04  1.00000e+00  1.91820e-02  1.91983e-02
8.597139609e-01  1.9184258e-02  3.78027e-04  1.00000e+00  1.91830e-02  1.91994e-02
8.600005322e-01  1.9185260e-02  3.78051e-04  1.00000e+00  1.91840e-02  1.92004e-02
8.602871991e-01  1.9186236e-02  3.78075e-04  1.00000e+00  1.91850e-02  1.92015e-02
8.605739615e-01  1.9187132e-02  3.78099e-04  1.00000e+00  1.91860e-02  1.92025e-02
8.608608195e-01  1.9187906e-02  3.78122e-04  1.00000e+00  1.91868e-02  1.92033e-02
8.611477731e-01  1.9188527e-02  3.78145e-04  1.00000e+00  1.91875e-02  1.92040e-02
8.614348223e-01  1.9188970e-02  3.78168e-04  1.00000e+00  1.91879e-02  1.92045e-02
8.617219673e-01  1.9189218e-02  3.78190e-04  1.00000e+00  1.91882e-02  1.92048e-02
8.620092079e-01  1.9189260e-02  3.78213e-04  1.00000e+00  1.91882e-02  1.92049e-02
8.622965443e-01  1.9189096e-02  3.78237e-04  1.00000e+00  1.91880e-02  1.92048e-02
8.625839765e-01  1.9188749e-02  3.78260e-04  1.00000e+00  1.91876e-02  1.92045e-02
8.628715045e-01  1.9188259e-02  3.78284e-04  1.00000e+00  1.91871e-02  1.92040e-02
8.631591283e-01  1.9187688e-02  3.78308e-04  1.00000e+00  1.91865e-02  1.92035e-02
8.634468480e-01  1.9187102e-02  3.78332e-04  1.00000e+00  1.91859e-02  1.92029e-02
8.637346637e-01  1.9186560e-02  3.78356e-04  1.00000e+00  1.91854e-02  1.92024e-02
8.640225752e-01  1.9186102e-02  3.78380e-04  1.00000e+00  1.91850e-02  1.92021e-02
8.643105827e-01  1.9185743e-02  3.78404e-04  1.00000e+00  1.91846e-02  1.92018e-02
8.645986863e-01  1.9185477e-02  3.78428e-04  1.00000e+00  1.91844e-02  1.92016e-02
8.648868858e-01  1.9185287e-02  3.78451e-04  1.00000e+00  1.91843e-02  1.92015e-02
8.651751815e-01  1.9185160e-02  3.78474e-04  1.00000e+00  1.91842e-02  1.92015e-02
8.654635732e-01  1.9185095e-02  3.78497e-04  1.00000e+00  1.91842e-02  1.92015e-02
8.657520610e-01  1.9185105e-02  3.78519e-04  1.00000e+00  1.91842e-02  1.92016e-02
8.660406451e-01  1.9185210e-02  3.78542e-04  1.00000e+00  1.91843e-02  1.92018e-02
8.663293253e-01  1.9185427e-02  3.78564e-04  1.00000e+00  1.91846e-02  1.92021e-02
8.666181017e-01  1.9185753e-02  3.78586e-04  1.00000e+00  1.91849e-02  1.92024e-02
8.669069744e-01  1.9186167e-02  3.78608e-04  1.00000e+00  1.91853e-02  1.92029e-02
8.671959434e-01  1.9186621e-02  3.78631e-04  1.00000e+00  1.91858e-02  1.92034e-02
8.674850087e-01  1.9187059e-02  3.78653e-04  1.00000e+00  1.91862e-02  1.92039e-02
8.677741704e-01  1.9187427e-02  3.78675e-04  1.00000e+00  1.91866e-02  1.92043e-02
8.680634285e-01  1.9187687e-02  3.78696e-04  1.00000e+00  1.91869e-02  1.92047e-02
8.683527829e-01  1.9187827e-02  3.78718e-04  1.00000e+00  1.91871e-02  1.92049e-02
8.686422339e-01  1.9187861e-02  3.78740e-04  1.00000e+00  1.91871e-02  1.92050e-02
8.689317813e-01  1.9187824e-02  3.78761e-04  1.00000e+00  1.91871e-02  1.92050e-02
8.692214252e-01  1.9187754e-02  3.78783e-04  1.00000e+00  1.91871e-02  1.92050e-02
8.695111657e-01  1.9187686e-02  3.78804e-04  1.00000e+00  1.91870e-02  1.92050e-02
8.698010027e-01  1.9187636e-02  3.78825e-04  1.00000e+00  1.91870e-02  1.92050e-02
8.700909364e-01  1.9187604e-02  3.78846e-04  1.00000e+00  1.91870e-02  1.92051e-02
8.703809667e-01  1.9187570e-02  3.78868e-04  1.00000e+00  1.91869e-02  1.92051e-02
8.706710937e-01  1.9187505e-02  3.78889e-04  1.00000e+00  1.91869e-02  1.92051e-02
8.709613174e-01  1.9187378e-02  3.78910e-04  1.00000e+00  1.91867e-02  1.92050e-02
8.712516378e-01  1.9187164e-02  3.78932e-04  1.00000e+00  1.91865e-02  1.92048e-02
8.715420550e-01  1.9186855e-02  3.78953e-04  1.00000e+00  1.91862e-02  1.92045e-02
8.718325691e-01  1.9186461e-02  3.78975e-04  1.00000e+00  1.91858e-02  1.92042e-02
8.721231799e-01  1.9186003e-02  3.78997e-04  1.00000e+00  1.91853e-02  1.92038e-02
8.724138876e-01  1.9185515e-02  3.79019e-04  1.00000e+00  1.91848e-02  1.92034e-02
8.727046923e-01  1.9185027e-02  3.79041e-04  1.00000e+00  1.91844e-02  1.92029e-02
8.729955938e-01  1.9184562e-02  3.79062e-04  1.00000e+00  1.91839e-02  1.92026e-02
8.732865924e-01  1.9184128e-02  3.79084e-04  1.00000e+00  1.91835e-02  1.92022e-02
8.735776879e-01  1.9183718e-02  3.79105e-04  1.00000e+00  1.91832e-02  1.92019e-02
8.738688805e-01  1.9183314e-02  3.79126e-04  1.00000e+00  1.91828e-02  1.92016e-02
8.741601701e-01  1.9182890e-02  3.79146e-04  1.00000e+00  1.91824e-02  1.92012e-02
8.744515568e-01  1.9182416e-02  3.79167e-04  1.00000e+00  1.91820e-02  1.92009e-02
8.747430407e-01  1.9181867e-02  3.79187e-04  1.00000e+00  1.91815e-02  1.92004e-02
8.750346217e-01  1.9181228e-02  3.79207e-04  1.00000e+00  1.91809e-02  1.91998e-02
8.753262999e-01  1.9180497e-02  3.79227e-04  1.00000e+00  1.91802e-02  1.91992e-02
8.756180753e-01  1.9179691e-02  3.79247e-04  1.00000e+00  1.91794e-02  1.91984e-02
8.759099480e-01  1.9178851e-02  3.79267e-04  1.00000e+00  1.91786e-02  1.91977e-02
8.762019180e-01  1.9178031e-02  3.79286e-04  1.00000e+00  1.91778e-02  1.91970e-02
8.764939853e-01  1.9177295e-02  3.79306e-04  1.00000e+00  1.91771e-02  1.91963e-02
8.767861500e-01  1.9176702e-02  3.79325e-04  1.00000e+00  1.91765e-02  1.91958e-02
8.770784120e-01  1.9176287e-02  3.79344e-04  1.00000e+00  1.91761e-02  1.91954e-02
8.773707715e-01  1.9176056e-02  3.79362e-04  1.00000e+00  1.91759e-02  1.91953e-02
8.776632284e-01  1.9175973e-02  3.79381e-04  1.00000e+00  1.91759e-02  1.91953e-02
8.779557828e-01  1.9175972e-02  3.79399e-04  1.00000e+00  1.91759e-02  1.91954e-02
8.782484347e-01  1.9175962e-02  3.79417e-04  1.00000e+00  1.91759e-02  1.91954e-02
8.785411842e-01  1.9175853e-02  3.79434e-04  1.00000e+00  1.91759e-02  1.91954e-02
8.788340313e-01  1.9175570e-02  3.79451e-04  1.00000e+00  1.91757e-02  1.91953e-02
8.791269760e-01  1.9175068e-02  3.79468e-04  1.00000e+00  1.91753e-02  1.91949e-02
8.794200183e-01  1.9174333e-02  3.79484e-04  1.00000e+00  1.91747e-02  1.91943e-02
8.797131583e-01  1.9173381e-02  3.79499e-04  1.00000e+00  1.91738e-02  1.91936e-02
8.800063960e-01  1.9172248e-02  3.79513e-04  1.00000e+00  1.91728e-02  1.91926e-02
8.802997315e-01  1.9170981e-02  3.79526e-04  1.00000e+00  1.91717e-02  1.91915e-02
8.805931647e-01  1.9169631e-02  3.79538e-04  1.00000e+00  1.91705e-02  1.91904e-02
8.808866958e-01  1.9168251e-02  3.79550e-04  1.00000e+00  1.91692e-02  1.91891e-02
8.811803247e-01  1.9166894e-02  3.79561e-04  1.00000e+00  1.91679e-02  1.91879e-02
8.814740515e-01  1.9165609e-02  3.79571e-04  1.00000e+00  1.91666e-02  1.91866e-02
8.817678761e-01  1.9164441e-02  3.79582e-04  1.00000e+00  1.91654e-02  1.91855e-02
8.820617988e-01  1.9163419e-02  3.79594e-04  1.00000e+00  1.91643e-02  1.91844e-02
8.823558194e-01  1.9162558e-02  3.79606e-04  1.00000e+00  1.91633e-02  1.91835e-02
8.826499380e-01  1.9161851e-02  3.79619e-04  1.00000e+00  1.91624e-02  1.91827e-02
8.829441546e-01  1.9161272e-02  3.79634e-04  1.00000e+00  1.91617e-02  1.91820e-02
8.832384693e-01  1.9160786e-02  3.79650e-04  1.00000e+00  1.91611e-02  1.91814e-02
8.835328822e-01  1.9160349e-02  3.79666e-04  1.00000e+00  1.91606e-02  1.91810e-02
8.838273931e-01  1.9159927e-02  3.79683e-04  1.00000e+00  1.91602e-02  1.91806e-02
8.841220022e-01  1.9159502e-02  3.79699e-04  1.00000e+00  1.91599e-02  1.91803e-02
8.844167096e-01  1.9159082e-02  3.79714e-04  1.00000e+00  1.91596e-02  1.91801e-02
8.847115151e-01  1.9158702e-02  3.79728e-04  1.00000e+00  1.91594e-02  1.91800e-02
8.850064190e-01  1.9158418e-02  3.79740e-04  1.00000e+00  1.91594e-02  1.91799e-02
8.853014211e-01  1.9158302e-02  3.79751e-04  1.00000e+00  1.91594e-02  1.91800e-02
8.855965216e-01  1.9158420e-02  3.79762e-04  1.00000e+00  1.91596e-02  1.91802e-02
8.858917204e-01  1.9158819e-02  3.79772e-04  1.00000e+00  1.91599e-02  1.91806e-02
8.861870177e-01  1.9159526e-02  3.79782e-04  1.00000e+00  1.91605e-02  1.91812e-02
8.864824134e-01  1.9160543e-02  3.79794e-04  1.00000e+00  1.91613e-02  1.91820e-02
8.867779075e-01  1.9161859e-02  3.79808e-04  1.00000e+00  1.91624e-02  1.91831e-02
8.870735001e-01  1.9163460e-02  3.79823e-04  1.00000e+00  1.91638e-02  1.91845e-02
8.873691913e-01  1.9165343e-02  3.79840e-04  1.00000e+00  1.91654e-02  1.91861e-02
8.876649810e-01  1.9167514e-02  3.79860e-04  1.00000e+00  1.91673e-02  1.91881e-02
8.879608694e-01  1.9170000e-02  3.79880e-04  1.00000e+00  1.91696e-02  1.91903e-02
8.882568563e-01  1.9172845e-02  3.79903e-04  1.00000e+00  1.91723e-02  1.91931e-02
8.885529419e-01  1.9176121e-02  3.79925e-04  1.00000e+00  1.91755e-02  1.91963e-02
8.888491262e-01  1.9179930e-02  3.79948e-04  1.00000e+00  1.91794e-02  1.92001e-02
8.891454093e-01  1.9184396e-02  3.79970e-04  1.00000e+00  1.91841e-02  1.92047e-02
8.894417911e-01  1.9189633e-02  3.79989e-04  1.00000e+00  1.91896e-02  1.92103e-02
8.897382717e-01  1.9195691e-02  3.80005e-04  1.00000e+00  1.91962e-02  1.92167e-02
8.900348511e-01  1.9202491e-02  3.80017e-04  1.00000e+00  1.92037e-02  1.92241e-02
8.903315294e-01  1.9209754e-02  3.80023e-04  1.00000e+00  1.92118e-02  1.92321e-02
8.906283066e-01  1.9216964e-02  3.80021e-04  1.00000e+00  1.92202e-02  1.92403e-02
8.909251827e-01  1.9223384e-02  3.80010e-04  1.00000e+00  1.92281e-02  1.92480e-02
8.912221577e-01  1.9228118e-02  3.79987e-04  1.00000e+00  1.92345e-02  1.92543e-02
8.915192318e-01  1.9230214e-02  3.79950e-04  1.00000e+00  1.92386e-02  1.92582e-02
8.918164049e-01  1.9228792e-02  3.79899e-04  1.00000e+00  1.92394e-02  1.92589e-02
8.921136770e-01  1.9223135e-02  3.79831e-04  1.00000e+00  1.92361e-02  1.92556e-02
8.924110482e-01  1.9212733e-02  3.79745e-04  1.00000e+00  1.92284e-02  1.92478e-02
8.927085186e-01  1.9197288e-02  3.79639e-04  1.00000e+00  1.92160e-02  1.92354e-02
8.930060881e-01  1.9176645e-02  3.79509e-04  1.00000e+00  1.91989e-02  1.92184e-02
8.933037568e-01  1.9150759e-02  3.79351e-04  1.00000e+00  1.91771e-02  1.91967e-02
8.936015247e-01  1.9119664e-02  3.79160e-04  1.00000e+00  1.91509e-02  1.91706e-02
8.938993919e-01  1.9083491e-02  3.78931e-04  1.00000e+00  1.91203e-02  1.91401e-02
8.941973583e-01  1.9042523e-02  3.78659e-04  1.00000e+00  1.90854e-02  1.91053e-02
8.944954241e-01  1.8997272e-02  3.78340e-04  1.00000e+00  1.90465e-02  1.90665e-02
8.947935893e-01  1.8948482e-02  3.77974e-04  1.00000e+00  1.90039e-02  1.90239e-02
8.950918538e-01  1.8897087e-02  3.77564e-04  1.00000e+00  1.89580e-02  1.89781e-02
8.953902177e-01  1.8844071e-02  3.77116e-04  1.00000e+00  1.89095e-02  1.89296e-02
8.956886811e-01  1.8790265e-02  3.76637e-04  1.00000e+00  1.88592e-02  1.88793e-02
8.959872440e-01  1.8736125e-02  3.76135e-04  1.00000e+00  1.88076e-02  1.88277e-02
8.962859065e-01  1.8681617e-02  3.75616e-04  1.00000e+00  1.87551e-02  1.87751e-02
8.965846684e-01  1.8626243e-02  3.75082e-04  1.00000e+00  1.87015e-02  1.87215e-02
8.968835300e-01  1.8569349e-02  3.74533e-04  1.00000e+00  1.86467e-02  1.86666e-02
8.971824912e-01  1.8510638e-02  3.73967e-04  1.00000e+00  1.85901e-02  1.86099e-02
8.974815520e-01  1.8450748e-02  3.73387e-04  1.00000e+00  1.85316e-02  1.85515e-02
8.977807125e-01  1.8391671e-02  3.72801e-04  1.00000e+00  1.84721e-02  1.84919e-02
8.980799727e-01  1.8336734e-02  3.72229e-04  1.00000e+00  1.84134e-02  1.84332e-02
8.983793327e-01  1.8290045e-02  3.71700e-04  1.00000e+00  1.83584e-02  1.83782e-02
8.986787925e-01  1.8255504e-02  3.71251e-04  1.00000e+00  1.83108e-02  1.83306e-02
8.989783521e-01  1.8235694e-02  3.70916e-04  1.00000e+00  1.82739e-02  1.82938e-02
8.992780116e-01  1.8231101e-02  3.70717e-04  1.00000e+00  1.82503e-02  1.82702e-02
8.995777709e-01  1.8239959e-02  3.70663e-04  1.00000e+00  1.82405e-02  1.82605e-02
8.998776302e-01  1.8258839e-02  3.70740e-04  1.00000e+00  1.82435e-02  1.82636e-02
9.001775894e-01  1.8283739e-02  3.70922e-04  1.00000e+00  1.82568e-02  1.82770e-02
9.004776486e-01  1.8311308e-02  3.71175e-04  1.00000e+00  1.82770e-02  1.82973e-02
9.007778078e-01  1.8339776e-02  3.71471e-04  1.00000e+00  1.83014e-02  1.83219e-02
9.010780670e-01  1.8369273e-02  3.71790e-04  1.00000e+00  1.83283e-02  1.83489e-02
9.013784264e-01  1.8401513e-02  3.72130e-04  1.00000e+00  1.83572e-02  1.83780e-02
9.016788859e-01  1.8438933e-02  3.72501e-04  1.00000e+00  1.83894e-02  1.84102e-02
9.019794455e-01  1.8483618e-02  3.72921e-04  1.00000e+00  1.84264e-02  1.84474e-02
9.022801053e-01  1.8536317e-02  3.73403e-04  1.00000e+00  1.84698e-02  1.84910e-02
9.025808654e-01  1.8595884e-02  3.73956e-04  1.00000e+00  1.85203e-02  1.85416e-02
9.028817256e-01  1.8659222e-02  3.74568e-04  1.00000e+00  1.85769e-02  1.85984e-02
9.031826862e-01  1.8721789e-02  3.75214e-04  1.00000e+00  1.86372e-02  1.86588e-02
9.034837471e-01  1.8778415e-02  3.75856e-04  1.00000e+00  1.86972e-02  1.87191e-02
9.037849084e-01  1.8824220e-02  3.76449e-04  1.00000e+00  1.87527e-02  1.87747e-02
9.040861700e-01  1.8855358e-02  3.76949e-04  1.00000e+00  1.87991e-02  1.88213e-02
9.043875321e-01  1.8869456e-02  3.77319e-04  1.00000e+00  1.88328e-02  1.88551e-02
9.046889946e-01  1.8865739e-02  3.77533e-04  1.00000e+00  1.88512e-02  1.88735e-02
9.049905576e-01  1.8844927e-02  3.77580e-04  1.00000e+00  1.88531e-02  1.88755e-02
9.052922211e-01  1.8809032e-02  3.77462e-04  1.00000e+00  1.88388e-02  1.88612e-02
9.055939852e-01  1.8761129e-02  3.77195e-04  1.00000e+00  1.88096e-02  1.88320e-02
9.058958498e-01  1.8705116e-02  3.76802e-04  1.00000e+00  1.87681e-02  1.87905e-02
9.061978151e-01  1.8645423e-02  3.76320e-04  1.00000e+00  1.87177e-02  1.87401e-02
9.064998810e-01  1.8586638e-02  3.75789e-04  1.00000e+00  1.86625e-02  1.86849e-02
9.068020477e-01  1.8533037e-02  3.75250e-04  1.00000e+00  1.86068e-02  1.86292e-02
9.071043150e-01  1.8488116e-02  3.74746e-04  1.00000e+00  1.85546e-02  1.85770e-02
9.074066831e-01  1.8454226e-02  3.74310e-04  1.00000e+00  1.85095e-02  1.85317e-02
9.077091520e-01  1.8432380e-02  3.73969e-04  1.00000e+00  1.84737e-02  1.84960e-02
9.080117217e-01  1.8422318e-02  3.73735e-04  1.00000e+00  1.84488e-02  1.84711e-02
9.083143923e-01  1.8422754e-02  3.73612e-04  1.00000e+00  1.84349e-02  1.84572e-02
9.086171638e-01  1.8431755e-02  3.73590e-04  1.00000e+00  1.84313e-02  1.84536e-02
9.089200362e-01  1.8447123e-02  3.73654e-04  1.00000e+00  1.84363e-02  1.84586e-02
9.092230095e-01  1.8466688e-02  3.73786e-04  1.00000e+00  1.84482e-02  1.84706e-02
9.095260838e-01  1.8488441e-02  3.73965e-04  1.00000e+00  1.84650e-02  1.84875e-02
9.098292592e-01  1.8510525e-02  3.74171e-04  1.00000e+00  1.84848e-02  1.85073e-02
9.101325356e-01  1.8531142e-02  3.74385e-04  1.00000e+00  1.85058e-02  1.85283e-02
9.104359131e-01  1.8548486e-02  3.74587e-04  1.00000e+00  1.85260e-02  1.85485e-02
9.107393918e-01  1.8560834e-02  3.74758e-04  1.00000e+00  1.85438e-02  1.85663e-02
9.110429716e-01  1.8566813e-02  3.74880e-04  1.00000e+00  1.85573e-02  1.85798e-02
9.113466526e-01  1.8565806e-02  3.74940e-04  1.00000e+00  1.85653e-02  1.85877e-02
9.116504348e-01  1.8558322e-02  3.74932e-04  1.00000e+00  1.85670e-02  1.85893e-02
9.119543183e-01  1.8546155e-02  3.74859e-04  1.00000e+00  1.85625e-02  1.85849e-02
9.122583030e-01  1.8532153e-02  3.74739e-04  1.00000e+00  1.85534e-02  1.85756e-02
9.125623891e-01  1.8519595e-02  3.74597e-04  1.00000e+00  1.85417e-02  1.85639e-02
9.128665766e-01  1.8511356e-02  3.74463e-04  1.00000e+00  1.85303e-02  1.85524e-02
9.131708654e-01  1.8509083e-02  3.74365e-04  1.00000e+00  1.85218e-02  1.85438e-02
9.134752557e-01  1.8512778e-02  3.74319e-04  1.00000e+00  1.85178e-02  1.85399e-02
9.137797475e-01  1.8520938e-02  3.74330e-04  1.00000e+00  1.85189e-02  1.85409e-02
9.140843407e-01  1.8531248e-02  3.74387e-04  1.00000e+00  1.85242e-02  1.85463e-02
9.143890355e-01  1.8541519e-02  3.74472e-04  1.00000e+00  1.85322e-02  1.85543e-02
9.146938319e-01  1.8550477e-02  3.74564e-04  1.00000e+00  1.85412e-02  1.85632e-02
9.149987298e-01  1.8558064e-02  3.74652e-04  1.00000e+00  1.85499e-02  1.85720e-02
9.153037294e-01  1.8565160e-02  3.74731e-04  1.00000e+00  1.85580e-02  1.85801e-02
9.156088306e-01  1.8572978e-02  3.74806e-04  1.00000e+00  1.85658e-02  1.85879e-02
9.159140336e-01  1.8582496e-02  3.74885e-04  1.00000e+00  1.85741e-02  1.85962e-02
9.162193382e-01  1.8594253e-02  3.74978e-04  1.00000e+00  1.85835e-02  1.86056e-02
9.165247447e-01  1.8608548e-02  3.75091e-04  1.00000e+00  1.85947e-02  1.86168e-02
9.168302529e-01  1.8625819e-02  3.75230e-04  1.00000e+00  1.86081e-02  1.86302e-02
9.171358630e-01  1.8646866e-02  3.75402e-04  1.00000e+00  1.86242e-02  1.86464e-02
9.174415750e-01  1.8672715e-02  3.75615e-04  1.00000e+00  1.86439e-02  1.86661e-02
9.177473888e-01  1.8704135e-02  3.75877e-04  1.00000e+00  1.86681e-02  1.86904e-02
9.180533046e-01  1.8741084e-02  3.76195e-04  1.00000e+00  1.86974e-02  1.87198e-02
9.183593224e-01  1.8782392e-02  3.76567e-04  1.00000e+00  1.87318e-02  1.87543e-02
9.186654422e-01  1.8825838e-02  3.76985e-04  1.00000e+00  1.87703e-02  1.87929e-02
9.189716640e-01  1.8868619e-02  3.77428e-04  1.00000e+00  1.88111e-02  1.88339e-02
9.192779879e-01  1.8907963e-02  3.77873e-04  1.00000e+00  1.88519e-02  1.88748e-02
9.195844139e-01  1.8941702e-02  3.78295e-04  1.00000e+00  1.88902e-02  1.89132e-02
9.198909420e-01  1.8968605e-02  3.78675e-04  1.00000e+00  1.89240e-02  1.89472e-02
9.201975723e-01  1.8988448e-02  3.78998e-04  1.00000e+00  1.89521e-02  1.89754e-02
9.205043049e-01  1.9001887e-02  3.79259e-04  1.00000e+00  1.89740e-02  1.89974e-02
9.208111396e-01  1.9010171e-02  3.79460e-04  1.00000e+00  1.89900e-02  1.90136e-02
9.211180767e-01  1.9014815e-02  3.79608e-04  1.00000e+00  1.90012e-02  1.90248e-02
9.214251160e-01  1.9017263e-02  3.79714e-04  1.00000e+00  1.90086e-02  1.90323e-02
9.217322577e-01  1.9018620e-02  3.79788e-04  1.00000e+00  1.90135e-02  1.90373e-02
9.220395018e-01  1.9019519e-02  3.79839e-04  1.00000e+00  1.90171e-02  1.90409e-02
9.223468483e-01  1.9020158e-02  3.79873e-04  1.00000e+00  1.90198e-02  1.90436e-02
9.226542973e-01  1.9020479e-02  3.79892e-04  1.00000e+00  1.90220e-02  1.90458e-02
9.229618487e-01  1.9020439e-02  3.79898e-04  1.00000e+00  1.90238e-02  1.90475e-02
9.232695027e-01  1.9020229e-02  3.79891e-04  1.00000e+00  1.90250e-02  1.90486e-02
9.235772592e-01  1.9020362e-02  3.79875e-04  1.00000e+00  1.90260e-02  1.90496e-02
9.238851182e-01  1.9021564e-02  3.79856e-04  1.00000e+00  1.90273e-02  1.90507e-02
9.241930799e-01  1.9024507e-02  3.79840e-04  1.00000e+00  1.90294e-02  1.90528e-02
9.245011443e-01  1.9029478e-02  3.79831e-04  1.00000e+00  1.90332e-02  1.90564e-02
9.248093114e-01  1.9036064e-02  3.79830e-04  1.00000e+00  1.90390e-02  1.90620e-02
9.251175811e-01  1.9042999e-02  3.79830e-04  1.00000e+00  1.90464e-02  1.90693e-02
9.254259536e-01  1.9048197e-02  3.79819e-04  1.00000e+00  1.90545e-02  1.90771e-02
9.257344290e-01  1.9048954e-02  3.79775e-04  1.00000e+00  1.90614e-02  1.90837e-02
9.260430071e-01  1.9042368e-02  3.79673e-04  1.00000e+00  1.90644e-02  1.90863e-02
9.263516881e-01  1.9025719e-02  3.79488e-04  1.00000e+00  1.90607e-02  1.90823e-02
9.266604720e-01  1.8996844e-02  3.79198e-04  1.00000e+00  1.90475e-02  1.90686e-02
9.269693588e-01  1.8954294e-02  3.78786e-04  1.00000e+00  1.90222e-02  1.90428e-02
9.272783486e-01  1.8897203e-02  3.78244e-04  1.00000e+00  1.89830e-02  1.90032e-02
9.275874414e-01  1.8824961e-02  3.77569e-04  1.00000e+00  1.89287e-02  1.89484e-02
9.278966372e-01  1.8736738e-02  3.76761e-04  1.00000e+00  1.88584e-02  1.88777e-02
9.282059361e-01  1.8631131e-02  3.75817e-04  1.00000e+00  1.87712e-02  1.87903e-02
9.285153381e-01  1.8506068e-02  3.74730e-04  1.00000e+00  1.86663e-02  1.86851e-02
9.288248432e-01  1.8359169e-02  3.73481e-04  1.00000e+00  1.85420e-02  1.85607e-02
9.291344515e-01  1.8188341e-02  3.72048e-04  1.00000e+00  1.83969e-02  1.84154e-02
9.294441630e-01  1.7992612e-02  3.70408e-04  1.00000e+00  1.82294e-02  1.82478e-02
9.297539777e-01  1.7772894e-02  3.68541e-04  1.00000e+00  1.80390e-02  1.80573e-02
9.300638957e-01  1.7532366e-02  3.66445e-04  1.00000e+00  1.78265e-02  1.78448e-02
9.303739170e-01  1.7276375e-02  3.64135e-04  1.00000e+00  1.75947e-02  1.76128e-02
9.306840416e-01  1.7011870e-02  3.61647e-04  1.00000e+00  1.73479e-02  1.73659e-02
9.309942696e-01  1.6746415e-02  3.59033e-04  1.00000e+00  1.70920e-02  1.71097e-02
9.313046010e-01  1.6487073e-02  3.56359e-04  1.00000e+00  1.68333e-02  1.68508e-02
9.316150359e-01  1.6239474e-02  3.53691e-04  1.00000e+00  1.65783e-02  1.65955e-02
9.319255743e-01  1.6007397e-02  3.51087e-04  1.00000e+00  1.63322e-02  1.63491e-02
9.322362161e-01  1.5793068e-02  3.48596e-04  1.00000e+00  1.60989e-02  1.61155e-02
9.325469615e-01  1.5598012e-02  3.46254e-04  1.00000e+00  1.58811e-02  1.58975e-02
9.328578105e-01  1.5424081e-02  3.44093e-04  1.00000e+00  1.56812e-02  1.56973e-02
9.331687631e-01  1.5274175e-02  3.42144e-04  1.00000e+00  1.55014e-02  1.55173e-02
9.334798194e-01  1.5152201e-02  3.40447e-04  1.00000e+00  1.53448e-02  1.53606e-02
9.337909793e-01  1.5062233e-02  3.39047e-04  1.00000e+00  1.52152e-02  1.52308e-02
9.341022430e-01  1.5007191e-02  3.37986e-04  1.00000e+00  1.51161e-02  1.51317e-02
9.344136104e-01  1.4987631e-02  3.37296e-04  1.00000e+00  1.50503e-02  1.50659e-02
9.347250816e-01  1.5001168e-02  3.36985e-04  1.00000e+00  1.50185e-02  1.50342e-02
9.350366566e-01  1.5042812e-02  3.37033e-04  1.00000e+00  1.50191e-02  1.50348e-02
9.353483355e-01  1.5106156e-02  3.37395e-04  1.00000e+00  1.50481e-02  1.50639e-02
9.356601183e-01  1.5184952e-02  3.38008e-04  1.00000e+00  1.51002e-02  1.51161e-02
9.359720050e-01  1.5274762e-02  3.38813e-04  1.00000e+00  1.51699e-02  1.51860e-02
9.362839956e-01  1.5374114e-02  3.39762e-04  1.00000e+00  1.52532e-02  1.52694e-02
9.365960903e-01  1.5484919e-02  3.40835e-04  1.00000e+00  1.53484e-02  1.53647e-02
9.369082890e-01  1.5611881e-02  3.42043e-04  1.00000e+00  1.54564e-02  1.54729e-02
9.372205918e-01  1.5760895e-02  3.43423e-04  1.00000e+00  1.55807e-02  1.55973e-02
9.375329986e-01  1.5936647e-02  3.45021e-04  1.00000e+00  1.57256e-02  1.57424e-02
9.378455096e-01  1.6140101e-02  3.46876e-04  1.00000e+00  1.58948e-02  1.59118e-02
9.381581248e-01  1.6366628e-02  3.48991e-04  1.00000e+00  1.60889e-02  1.61062e-02
9.384708442e-01  1.6605527e-02  3.51322e-04  1.00000e+00  1.63042e-02  1.63217e-02
9.387836678e-01  1.6841214e-02  3.53770e-04  1.00000e+00  1.65315e-02  1.65493e-02
9.390965957e-01  1.7055891e-02  3.56193e-04  1.00000e+00  1.67578e-02  1.67759e-02
9.394096279e-01  1.7232874e-02  3.58429e-04  1.00000e+00  1.69676e-02  1.69860e-02
9.397227644e-01  1.7359567e-02  3.60325e-04  1.00000e+00  1.71460e-02  1.71647e-02
9.400360053e-01  1.7429190e-02  3.61760e-04  1.00000e+00  1.72808e-02  1.72997e-02
9.403493507e-01  1.7441101e-02  3.62660e-04  1.00000e+00  1.73645e-02  1.73836e-02
9.406628005e-01  1.7399761e-02  3.63004e-04  1.00000e+00  1.73948e-02  1.74139e-02
9.409763547e-01  1.7313204e-02  3.62818e-04  1.00000e+00  1.73738e-02  1.73930e-02
9.412900135e-01  1.7191536e-02  3.62164e-04  1.00000e+00  1.73076e-02  1.73267e-02
9.416037769e-01  1.7045886e-02  3.61129e-04  1.00000e+00  1.72046e-02  1.72237e-02
9.419176448e-01  1.6887811e-02  3.59813e-04  1.00000e+00  1.70749e-02  1.70939e-02
9.422316173e-01  1.6728922e-02  3.58329e-04  1.00000e+00  1.69293e-02  1.69483e-02
9.425456945e-01  1.6580395e-02  3.56792e-04  1.00000e+00  1.67792e-02  1.67980e-02
9.428598764e-01  1.6452165e-02  3.55314e-04  1.00000e+00  1.66353e-02  1.66541e-02
9.431741631e-01  1.6351959e-02  3.54001e-04  1.00000e+00  1.65075e-02  1.65262e-02
9.434885544e-01  1.6284382e-02  3.52936e-04  1.00000e+00  1.64036e-02  1.64223e-02
9.438030506e-01  1.6250370e-02  3.52176e-04  1.00000e+00  1.63287e-02  1.63473e-02
9.441176516e-01  1.6247270e-02  3.51741e-04  1.00000e+00  1.62845e-02  1.63032e-02
9.444323575e-01  1.6269683e-02  3.51618e-04  1.00000e+00  1.62697e-02  1.62885e-02
9.447471683e-01  1.6310790e-02  3.51766e-04  1.00000e+00  1.62803e-02  1.62991e-02
9.450620840e-01  1.6363849e-02  3.52124e-04  1.00000e+00  1.63107e-02  1.63297e-02
9.453771047e-01  1.6423299e-02  3.52631e-04  1.00000e+00  1.63552e-02  1.63743e-02
9.456922304e-01  1.6485112e-02  3.53230e-04  1.00000e+00  1.64085e-02  1.64277e-02
9.460074612e-01  1.6546450e-02  3.53875e-04  1.00000e+00  1.64663e-02  1.64856e-02
9.463227970e-01  1.6604930e-02  3.54530e-04  1.00000e+00  1.65254e-02  1.65448e-02
9.466382379e-01  1.6658018e-02  3.55166e-04  1.00000e+00  1.65828e-02  1.66024e-02
9.469537840e-01  1.6702925e-02  3.55752e-04  1.00000e+00  1.66358e-02  1.66555e-02
9.472694353e-01  1.6737042e-02  3.56260e-04  1.00000e+00  1.66816e-02  1.67014e-02
9.475851917e-01  1.6758684e-02  3.56665e-04  1.00000e+00  1.67177e-02  1.67376e-02
9.479010535e-01  1.6767856e-02  3.56951e-04  1.00000e+00  1.67427e-02  1.67626e-02
9.482170205e-01  1.6766719e-02  3.57116e-04  1.00000e+00  1.67562e-02  1.67762e-02
9.485330928e-01  1.6759618e-02  3.57180e-04  1.00000e+00  1.67600e-02  1.67800e-02
9.488492705e-01  1.6752470e-02  3.57180e-04  1.00000e+00  1.67577e-02  1.67778e-02
9.491655536e-01  1.6751526e-02  3.57169e-04  1.00000e+00  1.67544e-02  1.67745e-02
9.494819421e-01  1.6761699e-02  3.57204e-04  1.00000e+00  1.67552e-02  1.67754e-02
9.497984361e-01  1.6784963e-02  3.57332e-04  1.00000e+00  1.67646e-02  1.67848e-02
9.501150356e-01  1.6819560e-02  3.57572e-04  1.00000e+00  1.67846e-02  1.68048e-02
9.504317406e-01  1.6860591e-02  3.57917e-04  1.00000e+00  1.68141e-02  1.68345e-02
9.507485512e-01  1.6901991e-02  3.58330e-04  1.00000e+00  1.68499e-02  1.68704e-02
9.510654674e-01  1.6938987e-02  3.58763e-04  1.00000e+00  1.68874e-02  1.69080e-02
9.513824892e-01  1.6970001e-02  3.59175e-04  1.00000e+00  1.69227e-02  1.69434e-02
9.516996167e-01  1.6996917e-02  3.59550e-04  1.00000e+00  1.69543e-02  1.69751e-02
9.520168499e-01  1.7023676e-02  3.59897e-04  1.00000e+00  1.69831e-02  1.70040e-02
9.523341889e-01  1.7053966e-02  3.60241e-04  1.00000e+00  1.70117e-02  1.70328e-02
9.526516336e-01  1.7089192e-02  3.60610e-04  1.00000e+00  1.70427e-02  1.70639e-02
9.529691841e-01  1.7127819e-02  3.61012e-04  1.00000e+00  1.70772e-02  1.70986e-02
9.532868405e-01  1.7166246e-02  3.61436e-04  1.00000e+00  1.71144e-02  1.71359e-02
9.536046028e-01  1.7200595e-02  3.61854e-04  1.00000e+00  1.71516e-02  1.71732e-02
9.539224710e-01  1.7228530e-02  3.62235e-04  1.00000e+00  1.71860e-02  1.72077e-02
9.542404452e-01  1.7250230e-02  3.62559e-04  1.00000e+00  1.72156e-02  1.72374e-02
9.545585253e-01  1.7268305e-02  3.62825e-04  1.00000e+00  1.72403e-02  1.72621e-02
9.548767115e-01  1.7286850e-02  3.63052e-04  1.00000e+00  1.72618e-02  1.72836e-02
9.551950037e-01  1.7310114e-02  3.63275e-04  1.00000e+00  1.72831e-02  1.73049e-02
9.555134021e-01  1.7341214e-02  3.63530e-04  1.00000e+00  1.73077e-02  1.73294e-02
9.558319065e-01  1.7381202e-02  3.63847e-04  1.00000e+00  1.73381e-02  1.73599e-02
9.561505172e-01  1.7428654e-02  3.64241e-04  1.00000e+00  1.73757e-02  1.73975e-02
9.564692340e-01  1.7479886e-02  3.64702e-04  1.00000e+00  1.74195e-02  1.74413e-02
9.567880571e-01  1.7529877e-02  3.65203e-04  1.00000e+00  1.74668e-02  1.74887e-02
9.571069864e-01  1.7573714e-02  3.65703e-04  1.00000e+00  1.75137e-02  1.75356e-02
9.574260221e-01  1.7608212e-02  3.66160e-04  1.00000e+00  1.75562e-02  1.75782e-02
9.577451641e-01  1.7633135e-02  3.66545e-04  1.00000e+00  1.75915e-02  1.76136e-02
9.580644125e-01  1.7651498e-02  3.66852e-04  1.00000e+00  1.76193e-02  1.76414e-02
9.583837673e-01  1.7668725e-02  3.67102e-04  1.00000e+00  1.76415e-02  1.76636e-02
9.587032285e-01  1.7690936e-02  3.67337e-04  1.00000e+00  1.76623e-02  1.76845e-02
9.590227963e-01  1.7722922e-02  3.67606e-04  1.00000e+00  1.76866e-02  1.77088e-02
9.593424706e-01  1.7766608e-02  3.67952e-04  1.00000e+00  1.77182e-02  1.77405e-02
9.596622514e-01  1.7820510e-02  3.68394e-04  1.00000e+00  1.77591e-02  1.77815e-02
9.599821388e-01  1.7880348e-02  3.68926e-04  1.00000e+00  1.78086e-02  1.78311e-02
9.603021328e-01  1.7940529e-02  3.69518e-04  1.00000e+00  1.78636e-02  1.78862e-02
9.606222335e-01  1.7995867e-02  3.70126e-04  1.00000e+00  1.79198e-02  1.79425e-02
9.609424410e-01  1.8042982e-02  3.70706e-04  1.00000e+00  1.79729e-02  1.79958e-02
9.612627551e-01  1.8080930e-02  3.71229e-04  1.00000e+00  1.80199e-02  1.80429e-02
9.615831760e-01  1.8110946e-02  3.71680e-04  1.00000e+00  1.80596e-02  1.80827e-02
9.619037038e-01  1.8135589e-02  3.72062e-04  1.00000e+00  1.80924e-02  1.81157e-02
9.622243383e-01  1.8157706e-02  3.72392e-04  1.00000e+00  1.81201e-02  1.81436e-02
9.625450798e-01  1.8179624e-02  3.72690e-04  1.00000e+00  1.81450e-02  1.81686e-02
9.628659281e-01  1.8202843e-02  3.72973e-04  1.00000e+00  1.81690e-02  1.81926e-02
9.631868834e-01  1.8228166e-02  3.73257e-04  1.00000e+00  1.81935e-02  1.82173e-02
9.635079457e-01  1.8256029e-02  3.73551e-04  1.00000e+00  1.82195e-02  1.82433e-02
9.638291150e-01  1.8286773e-02  3.73861e-04  1.00000e+00  1.82475e-02  1.82714e-02
9.641503914e-01  1.8320713e-02  3.74194e-04  1.00000e+00  1.82781e-02  1.83020e-02
9.644717749e-01  1.8358070e-02  3.74554e-04  1.00000e+00  1.83115e-02  1.83355e-02
9.647932655e-01  1.8398928e-02  3.74945e-04  1.00000e+00  1.83480e-02  1.83720e-02
9.651148632e-01  1.8443317e-02  3.75368e-04  1.00000e+00  1.83878e-02  1.84119e-02
9.654365682e-01  1.8491377e-02  3.75826e-04  1.00000e+00  1.84311e-02  1.84553e-02
9.657583804e-01  1.8543450e-02  3.76319e-04  1.00000e+00  1.84780e-02  1.85023e-02
9.660802998e-01  1.8599953e-02  3.76852e-04  1.00000e+00  1.85289e-02  1.85532e-02
9.664023266e-01  1.8661044e-02  3.77427e-04  1.00000e+00  1.85840e-02  1.86084e-02
9.667244607e-01  1.8726206e-02  3.78045e-04  1.00000e+00  1.86434e-02  1.86678e-02
9.670467022e-01  1.8794000e-02  3.78702e-04  1.00000e+00  1.87065e-02  1.87310e-02
9.673690511e-01  1.8862115e-02  3.79385e-04  1.00000e+00  1.87721e-02  1.87968e-02
9.676915074e-01  1.8927736e-02  3.80075e-04  1.00000e+00  1.88383e-02  1.88631e-02
9.680140713e-01  1.8988052e-02  3.80747e-04  1.00000e+00  1.89027e-02  1.89276e-02
9.683367426e-01  1.9040762e-02  3.81377e-04  1.00000e+00  1.89628e-02  1.89879e-02
9.686595216e-01  1.9084372e-02  3.81941e-04  1.00000e+00  1.90165e-02  1.90417e-02
9.689824081e-01  1.9118280e-02  3.82426e-04  1.00000e+00  1.90622e-02  1.90875e-02
9.693054022e-01  1.9142629e-02  3.82820e-04  1.00000e+00  1.90990e-02  1.91244e-02
9.696285040e-01  1.9158046e-02  3.83123e-04  1.00000e+00  1.91270e-02  1.91524e-02
9.699517135e-01  1.9165360e-02  3.83337e-04  1.00000e+00  1.91462e-02  1.91717e-02
9.702750307e-01  1.9165357e-02  3.83466e-04  1.00000e+00  1.91574e-02  1.91829e-02
9.705984557e-01  1.9158664e-02  3.83517e-04  1.00000e+00  1.91611e-02  1.91866e-02
9.709219886e-01  1.9145736e-02  3.83495e-04  1.00000e+00  1.91578e-02  1.91833e-02
9.712456292e-01  1.9126951e-02  3.83406e-04  1.00000e+00  1.91479e-02  1.91734e-02
9.715693778e-01  1.9102753e-02  3.83254e-04  1.00000e+00  1.91318e-02  1.91572e-02
9.718932342e-01  1.9073813e-02  3.83048e-04  1.00000e+00  1.91099e-02  1.91352e-02
9.722171986e-01  1.9041161e-02  3.82795e-04  1.00000e+00  1.90829e-02  1.91082e-02
9.725412710e-01  1.9006254e-02  3.82507e-04  1.00000e+00  1.90519e-02  1.90771e-02
9.728654515e-01  1.8970947e-02  3.82198e-04  1.00000e+00  1.90182e-02  1.90434e-02
9.731897399e-01  1.8937368e-02  3.81886e-04  1.00000e+00  1.89837e-02  1.90089e-02
9.735141365e-01  1.8907706e-02  3.81591e-04  1.00000e+00  1.89504e-02  1.89756e-02
9.738386412e-01  1.8883953e-02  3.81331e-04  1.00000e+00  1.89204e-02  1.89457e-02
9.741632541e-01  1.8867720e-02  3.81124e-04  1.00000e+00  1.88957e-02  1.89210e-02
9.744879752e-01  1.8860111e-02  3.80986e-04  1.00000e+00  1.88779e-02  1.89032e-02
9.748128045e-01  1.8861673e-02  3.80927e-04  1.00000e+00  1.88680e-02  1.88935e-02
9.751377421e-01  1.8872359e-02  3.80954e-04  1.00000e+00  1.88669e-02  1.88924e-02
9.754627880e-01  1.8891447e-02  3.81067e-04  1.00000e+00  1.88744e-02  1.89000e-02
9.757879423e-01  1.8917452e-02  3.81260e-04  1.00000e+00  1.88900e-02  1.89157e-02
9.761132050e-01  1.8948117e-02  3.81522e-04  1.00000e+00  1.89125e-02  1.89383e-02
9.764385760e-01  1.8980600e-02  3.81834e-04  1.00000e+00  1.89399e-02  1.89658e-02
9.767640555e-01  1.9011906e-02  3.82169e-04  1.00000e+00  1.89698e-02  1.89957e-02
9.770896436e-01  1.9039483e-02  3.82502e-04  1.00000e+00  1.89994e-02  1.90255e-02
9.774153401e-01  1.9061791e-02  3.82810e-04  1.00000e+00  1.90265e-02  1.90527e-02
9.777411452e-01  1.9078650e-02  3.83076e-04  1.00000e+00  1.90496e-02  1.90759e-02
9.780670589e-01  1.9091244e-02  3.83297e-04  1.00000e+00  1.90682e-02  1.90945e-02
9.783930813e-01  1.9101761e-02  3.83480e-04  1.00000e+00  1.90830e-02  1.91095e-02
9.787192123e-01  1.9112812e-02  3.83640e-04  1.00000e+00  1.90957e-02  1.91222e-02
9.790454521e-01  1.9126778e-02  3.83798e-04  1.00000e+00  1.91084e-02  1.91350e-02
9.793718005e-01  1.9145255e-02  3.83975e-04  1.00000e+00  1.91232e-02  1.91498e-02
9.796982578e-01  1.9168717e-02  3.84185e-04  1.00000e+00  1.91414e-02  1.91680e-02
9.800248239e-01  1.9196452e-02  3.84435e-04  1.00000e+00  1.91636e-02  1.91904e-02
9.803514988e-01  1.9226790e-02  3.84721e-04  1.00000e+00  1.91896e-02  1.92164e-02
9.806782827e-01  1.9257549e-02  3.85032e-04  1.00000e+00  1.92180e-02  1.92449e-02
9.810051754e-01  1.9286595e-02  3.85351e-04  1.00000e+00  1.92471e-02  1.92741e-02
9.813321772e-01  1.9312329e-02  3.85661e-04  1.00000e+00  1.92752e-02  1.93023e-02
9.816592879e-01  1.9333995e-02  3.85948e-04  1.00000e+00  1.93008e-02  1.93280e-02
9.819865076e-01  1.9351691e-02  3.86205e-04  1.00000e+00  1.93230e-02  1.93503e-02
9.823138365e-01  1.9366147e-02  3.86429e-04  1.00000e+00  1.93417e-02  1.93691e-02
9.826412744e-01  1.9378360e-02  3.86625e-04  1.00000e+00  1.93574e-02  1.93849e-02
9.829688215e-01  1.9389261e-02  3.86800e-04  1.00000e+00  1.93707e-02  1.93982e-02
9.832964778e-01  1.9399509e-02  3.86961e-04  1.00000e+00  1.93823e-02  1.94100e-02
9.836242433e-01  1.9409443e-02  3.87115e-04  1.00000e+00  1.93929e-02  1.94208e-02
9.839521180e-01  1.9419164e-02  3.87266e-04  1.00000e+00  1.94029e-02  1.94309e-02
9.842801021e-01  1.9428646e-02  3.87415e-04  1.00000e+00  1.94126e-02  1.94407e-02
9.846081954e-01  1.9437809e-02  3.87563e-04  1.00000e+00  1.94218e-02  1.94501e-02
9.849363982e-01  1.9446542e-02  3.87711e-04  1.00000e+00  1.94308e-02  1.94593e-02
9.852647103e-01  1.9454692e-02  3.87855e-04  1.00000e+00  1.94395e-02  1.94681e-02
9.855931319e-01  1.9462070e-02  3.87996e-04  1.00000e+00  1.94476e-02  1.94764e-02
9.859216629e-01  1.9468483e-02  3.88130e-04  1.00000e+00  1.94551e-02  1.94840e-02
9.862503035e-01  1.9473795e-02  3.88255e-04  1.00000e+00  1.94617e-02  1.94908e-02
9.865790536e-01  1.9477969e-02  3.88370e-04  1.00000e+00  1.94674e-02  1.94967e-02
9.869079133e-01  1.9481079e-02  3.88475e-04  1.00000e+00  1.94720e-02  1.95014e-02
9.872368826e-01  1.9483270e-02  3.88569e-04  1.00000e+00  1.94755e-02  1.95052e-02
9.875659615e-01  1.9484705e-02  3.88653e-04  1.00000e+00  1.94782e-02  1.95080e-02
9.878951502e-01  1.9485516e-02  3.88730e-04  1.00000e+00  1.94800e-02  1.95100e-02
9.882244486e-01  1.9485802e-02  3.88800e-04  1.00000e+00  1.94812e-02  1.95113e-02
9.885538567e-01  1.9485645e-02  3.88864e-04  1.00000e+00  1.94818e-02  1.95121e-02
9.888833747e-01  1.9485144e-02  3.88922e-04  1.00000e+00  1.94821e-02  1.95124e-02
9.892130025e-01  1.9484431e-02  3.88976e-04  1.00000e+00  1.94819e-02  1.95125e-02
9.895427401e-01  1.9483658e-02  3.89026e-04  1.00000e+00  1.94816e-02  1.95123e-02
9.898725877e-01  1.9482969e-02  3.89073e-04  1.00000e+00  1.94812e-02  1.95120e-02
9.902025452e-01  1.9482469e-02  3.89118e-04  1.00000e+00  1.94809e-02  1.95118e-02
9.905326127e-01  1.9482214e-02  3.89163e-04  1.00000e+00  1.94807e-02  1.95117e-02
9.908627903e-01  1.9482225e-02  3.89208e-04  1.00000e+00  1.94807e-02  1.95118e-02
9.911930779e-01  1.9482524e-02  3.89253e-04  1.00000e+00  1.94810e-02  1.95122e-02
9.915234756e-01  1.9483149e-02  3.89298e-04  1.00000e+00  1.94815e-02  1.95128e-02
9.918539834e-01  1.9484163e-02  3.89344e-04  1.00000e+00  1.94824e-02  1.95138e-02
9.921846014e-01  1.9485616e-02  3.89390e-04  1.00000e+00  1.94837e-02  1.95152e-02
9.925153296e-01  1.9487509e-02  3.89438e-04  1.00000e+00  1.94854e-02  1.95169e-02
9.928461680e-01  1.9489755e-02  3.89488e-04  1.00000e+00  1.94874e-02  1.95189e-02
9.931771168e-01  1.9492183e-02  3.89540e-04  1.00000e+00  1.94895e-02  1.95211e-02
9.935081758e-01  1.9494564e-02  3.89593e-04  1.00000e+00  1.94917e-02  1.95234e-02
9.938393452e-01  1.9496667e-02  3.89647e-04  1.00000e+00  1.94938e-02  1.95255e-02
9.941706250e-01  1.9498311e-02  3.89702e-04  1.00000e+00  1.94955e-02  1.95272e-02
9.945020152e-01  1.9499393e-02  3.89756e-04  1.00000e+00  1.94968e-02  1.95286e-02
9.948335159e-01  1.9499892e-02  3.89808e-04  1.00000e+00  1.94976e-02  1.95295e-02
9.951651270e-01  1.9499842e-02  3.89857e-04  1.00000e+00  1.94979e-02  1.95299e-02
9.954968487e-01  1.9499305e-02  3.89904e-04  1.00000e+00  1.94978e-02  1.95299e-02
9.958286810e-01  1.9498348e-02  3.89948e-04  1.00000e+00  1.94972e-02  1.95294e-02
9.961606239e-01  1.9497037e-02  3.89990e-04  1.00000e+00  1.94962e-02  1.95285e-02
9.964926775e-01  1.9495444e-02  3.90030e-04  1.00000e+00  1.94948e-02  1.95274e-02
9.968248417e-01  1.9493657e-02  3.90068e-04  1.00000e+00  1.94933e-02  1.95259e-02
9.971571166e-01  1.9491776e-02  3.90105e-04  1.00000e+00  1.94916e-02  1.95244e-02
9.974895023e-01  1.9489909e-02  3.90141e-04  1.00000e+00  1.94899e-02  1.95228e-02
9.978219988e-01  1.9488143e-02  3.90175e-04  1.00000e+00  1.94883e-02  1.95213e-02
9.981546062e-01  1.9486526e-02  3.90208e-04  1.00000e+00  1.94868e-02  1.95200e-02
9.984873244e-01  1.9485043e-02  3.90241e-04  1.00000e+00  1.94854e-02  1.95187e-02
9.988201535e-01  1.9483624e-02  3.90272e-04  1.00000e+00  1.94842e-02  1.95176e-02
9.991530935e-01  1.9482163e-02  3.90302e-04  1.00000e+00  1.94829e-02  1.95164e-02
9.994861446e-01  1.9480558e-02  3.90331e-04  1.00000e+00  1.94815e-02  1.95151e-02
9.998193066e-01  1.9478756e-02  3.90358e-04  1.00000e+00  1.94800e-02  1.95136e-02
1.000152580e+00  1.9476790e-02  3.90383e-04  1.00000e+00  1.94782e-02  1.95120e-02
1.000485964e+00  1.9474791e-02  3.90408e-04  1.00000e+00  1.94764e-02  1.95102e-02
1.000819459e+00  1.9472966e-02  3.90431e-04  1.00000e+00  1.94745e-02  1.95085e-02
1.001153066e+00  1.9471548e-02  3.90456e-04  1.00000e+00  1.94729e-02  1.95069e-02
1.001486783e+00  1.9470719e-02  3.90482e-04  1.00000e+00  1.94716e-02  1.95057e-02
1.001820612e+00  1.9470552e-02  3.90513e-04  1.00000e+00  1.94709e-02  1.95050e-02
1.002154553e+00  1.9470973e-02  3.90548e-04  1.00000e+00  1.94706e-02  1.95048e-02
1.002488604e+00  1.9471774e-02  3.90588e-04  1.00000e+00  1.94707e-02  1.95051e-02
1.002822767e+00  1.9472677e-02  3.90633e-04  1.00000e+00  1.94711e-02  1.95055e-02
1.003157041e+00  1.9473409e-02  3.90681e-04  1.00000e+00  1.94715e-02  1.95060e-02
1.003491427e+00  1.9473783e-02  3.90730e-04  1.00000e+00  1.94717e-02  1.95064e-02
1.003825924e+00  1.9473739e-02  3.90780e-04  1.00000e+00  1.94717e-02  1.95065e-02
1.004160533e+00  1.9473332e-02  3.90830e-04  1.00000e+00  1.94715e-02  1.95064e-02
1.004495253e+00  1.9472692e-02  3.90878e-04  1.00000e+00  1.94711e-02  1.95061e-02
1.004830085e+00  1.9471947e-02  3.90924e-04  1.00000e+00  1.94706e-02  1.95057e-02
1.005165028e+00  1.9471166e-02  3.90969e-04  1.00000e+00  1.94701e-02  1.95053e-02
1.005500083e+00  1.9470325e-02  3.91011e-04  1.00000e+00  1.94695e-02  1.95049e-02
1.005835250e+00  1.9469313e-02  3.91051e-04  1.00000e+00  1.94689e-02  1.95043e-02
1.006170528e+00  1.9467974e-02  3.91089e-04  1.00000e+00  1.94679e-02  1.95035e-02
1.006505918e+00  1.9466159e-02  3.91123e-04  1.00000e+00  1.94666e-02  1.95023e-02
1.006841420e+00  1.9463782e-02  3.91154e-04  1.00000e+00  1.94647e-02  1.95005e-02
1.007177034e+00  1.9460860e-02  3.91182e-04  1.00000e+00  1.94622e-02  1.94982e-02
1.007512760e+00  1.9457523e-02  3.91207e-04  1.00000e+00  1.94593e-02  1.94953e-02
1.007848597e+00  1.9453998e-02  3.91230e-04  1.00000e+00  1.94559e-02  1.94921e-02
1.008184547e+00  1.9450572e-02  3.91253e-04  1.00000e+00  1.94523e-02  1.94887e-02
1.008520608e+00  1.9447541e-02  3.91278e-04  1.00000e+00  1.94489e-02  1.94854e-02
1.008856782e+00  1.9445147e-02  3.91306e-04  1.00000e+00  1.94459e-02  1.94826e-02
1.009193067e+00  1.9443537e-02  3.91339e-04  1.00000e+00  1.94436e-02  1.94803e-02
1.009529465e+00  1.9442724e-02  3.91378e-04  1.00000e+00  1.94419e-02  1.94788e-02
1.009865975e+00  1.9442597e-02  3.91423e-04  1.00000e+00  1.94411e-02  1.94781e-02
1.010202597e+00  1.9442941e-02  3.91473e-04  1.00000e+00  1.94408e-02  1.94780e-02
1.010539331e+00  1.9443498e-02  3.91525e-04  1.00000e+00  1.94411e-02  1.94784e-02
1.010876178e+00  1.9444027e-02  3.91579e-04  1.00000e+00  1.94415e-02  1.94789e-02
1.011213136e+00  1.9444352e-02  3.91634e-04  1.00000e+00  1.94419e-02  1.94794e-02
1.011550207e+00  1.9444393e-02  3.91687e-04  1.00000e+00  1.94421e-02  1.94798e-02
1.011887391e+00  1.9444159e-02  3.91739e-04  1.00000e+00  1.94422e-02  1.94799e-02
1.012224687e+00  1.9443723e-02  3.91789e-04  1.00000e+00  1.94420e-02  1.94799e-02
1.012562095e+00  1.9443173e-02  3.91837e-04  1.00000e+00  1.94417e-02  1.94797e-02
1.012899615e+00  1.9442582e-02  3.91883e-04  1.00000e+00  1.94413e-02  1.94795e-02
1.013237249e+00  1.9441975e-02  3.91928e-04  1.00000e+00  1.94409e-02  1.94792e-02
1.013574994e+00  1.9441336e-02  3.91972e-04  1.00000e+00  1.94404e-02  1.94788e-02
1.013912853e+00  1.9440630e-02  3.92015e-04  1.00000e+00  1.94399e-02  1.94784e-02
1.014250824e+00  1.9439834e-02  3.92056e-04  1.00000e+00  1.94392e-02  1.94779e-02
1.014588907e+00  1.9438964e-02  3.92097e-04  1.00000e+00  1.94384e-02  1.94772e-02
1.014927104e+00  1.9438089e-02  3.92138e-04  1.00000e+00  1.94376e-02  1.94765e-02
1.015265413e+00  1.9437309e-02  3.92178e-04  1.00000e+00  1.94368e-02  1.94758e-02
1.015603834e+00  1.9436724e-02  3.92218e-04  1.00000e+00  1.94363e-02  1.94754e-02
1.015942369e+00  1.9436386e-02  3.92258e-04  1.00000e+00  1.94359e-02  1.94751e-02
1.016281017e+00  1.9436276e-02  3.92298e-04  1.00000e+00  1.94359e-02  1.94752e-02
1.016619777e+00  1.9436296e-02  3.92338e-04  1.00000e+00  1.94360e-02  1.94753e-02
1.016958650e+00  1.9436299e-02  3.92376e-04  1.00000e+00  1.94361e-02  1.94755e-02
1.017297636e+00  1.9436134e-02  3.92414e-04  1.00000e+00  1.94361e-02  1.94756e-02
1.017636736e+00  1.9435694e-02  3.92451e-04  1.00000e+00  1.94358e-02  1.94753e-02
1.017975948e+00  1.9434947e-02  3.92487e-04  1.00000e+00  1.94351e-02  1.94748e-02
1.018315273e+00  1.9433934e-02  3.92523e-04  1.00000e+00  1.94341e-02  1.94739e-02
1.018654712e+00  1.9432748e-02  3.92559e-04  1.00000e+00  1.94329e-02  1.94727e-02
1.018994263e+00  1.9431494e-02  3.92596e-04  1.00000e+00  1.94315e-02  1.94714e-02
1.019333928e+00  1.9430253e-02  3.92635e-04  1.00000e+00  1.94300e-02  1.94701e-02
1.019673706e+00  1.9429064e-02  3.92674e-04  1.00000e+00  1.94287e-02  1.94689e-02
1.020013597e+00  1.9427930e-02  3.92715e-04  1.00000e+00  1.94274e-02  1.94678e-02
1.020353602e+00  1.9426829e-02  3.92756e-04  1.00000e+00  1.94263e-02  1.94668e-02
1.020693719e+00  1.9425740e-02  3.92797e-04  1.00000e+00  1.94253e-02  1.94660e-02
1.021033951e+00  1.9424650e-02  3.92837e-04  1.00000e+00  1.94245e-02  1.94652e-02
1.021374295e+00  1.9423560e-02  3.92875e-04  1.00000e+00  1.94236e-02  1.94645e-02
1.021714753e+00  1.9422482e-02  3.92911e-04  1.00000e+00  1.94228e-02  1.94638e-02
1.022055325e+00  1.9421438e-02  3.92946e-04  1.00000e+00  1.94220e-02  1.94630e-02
1.022396010e+00  1.9420457e-02  3.92979e-04  1.00000e+00  1.94210e-02  1.94622e-02
1.022736809e+00  1.9419572e-02  3.93013e-04  1.00000e+00  1.94201e-02  1.94613e-02
1.023077721e+00  1.9418814e-02  3.93048e-04  1.00000e+00  1.94190e-02  1.94604e-02
1.023418747e+00  1.9418200e-02  3.93086e-04  1.00000e+00  1.94181e-02  1.94595e-02
1.023759887e+00  1.9417719e-02  3.93126e-04  1.00000e+00  1.94171e-02  1.94588e-02
1.024101140e+00  1.9417327e-02  3.93170e-04  1.00000e+00  1.94163e-02  1.94581e-02
1.024442507e+00  1.9416950e-02  3.93216e-04  1.00000e+00  1.94157e-02  1.94576e-02
1.024783988e+00  1.9416501e-02  3.93264e-04  1.00000e+00  1.94151e-02  1.94571e-02
1.025125582e+00  1.9415897e-02  3.93313e-04  1.00000e+00  1.94145e-02  1.94566e-02
1.025467291e+00  1.9415085e-02  3.93361e-04  1.00000e+00  1.94138e-02  1.94561e-02
1.025809113e+00  1.9414048e-02  3.93407e-04  1.00000e+00  1.94130e-02  1.94554e-02
1.026151050e+00  1.9412808e-02  3.93453e-04  1.00000e+00  1.94119e-02  1.94546e-02
1.026493100e+00  1.9411416e-02  3.93497e-04  1.00000e+00  1.94107e-02  1.94535e-02
1.026835264e+00  1.9409935e-02  3.93540e-04  1.00000e+00  1.94093e-02  1.94523e-02
1.027177543e+00  1.9408425e-02  3.93582e-04  1.00000e+00  1.94078e-02  1.94509e-02
1.027519935e+00  1.9406930e-02  3.93625e-04  1.00000e+00  1.94063e-02  1.94495e-02
1.027862442e+00  1.9405478e-02  3.93669e-04  1.00000e+00  1.94047e-02  1.94481e-02
1.028205063e+00  1.9404086e-02  3.93713e-04  1.00000e+00  1.94032e-02  1.94468e-02
1.028547798e+00  1.9402762e-02  3.93758e-04  1.00000e+00  1.94018e-02  1.94455e-02
1.028890647e+00  1.9401521e-02  3.93804e-04  1.00000e+00  1.94005e-02  1.94444e-02
1.029233611e+00  1.9400379e-02  3.93850e-04  1.00000e+00  1.93994e-02  1.94434e-02
1.029576689e+00  1.9399355e-02  3.93896e-04  1.00000e+00  1.93984e-02  1.94426e-02
1.029919881e+00  1.9398454e-02  3.93942e-04  1.00000e+00  1.93976e-02  1.94419e-02
1.030263187e+00  1.9397665e-02  3.93986e-04  1.00000e+00  1.93969e-02  1.94414e-02
1.030606609e+00  1.9396949e-02  3.94031e-04  1.00000e+00  1.93962e-02  1.94409e-02
1.030950144e+00  1.9396244e-02  3.94074e-04  1.00000e+00  1.93956e-02  1.94404e-02
1.031293794e+00  1.9395478e-02  3.94117e-04  1.00000e+00  1.93949e-02  1.94398e-02
1.031637559e+00  1.9394580e-02  3.94160e-04  1.00000e+00  1.93940e-02  1.94390e-02
1.031981438e+00  1.9393501e-02  3.94203e-04  1.00000e+00  1.93930e-02  1.94381e-02
1.032325432e+00  1.9392225e-02  3.94246e-04  1.00000e+00  1.93917e-02  1.94370e-02
1.032669540e+00  1.9390777e-02  3.94289e-04  1.00000e+00  1.93903e-02  1.94358e-02
1.033013763e+00  1.9389210e-02  3.94331e-04  1.00000e+00  1.93888e-02  1.94344e-02
1.033358101e+00  1.9387593e-02  3.94374e-04  1.00000e+00  1.93872e-02  1.94330e-02
1.033702554e+00  1.9385985e-02  3.94416e-04  1.00000e+00  1.93857e-02  1.94316e-02
1.034047121e+00  1.9384416e-02  3.94457e-04  1.00000e+00  1.93842e-02  1.94302e-02
1.034391804e+00  1.9382878e-02  3.94497e-04  1.00000e+00  1.93828e-02  1.94290e-02
1.034736601e+00  1.9381329e-02  3.94537e-04  1.00000e+00  1.93813e-02  1.94276e-02
1.035081513e+00  1.9379715e-02  3.94577e-04  1.00000e+00  1.93798e-02  1.94263e-02
1.035426540e+00  1.9378002e-02  3.94615e-04  1.00000e+00  1.93782e-02  1.94248e-02
1.035771683e+00  1.9376195e-02  3.94653e-04  1.00000e+00  1.93764e-02  1.94232e-02
1.036116940e+00  1.9374354e-02  3.94692e-04  1.00000e+00  1.93746e-02  1.94215e-02
1.036462312e+00  1.9372577e-02  3.94730e-04  1.00000e+00  1.93727e-02  1.94198e-02
1.036807800e+00  1.9370972e-02  3.94769e-04  1.00000e+00  1.93711e-02  1.94183e-02
1.037153402e+00  1.9369612e-02  3.94808e-04  1.00000e+00  1.93696e-02  1.94169e-02
1.037499120e+00  1.9368511e-02  3.94848e-04  1.00000e+00  1.93684e-02  1.94159e-02
1.037844953e+00  1.9367603e-02  3.94889e-04  1.00000e+00  1.93674e-02  1.94150e-02
1.038190901e+00  1.9366762e-02  3.94930e-04  1.00000e+00  1.93666e-02  1.94143e-02
1.038536965e+00  1.9365830e-02  3.94971e-04  1.00000e+00  1.93657e-02  1.94135e-02
1.038883144e+00  1.9364654e-02  3.95011e-04  1.00000e+00  1.93646e-02  1.94126e-02
1.039229438e+00  1.9363117e-02  3.95050e-04  1.00000e+00  1.93633e-02  1.94114e-02
1.039575848e+00  1.9361156e-02  3.95088e-04  1.00000e+00  1.93617e-02  1.94100e-02
1.039922374e+00  1.9358761e-02  3.95122e-04  1.00000e+00  1.93598e-02  1.94082e-02
1.040269014e+00  1.9355965e-02  3.95152e-04  1.00000e+00  1.93576e-02  1.94061e-02
1.040615771e+00  1.9352828e-02  3.95178e-04  1.00000e+00  1.93552e-02  1.94039e-02
1.040962643e+00  1.9349431e-02  3.95198e-04  1.00000e+00  1.93526e-02  1.94013e-02
1.041309630e+00  1.9345865e-02  3.95213e-04  1.00000e+00  1.93498e-02  1.93986e-02
1.041656733e+00  1.9342226e-02  3.95223e-04  1.00000e+00  1.93468e-02  1.93957e-02
1.042003952e+00  1.9338604e-02  3.95228e-04  1.00000e+00  1.93437e-02  1.93926e-02
1.042351287e+00  1.9335071e-02  3.95231e-04  1.00000e+00  1.93404e-02  1.93894e-02
1.042698737e+00  1.9331673e-02  3.95233e-04  1.00000e+00  1.93369e-02  1.93861e-02
1.043046304e+00  1.9328419e-02  3.95237e-04  1.00000e+00  1.93334e-02  1.93826e-02
1.043393986e+00  1.9325288e-02  3.95243e-04  1.00000e+00  1.93299e-02  1.93791e-02
1.043741784e+00  1.9322240e-02  3.95252e-04  1.00000e+00  1.93263e-02  1.93757e-02
1.044089698e+00  1.9319231e-02  3.95266e-04  1.00000e+00  1.93227e-02  1.93722e-02
1.044437727e+00  1.9316235e-02  3.95283e-04  1.00000e+00  1.93193e-02  1.93689e-02
1.044785873e+00  1.9313251e-02  3.95303e-04  1.00000e+00  1.93159e-02  1.93657e-02
1.045134135e+00  1.9310303e-02  3.95326e-04  1.00000e+00  1.93127e-02  1.93626e-02
1.045482513e+00  1.9307425e-02  3.95350e-04  1.00000e+00  1.93096e-02  1.93597e-02
1.045831008e+00  1.9304646e-02  3.95375e-04  1.00000e+00  1.93068e-02  1.93570e-02
1.046179618e+00  1.9301973e-02  3.95401e-04  1.00000e+00  1.93042e-02  1.93545e-02
1.046528344e+00  1.9299371e-02  3.95425e-04  1.00000e+00  1.93017e-02  1.93521e-02
1.046877187e+00  1.9296775e-02  3.95448e-04  1.00000e+00  1.92994e-02  1.93499e-02
1.047226146e+00  1.9294095e-02  3.95469e-04  1.00000e+00  1.92969e-02  1.93475e-02
1.047575222e+00  1.9291244e-02  3.95489e-04  1.00000e+00  1.92943e-02  1.93450e-02
1.047924413e+00  1.9288166e-02  3.95507e-04  1.00000e+00  1.92915e-02  1.93423e-02
1.048273722e+00  1.9284860e-02  3.95524e-04  1.00000e+00  1.92883e-02  1.93392e-02
1.048623146e+00  1.9281375e-02  3.95540e-04  1.00000e+00  1.92849e-02  1.93359e-02
1.048972687e+00  1.9277810e-02  3.95556e-04  1.00000e+00  1.92812e-02  1.93324e-02
1.049322345e+00  1.9274275e-02  3.95574e-04  1.00000e+00  1.92775e-02  1.93288e-02
1.049672119e+00  1.9270871e-02  3.95592e-04  1.00000e+00  1.92739e-02  1.93254e-02
1.050022010e+00  1.9267664e-02  3.95613e-04  1.00000e+00  1.92705e-02  1.93221e-02
1.050372017e+00  1.9264674e-02  3.95635e-04  1.00000e+00  1.92673e-02  1.93190e-02
1.050722141e+00  1.9261884e-02  3.95658e-04  1.00000e+00  1.92644e-02  1.93162e-02
1.051072382e+00  1.9259253e-02  3.95681e-04  1.00000e+00  1.92617e-02  1.93137e-02
1.051422739e+00  1.9256722e-02  3.95705e-04  1.00000e+00  1.92592e-02  1.93113e-02
1.051773213e+00  1.9254227e-02  3.95729e-04  1.00000e+00  1.92567e-02  1.93089e-02
1.052123804e+00  1.9251699e-02  3.95752e-04  1.00000e+00  1.92543e-02  1.93066e-02
1.052474512e+00  1.9249069e-02  3.95774e-04  1.00000e+00  1.92517e-02  1.93041e-02
1.052825337e+00  1.9246264e-02  3.95797e-04  1.00000e+00  1.92490e-02  1.93015e-02
1.053176279e+00  1.9243224e-02  3.95818e-04  1.00000e+00  1.92460e-02  1.92987e-02
1.053527338e+00  1.9239904e-02  3.95839e-04  1.00000e+00  1.92428e-02  1.92956e-02
1.053878513e+00  1.9236296e-02  3.95860e-04  1.00000e+00  1.92393e-02  1.92922e-02
1.054229806e+00  1.9232427e-02  3.95879e-04  1.00000e+00  1.92356e-02  1.92886e-02
1.054581216e+00  1.9228363e-02  3.95898e-04  1.00000e+00  1.92317e-02  1.92849e-02
1.054932743e+00  1.9224202e-02  3.95915e-04  1.00000e+00  1.92277e-02  1.92810e-02
1.055284388e+00  1.9220059e-02  3.95931e-04  1.00000e+00  1.92238e-02  1.92772e-02
1.055636149e+00  1.9216050e-02  3.95946e-04  1.00000e+00  1.92200e-02  1.92735e-02
1.055988028e+00  1.9212267e-02  3.95959e-04  1.00000e+00  1.92164e-02  1.92701e-02
1.056340024e+00  1.9208762e-02  3.95970e-04  1.00000e+00  1.92131e-02  1.92668e-02
1.056692137e+00  1.9205531e-02  3.95980e-04  1.00000e+00  1.92100e-02  1.92638e-02
1.057044368e+00  1.9202509e-02  3.95989e-04  1.00000e+00  1.92071e-02  1.92610e-02
1.057396716e+00  1.9199579e-02  3.95997e-04  1.00000e+00  1.92043e-02  1.92583e-02
1.057749182e+00  1.9196588e-02  3.96005e-04  1.00000e+00  1.92014e-02  1.92554e-02
1.058101765e+00  1.9193384e-02  3.96012e-04  1.00000e+00  1.91983e-02  1.92524e-02
1.058454465e+00  1.9189845e-02  3.96018e-04  1.00000e+00  1.91948e-02  1.92490e-02
1.058807283e+00  1.9185904e-02  3.96025e-04  1.00000e+00  1.91909e-02  1.92452e-02
1.059160219e+00  1.9181562e-02  3.96032e-04  1.00000e+00  1.91865e-02  1.92409e-02
1.059513272e+00  1.9176882e-02  3.96038e-04  1.00000e+00  1.91819e-02  1.92364e-02
1.059866444e+00  1.9171971e-02  3.96045e-04  1.00000e+00  1.91770e-02  1.92317e-02
1.060219732e+00  1.9166959e-02  3.96051e-04  1.00000e+00  1.91720e-02  1.92268e-02
1.060573139e+00  1.9161974e-02  3.96057e-04  1.00000e+00  1.91670e-02  1.92220e-02
1.060926663e+00  1.9157125e-02  3.96063e-04  1.00000e+00  1.91622e-02  1.92173e-02
1.061280306e+00  1.9152493e-02  3.96069e-04  1.00000e+00  1.91576e-02  1.92128e-02
1.061634066e+00  1.9148129e-02  3.96075e-04  1.00000e+00  1.91532e-02  1.92085e-02
1.061987944e+00  1.9144069e-02  3.96082e-04  1.00000e+00  1.91490e-02  1.92045e-02
1.062341940e+00  1.9140339e-02  3.96089e-04  1.00000e+00  1.91451e-02  1.92007e-02
1.062696054e+00  1.9136976e-02  3.96098e-04  1.00000e+00  1.91415e-02  1.91972e-02
1.063050286e+00  1.9134027e-02  3.96109e-04  1.00000e+00  1.91382e-02  1.91940e-02
1.063404636e+00  1.9131548e-02  3.96123e-04  1.00000e+00  1.91353e-02  1.91911e-02
1.063759104e+00  1.9129592e-02  3.96140e-04  1.00000e+00  1.91328e-02  1.91887e-02
1.064113690e+00  1.9128189e-02  3.96162e-04  1.00000e+00  1.91307e-02  1.91868e-02
1.064468395e+00  1.9127335e-02  3.96189e-04  1.00000e+00  1.91292e-02  1.91853e-02
1.064823218e+00  1.9126989e-02  3.96221e-04  1.00000e+00  1.91281e-02  1.91843e-02
1.065178159e+00  1.9127085e-02  3.96258e-04  1.00000e+00  1.91274e-02  1.91837e-02
1.065533218e+00  1.9127558e-02  3.96301e-04  1.00000e+00  1.91271e-02  1.91835e-02
1.065888396e+00  1.9128365e-02  3.96350e-04  1.00000e+00  1.91272e-02  1.91837e-02
1.066243692e+00  1.9129501e-02  3.96403e-04  1.00000e+00  1.91277e-02  1.91843e-02
1.066599107e+00  1.9131004e-02  3.96461e-04  1.00000e+00  1.91285e-02  1.91853e-02
1.066954640e+00  1.9132943e-02  3.96524e-04  1.00000e+00  1.91298e-02  1.91867e-02
1.067310291e+00  1.9135386e-02  3.96592e-04  1.00000e+00  1.91315e-02  1.91885e-02
1.067666061e+00  1.9138389e-02  3.96665e-04  1.00000e+00  1.91338e-02  1.91909e-02
1.068021950e+00  1.9141970e-02  3.96744e-04  1.00000e+00  1.91366e-02  1.91939e-02
1.068377957e+00  1.9146111e-02  3.96827e-04  1.00000e+00  1.91400e-02  1.91974e-02
1.068734083e+00  1.9150755e-02  3.96916e-04  1.00000e+00  1.91440e-02  1.92015e-02
1.069090328e+00  1.9155816e-02  3.97009e-04  1.00000e+00  1.91486e-02  1.92062e-02
1.069446691e+00  1.9161181e-02  3.97105e-04  1.00000e+00  1.91536e-02  1.92114e-02
1.069803174e+00  1.9166711e-02  3.97202e-04  1.00000e+00  1.91591e-02  1.92169e-02
1.070159775e+00  1.9172249e-02  3.97300e-04  1.00000e+00  1.91647e-02  1.92226e-02
1.070516495e+00  1.9177626e-02  3.97396e-04  1.00000e+00  1.91703e-02  1.92283e-02
1.070873333e+00  1.9182679e-02  3.97490e-04  1.00000e+00  1.91757e-02  1.92338e-02
1.071230291e+00  1.9187281e-02  3.97582e-04  1.00000e+00  1.91807e-02  1.92389e-02
1.071587368e+00  1.9191358e-02  3.97670e-04  1.00000e+00  1.91853e-02  1.92435e-02
1.071944564e+00  1.9194908e-02  3.97756e-04  1.00000e+00  1.91893e-02  1.92476e-02
1.072301879e+00  1.9198006e-02  3.97838e-04  1.00000e+00  1.91928e-02  1.92512e-02
1.072659313e+00  1.9200793e-02  3.97917e-04  1.00000e+00  1.91960e-02  1.92545e-02
1.073016866e+00  1.9203445e-02  3.97994e-04  1.00000e+00  1.91990e-02  1.92576e-02
1.073374538e+00  1.9206136e-02  3.98068e-04  1.00000e+00  1.92020e-02  1.92606e-02
1.073732329e+00  1.9208996e-02  3.98140e-04  1.00000e+00  1.92050e-02  1.92638e-02
1.074090240e+00  1.9212072e-02  3.98211e-04  1.00000e+00  1.92083e-02  1.92670e-02
1.074448270e+00  1.9215316e-02  3.98282e-04  1.00000e+00  1.92116e-02  1.92705e-02
1.074806420e+00  1.9218597e-02  3.98351e-04  1.00000e+00  1.92151e-02  1.92739e-02
1.075164689e+00  1.9221741e-02  3.98419e-04  1.00000e+00  1.92184e-02  1.92774e-02
1.075523077e+00  1.9224583e-02  3.98486e-04  1.00000e+00  1.92215e-02  1.92806e-02
1.075881584e+00  1.9227010e-02  3.98550e-04  1.00000e+00  1.92243e-02  1.92835e-02
1.076240212e+00  1.9228972e-02  3.98612e-04  1.00000e+00  1.92266e-02  1.92859e-02
1.076598958e+00  1.9230461e-02  3.98672e-04  1.00000e+00  1.92283e-02  1.92878e-02
1.076957825e+00  1.9231466e-02  3.98731e-04  1.00000e+00  1.92295e-02  1.92892e-02
1.077316811e+00  1.9231944e-02  3.98788e-04  1.00000e+00  1.92302e-02  1.92900e-02
1.077675916e+00  1.9231823e-02  3.98843e-04  1.00000e+00  1.92304e-02  1.92903e-02
1.078035142e+00  1.9231047e-02  3.98897e-04  1.00000e+00  1.92300e-02  1.92901e-02
1.078394487e+00  1.9229657e-02  3.98946e-04  1.00000e+00  1.92292e-02  1.92895e-02
1.078753951e+00  1.9227851e-02  3.98992e-04  1.00000e+00  1.92280e-02  1.92884e-02
1.079113536e+00  1.9225990e-02  3.99033e-04  1.00000e+00  1.92266e-02  1.92872e-02
1.079473241e+00  1.9224530e-02  3.99072e-04  1.00000e+00  1.92254e-02  1.92860e-02
1.079833065e+00  1.9223894e-02  3.99111e-04  1.00000e+00  1.92245e-02  1.92853e-02
1.080193009e+00  1.9224325e-02  3.99153e-04  1.00000e+00  1.92244e-02  1.92852e-02
1.080553074e+00  1.9225795e-02  3.99200e-04  1.00000e+00  1.92251e-02  1.92860e-02
1.080913258e+00  1.9227993e-02  3.99252e-04  1.00000e+00  1.92266e-02  1.92876e-02
1.081273563e+00  1.9230419e-02  3.99307e-04  1.00000e+00  1.92288e-02  1.92897e-02
1.081633987e+00  1.9232527e-02  3.99362e-04  1.00000e+00  1.92311e-02  1.92921e-02
1.081994532e+00  1.9233882e-02  3.99414e-04  1.00000e+00  1.92333e-02  1.92942e-02
1.082355197e+00  1.9234250e-02  3.99459e-04  1.00000e+00  1.92349e-02  1.92958e-02
1.082715982e+00  1.9233620e-02  3.99494e-04  1.00000e+00  1.92358e-02  1.92967e-02
1.083076887e+00  1.9232148e-02  3.99517e-04  1.00000e+00  1.92359e-02  1.92969e-02
1.083437913e+00  1.9230099e-02  3.99529e-04  1.00000e+00  1.92355e-02  1.92964e-02
1.083799059e+00  1.9227806e-02  3.99530e-04  1.00000e+00  1.92346e-02  1.92954e-02
1.084160325e+00  1.9225684e-02  3.99521e-04  1.00000e+00  1.92336e-02  1.92943e-02
1.084521712e+00  1.9224266e-02  3.99507e-04  1.00000e+00  1.92327e-02  1.92933e-02
1.084883219e+00  1.9224207e-02  3.99491e-04  1.00000e+00  1.92324e-02  1.92929e-02
1.085244847e+00  1.9226204e-02  3.99480e-04  1.00000e+00  1.92331e-02  1.92935e-02
1.085606595e+00  1.9230831e-02  3.99482e-04  1.00000e+00  1.92355e-02  1.92957e-02
1.085968464e+00  1.9238328e-02  3.99502e-04  1.00000e+00  1.92400e-02  1.93000e-02
1.086330453e+00  1.9248455e-02  3.99544e-04  1.00000e+00  1.92469e-02  1.93067e-02
1.086692563e+00  1.9260463e-02  3.99609e-04  1.00000e+00  1.92561e-02  1.93156e-02
1.087054794e+00  1.9273246e-02  3.99690e-04  1.00000e+00  1.92672e-02  1.93264e-02
1.087417146e+00  1.9285611e-02  3.99779e-04  1.00000e+00  1.92793e-02  1.93382e-02
1.087779618e+00  1.9296578e-02  3.99864e-04  1.00000e+00  1.92915e-02  1.93501e-02
1.088142211e+00  1.9305608e-02  3.99936e-04  1.00000e+00  1.93028e-02  1.93612e-02
1.088504926e+00  1.9312659e-02  3.99990e-04  1.00000e+00  1.93128e-02  1.93707e-02
1.088867761e+00  1.9318091e-02  4.00023e-04  1.00000e+00  1.93210e-02  1.93786e-02
1.089230716e+00  1.9322447e-02  4.00037e-04  1.00000e+00  1.93276e-02  1.93848e-02
1.089593793e+00  1.9326223e-02  4.00038e-04  1.00000e+00  1.93330e-02  1.93897e-02
1.089956991e+00  1.9329724e-02  4.00030e-04  1.00000e+00  1.93374e-02  1.93937e-02
1.090320310e+00  1.9333044e-02  4.00017e-04  1.00000e+00  1.93412e-02  1.93972e-02
1.090683750e+00  1.9336180e-02  4.00001e-04  1.00000e+00  1.93448e-02  1.94003e-02
1.091047312e+00  1.9339180e-02  3.99982e-04  1.00000e+00  1.93481e-02  1.94031e-02
1.091410994e+00  1.9342235e-02  3.99962e-04  1.00000e+00  1.93512e-02  1.94059e-02
1.091774798e+00  1.9345650e-02  3.99942e-04  1.00000e+00  1.93545e-02  1.94087e-02
1.092138723e+00  1.9349701e-02  3.99925e-04  1.00000e+00  1.93579e-02  1.94117e-02
1.092502769e+00  1.9354447e-02  3.99913e-04  1.00000e+00  1.93617e-02  1.94150e-02
1.092866936e+00  1.9359639e-02  3.99909e-04  1.00000e+00  1.93658e-02  1.94187e-02
1.093231225e+00  1.9364747e-02  3.99912e-04  1.00000e+00  1.93700e-02  1.94226e-02
1.093595636e+00  1.9369157e-02  3.99921e-04  1.00000e+00  1.93740e-02  1.94262e-02
1.093960168e+00  1.9372388e-02  3.99931e-04  1.00000e+00  1.93772e-02  1.94292e-02
1.094324821e+00  1.9374232e-02  3.99940e-04  1.00000e+00  1.93793e-02  1.94310e-02
1.094689596e+00  1.9374727e-02  3.99948e-04  1.00000e+00  1.93801e-02  1.94317e-02
1.095054493e+00  1.9373985e-02  3.99953e-04  1.00000e+00  1.93797e-02  1.94311e-02
1.095419511e+00  1.9371950e-02  3.99957e-04  1.00000e+00  1.93780e-02  1.94293e-02
1.095784651e+00  1.9368257e-02  3.99958e-04  1.00000e+00  1.93750e-02  1.94264e-02
1.096149912e+00  1.9362250e-02  3.99950e-04  1.00000e+00  1.93706e-02  1.94220e-02
1.096515295e+00  1.9353188e-02  3.99928e-04  1.00000e+00  1.93643e-02  1.94157e-02
1.096880801e+00  1.9340538e-02  3.99882e-04  1.00000e+00  1.93555e-02  1.94070e-02
1.097246428e+00  1.9324265e-02  3.99806e-04  1.00000e+00  1.93438e-02  1.93954e-02
1.097612176e+00  1.9304969e-02  3.99696e-04  1.00000e+00  1.93292e-02  1.93808e-02
1.097978047e+00  1.9283835e-02  3.99554e-04  1.00000e+00  1.93120e-02  1.93636e-02
1.098344040e+00  1.9262406e-02  3.99389e-04  1.00000e+00  1.92930e-02  1.93446e-02
1.098710154e+00  1.9242256e-02  3.99213e-04  1.00000e+00  1.92734e-02  1.93248e-02
1.099076391e+00  1.9224641e-02  3.99040e-04  1.00000e+00  1.92542e-02  1.93057e-02
1.099442750e+00  1.9210248e-02  3.98884e-04  1.00000e+00  1.92368e-02  1.92881e-02
1.099809231e+00  1.9199093e-02  3.98753e-04  1.00000e+00  1.92216e-02  1.92729e-02
1.100175834e+00  1.9190595e-02  3.98652e-04  1.00000e+00  1.92090e-02  1.92602e-02
1.100542559e+00  1.9183803e-02  3.98580e-04  1.00000e+00  1.91986e-02  1.92499e-02
1.100909407e+00  1.9177677e-02  3.98529e-04  1.00000e+00  1.91900e-02  1.92413e-02
1.101276377e+00  1.9171337e-02  3.98493e-04  1.00000e+00  1.91823e-02  1.92337e-02
1.101643469e+00  1.9164200e-02  3.98462e-04  1.00000e+00  1.91747e-02  1.92262e-02
1.102010683e+00  1.9155966e-02  3.98433e-04  1.00000e+00  1.91668e-02  1.92184e-02
1.102378020e+00  1.9146526e-02  3.98399e-04  1.00000e+00  1.91581e-02  1.92099e-02
1.102745479e+00  1.9135848e-02  3.98359e-04  1.00000e+00  1.91485e-02  1.92004e-02
1.103113061e+00  1.9123902e-02  3.98310e-04  1.00000e+00  1.91379e-02  1.91899e-02
1.103480766e+00  1.9110693e-02  3.98250e-04  1.00000e+00  1.91263e-02  1.91785e-02
1.103848592e+00  1.9096317e-02  3.98179e-04  1.00000e+00  1.91138e-02  1.91660e-02
1.104216542e+00  1.9081020e-02  3.98094e-04  1.00000e+00  1.91003e-02  1.91527e-02
1.104584614e+00  1.9065204e-02  3.97995e-04  1.00000e+00  1.90863e-02  1.91387e-02
1.104952809e+00  1.9049316e-02  3.97885e-04  1.00000e+00  1.90717e-02  1.91242e-02
1.105321127e+00  1.9033705e-02  3.97767e-04  1.00000e+00  1.90571e-02  1.91095e-02
1.105689567e+00  1.9018450e-02  3.97643e-04  1.00000e+00  1.90424e-02  1.90948e-02
1.106058130e+00  1.9003302e-02  3.97515e-04  1.00000e+00  1.90278e-02  1.90801e-02
1.106426816e+00  1.8987691e-02  3.97382e-04  1.00000e+00  1.90129e-02  1.90652e-02
1.106795625e+00  1.8970860e-02  3.97242e-04  1.00000e+00  1.89975e-02  1.90497e-02
1.107164557e+00  1.8951969e-02  3.97088e-04  1.00000e+00  1.89810e-02  1.90331e-02
1.107533612e+00  1.8930153e-02  3.96914e-04  1.00000e+00  1.89625e-02  1.90145e-02
1.107902790e+00  1.8904488e-02  3.96711e-04  1.00000e+00  1.89415e-02  1.89934e-02
1.108272091e+00  1.8873927e-02  3.96469e-04  1.00000e+00  1.89170e-02  1.89687e-02
1.108641515e+00  1.8837242e-02  3.96179e-04  1.00000e+00  1.88878e-02  1.89394e-02
1.109011062e+00  1.8793092e-02  3.95827e-04  1.00000e+00  1.88529e-02  1.89042e-02
1.109380732e+00  1.8740206e-02  3.95403e-04  1.00000e+00  1.88108e-02  1.88620e-02
1.109750526e+00  1.8677492e-02  3.94895e-04  1.00000e+00  1.87603e-02  1.88113e-02
1.110120443e+00  1.8604084e-02  3.94292e-04  1.00000e+00  1.87004e-02  1.87511e-02
1.110490483e+00  1.8519324e-02  3.93587e-04  1.00000e+00  1.86300e-02  1.86806e-02
1.110860646e+00  1.8422683e-02  3.92773e-04  1.00000e+00  1.85487e-02  1.85990e-02
1.111230933e+00  1.8313816e-02  3.91842e-04  1.00000e+00  1.84558e-02  1.85060e-02
1.111601344e+00  1.8192525e-02  3.90788e-04  1.00000e+00  1.83512e-02  1.84012e-02
1.111971877e+00  1.8058735e-02  3.89606e-04  1.00000e+00  1.82346e-02  1.82843e-02
1.112342535e+00  1.7912194e-02  3.88292e-04  1.00000e+00  1.81059e-02  1.81554e-02
1.112713315e+00  1.7752038e-02  3.86836e-04  1.00000e+00  1.79646e-02  1.80138e-02
1.113084220e+00  1.7576627e-02  3.85228e-04  1.00000e+00  1.78099e-02  1.78586e-02
1.113455248e+00  1.7383967e-02  3.83450e-04  1.00000e+00  1.76402e-02  1.76885e-02
1.113826400e+00  1.7172882e-02  3.81482e-04  1.00000e+00  1.74540e-02  1.75018e-02
1.114197675e+00  1.6944857e-02  3.79314e-04  1.00000e+00  1.72505e-02  1.72978e-02
1.114569074e+00  1.6705541e-02  3.76959e-04  1.00000e+00  1.70313e-02  1.70780e-02
1.114940597e+00  1.6465286e-02  3.74467e-04  1.00000e+00  1.68011e-02  1.68473e-02
1.115312244e+00  1.6237819e-02  3.71934e-04  1.00000e+00  1.65688e-02  1.66143e-02
1.115684015e+00  1.6037334e-02  3.69486e-04  1.00000e+00  1.63458e-02  1.63907e-02
1.116055910e+00  1.5874714e-02  3.67261e-04  1.00000e+00  1.61443e-02  1.61886e-02
1.116427928e+00  1.5754462e-02  3.65376e-04  1.00000e+00  1.59740e-02  1.60178e-02
1.116800071e+00  1.5673393e-02  3.63893e-04  1.00000e+00  1.58400e-02  1.58834e-02
1.117172338e+00  1.5621630e-02  3.62806e-04  1.00000e+00  1.57412e-02  1.57844e-02
1.117544728e+00  1.5585495e-02  3.62042e-04  1.00000e+00  1.56711e-02  1.57141e-02
1.117917243e+00  1.5550947e-02  3.61483e-04  1.00000e+00  1.56191e-02  1.56619e-02
1.118289882e+00  1.5506322e-02  3.60998e-04  1.00000e+00  1.55735e-02  1.56163e-02
1.118662646e+00  1.5443463e-02  3.60464e-04  1.00000e+00  1.55236e-02  1.55663e-02
1.119035533e+00  1.5357520e-02  3.59783e-04  1.00000e+00  1.54609e-02  1.55034e-02
1.119408545e+00  1.5246260e-02  3.58886e-04  1.00000e+00  1.53794e-02  1.54217e-02
1.119781681e+00  1.5109895e-02  3.57734e-04  1.00000e+00  1.52757e-02  1.53178e-02
1.120154942e+00  1.4951831e-02  3.56316e-04  1.00000e+00  1.51491e-02  1.51909e-02
1.120528327e+00  1.4779795e-02  3.54657e-04  1.00000e+00  1.50022e-02  1.50437e-02
1.120901836e+00  1.4606264e-02  3.52831e-04  1.00000e+00  1.48414e-02  1.48825e-02
1.121275470e+00  1.4447102e-02  3.50957e-04  1.00000e+00  1.46773e-02  1.47181e-02
1.121649229e+00  1.4318178e-02  3.49193e-04  1.00000e+00  1.45233e-02  1.45638e-02
1.122023112e+00  1.4230998e-02  3.47703e-04  1.00000e+00  1.43930e-02  1.44332e-02
1.122397120e+00  1.4188969e-02  3.46615e-04  1.00000e+00  1.42968e-02  1.43369e-02
1.122771252e+00  1.4186228e-02  3.45986e-04  1.00000e+00  1.42390e-02  1.42791e-02
1.123145509e+00  1.4209735e-02  3.45783e-04  1.00000e+00  1.42168e-02  1.42570e-02
1.123519891e+00  1.4244006e-02  3.45900e-04  1.00000e+00  1.42212e-02  1.42615e-02
1.123894397e+00  1.4276619e-02  3.46196e-04  1.00000e+00  1.42406e-02  1.42811e-02
1.124269029e+00  1.4302144e-02  3.46550e-04  1.00000e+00  1.42648e-02  1.43055e-02
1.124643785e+00  1.4322877e-02  3.46892e-04  1.00000e+00  1.42882e-02  1.43291e-02
1.125018667e+00  1.4346307e-02  3.47222e-04  1.00000e+00  1.43107e-02  1.43518e-02
1.125393673e+00  1.4380760e-02  3.47589e-04  1.00000e+00  1.43366e-02  1.43778e-02
1.125768804e+00  1.4431349e-02  3.48058e-04  1.00000e+00  1.43712e-02  1.44126e-02
1.126144060e+00  1.4498224e-02  3.48676e-04  1.00000e+00  1.44187e-02  1.44603e-02
1.126519442e+00  1.4577710e-02  3.49451e-04  1.00000e+00  1.44799e-02  1.45217e-02
1.126894948e+00  1.4665441e-02  3.50361e-04  1.00000e+00  1.45531e-02  1.45952e-02
1.127270580e+00  1.4759849e-02  3.51375e-04  1.00000e+00  1.46358e-02  1.46781e-02
1.127646337e+00  1.4864186e-02  3.52484e-04  1.00000e+00  1.47272e-02  1.47698e-02
1.128022219e+00  1.4985901e-02  3.53716e-04  1.00000e+00  1.48300e-02  1.48728e-02
1.128398226e+00  1.5133568e-02  3.55134e-04  1.00000e+00  1.49493e-02  1.49924e-02
1.128774359e+00  1.5312378e-02  3.56811e-04  1.00000e+00  1.50916e-02  1.51350e-02
1.129150617e+00  1.5519468e-02  3.58787e-04  1.00000e+00  1.52606e-02  1.53043e-02
1.129527000e+00  1.5740830e-02  3.61029e-04  1.00000e+00  1.54536e-02  1.54978e-02
1.129903509e+00  1.5950834e-02  3.63400e-04  1.00000e+00  1.56591e-02  1.57038e-02
1.130280144e+00  1.6115012e-02  3.65659e-04  1.00000e+00  1.58559e-02  1.59011e-02
1.130656904e+00  1.6195780e-02  3.67477e-04  1.00000e+00  1.60150e-02  1.60605e-02
1.131033790e+00  1.6160118e-02  3.68495e-04  1.00000e+00  1.61040e-02  1.61496e-02
1.131410801e+00  1.5987706e-02  3.68384e-04  1.00000e+00  1.60933e-02  1.61387e-02
1.131787938e+00  1.5677551e-02  3.66917e-04  1.00000e+00  1.59631e-02  1.60080e-02
1.132165201e+00  1.5251644e-02  3.64029e-04  1.00000e+00  1.57093e-02  1.57533e-02
1.132542589e+00  1.4754435e-02  3.59862e-04  1.00000e+00  1.53471e-02  1.53899e-02
1.132920103e+00  1.4247778e-02  3.54782e-04  1.00000e+00  1.49116e-02  1.49529e-02
1.133297743e+00  1.3801693e-02  3.49360e-04  1.00000e+00  1.44538e-02  1.44936e-02
1.133675509e+00  1.3482589e-02  3.44312e-04  1.00000e+00  1.40340e-02  1.40724e-02
1.134053401e+00  1.3340958e-02  3.40387e-04  1.00000e+00  1.37117e-02  1.37489e-02
1.134431419e+00  1.3401647e-02  3.38219e-04  1.00000e+00  1.35351e-02  1.35715e-02
1.134809563e+00  1.3659042e-02  3.38194e-04  1.00000e+00  1.35326e-02  1.35686e-02
1.135187832e+00  1.4078784e-02  3.40350e-04  1.00000e+00  1.37073e-02  1.37433e-02
1.135566228e+00  1.4605630e-02  3.44381e-04  1.00000e+00  1.40374e-02  1.40739e-02
1.135944750e+00  1.5175345e-02  3.49725e-04  1.00000e+00  1.44812e-02  1.45183e-02
1.136323399e+00  1.5727319e-02  3.55705e-04  1.00000e+00  1.49860e-02  1.50240e-02
1.136702173e+00  1.6214580e-02  3.61676e-04  1.00000e+00  1.54986e-02  1.55374e-02
1.137081074e+00  1.6609010e-02  3.67127e-04  1.00000e+00  1.59739e-02  1.60134e-02
1.137460101e+00  1.6901267e-02  3.71729e-04  1.00000e+00  1.63806e-02  1.64205e-02
1.137839254e+00  1.7096878e-02  3.75339e-04  1.00000e+00  1.67025e-02  1.67429e-02
1.138218534e+00  1.7210537e-02  3.77958e-04  1.00000e+00  1.69375e-02  1.69781e-02
1.138597940e+00  1.7260806e-02  3.79690e-04  1.00000e+00  1.70929e-02  1.71336e-02
1.138977473e+00  1.7266379e-02  3.80694e-04  1.00000e+00  1.71819e-02  1.72227e-02
1.139357132e+00  1.7244114e-02  3.81147e-04  1.00000e+00  1.72201e-02  1.72610e-02
1.139736918e+00  1.7207906e-02  3.81220e-04  1.00000e+00  1.72230e-02  1.72640e-02
1.140116830e+00  1.7167781e-02  3.81066e-04  1.00000e+00  1.72041e-02  1.72453e-02
1.140496869e+00  1.7128793e-02  3.80799e-04  1.00000e+00  1.71740e-02  1.72156e-02
1.140877035e+00  1.7090082e-02  3.80489e-04  1.00000e+00  1.71390e-02  1.71811e-02
1.141257327e+00  1.7044938e-02  3.80145e-04  1.00000e+00  1.71002e-02  1.71429e-02
1.141637746e+00  1.6982546e-02  3.79721e-04  1.00000e+00  1.70536e-02  1.70969e-02
1.142018292e+00  1.6891226e-02  3.79128e-04  1.00000e+00  1.69914e-02  1.70352e-02
1.142398965e+00  1.6762605e-02  3.78261e-04  1.00000e+00  1.69044e-02  1.69488e-02
1.142779764e+00  1.6595079e-02  3.77041e-04  1.00000e+00  1.67858e-02  1.68306e-02
1.143160691e+00  1.6395457e-02  3.75437e-04  1.00000e+00  1.66335e-02  1.66785e-02
1.143541744e+00  1.6178148e-02  3.73496e-04  1.00000e+00  1.64519e-02  1.64970e-02
1.143922925e+00  1.5962263e-02  3.71335e-04  1.00000e+00  1.62520e-02  1.62971e-02
1.144304233e+00  1.5767713e-02  3.69126e-04  1.00000e+00  1.60493e-02  1.60943e-02
1.144685667e+00  1.5611663e-02  3.67062e-04  1.00000e+00  1.58607e-02  1.59057e-02
1.145067229e+00  1.5506050e-02  3.65326e-04  1.00000e+00  1.57020e-02  1.57469e-02
1.145448918e+00  1.5456616e-02  3.64065e-04  1.00000e+00  1.55854e-02  1.56304e-02
1.145830735e+00  1.5462777e-02  3.63366e-04  1.00000e+00  1.55181e-02  1.55632e-02
1.146212678e+00  1.5518227e-02  3.63253e-04  1.00000e+00  1.55017e-02  1.55471e-02
1.146594749e+00  1.5611954e-02  3.63683e-04  1.00000e+00  1.55326e-02  1.55784e-02
1.146976947e+00  1.5729819e-02  3.64560e-04  1.00000e+00  1.56025e-02  1.56487e-02
1.147359273e+00  1.5856811e-02  3.65748e-04  1.00000e+00  1.56998e-02  1.57466e-02
1.147741726e+00  1.5979741e-02  3.67095e-04  1.00000e+00  1.58116e-02  1.58589e-02
1.148124307e+00  1.6089583e-02  3.68462e-04  1.00000e+00  1.59260e-02  1.59738e-02
1.148507015e+00  1.6182669e-02  3.69746e-04  1.00000e+00  1.60339e-02  1.60821e-02
1.148889851e+00  1.6260094e-02  3.70890e-04  1.00000e+00  1.61303e-02  1.61789e-02
1.149272814e+00  1.6325800e-02  3.71884e-04  1.00000e+00  1.62142e-02  1.62631e-02
1.149655905e+00  1.6384089e-02  3.72745e-04  1.00000e+00  1.62871e-02  1.63363e-02
1.150039123e+00  1.6437907e-02  3.73505e-04  1.00000e+00  1.63518e-02  1.64012e-02
1.150422470e+00  1.6488497e-02  3.74190e-04  1.00000e+00  1.64106e-02  1.64601e-02
1.150805944e+00  1.6536348e-02  3.74818e-04  1.00000e+00  1.64648e-02  1.65145e-02
1.151189546e+00  1.6582659e-02  3.75403e-04  1.00000e+00  1.65155e-02  1.65653e-02
1.151573276e+00  1.6630320e-02  3.75964e-04  1.00000e+00  1.65642e-02  1.66141e-02
1.151957133e+00  1.6683748e-02  3.76534e-04  1.00000e+00  1.66137e-02  1.66637e-02
1.152341119e+00  1.6747760e-02  3.77158e-04  1.00000e+00  1.66675e-02  1.67176e-02
1.152725233e+00  1.6825994e-02  3.77882e-04  1.00000e+00  1.67297e-02  1.67801e-02
1.153109475e+00  1.6919722e-02  3.78744e-04  1.00000e+00  1.68036e-02  1.68543e-02
1.153493844e+00  1.7027502e-02  3.79762e-04  1.00000e+00  1.68908e-02  1.69419e-02
1.153878342e+00  1.7145668e-02  3.80928e-04  1.00000e+00  1.69908e-02  1.70423e-02
1.154262969e+00  1.7269339e-02  3.82212e-04  1.00000e+00  1.71013e-02  1.71533e-02
1.154647723e+00  1.7393439e-02  3.83570e-04  1.00000e+00  1.72185e-02  1.72711e-02
1.155032605e+00  1.7513475e-02  3.84952e-04  1.00000e+00  1.73383e-02  1.73914e-02
1.155417616e+00  1.7625914e-02  3.86310e-04  1.00000e+00  1.74563e-02  1.75099e-02
1.155802756e+00  1.7728361e-02  3.87604e-04  1.00000e+00  1.75689e-02  1.76231e-02
1.156188023e+00  1.7819611e-02  3.88804e-04  1.00000e+00  1.76735e-02  1.77282e-02
1.156573419e+00  1.7899659e-02  3.89896e-04  1.00000e+00  1.77684e-02  1.78235e-02
1.156958944e+00  1.7969650e-02  3.90874e-04  1.00000e+00  1.78529e-02  1.79085e-02
1.157344597e+00  1.8031696e-02  3.91748e-04  1.00000e+00  1.79278e-02  1.79838e-02
1.157730378e+00  1.8088531e-02  3.92534e-04  1.00000e+00  1.79947e-02  1.80511e-02
1.158116288e+00  1.8143115e-02  3.93256e-04  1.00000e+00  1.80558e-02  1.81126e-02
1.158502327e+00  1.8198229e-02  3.93942e-04  1.00000e+00  1.81139e-02  1.81710e-02
1.158888494e+00  1.8256168e-02  3.94616e-04  1.00000e+00  1.81716e-02  1.82290e-02
1.159274791e+00  1.8318564e-02  3.95303e-04  1.00000e+00  1.82309e-02  1.82886e-02
1.159661216e+00  1.8386267e-02  3.96018e-04  1.00000e+00  1.82935e-02  1.83515e-02
1.160047769e+00  1.8459266e-02  3.96774e-04  1.00000e+00  1.83604e-02  1.84187e-02
1.160434452e+00  1.8536657e-02  3.97575e-04  1.00000e+00  1.84317e-02  1.84903e-02
1.160821263e+00  1.8616626e-02  3.98415e-04  1.00000e+00  1.85069e-02  1.85657e-02
1.161208204e+00  1.8696583e-02  3.99281e-04  1.00000e+00  1.85843e-02  1.86435e-02
1.161595273e+00  1.8773353e-02  4.00153e-04  1.00000e+00  1.86621e-02  1.87216e-02
1.161982472e+00  1.8843562e-02  4.01001e-04  1.00000e+00  1.87375e-02  1.87973e-02
1.162369799e+00  1.8904082e-02  4.01795e-04  1.00000e+00  1.88076e-02  1.88678e-02
1.162757256e+00  1.8952556e-02  4.02503e-04  1.00000e+00  1.88696e-02  1.89301e-02
1.163144841e+00  1.8987889e-02  4.03101e-04  1.00000e+00  1.89214e-02  1.89822e-02
1.163532556e+00  1.9010599e-02  4.03575e-04  1.00000e+00  1.89615e-02  1.90226e-02
1.163920401e+00  1.9022889e-02  4.03925e-04  1.00000e+00  1.89901e-02  1.90513e-02
1.164308374e+00  1.9028388e-02  4.04167e-04  1.00000e+00  1.90085e-02  1.90700e-02
1.164696477e+00  1.9031506e-02  4.04332e-04  1.00000e+00  1.90197e-02  1.90813e-02
1.165084709e+00  1.9036605e-02  4.04458e-04  1.00000e+00  1.90272e-02  1.90889e-02
1.165473071e+00  1.9047112e-02  4.04587e-04  1.00000e+00  1.90348e-02  1.90966e-02
1.165861562e+00  1.9064881e-02  4.04752e-04  1.00000e+00  1.90456e-02  1.91075e-02
1.166250182e+00  1.9089950e-02  4.04974e-04  1.00000e+00  1.90619e-02  1.91239e-02
1.166638932e+00  1.9120755e-02  4.05261e-04  1.00000e+00  1.90842e-02  1.91464e-02
1.167027812e+00  1.9154684e-02  4.05603e-04  1.00000e+00  1.91117e-02  1.91741e-02
1.167416821e+00  1.9188801e-02  4.05979e-04  1.00000e+00  1.91427e-02  1.92053e-02
1.167805960e+00  1.9220486e-02  4.06366e-04  1.00000e+00  1.91747e-02  1.92375e-02
1.168195229e+00  1.9247846e-02  4.06740e-04  1.00000e+00  1.92054e-02  1.92684e-02
1.168584627e+00  1.9269807e-02  4.07081e-04  1.00000e+00  1.92329e-02  1.92960e-02
1.168974155e+00  1.9285967e-02  4.07377e-04  1.00000e+00  1.92558e-02  1.93192e-02
1.169363813e+00  1.9296284e-02  4.07622e-04  1.00000e+00  1.92735e-02  1.93371e-02
1.169753601e+00  1.9300774e-02  4.07813e-04  1.00000e+00  1.92857e-02  1.93495e-02
1.170143519e+00  1.9299351e-02  4.07948e-04  1.00000e+00  1.92923e-02  1.93562e-02
1.170533567e+00  1.9291834e-02  4.08024e-04  1.00000e+00  1.92931e-02  1.93573e-02
1.170923745e+00  1.9278209e-02  4.08039e-04  1.00000e+00  1.92881e-02  1.93525e-02
1.171314053e+00  1.9259009e-02  4.07992e-04  1.00000e+00  1.92775e-02  1.93420e-02
1.171704491e+00  1.9235694e-02  4.07885e-04  1.00000e+00  1.92618e-02  1.93264e-02
1.172095059e+00  1.9210824e-02  4.07731e-04  1.00000e+00  1.92423e-02  1.93068e-02
1.172485757e+00  1.9187860e-02  4.07550e-04  1.00000e+00  1.92209e-02  1.92854e-02
1.172876586e+00  1.9170531e-02  4.07373e-04  1.00000e+00  1.92007e-02  1.92651e-02
1.173267545e+00  1.9161914e-02  4.07233e-04  1.00000e+00  1.91845e-02  1.92488e-02
1.173658634e+00  1.9163472e-02  4.07161e-04  1.00000e+00  1.91750e-02  1.92392e-02
1.174049853e+00  1.9174435e-02  4.07174e-04  1.00000e+00  1.91737e-02  1.92378e-02
1.174441203e+00  1.9191822e-02  4.07273e-04  1.00000e+00  1.91802e-02  1.92443e-02
1.174832684e+00  1.9211144e-02  4.07438e-04  1.00000e+00  1.91925e-02  1.92566e-02
1.175224295e+00  1.9227664e-02  4.07636e-04  1.00000e+00  1.92072e-02  1.92714e-02
1.175616036e+00  1.9237751e-02  4.07829e-04  1.00000e+00  1.92206e-02  1.92849e-02
1.176007908e+00  1.9239890e-02  4.07984e-04  1.00000e+00  1.92296e-02  1.92941e-02
1.176399911e+00  1.9234946e-02  4.08085e-04  1.00000e+00  1.92326e-02  1.92973e-02
1.176792044e+00  1.9225601e-02  4.08132e-04  1.00000e+00  1.92299e-02  1.92948e-02
1.177184308e+00  1.9215183e-02  4.08142e-04  1.00000e+00  1.92232e-02  1.92883e-02
1.177576703e+00  1.9206330e-02  4.08136e-04  1.00000e+00  1.92149e-02  1.92802e-02
1.177969228e+00  1.9199981e-02  4.08133e-04  1.00000e+00  1.92071e-02  1.92727e-02
1.178361885e+00  1.9195079e-02  4.08143e-04  1.00000e+00  1.92007e-02  1.92665e-02
1.178754672e+00  1.9189048e-02  4.08157e-04  1.00000e+00  1.91952e-02  1.92612e-02
1.179147590e+00  1.9178881e-02  4.08157e-04  1.00000e+00  1.91887e-02  1.92548e-02
1.179540640e+00  1.9162423e-02  4.08119e-04  1.00000e+00  1.91789e-02  1.92451e-02
1.179933820e+00  1.9139405e-02  4.08026e-04  1.00000e+00  1.91641e-02  1.92304e-02
1.180327131e+00  1.9111852e-02  4.07876e-04  1.00000e+00  1.91438e-02  1.92101e-02
1.180720573e+00  1.9083695e-02  4.07685e-04  1.00000e+00  1.91193e-02  1.91858e-02
1.181114147e+00  1.9059710e-02  4.07485e-04  1.00000e+00  1.90937e-02  1.91603e-02
1.181507852e+00  1.9044161e-02  4.07317e-04  1.00000e+00  1.90708e-02  1.91375e-02
1.181901688e+00  1.9039645e-02  4.07219e-04  1.00000e+00  1.90543e-02  1.91212e-02
1.182295655e+00  1.9046527e-02  4.07218e-04  1.00000e+00  1.90469e-02  1.91140e-02
1.182689753e+00  1.9063132e-02  4.07321e-04  1.00000e+00  1.90494e-02  1.91168e-02
1.183083983e+00  1.9086458e-02  4.07518e-04  1.00000e+00  1.90612e-02  1.91289e-02
1.183478345e+00  1.9113047e-02  4.07786e-04  1.00000e+00  1.90800e-02  1.91480e-02
1.183872837e+00  1.9139604e-02  4.08094e-04  1.00000e+00  1.91033e-02  1.91714e-02
1.184267462e+00  1.9163241e-02  4.08411e-04  1.00000e+00  1.91278e-02  1.91962e-02
1.184662218e+00  1.9181481e-02  4.08708e-04  1.00000e+00  1.91508e-02  1.92194e-02
1.185057105e+00  1.9192332e-02  4.08958e-04  1.00000e+00  1.91697e-02  1.92384e-02
1.185452124e+00  1.9194615e-02  4.09141e-04  1.00000e+00  1.91824e-02  1.92511e-02
1.185847275e+00  1.9188513e-02  4.09244e-04  1.00000e+00  1.91876e-02  1.92564e-02
1.186242557e+00  1.9176019e-02  4.09269e-04  1.00000e+00  1.91853e-02  1.92541e-02
1.186637971e+00  1.9160939e-02  4.09232e-04  1.00000e+00  1.91769e-02  1.92457e-02
1.187033517e+00  1.9148236e-02  4.09163e-04  1.00000e+00  1.91656e-02  1.92344e-02
1.187429195e+00  1.9142836e-02  4.09106e-04  1.00000e+00  1.91554e-02  1.92242e-02
1.187825005e+00  1.9148304e-02  4.09105e-04  1.00000e+00  1.91503e-02  1.92192e-02
1.188220947e+00  1.9165883e-02  4.09195e-04  1.00000e+00  1.91537e-02  1.92227e-02
1.188617020e+00  1.9194236e-02  4.09391e-04  1.00000e+00  1.91671e-02  1.92361e-02
1.189013226e+00  1.9229957e-02  4.09690e-04  1.00000e+00  1.91898e-02  1.92591e-02
1.189409564e+00  1.9268598e-02  4.10069e-04  1.00000e+00  1.92198e-02  1.92893e-02
1.189806033e+00  1.9305792e-02  4.10492e-04  1.00000e+00  1.92535e-02  1.93233e-02
1.190202635e+00  1.9338130e-02  4.10922e-04  1.00000e+00  1.92873e-02  1.93575e-02
1.190599370e+00  1.9363582e-02  4.11327e-04  1.00000e+00  1.93182e-02  1.93888e-02
1.190996236e+00  1.9381499e-02  4.11684e-04  1.00000e+00  1.93439e-02  1.94149e-02
1.191393235e+00  1.9392341e-02  4.11981e-04  1.00000e+00  1.93635e-02  1.94349e-02
1.191790366e+00  1.9397297e-02  4.12216e-04  1.00000e+00  1.93767e-02  1.94486e-02
1.192187629e+00  1.9397925e-02  4.12395e-04  1.00000e+00  1.93845e-02  1.94568e-02
1.192585025e+00  1.9395847e-02  4.12528e-04  1.00000e+00  1.93879e-02  1.94606e-02
1.192982554e+00  1.9392504e-02  4.12629e-04  1.00000e+00  1.93883e-02  1.94614e-02
1.193380214e+00  1.9388961e-02  4.12707e-04  1.00000e+00  1.93871e-02  1.94605e-02
1.193778008e+00  1.9385776e-02  4.12773e-04  1.00000e+00  1.93851e-02  1.94589e-02
1.194175934e+00  1.9382956e-02  4.12831e-04  1.00000e+00  1.93832e-02  1.94572e-02
1.194573993e+00  1.9379992e-02  4.12884e-04  1.00000e+00  1.93812e-02  1.94554e-02
1.194972184e+00  1.9376003e-02  4.12927e-04  1.00000e+00  1.93788e-02  1.94532e-02
1.195370508e+00  1.9369958e-02  4.12955e-04  1.00000e+00  1.93755e-02  1.94500e-02
1.195768965e+00  1.9360952e-02  4.12960e-04  1.00000e+00  1.93702e-02  1.94448e-02
1.196167554e+00  1.9348517e-02  4.12935e-04  1.00000e+00  1.93622e-02  1.94369e-02
1.196566277e+00  1.9332852e-02  4.12877e-04  1.00000e+00  1.93511e-02  1.94259e-02
1.196965132e+00  1.9314912e-02  4.12789e-04  1.00000e+00  1.93371e-02  1.94119e-02
1.197364121e+00  1.9296292e-02  4.12677e-04  1.00000e+00  1.93207e-02  1.93956e-02
1.197763242e+00  1.9278854e-02  4.12557e-04  1.00000e+00  1.93034e-02  1.93784e-02
1.198162497e+00  1.9264220e-02  4.12443e-04  1.00000e+00  1.92867e-02  1.93617e-02
1.198561884e+00  1.9253253e-02  4.12351e-04  1.00000e+00  1.92718e-02  1.93470e-02
1.198961405e+00  1.9245710e-02  4.12291e-04  1.00000e+00  1.92598e-02  1.93351e-02
1.199361058e+00  1.9240184e-02  4.12261e-04  1.00000e+00  1.92505e-02  1.93259e-02
1.199760845e+00  1.9234370e-02  4.12251e-04  1.00000e+00  1.92430e-02  1.93186e-02
1.200160766e+00  1.9225573e-02  4.12244e-04  1.00000e+00  1.92355e-02  1.93114e-02
1.200560819e+00  1.9211359e-02  4.12215e-04  1.00000e+00  1.92260e-02  1.93020e-02
1.200961006e+00  1.9190206e-02  4.12143e-04  1.00000e+00  1.92122e-02  1.92884e-02
1.201361327e+00  1.9162048e-02  4.12011e-04  1.00000e+00  1.91929e-02  1.92693e-02
1.201761780e+00  1.9128576e-02  4.11816e-04  1.00000e+00  1.91676e-02  1.92441e-02
1.202162368e+00  1.9093207e-02  4.11571e-04  1.00000e+00  1.91375e-02  1.92142e-02
1.202563088e+00  1.9060584e-02  4.11303e-04  1.00000e+00  1.91053e-02  1.91820e-02
1.202963943e+00  1.9035664e-02  4.11054e-04  1.00000e+00  1.90746e-02  1.91515e-02
1.203364931e+00  1.9022536e-02  4.10868e-04  1.00000e+00  1.90497e-02  1.91267e-02
1.203766052e+00  1.9023328e-02  4.10784e-04  1.00000e+00  1.90342e-02  1.91115e-02
1.204167308e+00  1.9037574e-02  4.10826e-04  1.00000e+00  1.90304e-02  1.91080e-02
1.204568697e+00  1.9062306e-02  4.10995e-04  1.00000e+00  1.90386e-02  1.91165e-02
1.204970220e+00  1.9092884e-02  4.11271e-04  1.00000e+00  1.90570e-02  1.91352e-02
1.205371876e+00  1.9124265e-02  4.11614e-04  1.00000e+00  1.90821e-02  1.91607e-02
1.205773667e+00  1.9152296e-02  4.11980e-04  1.00000e+00  1.91099e-02  1.91888e-02
1.206175592e+00  1.9174582e-02  4.12330e-04  1.00000e+00  1.91367e-02  1.92158e-02
1.206577650e+00  1.9190725e-02  4.12638e-04  1.00000e+00  1.91597e-02  1.92392e-02
1.206979843e+00  1.9201945e-02  4.12894e-04  1.00000e+00  1.91780e-02  1.92577e-02
1.207382169e+00  1.9210332e-02  4.13104e-04  1.00000e+00  1.91919e-02  1.92718e-02
1.207784630e+00  1.9218031e-02  4.13283e-04  1.00000e+00  1.92026e-02  1.92827e-02
1.208187225e+00  1.9226613e-02  4.13448e-04  1.00000e+00  1.92118e-02  1.92921e-02
1.208589954e+00  1.9236789e-02  4.13616e-04  1.00000e+00  1.92209e-02  1.93015e-02
1.208992817e+00  1.9248478e-02  4.13795e-04  1.00000e+00  1.92309e-02  1.93117e-02
1.209395815e+00  1.9261092e-02  4.13985e-04  1.00000e+00  1.92420e-02  1.93231e-02
1.209798947e+00  1.9273919e-02  4.14185e-04  1.00000e+00  1.92540e-02  1.93354e-02
1.210202213e+00  1.9286416e-02  4.14387e-04  1.00000e+00  1.92665e-02  1.93482e-02
1.210605614e+00  1.9298330e-02  4.14587e-04  1.00000e+00  1.92789e-02  1.93609e-02
1.211009149e+00  1.9309624e-02  4.14782e-04  1.00000e+00  1.92910e-02  1.93731e-02
1.211412819e+00  1.9320304e-02  4.14972e-04  1.00000e+00  1.93024e-02  1.93848e-02
1.211816623e+00  1.9330265e-02  4.15158e-04  1.00000e+00  1.93130e-02  1.93957e-02
1.212220562e+00  1.9339262e-02  4.15338e-04  1.00000e+00  1.93227e-02  1.94057e-02
1.212624636e+00  1.9347028e-02  4.15514e-04  1.00000e+00  1.93314e-02  1.94147e-02
1.213028844e+00  1.9353442e-02  4.15681e-04  1.00000e+00  1.93390e-02  1.94227e-02
1.213433187e+00  1.9358653e-02  4.15840e-04  1.00000e+00  1.93455e-02  1.94297e-02
1.213837664e+00  1.9363042e-02  4.15989e-04  1.00000e+00  1.93512e-02  1.94358e-02
1.214242277e+00  1.9367025e-02  4.16129e-04  1.00000e+00  1.93564e-02  1.94413e-02
1.214647024e+00  1.9370791e-02  4.16261e-04  1.00000e+00  1.93612e-02  1.94464e-02
1.215051907e+00  1.9374110e-02  4.16385e-04  1.00000e+00  1.93656e-02  1.94511e-02
1.215456924e+00  1.9376328e-02  4.16500e-04  1.00000e+00  1.93695e-02  1.94553e-02
1.215862076e+00  1.9376565e-02  4.16600e-04  1.00000e+00  1.93722e-02  1.94582e-02
1.216267364e+00  1.9374066e-02  4.16680e-04  1.00000e+00  1.93729e-02  1.94591e-02
1.216672786e+00  1.9368544e-02  4.16735e-04  1.00000e+00  1.93711e-02  1.94576e-02
1.217078344e+00  1.9360397e-02  4.16763e-04  1.00000e+00  1.93666e-02  1.94533e-02
1.217484037e+00  1.9350685e-02  4.16767e-04  1.00000e+00  1.93598e-02  1.94467e-02
1.217889865e+00  1.9340877e-02  4.16755e-04  1.00000e+00  1.93514e-02  1.94386e-02
1.218295828e+00  1.9332444e-02  4.16738e-04  1.00000e+00  1.93428e-02  1.94302e-02
1.218701926e+00  1.9326449e-02  4.16728e-04  1.00000e+00  1.93352e-02  1.94228e-02
1.219108160e+00  1.9323287e-02  4.16733e-04  1.00000e+00  1.93295e-02  1.94172e-02
1.219514530e+00  1.9322652e-02  4.16757e-04  1.00000e+00  1.93261e-02  1.94139e-02
1.219921035e+00  1.9323753e-02  4.16801e-04  1.00000e+00  1.93248e-02  1.94128e-02
1.220327675e+00  1.9325670e-02  4.16858e-04  1.00000e+00  1.93251e-02  1.94132e-02
1.220734451e+00  1.9327708e-02  4.16925e-04  1.00000e+00  1.93262e-02  1.94144e-02
1.221141362e+00  1.9329626e-02  4.16997e-04  1.00000e+00  1.93276e-02  1.94159e-02
1.221548410e+00  1.9331647e-02  4.17074e-04  1.00000e+00  1.93289e-02  1.94173e-02
1.221955592e+00  1.9334297e-02  4.17157e-04  1.00000e+00  1.93303e-02  1.94189e-02
1.222362911e+00  1.9338129e-02  4.17252e-04  1.00000e+00  1.93321e-02  1.94210e-02
1.222770365e+00  1.9343480e-02  4.17364e-04  1.00000e+00  1.93349e-02  1.94242e-02
1.223177955e+00  1.9350318e-02  4.17495e-04  1.00000e+00  1.93391e-02  1.94287e-02
1.223585681e+00  1.9358253e-02  4.17644e-04  1.00000e+00  1.93447e-02  1.94347e-02
1.223993543e+00  1.9366668e-02  4.17807e-04  1.00000e+00  1.93516e-02  1.94420e-02
1.224401541e+00  1.9374917e-02  4.17978e-04  1.00000e+00  1.93594e-02  1.94502e-02
1.224809675e+00  1.9382517e-02  4.18149e-04  1.00000e+00  1.93674e-02  1.94586e-02
1.225217945e+00  1.9389252e-02  4.18314e-04  1.00000e+00  1.93752e-02  1.94667e-02
1.225626351e+00  1.9395188e-02  4.18470e-04  1.00000e+00  1.93825e-02  1.94743e-02
1.226034893e+00  1.9400570e-02  4.18617e-04  1.00000e+00  1.93891e-02  1.94813e-02
1.226443571e+00  1.9405693e-02  4.18757e-04  1.00000e+00  1.93952e-02  1.94876e-02
1.226852386e+00  1.9410764e-02  4.18890e-04  1.00000e+00  1.94008e-02  1.94935e-02
1.227261336e+00  1.9415837e-02  4.19021e-04  1.00000e+00  1.94062e-02  1.94991e-02
1.227670424e+00  1.9420817e-02  4.19150e-04  1.00000e+00  1.94114e-02  1.95046e-02
1.228079647e+00  1.9425521e-02  4.19278e-04  1.00000e+00  1.94164e-02  1.95099e-02
1.228489007e+00  1.9429765e-02  4.19402e-04  1.00000e+00  1.94212e-02  1.95150e-02
1.228898503e+00  1.9433415e-02  4.19521e-04  1.00000e+00  1.94256e-02  1.95197e-02
1.229308136e+00  1.9436408e-02  4.19634e-04  1.00000e+00  1.94296e-02  1.95239e-02
1.229717905e+00  1.9438730e-02  4.19740e-04  1.00000e+00  1.94331e-02  1.95275e-02
1.230127811e+00  1.9440387e-02  4.19837e-04  1.00000e+00  1.94359e-02  1.95305e-02
1.230537854e+00  1.9441392e-02  4.19926e-04  1.00000e+00  1.94380e-02  1.95328e-02
1.230948033e+00  1.9441769e-02  4.20008e-04  1.00000e+00  1.94394e-02  1.95344e-02
1.231358349e+00  1.9441581e-02  4.20082e-04  1.00000e+00  1.94401e-02  1.95353e-02
1.231768802e+00  1.9440936e-02  4.20151e-04  1.00000e+00  1.94401e-02  1.95355e-02
1.232179392e+00  1.9439987e-02  4.20216e-04  1.00000e+00  1.94396e-02  1.95352e-02
1.232590118e+00  1.9438891e-02  4.20279e-04  1.00000e+00  1.94387e-02  1.95346e-02
1.233000982e+00  1.9437770e-02  4.20342e-04  1.00000e+00  1.94375e-02  1.95336e-02
1.233411982e+00  1.9436677e-02  4.20405e-04  1.00000e+00  1.94363e-02  1.95327e-02
1.233823119e+00  1.9435583e-02  4.20470e-04  1.00000e+00  1.94350e-02  1.95317e-02
1.234234394e+00  1.9434398e-02  4.20536e-04  1.00000e+00  1.94338e-02  1.95307e-02
1.234645805e+00  1.9433010e-02  4.20601e-04  1.00000e+00  1.94325e-02  1.95297e-02
1.235057354e+00  1.9431318e-02  4.20666e-04  1.00000e+00  1.94310e-02  1.95286e-02
1.235469039e+00  1.9429260e-02  4.20729e-04  1.00000e+00  1.94293e-02  1.95272e-02
1.235880862e+00  1.9426825e-02  4.20788e-04  1.00000e+00  1.94273e-02  1.95254e-02
1.236292823e+00  1.9424037e-02  4.20845e-04  1.00000e+00  1.94249e-02  1.95234e-02
1.236704920e+00  1.9420950e-02  4.20900e-04  1.00000e+00  1.94221e-02  1.95209e-02
1.237117155e+00  1.9417633e-02  4.20952e-04  1.00000e+00  1.94191e-02  1.95182e-02
1.237529528e+00  1.9414161e-02  4.21002e-04  1.00000e+00  1.94159e-02  1.95154e-02
1.237942038e+00  1.9410616e-02  4.21050e-04  1.00000e+00  1.94126e-02  1.95124e-02
1.238354685e+00  1.9407079e-02  4.21096e-04  1.00000e+00  1.94094e-02  1.95094e-02
1.238767470e+00  1.9403623e-02  4.21141e-04  1.00000e+00  1.94062e-02  1.95065e-02
1.239180392e+00  1.9400297e-02  4.21183e-04  1.00000e+00  1.94031e-02  1.95037e-02
1.239593452e+00  1.9397115e-02  4.21223e-04  1.00000e+00  1.94002e-02  1.95010e-02
1.240006650e+00  1.9394041e-02  4.21262e-04  1.00000e+00  1.93974e-02  1.94984e-02
1.240419986e+00  1.9390984e-02  4.21299e-04  1.00000e+00  1.93945e-02  1.94957e-02
1.240833459e+00  1.9387812e-02  4.21335e-04  1.00000e+00  1.93914e-02  1.94928e-02
1.241247070e+00  1.9384370e-02  4.21371e-04  1.00000e+00  1.93881e-02  1.94897e-02
1.241660819e+00  1.9380508e-02  4.21405e-04  1.00000e+00  1.93844e-02  1.94862e-02
1.242074706e+00  1.9376116e-02  4.21439e-04  1.00000e+00  1.93802e-02  1.94823e-02
1.242488731e+00  1.9371140e-02  4.21471e-04  1.00000e+00  1.93755e-02  1.94779e-02
1.242902894e+00  1.9365597e-02  4.21501e-04  1.00000e+00  1.93702e-02  1.94730e-02
1.243317195e+00  1.9359569e-02  4.21529e-04  1.00000e+00  1.93646e-02  1.94677e-02
1.243731634e+00  1.9353181e-02  4.21553e-04  1.00000e+00  1.93586e-02  1.94621e-02
1.244146211e+00  1.9346569e-02  4.21575e-04  1.00000e+00  1.93525e-02  1.94563e-02
1.244560927e+00  1.9339850e-02  4.21593e-04  1.00000e+00  1.93463e-02  1.94504e-02
1.244975780e+00  1.9333077e-02  4.21607e-04  1.00000e+00  1.93401e-02  1.94444e-02
1.245390772e+00  1.9326228e-02  4.21617e-04  1.00000e+00  1.93338e-02  1.94384e-02
1.245805903e+00  1.9319198e-02  4.21623e-04  1.00000e+00  1.93275e-02  1.94323e-02
1.246221171e+00  1.9311812e-02  4.21623e-04  1.00000e+00  1.93208e-02  1.94258e-02
1.246636578e+00  1.9303854e-02  4.21617e-04  1.00000e+00  1.93137e-02  1.94189e-02
1.247052124e+00  1.9295104e-02  4.21606e-04  1.00000e+00  1.93058e-02  1.94112e-02
1.247467808e+00  1.9285375e-02  4.21588e-04  1.00000e+00  1.92970e-02  1.94027e-02
1.247883630e+00  1.9274546e-02  4.21563e-04  1.00000e+00  1.92872e-02  1.93931e-02
1.248299592e+00  1.9262583e-02  4.21530e-04  1.00000e+00  1.92763e-02  1.93825e-02
1.248715691e+00  1.9249542e-02  4.21491e-04  1.00000e+00  1.92643e-02  1.93708e-02
1.249131930e+00  1.9235569e-02  4.21443e-04  1.00000e+00  1.92514e-02  1.93583e-02
1.249548307e+00  1.9220878e-02  4.21388e-04  1.00000e+00  1.92378e-02  1.93450e-02
1.249964823e+00  1.9205717e-02  4.21325e-04  1.00000e+00  1.92237e-02  1.93312e-02
1.250381478e+00  1.9190328e-02  4.21254e-04  1.00000e+00  1.92093e-02  1.93171e-02
1.250798272e+00  1.9174900e-02  4.21176e-04  1.00000e+00  1.91948e-02  1.93028e-02
1.251215205e+00  1.9159534e-02  4.21092e-04  1.00000e+00  1.91802e-02  1.92884e-02
1.251632277e+00  1.9144214e-02  4.21002e-04  1.00000e+00  1.91657e-02  1.92739e-02
1.252049487e+00  1.9128810e-02  4.20907e-04  1.00000e+00  1.91510e-02  1.92593e-02
1.252466837e+00  1.9113100e-02  4.20807e-04  1.00000e+00  1.91360e-02  1.92444e-02
1.252884326e+00  1.9096824e-02  4.20701e-04  1.00000e+00  1.91205e-02  1.92290e-02
1.253301954e+00  1.9079726e-02  4.20589e-04  1.00000e+00  1.91044e-02  1.92129e-02
1.253719722e+00  1.9061593e-02  4.20468e-04  1.00000e+00  1.90875e-02  1.91960e-02
1.254137628e+00  1.9042262e-02  4.20338e-04  1.00000e+00  1.90695e-02  1.91782e-02
1.254555674e+00  1.9021595e-02  4.20197e-04  1.00000e+00  1.90506e-02  1.91592e-02
1.254973859e+00  1.8999413e-02  4.20043e-04  1.00000e+00  1.90305e-02  1.91392e-02
1.255392184e+00  1.8975415e-02  4.19871e-04  1.00000e+00  1.90090e-02  1.91178e-02
1.255810648e+00  1.8949108e-02  4.19678e-04  1.00000e+00  1.89860e-02  1.90948e-02
1.256229252e+00  1.8919782e-02  4.19458e-04  1.00000e+00  1.89609e-02  1.90696e-02
1.256647995e+00  1.8886503e-02  4.19203e-04  1.00000e+00  1.89330e-02  1.90415e-02
1.257066877e+00  1.8848213e-02  4.18904e-04  1.00000e+00  1.89013e-02  1.90097e-02
1.257485900e+00  1.8803844e-02  4.18553e-04  1.00000e+00  1.88648e-02  1.89730e-02
1.257905062e+00  1.8752510e-02  4.18139e-04  1.00000e+00  1.88225e-02  1.89305e-02
1.258324363e+00  1.8693645e-02  4.17656e-04  1.00000e+00  1.87735e-02  1.88813e-02
1.258743805e+00  1.8627164e-02  4.17097e-04  1.00000e+00  1.87174e-02  1.88250e-02
1.259163386e+00  1.8553498e-02  4.16462e-04  1.00000e+00  1.86541e-02  1.87615e-02
1.259583107e+00  1.8473592e-02  4.15751e-04  1.00000e+00  1.85838e-02  1.86909e-02
1.260002968e+00  1.8388777e-02  4.14972e-04  1.00000e+00  1.85073e-02  1.86142e-02
1.260422969e+00  1.8300653e-02  4.14136e-04  1.00000e+00  1.84259e-02  1.85325e-02
1.260843110e+00  1.8210978e-02  4.13255e-04  1.00000e+00  1.83407e-02  1.84471e-02
1.261263391e+00  1.8121574e-02  4.12347e-04  1.00000e+00  1.82535e-02  1.83595e-02
1.261683812e+00  1.8034339e-02  4.11429e-04  1.00000e+00  1.81659e-02  1.82715e-02
1.262104374e+00  1.7951220e-02  4.10522e-04  1.00000e+00  1.80796e-02  1.81848e-02
1.262525075e+00  1.7874113e-02  4.09647e-04  1.00000e+00  1.79963e-02  1.81012e-02
1.262945917e+00  1.7804538e-02  4.08825e-04  1.00000e+00  1.79180e-02  1.80226e-02
1.263366899e+00  1.7743107e-02  4.08073e-04  1.00000e+00  1.78461e-02  1.79503e-02
1.263788021e+00  1.7688883e-02  4.07401e-04  1.00000e+00  1.77812e-02  1.78852e-02
1.264209284e+00  1.7638851e-02  4.06802e-04  1.00000e+00  1.77227e-02  1.78265e-02
1.264630687e+00  1.7587878e-02  4.06248e-04  1.00000e+00  1.76684e-02  1.77719e-02
1.265052230e+00  1.7529461e-02  4.05692e-04  1.00000e+00  1.76139e-02  1.77173e-02
1.265473914e+00  1.7457383e-02  4.05075e-04  1.00000e+00  1.75542e-02  1.76573e-02
1.265895739e+00  1.7368097e-02  4.04337e-04  1.00000e+00  1.74839e-02  1.75867e-02
1.266317704e+00  1.7263143e-02  4.03442e-04  1.00000e+00  1.73999e-02  1.75024e-02
1.266739810e+00  1.7150740e-02  4.02400e-04  1.00000e+00  1.73031e-02  1.74052e-02
1.267162057e+00  1.7045587e-02  4.01280e-04  1.00000e+00  1.71998e-02  1.73014e-02
1.267584444e+00  1.6966452e-02  4.00216e-04  1.00000e+00  1.71016e-02  1.72028e-02
1.268006972e+00  1.6931894e-02  3.99386e-04  1.00000e+00  1.70238e-02  1.71247e-02
1.268429641e+00  1.6955315e-02  3.98971e-04  1.00000e+00  1.69820e-02  1.70829e-02
1.268852451e+00  1.7040980e-02  3.99116e-04  1.00000e+00  1.69886e-02  1.70898e-02
1.269275402e+00  1.7182499e-02  3.99884e-04  1.00000e+00  1.70491e-02  1.71509e-02
1.269698494e+00  1.7364314e-02  4.01238e-04  1.00000e+00  1.71607e-02  1.72634e-02
1.270121727e+00  1.7565693e-02  4.03051e-04  1.00000e+00  1.73127e-02  1.74166e-02
1.270545100e+00  1.7765762e-02  4.05138e-04  1.00000e+00  1.74894e-02  1.75946e-02
1.270968616e+00  1.7947906e-02  4.07296e-04  1.00000e+00  1.76735e-02  1.77799e-02
1.271392272e+00  1.8102310e-02  4.09353e-04  1.00000e+00  1.78496e-02  1.79573e-02
1.271816069e+00  1.8226237e-02  4.11191e-04  1.00000e+00  1.80071e-02  1.81158e-02
1.272240008e+00  1.8322509e-02  4.12753e-04  1.00000e+00  1.81406e-02  1.82504e-02
1.272664088e+00  1.8397104e-02  4.14040e-04  1.00000e+00  1.82499e-02  1.83604e-02
1.273088309e+00  1.8456808e-02  4.15089e-04  1.00000e+00  1.83379e-02  1.84491e-02
1.273512672e+00  1.8507563e-02  4.15954e-04  1.00000e+00  1.84092e-02  1.85211e-02
1.273937176e+00  1.8553665e-02  4.16692e-04  1.00000e+00  1.84688e-02  1.85813e-02
1.274361822e+00  1.8597747e-02  4.17349e-04  1.00000e+00  1.85210e-02  1.86341e-02
1.274786609e+00  1.8641152e-02  4.17962e-04  1.00000e+00  1.85688e-02  1.86824e-02
1.275211538e+00  1.8684464e-02  4.18550e-04  1.00000e+00  1.86142e-02  1.87285e-02
1.275636609e+00  1.8727900e-02  4.19126e-04  1.00000e+00  1.86587e-02  1.87736e-02
1.276061821e+00  1.8771524e-02  4.19696e-04  1.00000e+00  1.87028e-02  1.88183e-02
1.276487175e+00  1.8815278e-02  4.20263e-04  1.00000e+00  1.87470e-02  1.88630e-02
1.276912670e+00  1.8858927e-02  4.20826e-04  1.00000e+00  1.87912e-02  1.89078e-02
1.277338308e+00  1.8902023e-02  4.21382e-04  1.00000e+00  1.88354e-02  1.89524e-02
1.277764087e+00  1.8943946e-02  4.21928e-04  1.00000e+00  1.88790e-02  1.89965e-02
1.278190009e+00  1.8984013e-02  4.22458e-04  1.00000e+00  1.89215e-02  1.90394e-02
1.278616072e+00  1.9021616e-02  4.22968e-04  1.00000e+00  1.89621e-02  1.90804e-02
1.279042278e+00  1.9056337e-02  4.23454e-04  1.00000e+00  1.90004e-02  1.91191e-02
1.279468625e+00  1.9087997e-02  4.23912e-04  1.00000e+00  1.90359e-02  1.91551e-02
1.279895114e+00  1.9116632e-02  4.24342e-04  1.00000e+00  1.90685e-02  1.91880e-02
1.280321746e+00  1.9142427e-02  4.24744e-04  1.00000e+00  1.90982e-02  1.92182e-02
1.280748520e+00  1.9165635e-02  4.25117e-04  1.00000e+00  1.91251e-02  1.92455e-02
1.281175436e+00  1.9186518e-02  4.25464e-04  1.00000e+00  1.91496e-02  1.92705e-02
1.281602495e+00  1.9205306e-02  4.25784e-04  1.00000e+00  1.91719e-02  1.92932e-02
1.282029696e+00  1.9222194e-02  4.26080e-04  1.00000e+00  1.91922e-02  1.93138e-02
1.282457039e+00  1.9237347e-02  4.26351e-04  1.00000e+00  1.92106e-02  1.93324e-02
1.282884524e+00  1.9250916e-02  4.26600e-04  1.00000e+00  1.92272e-02  1.93493e-02
1.283312153e+00  1.9263053e-02  4.26827e-04  1.00000e+00  1.92421e-02  1.93645e-02
1.283739923e+00  1.9273904e-02  4.27035e-04  1.00000e+00  1.92555e-02  1.93781e-02
1.284167837e+00  1.9283600e-02  4.27225e-04  1.00000e+00  1.92676e-02  1.93903e-02
1.284595893e+00  1.9292236e-02  4.27399e-04  1.00000e+00  1.92784e-02  1.94013e-02
1.285024091e+00  1.9299849e-02  4.27557e-04  1.00000e+00  1.92881e-02  1.94111e-02
1.285452433e+00  1.9306429e-02  4.27700e-04  1.00000e+00  1.92968e-02  1.94198e-02
1.285880917e+00  1.9311952e-02  4.27828e-04  1.00000e+00  1.93042e-02  1.94273e-02
1.286309544e+00  1.9316418e-02  4.27943e-04  1.00000e+00  1.93105e-02  1.94336e-02
1.286738314e+00  1.9319903e-02  4.28047e-04  1.00000e+00  1.93154e-02  1.94386e-02
1.287167226e+00  1.9322573e-02  4.28141e-04  1.00000e+00  1.93191e-02  1.94424e-02
1.287596282e+00  1.9324671e-02  4.28230e-04  1.00000e+00  1.93218e-02  1.94452e-02
1.288025481e+00  1.9326469e-02  4.28316e-04  1.00000e+00  1.93237e-02  1.94474e-02
1.288454823e+00  1.9328209e-02  4.28402e-04  1.00000e+00  1.93253e-02  1.94492e-02
1.288884308e+00  1.9330052e-02  4.28491e-04  1.00000e+00  1.93269e-02  1.94509e-02
1.289313936e+00  1.9332060e-02  4.28581e-04  1.00000e+00  1.93286e-02  1.94529e-02
1.289743707e+00  1.9334191e-02  4.28673e-04  1.00000e+00  1.93306e-02  1.94552e-02
1.290173622e+00  1.9336318e-02  4.28765e-04  1.00000e+00  1.93328e-02  1.94576e-02
1.290603679e+00  1.9338252e-02  4.28856e-04  1.00000e+00  1.93350e-02  1.94599e-02
1.291033881e+00  1.9339757e-02  4.28945e-04  1.00000e+00  1.93369e-02  1.94620e-02
1.291464225e+00  1.9340570e-02  4.29031e-04  1.00000e+00  1.93381e-02  1.94635e-02
1.291894713e+00  1.9340421e-02  4.29114e-04  1.00000e+00  1.93385e-02  1.94642e-02
1.292325345e+00  1.9339082e-02  4.29191e-04  1.00000e+00  1.93380e-02  1.94640e-02
1.292756120e+00  1.9336420e-02  4.29262e-04  1.00000e+00  1.93365e-02  1.94628e-02
1.293187039e+00  1.9332450e-02  4.29323e-04  1.00000e+00  1.93341e-02  1.94607e-02
1.293618101e+00  1.9327366e-02  4.29372e-04  1.00000e+00  1.93309e-02  1.94578e-02
1.294049307e+00  1.9321536e-02  4.29407e-04  1.00000e+00  1.93270e-02  1.94542e-02
1.294480657e+00  1.9315436e-02  4.29427e-04  1.00000e+00  1.93227e-02  1.94500e-02
1.294912151e+00  1.9309562e-02  4.29436e-04  1.00000e+00  1.93183e-02  1.94456e-02
1.295343788e+00  1.9304313e-02  4.29436e-04  1.00000e+00  1.93138e-02  1.94412e-02
1.295775569e+00  1.9299886e-02  4.29433e-04  1.00000e+00  1.93095e-02  1.94368e-02
1.296207494e+00  1.9296220e-02  4.29431e-04  1.00000e+00  1.93056e-02  1.94328e-02
1.296639564e+00  1.9292984e-02  4.29431e-04  1.00000e+00  1.93018e-02  1.94290e-02
1.297071777e+00  1.9289659e-02  4.29435e-04  1.00000e+00  1.92982e-02  1.94253e-02
1.297504134e+00  1.9285691e-02  4.29440e-04  1.00000e+00  1.92943e-02  1.94214e-02
1.297936635e+00  1.9280659e-02  4.29443e-04  1.00000e+00  1.92899e-02  1.94170e-02
1.298369281e+00  1.9274412e-02  4.29439e-04  1.00000e+00  1.92847e-02  1.94118e-02
1.298802071e+00  1.9267089e-02  4.29428e-04  1.00000e+00  1.92785e-02  1.94057e-02
1.299235005e+00  1.9258992e-02  4.29407e-04  1.00000e+00  1.92716e-02  1.93988e-02
1.299668083e+00  1.9250372e-02  4.29380e-04  1.00000e+00  1.92639e-02  1.93912e-02
1.300101306e+00  1.9241200e-02  4.29345e-04  1.00000e+00  1.92556e-02  1.93829e-02
1.300534673e+00  1.9231080e-02  4.29304e-04  1.00000e+00  1.92466e-02  1.93740e-02
1.300968184e+00  1.9219352e-02  4.29252e-04  1.00000e+00  1.92366e-02  1.93640e-02
1.301401840e+00  1.9205396e-02  4.29186e-04  1.00000e+00  1.92251e-02  1.93525e-02
1.301835641e+00  1.9188961e-02  4.29100e-04  1.00000e+00  1.92116e-02  1.93390e-02
1.302269586e+00  1.9170400e-02  4.28992e-04  1.00000e+00  1.91960e-02  1.93234e-02
1.302703676e+00  1.9150635e-02  4.28864e-04  1.00000e+00  1.91785e-02  1.93060e-02
1.303137911e+00  1.9130883e-02  4.28724e-04  1.00000e+00  1.91599e-02  1.92874e-02
1.303572290e+00  1.9112254e-02  4.28580e-04  1.00000e+00  1.91411e-02  1.92686e-02
1.304006814e+00  1.9095425e-02  4.28440e-04  1.00000e+00  1.91231e-02  1.92505e-02
1.304441483e+00  1.9080514e-02  4.28312e-04  1.00000e+00  1.91065e-02  1.92339e-02
1.304876297e+00  1.9067224e-02  4.28195e-04  1.00000e+00  1.90916e-02  1.92188e-02
1.305311256e+00  1.9055116e-02  4.28089e-04  1.00000e+00  1.90782e-02  1.92053e-02
1.305746359e+00  1.9043835e-02  4.27990e-04  1.00000e+00  1.90661e-02  1.91929e-02
1.306181608e+00  1.9033194e-02  4.27896e-04  1.00000e+00  1.90548e-02  1.91814e-02
1.306617002e+00  1.9023105e-02  4.27807e-04  1.00000e+00  1.90442e-02  1.91705e-02
1.307052541e+00  1.9013442e-02  4.27721e-04  1.00000e+00  1.90340e-02  1.91600e-02
1.307488225e+00  1.9003988e-02  4.27639e-04  1.00000e+00  1.90240e-02  1.91497e-02
1.307924055e+00  1.8994479e-02  4.27562e-04  1.00000e+00  1.90139e-02  1.91394e-02
1.308360029e+00  1.8984678e-02  4.27488e-04  1.00000e+00  1.90036e-02  1.91289e-02
1.308796149e+00  1.8974389e-02  4.27418e-04  1.00000e+00  1.89929e-02  1.91181e-02
1.309232415e+00  1.8963282e-02  4.27351e-04  1.00000e+00  1.89816e-02  1.91068e-02
1.309668825e+00  1.8950702e-02  4.27283e-04  1.00000e+00  1.89695e-02  1.90947e-02
1.310105382e+00  1.8935609e-02  4.27208e-04  1.00000e+00  1.89561e-02  1.90815e-02
1.310542084e+00  1.8916836e-02  4.27114e-04  1.00000e+00  1.89408e-02  1.90663e-02
1.310978931e+00  1.8893677e-02  4.26989e-04  1.00000e+00  1.89227e-02  1.90484e-02
1.311415924e+00  1.8866557e-02  4.26824e-04  1.00000e+00  1.89013e-02  1.90271e-02
1.311853063e+00  1.8837477e-02  4.26618e-04  1.00000e+00  1.88770e-02  1.90029e-02
1.312290347e+00  1.8809811e-02  4.26385e-04  1.00000e+00  1.88513e-02  1.89770e-02
1.312727777e+00  1.8787499e-02  4.26153e-04  1.00000e+00  1.88265e-02  1.89521e-02
1.313165353e+00  1.8773834e-02  4.25955e-04  1.00000e+00  1.88057e-02  1.89310e-02
1.313603075e+00  1.8770276e-02  4.25824e-04  1.00000e+00  1.87914e-02  1.89164e-02
1.314040942e+00  1.8775800e-02  4.25777e-04  1.00000e+00  1.87850e-02  1.89098e-02
1.314478956e+00  1.8786976e-02  4.25814e-04  1.00000e+00  1.87861e-02  1.89106e-02
1.314917116e+00  1.8798779e-02  4.25911e-04  1.00000e+00  1.87923e-02  1.89167e-02
1.315355421e+00  1.8805777e-02  4.26028e-04  1.00000e+00  1.87999e-02  1.89242e-02
1.315793873e+00  1.8803418e-02  4.26116e-04  1.00000e+00  1.88047e-02  1.89288e-02
1.316232471e+00  1.8788983e-02  4.26133e-04  1.00000e+00  1.88026e-02  1.89267e-02
1.316671215e+00  1.8762113e-02  4.26046e-04  1.00000e+00  1.87911e-02  1.89150e-02
1.317110106e+00  1.8724830e-02  4.25844e-04  1.00000e+00  1.87691e-02  1.88928e-02
1.317549142e+00  1.8681088e-02  4.25538e-04  1.00000e+00  1.87376e-02  1.88611e-02
1.317988325e+00  1.8635971e-02  4.25158e-04  1.00000e+00  1.86995e-02  1.88227e-02
1.318427655e+00  1.8594678e-02  4.24750e-04  1.00000e+00  1.86587e-02  1.87816e-02
1.318867131e+00  1.8561491e-02  4.24360e-04  1.00000e+00  1.86196e-02  1.87423e-02
1.319306753e+00  1.8538975e-02  4.24033e-04  1.00000e+00  1.85861e-02  1.87086e-02
1.319746522e+00  1.8527636e-02  4.23799e-04  1.00000e+00  1.85610e-02  1.86833e-02
1.320186438e+00  1.8526145e-02  4.23670e-04  1.00000e+00  1.85454e-02  1.86676e-02
1.320626500e+00  1.8532093e-02  4.23640e-04  1.00000e+00  1.85390e-02  1.86611e-02
1.321066709e+00  1.8542931e-02  4.23692e-04  1.00000e+00  1.85402e-02  1.86622e-02
1.321507064e+00  1.8556785e-02  4.23806e-04  1.00000e+00  1.85471e-02  1.86691e-02
1.321947567e+00  1.8572774e-02  4.23964e-04  1.00000e+00  1.85582e-02  1.86801e-02
1.322388216e+00  1.8590675e-02  4.24154e-04  1.00000e+00  1.85722e-02  1.86941e-02
1.322829012e+00  1.8610146e-02  4.24371e-04  1.00000e+00  1.85886e-02  1.87105e-02
1.323269955e+00  1.8629790e-02  4.24605e-04  1.00000e+00  1.86066e-02  1.87285e-02
1.323711045e+00  1.8646575e-02  4.24843e-04  1.00000e+00  1.86248e-02  1.87467e-02
1.324152282e+00  1.8655923e-02  4.25052e-04  1.00000e+00  1.86406e-02  1.87625e-02
1.324593666e+00  1.8652442e-02  4.25191e-04  1.00000e+00  1.86502e-02  1.87721e-02
1.325035197e+00  1.8631178e-02  4.25207e-04  1.00000e+00  1.86491e-02  1.87708e-02
1.325476875e+00  1.8588934e-02  4.25050e-04  1.00000e+00  1.86331e-02  1.87545e-02
1.325918701e+00  1.8525135e-02  4.24683e-04  1.00000e+00  1.85989e-02  1.87199e-02
1.326360674e+00  1.8442095e-02  4.24093e-04  1.00000e+00  1.85457e-02  1.86659e-02
1.326802794e+00  1.8344440e-02  4.23289e-04  1.00000e+00  1.84744e-02  1.85938e-02
1.327245062e+00  1.8237980e-02  4.22305e-04  1.00000e+00  1.83885e-02  1.85068e-02
1.327687477e+00  1.8128451e-02  4.21190e-04  1.00000e+00  1.82924e-02  1.84094e-02
1.328130039e+00  1.8020446e-02  4.19996e-04  1.00000e+00  1.81908e-02  1.83064e-02
1.328572749e+00  1.7917095e-02  4.18772e-04  1.00000e+00  1.80880e-02  1.82022e-02
1.329015607e+00  1.7820435e-02  4.17555e-04  1.00000e+00  1.79874e-02  1.81000e-02
1.329458612e+00  1.7732303e-02  4.16379e-04  1.00000e+00  1.78916e-02  1.80026e-02
1.329901765e+00  1.7655207e-02  4.15270e-04  1.00000e+00  1.78030e-02  1.79124e-02
1.330345066e+00  1.7592702e-02  4.14263e-04  1.00000e+00  1.77242e-02  1.78320e-02
1.330788514e+00  1.7548966e-02  4.13398e-04  1.00000e+00  1.76586e-02  1.77649e-02
1.331232110e+00  1.7527620e-02  4.12719e-04  1.00000e+00  1.76099e-02  1.77148e-02
1.331675854e+00  1.7530357e-02  4.12265e-04  1.00000e+00  1.75812e-02  1.76848e-02
1.332119746e+00  1.7555835e-02  4.12059e-04  1.00000e+00  1.75742e-02  1.76766e-02
1.332563786e+00  1.7599327e-02  4.12094e-04  1.00000e+00  1.75882e-02  1.76896e-02
1.333007974e+00  1.7653387e-02  4.12332e-04  1.00000e+00  1.76197e-02  1.77202e-02
1.333452310e+00  1.7709198e-02  4.12709e-04  1.00000e+00  1.76625e-02  1.77624e-02
1.333896794e+00  1.7758382e-02  4.13146e-04  1.00000e+00  1.77095e-02  1.78088e-02
1.334341426e+00  1.7794676e-02  4.13563e-04  1.00000e+00  1.77531e-02  1.78520e-02
1.334786207e+00  1.7815037e-02  4.13899e-04  1.00000e+00  1.77873e-02  1.78860e-02
1.335231136e+00  1.7819875e-02  4.14116e-04  1.00000e+00  1.78087e-02  1.79072e-02
1.335676213e+00  1.7812354e-02  4.14209e-04  1.00000e+00  1.78165e-02  1.79151e-02
1.336121438e+00  1.7797026e-02  4.14197e-04  1.00000e+00  1.78127e-02  1.79113e-02
1.336566812e+00  1.7778238e-02  4.14116e-04  1.00000e+00  1.78006e-02  1.78994e-02
1.337012334e+00  1.7759037e-02  4.14001e-04  1.00000e+00  1.77839e-02  1.78828e-02
1.337458005e+00  1.7740760e-02  4.13877e-04  1.00000e+00  1.77655e-02  1.78646e-02
1.337903824e+00  1.7723478e-02  4.13759e-04  1.00000e+00  1.77473e-02  1.78466e-02
1.338349792e+00  1.7706690e-02  4.13646e-04  1.00000e+00  1.77300e-02  1.78294e-02
1.338795909e+00  1.7689762e-02  4.13533e-04  1.00000e+00  1.77136e-02  1.78130e-02
1.339242174e+00  1.7671703e-02  4.13411e-04  1.00000e+00  1.76976e-02  1.77970e-02
1.339688588e+00  1.7650071e-02  4.13264e-04  1.00000e+00  1.76806e-02  1.77799e-02
1.340135151e+00  1.7619873e-02  4.13063e-04  1.00000e+00  1.76601e-02  1.77591e-02
1.340581863e+00  1.7573098e-02  4.12759e-04  1.00000e+00  1.76313e-02  1.77300e-02
1.341028723e+00  1.7499611e-02  4.12274e-04  1.00000e+00  1.75873e-02  1.76856e-02
1.341475733e+00  1.7389472e-02  4.11514e-04  1.00000e+00  1.75193e-02  1.76171e-02
1.341922891e+00  1.7235871e-02  4.10381e-04  1.00000e+00  1.74188e-02  1.75160e-02
1.342370199e+00  1.7037291e-02  4.08803e-04  1.00000e+00  1.72797e-02  1.73761e-02
1.342817656e+00  1.6797920e-02  4.06748e-04  1.00000e+00  1.70997e-02  1.71952e-02
1.343265262e+00  1.6525859e-02  4.04235e-04  1.00000e+00  1.68809e-02  1.69753e-02
1.343713017e+00  1.6229789e-02  4.01317e-04  1.00000e+00  1.66288e-02  1.67220e-02
1.344160921e+00  1.5915784e-02  3.98059e-04  1.00000e+00  1.63499e-02  1.64418e-02
1.344608975e+00  1.5585832e-02  3.94514e-04  1.00000e+00  1.60495e-02  1.61399e-02
1.345057178e+00  1.5238785e-02  3.90702e-04  1.00000e+00  1.57302e-02  1.58191e-02
1.345505530e+00  1.4873341e-02  3.86621e-04  1.00000e+00  1.53926e-02  1.54798e-02
1.345954032e+00  1.4491410e-02  3.82266e-04  1.00000e+00  1.50371e-02  1.51225e-02
1.346402683e+00  1.4099845e-02  3.77655e-04  1.00000e+00  1.46660e-02  1.47494e-02
1.346851484e+00  1.3709387e-02  3.72851e-04  1.00000e+00  1.42849e-02  1.43663e-02
1.347300435e+00  1.3331250e-02  3.67959e-04  1.00000e+00  1.39023e-02  1.39816e-02
1.347749535e+00  1.2972691e-02  3.63092e-04  1.00000e+00  1.35272e-02  1.36043e-02
1.348198785e+00  1.2633890e-02  3.58335e-04  1.00000e+00  1.31657e-02  1.32408e-02
1.348648184e+00  1.2307557e-02  3.53712e-04  1.00000e+00  1.28193e-02  1.28924e-02
1.349097734e+00  1.1981234e-02  3.49168e-04  1.00000e+00  1.24834e-02  1.25546e-02
1.349547433e+00  1.1641061e-02  3.44582e-04  1.00000e+00  1.21492e-02  1.22185e-02
1.349997282e+00  1.1275401e-02  3.39800e-04  1.00000e+00  1.18058e-02  1.18730e-02
1.350447281e+00  1.0876902e-02  3.34669e-04  1.00000e+00  1.14429e-02  1.15080e-02
1.350897430e+00  1.0443119e-02  3.29066e-04  1.00000e+00  1.10530e-02  1.11159e-02
1.351347729e+00  9.9762472e-03  3.22912e-04  1.00000e+00  1.06325e-02  1.06929e-02
1.351798179e+00  9.4829713e-03  3.16179e-04  1.00000e+00  1.01815e-02  1.02394e-02
1.352248778e+00  8.9746490e-03  3.08904e-04  1.00000e+00  9.70501e-03  9.76016e-03
1.352699528e+00  8.4671910e-03  3.01195e-04  1.00000e+00  9.21209e-03  9.26446e-03
1.353150427e+00  7.9797989e-03  2.93237e-04  1.00000e+00  8.71627e-03  8.76587e-03
1.353601478e+00  7.5319713e-03  2.85288e-04  1.00000e+00  8.23411e-03  8.28103e-03
1.354052678e+00  7.1392481e-03  2.77643e-04  1.00000e+00  7.78274e-03  7.82716e-03
1.354504029e+00  6.8089415e-03  2.70581e-04  1.00000e+00  7.37650e-03  7.41868e-03
1.354955530e+00  6.5376757e-03  2.64297e-04  1.00000e+00  7.02349e-03  7.06374e-03
1.355407182e+00  6.3117742e-03  2.58839e-04  1.00000e+00  6.72338e-03  6.76197e-03
1.355858985e+00  6.1105370e-03  2.54091e-04  1.00000e+00  6.46721e-03  6.50438e-03
1.356310938e+00  5.9112990e-03  2.49796e-04  1.00000e+00  6.23951e-03  6.27539e-03
1.356763041e+00  5.6945634e-03  2.45620e-04  1.00000e+00  6.02188e-03  6.05652e-03
1.357215296e+00  5.4476678e-03  2.41224e-04  1.00000e+00  5.79708e-03  5.83042e-03
1.357667701e+00  5.1664549e-03  2.36339e-04  1.00000e+00  5.55232e-03  5.58425e-03
1.358120257e+00  4.8551066e-03  2.30802e-04  1.00000e+00  5.28131e-03  5.31167e-03
1.358572963e+00  4.5249569e-03  2.24583e-04  1.00000e+00  4.98486e-03  5.01351e-03
1.359025821e+00  4.1929475e-03  2.17790e-04  1.00000e+00  4.67053e-03  4.69738e-03
1.359478830e+00  3.8797255e-03  2.10670e-04  1.00000e+00  4.35158e-03  4.37662e-03
1.359931989e+00  3.6072192e-03  2.03598e-04  1.00000e+00  4.04538e-03  4.06867e-03
1.360385300e+00  3.3953072e-03  1.97046e-04  1.00000e+00  3.77110e-03  3.79284e-03
1.360838762e+00  3.2579805e-03  1.91526e-04  1.00000e+00  3.54687e-03  3.56734e-03
1.361292375e+00  3.2001534e-03  1.87484e-04  1.00000e+00  3.38647e-03  3.40603e-03
1.361746139e+00  3.2161686e-03  1.85189e-04  1.00000e+00  3.29651e-03  3.31555e-03
1.362200054e+00  3.2910943e-03  1.84659e-04  1.00000e+00  3.27500e-03  3.29393e-03
1.362654121e+00  3.4043181e-03  1.85649e-04  1.00000e+00  3.31193e-03  3.33108e-03
1.363108339e+00  3.5341227e-03  1.87733e-04  1.00000e+00  3.39159e-03  3.41121e-03
1.363562708e+00  3.6615564e-03  1.90422e-04  1.00000e+00  3.49596e-03  3.51619e-03
1.364017229e+00  3.7722856e-03  1.93259e-04  1.00000e+00  3.60775e-03  3.62863e-03
1.364471902e+00  3.8567278e-03  1.95880e-04  1.00000e+00  3.71239e-03  3.73388e-03
1.364926726e+00  3.9093136e-03  1.98023e-04  1.00000e+00  3.79885e-03  3.82085e-03
1.365381701e+00  3.9282019e-03  1.99527e-04  1.00000e+00  3.85977e-03  3.88214e-03
1.365836828e+00  3.9158333e-03  2.00319e-04  1.00000e+00  3.89158e-03  3.91414e-03
1.366292107e+00  3.8796181e-03  2.00425e-04  1.00000e+00  3.89498e-03  3.91757e-03
1.366747538e+00  3.8315047e-03  1.99972e-04  1.00000e+00  3.87520e-03  3.89769e-03
1.367203120e+00  3.7860880e-03  1.99183e-04  1.00000e+00  3.84160e-03  3.86391e-03
1.367658855e+00  3.7573643e-03  1.98344e-04  1.00000e+00  3.80609e-03  3.82820e-03
1.368114741e+00  3.7559010e-03  1.97752e-04  1.00000e+00  3.78079e-03  3.80277e-03
1.368570779e+00  3.7877727e-03  1.97656e-04  1.00000e+00  3.77587e-03  3.79783e-03
1.369026970e+00  3.8556277e-03  1.98234e-04  1.00000e+00  3.79849e-03  3.82060e-03
1.369483312e+00  3.9612305e-03  1.99590e-04  1.00000e+00  3.85326e-03  3.87569e-03
1.369939806e+00  4.1075867e-03  2.01794e-04  1.00000e+00  3.94364e-03  3.96660e-03
1.370396453e+00  4.2991276e-03  2.04905e-04  1.00000e+00  4.07330e-03  4.09702e-03
1.370853252e+00  4.5396838e-03  2.08976e-04  1.00000e+00  4.24620e-03  4.27093e-03
1.371310203e+00  4.8292791e-03  2.14024e-04  1.00000e+00  4.46536e-03  4.49139e-03
1.371767306e+00  5.1613782e-03  2.19980e-04  1.00000e+00  4.73069e-03  4.75829e-03
1.372224562e+00  5.5221593e-03  2.26665e-04  1.00000e+00  5.03695e-03  5.06637e-03
1.372681970e+00  5.8922353e-03  2.33787e-04  1.00000e+00  5.37312e-03  5.40455e-03
1.373139531e+00  6.2503012e-03  2.40993e-04  1.00000e+00  5.72341e-03  5.75694e-03
1.373597244e+00  6.5770788e-03  2.47921e-04  1.00000e+00  6.06974e-03  6.10535e-03
1.374055110e+00  6.8581581e-03  2.54261e-04  1.00000e+00  6.39466e-03  6.43226e-03
1.374513128e+00  7.0847412e-03  2.59784e-04  1.00000e+00  6.68376e-03  6.72312e-03
1.374971299e+00  7.2524417e-03  2.64350e-04  1.00000e+00  6.92662e-03  6.96750e-03
1.375429623e+00  7.3587929e-03  2.67881e-04  1.00000e+00  7.11643e-03  7.15850e-03
1.375888100e+00  7.4008116e-03  2.70330e-04  1.00000e+00  7.24843e-03  7.29135e-03
1.376346729e+00  7.3737555e-03  2.71647e-04  1.00000e+00  7.31829e-03  7.36169e-03
1.376805511e+00  7.2715634e-03  2.71757e-04  1.00000e+00  7.32105e-03  7.36453e-03
1.377264446e+00  7.0890203e-03  2.70565e-04  1.00000e+00  7.25130e-03  7.29443e-03
1.377723534e+00  6.8248380e-03  2.67971e-04  1.00000e+00  7.10464e-03  7.14696e-03
1.378182776e+00  6.4844551e-03  2.63911e-04  1.00000e+00  6.87987e-03  6.92091e-03
1.378642170e+00  6.0816358e-03  2.58393e-04  1.00000e+00  6.58121e-03  6.62053e-03
1.379101717e+00  5.6383111e-03  2.51536e-04  1.00000e+00  6.21980e-03  6.25703e-03
1.379561418e+00  5.1825857e-03  2.43590e-04  1.00000e+00  5.81381e-03  5.84869e-03
1.380021272e+00  4.7454919e-03  2.34939e-04  1.00000e+00  5.38719e-03  5.41961e-03
1.380481279e+00  4.3573231e-03  2.26095e-04  1.00000e+00  4.96732e-03  4.99731e-03
1.380941439e+00  4.0443637e-03  2.17659e-04  1.00000e+00  4.58206e-03  4.60981e-03
1.381401753e+00  3.8263378e-03  2.10271e-04  1.00000e+00  4.25679e-03  4.28266e-03
1.381862220e+00  3.7150275e-03  2.04541e-04  1.00000e+00  4.01206e-03  4.03653e-03
1.382322841e+00  3.7138988e-03  2.00953e-04  1.00000e+00  3.86189e-03  3.88552e-03
1.382783615e+00  3.8185637e-03  1.99794e-04  1.00000e+00  3.81298e-03  3.83638e-03
1.383244543e+00  4.0179934e-03  2.01096e-04  1.00000e+00  3.86481e-03  3.88858e-03
1.383705625e+00  4.2962031e-03  2.04649e-04  1.00000e+00  4.01032e-03  4.03505e-03
1.384166860e+00  4.6342721e-03  2.10056e-04  1.00000e+00  4.23724e-03  4.26343e-03
1.384628249e+00  5.0126779e-03  2.16825e-04  1.00000e+00  4.52981e-03  4.55788e-03
1.385089792e+00  5.4136825e-03  2.24458e-04  1.00000e+00  4.87086e-03  4.90111e-03
1.385551488e+00  5.8232351e-03  2.32523e-04  1.00000e+00  5.24390e-03  5.27653e-03
1.386013339e+00  6.2319926e-03  2.40689e-04  1.00000e+00  5.63489e-03  5.67003e-03
1.386475343e+00  6.6345725e-03  2.48732e-04  1.00000e+00  6.03324e-03  6.07091e-03
1.386937502e+00  7.0271185e-03  2.56519e-04  1.00000e+00  6.43143e-03  6.47162e-03
1.387399814e+00  7.4036855e-03  2.63954e-04  1.00000e+00  6.82328e-03  6.86594e-03
1.387862281e+00  7.7529561e-03  2.70933e-04  1.00000e+00  7.20141e-03  7.24642e-03
1.388324901e+00  8.0570295e-03  2.77292e-04  1.00000e+00  7.55466e-03  7.60186e-03
1.388787676e+00  8.2933237e-03  2.82798e-04  1.00000e+00  7.86715e-03  7.91627e-03
1.389250606e+00  8.4395112e-03  2.87173e-04  1.00000e+00  8.11950e-03  8.17015e-03
1.389713689e+00  8.4795922e-03  2.90139e-04  1.00000e+00  8.29231e-03  8.34402e-03
1.390176927e+00  8.4086922e-03  2.91491e-04  1.00000e+00  8.37067e-03  8.42286e-03
1.390640319e+00  8.2346017e-03  2.91140e-04  1.00000e+00  8.34798e-03  8.40004e-03
1.391103866e+00  7.9754741e-03  2.89137e-04  1.00000e+00  8.22761e-03  8.27896e-03
1.391567567e+00  7.6552695e-03  2.85658e-04  1.00000e+00  8.02198e-03  8.07209e-03
1.392031423e+00  7.2994179e-03  2.80972e-04  1.00000e+00  7.74968e-03  7.79816e-03
1.392495434e+00  6.9329142e-03  2.75406e-04  1.00000e+00  7.43260e-03  7.47916e-03
1.392959599e+00  6.5813445e-03  2.69332e-04  1.00000e+00  7.09418e-03  7.13869e-03
1.393423919e+00  6.2731405e-03  2.63185e-04  1.00000e+00  6.75957e-03  6.80207e-03
1.393888393e+00  6.0401932e-03  2.57490e-04  1.00000e+00  6.45649e-03  6.49716e-03
1.394353023e+00  5.9141658e-03  2.52860e-04  1.00000e+00  6.21485e-03  6.25408e-03
1.394817807e+00  5.9181605e-03  2.49928e-04  1.00000e+00  6.06356e-03  6.10191e-03
1.395282746e+00  6.0565136e-03  2.49181e-04  1.00000e+00  6.02411e-03  6.06230e-03
1.395747841e+00  6.3071368e-03  2.50767e-04  1.00000e+00  6.10282e-03  6.14158e-03
1.396213090e+00  6.6212393e-03  2.54357e-04  1.00000e+00  6.28487e-03  6.32484e-03
1.396678494e+00  6.9323611e-03  2.59172e-04  1.00000e+00  6.53359e-03  6.57520e-03
1.397144054e+00  7.1732512e-03  2.64173e-04  1.00000e+00  6.79677e-03  6.84008e-03
1.397609769e+00  7.2952347e-03  2.68332e-04  1.00000e+00  7.01897e-03  7.06373e-03
1.398075638e+00  7.2833462e-03  2.70893e-04  1.00000e+00  7.15656e-03  7.20222e-03
1.398541664e+00  7.1612645e-03  2.71545e-04  1.00000e+00  7.19017e-03  7.23608e-03
1.399007844e+00  6.9837597e-03  2.70494e-04  1.00000e+00  7.13026e-03  7.17582e-03
1.399474180e+00  6.8191269e-03  2.68392e-04  1.00000e+00  7.01340e-03  7.05827e-03
1.399940672e+00  6.7273534e-03  2.66159e-04  1.00000e+00  6.89034e-03  6.93449e-03
1.400407318e+00  6.7418393e-03  2.64705e-04  1.00000e+00  6.80993e-03  6.85364e-03
1.400874121e+00  6.8608619e-03  2.64646e-04  1.00000e+00  6.80426e-03  6.84803e-03
1.401341079e+00  7.0513157e-03  2.66112e-04  1.00000e+00  6.88022e-03  6.92457e-03
1.401808193e+00  7.2626834e-03  2.68747e-04  1.00000e+00  7.01984e-03  7.06518e-03
1.402275462e+00  7.4454162e-03  2.71893e-04  1.00000e+00  7.18876e-03  7.23525e-03
1.402742887e+00  7.5665936e-03  2.74849e-04  1.00000e+00  7.34905e-03  7.39664e-03
1.403210468e+00  7.6177046e-03  2.77100e-04  1.00000e+00  7.47159e-03  7.52003e-03
1.403678205e+00  7.6127069e-03  2.78432e-04  1.00000e+00  7.54354e-03  7.59247e-03
1.404146098e+00  7.5787393e-03  2.78933e-04  1.00000e+00  7.56906e-03  7.61818e-03
1.404614146e+00  7.5444631e-03  2.78895e-04  1.00000e+00  7.56445e-03  7.61355e-03
1.405082351e+00  7.5308023e-03  2.78684e-04  1.00000e+00  7.55024e-03  7.59926e-03
1.405550712e+00  7.5472523e-03  2.78616e-04  1.00000e+00  7.54417e-03  7.59316e-03
1.406019229e+00  7.5937886e-03  2.78887e-04  1.00000e+00  7.55728e-03  7.60636e-03
1.406487902e+00  7.6662218e-03  2.79573e-04  1.00000e+00  7.59382e-03  7.64316e-03
1.406956731e+00  7.7618210e-03  2.80677e-04  1.00000e+00  7.65411e-03  7.70387e-03
1.407425717e+00  7.8826539e-03  2.82195e-04  1.00000e+00  7.73817e-03  7.78852e-03
1.407894859e+00  8.0354422e-03  2.84162e-04  1.00000e+00  7.84833e-03  7.89946e-03
1.408364157e+00  8.2281855e-03  2.86657e-04  1.00000e+00  7.98960e-03  8.04171e-03
1.408833612e+00  8.4651042e-03  2.89765e-04  1.00000e+00  8.16764e-03  8.22099e-03
1.409303223e+00  8.7418725e-03  2.93515e-04  1.00000e+00  8.38533e-03  8.44018e-03
1.409772991e+00  9.0433291e-03  2.97827e-04  1.00000e+00  8.63918e-03  8.69577e-03
1.410242915e+00  9.3448659e-03  3.02484e-04  1.00000e+00  8.91738e-03  8.97586e-03
1.410712996e+00  9.6176555e-03  3.07154e-04  1.00000e+00  9.20046e-03  9.26086e-03
1.411183234e+00  9.8365019e-03  3.11463e-04  1.00000e+00  9.46501e-03  9.52721e-03
1.411653628e+00  9.9879242e-03  3.15086e-04  1.00000e+00  9.68958e-03  9.75331e-03
1.412124179e+00  1.0075416e-02  3.17837e-04  1.00000e+00  9.86097e-03  9.92588e-03
1.412594887e+00  1.0119744e-02  3.19732e-04  1.00000e+00  9.97882e-03  1.00446e-02
1.413065752e+00  1.0153244e-02  3.20993e-04  1.00000e+00  1.00565e-02  1.01228e-02
1.413536774e+00  1.0209440e-02  3.21988e-04  1.00000e+00  1.01174e-02  1.01842e-02
1.414007953e+00  1.0311188e-02  3.23121e-04  1.00000e+00  1.01875e-02  1.02549e-02
1.414479289e+00  1.0461647e-02  3.24691e-04  1.00000e+00  1.02864e-02  1.03545e-02
1.414950782e+00  1.0641873e-02  3.26779e-04  1.00000e+00  1.04196e-02  1.04887e-02
1.415422432e+00  1.0816389e-02  3.29205e-04  1.00000e+00  1.05760e-02  1.06462e-02
1.415894240e+00  1.0945510e-02  3.31591e-04  1.00000e+00  1.07307e-02  1.08021e-02
1.416366205e+00  1.0999961e-02  3.33490e-04  1.00000e+00  1.08541e-02  1.09263e-02
1.416838327e+00  1.0972483e-02  3.34552e-04  1.00000e+00  1.09218e-02  1.09945e-02
1.417310606e+00  1.0881942e-02  3.34650e-04  1.00000e+00  1.09249e-02  1.09978e-02
1.417783043e+00  1.0768420e-02  3.33944e-04  1.00000e+00  1.08741e-02  1.09467e-02
1.418255637e+00  1.0681004e-02  3.32850e-04  1.00000e+00  1.07974e-02  1.08695e-02
1.418728389e+00  1.0662623e-02  3.31927e-04  1.00000e+00  1.07321e-02  1.08039e-02
1.419201299e+00  1.0737305e-02  3.31712e-04  1.00000e+00  1.07137e-02  1.07854e-02
1.419674366e+00  1.0904102e-02  3.32557e-04  1.00000e+00  1.07656e-02  1.08378e-02
1.420147591e+00  1.1139395e-02  3.34534e-04  1.00000e+00  1.08932e-02  1.09663e-02
1.420620973e+00  1.1406219e-02  3.37430e-04  1.00000e+00  1.10835e-02  1.11579e-02
1.421094513e+00  1.1666863e-02  3.40849e-04  1.00000e+00  1.13111e-02  1.13871e-02
1.421568212e+00  1.1893930e-02  3.44353e-04  1.00000e+00  1.15470e-02  1.16247e-02
1.422042068e+00  1.2076352e-02  3.47592e-04  1.00000e+00  1.17671e-02  1.18463e-02
1.422516082e+00  1.2218634e-02  3.50381e-04  1.00000e+00  1.19578e-02  1.20384e-02
1.422990254e+00  1.2334688e-02  3.52705e-04  1.00000e+00  1.21174e-02  1.21991e-02
1.423464584e+00  1.2439558e-02  3.54665e-04  1.00000e+00  1.22523e-02  1.23350e-02
1.423939072e+00  1.2542474e-02  3.56399e-04  1.00000e+00  1.23718e-02  1.24555e-02
1.424413718e+00  1.2643973e-02  3.58009e-04  1.00000e+00  1.24830e-02  1.25675e-02
1.424888523e+00  1.2737497e-02  3.59521e-04  1.00000e+00  1.25877e-02  1.26730e-02
1.425363486e+00  1.2813881e-02  3.60896e-04  1.00000e+00  1.26826e-02  1.27687e-02
1.425838607e+00  1.2865974e-02  3.62054e-04  1.00000e+00  1.27621e-02  1.28489e-02
1.426313887e+00  1.2891217e-02  3.62927e-04  1.00000e+00  1.28209e-02  1.29082e-02
1.426789324e+00  1.2890891e-02  3.63480e-04  1.00000e+00  1.28560e-02  1.29437e-02
1.427264921e+00  1.2867034e-02  3.63709e-04  1.00000e+00  1.28670e-02  1.29550e-02
1.427740676e+00  1.2818931e-02  3.63619e-04  1.00000e+00  1.28542e-02  1.29423e-02
1.428216589e+00  1.2741813e-02  3.63190e-04  1.00000e+00  1.28162e-02  1.29043e-02
1.428692662e+00  1.2629027e-02  3.62370e-04  1.00000e+00  1.27497e-02  1.28375e-02
1.429168893e+00  1.2477039e-02  3.61089e-04  1.00000e+00  1.26501e-02  1.27375e-02
1.429645282e+00  1.2291166e-02  3.59311e-04  1.00000e+00  1.25158e-02  1.26025e-02
1.430121831e+00  1.2088750e-02  3.57090e-04  1.00000e+00  1.23515e-02  1.24372e-02
1.430598538e+00  1.1897612e-02  3.54610e-04  1.00000e+00  1.21709e-02  1.22555e-02
1.431075404e+00  1.1749499e-02  3.52177e-04  1.00000e+00  1.19959e-02  1.20794e-02
1.431552429e+00  1.1670869e-02  3.50164e-04  1.00000e+00  1.18521e-02  1.19346e-02
1.432029613e+00  1.1674481e-02  3.48908e-04  1.00000e+00  1.17620e-02  1.18438e-02
1.432506957e+00  1.1755227e-02  3.48613e-04  1.00000e+00  1.17387e-02  1.18203e-02
1.432984459e+00  1.1891614e-02  3.49284e-04  1.00000e+00  1.17818e-02  1.18638e-02
1.433462120e+00  1.2052349e-02  3.50725e-04  1.00000e+00  1.18779e-02  1.19606e-02
1.433939941e+00  1.2205505e-02  3.52604e-04  1.00000e+00  1.20044e-02  1.20880e-02
1.434417921e+00  1.2327013e-02  3.54554e-04  1.00000e+00  1.21358e-02  1.22205e-02
1.434896060e+00  1.2406224e-02  3.56271e-04  1.00000e+00  1.22511e-02  1.23367e-02
1.435374359e+00  1.2447182e-02  3.57585e-04  1.00000e+00  1.23379e-02  1.24243e-02
1.435852817e+00  1.2465664e-02  3.58484e-04  1.00000e+00  1.23955e-02  1.24825e-02
1.436331435e+00  1.2483432e-02  3.59098e-04  1.00000e+00  1.24329e-02  1.25203e-02
1.436810212e+00  1.2521333e-02  3.59640e-04  1.00000e+00  1.24653e-02  1.25532e-02
1.437289149e+00  1.2593425e-02  3.60339e-04  1.00000e+00  1.25091e-02  1.25976e-02
1.437768245e+00  1.2703820e-02  3.61373e-04  1.00000e+00  1.25771e-02  1.26663e-02
1.438247501e+00  1.2846774e-02  3.62820e-04  1.00000e+00  1.26749e-02  1.27651e-02
1.438726917e+00  1.3009709e-02  3.64648e-04  1.00000e+00  1.28007e-02  1.28920e-02
1.439206493e+00  1.3177710e-02  3.66745e-04  1.00000e+00  1.29467e-02  1.30392e-02
1.439686228e+00  1.3337603e-02  3.68957e-04  1.00000e+00  1.31018e-02  1.31956e-02
1.440166123e+00  1.3480210e-02  3.71131e-04  1.00000e+00  1.32549e-02  1.33499e-02
1.440646179e+00  1.3600379e-02  3.73145e-04  1.00000e+00  1.33970e-02  1.34932e-02
1.441126394e+00  1.3695441e-02  3.74916e-04  1.00000e+00  1.35219e-02  1.36191e-02
1.441606770e+00  1.3763613e-02  3.76389e-04  1.00000e+00  1.36252e-02  1.37233e-02
1.442087305e+00  1.3803614e-02  3.77527e-04  1.00000e+00  1.37041e-02  1.38028e-02
1.442568001e+00  1.3816202e-02  3.78308e-04  1.00000e+00  1.37568e-02  1.38560e-02
1.443048857e+00  1.3807001e-02  3.78742e-04  1.00000e+00  1.37839e-02  1.38834e-02
1.443529873e+00  1.3788646e-02  3.78897e-04  1.00000e+00  1.37903e-02  1.38900e-02
1.444011050e+00  1.3780534e-02  3.78913e-04  1.00000e+00  1.37864e-02  1.38862e-02
1.444492387e+00  1.3804775e-02  3.79007e-04  1.00000e+00  1.37879e-02  1.38879e-02
1.444973884e+00  1.3879081e-02  3.79421e-04  1.00000e+00  1.38127e-02  1.39131e-02
1.445455542e+00  1.4008901e-02  3.80358e-04  1.00000e+00  1.38758e-02  1.39770e-02
1.445937361e+00  1.4182363e-02  3.81897e-04  1.00000e+00  1.39833e-02  1.40855e-02
1.446419340e+00  1.4370704e-02  3.83931e-04  1.00000e+00  1.41279e-02  1.42314e-02
1.446901480e+00  1.4535327e-02  3.86180e-04  1.00000e+00  1.42888e-02  1.43938e-02
1.447383780e+00  1.4639624e-02  3.88249e-04  1.00000e+00  1.44369e-02  1.45432e-02
1.447866242e+00  1.4661758e-02  3.89752e-04  1.00000e+00  1.45425e-02  1.46500e-02
1.448348864e+00  1.4603721e-02  3.90432e-04  1.00000e+00  1.45861e-02  1.46941e-02
1.448831647e+00  1.4493048e-02  3.90260e-04  1.00000e+00  1.45650e-02  1.46731e-02
1.449314591e+00  1.4376330e-02  3.89464e-04  1.00000e+00  1.44970e-02  1.46048e-02
1.449797695e+00  1.4306317e-02  3.88486e-04  1.00000e+00  1.44157e-02  1.45231e-02
1.450280961e+00  1.4326972e-02  3.87873e-04  1.00000e+00  1.43624e-02  1.44697e-02
1.450764388e+00  1.4461417e-02  3.88124e-04  1.00000e+00  1.43746e-02  1.44822e-02
1.451247976e+00  1.4706697e-02  3.89552e-04  1.00000e+00  1.44761e-02  1.45847e-02
1.451731726e+00  1.5036460e-02  3.92202e-04  1.00000e+00  1.46711e-02  1.47814e-02
1.452215636e+00  1.5410295e-02  3.95861e-04  1.00000e+00  1.49450e-02  1.50576e-02
1.452699708e+00  1.5785741e-02  4.00140e-04  1.00000e+00  1.52696e-02  1.53848e-02
1.453183941e+00  1.6129033e-02  4.04597e-04  1.00000e+00  1.56115e-02  1.57296e-02
1.453668336e+00  1.6421277e-02  4.08854e-04  1.00000e+00  1.59411e-02  1.60620e-02
1.454152892e+00  1.6658950e-02  4.12663e-04  1.00000e+00  1.62381e-02  1.63615e-02
1.454637610e+00  1.6849648e-02  4.15926e-04  1.00000e+00  1.64934e-02  1.66190e-02
1.455122489e+00  1.7005500e-02  4.18662e-04  1.00000e+00  1.67075e-02  1.68350e-02
1.455607530e+00  1.7136809e-02  4.20953e-04  1.00000e+00  1.68864e-02  1.70156e-02
1.456092732e+00  1.7248111e-02  4.22888e-04  1.00000e+00  1.70368e-02  1.71673e-02
1.456578097e+00  1.7337191e-02  4.24517e-04  1.00000e+00  1.71625e-02  1.72942e-02
1.457063623e+00  1.7397063e-02  4.25836e-04  1.00000e+00  1.72632e-02  1.73958e-02
1.457549310e+00  1.7419650e-02  4.26797e-04  1.00000e+00  1.73348e-02  1.74681e-02
1.458035160e+00  1.7399622e-02  4.27334e-04  1.00000e+00  1.73719e-02  1.75056e-02
1.458521172e+00  1.7337201e-02  4.27396e-04  1.00000e+00  1.73706e-02  1.75044e-02
1.459007346e+00  1.7238892e-02  4.26979e-04  1.00000e+00  1.73304e-02  1.74640e-02
1.459493681e+00  1.7116070e-02  4.26131e-04  1.00000e+00  1.72557e-02  1.73887e-02
1.459980179e+00  1.6981907e-02  4.24953e-04  1.00000e+00  1.71545e-02  1.72869e-02
1.460466839e+00  1.6847836e-02  4.23570e-04  1.00000e+00  1.70372e-02  1.71687e-02
1.460953662e+00  1.6720594e-02  4.22101e-04  1.00000e+00  1.69132e-02  1.70440e-02
1.461440646e+00  1.6601142e-02  4.20634e-04  1.00000e+00  1.67895e-02  1.69195e-02
1.461927793e+00  1.6485437e-02  4.19204e-04  1.00000e+00  1.66685e-02  1.67977e-02
1.462415102e+00  1.6366949e-02  4.17797e-04  1.00000e+00  1.65491e-02  1.66775e-02
1.462902574e+00  1.6240074e-02  4.16368e-04  1.00000e+00  1.64275e-02  1.65551e-02
1.463390208e+00  1.6103109e-02  4.14870e-04  1.00000e+00  1.63003e-02  1.64271e-02
1.463878005e+00  1.5959916e-02  4.13282e-04  1.00000e+00  1.61663e-02  1.62923e-02
1.464365964e+00  1.5819385e-02  4.11634e-04  1.00000e+00  1.60283e-02  1.61533e-02
1.464854086e+00  1.5692574e-02  4.10000e-04  1.00000e+00  1.58927e-02  1.60168e-02
1.465342371e+00  1.5588353e-02  4.08482e-04  1.00000e+00  1.57676e-02  1.58908e-02
1.465830819e+00  1.5509032e-02  4.07168e-04  1.00000e+00  1.56600e-02  1.57824e-02
1.466319429e+00  1.5447978e-02  4.06088e-04  1.00000e+00  1.55719e-02  1.56937e-02
1.466808202e+00  1.5390578e-02  4.05191e-04  1.00000e+00  1.54991e-02  1.56203e-02
1.467297138e+00  1.5318856e-02  4.04349e-04  1.00000e+00  1.54308e-02  1.55516e-02
1.467786237e+00  1.5218445e-02  4.03391e-04  1.00000e+00  1.53536e-02  1.54738e-02
1.468275499e+00  1.5085343e-02  4.02175e-04  1.00000e+00  1.52560e-02  1.53755e-02
1.468764924e+00  1.4929889e-02  4.00649e-04  1.00000e+00  1.51339e-02  1.52525e-02
1.469254513e+00  1.4776046e-02  3.98898e-04  1.00000e+00  1.49941e-02  1.51117e-02
1.469744264e+00  1.4656083e-02  3.97151e-04  1.00000e+00  1.48542e-02  1.49709e-02
1.470234179e+00  1.4602197e-02  3.95738e-04  1.00000e+00  1.47395e-02  1.48555e-02
1.470724257e+00  1.4637688e-02  3.95011e-04  1.00000e+00  1.46767e-02  1.47924e-02
1.471214498e+00  1.4770506e-02  3.95249e-04  1.00000e+00  1.46869e-02  1.48029e-02
1.471704903e+00  1.4990635e-02  3.96581e-04  1.00000e+00  1.47803e-02  1.48973e-02
1.472195471e+00  1.5272116e-02  3.98941e-04  1.00000e+00  1.49527e-02  1.50714e-02
1.472686203e+00  1.5578625e-02  4.02080e-04  1.00000e+00  1.51865e-02  1.53073e-02
1.473177099e+00  1.5871151e-02  4.05622e-04  1.00000e+00  1.54536e-02  1.55768e-02
1.473668158e+00  1.6115851e-02  4.09148e-04  1.00000e+00  1.57219e-02  1.58475e-02
1.474159380e+00  1.6290216e-02  4.12276e-04  1.00000e+00  1.59610e-02  1.60887e-02
1.474650767e+00  1.6386196e-02  4.14730e-04  1.00000e+00  1.61481e-02  1.62775e-02
1.475142317e+00  1.6409840e-02  4.16375e-04  1.00000e+00  1.62713e-02  1.64020e-02
1.475634031e+00  1.6377701e-02  4.17218e-04  1.00000e+00  1.63305e-02  1.64620e-02
1.476125909e+00  1.6311513e-02  4.17383e-04  1.00000e+00  1.63353e-02  1.64671e-02
1.476617951e+00  1.6232788e-02  4.17067e-04  1.00000e+00  1.63014e-02  1.64332e-02
1.477110157e+00  1.6159149e-02  4.16487e-04  1.00000e+00  1.62464e-02  1.63781e-02
1.477602527e+00  1.6103034e-02  4.15843e-04  1.00000e+00  1.61867e-02  1.63182e-02
1.478095061e+00  1.6072591e-02  4.15301e-04  1.00000e+00  1.61355e-02  1.62669e-02
1.478587760e+00  1.6073536e-02  4.14984e-04  1.00000e+00  1.61027e-02  1.62341e-02
1.479080622e+00  1.6110438e-02  4.14988e-04  1.00000e+00  1.60959e-02  1.62275e-02
1.479573649e+00  1.6186535e-02  4.15386e-04  1.00000e+00  1.61207e-02  1.62528e-02
1.480066840e+00  1.6302110e-02  4.16227e-04  1.00000e+00  1.61810e-02  1.63138e-02
1.480560196e+00  1.6452363e-02  4.17522e-04  1.00000e+00  1.62775e-02  1.64113e-02
1.481053716e+00  1.6626239e-02  4.19225e-04  1.00000e+00  1.64068e-02  1.65418e-02
1.481547401e+00  1.6807283e-02  4.21226e-04  1.00000e+00  1.65601e-02  1.66965e-02
1.482041250e+00  1.6976651e-02  4.23357e-04  1.00000e+00  1.67244e-02  1.68624e-02
1.482535264e+00  1.7117411e-02  4.25425e-04  1.00000e+00  1.68841e-02  1.70237e-02
1.483029442e+00  1.7218750e-02  4.27248e-04  1.00000e+00  1.70246e-02  1.71655e-02
1.483523785e+00  1.7278588e-02  4.28698e-04  1.00000e+00  1.71351e-02  1.72772e-02
1.484018293e+00  1.7303827e-02  4.29727e-04  1.00000e+00  1.72117e-02  1.73546e-02
1.484512966e+00  1.7308309e-02  4.30376e-04  1.00000e+00  1.72573e-02  1.74008e-02
1.485007804e+00  1.7309201e-02  4.30761e-04  1.00000e+00  1.72814e-02  1.74253e-02
1.485502806e+00  1.7323019e-02  4.31042e-04  1.00000e+00  1.72969e-02  1.74413e-02
1.485997974e+00  1.7362219e-02  4.31389e-04  1.00000e+00  1.73179e-02  1.74628e-02
1.486493306e+00  1.7433141e-02  4.31944e-04  1.00000e+00  1.73559e-02  1.75013e-02
1.486988804e+00  1.7535478e-02  4.32794e-04  1.00000e+00  1.74181e-02  1.75644e-02
1.487484467e+00  1.7663160e-02  4.33965e-04  1.00000e+00  1.75067e-02  1.76540e-02
1.487980295e+00  1.7806328e-02  4.35416e-04  1.00000e+00  1.76187e-02  1.77673e-02
1.488476289e+00  1.7953784e-02  4.37065e-04  1.00000e+00  1.77474e-02  1.78973e-02
1.488972447e+00  1.8095375e-02  4.38805e-04  1.00000e+00  1.78840e-02  1.80352e-02
1.489468772e+00  1.8223733e-02  4.40529e-04  1.00000e+00  1.80198e-02  1.81723e-02
1.489965261e+00  1.8335046e-02  4.42152e-04  1.00000e+00  1.81476e-02  1.83014e-02
1.490461916e+00  1.8428735e-02  4.43620e-04  1.00000e+00  1.82629e-02  1.84178e-02
1.490958737e+00  1.8506318e-02  4.44909e-04  1.00000e+00  1.83634e-02  1.85194e-02
1.491455723e+00  1.8570047e-02  4.46018e-04  1.00000e+00  1.84492e-02  1.86061e-02
1.491952875e+00  1.8621827e-02  4.46962e-04  1.00000e+00  1.85211e-02  1.86788e-02
1.492450193e+00  1.8662936e-02  4.47756e-04  1.00000e+00  1.85803e-02  1.87388e-02
1.492947676e+00  1.8694444e-02  4.48416e-04  1.00000e+00  1.86281e-02  1.87872e-02
1.493445325e+00  1.8718078e-02  4.48959e-04  1.00000e+00  1.86655e-02  1.88253e-02
1.493943140e+00  1.8736899e-02  4.49408e-04  1.00000e+00  1.86945e-02  1.88550e-02
1.494441121e+00  1.8755397e-02  4.49796e-04  1.00000e+00  1.87180e-02  1.88791e-02
1.494939269e+00  1.8778795e-02  4.50170e-04  1.00000e+00  1.87398e-02  1.89016e-02
1.495437582e+00  1.8811865e-02  4.50581e-04  1.00000e+00  1.87646e-02  1.89270e-02
1.495936061e+00  1.8857637e-02  4.51077e-04  1.00000e+00  1.87967e-02  1.89597e-02
1.496434706e+00  1.8916527e-02  4.51692e-04  1.00000e+00  1.88390e-02  1.90028e-02
1.496933518e+00  1.8986095e-02  4.52434e-04  1.00000e+00  1.88925e-02  1.90572e-02
1.497432496e+00  1.9061463e-02  4.53284e-04  1.00000e+00  1.89560e-02  1.91215e-02
1.497931640e+00  1.9136176e-02  4.54200e-04  1.00000e+00  1.90259e-02  1.91922e-02
1.498430950e+00  1.9203273e-02  4.55119e-04  1.00000e+00  1.90969e-02  1.92640e-02
1.498930427e+00  1.9256369e-02  4.55974e-04  1.00000e+00  1.91630e-02  1.93309e-02
1.499430071e+00  1.9290627e-02  4.56697e-04  1.00000e+00  1.92183e-02  1.93868e-02
1.499929881e+00  1.9303559e-02  4.57237e-04  1.00000e+00  1.92580e-02  1.94269e-02
1.500429857e+00  1.9295624e-02  4.57564e-04  1.00000e+00  1.92790e-02  1.94483e-02
1.500930001e+00  1.9270436e-02  4.57675e-04  1.00000e+00  1.92810e-02  1.94505e-02
1.501430311e+00  1.9234477e-02  4.57599e-04  1.00000e+00  1.92663e-02  1.94360e-02
1.501930787e+00  1.9196178e-02  4.57393e-04  1.00000e+00  1.92399e-02  1.94097e-02
1.502431431e+00  1.9164420e-02  4.57138e-04  1.00000e+00  1.92088e-02  1.93786e-02
1.502932242e+00  1.9146714e-02  4.56919e-04  1.00000e+00  1.91806e-02  1.93505e-02
1.503433219e+00  1.9147521e-02  4.56814e-04  1.00000e+00  1.91622e-02  1.93323e-02
1.503934363e+00  1.9167220e-02  4.56876e-04  1.00000e+00  1.91581e-02  1.93285e-02
1.504435675e+00  1.9202139e-02  4.57121e-04  1.00000e+00  1.91699e-02  1.93407e-02
1.504937153e+00  1.9245713e-02  4.57525e-04  1.00000e+00  1.91956e-02  1.93669e-02
1.505438799e+00  1.9290470e-02  4.58036e-04  1.00000e+00  1.92307e-02  1.94026e-02
1.505940612e+00  1.9330220e-02  4.58588e-04  1.00000e+00  1.92694e-02  1.94419e-02
1.506442592e+00  1.9361680e-02  4.59123e-04  1.00000e+00  1.93064e-02  1.94796e-02
1.506944740e+00  1.9385031e-02  4.59600e-04  1.00000e+00  1.93384e-02  1.95122e-02
1.507447055e+00  1.9403230e-02  4.60013e-04  1.00000e+00  1.93645e-02  1.95390e-02
1.507949537e+00  1.9420444e-02  4.60376e-04  1.00000e+00  1.93863e-02  1.95613e-02
1.508452187e+00  1.9440247e-02  4.60721e-04  1.00000e+00  1.94063e-02  1.95819e-02
1.508955004e+00  1.9464288e-02  4.61077e-04  1.00000e+00  1.94272e-02  1.96034e-02
1.509457989e+00  1.9491869e-02  4.61463e-04  1.00000e+00  1.94507e-02  1.96275e-02
1.509961142e+00  1.9520477e-02  4.61875e-04  1.00000e+00  1.94767e-02  1.96541e-02
1.510464462e+00  1.9546909e-02  4.62297e-04  1.00000e+00  1.95036e-02  1.96816e-02
1.510967950e+00  1.9568486e-02  4.62702e-04  1.00000e+00  1.95290e-02  1.97076e-02
1.511471606e+00  1.9583853e-02  4.63067e-04  1.00000e+00  1.95510e-02  1.97301e-02
1.511975430e+00  1.9593167e-02  4.63377e-04  1.00000e+00  1.95679e-02  1.97476e-02
1.512479422e+00  1.9597720e-02  4.63631e-04  1.00000e+00  1.95797e-02  1.97598e-02
1.512983582e+00  1.9599284e-02  4.63835e-04  1.00000e+00  1.95869e-02  1.97675e-02
1.513487910e+00  1.9599488e-02  4.64003e-04  1.00000e+00  1.95909e-02  1.97719e-02
1.513992406e+00  1.9599474e-02  4.64150e-04  1.00000e+00  1.95930e-02  1.97746e-02
1.514497070e+00  1.9599871e-02  4.64283e-04  1.00000e+00  1.95945e-02  1.97765e-02
1.515001902e+00  1.9601014e-02  4.64411e-04  1.00000e+00  1.95962e-02  1.97785e-02
1.515506903e+00  1.9603203e-02  4.64537e-04  1.00000e+00  1.95983e-02  1.97811e-02
1.516012072e+00  1.9606885e-02  4.64665e-04  1.00000e+00  1.96013e-02  1.97844e-02
1.516517409e+00  1.9612635e-02  4.64802e-04  1.00000e+00  1.96055e-02  1.97888e-02
1.517022915e+00  1.9621011e-02  4.64955e-04  1.00000e+00  1.96111e-02  1.97947e-02
1.517528589e+00  1.9632339e-02  4.65132e-04  1.00000e+00  1.96186e-02  1.98025e-02
1.518034432e+00  1.9646542e-02  4.65342e-04  1.00000e+00  1.96283e-02  1.98126e-02
1.518540444e+00  1.9663081e-02  4.65587e-04  1.00000e+00  1.96403e-02  1.98250e-02
1.519046624e+00  1.9681010e-02  4.65864e-04  1.00000e+00  1.96545e-02  1.98396e-02
1.519552973e+00  1.9699129e-02  4.66164e-04  1.00000e+00  1.96702e-02  1.98559e-02
1.520059490e+00  1.9716184e-02  4.66476e-04  1.00000e+00  1.96868e-02  1.98729e-02
1.520566177e+00  1.9731053e-02  4.66785e-04  1.00000e+00  1.97031e-02  1.98898e-02
1.521073032e+00  1.9742907e-02  4.67075e-04  1.00000e+00  1.97183e-02  1.99054e-02
1.521580057e+00  1.9751305e-02  4.67334e-04  1.00000e+00  1.97315e-02  1.99190e-02
1.522087250e+00  1.9756219e-02  4.67554e-04  1.00000e+00  1.97420e-02  1.99298e-02
1.522594612e+00  1.9758000e-02  4.67730e-04  1.00000e+00  1.97496e-02  1.99376e-02
1.523102144e+00  1.9757294e-02  4.67864e-04  1.00000e+00  1.97541e-02  1.99423e-02
1.523609845e+00  1.9754914e-02  4.67962e-04  1.00000e+00  1.97560e-02  1.99443e-02
1.524117715e+00  1.9751703e-02  4.68033e-04  1.00000e+00  1.97555e-02  1.99440e-02
1.524625754e+00  1.9748403e-02  4.68088e-04  1.00000e+00  1.97535e-02  1.99420e-02
1.525133962e+00  1.9745546e-02  4.68140e-04  1.00000e+00  1.97504e-02  1.99392e-02
1.525642340e+00  1.9743396e-02  4.68198e-04  1.00000e+00  1.97470e-02  1.99361e-02
1.526150888e+00  1.9741948e-02  4.68268e-04  1.00000e+00  1.97438e-02  1.99332e-02
1.526659605e+00  1.9740986e-02  4.68352e-04  1.00000e+00  1.97409e-02  1.99308e-02
1.527168491e+00  1.9740163e-02  4.68449e-04  1.00000e+00  1.97387e-02  1.99291e-02
1.527677547e+00  1.9739104e-02  4.68554e-04  1.00000e+00  1.97371e-02  1.99280e-02
1.528186773e+00  1.9737468e-02  4.68660e-04  1.00000e+00  1.97358e-02  1.99272e-02
1.528696169e+00  1.9734982e-02  4.68759e-04  1.00000e+00  1.97346e-02  1.99263e-02
1.529205734e+00  1.9731422e-02  4.68845e-04  1.00000e+00  1.97331e-02  1.99251e-02
1.529715470e+00  1.9726589e-02  4.68915e-04  1.00000e+00  1.97308e-02  1.99230e-02
1.530225375e+00  1.9720297e-02  4.68964e-04  1.00000e+00  1.97272e-02  1.99195e-02
1.530735450e+00  1.9712414e-02  4.68993e-04  1.00000e+00  1.97220e-02  1.99144e-02
1.531245695e+00  1.9702958e-02  4.69002e-04  1.00000e+00  1.97149e-02  1.99074e-02
1.531756110e+00  1.9692205e-02  4.68996e-04  1.00000e+00  1.97059e-02  1.98986e-02
1.532266696e+00  1.9680768e-02  4.68980e-04  1.00000e+00  1.96954e-02  1.98882e-02
1.532777451e+00  1.9669581e-02  4.68961e-04  1.00000e+00  1.96839e-02  1.98771e-02
1.533288377e+00  1.9659761e-02  4.68949e-04  1.00000e+00  1.96726e-02  1.98660e-02
1.533799473e+00  1.9652374e-02  4.68952e-04  1.00000e+00  1.96625e-02  1.98562e-02
1.534310740e+00  1.9648157e-02  4.68981e-04  1.00000e+00  1.96545e-02  1.98486e-02
1.534822176e+00  1.9647296e-02  4.69041e-04  1.00000e+00  1.96493e-02  1.98438e-02
1.535333784e+00  1.9649345e-02  4.69133e-04  1.00000e+00  1.96471e-02  1.98420e-02
1.535845562e+00  1.9653322e-02  4.69255e-04  1.00000e+00  1.96477e-02  1.98429e-02
1.536357510e+00  1.9657961e-02  4.69398e-04  1.00000e+00  1.96502e-02  1.98458e-02
1.536869629e+00  1.9662054e-02  4.69553e-04  1.00000e+00  1.96536e-02  1.98497e-02
1.537381919e+00  1.9664773e-02  4.69706e-04  1.00000e+00  1.96571e-02  1.98536e-02
1.537894380e+00  1.9665866e-02  4.69851e-04  1.00000e+00  1.96598e-02  1.98568e-02
1.538407011e+00  1.9665685e-02  4.69982e-04  1.00000e+00  1.96615e-02  1.98589e-02
1.538919814e+00  1.9665033e-02  4.70099e-04  1.00000e+00  1.96623e-02  1.98601e-02
1.539432787e+00  1.9664909e-02  4.70209e-04  1.00000e+00  1.96627e-02  1.98608e-02
1.539945931e+00  1.9666217e-02  4.70320e-04  1.00000e+00  1.96633e-02  1.98618e-02
1.540459247e+00  1.9669546e-02  4.70440e-04  1.00000e+00  1.96648e-02  1.98637e-02
1.540972733e+00  1.9675058e-02  4.70577e-04  1.00000e+00  1.96677e-02  1.98669e-02
1.541486391e+00  1.9682498e-02  4.70735e-04  1.00000e+00  1.96722e-02  1.98718e-02
1.542000219e+00  1.9691313e-02  4.70916e-04  1.00000e+00  1.96782e-02  1.98783e-02
1.542514219e+00  1.9700804e-02  4.71117e-04  1.00000e+00  1.96853e-02  1.98859e-02
1.543028391e+00  1.9710283e-02  4.71334e-04  1.00000e+00  1.96932e-02  1.98943e-02
1.543542734e+00  1.9719195e-02  4.71560e-04  1.00000e+00  1.97013e-02  1.99031e-02
1.544057248e+00  1.9727173e-02  4.71790e-04  1.00000e+00  1.97092e-02  1.99117e-02
1.544571934e+00  1.9734046e-02  4.72017e-04  1.00000e+00  1.97167e-02  1.99199e-02
1.545086791e+00  1.9739802e-02  4.72238e-04  1.00000e+00  1.97237e-02  1.99275e-02
1.545601820e+00  1.9744525e-02  4.72448e-04  1.00000e+00  1.97300e-02  1.99344e-02
1.546117021e+00  1.9748337e-02  4.72645e-04  1.00000e+00  1.97356e-02  1.99407e-02
1.546632393e+00  1.9751348e-02  4.72828e-04  1.00000e+00  1.97405e-02  1.99462e-02
1.547147937e+00  1.9753641e-02  4.72996e-04  1.00000e+00  1.97447e-02  1.99509e-02
1.547663653e+00  1.9755260e-02  4.73150e-04  1.00000e+00  1.97481e-02  1.99548e-02
1.548179541e+00  1.9756229e-02  4.73291e-04  1.00000e+00  1.97508e-02  1.99579e-02
1.548695601e+00  1.9756563e-02  4.73420e-04  1.00000e+00  1.97525e-02  1.99601e-02
1.549211833e+00  1.9756283e-02  4.73539e-04  1.00000e+00  1.97534e-02  1.99614e-02
1.549728237e+00  1.9755430e-02  4.73650e-04  1.00000e+00  1.97535e-02  1.99619e-02
1.550244813e+00  1.9754075e-02  4.73756e-04  1.00000e+00  1.97528e-02  1.99616e-02
1.550761561e+00  1.9752332e-02  4.73858e-04  1.00000e+00  1.97514e-02  1.99607e-02
1.551278481e+00  1.9750365e-02  4.73959e-04  1.00000e+00  1.97495e-02  1.99593e-02
1.551795574e+00  1.9748384e-02  4.74059e-04  1.00000e+00  1.97475e-02  1.99578e-02
1.552312839e+00  1.9746624e-02  4.74160e-04  1.00000e+00  1.97456e-02  1.99564e-02
1.552830277e+00  1.9745307e-02  4.74262e-04  1.00000e+00  1.97441e-02  1.99553e-02
1.553347887e+00  1.9744595e-02  4.74365e-04  1.00000e+00  1.97433e-02  1.99549e-02
1.553865670e+00  1.9744544e-02  4.74468e-04  1.00000e+00  1.97432e-02  1.99552e-02
1.554383625e+00  1.9745072e-02  4.74572e-04  1.00000e+00  1.97438e-02  1.99560e-02
1.554901753e+00  1.9745959e-02  4.74675e-04  1.00000e+00  1.97448e-02  1.99572e-02
1.555420053e+00  1.9746878e-02  4.74776e-04  1.00000e+00  1.97459e-02  1.99586e-02
1.555938527e+00  1.9747449e-02  4.74877e-04  1.00000e+00  1.97467e-02  1.99596e-02
1.556457173e+00  1.9747316e-02  4.74975e-04  1.00000e+00  1.97468e-02  1.99600e-02
1.556975992e+00  1.9746214e-02  4.75071e-04  1.00000e+00  1.97460e-02  1.99595e-02
1.557494984e+00  1.9744026e-02  4.75166e-04  1.00000e+00  1.97441e-02  1.99581e-02
1.558014149e+00  1.9740795e-02  4.75259e-04  1.00000e+00  1.97412e-02  1.99556e-02
1.558533487e+00  1.9736713e-02  4.75350e-04  1.00000e+00  1.97373e-02  1.99524e-02
1.559052998e+00  1.9732074e-02  4.75439e-04  1.00000e+00  1.97329e-02  1.99486e-02
1.559572683e+00  1.9727213e-02  4.75527e-04  1.00000e+00  1.97282e-02  1.99445e-02
1.560092540e+00  1.9722445e-02  4.75614e-04  1.00000e+00  1.97236e-02  1.99406e-02
1.560612571e+00  1.9718001e-02  4.75700e-04  1.00000e+00  1.97193e-02  1.99369e-02
1.561132775e+00  1.9713976e-02  4.75784e-04  1.00000e+00  1.97155e-02  1.99337e-02
1.561653153e+00  1.9710267e-02  4.75866e-04  1.00000e+00  1.97122e-02  1.99309e-02
1.562173704e+00  1.9706510e-02  4.75942e-04  1.00000e+00  1.97093e-02  1.99284e-02
1.562694428e+00  1.9701990e-02  4.76011e-04  1.00000e+00  1.97062e-02  1.99257e-02
1.563215327e+00  1.9695592e-02  4.76065e-04  1.00000e+00  1.97023e-02  1.99220e-02
1.563736398e+00  1.9685743e-02  4.76095e-04  1.00000e+00  1.96964e-02  1.99164e-02
1.564257644e+00  1.9670440e-02  4.76088e-04  1.00000e+00  1.96871e-02  1.99073e-02
1.564779063e+00  1.9647333e-02  4.76026e-04  1.00000e+00  1.96727e-02  1.98932e-02
1.565300656e+00  1.9613909e-02  4.75886e-04  1.00000e+00  1.96512e-02  1.98718e-02
1.565822423e+00  1.9567772e-02  4.75642e-04  1.00000e+00  1.96204e-02  1.98412e-02
1.566344364e+00  1.9507009e-02  4.75269e-04  1.00000e+00  1.95784e-02  1.97992e-02
1.566866478e+00  1.9430618e-02  4.74741e-04  1.00000e+00  1.95234e-02  1.97442e-02
1.567388767e+00  1.9338947e-02  4.74043e-04  1.00000e+00  1.94544e-02  1.96749e-02
1.567911230e+00  1.9234068e-02  4.73171e-04  1.00000e+00  1.93714e-02  1.95915e-02
1.568433867e+00  1.9119998e-02  4.72139e-04  1.00000e+00  1.92758e-02  1.94953e-02
1.568956679e+00  1.9002627e-02  4.70983e-04  1.00000e+00  1.91707e-02  1.93894e-02
1.569479664e+00  1.8889291e-02  4.69761e-04  1.00000e+00  1.90606e-02  1.92785e-02
1.570002824e+00  1.8787954e-02  4.68549e-04  1.00000e+00  1.89518e-02  1.91688e-02
1.570526158e+00  1.8706058e-02  4.67434e-04  1.00000e+00  1.88511e-02  1.90675e-02
1.571049667e+00  1.8649253e-02  4.66501e-04  1.00000e+00  1.87653e-02  1.89812e-02
1.571573350e+00  1.8620242e-02  4.65823e-04  1.00000e+00  1.87001e-02  1.89158e-02
1.572097208e+00  1.8618090e-02  4.65440e-04  1.00000e+00  1.86587e-02  1.88745e-02
1.572621240e+00  1.8638211e-02  4.65360e-04  1.00000e+00  1.86417e-02  1.88579e-02
1.573145448e+00  1.8673148e-02  4.65547e-04  1.00000e+00  1.86462e-02  1.88632e-02
1.573669829e+00  1.8714028e-02  4.65935e-04  1.00000e+00  1.86670e-02  1.88848e-02
1.574194386e+00  1.8752383e-02  4.66436e-04  1.00000e+00  1.86969e-02  1.89159e-02
1.574719117e+00  1.8781898e-02  4.66960e-04  1.00000e+00  1.87289e-02  1.89489e-02
1.575244024e+00  1.8799616e-02  4.67433e-04  1.00000e+00  1.87568e-02  1.89778e-02
1.575769105e+00  1.8806322e-02  4.67811e-04  1.00000e+00  1.87771e-02  1.89990e-02
1.576294361e+00  1.8806008e-02  4.68084e-04  1.00000e+00  1.87891e-02  1.90118e-02
1.576819793e+00  1.8804622e-02  4.68279e-04  1.00000e+00  1.87949e-02  1.90182e-02
1.577345400e+00  1.8808476e-02  4.68444e-04  1.00000e+00  1.87985e-02  1.90225e-02
1.577871181e+00  1.8822761e-02  4.68641e-04  1.00000e+00  1.88049e-02  1.90295e-02
1.578397138e+00  1.8850532e-02  4.68925e-04  1.00000e+00  1.88185e-02  1.90438e-02
1.578923271e+00  1.8892350e-02  4.69334e-04  1.00000e+00  1.88426e-02  1.90686e-02
1.579449579e+00  1.8946547e-02  4.69886e-04  1.00000e+00  1.88784e-02  1.91053e-02
1.579976062e+00  1.9009924e-02  4.70573e-04  1.00000e+00  1.89255e-02  1.91535e-02
1.580502720e+00  1.9078603e-02  4.71373e-04  1.00000e+00  1.89819e-02  1.92109e-02
1.581029555e+00  1.9148794e-02  4.72248e-04  1.00000e+00  1.90446e-02  1.92749e-02
1.581556564e+00  1.9217299e-02  4.73162e-04  1.00000e+00  1.91106e-02  1.93420e-02
1.582083750e+00  1.9281737e-02  4.74077e-04  1.00000e+00  1.91768e-02  1.94094e-02
1.582611111e+00  1.9340541e-02  4.74965e-04  1.00000e+00  1.92407e-02  1.94745e-02
1.583138648e+00  1.9392822e-02  4.75804e-04  1.00000e+00  1.93004e-02  1.95354e-02
1.583666361e+00  1.9438212e-02  4.76578e-04  1.00000e+00  1.93548e-02  1.95909e-02
1.584194250e+00  1.9476721e-02  4.77279e-04  1.00000e+00  1.94029e-02  1.96402e-02
1.584722315e+00  1.9508648e-02  4.77905e-04  1.00000e+00  1.94447e-02  1.96830e-02
1.585250555e+00  1.9534510e-02  4.78456e-04  1.00000e+00  1.94802e-02  1.97195e-02
1.585778972e+00  1.9554981e-02  4.78936e-04  1.00000e+00  1.95096e-02  1.97500e-02
1.586307565e+00  1.9570820e-02  4.79349e-04  1.00000e+00  1.95337e-02  1.97749e-02
1.586836335e+00  1.9582805e-02  4.79702e-04  1.00000e+00  1.95530e-02  1.97950e-02
1.587365280e+00  1.9591657e-02  4.80003e-04  1.00000e+00  1.95681e-02  1.98109e-02
1.587894402e+00  1.9597993e-02  4.80260e-04  1.00000e+00  1.95798e-02  1.98232e-02
1.588423700e+00  1.9602303e-02  4.80480e-04  1.00000e+00  1.95885e-02  1.98326e-02
1.588953174e+00  1.9604947e-02  4.80668e-04  1.00000e+00  1.95948e-02  1.98394e-02
1.589482825e+00  1.9606174e-02  4.80832e-04  1.00000e+00  1.95989e-02  1.98441e-02
1.590012653e+00  1.9606144e-02  4.80976e-04  1.00000e+00  1.96012e-02  1.98469e-02
1.590542657e+00  1.9604941e-02  4.81104e-04  1.00000e+00  1.96019e-02  1.98482e-02
1.591072838e+00  1.9602576e-02  4.81219e-04  1.00000e+00  1.96011e-02  1.98480e-02
1.591603196e+00  1.9598966e-02  4.81322e-04  1.00000e+00  1.95990e-02  1.98465e-02
1.592133730e+00  1.9593882e-02  4.81413e-04  1.00000e+00  1.95956e-02  1.98438e-02
1.592664441e+00  1.9586891e-02  4.81490e-04  1.00000e+00  1.95907e-02  1.98396e-02
1.593195330e+00  1.9577278e-02  4.81548e-04  1.00000e+00  1.95841e-02  1.98337e-02
1.593726395e+00  1.9563974e-02  4.81578e-04  1.00000e+00  1.95752e-02  1.98255e-02
1.594257637e+00  1.9545512e-02  4.81569e-04  1.00000e+00  1.95630e-02  1.98139e-02
1.594789056e+00  1.9520045e-02  4.81502e-04  1.00000e+00  1.95463e-02  1.97977e-02
1.595320652e+00  1.9485455e-02  4.81358e-04  1.00000e+00  1.95233e-02  1.97752e-02
1.595852426e+00  1.9439575e-02  4.81113e-04  1.00000e+00  1.94922e-02  1.97444e-02
1.596384377e+00  1.9380539e-02  4.80742e-04  1.00000e+00  1.94509e-02  1.97033e-02
1.596916505e+00  1.9307227e-02  4.80225e-04  1.00000e+00  1.93977e-02  1.96501e-02
1.597448810e+00  1.9219731e-02  4.79548e-04  1.00000e+00  1.93314e-02  1.95836e-02
1.597981293e+00  1.9119771e-02  4.78707e-04  1.00000e+00  1.92518e-02  1.95037e-02
1.598513954e+00  1.9010938e-02  4.77717e-04  1.00000e+00  1.91602e-02  1.94116e-02
1.599046792e+00  1.8898663e-02  4.76610e-04  1.00000e+00  1.90594e-02  1.93102e-02
1.599579807e+00  1.8789847e-02  4.75439e-04  1.00000e+00  1.89540e-02  1.92040e-02
1.600113001e+00  1.8692118e-02  4.74275e-04  1.00000e+00  1.88497e-02  1.90990e-02
1.600646372e+00  1.8612773e-02  4.73199e-04  1.00000e+00  1.87532e-02  1.90017e-02
1.601179920e+00  1.8557566e-02  4.72292e-04  1.00000e+00  1.86710e-02  1.89190e-02
1.601713647e+00  1.8529553e-02  4.71624e-04  1.00000e+00  1.86087e-02  1.88563e-02
1.602247552e+00  1.8528304e-02  4.71241e-04  1.00000e+00  1.85697e-02  1.88171e-02
1.602781634e+00  1.8549728e-02  4.71153e-04  1.00000e+00  1.85546e-02  1.88021e-02
1.603315895e+00  1.8586659e-02  4.71332e-04  1.00000e+00  1.85610e-02  1.88089e-02
1.603850333e+00  1.8630162e-02  4.71716e-04  1.00000e+00  1.85837e-02  1.88322e-02
1.604384950e+00  1.8671293e-02  4.72221e-04  1.00000e+00  1.86157e-02  1.88650e-02
1.604919745e+00  1.8702889e-02  4.72752e-04  1.00000e+00  1.86495e-02  1.88997e-02
1.605454718e+00  1.8720920e-02  4.73230e-04  1.00000e+00  1.86786e-02  1.89297e-02
1.605989870e+00  1.8725086e-02  4.73600e-04  1.00000e+00  1.86987e-02  1.89506e-02
1.606525200e+00  1.8718528e-02  4.73842e-04  1.00000e+00  1.87082e-02  1.89609e-02
1.607060708e+00  1.8706828e-02  4.73971e-04  1.00000e+00  1.87085e-02  1.89618e-02
1.607596395e+00  1.8696606e-02  4.74031e-04  1.00000e+00  1.87033e-02  1.89572e-02
1.608132261e+00  1.8694125e-02  4.74083e-04  1.00000e+00  1.86976e-02  1.89520e-02
1.608668305e+00  1.8704171e-02  4.74190e-04  1.00000e+00  1.86966e-02  1.89516e-02
1.609204527e+00  1.8729394e-02  4.74408e-04  1.00000e+00  1.87048e-02  1.89604e-02
1.609740929e+00  1.8770121e-02  4.74774e-04  1.00000e+00  1.87251e-02  1.89815e-02
1.610277509e+00  1.8824573e-02  4.75304e-04  1.00000e+00  1.87587e-02  1.90161e-02
1.610814268e+00  1.8889380e-02  4.75990e-04  1.00000e+00  1.88049e-02  1.90634e-02
1.611351207e+00  1.8960256e-02  4.76805e-04  1.00000e+00  1.88615e-02  1.91213e-02
1.611888324e+00  1.9032725e-02  4.77710e-04  1.00000e+00  1.89253e-02  1.91864e-02
1.612425620e+00  1.9102757e-02  4.78660e-04  1.00000e+00  1.89925e-02  1.92551e-02
1.612963095e+00  1.9167222e-02  4.79611e-04  1.00000e+00  1.90595e-02  1.93236e-02
1.613500749e+00  1.9224119e-02  4.80524e-04  1.00000e+00  1.91232e-02  1.93889e-02
1.614038583e+00  1.9272575e-02  4.81371e-04  1.00000e+00  1.91813e-02  1.94486e-02
1.614576596e+00  1.9312670e-02  4.82135e-04  1.00000e+00  1.92327e-02  1.95014e-02
1.615114788e+00  1.9345165e-02  4.82811e-04  1.00000e+00  1.92767e-02  1.95468e-02
1.615653160e+00  1.9371207e-02  4.83398e-04  1.00000e+00  1.93137e-02  1.95851e-02
1.616191711e+00  1.9392065e-02  4.83904e-04  1.00000e+00  1.93444e-02  1.96169e-02
1.616730441e+00  1.9408917e-02  4.84340e-04  1.00000e+00  1.93696e-02  1.96432e-02
1.617269351e+00  1.9422718e-02  4.84715e-04  1.00000e+00  1.93905e-02  1.96649e-02
1.617808441e+00  1.9434136e-02  4.85042e-04  1.00000e+00  1.94076e-02  1.96828e-02
1.618347711e+00  1.9443547e-02  4.85328e-04  1.00000e+00  1.94216e-02  1.96975e-02
1.618887160e+00  1.9451097e-02  4.85583e-04  1.00000e+00  1.94329e-02  1.97095e-02
1.619426789e+00  1.9456786e-02  4.85811e-04  1.00000e+00  1.94417e-02  1.97190e-02
1.619966598e+00  1.9460575e-02  4.86017e-04  1.00000e+00  1.94482e-02  1.97262e-02
1.620506587e+00  1.9462476e-02  4.86203e-04  1.00000e+00  1.94524e-02  1.97313e-02
1.621046755e+00  1.9462609e-02  4.86373e-04  1.00000e+00  1.94547e-02  1.97345e-02
1.621587104e+00  1.9461210e-02  4.86528e-04  1.00000e+00  1.94553e-02  1.97360e-02
1.622127633e+00  1.9458605e-02  4.86668e-04  1.00000e+00  1.94545e-02  1.97362e-02
1.622668343e+00  1.9455148e-02  4.86794e-04  1.00000e+00  1.94527e-02  1.97354e-02
1.623209232e+00  1.9451158e-02  4.86907e-04  1.00000e+00  1.94504e-02  1.97339e-02
1.623750302e+00  1.9446879e-02  4.87008e-04  1.00000e+00  1.94475e-02  1.97319e-02
1.624291552e+00  1.9442460e-02  4.87099e-04  1.00000e+00  1.94445e-02  1.97295e-02
1.624832982e+00  1.9437968e-02  4.87179e-04  1.00000e+00  1.94412e-02  1.97267e-02
1.625374593e+00  1.9433423e-02  4.87251e-04  1.00000e+00  1.94377e-02  1.97237e-02
1.625916385e+00  1.9428827e-02  4.87315e-04  1.00000e+00  1.94340e-02  1.97204e-02
1.626458357e+00  1.9424183e-02  4.87373e-04  1.00000e+00  1.94300e-02  1.97168e-02
1.627000510e+00  1.9419500e-02  4.87426e-04  1.00000e+00  1.94259e-02  1.97129e-02
1.627542843e+00  1.9414789e-02  4.87475e-04  1.00000e+00  1.94216e-02  1.97088e-02
1.628085358e+00  1.9410034e-02  4.87522e-04  1.00000e+00  1.94171e-02  1.97046e-02
1.628628053e+00  1.9405187e-02  4.87568e-04  1.00000e+00  1.94124e-02  1.97002e-02
1.629170929e+00  1.9400156e-02  4.87612e-04  1.00000e+00  1.94075e-02  1.96957e-02
1.629713986e+00  1.9394816e-02  4.87656e-04  1.00000e+00  1.94023e-02  1.96908e-02
1.630257224e+00  1.9389016e-02  4.87698e-04  1.00000e+00  1.93967e-02  1.96856e-02
1.630800643e+00  1.9382600e-02  4.87738e-04  1.00000e+00  1.93906e-02  1.96799e-02
1.631344243e+00  1.9375422e-02  4.87775e-04  1.00000e+00  1.93839e-02  1.96737e-02
1.631888025e+00  1.9367352e-02  4.87809e-04  1.00000e+00  1.93764e-02  1.96668e-02
1.632431987e+00  1.9358278e-02  4.87836e-04  1.00000e+00  1.93682e-02  1.96592e-02
1.632976131e+00  1.9348088e-02  4.87857e-04  1.00000e+00  1.93591e-02  1.96507e-02
1.633520457e+00  1.9336666e-02  4.87868e-04  1.00000e+00  1.93491e-02  1.96414e-02
1.634064963e+00  1.9323888e-02  4.87867e-04  1.00000e+00  1.93380e-02  1.96309e-02
1.634609652e+00  1.9309646e-02  4.87852e-04  1.00000e+00  1.93258e-02  1.96193e-02
1.635154522e+00  1.9293895e-02  4.87820e-04  1.00000e+00  1.93122e-02  1.96064e-02
1.635699573e+00  1.9276689e-02  4.87771e-04  1.00000e+00  1.92974e-02  1.95921e-02
1.636244806e+00  1.9258216e-02  4.87704e-04  1.00000e+00  1.92812e-02  1.95764e-02
1.636790221e+00  1.9238807e-02  4.87619e-04  1.00000e+00  1.92639e-02  1.95596e-02
1.637335818e+00  1.9218902e-02  4.87518e-04  1.00000e+00  1.92458e-02  1.95419e-02
1.637881597e+00  1.9199020e-02  4.87405e-04  1.00000e+00  1.92272e-02  1.95235e-02
1.638427557e+00  1.9179696e-02  4.87285e-04  1.00000e+00  1.92084e-02  1.95050e-02
1.638973700e+00  1.9161451e-02  4.87164e-04  1.00000e+00  1.91899e-02  1.94866e-02
1.639520024e+00  1.9144757e-02  4.87047e-04  1.00000e+00  1.91721e-02  1.94689e-02
1.640066531e+00  1.9130008e-02  4.86942e-04  1.00000e+00  1.91553e-02  1.94523e-02
1.640613220e+00  1.9117493e-02  4.86856e-04  1.00000e+00  1.91400e-02  1.94371e-02
1.641160091e+00  1.9107351e-02  4.86796e-04  1.00000e+00  1.91263e-02  1.94237e-02
1.641707144e+00  1.9099537e-02  4.86764e-04  1.00000e+00  1.91145e-02  1.94123e-02
1.642254380e+00  1.9093811e-02  4.86764e-04  1.00000e+00  1.91048e-02  1.94030e-02
1.642801798e+00  1.9089752e-02  4.86794e-04  1.00000e+00  1.90970e-02  1.93958e-02
1.643349399e+00  1.9086823e-02  4.86852e-04  1.00000e+00  1.90910e-02  1.93904e-02
1.643897182e+00  1.9084441e-02  4.86930e-04  1.00000e+00  1.90863e-02  1.93865e-02
1.644445147e+00  1.9082076e-02  4.87023e-04  1.00000e+00  1.90827e-02  1.93837e-02
1.644993296e+00  1.9079337e-02  4.87121e-04  1.00000e+00  1.90797e-02  1.93815e-02
1.645541627e+00  1.9076046e-02  4.87219e-04  1.00000e+00  1.90769e-02  1.93794e-02
1.646090141e+00  1.9072302e-02  4.87311e-04  1.00000e+00  1.90740e-02  1.93772e-02
1.646638838e+00  1.9068494e-02  4.87396e-04  1.00000e+00  1.90711e-02  1.93748e-02
1.647187717e+00  1.9065277e-02  4.87475e-04  1.00000e+00  1.90683e-02  1.93725e-02
1.647736780e+00  1.9063470e-02  4.87554e-04  1.00000e+00  1.90661e-02  1.93706e-02
1.648286025e+00  1.9063906e-02  4.87640e-04  1.00000e+00  1.90649e-02  1.93697e-02
1.648835454e+00  1.9067251e-02  4.87744e-04  1.00000e+00  1.90654e-02  1.93705e-02
1.649385066e+00  1.9073860e-02  4.87874e-04  1.00000e+00  1.90682e-02  1.93735e-02
1.649934861e+00  1.9083695e-02  4.88037e-04  1.00000e+00  1.90735e-02  1.93791e-02
1.650484839e+00  1.9096343e-02  4.88237e-04  1.00000e+00  1.90814e-02  1.93875e-02
1.651035001e+00  1.9111121e-02  4.88473e-04  1.00000e+00  1.90918e-02  1.93985e-02
1.651585346e+00  1.9127239e-02  4.88740e-04  1.00000e+00  1.91043e-02  1.94116e-02
1.652135874e+00  1.9143970e-02  4.89033e-04  1.00000e+00  1.91184e-02  1.94264e-02
1.652686586e+00  1.9160770e-02  4.89342e-04  1.00000e+00  1.91334e-02  1.94423e-02
1.653237482e+00  1.9177339e-02  4.89662e-04  1.00000e+00  1.91491e-02  1.94589e-02
1.653788561e+00  1.9193590e-02  4.89987e-04  1.00000e+00  1.91650e-02  1.94757e-02
1.654339824e+00  1.9209560e-02  4.90313e-04  1.00000e+00  1.91811e-02  1.94927e-02
1.654891270e+00  1.9225313e-02  4.90637e-04  1.00000e+00  1.91971e-02  1.95096e-02
1.655442901e+00  1.9240837e-02  4.90958e-04  1.00000e+00  1.92132e-02  1.95266e-02
1.655994715e+00  1.9255968e-02  4.91273e-04  1.00000e+00  1.92292e-02  1.95433e-02
1.656546713e+00  1.9270348e-02  4.91580e-04  1.00000e+00  1.92449e-02  1.95598e-02
1.657098895e+00  1.9283406e-02  4.91874e-04  1.00000e+00  1.92600e-02  1.95755e-02
1.657651262e+00  1.9294339e-02  4.92149e-04  1.00000e+00  1.92740e-02  1.95899e-02
1.658203812e+00  1.9302094e-02  4.92395e-04  1.00000e+00  1.92859e-02  1.96023e-02
1.658756547e+00  1.9305330e-02  4.92604e-04  1.00000e+00  1.92948e-02  1.96116e-02
1.659309466e+00  1.9302386e-02  4.92762e-04  1.00000e+00  1.92994e-02  1.96166e-02
1.659862569e+00  1.9291305e-02  4.92853e-04  1.00000e+00  1.92981e-02  1.96157e-02
1.660415856e+00  1.9269996e-02  4.92859e-04  1.00000e+00  1.92892e-02  1.96072e-02
1.660969328e+00  1.9236621e-02  4.92759e-04  1.00000e+00  1.92708e-02  1.95892e-02
1.661522985e+00  1.9190223e-02  4.92533e-04  1.00000e+00  1.92415e-02  1.95603e-02
1.662076826e+00  1.9131522e-02  4.92170e-04  1.00000e+00  1.92004e-02  1.95197e-02
1.662630851e+00  1.9063618e-02  4.91675e-04  1.00000e+00  1.91482e-02  1.94678e-02
1.663185062e+00  1.8992278e-02  4.91072e-04  1.00000e+00  1.90874e-02  1.94072e-02
1.663739457e+00  1.8925484e-02  4.90417e-04  1.00000e+00  1.90226e-02  1.93425e-02
1.664294036e+00  1.8872159e-02  4.89785e-04  1.00000e+00  1.89603e-02  1.92802e-02
1.664848801e+00  1.8840276e-02  4.89267e-04  1.00000e+00  1.89078e-02  1.92277e-02
1.665403751e+00  1.8834893e-02  4.88949e-04  1.00000e+00  1.88720e-02  1.91921e-02
1.665958885e+00  1.8856791e-02  4.88895e-04  1.00000e+00  1.88579e-02  1.91784e-02
1.666514205e+00  1.8902194e-02  4.89129e-04  1.00000e+00  1.88672e-02  1.91884e-02
1.667069710e+00  1.8963730e-02  4.89630e-04  1.00000e+00  1.88980e-02  1.92202e-02
1.667625400e+00  1.9032270e-02  4.90338e-04  1.00000e+00  1.89454e-02  1.92688e-02
1.668181275e+00  1.9099023e-02  4.91169e-04  1.00000e+00  1.90025e-02  1.93273e-02
1.668737335e+00  1.9157219e-02  4.92031e-04  1.00000e+00  1.90621e-02  1.93883e-02
1.669293581e+00  1.9202969e-02  4.92847e-04  1.00000e+00  1.91178e-02  1.94455e-02
1.669850012e+00  1.9235227e-02  4.93563e-04  1.00000e+00  1.91653e-02  1.94943e-02
1.670406629e+00  1.9255123e-02  4.94150e-04  1.00000e+00  1.92023e-02  1.95326e-02
1.670963431e+00  1.9265018e-02  4.94604e-04  1.00000e+00  1.92286e-02  1.95599e-02
1.671520419e+00  1.9267654e-02  4.94939e-04  1.00000e+00  1.92451e-02  1.95774e-02
1.672077592e+00  1.9265564e-02  4.95178e-04  1.00000e+00  1.92537e-02  1.95869e-02
1.672634951e+00  1.9260778e-02  4.95345e-04  1.00000e+00  1.92565e-02  1.95904e-02
1.673192496e+00  1.9254763e-02  4.95464e-04  1.00000e+00  1.92553e-02  1.95900e-02
1.673750227e+00  1.9248482e-02  4.95553e-04  1.00000e+00  1.92518e-02  1.95871e-02
1.674308144e+00  1.9242520e-02  4.95626e-04  1.00000e+00  1.92472e-02  1.95831e-02
1.674866247e+00  1.9237201e-02  4.95694e-04  1.00000e+00  1.92421e-02  1.95787e-02
1.675424535e+00  1.9232691e-02  4.95761e-04  1.00000e+00  1.92373e-02  1.95744e-02
1.675983010e+00  1.9229043e-02  4.95833e-04  1.00000e+00  1.92329e-02  1.95705e-02
1.676541671e+00  1.9226208e-02  4.95912e-04  1.00000e+00  1.92290e-02  1.95673e-02
1.677100519e+00  1.9223997e-02  4.96000e-04  1.00000e+00  1.92258e-02  1.95646e-02
1.677659552e+00  1.9222074e-02  4.96095e-04  1.00000e+00  1.92230e-02  1.95624e-02
1.678218772e+00  1.9219989e-02  4.96195e-04  1.00000e+00  1.92205e-02  1.95606e-02
1.678778178e+00  1.9217289e-02  4.96297e-04  1.00000e+00  1.92179e-02  1.95587e-02
1.679337771e+00  1.9213660e-02  4.96395e-04  1.00000e+00  1.92151e-02  1.95565e-02
1.679897550e+00  1.9209060e-02  4.96485e-04  1.00000e+00  1.92118e-02  1.95539e-02
1.680457516e+00  1.9203776e-02  4.96564e-04  1.00000e+00  1.92079e-02  1.95506e-02
1.681017668e+00  1.9198380e-02  4.96633e-04  1.00000e+00  1.92037e-02  1.95469e-02
1.681578008e+00  1.9193599e-02  4.96694e-04  1.00000e+00  1.91995e-02  1.95430e-02
1.682138534e+00  1.9190133e-02  4.96754e-04  1.00000e+00  1.91957e-02  1.95396e-02
1.682699247e+00  1.9188472e-02  4.96820e-04  1.00000e+00  1.91929e-02  1.95370e-02
1.683260146e+00  1.9188767e-02  4.96897e-04  1.00000e+00  1.91914e-02  1.95357e-02
1.683821233e+00  1.9190785e-02  4.96989e-04  1.00000e+00  1.91914e-02  1.95358e-02
1.684382507e+00  1.9193965e-02  4.97097e-04  1.00000e+00  1.91927e-02  1.95373e-02
1.684943968e+00  1.9197549e-02  4.97217e-04  1.00000e+00  1.91950e-02  1.95398e-02
1.685505616e+00  1.9200749e-02  4.97345e-04  1.00000e+00  1.91977e-02  1.95427e-02
1.686067451e+00  1.9202899e-02  4.97474e-04  1.00000e+00  1.92002e-02  1.95455e-02
1.686629473e+00  1.9203569e-02  4.97596e-04  1.00000e+00  1.92020e-02  1.95476e-02
1.687191683e+00  1.9202613e-02  4.97709e-04  1.00000e+00  1.92026e-02  1.95486e-02
1.687754080e+00  1.9200196e-02  4.97808e-04  1.00000e+00  1.92019e-02  1.95482e-02
1.688316665e+00  1.9196773e-02  4.97895e-04  1.00000e+00  1.92000e-02  1.95467e-02
1.688879437e+00  1.9193022e-02  4.97972e-04  1.00000e+00  1.91972e-02  1.95444e-02
1.689442397e+00  1.9189726e-02  4.98044e-04  1.00000e+00  1.91942e-02  1.95417e-02
1.690005545e+00  1.9187600e-02  4.98116e-04  1.00000e+00  1.91915e-02  1.95394e-02
1.690568880e+00  1.9187108e-02  4.98196e-04  1.00000e+00  1.91898e-02  1.95380e-02
1.691132403e+00  1.9188338e-02  4.98286e-04  1.00000e+00  1.91895e-02  1.95378e-02
1.691696113e+00  1.9190985e-02  4.98389e-04  1.00000e+00  1.91907e-02  1.95391e-02
1.692260012e+00  1.9194443e-02  4.98501e-04  1.00000e+00  1.91931e-02  1.95416e-02
1.692824099e+00  1.9197994e-02  4.98619e-04  1.00000e+00  1.91965e-02  1.95449e-02
1.693388374e+00  1.9201001e-02  4.98735e-04  1.00000e+00  1.92001e-02  1.95484e-02
1.693952836e+00  1.9203065e-02  4.98843e-04  1.00000e+00  1.92035e-02  1.95516e-02
1.694517487e+00  1.9204085e-02  4.98939e-04  1.00000e+00  1.92062e-02  1.95541e-02
1.695082326e+00  1.9204223e-02  4.99022e-04  1.00000e+00  1.92079e-02  1.95555e-02
1.695647354e+00  1.9203794e-02  4.99094e-04  1.00000e+00  1.92086e-02  1.95560e-02
1.696212570e+00  1.9203119e-02  4.99159e-04  1.00000e+00  1.92085e-02  1.95557e-02
1.696777974e+00  1.9202391e-02  4.99224e-04  1.00000e+00  1.92076e-02  1.95547e-02
1.697343567e+00  1.9201616e-02  4.99291e-04  1.00000e+00  1.92063e-02  1.95534e-02
1.697909348e+00  1.9200632e-02  4.99363e-04  1.00000e+00  1.92046e-02  1.95519e-02
1.698475317e+00  1.9199196e-02  4.99441e-04  1.00000e+00  1.92027e-02  1.95502e-02
1.699041476e+00  1.9197098e-02  4.99521e-04  1.00000e+00  1.92005e-02  1.95483e-02
1.699607823e+00  1.9194246e-02  4.99601e-04  1.00000e+00  1.91980e-02  1.95462e-02
1.700174359e+00  1.9190660e-02  4.99676e-04  1.00000e+00  1.91952e-02  1.95437e-02
1.700741084e+00  1.9186419e-02  4.99743e-04  1.00000e+00  1.91920e-02  1.95409e-02
1.701307998e+00  1.9181558e-02  4.99801e-04  1.00000e+00  1.91886e-02  1.95376e-02
1.701875100e+00  1.9175995e-02  4.99845e-04  1.00000e+00  1.91849e-02  1.95339e-02
1.702442392e+00  1.9169522e-02  4.99874e-04  1.00000e+00  1.91806e-02  1.95295e-02
1.703009873e+00  1.9161890e-02  4.99884e-04  1.00000e+00  1.91755e-02  1.95242e-02
1.703577543e+00  1.9152962e-02  4.99874e-04  1.00000e+00  1.91692e-02  1.95176e-02
1.704145402e+00  1.9142895e-02  4.99842e-04  1.00000e+00  1.91617e-02  1.95097e-02
1.704713450e+00  1.9132291e-02  4.99792e-04  1.00000e+00  1.91530e-02  1.95005e-02
1.705281688e+00  1.9122255e-02  4.99731e-04  1.00000e+00  1.91436e-02  1.94906e-02
1.705850115e+00  1.9114300e-02  4.99673e-04  1.00000e+00  1.91343e-02  1.94809e-02
1.706418732e+00  1.9110099e-02  4.99633e-04  1.00000e+00  1.91266e-02  1.94727e-02
1.706987538e+00  1.9111117e-02  4.99630e-04  1.00000e+00  1.91218e-02  1.94675e-02
1.707556534e+00  1.9118204e-02  4.99681e-04  1.00000e+00  1.91212e-02  1.94666e-02
1.708125720e+00  1.9131278e-02  4.99795e-04  1.00000e+00  1.91259e-02  1.94711e-02
1.708695095e+00  1.9149213e-02  4.99975e-04  1.00000e+00  1.91360e-02  1.94810e-02
1.709264660e+00  1.9170003e-02  5.00210e-04  1.00000e+00  1.91508e-02  1.94956e-02
1.709834415e+00  1.9191183e-02  5.00482e-04  1.00000e+00  1.91689e-02  1.95134e-02
1.710404360e+00  1.9210424e-02  5.00766e-04  1.00000e+00  1.91883e-02  1.95326e-02
1.710974494e+00  1.9226088e-02  5.01037e-04  1.00000e+00  1.92070e-02  1.95510e-02
1.711544819e+00  1.9237629e-02  5.01276e-04  1.00000e+00  1.92235e-02  1.95670e-02
1.712115334e+00  1.9245658e-02  5.01475e-04  1.00000e+00  1.92368e-02  1.95799e-02
1.712686039e+00  1.9251692e-02  5.01634e-04  1.00000e+00  1.92471e-02  1.95896e-02
1.713256935e+00  1.9257616e-02  5.01768e-04  1.00000e+00  1.92552e-02  1.95972e-02
1.713828020e+00  1.9265048e-02  5.01893e-04  1.00000e+00  1.92624e-02  1.96039e-02
1.714399296e+00  1.9274773e-02  5.02028e-04  1.00000e+00  1.92700e-02  1.96111e-02
1.714970763e+00  1.9286408e-02  5.02183e-04  1.00000e+00  1.92789e-02  1.96196e-02
1.715542420e+00  1.9298385e-02  5.02359e-04  1.00000e+00  1.92889e-02  1.96294e-02
1.716114267e+00  1.9308265e-02  5.02543e-04  1.00000e+00  1.92990e-02  1.96394e-02
1.716686305e+00  1.9313286e-02  5.02713e-04  1.00000e+00  1.93075e-02  1.96478e-02
1.717258534e+00  1.9311038e-02  5.02842e-04  1.00000e+00  1.93121e-02  1.96525e-02
1.717830953e+00  1.9300087e-02  5.02906e-04  1.00000e+00  1.93109e-02  1.96512e-02
1.718403564e+00  1.9280389e-02  5.02887e-04  1.00000e+00  1.93023e-02  1.96427e-02
1.718976365e+00  1.9253410e-02  5.02780e-04  1.00000e+00  1.92862e-02  1.96265e-02
1.719549357e+00  1.9221887e-02  5.02594e-04  1.00000e+00  1.92633e-02  1.96036e-02
1.720122540e+00  1.9189332e-02  5.02352e-04  1.00000e+00  1.92359e-02  1.95760e-02
1.720695914e+00  1.9159375e-02  5.02086e-04  1.00000e+00  1.92065e-02  1.95466e-02
1.721269480e+00  1.9135176e-02  5.01832e-04  1.00000e+00  1.91785e-02  1.95183e-02
1.721843236e+00  1.9118951e-02  5.01624e-04  1.00000e+00  1.91545e-02  1.94942e-02
1.722417184e+00  1.9111760e-02  5.01489e-04  1.00000e+00  1.91368e-02  1.94763e-02
1.722991323e+00  1.9113484e-02  5.01443e-04  1.00000e+00  1.91267e-02  1.94661e-02
1.723565653e+00  1.9122951e-02  5.01492e-04  1.00000e+00  1.91244e-02  1.94637e-02
1.724140175e+00  1.9138168e-02  5.01629e-04  1.00000e+00  1.91294e-02  1.94687e-02
1.724714889e+00  1.9156602e-02  5.01839e-04  1.00000e+00  1.91400e-02  1.94794e-02
1.725289794e+00  1.9175501e-02  5.02099e-04  1.00000e+00  1.91544e-02  1.94941e-02
1.725864890e+00  1.9192231e-02  5.02382e-04  1.00000e+00  1.91702e-02  1.95102e-02
1.726440179e+00  1.9204566e-02  5.02658e-04  1.00000e+00  1.91851e-02  1.95255e-02
1.727015659e+00  1.9210941e-02  5.02902e-04  1.00000e+00  1.91971e-02  1.95378e-02
1.727591331e+00  1.9210623e-02  5.03092e-04  1.00000e+00  1.92046e-02  1.95457e-02
1.728167194e+00  1.9203822e-02  5.03214e-04  1.00000e+00  1.92068e-02  1.95481e-02
1.728743250e+00  1.9191731e-02  5.03266e-04  1.00000e+00  1.92035e-02  1.95449e-02
1.729319498e+00  1.9176424e-02  5.03252e-04  1.00000e+00  1.91954e-02  1.95368e-02
1.729895938e+00  1.9160569e-02  5.03191e-04  1.00000e+00  1.91839e-02  1.95252e-02
1.730472570e+00  1.9146939e-02  5.03108e-04  1.00000e+00  1.91712e-02  1.95122e-02
1.731049394e+00  1.9137755e-02  5.03033e-04  1.00000e+00  1.91592e-02  1.94999e-02
1.731626410e+00  1.9134119e-02  5.02992e-04  1.00000e+00  1.91498e-02  1.94903e-02
1.732203619e+00  1.9135745e-02  5.03003e-04  1.00000e+00  1.91443e-02  1.94847e-02
1.732781020e+00  1.9141151e-02  5.03071e-04  1.00000e+00  1.91428e-02  1.94833e-02
1.733358614e+00  1.9148262e-02  5.03189e-04  1.00000e+00  1.91445e-02  1.94853e-02
1.733936400e+00  1.9155140e-02  5.03342e-04  1.00000e+00  1.91483e-02  1.94895e-02
1.734514379e+00  1.9160524e-02  5.03511e-04  1.00000e+00  1.91528e-02  1.94944e-02
1.735092550e+00  1.9163955e-02  5.03682e-04  1.00000e+00  1.91568e-02  1.94991e-02
1.735670915e+00  1.9165483e-02  5.03843e-04  1.00000e+00  1.91599e-02  1.95029e-02
1.736249472e+00  1.9165209e-02  5.03990e-04  1.00000e+00  1.91618e-02  1.95055e-02
1.736828221e+00  1.9162949e-02  5.04117e-04  1.00000e+00  1.91624e-02  1.95066e-02
1.737407164e+00  1.9158267e-02  5.04219e-04  1.00000e+00  1.91612e-02  1.95060e-02
1.737986300e+00  1.9150795e-02  5.04289e-04  1.00000e+00  1.91580e-02  1.95032e-02
1.738565629e+00  1.9140618e-02  5.04325e-04  1.00000e+00  1.91523e-02  1.94978e-02
1.739145150e+00  1.9128422e-02  5.04326e-04  1.00000e+00  1.91441e-02  1.94898e-02
1.739724866e+00  1.9115234e-02  5.04299e-04  1.00000e+00  1.91336e-02  1.94797e-02
1.740304774e+00  1.9101875e-02  5.04256e-04  1.00000e+00  1.91217e-02  1.94680e-02
1.740884875e+00  1.9088350e-02  5.04205e-04  1.00000e+00  1.91089e-02  1.94554e-02
1.741465170e+00  1.9073601e-02  5.04147e-04  1.00000e+00  1.90954e-02  1.94422e-02
1.742045659e+00  1.9055819e-02  5.04074e-04  1.00000e+00  1.90806e-02  1.94276e-02
1.742626341e+00  1.9033296e-02  5.03967e-04  1.00000e+00  1.90634e-02  1.94106e-02
1.743207216e+00  1.9005517e-02  5.03809e-04  1.00000e+00  1.90427e-02  1.93900e-02
1.743788285e+00  1.8974044e-02  5.03593e-04  1.00000e+00  1.90182e-02  1.93653e-02
1.744369548e+00  1.8942716e-02  5.03330e-04  1.00000e+00  1.89908e-02  1.93376e-02
1.744951004e+00  1.8916959e-02  5.03057e-04  1.00000e+00  1.89632e-02  1.93096e-02
1.745532655e+00  1.8902352e-02  5.02826e-04  1.00000e+00  1.89394e-02  1.92854e-02
1.746114499e+00  1.8902883e-02  5.02696e-04  1.00000e+00  1.89237e-02  1.92694e-02
1.746696537e+00  1.8919552e-02  5.02717e-04  1.00000e+00  1.89197e-02  1.92653e-02
1.747278769e+00  1.8949893e-02  5.02910e-04  1.00000e+00  1.89288e-02  1.92745e-02
1.747861196e+00  1.8988613e-02  5.03262e-04  1.00000e+00  1.89499e-02  1.92959e-02
1.748443816e+00  1.9029094e-02  5.03731e-04  1.00000e+00  1.89796e-02  1.93263e-02
1.749026631e+00  1.9065135e-02  5.04254e-04  1.00000e+00  1.90131e-02  1.93605e-02
1.749609639e+00  1.9092268e-02  5.04767e-04  1.00000e+00  1.90455e-02  1.93936e-02
1.750192843e+00  1.9108235e-02  5.05214e-04  1.00000e+00  1.90724e-02  1.94213e-02
1.750776240e+00  1.9112661e-02  5.05558e-04  1.00000e+00  1.90913e-02  1.94407e-02
1.751359832e+00  1.9106369e-02  5.05779e-04  1.00000e+00  1.91009e-02  1.94506e-02
1.751943619e+00  1.9090829e-02  5.05872e-04  1.00000e+00  1.91010e-02  1.94509e-02
1.752527600e+00  1.9068039e-02  5.05845e-04  1.00000e+00  1.90925e-02  1.94422e-02
1.753111776e+00  1.9040785e-02  5.05713e-04  1.00000e+00  1.90765e-02  1.94259e-02
1.753696147e+00  1.9012880e-02  5.05505e-04  1.00000e+00  1.90555e-02  1.94043e-02
1.754280712e+00  1.8988991e-02  5.05265e-04  1.00000e+00  1.90324e-02  1.93805e-02
1.754865472e+00  1.8973881e-02  5.05046e-04  1.00000e+00  1.90109e-02  1.93585e-02
1.755450427e+00  1.8971106e-02  5.04905e-04  1.00000e+00  1.89952e-02  1.93423e-02
1.756035578e+00  1.8981801e-02  5.04888e-04  1.00000e+00  1.89883e-02  1.93353e-02
1.756620923e+00  1.9003944e-02  5.05019e-04  1.00000e+00  1.89920e-02  1.93392e-02
1.757206463e+00  1.9032522e-02  5.05289e-04  1.00000e+00  1.90055e-02  1.93533e-02
1.757792199e+00  1.9060569e-02  5.05654e-04  1.00000e+00  1.90258e-02  1.93743e-02
1.758378129e+00  1.9080758e-02  5.06045e-04  1.00000e+00  1.90479e-02  1.93971e-02
1.758964255e+00  1.9086941e-02  5.06382e-04  1.00000e+00  1.90659e-02  1.94159e-02
1.759550577e+00  1.9075211e-02  5.06589e-04  1.00000e+00  1.90744e-02  1.94248e-02
1.760137094e+00  1.9044177e-02  5.06609e-04  1.00000e+00  1.90692e-02  1.94197e-02
1.760723806e+00  1.8994701e-02  5.06410e-04  1.00000e+00  1.90477e-02  1.93979e-02
1.761310714e+00  1.8929433e-02  5.05988e-04  1.00000e+00  1.90093e-02  1.93589e-02
1.761897817e+00  1.8852564e-02  5.05360e-04  1.00000e+00  1.89553e-02  1.93039e-02
1.762485117e+00  1.8769900e-02  5.04571e-04  1.00000e+00  1.88888e-02  1.92362e-02
1.763072612e+00  1.8688998e-02  5.03685e-04  1.00000e+00  1.88146e-02  1.91606e-02
1.763660303e+00  1.8618817e-02  5.02787e-04  1.00000e+00  1.87393e-02  1.90840e-02
1.764248189e+00  1.8568549e-02  5.01978e-04  1.00000e+00  1.86710e-02  1.90145e-02
1.764836272e+00  1.8545669e-02  5.01366e-04  1.00000e+00  1.86178e-02  1.89604e-02
1.765424551e+00  1.8553756e-02  5.01038e-04  1.00000e+00  1.85867e-02  1.89287e-02
1.766013026e+00  1.8591073e-02  5.01047e-04  1.00000e+00  1.85816e-02  1.89235e-02
1.766601697e+00  1.8650589e-02  5.01393e-04  1.00000e+00  1.86024e-02  1.89447e-02
1.767190564e+00  1.8721572e-02  5.02019e-04  1.00000e+00  1.86448e-02  1.89878e-02
1.767779628e+00  1.8792218e-02  5.02824e-04  1.00000e+00  1.87008e-02  1.90448e-02
1.768368887e+00  1.8852174e-02  5.03688e-04  1.00000e+00  1.87613e-02  1.91064e-02
1.768958344e+00  1.8894210e-02  5.04492e-04  1.00000e+00  1.88171e-02  1.91632e-02
1.769547996e+00  1.8914577e-02  5.05143e-04  1.00000e+00  1.88612e-02  1.92080e-02
1.770137846e+00  1.8912433e-02  5.05575e-04  1.00000e+00  1.88885e-02  1.92358e-02
1.770727892e+00  1.8888860e-02  5.05756e-04  1.00000e+00  1.88968e-02  1.92441e-02
1.771318134e+00  1.8846201e-02  5.05680e-04  1.00000e+00  1.88854e-02  1.92324e-02
1.771908574e+00  1.8787806e-02  5.05359e-04  1.00000e+00  1.88553e-02  1.92017e-02
1.772499210e+00  1.8717985e-02  5.04825e-04  1.00000e+00  1.88089e-02  1.91543e-02
1.773090043e+00  1.8641781e-02  5.04124e-04  1.00000e+00  1.87496e-02  1.90939e-02
1.773681073e+00  1.8564406e-02  5.03313e-04  1.00000e+00  1.86816e-02  1.90246e-02
1.774272300e+00  1.8490285e-02  5.02452e-04  1.00000e+00  1.86095e-02  1.89513e-02
1.774863724e+00  1.8422331e-02  5.01598e-04  1.00000e+00  1.85376e-02  1.88782e-02
1.775455345e+00  1.8361625e-02  5.00792e-04  1.00000e+00  1.84689e-02  1.88085e-02
1.776047164e+00  1.8307805e-02  5.00059e-04  1.00000e+00  1.84054e-02  1.87442e-02
1.776639180e+00  1.8259773e-02  4.99404e-04  1.00000e+00  1.83477e-02  1.86858e-02
1.777231393e+00  1.8216434e-02  4.98825e-04  1.00000e+00  1.82956e-02  1.86332e-02
1.777823803e+00  1.8176941e-02  4.98312e-04  1.00000e+00  1.82486e-02  1.85858e-02
1.778416411e+00  1.8140325e-02  4.97855e-04  1.00000e+00  1.82060e-02  1.85429e-02
1.779009217e+00  1.8104801e-02  4.97438e-04  1.00000e+00  1.81667e-02  1.85033e-02
1.779602220e+00  1.8067180e-02  4.97040e-04  1.00000e+00  1.81288e-02  1.84652e-02
1.780195420e+00  1.8022998e-02  4.96623e-04  1.00000e+00  1.80896e-02  1.84257e-02
1.780788819e+00  1.7967640e-02  4.96139e-04  1.00000e+00  1.80454e-02  1.83812e-02
1.781382415e+00  1.7898274e-02  4.95537e-04  1.00000e+00  1.79926e-02  1.83279e-02
1.781976209e+00  1.7815963e-02  4.94785e-04  1.00000e+00  1.79289e-02  1.82633e-02
1.782570201e+00  1.7726987e-02  4.93885e-04  1.00000e+00  1.78548e-02  1.81881e-02
1.783164391e+00  1.7642409e-02  4.92895e-04  1.00000e+00  1.77748e-02  1.81068e-02
1.783758779e+00  1.7575688e-02  4.91924e-04  1.00000e+00  1.76971e-02  1.80278e-02
1.784353366e+00  1.7538634e-02  4.91113e-04  1.00000e+00  1.76320e-02  1.79614e-02
1.784948150e+00  1.7537160e-02  4.90597e-04  1.00000e+00  1.75889e-02  1.79175e-02
1.785543133e+00  1.7568306e-02  4.90460e-04  1.00000e+00  1.75736e-02  1.79018e-02
1.786138314e+00  1.7619750e-02  4.90697e-04  1.00000e+00  1.75852e-02  1.79136e-02
1.786733693e+00  1.7672311e-02  4.91205e-04  1.00000e+00  1.76158e-02  1.79449e-02
1.787329271e+00  1.7704548e-02  4.91797e-04  1.00000e+00  1.76518e-02  1.79817e-02
1.787925048e+00  1.7698120e-02  4.92244e-04  1.00000e+00  1.76764e-02  1.80070e-02
1.788521023e+00  1.7642322e-02  4.92333e-04  1.00000e+00  1.76742e-02  1.80051e-02
1.789117196e+00  1.7536396e-02  4.91909e-04  1.00000e+00  1.76344e-02  1.79648e-02
1.789713569e+00  1.7389329e-02  4.90917e-04  1.00000e+00  1.75533e-02  1.78825e-02
1.790310140e+00  1.7217233e-02  4.89404e-04  1.00000e+00  1.74349e-02  1.77621e-02
1.790906910e+00  1.7039367e-02  4.87510e-04  1.00000e+00  1.72897e-02  1.76143e-02
1.791503879e+00  1.6873723e-02  4.85429e-04  1.00000e+00  1.71319e-02  1.74538e-02
1.792101047e+00  1.6733270e-02  4.83368e-04  1.00000e+00  1.69763e-02  1.72955e-02
1.792698414e+00  1.6623474e-02  4.81502e-04  1.00000e+00  1.68351e-02  1.71519e-02
1.793295980e+00  1.6541379e-02  4.79935e-04  1.00000e+00  1.67153e-02  1.70301e-02
1.793893745e+00  1.6476078e-02  4.78677e-04  1.00000e+00  1.66172e-02  1.69306e-02
1.794491710e+00  1.6410423e-02  4.77642e-04  1.00000e+00  1.65346e-02  1.68469e-02
1.795089874e+00  1.6323577e-02  4.76655e-04  1.00000e+00  1.64551e-02  1.67665e-02
1.795688237e+00  1.6194298e-02  4.75479e-04  1.00000e+00  1.63622e-02  1.66724e-02
1.796286800e+00  1.6005091e-02  4.73854e-04  1.00000e+00  1.62382e-02  1.65466e-02
1.796885562e+00  1.5746593e-02  4.71542e-04  1.00000e+00  1.60671e-02  1.63726e-02
1.797484524e+00  1.5421639e-02  4.68387e-04  1.00000e+00  1.58389e-02  1.61404e-02
1.798083686e+00  1.5047321e-02  4.64358e-04  1.00000e+00  1.55531e-02  1.58492e-02
1.798683047e+00  1.4653724e-02  4.59595e-04  1.00000e+00  1.52204e-02  1.55103e-02
1.799282608e+00  1.4278665e-02  4.54401e-04  1.00000e+00  1.48628e-02  1.51459e-02
1.799882369e+00  1.3958986e-02  4.49207e-04  1.00000e+00  1.45098e-02  1.47861e-02
1.800482329e+00  1.3721043e-02  4.44483e-04  1.00000e+00  1.41919e-02  1.44621e-02
1.801082490e+00  1.3573599e-02  4.40622e-04  1.00000e+00  1.39337e-02  1.41990e-02
1.801682851e+00  1.3505969e-02  4.37842e-04  1.00000e+00  1.37474e-02  1.40092e-02
1.802283412e+00  1.3492351e-02  4.36127e-04  1.00000e+00  1.36307e-02  1.38905e-02
1.802884173e+00  1.3500825e-02  4.35256e-04  1.00000e+00  1.35686e-02  1.38274e-02
1.803485135e+00  1.3503574e-02  4.34884e-04  1.00000e+00  1.35388e-02  1.37973e-02
1.804086296e+00  1.3484205e-02  4.34667e-04  1.00000e+00  1.35192e-02  1.37774e-02
1.804687658e+00  1.3439370e-02  4.34350e-04  1.00000e+00  1.34935e-02  1.37514e-02
1.805289221e+00  1.3374652e-02  4.33810e-04  1.00000e+00  1.34539e-02  1.37111e-02
1.805890984e+00  1.3297122e-02  4.33032e-04  1.00000e+00  1.33993e-02  1.36557e-02
1.806492948e+00  1.3208490e-02  4.32043e-04  1.00000e+00  1.33314e-02  1.35865e-02
1.807095112e+00  1.3102617e-02  4.30837e-04  1.00000e+00  1.32497e-02  1.35034e-02
1.807697477e+00  1.2968195e-02  4.29347e-04  1.00000e+00  1.31497e-02  1.34016e-02
1.808300043e+00  1.2795559e-02  4.27452e-04  1.00000e+00  1.30238e-02  1.32734e-02
1.808902810e+00  1.2583708e-02  4.25046e-04  1.00000e+00  1.28655e-02  1.31122e-02
1.809505777e+00  1.2343757e-02  4.22105e-04  1.00000e+00  1.26737e-02  1.29172e-02
1.810108946e+00  1.2097056e-02  4.18740e-04  1.00000e+00  1.24561e-02  1.26959e-02
1.810712315e+00  1.1868591e-02  4.15186e-04  1.00000e+00  1.22279e-02  1.24639e-02
1.811315886e+00  1.1678757e-02  4.11748e-04  1.00000e+00  1.20082e-02  1.22406e-02
1.811919658e+00  1.1536969e-02  4.08710e-04  1.00000e+00  1.18141e-02  1.20435e-02
1.812523631e+00  1.1439589e-02  4.06244e-04  1.00000e+00  1.16560e-02  1.18831e-02
1.813127806e+00  1.1372118e-02  4.04372e-04  1.00000e+00  1.15350e-02  1.17604e-02
1.813732182e+00  1.1313765e-02  4.02957e-04  1.00000e+00  1.14430e-02  1.16672e-02
1.814336759e+00  1.1242118e-02  4.01753e-04  1.00000e+00  1.13654e-02  1.15884e-02
1.814941538e+00  1.1136447e-02  4.00453e-04  1.00000e+00  1.12841e-02  1.15056e-02
1.815546519e+00  1.0979725e-02  3.98739e-04  1.00000e+00  1.11804e-02  1.13998e-02
1.816151701e+00  1.0760847e-02  3.96326e-04  1.00000e+00  1.10376e-02  1.12539e-02
1.816757085e+00  1.0478043e-02  3.93001e-04  1.00000e+00  1.08435e-02  1.10557e-02
1.817362670e+00  1.0142996e-02  3.88681e-04  1.00000e+00  1.05942e-02  1.08012e-02
1.817968458e+00  9.7835050e-03  3.83469e-04  1.00000e+00  1.02968e-02  1.04977e-02
1.818574447e+00  9.4421611e-03  3.77713e-04  1.00000e+00  9.97231e-03  1.01667e-02
1.819180639e+00  9.1688951e-03  3.72002e-04  1.00000e+00  9.65396e-03  9.84214e-03
1.819787032e+00  9.0084835e-03  3.67091e-04  1.00000e+00  9.38233e-03  9.56534e-03
1.820393628e+00  8.9861085e-03  3.63730e-04  1.00000e+00  9.19569e-03  9.37537e-03
1.821000426e+00  9.0966048e-03  3.62426e-04  1.00000e+00  9.11907e-03  9.29768e-03
1.821607426e+00  9.3015531e-03  3.63246e-04  1.00000e+00  9.15508e-03  9.33490e-03
1.822214629e+00  9.5365654e-03  3.65731e-04  1.00000e+00  9.28024e-03  9.46303e-03
1.822822034e+00  9.7269141e-03  3.68994e-04  1.00000e+00  9.44866e-03  9.63525e-03
1.823429641e+00  9.8065301e-03  3.71949e-04  1.00000e+00  9.60236e-03  9.79239e-03
1.824037451e+00  9.7340095e-03  3.73573e-04  1.00000e+00  9.68509e-03  9.87710e-03
1.824645463e+00  9.5007925e-03  3.73126e-04  1.00000e+00  9.65552e-03  9.84721e-03
1.825253678e+00  9.1296135e-03  3.70268e-04  1.00000e+00  9.49553e-03  9.68427e-03
1.825862096e+00  8.6652089e-03  3.65073e-04  1.00000e+00  9.21198e-03  9.39529e-03
1.826470717e+00  8.1613213e-03  3.57964e-04  1.00000e+00  8.83218e-03  9.00814e-03
1.827079541e+00  7.6684420e-03  3.49592e-04  1.00000e+00  8.39545e-03  8.56291e-03
1.827688567e+00  7.2252316e-03  3.40708e-04  1.00000e+00  7.94368e-03  8.10234e-03
1.828297797e+00  6.8543724e-03  3.32022e-04  1.00000e+00  7.51345e-03  7.66368e-03
1.828907229e+00  6.5618417e-03  3.24097e-04  1.00000e+00  7.13066e-03  7.27337e-03
1.829516865e+00  6.3384129e-03  3.17264e-04  1.00000e+00  6.80802e-03  6.94434e-03
1.830126704e+00  6.1626815e-03  3.11578e-04  1.00000e+00  6.54479e-03  6.67585e-03
1.830736746e+00  6.0053583e-03  3.06824e-04  1.00000e+00  6.32834e-03  6.45502e-03
1.831346992e+00  5.8349525e-03  3.02569e-04  1.00000e+00  6.13744e-03  6.26021e-03
1.831957441e+00  5.6246303e-03  2.98262e-04  1.00000e+00  5.94691e-03  6.06578e-03
1.832568093e+00  5.3587149e-03  2.93356e-04  1.00000e+00  5.73341e-03  5.84792e-03
1.833178949e+00  5.0371544e-03  2.87442e-04  1.00000e+00  5.48099e-03  5.59040e-03
1.833790009e+00  4.6761587e-03  2.80349e-04  1.00000e+00  5.18529e-03  5.28878e-03
1.834401272e+00  4.3043998e-03  2.72200e-04  1.00000e+00  4.85494e-03  4.95186e-03
1.835012739e+00  3.9558167e-03  2.63408e-04  1.00000e+00  4.50959e-03  4.59968e-03
1.835624410e+00  3.6613425e-03  2.54601e-04  1.00000e+00  4.17509e-03  4.25860e-03
1.836236285e+00  3.4425070e-03  2.46505e-04  1.00000e+00  3.87749e-03  3.95518e-03
1.836848364e+00  3.3090299e-03  2.39795e-04  1.00000e+00  3.63777e-03  3.71081e-03
1.837460647e+00  3.2608179e-03  2.34976e-04  1.00000e+00  3.46903e-03  3.53886e-03
1.838073133e+00  3.2927791e-03  2.32330e-04  1.00000e+00  3.37676e-03  3.44492e-03
1.838685824e+00  3.3998086e-03  2.31945e-04  1.00000e+00  3.36138e-03  3.42939e-03
1.839298720e+00  3.5790049e-03  2.33786e-04  1.00000e+00  3.42128e-03  3.49064e-03
1.839911819e+00  3.8276619e-03  2.37744e-04  1.00000e+00  3.55444e-03  3.62661e-03
1.840525123e+00  4.1377837e-03  2.43620e-04  1.00000e+00  3.75746e-03  3.83384e-03
1.841138632e+00  4.4898092e-03  2.51057e-04  1.00000e+00  4.02213e-03  4.10393e-03
1.841752345e+00  4.8490447e-03  2.59461e-04  1.00000e+00  4.33114e-03  4.41923e-03
1.842366262e+00  5.1679816e-03  2.68004e-04  1.00000e+00  4.65561e-03  4.75029e-03
1.842980384e+00  5.3952404e-03  2.75700e-04  1.00000e+00  4.95653e-03  5.05732e-03
1.843594711e+00  5.4892265e-03  2.81567e-04  1.00000e+00  5.19098e-03  5.29652e-03
1.844209242e+00  5.4318897e-03  2.84827e-04  1.00000e+00  5.32209e-03  5.43028e-03
1.844823979e+00  5.2374375e-03  2.85076e-04  1.00000e+00  5.32965e-03  5.43802e-03
1.845438920e+00  4.9518076e-03  2.82419e-04  1.00000e+00  5.21772e-03  5.32385e-03
1.846054066e+00  4.6422785e-03  2.77506e-04  1.00000e+00  5.01577e-03  5.11788e-03
1.846669418e+00  4.3799027e-03  2.71458e-04  1.00000e+00  4.77263e-03  4.86990e-03
1.847284974e+00  4.2205136e-03  2.65663e-04  1.00000e+00  4.54438e-03  4.63716e-03
1.847900736e+00  4.1904839e-03  2.61440e-04  1.00000e+00  4.38002e-03  4.46965e-03
1.848516703e+00  4.2816493e-03  2.59664e-04  1.00000e+00  4.30936e-03  4.39779e-03
1.849132875e+00  4.4566927e-03  2.60507e-04  1.00000e+00  4.33687e-03  4.42612e-03
1.849749253e+00  4.6625171e-03  2.63428e-04  1.00000e+00  4.44301e-03  4.53470e-03
1.850365836e+00  4.8467505e-03  2.67434e-04  1.00000e+00  4.59216e-03  4.68716e-03
1.850982624e+00  4.9719845e-03  2.71451e-04  1.00000e+00  4.74423e-03  4.84255e-03
1.851599619e+00  5.0234055e-03  2.74630e-04  1.00000e+00  4.86584e-03  4.96682e-03
1.852216819e+00  5.0084761e-03  2.76517e-04  1.00000e+00  4.93797e-03  5.04055e-03
1.852834224e+00  4.9500116e-03  2.77075e-04  1.00000e+00  4.95809e-03  5.06113e-03
1.853451836e+00  4.8761127e-03  2.76583e-04  1.00000e+00  4.93712e-03  5.03973e-03
1.854069653e+00  4.8109605e-03  2.75500e-04  1.00000e+00  4.89325e-03  4.99492e-03
1.854687676e+00  4.7696039e-03  2.74299e-04  1.00000e+00  4.84526e-03  4.94587e-03
1.855305905e+00  4.7576507e-03  2.73354e-04  1.00000e+00  4.80771e-03  4.90748e-03
1.855924341e+00  4.7747725e-03  2.72898e-04  1.00000e+00  4.78933e-03  4.88867e-03
1.856542982e+00  4.8196418e-03  2.73043e-04  1.00000e+00  4.79421e-03  4.89363e-03
1.857161830e+00  4.8937474e-03  2.73848e-04  1.00000e+00  4.82453e-03  4.92460e-03
1.857780884e+00  5.0023218e-03  2.75386e-04  1.00000e+00  4.88317e-03  4.98451e-03
1.858400144e+00  5.1519111e-03  2.77758e-04  1.00000e+00  4.97462e-03  5.07797e-03
1.859019611e+00  5.3457788e-03  2.81065e-04  1.00000e+00  5.10377e-03  5.20997e-03
1.859639284e+00  5.5791785e-03  2.85332e-04  1.00000e+00  5.27297e-03  5.38289e-03
1.860259164e+00  5.8366732e-03  2.90427e-04  1.00000e+00  5.47864e-03  5.59308e-03
1.860879250e+00  6.0929112e-03  2.96030e-04  1.00000e+00  5.70915e-03  5.82862e-03
1.861499543e+00  6.3165669e-03  3.01654e-04  1.00000e+00  5.94475e-03  6.06936e-03
1.862120043e+00  6.4758534e-03  3.06712e-04  1.00000e+00  6.15993e-03  6.28925e-03
1.862740750e+00  6.5434922e-03  3.10612e-04  1.00000e+00  6.32719e-03  6.46018e-03
1.863361663e+00  6.4998873e-03  3.12823e-04  1.00000e+00  6.42094e-03  6.55605e-03
1.863982784e+00  6.3343902e-03  3.12918e-04  1.00000e+00  6.42056e-03  6.55579e-03
1.864604111e+00  6.0457046e-03  3.10588e-04  1.00000e+00  6.31241e-03  6.44547e-03
1.865225646e+00  5.6424433e-03  3.05652e-04  1.00000e+00  6.09106e-03  6.21957e-03
1.865847388e+00  5.1437952e-03  2.98064e-04  1.00000e+00  5.76027e-03  5.88190e-03
1.866469337e+00  4.5794891e-03  2.87941e-04  1.00000e+00  5.33366e-03  5.44637e-03
1.867091493e+00  3.9876245e-03  2.75596e-04  1.00000e+00  4.83456e-03  4.93681e-03
1.867713857e+00  3.4102267e-03  2.61553e-04  1.00000e+00  4.29438e-03  4.38528e-03
1.868336429e+00  2.8871206e-03  2.46548e-04  1.00000e+00  3.74914e-03  3.82858e-03
1.868959207e+00  2.4502465e-03  2.31491e-04  1.00000e+00  3.23485e-03  3.30347e-03
1.869582194e+00  2.1200319e-03  2.17389e-04  1.00000e+00  2.78282e-03  2.84192e-03
1.870205388e+00  1.9049026e-03  2.05238e-04  1.00000e+00  2.41620e-03  2.46760e-03
1.870828790e+00  1.8037303e-03  1.95906e-04  1.00000e+00  2.14880e-03  2.19459e-03
1.871452399e+00  1.8098783e-03  1.90012e-04  1.00000e+00  1.98591e-03  2.02830e-03
1.872076217e+00  1.9154717e-03  1.87858e-04  1.00000e+00  1.92683e-03  1.96804e-03
1.872700242e+00  2.1143327e-03  1.89442e-04  1.00000e+00  1.96787e-03  2.01003e-03
1.873324476e+00  2.4029616e-03  1.94525e-04  1.00000e+00  2.10485e-03  2.15002e-03
1.873948917e+00  2.7794096e-03  2.02732e-04  1.00000e+00  2.33437e-03  2.38455e-03
1.874573567e+00  3.2403680e-03  2.13611e-04  1.00000e+00  2.65350e-03  2.71063e-03
1.875198425e+00  3.7775604e-03  2.26651e-04  1.00000e+00  3.05802e-03  3.12397e-03
1.875823491e+00  4.3745800e-03  2.41274e-04  1.00000e+00  3.53985e-03  3.61634e-03
1.876448765e+00  5.0057394e-03  2.56821e-04  1.00000e+00  4.08471e-03  4.17313e-03
1.877074248e+00  5.6377015e-03  2.72581e-04  1.00000e+00  4.67097e-03  4.77228e-03
1.877699939e+00  6.2340030e-03  2.87832e-04  1.00000e+00  5.27059e-03  5.38513e-03
1.878325839e+00  6.7613213e-03  3.01919e-04  1.00000e+00  5.85216e-03  5.97959e-03
1.878951948e+00  7.1955459e-03  3.14317e-04  1.00000e+00  6.38555e-03  6.52487e-03
1.879578265e+00  7.5260197e-03  3.24691e-04  1.00000e+00  6.84675e-03  6.99641e-03
1.880204791e+00  7.7568804e-03  3.32925e-04  1.00000e+00  7.22173e-03  7.37987e-03
1.880831526e+00  7.9053477e-03  3.39122e-04  1.00000e+00  7.50831e-03  7.67300e-03
1.881458470e+00  7.9978771e-03  3.43575e-04  1.00000e+00  7.71583e-03  7.88530e-03
1.882085623e+00  8.0649879e-03  3.46725e-04  1.00000e+00  7.86276e-03  8.03567e-03
1.882712985e+00  8.1353281e-03  3.49087e-04  1.00000e+00  7.97288e-03  8.14839e-03
1.883340556e+00  8.2295736e-03  3.51165e-04  1.00000e+00  8.07039e-03  8.24818e-03
1.883968336e+00  8.3550408e-03  3.53356e-04  1.00000e+00  8.17462e-03  8.35481e-03
1.884596326e+00  8.5023731e-03  3.55854e-04  1.00000e+00  8.29518e-03  8.47812e-03
1.885224524e+00  8.6459875e-03  3.58589e-04  1.00000e+00  8.42871e-03  8.61466e-03
1.885852933e+00  8.7494791e-03  3.61230e-04  1.00000e+00  8.55854e-03  8.74743e-03
1.886481550e+00  8.7752295e-03  3.63260e-04  1.00000e+00  8.65814e-03  8.84930e-03
1.887110377e+00  8.6962359e-03  3.64114e-04  1.00000e+00  8.69805e-03  8.89016e-03
1.887739414e+00  8.5063239e-03  3.63338e-04  1.00000e+00  8.65485e-03  8.84608e-03
1.888368661e+00  8.2252868e-03  3.60741e-04  1.00000e+00  8.51955e-03  8.70786e-03
1.888998117e+00  7.8967522e-03  3.56492e-04  1.00000e+00  8.30267e-03  8.48627e-03
1.889627783e+00  7.5788404e-03  3.51139e-04  1.00000e+00  8.03419e-03  8.21194e-03
1.890257659e+00  7.3300735e-03  3.45536e-04  1.00000e+00  7.75783e-03  7.92957e-03
1.890887745e+00  7.1943816e-03  3.40672e-04  1.00000e+00  7.52108e-03  7.68769e-03
1.891518041e+00  7.1890305e-03  3.37419e-04  1.00000e+00  7.36350e-03  7.52677e-03
1.892148547e+00  7.2987645e-03  3.36282e-04  1.00000e+00  7.30628e-03  7.46844e-03
1.892779263e+00  7.4777539e-03  3.37210e-04  1.00000e+00  7.34587e-03  7.50910e-03
1.893410189e+00  7.6590564e-03  3.39579e-04  1.00000e+00  7.45336e-03  7.61919e-03
1.894041326e+00  7.7697030e-03  3.42343e-04  1.00000e+00  7.58005e-03  7.74892e-03
1.894672673e+00  7.7481451e-03  3.44291e-04  1.00000e+00  7.66818e-03  7.83923e-03
1.895304231e+00  7.5595775e-03  3.44323e-04  1.00000e+00  7.66437e-03  7.83557e-03
1.895935999e+00  7.2050219e-03  3.41681e-04  1.00000e+00  7.53262e-03  7.70112e-03
1.896567977e+00  6.7213807e-03  3.36088e-04  1.00000e+00  7.26323e-03  7.42596e-03
1.897200167e+00  6.1719306e-03  3.27807e-04  1.00000e+00  6.87520e-03  7.02950e-03
1.897832567e+00  5.6299663e-03  3.17591e-04  1.00000e+00  6.41128e-03  6.55545e-03
1.898465178e+00  5.1604871e-03  3.06548e-04  1.00000e+00  5.92700e-03  6.06058e-03
1.899097999e+00  4.8054220e-03  2.95916e-04  1.00000e+00  5.47699e-03  5.60075e-03
1.899731032e+00  4.5769620e-03  2.86784e-04  1.00000e+00  5.10267e-03  5.21829e-03
1.900364276e+00  4.4603259e-03  2.79837e-04  1.00000e+00  4.82491e-03  4.93454e-03
1.900997730e+00  4.4245559e-03  2.75236e-04  1.00000e+00  4.64347e-03  4.74925e-03
1.901631396e+00  4.4368864e-03  2.72694e-04  1.00000e+00  4.54286e-03  4.64657e-03
1.902265273e+00  4.4754657e-03  2.71707e-04  1.00000e+00  4.50185e-03  4.60480e-03
1.902899362e+00  4.5360237e-03  2.71837e-04  1.00000e+00  4.50314e-03  4.60627e-03
1.903533662e+00  4.6303192e-03  2.72899e-04  1.00000e+00  4.53968e-03  4.64378e-03
1.904168173e+00  4.7774641e-03  2.74990e-04  1.00000e+00  4.61539e-03  4.72137e-03
1.904802896e+00  4.9913428e-03  2.78354e-04  1.00000e+00  4.74048e-03  4.84948e-03
1.905437830e+00  5.2692692e-03  2.83156e-04  1.00000e+00  4.92315e-03  5.03650e-03
1.906072976e+00  5.5864696e-03  2.89269e-04  1.00000e+00  5.16117e-03  5.28014e-03
1.906708334e+00  5.8988505e-03  2.96177e-04  1.00000e+00  5.43681e-03  5.56224e-03
1.907343903e+00  6.1537069e-03  3.03047e-04  1.00000e+00  5.71747e-03  5.84945e-03
1.907979684e+00  6.3047535e-03  3.08917e-04  1.00000e+00  5.96218e-03  6.09985e-03
1.908615678e+00  6.3264124e-03  3.12945e-04  1.00000e+00  6.13212e-03  6.27373e-03
1.909251883e+00  6.2225108e-03  3.14611e-04  1.00000e+00  6.20165e-03  6.34485e-03
1.909888300e+00  6.0266346e-03  3.13849e-04  1.00000e+00  6.16623e-03  6.30862e-03
1.910524929e+00  5.7944186e-03  3.11088e-04  1.00000e+00  6.04490e-03  6.18451e-03
1.911161771e+00  5.5904144e-03  3.07195e-04  1.00000e+00  5.87642e-03  6.01220e-03
1.911798825e+00  5.4737218e-03  3.03328e-04  1.00000e+00  5.71072e-03  5.84280e-03
1.912436091e+00  5.4857039e-03  3.00708e-04  1.00000e+00  5.59808e-03  5.72772e-03
1.913073570e+00  5.6423604e-03  3.00342e-04  1.00000e+00  5.57855e-03  5.70797e-03
1.913711261e+00  5.9323024e-03  3.02771e-04  1.00000e+00  5.67430e-03  5.80619e-03
1.914349165e+00  6.3199283e-03  3.07940e-04  1.00000e+00  5.88573e-03  6.02281e-03
1.914987281e+00  6.7533116e-03  3.15237e-04  1.00000e+00  6.19216e-03  6.33665e-03
1.915625610e+00  7.1751973e-03  3.23688e-04  1.00000e+00  6.55664e-03  6.70987e-03
1.916264152e+00  7.5357920e-03  3.32216e-04  1.00000e+00  6.93414e-03  7.09645e-03
1.916902907e+00  7.8042681e-03  3.39895e-04  1.00000e+00  7.28176e-03  7.45245e-03
1.917541875e+00  7.9759644e-03  3.46125e-04  1.00000e+00  7.56850e-03  7.74617e-03
1.918181055e+00  8.0726043e-03  3.50728e-04  1.00000e+00  7.78227e-03  7.96524e-03
1.918820449e+00  8.1344788e-03  3.53942e-04  1.00000e+00  7.93166e-03  8.11844e-03
1.919460056e+00  8.2066878e-03  3.56315e-04  1.00000e+00  8.04171e-03  8.23140e-03
1.920099876e+00  8.3240172e-03  3.58524e-04  1.00000e+00  8.14470e-03  8.33714e-03
1.920739909e+00  8.5000304e-03  3.61147e-04  1.00000e+00  8.26909e-03  8.46477e-03
1.921380156e+00  8.7239317e-03  3.64489e-04  1.00000e+00  8.43034e-03  8.63010e-03
1.922020616e+00  8.9660772e-03  3.68496e-04  1.00000e+00  8.62672e-03  8.83135e-03
1.922661289e+00  9.1889256e-03  3.72813e-04  1.00000e+00  8.84115e-03  9.05102e-03
1.923302176e+00  9.3591725e-03  3.76926e-04  1.00000e+00  9.04767e-03  9.26254e-03
1.923943277e+00  9.4568114e-03  3.80336e-04  1.00000e+00  9.21996e-03  9.43899e-03
1.924584592e+00  9.4791138e-03  3.82694e-04  1.00000e+00  9.33885e-03  9.56073e-03
1.925226120e+00  9.4395292e-03  3.83879e-04  1.00000e+00  9.39689e-03  9.62018e-03
1.925867862e+00  9.3634115e-03  3.84003e-04  1.00000e+00  9.39949e-03  9.62288e-03
1.926509818e+00  9.2820573e-03  3.83382e-04  1.00000e+00  9.36301e-03  9.58559e-03
1.927151988e+00  9.2270418e-03  3.82464e-04  1.00000e+00  9.31103e-03  9.53246e-03
1.927794372e+00  9.2253374e-03  3.81754e-04  1.00000e+00  9.26984e-03  9.49041e-03
1.928436970e+00  9.2958209e-03  3.81729e-04  1.00000e+00  9.26417e-03  9.48477e-03
1.929079782e+00  9.4471575e-03  3.82766e-04  1.00000e+00  9.31355e-03  9.53554e-03
1.929722809e+00  9.6767235e-03  3.85084e-04  1.00000e+00  9.42968e-03  9.65471e-03
1.930366050e+00  9.9706753e-03  3.88704e-04  1.00000e+00  9.61482e-03  9.84459e-03
1.931009505e+00  1.0305057e-02  3.93448e-04  1.00000e+00  9.86118e-03  1.00972e-02
1.931653175e+00  1.0648330e-02  3.98960e-04  1.00000e+00  1.01515e-02  1.03949e-02
1.932297059e+00  1.0965444e-02  4.04756e-04  1.00000e+00  1.04610e-02  1.07123e-02
1.932941158e+00  1.1223183e-02  4.10296e-04  1.00000e+00  1.07603e-02  1.10193e-02
1.933585472e+00  1.1396119e-02  4.15067e-04  1.00000e+00  1.10201e-02  1.12858e-02
1.934230000e+00  1.1471906e-02  4.18659e-04  1.00000e+00  1.12159e-02  1.14868e-02
1.934874744e+00  1.1454656e-02  4.20835e-04  1.00000e+00  1.13329e-02  1.16070e-02
1.935519702e+00  1.1365224e-02  4.21580e-04  1.00000e+00  1.13692e-02  1.16446e-02
1.936164875e+00  1.1238084e-02  4.21110e-04  1.00000e+00  1.13370e-02  1.16119e-02
1.936810264e+00  1.1114950e-02  4.19853e-04  1.00000e+00  1.12606e-02  1.15339e-02
1.937455867e+00  1.1036372e-02  4.18375e-04  1.00000e+00  1.11725e-02  1.14439e-02
1.938101686e+00  1.1033077e-02  4.17284e-04  1.00000e+00  1.11066e-02  1.13766e-02
1.938747720e+00  1.1119218e-02  4.17094e-04  1.00000e+00  1.10916e-02  1.13614e-02
1.939393969e+00  1.1289406e-02  4.18116e-04  1.00000e+00  1.11444e-02  1.14157e-02
1.940040433e+00  1.1520714e-02  4.20386e-04  1.00000e+00  1.12674e-02  1.15418e-02
1.940687114e+00  1.1779087e-02  4.23669e-04  1.00000e+00  1.14481e-02  1.17273e-02
1.941334009e+00  1.2028431e-02  4.27540e-04  1.00000e+00  1.16635e-02  1.19481e-02
1.941981121e+00  1.2239534e-02  4.31505e-04  1.00000e+00  1.18857e-02  1.21761e-02
1.942628448e+00  1.2395990e-02  4.35126e-04  1.00000e+00  1.20894e-02  1.23851e-02
1.943275990e+00  1.2495544e-02  4.38108e-04  1.00000e+00  1.22570e-02  1.25572e-02
1.943923749e+00  1.2546977e-02  4.40332e-04  1.00000e+00  1.23808e-02  1.26844e-02
1.944571724e+00  1.2564316e-02  4.41833e-04  1.00000e+00  1.24622e-02  1.27682e-02
1.945219914e+00  1.2560753e-02  4.42738e-04  1.00000e+00  1.25084e-02  1.28160e-02
1.945868321e+00  1.2544327e-02  4.43197e-04  1.00000e+00  1.25284e-02  1.28369e-02
1.946516944e+00  1.2516165e-02  4.43326e-04  1.00000e+00  1.25288e-02  1.28377e-02
1.947165783e+00  1.2470973e-02  4.43168e-04  1.00000e+00  1.25121e-02  1.28210e-02
1.947814838e+00  1.2398828e-02  4.42683e-04  1.00000e+00  1.24760e-02  1.27845e-02
1.948464110e+00  1.2287711e-02  4.41760e-04  1.00000e+00  1.24141e-02  1.27214e-02
1.949113598e+00  1.2126179e-02  4.40246e-04  1.00000e+00  1.23174e-02  1.26227e-02
1.949763302e+00  1.1906363e-02  4.37972e-04  1.00000e+00  1.21766e-02  1.24788e-02
1.950413223e+00  1.1626831e-02  4.34802e-04  1.00000e+00  1.19845e-02  1.22823e-02
1.951063361e+00  1.1294844e-02  4.30671e-04  1.00000e+00  1.17388e-02  1.20308e-02
1.951713715e+00  1.0927200e-02  4.25626e-04  1.00000e+00  1.14437e-02  1.17288e-02
1.952364287e+00  1.0549256e-02  4.19852e-04  1.00000e+00  1.11117e-02  1.13888e-02
1.953015075e+00  1.0192037e-02  4.13678e-04  1.00000e+00  1.07625e-02  1.10312e-02
1.953666080e+00  9.8881449e-03  4.07556e-04  1.00000e+00  1.04216e-02  1.06821e-02
1.954317302e+00  9.6671756e-03  4.02018e-04  1.00000e+00  1.01172e-02  1.03705e-02
1.954968741e+00  9.5515567e-03  3.97604e-04  1.00000e+00  9.87664e-03  1.01242e-02
1.955620397e+00  9.5532953e-03  3.94784e-04  1.00000e+00  9.72242e-03  9.96650e-03
1.956272271e+00  9.6719044e-03  3.93874e-04  1.00000e+00  9.66925e-03  9.91236e-03
1.956924361e+00  9.8939106e-03  3.94976e-04  1.00000e+00  9.72162e-03  9.96642e-03
1.957576669e+00  1.0194171e-02  3.97946e-04  1.00000e+00  9.87277e-03  1.01218e-02
1.958229195e+00  1.0539268e-02  4.02418e-04  1.00000e+00  1.01052e-02  1.03604e-02
1.958881938e+00  1.0892838e-02  4.07869e-04  1.00000e+00  1.03932e-02  1.06560e-02
1.959534899e+00  1.1221964e-02  4.13714e-04  1.00000e+00  1.07064e-02  1.09776e-02
1.960188077e+00  1.1503258e-02  4.19415e-04  1.00000e+00  1.10158e-02  1.12952e-02
1.960841473e+00  1.1726943e-02  4.24563e-04  1.00000e+00  1.12980e-02  1.15849e-02
1.961495087e+00  1.1897707e-02  4.28945e-04  1.00000e+00  1.15395e-02  1.18329e-02
1.962148919e+00  1.2031929e-02  4.32547e-04  1.00000e+00  1.17384e-02  1.20373e-02
1.962802968e+00  1.2152324e-02  4.35532e-04  1.00000e+00  1.19030e-02  1.22065e-02
1.963457236e+00  1.2281668e-02  4.38172e-04  1.00000e+00  1.20485e-02  1.23561e-02
1.964111722e+00  1.2437522e-02  4.40775e-04  1.00000e+00  1.21925e-02  1.25041e-02
1.964766426e+00  1.2629363e-02  4.43606e-04  1.00000e+00  1.23505e-02  1.26666e-02
1.965421348e+00  1.2858420e-02  4.46844e-04  1.00000e+00  1.25333e-02  1.28545e-02
1.966076488e+00  1.3119627e-02  4.50558e-04  1.00000e+00  1.27455e-02  1.30726e-02
1.966731847e+00  1.3404588e-02  4.54724e-04  1.00000e+00  1.29864e-02  1.33202e-02
1.967387424e+00  1.3704480e-02  4.59258e-04  1.00000e+00  1.32516e-02  1.35927e-02
1.968043220e+00  1.4012068e-02  4.64047e-04  1.00000e+00  1.35350e-02  1.38839e-02
1.968699234e+00  1.4322694e-02  4.68985e-04  1.00000e+00  1.38306e-02  1.41876e-02
1.969355468e+00  1.4634288e-02  4.73989e-04  1.00000e+00  1.41337e-02  1.44990e-02
1.970011919e+00  1.4946709e-02  4.79008e-04  1.00000e+00  1.44413e-02  1.48150e-02
1.970668590e+00  1.5260664e-02  4.84017e-04  1.00000e+00  1.47518e-02  1.51341e-02
1.971325480e+00  1.5576443e-02  4.89009e-04  1.00000e+00  1.50648e-02  1.54555e-02
1.971982588e+00  1.5892713e-02  4.93976e-04  1.00000e+00  1.53794e-02  1.57788e-02
1.972639916e+00  1.6205596e-02  4.98900e-04  1.00000e+00  1.56942e-02  1.61021e-02
1.973297462e+00  1.6508292e-02  5.03734e-04  1.00000e+00  1.60057e-02  1.64221e-02
1.973955228e+00  1.6791545e-02  5.08401e-04  1.00000e+00  1.63084e-02  1.67331e-02
1.974613213e+00  1.7045167e-02  5.12797e-04  1.00000e+00  1.65948e-02  1.70274e-02
1.975271417e+00  1.7260355e-02  5.16803e-04  1.00000e+00  1.68564e-02  1.72963e-02
1.975929841e+00  1.7432414e-02  5.20317e-04  1.00000e+00  1.70857e-02  1.75322e-02
1.976588485e+00  1.7562911e-02  5.23274e-04  1.00000e+00  1.72782e-02  1.77301e-02
1.977247347e+00  1.7660312e-02  5.25678e-04  1.00000e+00  1.74336e-02  1.78900e-02
1.977906430e+00  1.7738499e-02  5.27607e-04  1.00000e+00  1.75574e-02  1.80174e-02
1.978565732e+00  1.7813239e-02  5.29205e-04  1.00000e+00  1.76593e-02  1.81222e-02
1.979225254e+00  1.7897695e-02  5.30645e-04  1.00000e+00  1.77511e-02  1.82168e-02
1.979884996e+00  1.7998470e-02  5.32089e-04  1.00000e+00  1.78438e-02  1.83122e-02
1.980544957e+00  1.8113669e-02  5.33636e-04  1.00000e+00  1.79441e-02  1.84154e-02
1.981205139e+00  1.8233748e-02  5.35304e-04  1.00000e+00  1.80527e-02  1.85272e-02
1.981865541e+00  1.8344866e-02  5.37022e-04  1.00000e+00  1.81646e-02  1.86424e-02
1.982526163e+00  1.8433421e-02  5.38660e-04  1.00000e+00  1.82705e-02  1.87516e-02
1.983187005e+00  1.8490246e-02  5.40077e-04  1.00000e+00  1.83603e-02  1.88444e-02
1.983848067e+00  1.8513054e-02  5.41158e-04  1.00000e+00  1.84262e-02  1.89126e-02
1.984509350e+00  1.8506580e-02  5.41852e-04  1.00000e+00  1.84646e-02  1.89527e-02
1.985170853e+00  1.8480689e-02  5.42180e-04  1.00000e+00  1.84773e-02  1.89662e-02
1.985832576e+00  1.8447329e-02  5.42222e-04  1.00000e+00  1.84701e-02  1.89594e-02
1.986494521e+00  1.8417341e-02  5.42099e-04  1.00000e+00  1.84518e-02  1.89411e-02
1.987156685e+00  1.8397921e-02  5.41932e-04  1.00000e+00  1.84308e-02  1.89201e-02
1.987819071e+00  1.8391152e-02  5.41817e-04  1.00000e+00  1.84140e-02  1.89033e-02
1.988481677e+00  1.8393404e-02  5.41803e-04  1.00000e+00  1.84043e-02  1.88939e-02
1.989144505e+00  1.8395477e-02  5.41874e-04  1.00000e+00  1.84003e-02  1.88904e-02
1.989807553e+00  1.8383146e-02  5.41944e-04  1.00000e+00  1.83959e-02  1.88864e-02
1.990470822e+00  1.8338150e-02  5.41863e-04  1.00000e+00  1.83800e-02  1.88708e-02
1.991134312e+00  1.8239624e-02  5.41417e-04  1.00000e+00  1.83379e-02  1.88283e-02
1.991798024e+00  1.8066038e-02  5.40351e-04  1.00000e+00  1.82518e-02  1.87406e-02
1.992461956e+00  1.7797549e-02  5.38384e-04  1.00000e+00  1.81025e-02  1.85881e-02
1.993126110e+00  1.7418429e-02  5.35234e-04  1.00000e+00  1.78716e-02  1.83517e-02
1.993790486e+00  1.6919224e-02  5.30645e-04  1.00000e+00  1.75434e-02  1.80154e-02
1.994455082e+00  1.6298324e-02  5.24413e-04  1.00000e+00  1.71068e-02  1.75677e-02
1.995119901e+00  1.5562720e-02  5.16404e-04  1.00000e+00  1.65572e-02  1.70039e-02
1.995784941e+00  1.4727911e-02  5.06573e-04  1.00000e+00  1.58973e-02  1.63267e-02
1.996450202e+00  1.3816941e-02  4.94975e-04  1.00000e+00  1.51375e-02  1.55468e-02
1.997115686e+00  1.2858747e-02  4.81765e-04  1.00000e+00  1.42956e-02  1.46825e-02
1.997781391e+00  1.1885963e-02  4.67205e-04  1.00000e+00  1.33955e-02  1.37583e-02
1.998447318e+00  1.0932565e-02  4.51649e-04  1.00000e+00  1.24654e-02  1.28033e-02
1.999113467e+00  1.0031673e-02  4.35541e-04  1.00000e+00  1.15362e-02  1.18491e-02
1.999779838e+00  9.2137847e-03  4.19397e-04  1.00000e+00  1.06393e-02  1.09280e-02
2.000446432e+00  8.5054738e-03  4.03792e-04  1.00000e+00  9.80459e-03  1.00708e-02
2.001113247e+00  7.9284356e-03  3.89336e-04  1.00000e+00  9.05951e-03  9.30565e-03
2.001780285e+00  7.4986023e-03  3.76644e-04  1.00000e+00  8.42743e-03  8.65656e-03
2.002447545e+00  7.2250713e-03  3.66289e-04  1.00000e+00  7.92668e-03  8.14237e-03
2.003115028e+00  7.1087714e-03  3.58739e-04  1.00000e+00  7.56936e-03  7.77554e-03
2.003782733e+00  7.1410065e-03  3.54276e-04  1.00000e+00  7.36013e-03  7.56083e-03
2.004450660e+00  7.3023721e-03  3.52931e-04  1.00000e+00  7.29484e-03  7.49400e-03
2.005118810e+00  7.5627660e-03  3.54441e-04  1.00000e+00  7.35963e-03  7.56081e-03
2.005787183e+00  7.8832212e-03  3.58261e-04  1.00000e+00  7.53087e-03  7.73699e-03
2.006455779e+00  8.2200197e-03  3.63639e-04  1.00000e+00  7.77648e-03  7.98957e-03
2.007124598e+00  8.5307361e-03  3.69724e-04  1.00000e+00  8.05908e-03  8.28016e-03
2.007793639e+00  8.7810356e-03  3.75698e-04  1.00000e+00  8.34072e-03  8.56975e-03
2.008462904e+00  8.9504675e-03  3.80895e-04  1.00000e+00  8.58835e-03  8.82439e-03
2.009132391e+00  9.0354501e-03  3.84876e-04  1.00000e+00  8.77883e-03  9.02031e-03
2.009802102e+00  9.0484776e-03  3.87476e-04  1.00000e+00  8.90211e-03  9.14720e-03
2.010472036e+00  9.0139075e-03  3.88791e-04  1.00000e+00  8.96167e-03  9.20861e-03
2.011142194e+00  8.9617090e-03  3.89126e-04  1.00000e+00  8.97224e-03  9.21972e-03
2.011812574e+00  8.9212865e-03  3.88921e-04  1.00000e+00  8.95567e-03  9.20297e-03
2.012483178e+00  8.9169830e-03  3.88657e-04  1.00000e+00  8.93617e-03  9.18325e-03
2.013154006e+00  8.9660800e-03  3.88786e-04  1.00000e+00  8.93632e-03  9.18373e-03
2.013825058e+00  9.0788793e-03  3.89676e-04  1.00000e+00  8.97446e-03  9.22328e-03
2.014496333e+00  9.2599668e-03  3.91584e-04  1.00000e+00  9.06378e-03  9.31543e-03
2.015167831e+00  9.5096539e-03  3.94657e-04  1.00000e+00  9.21235e-03  9.46848e-03
2.015839554e+00  9.8250362e-03  3.98943e-04  1.00000e+00  9.42379e-03  9.68615e-03
2.016511500e+00  1.0200651e-02  4.04406e-04  1.00000e+00  9.69806e-03  9.96841e-03
2.017183671e+00  1.0628959e-02  4.10945e-04  1.00000e+00  1.00321e-02  1.03121e-02
2.017856065e+00  1.1100933e-02  4.18409e-04  1.00000e+00  1.04203e-02  1.07115e-02
2.018528684e+00  1.1606712e-02  4.26620e-04  1.00000e+00  1.08554e-02  1.11592e-02
2.019201527e+00  1.2136198e-02  4.35382e-04  1.00000e+00  1.13288e-02  1.16463e-02
2.019874594e+00  1.2679441e-02  4.44502e-04  1.00000e+00  1.18315e-02  1.21635e-02
2.020547886e+00  1.3226811e-02  4.53794e-04  1.00000e+00  1.23541e-02  1.27012e-02
2.021221402e+00  1.3769084e-02  4.63085e-04  1.00000e+00  1.28872e-02  1.32498e-02
2.021895142e+00  1.4297634e-02  4.72219e-04  1.00000e+00  1.34217e-02  1.37997e-02
2.022569107e+00  1.4804779e-02  4.81060e-04  1.00000e+00  1.39488e-02  1.43421e-02
2.023243297e+00  1.5284207e-02  4.89493e-04  1.00000e+00  1.44606e-02  1.48687e-02
2.023917711e+00  1.5731294e-02  4.97428e-04  1.00000e+00  1.49501e-02  1.53725e-02
2.024592351e+00  1.6143195e-02  5.04806e-04  1.00000e+00  1.54120e-02  1.58477e-02
2.025267215e+00  1.6518649e-02  5.11592e-04  1.00000e+00  1.58421e-02  1.62903e-02
2.025942304e+00  1.6857592e-02  5.17775e-04  1.00000e+00  1.62381e-02  1.66979e-02
2.026617618e+00  1.7160692e-02  5.23363e-04  1.00000e+00  1.65989e-02  1.70692e-02
2.027293157e+00  1.7428959e-02  5.28374e-04  1.00000e+00  1.69242e-02  1.74041e-02
2.027968922e+00  1.7663490e-02  5.32834e-04  1.00000e+00  1.72145e-02  1.77031e-02
2.028644911e+00  1.7865427e-02  5.36768e-04  1.00000e+00  1.74707e-02  1.79670e-02
2.029321126e+00  1.8036089e-02  5.40201e-04  1.00000e+00  1.76938e-02  1.81970e-02
2.029997566e+00  1.8177174e-02  5.43160e-04  1.00000e+00  1.78852e-02  1.83943e-02
2.030674232e+00  1.8290919e-02  5.45673e-04  1.00000e+00  1.80464e-02  1.85608e-02
2.031351124e+00  1.8380066e-02  5.47774e-04  1.00000e+00  1.81797e-02  1.86983e-02
2.032028241e+00  1.8447626e-02  5.49499e-04  1.00000e+00  1.82872e-02  1.88096e-02
2.032705584e+00  1.8496492e-02  5.50887e-04  1.00000e+00  1.83718e-02  1.88972e-02
2.033383152e+00  1.8529047e-02  5.51979e-04  1.00000e+00  1.84360e-02  1.89638e-02
2.034060946e+00  1.8546960e-02  5.52809e-04  1.00000e+00  1.84822e-02  1.90119e-02
2.034738967e+00  1.8551260e-02  5.53402e-04  1.00000e+00  1.85121e-02  1.90433e-02
2.035417213e+00  1.8542659e-02  5.53781e-04  1.00000e+00  1.85273e-02  1.90595e-02
2.036095686e+00  1.8522044e-02  5.53959e-04  1.00000e+00  1.85288e-02  1.90616e-02
2.036774384e+00  1.8490890e-02  5.53952e-04  1.00000e+00  1.85177e-02  1.90508e-02
2.037453309e+00  1.8451447e-02  5.53781e-04  1.00000e+00  1.84956e-02  1.90285e-02
2.038132460e+00  1.8406564e-02  5.53473e-04  1.00000e+00  1.84642e-02  1.89968e-02
2.038811837e+00  1.8359172e-02  5.53066e-04  1.00000e+00  1.84260e-02  1.89580e-02
2.039491441e+00  1.8311468e-02  5.52594e-04  1.00000e+00  1.83835e-02  1.89148e-02
2.040171272e+00  1.8264037e-02  5.52089e-04  1.00000e+00  1.83386e-02  1.88692e-02
2.040851329e+00  1.8215095e-02  5.51564e-04  1.00000e+00  1.82921e-02  1.88220e-02
2.041531613e+00  1.8160024e-02  5.51004e-04  1.00000e+00  1.82430e-02  1.87722e-02
2.042212123e+00  1.8091416e-02  5.50361e-04  1.00000e+00  1.81880e-02  1.87162e-02
2.042892861e+00  1.7999686e-02  5.49550e-04  1.00000e+00  1.81213e-02  1.86483e-02
2.043573825e+00  1.7874293e-02  5.48457e-04  1.00000e+00  1.80351e-02  1.85603e-02
2.044255016e+00  1.7705425e-02  5.46948e-04  1.00000e+00  1.79206e-02  1.84431e-02
2.044936435e+00  1.7485886e-02  5.44889e-04  1.00000e+00  1.77689e-02  1.82875e-02
2.045618080e+00  1.7212773e-02  5.42168e-04  1.00000e+00  1.75731e-02  1.80865e-02
2.046299953e+00  1.6888527e-02  5.38715e-04  1.00000e+00  1.73292e-02  1.78361e-02
2.046982053e+00  1.6521072e-02  5.34519e-04  1.00000e+00  1.70378e-02  1.75366e-02
2.047664380e+00  1.6123015e-02  5.29635e-04  1.00000e+00  1.67038e-02  1.71932e-02
2.048346935e+00  1.5710115e-02  5.24187e-04  1.00000e+00  1.63364e-02  1.68155e-02
2.049029717e+00  1.5299453e-02  5.18350e-04  1.00000e+00  1.59484e-02  1.64165e-02
2.049712727e+00  1.4907778e-02  5.12341e-04  1.00000e+00  1.55542e-02  1.60111e-02
2.050395965e+00  1.4550370e-02  5.06396e-04  1.00000e+00  1.51691e-02  1.56151e-02
2.051079430e+00  1.4240573e-02  5.00759e-04  1.00000e+00  1.48079e-02  1.52437e-02
2.051763123e+00  1.3989832e-02  4.95664e-04  1.00000e+00  1.44841e-02  1.49109e-02
2.052447044e+00  1.3807861e-02  4.91332e-04  1.00000e+00  1.42100e-02  1.46291e-02
2.053131193e+00  1.3702481e-02  4.87961e-04  1.00000e+00  1.39962e-02  1.44095e-02
2.053815570e+00  1.3678729e-02  4.85721e-04  1.00000e+00  1.38513e-02  1.42610e-02
2.054500175e+00  1.3737223e-02  4.84732e-04  1.00000e+00  1.37816e-02  1.41898e-02
2.055185009e+00  1.3872203e-02  4.85038e-04  1.00000e+00  1.37891e-02  1.41983e-02
2.055870070e+00  1.4070046e-02  4.86580e-04  1.00000e+00  1.38708e-02  1.42831e-02
2.056555361e+00  1.4309217e-02  4.89181e-04  1.00000e+00  1.40166e-02  1.44340e-02
2.057240879e+00  1.4562244e-02  4.92544e-04  1.00000e+00  1.42099e-02  1.46337e-02
2.057926626e+00  1.4799690e-02  4.96286e-04  1.00000e+00  1.44283e-02  1.48592e-02
2.058612601e+00  1.4995288e-02  4.99990e-04  1.00000e+00  1.46467e-02  1.50847e-02
2.059298806e+00  1.5130850e-02  5.03271e-04  1.00000e+00  1.48411e-02  1.52854e-02
2.059985239e+00  1.5199482e-02  5.05839e-04  1.00000e+00  1.49928e-02  1.54420e-02
2.060671900e+00  1.5206135e-02  5.07539e-04  1.00000e+00  1.50913e-02  1.55439e-02
2.061358791e+00  1.5165393e-02  5.08370e-04  1.00000e+00  1.51356e-02  1.55899e-02
2.062045911e+00  1.5097253e-02  5.08462e-04  1.00000e+00  1.51334e-02  1.55880e-02
2.062733259e+00  1.5022331e-02  5.08036e-04  1.00000e+00  1.50982e-02  1.55523e-02
2.063420837e+00  1.4957888e-02  5.07354e-04  1.00000e+00  1.50464e-02  1.54995e-02
2.064108644e+00  1.4915687e-02  5.06661e-04  1.00000e+00  1.49934e-02  1.54455e-02
2.064796680e+00  1.4901868e-02  5.06158e-04  1.00000e+00  1.49517e-02  1.54032e-02
2.065484946e+00  1.4918348e-02  5.05979e-04  1.00000e+00  1.49299e-02  1.53814e-02
2.066173441e+00  1.4964809e-02  5.06200e-04  1.00000e+00  1.49328e-02  1.53851e-02
2.066862165e+00  1.5040380e-02  5.06856e-04  1.00000e+00  1.49628e-02  1.54167e-02
2.067551119e+00  1.5144418e-02  5.07956e-04  1.00000e+00  1.50208e-02  1.54771e-02
2.068240303e+00  1.5276356e-02  5.09499e-04  1.00000e+00  1.51069e-02  1.55665e-02
2.068929716e+00  1.5434968e-02  5.11476e-04  1.00000e+00  1.52208e-02  1.56844e-02
2.069619360e+00  1.5617587e-02  5.13866e-04  1.00000e+00  1.53613e-02  1.58299e-02
2.070309233e+00  1.5819801e-02  5.16629e-04  1.00000e+00  1.55262e-02  1.60004e-02
2.070999336e+00  1.6035826e-02  5.19703e-04  1.00000e+00  1.57119e-02  1.61923e-02
2.071689669e+00  1.6259451e-02  5.23011e-04  1.00000e+00  1.59134e-02  1.64005e-02
2.072380232e+00  1.6485169e-02  5.26469e-04  1.00000e+00  1.61256e-02  1.66198e-02
2.073071026e+00  1.6709011e-02  5.29998e-04  1.00000e+00  1.63434e-02  1.68448e-02
2.073762049e+00  1.6928736e-02  5.33537e-04  1.00000e+00  1.65628e-02  1.70715e-02
2.074453303e+00  1.7143273e-02  5.37040e-04  1.00000e+00  1.67807e-02  1.72967e-02
2.075144788e+00  1.7351677e-02  5.40480e-04  1.00000e+00  1.69954e-02  1.75187e-02
2.075836503e+00  1.7552050e-02  5.43831e-04  1.00000e+00  1.72052e-02  1.77356e-02
2.076528448e+00  1.7740904e-02  5.47060e-04  1.00000e+00  1.74080e-02  1.79454e-02
2.077220624e+00  1.7913273e-02  5.50122e-04  1.00000e+00  1.76007e-02  1.81448e-02
2.077913031e+00  1.8063569e-02  5.52954e-04  1.00000e+00  1.77790e-02  1.83294e-02
2.078605669e+00  1.8186898e-02  5.55489e-04  1.00000e+00  1.79383e-02  1.84943e-02
2.079298537e+00  1.8280391e-02  5.57667e-04  1.00000e+00  1.80741e-02  1.86351e-02
2.079991637e+00  1.8344133e-02  5.59447e-04  1.00000e+00  1.81833e-02  1.87485e-02
2.080684967e+00  1.8381430e-02  5.60821e-04  1.00000e+00  1.82652e-02  1.88336e-02
2.081378529e+00  1.8398337e-02  5.61818e-04  1.00000e+00  1.83214e-02  1.88924e-02
2.082072322e+00  1.8402618e-02  5.62504e-04  1.00000e+00  1.83562e-02  1.89292e-02
2.082766346e+00  1.8402407e-02  5.62965e-04  1.00000e+00  1.83757e-02  1.89501e-02
2.083460601e+00  1.8404885e-02  5.63301e-04  1.00000e+00  1.83865e-02  1.89621e-02
2.084155088e+00  1.8415268e-02  5.63607e-04  1.00000e+00  1.83954e-02  1.89720e-02
2.084849807e+00  1.8436284e-02  5.63960e-04  1.00000e+00  1.84075e-02  1.89853e-02
2.085544757e+00  1.8468189e-02  5.64412e-04  1.00000e+00  1.84263e-02  1.90054e-02
2.086239938e+00  1.8509246e-02  5.64986e-04  1.00000e+00  1.84533e-02  1.90341e-02
2.086935352e+00  1.8556509e-02  5.65678e-04  1.00000e+00  1.84882e-02  1.90708e-02
2.087630997e+00  1.8606683e-02  5.66466e-04  1.00000e+00  1.85293e-02  1.91141e-02
2.088326874e+00  1.8656868e-02  5.67316e-04  1.00000e+00  1.85744e-02  1.91615e-02
2.089022983e+00  1.8705036e-02  5.68193e-04  1.00000e+00  1.86212e-02  1.92108e-02
2.089719324e+00  1.8750196e-02  5.69069e-04  1.00000e+00  1.86679e-02  1.92599e-02
2.090415897e+00  1.8792237e-02  5.69923e-04  1.00000e+00  1.87132e-02  1.93076e-02
2.091112702e+00  1.8831568e-02  5.70744e-04  1.00000e+00  1.87566e-02  1.93533e-02
2.091809740e+00  1.8868658e-02  5.71528e-04  1.00000e+00  1.87979e-02  1.93968e-02
2.092507009e+00  1.8903658e-02  5.72275e-04  1.00000e+00  1.88371e-02  1.94381e-02
2.093204512e+00  1.8936193e-02  5.72983e-04  1.00000e+00  1.88741e-02  1.94771e-02
2.093902247e+00  1.8965422e-02  5.73651e-04  1.00000e+00  1.89084e-02  1.95133e-02
2.094600214e+00  1.8990323e-02  5.74269e-04  1.00000e+00  1.89393e-02  1.95460e-02
2.095298414e+00  1.9010113e-02  5.74831e-04  1.00000e+00  1.89661e-02  1.95745e-02
2.095996847e+00  1.9024635e-02  5.75330e-04  1.00000e+00  1.89881e-02  1.95981e-02
2.096695513e+00  1.9034569e-02  5.75764e-04  1.00000e+00  1.90053e-02  1.96167e-02
2.097394411e+00  1.9041379e-02  5.76140e-04  1.00000e+00  1.90180e-02  1.96309e-02
2.098093543e+00  1.9046998e-02  5.76473e-04  1.00000e+00  1.90275e-02  1.96417e-02
2.098792907e+00  1.9053364e-02  5.76782e-04  1.00000e+00  1.90353e-02  1.96509e-02
2.099492505e+00  1.9061937e-02  5.77089e-04  1.00000e+00  1.90431e-02  1.96600e-02
2.100192336e+00  1.9073353e-02  5.77410e-04  1.00000e+00  1.90521e-02  1.96703e-02
2.100892400e+00  1.9087301e-02  5.77755e-04  1.00000e+00  1.90632e-02  1.96827e-02
2.101592697e+00  1.9102647e-02  5.78123e-04  1.00000e+00  1.90762e-02  1.96970e-02
2.102293228e+00  1.9117749e-02  5.78506e-04  1.00000e+00  1.90906e-02  1.97127e-02
2.102993992e+00  1.9130876e-02  5.78886e-04  1.00000e+00  1.91050e-02  1.97285e-02
2.103694990e+00  1.9140603e-02  5.79245e-04  1.00000e+00  1.91182e-02  1.97429e-02
2.104396222e+00  1.9146099e-02  5.79568e-04  1.00000e+00  1.91288e-02  1.97546e-02
2.105097687e+00  1.9147255e-02  5.79841e-04  1.00000e+00  1.91360e-02  1.97628e-02
2.105799387e+00  1.9144638e-02  5.80062e-04  1.00000e+00  1.91393e-02  1.97671e-02
2.106501320e+00  1.9139316e-02  5.80235e-04  1.00000e+00  1.91390e-02  1.97677e-02
2.107203487e+00  1.9132622e-02  5.80370e-04  1.00000e+00  1.91358e-02  1.97653e-02
2.107905888e+00  1.9125903e-02  5.80484e-04  1.00000e+00  1.91306e-02  1.97609e-02
2.108608523e+00  1.9120303e-02  5.80593e-04  1.00000e+00  1.91245e-02  1.97558e-02
2.109311393e+00  1.9116595e-02  5.80714e-04  1.00000e+00  1.91187e-02  1.97509e-02
2.110014497e+00  1.9115081e-02  5.80857e-04  1.00000e+00  1.91141e-02  1.97474e-02
2.110717835e+00  1.9115568e-02  5.81030e-04  1.00000e+00  1.91112e-02  1.97456e-02
2.111421407e+00  1.9117427e-02  5.81232e-04  1.00000e+00  1.91101e-02  1.97458e-02
2.112125215e+00  1.9119749e-02  5.81454e-04  1.00000e+00  1.91106e-02  1.97477e-02
2.112829256e+00  1.9121567e-02  5.81686e-04  1.00000e+00  1.91121e-02  1.97505e-02
2.113533533e+00  1.9122114e-02  5.81914e-04  1.00000e+00  1.91139e-02  1.97536e-02
2.114238044e+00  1.9121055e-02  5.82125e-04  1.00000e+00  1.91153e-02  1.97561e-02
2.114942790e+00  1.9118594e-02  5.82313e-04  1.00000e+00  1.91157e-02  1.97576e-02
2.115647771e+00  1.9115445e-02  5.82476e-04  1.00000e+00  1.91151e-02  1.97578e-02
2.116352987e+00  1.9112638e-02  5.82623e-04  1.00000e+00  1.91136e-02  1.97571e-02
2.117058438e+00  1.9111222e-02  5.82764e-04  1.00000e+00  1.91118e-02  1.97561e-02
2.117764124e+00  1.9111948e-02  5.82916e-04  1.00000e+00  1.91105e-02  1.97556e-02
2.118470045e+00  1.9115044e-02  5.83092e-04  1.00000e+00  1.91104e-02  1.97563e-02
2.119176202e+00  1.9120153e-02  5.83298e-04  1.00000e+00  1.91118e-02  1.97587e-02
2.119882594e+00  1.9126447e-02  5.83535e-04  1.00000e+00  1.91149e-02  1.97628e-02
2.120589222e+00  1.9132896e-02  5.83797e-04  1.00000e+00  1.91192e-02  1.97683e-02
2.121296085e+00  1.9138568e-02  5.84071e-04  1.00000e+00  1.91241e-02  1.97746e-02
2.122003183e+00  1.9142895e-02  5.84346e-04  1.00000e+00  1.91292e-02  1.97809e-02
2.122710518e+00  1.9145803e-02  5.84609e-04  1.00000e+00  1.91337e-02  1.97867e-02
2.123418088e+00  1.9147703e-02  5.84857e-04  1.00000e+00  1.91376e-02  1.97918e-02
2.124125894e+00  1.9149349e-02  5.85089e-04  1.00000e+00  1.91408e-02  1.97961e-02
2.124833936e+00  1.9151618e-02  5.85311e-04  1.00000e+00  1.91437e-02  1.98001e-02
2.125542214e+00  1.9155274e-02  5.85533e-04  1.00000e+00  1.91468e-02  1.98043e-02
2.126250728e+00  1.9160765e-02  5.85764e-04  1.00000e+00  1.91506e-02  1.98092e-02
2.126959478e+00  1.9168091e-02  5.86013e-04  1.00000e+00  1.91555e-02  1.98153e-02
2.127668465e+00  1.9176780e-02  5.86286e-04  1.00000e+00  1.91615e-02  1.98227e-02
2.128377688e+00  1.9185978e-02  5.86581e-04  1.00000e+00  1.91684e-02  1.98311e-02
2.129087147e+00  1.9194641e-02  5.86892e-04  1.00000e+00  1.91758e-02  1.98401e-02
2.129796842e+00  1.9201777e-02  5.87209e-04  1.00000e+00  1.91830e-02  1.98490e-02
2.130506775e+00  1.9206668e-02  5.87520e-04  1.00000e+00  1.91893e-02  1.98570e-02
2.131216944e+00  1.9209025e-02  5.87813e-04  1.00000e+00  1.91942e-02  1.98635e-02
2.131927349e+00  1.9209017e-02  5.88082e-04  1.00000e+00  1.91974e-02  1.98683e-02
2.132637992e+00  1.9207199e-02  5.88321e-04  1.00000e+00  1.91990e-02  1.98713e-02
2.133348871e+00  1.9204351e-02  5.88532e-04  1.00000e+00  1.91991e-02  1.98728e-02
2.134059987e+00  1.9201290e-02  5.88720e-04  1.00000e+00  1.91984e-02  1.98732e-02
2.134771341e+00  1.9198694e-02  5.88890e-04  1.00000e+00  1.91973e-02  1.98731e-02
2.135482931e+00  1.9196971e-02  5.89051e-04  1.00000e+00  1.91963e-02  1.98730e-02
2.136194759e+00  1.9196189e-02  5.89209e-04  1.00000e+00  1.91956e-02  1.98732e-02
2.136906824e+00  1.9196088e-02  5.89366e-04  1.00000e+00  1.91954e-02  1.98737e-02
2.137619126e+00  1.9196154e-02  5.89524e-04  1.00000e+00  1.91954e-02  1.98745e-02
2.138331666e+00  1.9195729e-02  5.89683e-04  1.00000e+00  1.91951e-02  1.98750e-02
2.139044443e+00  1.9194152e-02  5.89839e-04  1.00000e+00  1.91941e-02  1.98749e-02
2.139757458e+00  1.9190870e-02  5.89989e-04  1.00000e+00  1.91918e-02  1.98736e-02
2.140470710e+00  1.9185514e-02  5.90129e-04  1.00000e+00  1.91878e-02  1.98707e-02
2.141184200e+00  1.9177915e-02  5.90256e-04  1.00000e+00  1.91818e-02  1.98661e-02
2.141897929e+00  1.9168080e-02  5.90367e-04  1.00000e+00  1.91740e-02  1.98596e-02
2.142611895e+00  1.9156130e-02  5.90460e-04  1.00000e+00  1.91644e-02  1.98513e-02
2.143326099e+00  1.9142247e-02  5.90530e-04  1.00000e+00  1.91534e-02  1.98415e-02
2.144040541e+00  1.9126626e-02  5.90574e-04  1.00000e+00  1.91411e-02  1.98303e-02
2.144755221e+00  1.9109477e-02  5.90586e-04  1.00000e+00  1.91276e-02  1.98177e-02
2.145470139e+00  1.9091051e-02  5.90564e-04  1.00000e+00  1.91132e-02  1.98038e-02
2.146185296e+00  1.9071698e-02  5.90507e-04  1.00000e+00  1.90977e-02  1.97885e-02
2.146900691e+00  1.9051930e-02  5.90418e-04  1.00000e+00  1.90812e-02  1.97720e-02
2.147616324e+00  1.9032470e-02  5.90305e-04  1.00000e+00  1.90639e-02  1.97545e-02
2.148332197e+00  1.9014240e-02  5.90179e-04  1.00000e+00  1.90461e-02  1.97364e-02
2.149048307e+00  1.8998285e-02  5.90058e-04  1.00000e+00  1.90286e-02  1.97186e-02
2.149764657e+00  1.8985618e-02  5.89960e-04  1.00000e+00  1.90122e-02  1.97021e-02
2.150481245e+00  1.8977001e-02  5.89903e-04  1.00000e+00  1.89978e-02  1.96879e-02
2.151198072e+00  1.8972734e-02  5.89902e-04  1.00000e+00  1.89866e-02  1.96770e-02
2.151915138e+00  1.8972503e-02  5.89967e-04  1.00000e+00  1.89788e-02  1.96699e-02
2.152632443e+00  1.8975341e-02  5.90095e-04  1.00000e+00  1.89747e-02  1.96667e-02
2.153349987e+00  1.8979737e-02  5.90279e-04  1.00000e+00  1.89737e-02  1.96669e-02
2.154067771e+00  1.8983866e-02  5.90501e-04  1.00000e+00  1.89749e-02  1.96694e-02
2.154785793e+00  1.8985905e-02  5.90737e-04  1.00000e+00  1.89766e-02  1.96726e-02
2.155504055e+00  1.8984351e-02  5.90965e-04  1.00000e+00  1.89776e-02  1.96750e-02
2.156222556e+00  1.8978291e-02  5.91160e-04  1.00000e+00  1.89763e-02  1.96751e-02
2.156941297e+00  1.8967573e-02  5.91307e-04  1.00000e+00  1.89717e-02  1.96719e-02
2.157660278e+00  1.8952838e-02  5.91398e-04  1.00000e+00  1.89635e-02  1.96649e-02
2.158379498e+00  1.8935416e-02  5.91434e-04  1.00000e+00  1.89518e-02  1.96543e-02
2.159098958e+00  1.8917103e-02  5.91426e-04  1.00000e+00  1.89375e-02  1.96409e-02
2.159818657e+00  1.8899826e-02  5.91393e-04  1.00000e+00  1.89218e-02  1.96259e-02
2.160538597e+00  1.8885307e-02  5.91357e-04  1.00000e+00  1.89062e-02  1.96110e-02
2.161258776e+00  1.8874746e-02  5.91342e-04  1.00000e+00  1.88921e-02  1.95977e-02
2.161979196e+00  1.8868643e-02  5.91365e-04  1.00000e+00  1.88808e-02  1.95872e-02
2.162699856e+00  1.8866779e-02  5.91438e-04  1.00000e+00  1.88729e-02  1.95802e-02
2.163420756e+00  1.8868385e-02  5.91565e-04  1.00000e+00  1.88686e-02  1.95769e-02
2.164141896e+00  1.8872406e-02  5.91741e-04  1.00000e+00  1.88675e-02  1.95770e-02
2.164863277e+00  1.8877801e-02  5.91956e-04  1.00000e+00  1.88691e-02  1.95798e-02
2.165584898e+00  1.8883727e-02  5.92200e-04  1.00000e+00  1.88725e-02  1.95845e-02
2.166306759e+00  1.8889591e-02  5.92460e-04  1.00000e+00  1.88771e-02  1.95904e-02
2.167028862e+00  1.8894979e-02  5.92727e-04  1.00000e+00  1.88823e-02  1.95968e-02
2.167751205e+00  1.8899549e-02  5.92992e-04  1.00000e+00  1.88875e-02  1.96033e-02
2.168473788e+00  1.8902988e-02  5.93247e-04  1.00000e+00  1.88925e-02  1.96094e-02
2.169196613e+00  1.8905065e-02  5.93487e-04  1.00000e+00  1.88966e-02  1.96147e-02
2.169919678e+00  1.8905754e-02  5.93707e-04  1.00000e+00  1.88996e-02  1.96187e-02
2.170642985e+00  1.8905311e-02  5.93907e-04  1.00000e+00  1.89014e-02  1.96215e-02
2.171366533e+00  1.8904251e-02  5.94088e-04  1.00000e+00  1.89021e-02  1.96231e-02
2.172090321e+00  1.8903179e-02  5.94258e-04  1.00000e+00  1.89020e-02  1.96239e-02
2.172814352e+00  1.8902572e-02  5.94424e-04  1.00000e+00  1.89015e-02  1.96244e-02
2.173538623e+00  1.8902615e-02  5.94591e-04  1.00000e+00  1.89011e-02  1.96250e-02
2.174263136e+00  1.8903162e-02  5.94762e-04  1.00000e+00  1.89011e-02  1.96259e-02
2.174987890e+00  1.8903829e-02  5.94938e-04  1.00000e+00  1.89014e-02  1.96272e-02
2.175712886e+00  1.8904142e-02  5.95115e-04  1.00000e+00  1.89018e-02  1.96285e-02
2.176438124e+00  1.8903632e-02  5.95289e-04  1.00000e+00  1.89020e-02  1.96295e-02
2.177163603e+00  1.8901843e-02  5.95456e-04  1.00000e+00  1.89013e-02  1.96298e-02
2.177889324e+00  1.8898300e-02  5.95609e-04  1.00000e+00  1.88996e-02  1.96289e-02
2.178615288e+00  1.8892531e-02  5.95745e-04  1.00000e+00  1.88963e-02  1.96265e-02
2.179341493e+00  1.8884231e-02  5.95855e-04  1.00000e+00  1.88911e-02  1.96221e-02
2.180067940e+00  1.8873542e-02  5.95937e-04  1.00000e+00  1.88839e-02  1.96157e-02
2.180794629e+00  1.8861315e-02  5.95989e-04  1.00000e+00  1.88747e-02  1.96072e-02
2.181521561e+00  1.8849180e-02  5.96019e-04  1.00000e+00  1.88642e-02  1.95973e-02
2.182248735e+00  1.8839300e-02  5.96045e-04  1.00000e+00  1.88535e-02  1.95873e-02
2.182976151e+00  1.8833845e-02  5.96090e-04  1.00000e+00  1.88443e-02  1.95788e-02
2.183703809e+00  1.8834374e-02  5.96180e-04  1.00000e+00  1.88382e-02  1.95735e-02
2.184431711e+00  1.8841379e-02  5.96339e-04  1.00000e+00  1.88366e-02  1.95729e-02
2.185159855e+00  1.8854147e-02  5.96578e-04  1.00000e+00  1.88402e-02  1.95777e-02
2.185888241e+00  1.8871014e-02  5.96895e-04  1.00000e+00  1.88488e-02  1.95877e-02
2.186616871e+00  1.8889817e-02  5.97276e-04  1.00000e+00  1.88616e-02  1.96021e-02
2.187345743e+00  1.8908359e-02  5.97699e-04  1.00000e+00  1.88771e-02  1.96193e-02
2.188074858e+00  1.8924694e-02  5.98135e-04  1.00000e+00  1.88936e-02  1.96376e-02
2.188804217e+00  1.8937171e-02  5.98555e-04  1.00000e+00  1.89094e-02  1.96550e-02
2.189533818e+00  1.8944285e-02  5.98932e-04  1.00000e+00  1.89228e-02  1.96697e-02
2.190263663e+00  1.8944479e-02  5.99242e-04  1.00000e+00  1.89320e-02  1.96801e-02
2.190993750e+00  1.8935992e-02  5.99459e-04  1.00000e+00  1.89352e-02  1.96843e-02
2.191724082e+00  1.8916821e-02  5.99556e-04  1.00000e+00  1.89306e-02  1.96802e-02
2.192454656e+00  1.8884802e-02  5.99506e-04  1.00000e+00  1.89159e-02  1.96659e-02
2.193185475e+00  1.8837806e-02  5.99276e-04  1.00000e+00  1.88890e-02  1.96390e-02
2.193916536e+00  1.8774045e-02  5.98831e-04  1.00000e+00  1.88477e-02  1.95972e-02
2.194647842e+00  1.8692500e-02  5.98138e-04  1.00000e+00  1.87900e-02  1.95385e-02
2.195379391e+00  1.8593391e-02  5.97168e-04  1.00000e+00  1.87142e-02  1.94612e-02
2.196111184e+00  1.8478583e-02  5.95904e-04  1.00000e+00  1.86200e-02  1.93648e-02
2.196843221e+00  1.8351719e-02  5.94348e-04  1.00000e+00  1.85083e-02  1.92503e-02
2.197575502e+00  1.8217947e-02  5.92529e-04  1.00000e+00  1.83818e-02  1.91203e-02
2.198308028e+00  1.8083253e-02  5.90508e-04  1.00000e+00  1.82450e-02  1.89796e-02
2.199040797e+00  1.7953573e-02  5.88366e-04  1.00000e+00  1.81040e-02  1.88345e-02
2.199773811e+00  1.7833969e-02  5.86202e-04  1.00000e+00  1.79656e-02  1.86919e-02
